route,location,url,avg_stars,route_type,rating,pitches,length,y,x
Egyptian Root Canal,08. Egyptian Boulder > Meadow Top Boulders > Meadow River Gorge > The New River Gorge Region > West Virginia,https://www.mountainproject.com/route/116140328/egyptian-root-canal,3.6,Boulder,V5,1,NA,38.15359,-80.93483
Animal Logic,DC Memorial Boulder > Summersville Lake (main) > Summersville (Gauley River) Area > The New River Gorge Region > West Virginia,https://www.mountainproject.com/route/105992257/animal-logic,2.9,"Sport, Boulder",5.12b V5,1,20,38.24156,-80.84428
The MacGuffin,10. MacGuffin Boulder > Meadow Top Boulders > Meadow River Gorge > The New River Gorge Region > West Virginia,https://www.mountainproject.com/route/116564735/the-macguffin,3.7,Boulder,V5,1,20,38.15371,-80.93505
Mechanical Sensei,02. Mechanical Sensei Boulder > Meadow Top Boulders > Meadow River Gorge > The New River Gorge Region > West Virginia,https://www.mountainproject.com/route/117070700/mechanical-sensei,3.1,Boulder,V5,1,10,38.15277,-80.92832
Leaving Las Fayetteville,Leaving Las Fayetteville Boulder > Hawk's Nest Proper > Lower New River Gorge Bouldering > New River Gorge Proper > The New River Gorge Region > West Virginia,https://www.mountainproject.com/route/107294439/leaving-las-fayetteville,3.1,Boulder,V5,1,NA,38.11762,-81.13159
Slopers Malone,Malone Boulder > Cotton Bottom > Lower New River Gorge Bouldering > New River Gorge Proper > The New River Gorge Region > West Virginia,https://www.mountainproject.com/route/108578879/slopers-malone,3.4,Boulder,V6-,1,15,38.11552,-81.14362
"1,2 Punch","1, 2 Punch Boulder > Sunshine Boulders > New River Gorge Proper > The New River Gorge Region > West Virginia",https://www.mountainproject.com/route/114232065/12-punch,3.8,Boulder,V7,1,15,38.0738,-81.08513
Anti-Elvis,Anti-Elvis Area > Tilted Tree > Coopers Rock State Forest > Northern WV > West Virginia,https://www.mountainproject.com/route/112814763/anti-elvis,3.5,Boulder,V4,1,NA,39.6341,-79.80722
Slitty Titty Traverse,Slitty Titty Boulder > Cotton Bottom > Lower New River Gorge Bouldering > New River Gorge Proper > The New River Gorge Region > West Virginia,https://www.mountainproject.com/route/108578268/slitty-titty-traverse,3.5,Boulder,V4-5,1,20,38.11576,-81.14353
Sunshine Arete,Sunshine Boulder > Sunshine Boulders > New River Gorge Proper > The New River Gorge Region > West Virginia,https://www.mountainproject.com/route/114232015/sunshine-arete,3.6,Boulder,V5,1,14,38.0733,-81.08549
Helicopter,Helicopter Cave > First Set Boulders > Roadside > Coopers Rock State Forest > Northern WV > West Virginia,https://www.mountainproject.com/route/107035307/helicopter,3.4,Boulder,V5,1,NA,39.63599,-79.81281
Twist Da Hick aka Visitation Direct,Tilted Tree Corridor > Tilted Tree Area > Tilted Tree > Coopers Rock State Forest > Northern WV > West Virginia,https://www.mountainproject.com/route/107041742/twist-da-hick-aka-visitation-direct,3.9,Boulder,V5,1,16,39.63321,-79.80525
George Washington's Nose,Corrosion Block > Tomb Raider Area > Upper Rock City > Coopers Rock State Forest > Northern WV > West Virginia,https://www.mountainproject.com/route/106468917/george-washingtons-nose,3,Boulder,V5-,1,NA,39.63817,-79.81788
Oil Sands,12. Friends of Coal Boulder > Meadow Top Boulders > Meadow River Gorge > The New River Gorge Region > West Virginia,https://www.mountainproject.com/route/116561803/oil-sands,3.5,Boulder,V6-7,1,15,38.15439,-80.93714
Roundhouse,Roundhouse Boulder > Roundhouse Area > Upper Rock City > Coopers Rock State Forest > Northern WV > West Virginia,https://www.mountainproject.com/route/107495169/roundhouse,3.5,Boulder,V5,1,10,39.63772,-79.81797
There's No I In Illiterate,02. Mechanical Sensei Boulder > Meadow Top Boulders > Meadow River Gorge > The New River Gorge Region > West Virginia,https://www.mountainproject.com/route/117070722/theres-no-i-in-illiterate,3.1,Boulder,V6+,1,10,38.15277,-80.92832
Mines of Moria,Malone Boulder > Cotton Bottom > Lower New River Gorge Bouldering > New River Gorge Proper > The New River Gorge Region > West Virginia,https://www.mountainproject.com/route/108589301/mines-of-moria,3.1,Boulder,V4,1,NA,38.11552,-81.14362
Tombstone Arete,Fiddle Rock > Fiddle Area > Tilted Tree > Coopers Rock State Forest > Northern WV > West Virginia,https://www.mountainproject.com/route/112794969/tombstone-arete,3.5,Boulder,V4,1,NA,39.63378,-79.8061
Johnny Chimpo,Cotton Top > Cotton Hill > New River Gorge Proper > The New River Gorge Region > West Virginia,https://www.mountainproject.com/route/113896793/johnny-chimpo,3.5,Boulder,V5,1,20,38.1151,-81.14094
Mountaineer's Route (Direct),Tendon Repair Kit Area > Roadside > Coopers Rock State Forest > Northern WV > West Virginia,https://www.mountainproject.com/route/107035383/mountaineers-route-direct,3.9,Boulder,V5,1,NA,39.63561,-79.81205
Final Fantasy,Final Fantasy Cave > Tilted Tree Area > Tilted Tree > Coopers Rock State Forest > Northern WV > West Virginia,https://www.mountainproject.com/route/110806695/final-fantasy,3.6,Boulder,V7,1,13,39.6332,-79.805
Benthic Dweller,Ship's Prow > Tomb Raider Area > Upper Rock City > Coopers Rock State Forest > Northern WV > West Virginia,https://www.mountainproject.com/route/107495224/benthic-dweller,3.6,Boulder,V5-6,1,NA,39.63823,-79.81768
Colorful Corner (aka Stevie Wonder Arête),Romulus and Remus Area > Upper Rock City > Coopers Rock State Forest > Northern WV > West Virginia,https://www.mountainproject.com/route/112802780/colorful-corner-aka-stevie-wonder-arete,3.7,Boulder,V4,1,NA,39.63832,-79.81743
Bro-ner,04. I Love Luci! Boulder > Meadow Top Boulders > Meadow River Gorge > The New River Gorge Region > West Virginia,https://www.mountainproject.com/route/117003331/bro-ner,2.7,Boulder,V6,1,NA,38.15326,-80.9301
Road to Emmaus,Rhodo Cave > Rhododendron Trail Areas > Coopers Rock State Forest > Northern WV > West Virginia,https://www.mountainproject.com/route/120167853/road-to-emmaus,3.9,Boulder,V7,1,25,39.64472,-79.82429
Tomb Raider Roof (stand-start),Tomb Raider > Tomb Raider Area > Upper Rock City > Coopers Rock State Forest > Northern WV > West Virginia,https://www.mountainproject.com/route/107495208/tomb-raider-roof-stand-start,3.9,Boulder,V5,1,NA,39.63807,-79.81754
Green Block Test Piece,Green Block > First Set Boulders > Roadside > Coopers Rock State Forest > Northern WV > West Virginia,https://www.mountainproject.com/route/107035343/green-block-test-piece,3.5,Boulder,V5,1,NA,39.63559,-79.81244
Shanklin's Ceiling,G. The Bozoo Roof > Main Area Bouldering > Bozoo Bouldering > Bozoo > Southern WV > West Virginia,https://www.mountainproject.com/route/106536692/shanklins-ceiling,3.9,Boulder,V5,1,15,37.4778,-80.8678
Loki,07. The Cave > Meadow Top Boulders > Meadow River Gorge > The New River Gorge Region > West Virginia,https://www.mountainproject.com/route/119656369/loki,3.8,Boulder,V5,1,25,38.15368,-80.93441
Windy Corner,Warm Up Boulder > First Set Boulders > Roadside > Coopers Rock State Forest > Northern WV > West Virginia,https://www.mountainproject.com/route/107035323/windy-corner,2.5,Boulder,V4-,1,NA,39.63593,-79.81293
Honky,Ronski Feint > Interp Boulders > New River Gorge Proper > The New River Gorge Region > West Virginia,https://www.mountainproject.com/route/115172867/honky,3.6,Boulder,V5,1,NA,38.07878,-81.07696
Hercules,Demi-God Boulder > 5th Pull Off (School Bus Area) > Darnell Hollow > University Research Forest > Cheat Canyon > Northern WV > West Virginia,https://www.mountainproject.com/route/119696289/hercules,3.9,Boulder,V7,1,10,39.69077,-79.80159
Electric Avenue,Electric Avenue Boulder > Electric Avenue Area > Tilted Tree > Coopers Rock State Forest > Northern WV > West Virginia,https://www.mountainproject.com/route/107505026/electric-avenue,3.8,Boulder,V4 PG13,1,25,39.63235,-79.80456
Product of Pressure,The Diamond and The Cave Area > In-Between Area > Coopers Rock State Forest > Northern WV > West Virginia,https://www.mountainproject.com/route/116192248/product-of-pressure,3.9,Boulder,V5+,1,NA,39.63499,-79.80994
Raiders of the Lost Tomb,Tomb Raider > Tomb Raider Area > Upper Rock City > Coopers Rock State Forest > Northern WV > West Virginia,https://www.mountainproject.com/route/107495194/raiders-of-the-lost-tomb,3.8,Boulder,V5+,1,NA,39.63807,-79.81754
Achilles,Demi-God Boulder > 5th Pull Off (School Bus Area) > Darnell Hollow > University Research Forest > Cheat Canyon > Northern WV > West Virginia,https://www.mountainproject.com/route/119698543/achilles,3.8,Boulder,V6,1,NA,39.69077,-79.80159
Powered by Bacon,09. Bacon Corridor > Meadow Top Boulders > Meadow River Gorge > The New River Gorge Region > West Virginia,https://www.mountainproject.com/route/117070742/powered-by-bacon,3.4,Boulder,V4,1,13,38.15371,-80.93504
Moonstruck (aka Lunacy),Moonchild Boulder > Sunset Wall Area > Roadside > Coopers Rock State Forest > Northern WV > West Virginia,https://www.mountainproject.com/route/120795602/moonstruck-aka-lunacy,3.9,Boulder,V10-,1,NA,39.63494,-79.81085
Humpy,Mushroom Boulder (Picnic Table) > Upper Rock City > Coopers Rock State Forest > Northern WV > West Virginia,https://www.mountainproject.com/route/114279356/humpy,3.4,Boulder,V4,1,12,39.63972,-79.81768
Elephant in the Room,Elephant in the Room Boulder > Lower Hawk's Nest > Lower New River Gorge Bouldering > New River Gorge Proper > The New River Gorge Region > West Virginia,https://www.mountainproject.com/route/115964096/elephant-in-the-room,3.5,Boulder,V5-,1,10,38.11669,-81.13185
Thomas Pinch-Ons,12. Friends of Coal Boulder > Meadow Top Boulders > Meadow River Gorge > The New River Gorge Region > West Virginia,https://www.mountainproject.com/route/117003389/thomas-pinch-ons,3,Boulder,V6-7,1,NA,38.15439,-80.93714
The Black,Black and White Boulder > Sunshine Boulders > New River Gorge Proper > The New River Gorge Region > West Virginia,https://www.mountainproject.com/route/114232093/the-black,3.8,Boulder,V9,1,16,38.07358,-81.08592
Geometric Equation,Mellifluous > Fern Point Bouldering > Endless Wall > New River Gorge Proper > The New River Gorge Region > West Virginia,https://www.mountainproject.com/route/117938212/geometric-equation,3.8,Boulder,V8,1,10,38.05534,-81.06356
The Yoke,Ganja Bloc Aka Moon Board > Darkside East > Darnell Hollow > University Research Forest > Cheat Canyon > Northern WV > West Virginia,https://www.mountainproject.com/route/120192342/the-yoke,4,Boulder,V9,1,15,39.68889,-79.80131
Blind Faith,Blind Faith Boulder > Darnell Hollow > University Research Forest > Cheat Canyon > Northern WV > West Virginia,https://www.mountainproject.com/route/119696186/blind-faith,4,Boulder,V8,1,12,39.69213,-79.80508
Bat Cave Traverse,Bat Cave Boulder > Cotton Bottom > Lower New River Gorge Bouldering > New River Gorge Proper > The New River Gorge Region > West Virginia,https://www.mountainproject.com/route/108578251/bat-cave-traverse,3.9,Boulder,V8,1,25,38.11765,-81.14388
Ape Rage,Ape Rage Boulder > Bozooka Area > Bozoo Bouldering > Bozoo > Southern WV > West Virginia,https://www.mountainproject.com/route/106507375/ape-rage,3.9,Boulder,V5-6,1,12,37.4769,-80.8646
Corsair,03. Corsair Boulder > Meadow Top Boulders > Meadow River Gorge > The New River Gorge Region > West Virginia,https://www.mountainproject.com/route/120849607/corsair,3.4,Boulder,V4,1,7,38.15325,-80.93077
Octagon Control,Fayette Station Boulders > New River Gorge Proper > The New River Gorge Region > West Virginia,https://www.mountainproject.com/route/116218257/octagon-control,3.6,Boulder,V10,1,10,38.068,-81.08255
F-5,Fern Creek Boulders > New River Gorge Proper > The New River Gorge Region > West Virginia,https://www.mountainproject.com/route/112352282/f-5,4,Boulder,V10,1,10,38.06019,-81.06851
Road to Nowhere,Road to Nowhere Corridor > Road to Nowhere area > Woodshed Boulders > Coopers Rock State Forest > Northern WV > West Virginia,https://www.mountainproject.com/route/121904274/road-to-nowhere,3.6,Boulder,V8-9,1,10,39.62904,-79.79188
Above the Coffin,The Diamond and The Cave Area > In-Between Area > Coopers Rock State Forest > Northern WV > West Virginia,https://www.mountainproject.com/route/122395513/above-the-coffin,3.9,Boulder,V8,1,15,39.63499,-79.80994
Kingbird Highway,Bird Watcher Boulders > First Area Boulders > Rhododendron Trail Areas > Coopers Rock State Forest > Northern WV > West Virginia,https://www.mountainproject.com/route/123123958/kingbird-highway,4,Boulder,V7,1,12,39.64273,-79.82041
The White,Black and White Boulder > Sunshine Boulders > New River Gorge Proper > The New River Gorge Region > West Virginia,https://www.mountainproject.com/route/114232102/the-white,3.7,Boulder,V7 PG13,1,15,38.07358,-81.08592
Souvenir,Souvenir Roof Boulder > Interp Boulders > New River Gorge Proper > The New River Gorge Region > West Virginia,https://www.mountainproject.com/route/110536407/souvenir,4,Boulder,V6,1,35,38.0788,-81.07699
Coral,Coral Boulder > Coral Area > Tilted Tree > Coopers Rock State Forest > Northern WV > West Virginia,https://www.mountainproject.com/route/114251090/coral,3.8,Boulder,V8,1,NA,39.63325,-79.80646
Diesel Power,Tractor Trailer Boulder > Greenbrier Boulders > Furnace Road Areas > Coopers Rock State Forest > Northern WV > West Virginia,https://www.mountainproject.com/route/120456143/diesel-power,3.8,Boulder,V8,1,NA,39.65596,-79.81936
Tomb Raider Roof (sit-start),Tomb Raider > Tomb Raider Area > Upper Rock City > Coopers Rock State Forest > Northern WV > West Virginia,https://www.mountainproject.com/route/107495199/tomb-raider-roof-sit-start,3.4,Boulder,V7,1,15,39.63807,-79.81754
Iron Pig,Pig Iron Boulder > Furnace Trail Boulders > Furnace Road Areas > Coopers Rock State Forest > Northern WV > West Virginia,https://www.mountainproject.com/route/119899684/iron-pig,3.5,Boulder,V7,1,NA,39.65123,-79.82384
The Question Mark,First Wall Right > First Wall > Tilted Tree > Coopers Rock State Forest > Northern WV > West Virginia,https://www.mountainproject.com/route/113328732/the-question-mark,3.8,Boulder,V5+,1,15,39.63359,-79.80548
Gundercling,Gundercling Boulder > Casey Jones > Lower New River Gorge Bouldering > New River Gorge Proper > The New River Gorge Region > West Virginia,https://www.mountainproject.com/route/121528799/gundercling,3.7,Boulder,V4,1,15,38.11359,-81.14357
Roadside Euphoria,Roadisde Euphoria Boulder > Roadside > Entryway Boulders > Bozoo Bouldering > Bozoo > Southern WV > West Virginia,https://www.mountainproject.com/route/106588708/roadside-euphoria,3.9,Boulder,V6,1,12,37.4733,-80.8574
Rare Delicacy,Pup Trailer > Greenbrier Boulders > Furnace Road Areas > Coopers Rock State Forest > Northern WV > West Virginia,https://www.mountainproject.com/route/120456019/rare-delicacy,3.8,Boulder,V5,1,NA,39.65649,-79.81967
Yahtzee,Dice Boulders > 1st pull off > Darnell Hollow > University Research Forest > Cheat Canyon > Northern WV > West Virginia,https://www.mountainproject.com/route/120243525/yahtzee,3.4,Boulder,V4,1,NA,39.69248,-79.81151
Mad Hatter,Ronski Feint > Interp Boulders > New River Gorge Proper > The New River Gorge Region > West Virginia,https://www.mountainproject.com/route/115172854/mad-hatter,3.6,Boulder,V6,1,NA,38.07878,-81.07696
Bulge,Tilted Tree Corridor > Tilted Tree Area > Tilted Tree > Coopers Rock State Forest > Northern WV > West Virginia,https://www.mountainproject.com/route/107041792/bulge,3.7,Boulder,V5+,1,NA,39.63321,-79.80525
Mr. Gnomerson,Gnome Boulder > 5th Pull Off (School Bus Area) > Darnell Hollow > University Research Forest > Cheat Canyon > Northern WV > West Virginia,https://www.mountainproject.com/route/120248371/mr-gnomerson,3.9,Boulder,V8,1,10,39.69069,-79.80237
Crash and Burn,Wave Rider Boulder > Fiddle Area > Tilted Tree > Coopers Rock State Forest > Northern WV > West Virginia,https://www.mountainproject.com/route/112497542/crash-and-burn,3.2,Boulder,V5,1,15,39.63361,-79.80602
Brain Storm,County Line South > County Line Boulders > Park Entrance Areas > Coopers Rock State Forest > Northern WV > West Virginia,https://www.mountainproject.com/route/118693384/brain-storm,3.8,Boulder,V7,1,NA,39.64907,-79.78648
Ronski Feint,Ronski Feint > Interp Boulders > New River Gorge Proper > The New River Gorge Region > West Virginia,https://www.mountainproject.com/route/115172880/ronski-feint,3.8,Boulder,V7,1,NA,38.07878,-81.07696
High Roller,The Hilton Boulder > First Bell Boulders > Snake Hill Wildlife Management Area > Cheat Canyon > Northern WV > West Virginia,https://www.mountainproject.com/route/118865712/high-roller,3.8,Boulder,V6,1,NA,39.62721,-79.83871
Power of Light,West Block > Road Blocks (Route 73) > Park Entrance Areas > Coopers Rock State Forest > Northern WV > West Virginia,https://www.mountainproject.com/route/123183601/power-of-light,4,Boulder,V6-7,1,12,39.66102,-79.80546
Light Rays,Light Rays Boulder > Short Creek Right > Short Creek Bouldering > Beauty Mountain > New River Gorge Proper > The New River Gorge Region > West Virginia,https://www.mountainproject.com/route/114210934/light-rays,3.8,Boulder,V8,1,NA,38.05496,-81.03566
Final Fantasy Extension,Final Fantasy Cave > Tilted Tree Area > Tilted Tree > Coopers Rock State Forest > Northern WV > West Virginia,https://www.mountainproject.com/route/119428736/final-fantasy-extension,4,Boulder,V7-8,1,NA,39.6332,-79.805
Sea Snake,Tsunami Block > Tsunami Area > Tilted Tree > Coopers Rock State Forest > Northern WV > West Virginia,https://www.mountainproject.com/route/119824686/sea-snake,4,Boulder,V4,1,13,39.63259,-79.80673
Writhe,Writhe Boulder > First Area Boulders > Rhododendron Trail Areas > Coopers Rock State Forest > Northern WV > West Virginia,https://www.mountainproject.com/route/123174812/writhe,3.7,Boulder,V6,1,NA,39.64224,-79.82029
Not Created Equal,Main Area > Rocky Ridge Trail > Dolly Sods Region > Eastern WV > West Virginia,https://www.mountainproject.com/route/122652944/not-created-equal,4,Boulder,V8 PG13,1,15,39.06885,-79.36525
The Archer,The Archer Boulder > In-Between Area > Coopers Rock State Forest > Northern WV > West Virginia,https://www.mountainproject.com/route/122532311/the-archer,4,Boulder,V4,1,10,39.63434,-79.80964
Unplugged,Kurt Cobain Memorial Wall > Furnace Trail Boulders > Furnace Road Areas > Coopers Rock State Forest > Northern WV > West Virginia,https://www.mountainproject.com/route/119899537/unplugged,3.3,Boulder,V5,1,NA,39.65046,-79.82321
False Blood,False Blood > 5th Pull Off (School Bus Area) > Darnell Hollow > University Research Forest > Cheat Canyon > Northern WV > West Virginia,https://www.mountainproject.com/route/119698468/false-blood,3.6,Boulder,V7,1,NA,39.69062,-79.80171
Sloper Madness,Sloper Madness Boulder > BoulderCliff Area > Entryway Boulders > Bozoo Bouldering > Bozoo > Southern WV > West Virginia,https://www.mountainproject.com/route/106652169/sloper-madness,4,Boulder,V4-5,1,8,37.4744,-80.8588
Father’s Pride,Future Roof Boulder > First Area Boulders > Rhododendron Trail Areas > Coopers Rock State Forest > Northern WV > West Virginia,https://www.mountainproject.com/route/122976410/fathers-pride,3.9,Boulder,V6,1,12,39.64215,-79.82036
Sloper Proj Left Arete,Sloper Proj Boulder > Sloper Project Area > Powerline Boulders > Bozoo Bouldering > Bozoo > Southern WV > West Virginia,https://www.mountainproject.com/route/106692461/sloper-proj-left-arete,4,Boulder,V4,1,10,37.4749,-80.8602
Pickled Sassafras,The Sassafras Boulder > Greenbrier Boulders > Furnace Road Areas > Coopers Rock State Forest > Northern WV > West Virginia,https://www.mountainproject.com/route/120456459/pickled-sassafras,3.8,Boulder,V4,1,NA,39.65647,-79.81897
Sunset Arete,Sunset Boulder > 5th Pull Off (School Bus Area) > Darnell Hollow > University Research Forest > Cheat Canyon > Northern WV > West Virginia,https://www.mountainproject.com/route/119786374/sunset-arete,3.8,Boulder,V5,1,NA,39.6907,-79.80241
Pinch of Sand,12. Friends of Coal Boulder > Meadow Top Boulders > Meadow River Gorge > The New River Gorge Region > West Virginia,https://www.mountainproject.com/route/119925522/pinch-of-sand,3.6,Boulder,V9,1,25,38.15439,-80.93714
Tables Turned,Rhodo Cave > Rhododendron Trail Areas > Coopers Rock State Forest > Northern WV > West Virginia,https://www.mountainproject.com/route/120177067/tables-turned,3.5,Boulder,V10,1,15,39.64472,-79.82429
Cumulonimbus,Popcorn Boulder > Jekyll and Hyde Area > Lower Rock City > Coopers Rock State Forest > Northern WV > West Virginia,https://www.mountainproject.com/route/121552484/cumulonimbus,4,Boulder,V6-7,1,30,39.64166,-79.82783
The Cheat Cannon,Lower Skittles Boulders > Snake Hill Wildlife Management Area > Cheat Canyon > Northern WV > West Virginia,https://www.mountainproject.com/route/120401705/the-cheat-cannon,4,Boulder,V6,1,12,39.63357,-79.83734
Dark Horse,Hueco Wall > Central Area Boulders > Needleseye Boulder Park > The New River Gorge Region > West Virginia,https://www.mountainproject.com/route/121939293/dark-horse,3.4,Boulder,V4-5,1,NA,37.98146,-81.11761
Aneurysm,The Grunge Boulder > Furnace Trail Boulders > Furnace Road Areas > Coopers Rock State Forest > Northern WV > West Virginia,https://www.mountainproject.com/route/119899396/aneurysm,4,Boulder,V7,1,14,39.6504,-79.82319
Morphosaurus Rex,Main Area > Rocky Ridge Trail > Dolly Sods Region > Eastern WV > West Virginia,https://www.mountainproject.com/route/119246248/morphosaurus-rex,4,Boulder,V6,1,10,39.06885,-79.36525
Half Moon Tilt,Man On The Moon Boulder > Cotton Top > Lower New River Gorge Bouldering > New River Gorge Proper > The New River Gorge Region > West Virginia,https://www.mountainproject.com/route/114121818/half-moon-tilt,4,Boulder,V8+,1,14,38.11546,-81.14229
Benthic Dweller into A Touch of Tango,Ship's Prow > Tomb Raider Area > Upper Rock City > Coopers Rock State Forest > Northern WV > West Virginia,https://www.mountainproject.com/route/119776950/benthic-dweller-into-a-touch-of-tango,4,Boulder,V6,1,30,39.63823,-79.81768
Tsunami Right,Tsunami Block > Tsunami Area > Tilted Tree > Coopers Rock State Forest > Northern WV > West Virginia,https://www.mountainproject.com/route/118831372/tsunami-right,3.7,Boulder,V9,1,13,39.63259,-79.80673
Disco Superfly,The Diamond and The Cave Area > In-Between Area > Coopers Rock State Forest > Northern WV > West Virginia,https://www.mountainproject.com/route/122395578/disco-superfly,3.5,Boulder,V6,1,12,39.63499,-79.80994
Sandstorm,Roof Rocks > Furnace Road Areas > Coopers Rock State Forest > Northern WV > West Virginia,https://www.mountainproject.com/route/120795723/sandstorm,3.5,Boulder,V9-10,1,NA,39.65119,-79.81717
Vámanos,Vámanos Boulder > Short Creek Right > Short Creek Bouldering > Beauty Mountain > New River Gorge Proper > The New River Gorge Region > West Virginia,https://www.mountainproject.com/route/114210924/vamanos,3.2,Boulder,V6,1,NA,38.05496,-81.03566
Outshined,The Grunge Boulder > Furnace Trail Boulders > Furnace Road Areas > Coopers Rock State Forest > Northern WV > West Virginia,https://www.mountainproject.com/route/119899377/outshined,3.7,Boulder,V5,1,NA,39.6504,-79.82319
Herculean Traverse,Demi-God Boulder > 5th Pull Off (School Bus Area) > Darnell Hollow > University Research Forest > Cheat Canyon > Northern WV > West Virginia,https://www.mountainproject.com/route/119721667/herculean-traverse,4,Boulder,V8-,1,NA,39.69077,-79.80159
Karate Kid Direct,Karate Kid Boulder > Junction Boulders > Snake Hill Wildlife Management Area > Cheat Canyon > Northern WV > West Virginia,https://www.mountainproject.com/route/118847950/karate-kid-direct,4,Boulder,V6-7,1,10,39.62307,-79.83492
Black Hole Sun,The Grunge Boulder > Furnace Trail Boulders > Furnace Road Areas > Coopers Rock State Forest > Northern WV > West Virginia,https://www.mountainproject.com/route/119899442/black-hole-sun,4,Boulder,V6,1,NA,39.6504,-79.82319
I May Have Peed A Little When I Looked Down,The Diamond and The Cave Area > In-Between Area > Coopers Rock State Forest > Northern WV > West Virginia,https://www.mountainproject.com/route/118705544/i-may-have-peed-a-little-when-i-looked-down,4,Boulder,5.11c/d V4 R,1,30,39.63499,-79.80994
A Light Less Broken,Arete Boulder > 5th Pull Off (School Bus Area) > Darnell Hollow > University Research Forest > Cheat Canyon > Northern WV > West Virginia,https://www.mountainproject.com/route/119698193/a-light-less-broken,3.9,Boulder,V7,1,NA,39.69078,-79.8016
Blood in the Water,Shark Tooth > 5th Pull Off (School Bus Area) > Darnell Hollow > University Research Forest > Cheat Canyon > Northern WV > West Virginia,https://www.mountainproject.com/route/119977206/blood-in-the-water,4,Boulder,V7,1,NA,39.69066,-79.8022
Red Cloud,Red Cloud Area > Woodshed Boulders > Coopers Rock State Forest > Northern WV > West Virginia,https://www.mountainproject.com/route/121904283/red-cloud,4,Boulder,V6,1,10,39.62883,-79.79188
Pallas,Giant's Slab Boulder > 5th Pull Off (School Bus Area) > Darnell Hollow > University Research Forest > Cheat Canyon > Northern WV > West Virginia,https://www.mountainproject.com/route/119722619/pallas,3,Boulder,V6,1,NA,39.69077,-79.80159
Quint’s Revenge,Shark Tooth > 5th Pull Off (School Bus Area) > Darnell Hollow > University Research Forest > Cheat Canyon > Northern WV > West Virginia,https://www.mountainproject.com/route/119977042/quints-revenge,3.3,Boulder,V6,1,NA,39.69066,-79.8022
Hip Check,Block Party Area > Greenbrier Boulders > Furnace Road Areas > Coopers Rock State Forest > Northern WV > West Virginia,https://www.mountainproject.com/route/120455753/hip-check,3.5,Boulder,V5,1,NA,39.65729,-79.8186
"Scream, Aim, Fire",Lower Skittles Boulders > Snake Hill Wildlife Management Area > Cheat Canyon > Northern WV > West Virginia,https://www.mountainproject.com/route/120434744/scream-aim-fire,4,Boulder,V8,1,12,39.63357,-79.83734
De-Forestation,Dihedral Boulder > Greenbrier Boulders > Furnace Road Areas > Coopers Rock State Forest > Northern WV > West Virginia,https://www.mountainproject.com/route/120455517/de-forestation,3.8,Boulder,V5,1,NA,39.65724,-79.81918
Tree Five,Step Roof > Deer Skull Boulders > University Research Forest > Cheat Canyon > Northern WV > West Virginia,https://www.mountainproject.com/route/119705965/tree-five,3.8,Boulder,V5+,1,NA,39.66329,-79.81778
Dead Flowers,Chestnut Tree Boulder > First Area Boulders > Rhododendron Trail Areas > Coopers Rock State Forest > Northern WV > West Virginia,https://www.mountainproject.com/route/122998028/dead-flowers,3.7,Boulder,V4,1,12,39.64162,-79.81945
Functionally Extinct,Chestnut Tree Boulder > First Area Boulders > Rhododendron Trail Areas > Coopers Rock State Forest > Northern WV > West Virginia,https://www.mountainproject.com/route/122998053/functionally-extinct,4,Boulder,V4,1,14,39.64162,-79.81945
Continental Division,Continental Division Boulder > Eldorado > Furnace Road Areas > Coopers Rock State Forest > Northern WV > West Virginia,https://www.mountainproject.com/route/123115345/continental-division,3.8,Boulder,V3-4,1,NA,39.65512,-79.80083
Entrechat,Entrechat Boulder > Underlook Trail Boulders > Coopers Rock State Forest > Northern WV > West Virginia,https://www.mountainproject.com/route/122988640/entrechat,4,Boulder,V4,1,NA,39.63693,-79.81666
Sloper Fools,G:Alligator Skin Boulder > Downstream Boulderfield > Bozoo Bouldering > Bozoo > Southern WV > West Virginia,https://www.mountainproject.com/route/108069529/sloper-fools,4,Boulder,V4,1,30,37.48388,-80.87508
Highpoint Roof,Highpoint Area > Bear Rocks Preserve > Dolly Sods Region > Eastern WV > West Virginia,https://www.mountainproject.com/route/122606420/highpoint-roof,4,"Boulder, Alpine",V4,1,12,39.06776,-79.29873
Bozooka,The Bozooka Boulder > Bozooka Area > Bozoo Bouldering > Bozoo > Southern WV > West Virginia,https://www.mountainproject.com/route/107966368/bozooka,4,Boulder,V11,1,12,37.4769,-80.8646
The Mystery Problem,B: Mystery Boulder > Downstream Boulderfield > Bozoo Bouldering > Bozoo > Southern WV > West Virginia,https://www.mountainproject.com/route/108711633/the-mystery-problem,4,Boulder,V7,1,NA,37.48209,-80.87394
G. Mental Mantle,H. EDucator Boulder > Main Area Bouldering > Bozoo Bouldering > Bozoo > Southern WV > West Virginia,https://www.mountainproject.com/route/107968814/g-mental-mantle,4,Boulder,V6,1,12,37.4782,-80.8675
Forbidden Fruit,J: 45 Deg Wall > J: Highlander Area > Main Area Bouldering > Bozoo Bouldering > Bozoo > Southern WV > West Virginia,https://www.mountainproject.com/route/107966225/forbidden-fruit,4,Boulder,V6,1,NA,37.478,-80.8667
Hermit Cave,C3: Hermit's Cave > C: Talus Area > Downstream Boulderfield > Bozoo Bouldering > Bozoo > Southern WV > West Virginia,https://www.mountainproject.com/route/106590726/hermit-cave,4,Boulder,V6,1,10,37.48376,-80.87402
Road Rage (sit),East Block > Road Blocks (Route 73) > Park Entrance Areas > Coopers Rock State Forest > Northern WV > West Virginia,https://www.mountainproject.com/route/123271658/road-rage-sit,4,Boulder,V6,1,14,39.66111,-79.8051
Powerline Arete,West Block > Road Blocks (Route 73) > Park Entrance Areas > Coopers Rock State Forest > Northern WV > West Virginia,https://www.mountainproject.com/route/123271725/powerline-arete,4,Boulder,V6,1,14,39.66102,-79.80546
Ali Bubba,Ali Bubba Cave > Short Creek Bouldering > Beauty Mountain > New River Gorge Proper > The New River Gorge Region > West Virginia,https://www.mountainproject.com/route/111847816/ali-bubba,3.6,Boulder,V9,1,NA,38.05628,-81.03456
Brain Fog,The Grunge Boulder > Furnace Trail Boulders > Furnace Road Areas > Coopers Rock State Forest > Northern WV > West Virginia,https://www.mountainproject.com/route/122378328/brain-fog,2.7,Boulder,V9,1,15,39.6504,-79.82319
Down in a Hole,The Grunge Boulder > Furnace Trail Boulders > Furnace Road Areas > Coopers Rock State Forest > Northern WV > West Virginia,https://www.mountainproject.com/route/119899421/down-in-a-hole,3.3,Boulder,V6,1,NA,39.6504,-79.82319
Master Of Manipulation,Mellifluous > Fern Point Bouldering > Endless Wall > New River Gorge Proper > The New River Gorge Region > West Virginia,https://www.mountainproject.com/route/120330821/master-of-manipulation,4,Boulder,V10,1,20,38.05534,-81.06356
Block Party,Block Party Area > Greenbrier Boulders > Furnace Road Areas > Coopers Rock State Forest > Northern WV > West Virginia,https://www.mountainproject.com/route/120455830/block-party,3.7,Boulder,V5,1,NA,39.65729,-79.8186
Angel Eye,Angel Eye Cave > Entrance Boulders > Needleseye Boulder Park > The New River Gorge Region > West Virginia,https://www.mountainproject.com/route/121670408/angel-eye,4,Boulder,V13 PG13,1,NA,37.98128,-81.1177
Father Figure,Angel Eye Cave > Entrance Boulders > Needleseye Boulder Park > The New River Gorge Region > West Virginia,https://www.mountainproject.com/route/121670536/father-figure,4,Boulder,V10,1,NA,37.98128,-81.1177
Midnight Lights,Light Rays Boulder > Short Creek Right > Short Creek Bouldering > Beauty Mountain > New River Gorge Proper > The New River Gorge Region > West Virginia,https://www.mountainproject.com/route/122197993/midnight-lights,2.5,Boulder,V9-,1,15,38.05496,-81.03566
The Icebox,The Sea > Upper Rock City > Coopers Rock State Forest > Northern WV > West Virginia,https://www.mountainproject.com/route/119964800/the-icebox,3.8,Boulder,V7,1,20,39.63851,-79.81744
Meth Lab Genie,Ali Bubba Cave > Short Creek Bouldering > Beauty Mountain > New River Gorge Proper > The New River Gorge Region > West Virginia,https://www.mountainproject.com/route/120328127/meth-lab-genie,3.3,Boulder,V10-11,1,15,38.05628,-81.03456
The Beginning AND The End,Final Fantasy Cave > Tilted Tree Area > Tilted Tree > Coopers Rock State Forest > Northern WV > West Virginia,https://www.mountainproject.com/route/118813572/the-beginning-and-the-end,4,Boulder,V9-10,1,35,39.6332,-79.805
Xanax,10. MacGuffin Boulder > Meadow Top Boulders > Meadow River Gorge > The New River Gorge Region > West Virginia,https://www.mountainproject.com/route/117729976/xanax,2.7,Boulder,V6,1,10,38.15371,-80.93505
Arete Project,Rhodo Cave > Rhododendron Trail Areas > Coopers Rock State Forest > Northern WV > West Virginia,https://www.mountainproject.com/route/120177027/arete-project,3.5,Boulder,V10,1,20,39.64472,-79.82429
Road to Golgotha,Rhodo Cave > Rhododendron Trail Areas > Coopers Rock State Forest > Northern WV > West Virginia,https://www.mountainproject.com/route/120167827/road-to-golgotha,4,Boulder,V8,1,20,39.64472,-79.82429
Modern Prometheus,The Diamond and The Cave Area > In-Between Area > Coopers Rock State Forest > Northern WV > West Virginia,https://www.mountainproject.com/route/122458857/modern-prometheus,3,Boulder,V10,1,18,39.63499,-79.80994
New Bae,Angel Eye Cave > Entrance Boulders > Needleseye Boulder Park > The New River Gorge Region > West Virginia,https://www.mountainproject.com/route/121671978/new-bae,4,Boulder,V9 PG13,1,NA,37.98128,-81.1177
Summer Rain,Rhodo Cave > Rhododendron Trail Areas > Coopers Rock State Forest > Northern WV > West Virginia,https://www.mountainproject.com/route/122901719/summer-rain,3.7,Boulder,V7,1,14,39.64472,-79.82429
Neature Walk,The Cranny > Entrance Boulders > Upper Rock City > Coopers Rock State Forest > Northern WV > West Virginia,https://www.mountainproject.com/route/119964974/neature-walk,4,Boulder,V9 PG13,1,16,39.63824,-79.81714
The Mother of All Slabs (It Comes and It Goes),Mother of All Slabs > Tilted Tree > Coopers Rock State Forest > Northern WV > West Virginia,https://www.mountainproject.com/route/121574829/the-mother-of-all-slabs-it-comes-and-it-goes,3.7,Boulder,V9 R,1,30,39.63343,-79.80576
Fleeing While No One Pursues,Final Fantasy Cave > Tilted Tree Area > Tilted Tree > Coopers Rock State Forest > Northern WV > West Virginia,https://www.mountainproject.com/route/121370058/fleeing-while-no-one-pursues,4,Boulder,V6-7,1,13,39.6332,-79.805
Man on the Moon,Man On The Moon Boulder > Cotton Top > Lower New River Gorge Bouldering > New River Gorge Proper > The New River Gorge Region > West Virginia,https://www.mountainproject.com/route/118150173/man-on-the-moon,4,Boulder,V10,1,25,38.11546,-81.14229
Power Stroke,Tractor Trailer Boulder > Greenbrier Boulders > Furnace Road Areas > Coopers Rock State Forest > Northern WV > West Virginia,https://www.mountainproject.com/route/123055451/power-stroke,3.7,Boulder,V11,1,NA,39.65596,-79.81936
Sandtrap Project,Roof Rocks > Furnace Road Areas > Coopers Rock State Forest > Northern WV > West Virginia,https://www.mountainproject.com/route/120713310/sandtrap-project,4,Boulder,V10+,1,NA,39.65119,-79.81717
Alpha and Omega,Final Fantasy Cave > Tilted Tree Area > Tilted Tree > Coopers Rock State Forest > Northern WV > West Virginia,https://www.mountainproject.com/route/118813597/alpha-and-omega,4,Boulder,V9,1,35,39.6332,-79.805
The Prize of Agony,“The Prize” Sector > Cheat Canyon Wildlife Management Area > Cheat Canyon > Northern WV > West Virginia,https://www.mountainproject.com/route/117114637/the-prize-of-agony,4,Boulder,V11,1,18,39.51394,-79.65676
Water Equation,Water Equation Boulder > Short Creek Right > Short Creek Bouldering > Beauty Mountain > New River Gorge Proper > The New River Gorge Region > West Virginia,https://www.mountainproject.com/route/114210891/water-equation,3.9,Boulder,V6 PG13,1,NA,38.05496,-81.03566
Rattlesnake Shake,Rattlesnake Shake Boulder > Roundhouse Area > Upper Rock City > Coopers Rock State Forest > Northern WV > West Virginia,https://www.mountainproject.com/route/122508446/rattlesnake-shake,4,Boulder,V4,1,12,39.63797,-79.81855
Hitchhiking (aka The Disguise),Tendon Repair Kit Area > Roadside > Coopers Rock State Forest > Northern WV > West Virginia,https://www.mountainproject.com/route/120046395/hitchhiking-aka-the-disguise,3,Boulder,V7,1,NA,39.63561,-79.81205
Karate Kid,Karate Kid Boulder > Junction Boulders > Snake Hill Wildlife Management Area > Cheat Canyon > Northern WV > West Virginia,https://www.mountainproject.com/route/118833618/karate-kid,4,Boulder,V8,1,NA,39.62307,-79.83492
The Punisher,Bowling Ball Boulder (Gym Face) > Coral Area > Tilted Tree > Coopers Rock State Forest > Northern WV > West Virginia,https://www.mountainproject.com/route/119026042/the-punisher,3.5,Boulder,V6,1,NA,39.63305,-79.80666
Frothing Walrus,The Diamond and The Cave Area > In-Between Area > Coopers Rock State Forest > Northern WV > West Virginia,https://www.mountainproject.com/route/122530589/frothing-walrus,2.8,Boulder,V8,1,NA,39.63499,-79.80994
l’anniversaire (project),“The Prize” Sector > Cheat Canyon Wildlife Management Area > Cheat Canyon > Northern WV > West Virginia,https://www.mountainproject.com/route/117114877/lanniversaire-project,4,Boulder,V10,1,NA,39.51394,-79.65676
Bone-saw Timebomb,Mother of All Slabs > Tilted Tree > Coopers Rock State Forest > Northern WV > West Virginia,https://www.mountainproject.com/route/120123690/bone-saw-timebomb,3.7,Boulder,V8,1,13,39.63343,-79.80576
Atlas Rise,Ganja Bloc Aka Moon Board > Darkside East > Darnell Hollow > University Research Forest > Cheat Canyon > Northern WV > West Virginia,https://www.mountainproject.com/route/120192425/atlas-rise,3.5,Boulder,V7,1,15,39.68889,-79.80131
Live in a Hole,The Grunge Boulder > Furnace Trail Boulders > Furnace Road Areas > Coopers Rock State Forest > Northern WV > West Virginia,https://www.mountainproject.com/route/122388029/live-in-a-hole,4,Boulder,V6,1,15,39.6504,-79.82319
Knee Pads are Cheating,Ganja Bloc Aka Moon Board > Darkside East > Darnell Hollow > University Research Forest > Cheat Canyon > Northern WV > West Virginia,https://www.mountainproject.com/route/120192463/knee-pads-are-cheating,2.5,Boulder,V7-8,1,12,39.68889,-79.80131
Man in the Box (sit),The Grunge Boulder > Furnace Trail Boulders > Furnace Road Areas > Coopers Rock State Forest > Northern WV > West Virginia,https://www.mountainproject.com/route/119899364/man-in-the-box-sit,3,Boulder,V8-9,1,NA,39.6504,-79.82319
I Dream of the Ocean,I Dream of the Ocean Area > Rhododendron Trail Areas > Coopers Rock State Forest > Northern WV > West Virginia,https://www.mountainproject.com/route/120168316/i-dream-of-the-ocean,4,Boulder,V8-,1,20,39.64508,-79.82252
Right arete project,“The Prize” Sector > Cheat Canyon Wildlife Management Area > Cheat Canyon > Northern WV > West Virginia,https://www.mountainproject.com/route/117114716/right-arete-project,4,Boulder,V11+,1,15,39.51394,-79.65676
Resolution Solution,Roof Rocks > Furnace Road Areas > Coopers Rock State Forest > Northern WV > West Virginia,https://www.mountainproject.com/route/120713519/resolution-solution,4,Boulder,V6,1,NA,39.65119,-79.81717
Stars Like Dust,Mother of All Slabs > Tilted Tree > Coopers Rock State Forest > Northern WV > West Virginia,https://www.mountainproject.com/route/120460897/stars-like-dust,3.8,Boulder,V7,1,17,39.63343,-79.80576
The Bends Extension,Roadside Boulder > Big Wheeling Creek Boulders > Northern Panhandle > Northern WV > West Virginia,https://www.mountainproject.com/route/120221521/the-bends-extension,4,Boulder,V7,1,10,39.98089,-80.61672
Delusional,The Nut House > Tilted Tree > Coopers Rock State Forest > Northern WV > West Virginia,https://www.mountainproject.com/route/123098556/delusional,3.5,Boulder,V7,1,12,39.63404,-79.80727
Yoshimi,7. The Cut (South) > Camp 70 Boulders > Eastern WV > West Virginia,https://www.mountainproject.com/route/119684773/yoshimi,4,Boulder,V10,1,18,39.13654,-79.43695
Tango in the Night,The Cranny > Entrance Boulders > Upper Rock City > Coopers Rock State Forest > Northern WV > West Virginia,https://www.mountainproject.com/route/119612220/tango-in-the-night,3.7,Boulder,V6-7,1,14,39.63824,-79.81714
Max's Donut Shop,7. The Cut (South) > Camp 70 Boulders > Eastern WV > West Virginia,https://www.mountainproject.com/route/119495352/maxs-donut-shop,3.5,Boulder,V6,1,10,39.13654,-79.43695
Please Stand Up (SDS),8. The Cut (North) > Camp 70 Boulders > Eastern WV > West Virginia,https://www.mountainproject.com/route/119486183/please-stand-up-sds,4,Boulder,V7,1,12,39.137,-79.43637
Nothing to Endure,Sector 1 > Cheat Canyon Wildlife Management Area > Cheat Canyon > Northern WV > West Virginia,https://www.mountainproject.com/route/117118775/nothing-to-endure,4,Boulder,V7,1,NA,39.51329,-79.65458
Is it organic?,Fern Creek Boulders > New River Gorge Proper > The New River Gorge Region > West Virginia,https://www.mountainproject.com/route/123221565/is-it-organic,2.8,Boulder,V7,1,NA,38.06019,-81.06851
Sic Rig,Neon Judas Boulder > Meadow Top Boulders > Meadow River Gorge > The New River Gorge Region > West Virginia,https://www.mountainproject.com/route/121970481/sic-rig,3.3,Boulder,V5,1,NA,38.15443,-80.93717
The Bends,Roadside Boulder > Big Wheeling Creek Boulders > Northern Panhandle > Northern WV > West Virginia,https://www.mountainproject.com/route/120221497/the-bends,4,Boulder,V4,1,10,39.98089,-80.61672
Fountain of Youth,8. The Cut (North) > Camp 70 Boulders > Eastern WV > West Virginia,https://www.mountainproject.com/route/119486389/fountain-of-youth,4,Boulder,V4,1,12,39.137,-79.43637
Walls of Jericho,Creekside Boulder > Deer Skull Boulders > University Research Forest > Cheat Canyon > Northern WV > West Virginia,https://www.mountainproject.com/route/121867629/walls-of-jericho,4,Boulder,V6,1,14,39.66244,-79.81873
Cartoon Sized Hammer,Pendleton Point > Blackwater Falls State Park > Eastern WV > West Virginia,https://www.mountainproject.com/route/121786549/cartoon-sized-hammer,4,Boulder,V6,1,15,39.11168,-79.49149
Micro Dose,Micro Bus Boulder > 5th Pull Off (School Bus Area) > Darnell Hollow > University Research Forest > Cheat Canyon > Northern WV > West Virginia,https://www.mountainproject.com/route/119779546/micro-dose,4,Boulder,V3-4,1,10,39.69062,-79.80168
Sashimi Arete (Direct),7. The Cut (South) > Camp 70 Boulders > Eastern WV > West Virginia,https://www.mountainproject.com/route/119684804/sashimi-arete-direct,4,Boulder,V7,1,18,39.13654,-79.43695
Micro Bus Traverse,Micro Bus Boulder > 5th Pull Off (School Bus Area) > Darnell Hollow > University Research Forest > Cheat Canyon > Northern WV > West Virginia,https://www.mountainproject.com/route/119698354/micro-bus-traverse,4,Boulder,V7,1,NA,39.69062,-79.80168
Kartik's Arete,7. The Cut (South) > Camp 70 Boulders > Eastern WV > West Virginia,https://www.mountainproject.com/route/119690826/kartiks-arete,2,Boulder,V4,1,NA,39.13654,-79.43695
Yowmigoochie,Yowmigoochie Boulder > 5th Pull Off (School Bus Area) > Darnell Hollow > University Research Forest > Cheat Canyon > Northern WV > West Virginia,https://www.mountainproject.com/route/120242982/yowmigoochie,4,Boulder,V5,1,NA,39.69071,-79.80082
Sport Bouldering is Neither,Lower Skittles Boulders > Snake Hill Wildlife Management Area > Cheat Canyon > Northern WV > West Virginia,https://www.mountainproject.com/route/120434776/sport-bouldering-is-neither,4,Boulder,V3-4,1,15,39.63357,-79.83734
Cannibal,Roadside Boulder > Big Wheeling Creek Boulders > Northern Panhandle > Northern WV > West Virginia,https://www.mountainproject.com/route/120221582/cannibal,4,Boulder,V5,1,10,39.98089,-80.61672
Pitched Midnight,Game Trail Slab Boulder > Green Acres > Powerline South > Raven Rock Trail Areas > Coopers Rock State Forest > Northern WV > West Virginia,https://www.mountainproject.com/route/123210214/pitched-midnight,4,Boulder,V4,1,12,39.62553,-79.80088
Hubcap Hustle,West Block > Road Blocks (Route 73) > Park Entrance Areas > Coopers Rock State Forest > Northern WV > West Virginia,https://www.mountainproject.com/route/123183651/hubcap-hustle,4,Boulder,V5,1,10,39.66102,-79.80546
In This Trying Time,The Sunny Egg Boulder > Junction Boulders > Snake Hill Wildlife Management Area > Cheat Canyon > Northern WV > West Virginia,https://www.mountainproject.com/route/118834292/in-this-trying-time,3,Boulder,V4-5,1,NA,39.623,-79.83491
Death Roll,Ballard Trail Boulders > Kanawha State Forest > Southern WV > West Virginia,https://www.mountainproject.com/route/118854229/death-roll,4,Boulder,V3-4,1,NA,38.26547,-81.66757
Wild and Wonderful,Creekside Boulders > McCollum Campground Boulders > Coopers Rock State Forest > Northern WV > West Virginia,https://www.mountainproject.com/route/122512438/wild-and-wonderful,4,Boulder,V5,1,12,39.63561,-79.79172
Big House Extension,Pendleton Point > Blackwater Falls State Park > Eastern WV > West Virginia,https://www.mountainproject.com/route/121786313/big-house-extension,4,Boulder,V6,1,15,39.11168,-79.49149
Damysus,Giant's Slab Boulder > 5th Pull Off (School Bus Area) > Darnell Hollow > University Research Forest > Cheat Canyon > Northern WV > West Virginia,https://www.mountainproject.com/route/122119321/damysus,2,Boulder,V7,1,NA,39.69077,-79.80159
American Chestnut,Skittle Top Boulders > Snake Hill Wildlife Management Area > Cheat Canyon > Northern WV > West Virginia,https://www.mountainproject.com/route/120434847/american-chestnut,4,Boulder,V7,1,15,39.63165,-79.83813
Duroc,Pig Iron Boulder > Furnace Trail Boulders > Furnace Road Areas > Coopers Rock State Forest > Northern WV > West Virginia,https://www.mountainproject.com/route/119899604/duroc,3,Boulder,V4,1,NA,39.65123,-79.82384
Flood Stage,Sector 1 > Cheat Canyon Wildlife Management Area > Cheat Canyon > Northern WV > West Virginia,https://www.mountainproject.com/route/117118757/flood-stage,4,Boulder,V7,1,15,39.51329,-79.65458
Rebel Yell,Rebel Yell Boulder > Lightning and Thunder Area > Woodshed Boulders > Coopers Rock State Forest > Northern WV > West Virginia,https://www.mountainproject.com/route/122531707/rebel-yell,4,Boulder,V4,1,12,39.62901,-79.7918
Lightning Arete,Lightning Boulder > Lightning and Thunder Area > Woodshed Boulders > Coopers Rock State Forest > Northern WV > West Virginia,https://www.mountainproject.com/route/122530482/lightning-arete,4,Boulder,V5,1,NA,39.62899,-79.79175
Creepy Uncle Richard,Block Party Area > Greenbrier Boulders > Furnace Road Areas > Coopers Rock State Forest > Northern WV > West Virginia,https://www.mountainproject.com/route/123115624/creepy-uncle-richard,4,Boulder,V6-7,1,NA,39.65729,-79.8186
Tear It Up,Tears and Tears Boulder > 5th Pull Off (School Bus Area) > Darnell Hollow > University Research Forest > Cheat Canyon > Northern WV > West Virginia,https://www.mountainproject.com/route/119698576/tear-it-up,4,Boulder,V4-5,1,NA,39.69087,-79.80138
The Royal Seal,The High Court > 5th Pull Off (School Bus Area) > Darnell Hollow > University Research Forest > Cheat Canyon > Northern WV > West Virginia,https://www.mountainproject.com/route/120344356/the-royal-seal,4,Boulder,V3-4 PG13,1,NA,39.69094,-79.80152
Sitting Pretty (left),Caterpillar Boulder > Greenbrier Boulders > Furnace Road Areas > Coopers Rock State Forest > Northern WV > West Virginia,https://www.mountainproject.com/route/120455197/sitting-pretty-left,3.4,Boulder,V4,1,14,39.65644,-79.82022
Groveling Atlas,The Sea > Upper Rock City > Coopers Rock State Forest > Northern WV > West Virginia,https://www.mountainproject.com/route/122998628/groveling-atlas,4,Boulder,V4,1,NA,39.63851,-79.81744
Second Life,Second Life Boulder > Greenbrier Boulders > Furnace Road Areas > Coopers Rock State Forest > Northern WV > West Virginia,https://www.mountainproject.com/route/120455329/second-life,4,Boulder,V5,1,NA,39.65666,-79.82023
Wheaties,Breakfast Boulders > McCollum Campground Boulders > Coopers Rock State Forest > Northern WV > West Virginia,https://www.mountainproject.com/route/122512766/wheaties,4,Boulder,V4,1,8,39.63827,-79.79028
Thunder Arete,Thunder boulder > Lightning and Thunder Area > Woodshed Boulders > Coopers Rock State Forest > Northern WV > West Virginia,https://www.mountainproject.com/route/122530455/thunder-arete,3,Boulder,V6 PG13,1,14,39.629,-79.79171
Brontes (sit start),Giant's Slab Boulder > 5th Pull Off (School Bus Area) > Darnell Hollow > University Research Forest > Cheat Canyon > Northern WV > West Virginia,https://www.mountainproject.com/route/120607265/brontes-sit-start,3,Boulder,V6,1,NA,39.69077,-79.80159
Sitting Pretty (right),Caterpillar Boulder > Greenbrier Boulders > Furnace Road Areas > Coopers Rock State Forest > Northern WV > West Virginia,https://www.mountainproject.com/route/120455246/sitting-pretty-right,2.5,Boulder,V4,1,NA,39.65644,-79.82022
Check Your Nails,Nails Area > McCollum Campground Boulders > Coopers Rock State Forest > Northern WV > West Virginia,https://www.mountainproject.com/route/122181151/check-your-nails,4,Boulder,V3-4,1,NA,39.63668,-79.78844
Nail City Express,South Wheeling Wall > Northern Panhandle > Northern WV > West Virginia,https://www.mountainproject.com/route/122709998/nail-city-express,4,Boulder,V5,1,225,40.06252,-80.72522
Fountain of Youth,Secret Spring Boulders > McCollum Campground Boulders > Coopers Rock State Forest > Northern WV > West Virginia,https://www.mountainproject.com/route/122513720/fountain-of-youth,4,Boulder,V4,1,10,39.63748,-79.79039
Target Practice,Target Practice Boulders > Green Acres > Powerline South > Raven Rock Trail Areas > Coopers Rock State Forest > Northern WV > West Virginia,https://www.mountainproject.com/route/123209275/target-practice,4,Boulder,V6,1,10,39.62681,-79.80075
Spasmic Seismic Slap,Thunder boulder > Lightning and Thunder Area > Woodshed Boulders > Coopers Rock State Forest > Northern WV > West Virginia,https://www.mountainproject.com/route/123115677/spasmic-seismic-slap,4,Boulder,V7,1,NA,39.629,-79.79171
Winter Morning Arete,The Sea > Upper Rock City > Coopers Rock State Forest > Northern WV > West Virginia,https://www.mountainproject.com/route/122998995/winter-morning-arete,4,Boulder,V4-5 R,1,NA,39.63851,-79.81744
White Lightning,Rohrbaugh Trail Boulders and Cliffs > Dolly Sods Region > Eastern WV > West Virginia,https://www.mountainproject.com/route/122646422/white-lightning,4,Boulder,V5+,1,14,38.98778,-79.35345
Chameleon,E: Multi-Dihedral Boulder > Downstream Boulderfield > Bozoo Bouldering > Bozoo > Southern WV > West Virginia,https://www.mountainproject.com/route/106758401/chameleon,4,Boulder,V8,1,15,37.4839,-80.8747
Bread (aka Ball Joint Fractured),The Sea > Upper Rock City > Coopers Rock State Forest > Northern WV > West Virginia,https://www.mountainproject.com/route/122998662/bread-aka-ball-joint-fractured,4,Boulder,V4,1,NA,39.63851,-79.81744
Sarasaland,5. The Daisy Cave > Laurel Trail Boulders > Tomlinson Run State Park > Northern Panhandle > Northern WV > West Virginia,https://www.mountainproject.com/route/122727580/sarasaland,4,Boulder,V6,1,10,40.54721,-80.60521
Fo'in Skri'ul,Trailside Boulder > Rocky Ridge Trail > Dolly Sods Region > Eastern WV > West Virginia,https://www.mountainproject.com/route/122607640/foin-skriul,3,Boulder,V6,1,18,39.06971,-79.36541
Rattlesnake Squeeze,Orange Puddles Area > Bear Rocks Preserve > Dolly Sods Region > Eastern WV > West Virginia,https://www.mountainproject.com/route/122610285/rattlesnake-squeeze,4,"Boulder, Alpine",V3-4,1,8,39.06638,-79.30055
Here Lies Ray Weber (project),1. The Choss Garden > Laurel Trail Boulders > Tomlinson Run State Park > Northern Panhandle > Northern WV > West Virginia,https://www.mountainproject.com/route/122727382/here-lies-ray-weber-project,4,Boulder,V10,1,20,40.54511,-80.6004
Crevice Project,2. Stigmaria Boulders > Camp 70 Boulders > Eastern WV > West Virginia,https://www.mountainproject.com/route/122633058/crevice-project,4,Boulder,V7+,1,15,39.12299,-79.4326
Walking on Clouds,Rohrbaugh Trail Boulders and Cliffs > Dolly Sods Region > Eastern WV > West Virginia,https://www.mountainproject.com/route/122646552/walking-on-clouds,4,Boulder,V4,1,14,38.98778,-79.35345
Smells Like Choss,1. The Choss Garden > Laurel Trail Boulders > Tomlinson Run State Park > Northern Panhandle > Northern WV > West Virginia,https://www.mountainproject.com/route/122720717/smells-like-choss,4,Boulder,V4,1,20,40.54511,-80.6004
Apprentice's Edge,Trailside Boulder > Rocky Ridge Trail > Dolly Sods Region > Eastern WV > West Virginia,https://www.mountainproject.com/route/122607661/apprentices-edge,4,Boulder,V3-4,1,NA,39.06971,-79.36541
Pinball Wizard,F. Firepole Boulder > Main Area Bouldering > Bozoo Bouldering > Bozoo > Southern WV > West Virginia,https://www.mountainproject.com/route/107968808/pinball-wizard,4,Boulder,V5 PG13,1,25,37.4777,-80.8677
Flinger,Flinger Boulder > Flinger Area > Bozoo Bouldering > Bozoo > Southern WV > West Virginia,https://www.mountainproject.com/route/107968848/flinger,4,Boulder,V8,1,15,37.4811,-80.8712
Saralcc Pit (right),2. Stigmaria Boulders > Camp 70 Boulders > Eastern WV > West Virginia,https://www.mountainproject.com/route/122633089/saralcc-pit-right,4,Boulder,V4,1,12,39.12299,-79.4326
Fruit Loops,J: 45 Deg Wall > J: Highlander Area > Main Area Bouldering > Bozoo Bouldering > Bozoo > Southern WV > West Virginia,https://www.mountainproject.com/route/108814306/fruit-loops,4,Boulder,V8,1,30,37.478,-80.8667
Zion Traverse,J: Zion Boulder > Zion > Bozoo Bouldering > Bozoo > Southern WV > West Virginia,https://www.mountainproject.com/route/108856187/zion-traverse,4,Boulder,V6,1,15,37.48375,-80.87442
The Flame,B. Hershey Boulder > Main Area Bouldering > Bozoo Bouldering > Bozoo > Southern WV > West Virginia,https://www.mountainproject.com/route/107966294/the-flame,4,Boulder,V7 R,1,25,37.4776,-80.8673
Nose Candy,Nose Candy Boulder > Stoned Hinge > Bozoo Bouldering > Bozoo > Southern WV > West Virginia,https://www.mountainproject.com/route/108890049/nose-candy,4,Boulder,V7,1,NA,37.49488,-80.87206
Flotation,H: Flow Boulder > Downstream Boulderfield > Bozoo Bouldering > Bozoo > Southern WV > West Virginia,https://www.mountainproject.com/route/107988209/flotation,4,Boulder,V5,1,14,37.48369,-80.8757
The Frenchman,Fayette Station Boulders > New River Gorge Proper > The New River Gorge Region > West Virginia,https://www.mountainproject.com/route/116218277/the-frenchman,3.7,Boulder,V8,1,15,38.068,-81.08255
I'm Paris,I'm Paris Crack > Site 6 Boulders > Rhododendron Campground Boulders > Coopers Rock State Forest > Northern WV > West Virginia,https://www.mountainproject.com/route/123384613/im-paris,4,Boulder,V3-4,1,NA,39.64051,-79.81326
Beg For You,Eldorado Roofs > Eldorado > Furnace Road Areas > Coopers Rock State Forest > Northern WV > West Virginia,https://www.mountainproject.com/route/123319379/beg-for-you,4,Boulder,V4-5,1,NA,39.65525,-79.80079
Casey Jones,Casey Jones Boulder > Casey Jones > Lower New River Gorge Bouldering > New River Gorge Proper > The New River Gorge Region > West Virginia,https://www.mountainproject.com/route/123338648/casey-jones,4,Boulder,V5-,1,NA,38.11356,-81.14335
Moon of Foul Magics,Game Trail Slab Boulder > Green Acres > Powerline South > Raven Rock Trail Areas > Coopers Rock State Forest > Northern WV > West Virginia,https://www.mountainproject.com/route/123229517/moon-of-foul-magics,4,Boulder,V5-6,1,NA,39.62553,-79.80088
Giant's Gift,Giant's Slab Area > Green Acres > Powerline South > Raven Rock Trail Areas > Coopers Rock State Forest > Northern WV > West Virginia,https://www.mountainproject.com/route/123229595/giants-gift,4,Boulder,V6-7 R,1,30,39.62553,-79.80104
Failed Expedition,Stream Boulder > Area 3 > Darnell Hollow > University Research Forest > Cheat Canyon > Northern WV > West Virginia,https://www.mountainproject.com/route/123380878/failed-expedition,3,Boulder,V7,1,NA,39.69117,-79.80647
I'm About to Crash,Eldorado Roofs > Eldorado > Furnace Road Areas > Coopers Rock State Forest > Northern WV > West Virginia,https://www.mountainproject.com/route/123319402/im-about-to-crash,4,Boulder,V7-8,1,NA,39.65525,-79.80079
Sleep to Dream,Shadow Boxer Boulder > Good Block Area > Tilted Tree > Coopers Rock State Forest > Northern WV > West Virginia,https://www.mountainproject.com/route/123352311/sleep-to-dream,2.5,Boulder,V10-,1,NA,39.633,-79.80485
Shadow Boxer,Shadow Boxer Boulder > Good Block Area > Tilted Tree > Coopers Rock State Forest > Northern WV > West Virginia,https://www.mountainproject.com/route/116203300/shadow-boxer,3.5,Boulder,V6,1,NA,39.633,-79.80485
Bizzaro,Bizzaro Boulder > First Set Boulders > Roadside > Coopers Rock State Forest > Northern WV > West Virginia,https://www.mountainproject.com/route/107035311/bizzaro,3.7,Boulder,V6,1,NA,39.63597,-79.81293
White Eyebrow,White Eyebrow Boulder > Hawk's Nest Proper > Lower New River Gorge Bouldering > New River Gorge Proper > The New River Gorge Region > West Virginia,https://www.mountainproject.com/route/107294383/white-eyebrow,3.6,Boulder,V7,1,NA,38.11781,-81.13181
Like Drops of Blood,Rhodo Cave > Rhododendron Trail Areas > Coopers Rock State Forest > Northern WV > West Virginia,https://www.mountainproject.com/route/120167986/like-drops-of-blood,3.8,Boulder,V10-11,1,25,39.64472,-79.82429
Brainstew,County Line South > County Line Boulders > Park Entrance Areas > Coopers Rock State Forest > Northern WV > West Virginia,https://www.mountainproject.com/route/118642839/brainstew,3.6,Boulder,V5,1,NA,39.64907,-79.78648
Way of the Gun,Fayette Station Boulders > New River Gorge Proper > The New River Gorge Region > West Virginia,https://www.mountainproject.com/route/116218267/way-of-the-gun,3.4,Boulder,V4,1,15,38.068,-81.08255
The Moe,Moe Boulder > Moe Area > Interp Boulders > New River Gorge Proper > The New River Gorge Region > West Virginia,https://www.mountainproject.com/route/115172943/the-moe,3.3,Boulder,V6,1,NA,38.07878,-81.07696
Flower Moon,Sector 1 > Cheat Canyon Wildlife Management Area > Cheat Canyon > Northern WV > West Virginia,https://www.mountainproject.com/route/120183543/flower-moon,3.7,Boulder,V4,1,12,39.51329,-79.65458
Wild Bill's Boulder | 5503,Wild Bill's Boulder > Bridge Boulders > Bridge Area > New River Gorge Proper > The New River Gorge Region > West Virginia,https://www.mountainproject.com/route/108575503/wild-bills-boulder-5503,3.8,Boulder,V5+,1,NA,38.07138,-81.07971
James Gnomerson,Gnome Boulder > 5th Pull Off (School Bus Area) > Darnell Hollow > University Research Forest > Cheat Canyon > Northern WV > West Virginia,https://www.mountainproject.com/route/120081696/james-gnomerson,3.7,Boulder,V7,1,NA,39.69069,-79.80237
Conquistador of the useless,Eldorado Roofs > Eldorado > Furnace Road Areas > Coopers Rock State Forest > Northern WV > West Virginia,https://www.mountainproject.com/route/123115126/conquistador-of-the-useless,3.2,Boulder,V6,1,15,39.65525,-79.80079
Brain Traverse,County Line South > County Line Boulders > Park Entrance Areas > Coopers Rock State Forest > Northern WV > West Virginia,https://www.mountainproject.com/route/118642872/brain-traverse,3.5,Boulder,V4,1,NA,39.64907,-79.78648
Lost My Keys,10. MacGuffin Boulder > Meadow Top Boulders > Meadow River Gorge > The New River Gorge Region > West Virginia,https://www.mountainproject.com/route/121003875/lost-my-keys,3.1,Boulder,V6 PG13,1,17,38.15371,-80.93505
Incident,Cotton Top > Cotton Hill > New River Gorge Proper > The New River Gorge Region > West Virginia,https://www.mountainproject.com/route/113896798/incident,3,Boulder,V7-,1,15,38.1151,-81.14094
D. The Pocket Problem,A: Pocket Boulder > Main Area Bouldering > Bozoo Bouldering > Bozoo > Southern WV > West Virginia,https://www.mountainproject.com/route/106531074/d-the-pocket-problem,3.2,Boulder,V4,1,8,37.4776,-80.8664
Moonshine,Moonchild Boulder > Sunset Wall Area > Roadside > Coopers Rock State Forest > Northern WV > West Virginia,https://www.mountainproject.com/route/122430051/moonshine,3.4,Boulder,V5,1,10,39.63494,-79.81085
Helgramite,“The Prize” Sector > Cheat Canyon Wildlife Management Area > Cheat Canyon > Northern WV > West Virginia,https://www.mountainproject.com/route/117114733/helgramite,3.6,Boulder,V5-6,1,NA,39.51394,-79.65676
Stick With It,Fiddle Rock > Fiddle Area > Tilted Tree > Coopers Rock State Forest > Northern WV > West Virginia,https://www.mountainproject.com/route/116209644/stick-with-it,3.2,Boulder,V5,1,NA,39.63378,-79.8061
The Beginning of the End,Final Fantasy Cave > Tilted Tree Area > Tilted Tree > Coopers Rock State Forest > Northern WV > West Virginia,https://www.mountainproject.com/route/118813621/the-beginning-of-the-end,3.7,Boulder,V9,1,30,39.6332,-79.805
Anaphylactic Arete,Eldorado Roofs > Eldorado > Furnace Road Areas > Coopers Rock State Forest > Northern WV > West Virginia,https://www.mountainproject.com/route/123115852/anaphylactic-arete,3.4,Boulder,V7,1,20,39.65525,-79.80079
Bubba Hotep,Ali Bubba Cave > Short Creek Bouldering > Beauty Mountain > New River Gorge Proper > The New River Gorge Region > West Virginia,https://www.mountainproject.com/route/111847847/bubba-hotep,3.4,Boulder,V10,1,NA,38.05628,-81.03456
False Start,Souvenir Roof Boulder > Interp Boulders > New River Gorge Proper > The New River Gorge Region > West Virginia,https://www.mountainproject.com/route/115172753/false-start,3.4,Boulder,V8,1,NA,38.0788,-81.07699
Porphyrion,Giant's Slab Boulder > 5th Pull Off (School Bus Area) > Darnell Hollow > University Research Forest > Cheat Canyon > Northern WV > West Virginia,https://www.mountainproject.com/route/120073864/porphyrion,3.3,Boulder,V6,1,NA,39.69077,-79.80159
Quote the Raven,Sector 1 > Cheat Canyon Wildlife Management Area > Cheat Canyon > Northern WV > West Virginia,https://www.mountainproject.com/route/117118809/quote-the-raven,3.5,Boulder,V8,1,NA,39.51329,-79.65458
Bowsprit,Bowsprit Boulders > McCollum Campground Boulders > Coopers Rock State Forest > Northern WV > West Virginia,https://www.mountainproject.com/route/118705951/bowsprit,3.7,Boulder,V5,1,12,39.64043,-79.7916
Get the Wood Out,P-Hole Boulder > Underlook Trail Boulders > Coopers Rock State Forest > Northern WV > West Virginia,https://www.mountainproject.com/route/122966609/get-the-wood-out,3.4,Boulder,V6,1,12,39.63684,-79.81682
Campfire Roof,Waiting Room/ Campfire > Darkside East > Darnell Hollow > University Research Forest > Cheat Canyon > Northern WV > West Virginia,https://www.mountainproject.com/route/120243226/campfire-roof,3.4,Boulder,V5,1,NA,39.69033,-79.8016
Ballad of the Chestnut Tree,Chestnut Tree Boulder > First Area Boulders > Rhododendron Trail Areas > Coopers Rock State Forest > Northern WV > West Virginia,https://www.mountainproject.com/route/122996655/ballad-of-the-chestnut-tree,3.5,Boulder,V4,1,12,39.64162,-79.81945
Jaws,Motorcycle Rocks > Haystack Area > Underlook Trail Boulders > Coopers Rock State Forest > Northern WV > West Virginia,https://www.mountainproject.com/route/123090987/jaws,3.3,Boulder,V6,1,10,39.6358,-79.81508
Striking Distance (Stand),Sector 1 > Cheat Canyon Wildlife Management Area > Cheat Canyon > Northern WV > West Virginia,https://www.mountainproject.com/route/117118801/striking-distance-stand,3.7,Boulder,V4-5,1,NA,39.51329,-79.65458
Mountaineer's Route (original),Tendon Repair Kit Area > Roadside > Coopers Rock State Forest > Northern WV > West Virginia,https://www.mountainproject.com/route/107035387/mountaineers-route-original,3.8,Boulder,V5+,1,NA,39.63561,-79.81205
Gator Skin Left,G:Alligator Skin Boulder > Downstream Boulderfield > Bozoo Bouldering > Bozoo > Southern WV > West Virginia,https://www.mountainproject.com/route/106607844/gator-skin-left,3.7,Boulder,V4+,1,17,37.48388,-80.87508
Brontes,Giant's Slab Boulder > 5th Pull Off (School Bus Area) > Darnell Hollow > University Research Forest > Cheat Canyon > Northern WV > West Virginia,https://www.mountainproject.com/route/119698805/brontes,3.6,Boulder,V5,1,NA,39.69077,-79.80159
Was That a Boob?,Breast Arête Boulder > Hawk's Nest Proper > Lower New River Gorge Bouldering > New River Gorge Proper > The New River Gorge Region > West Virginia,https://www.mountainproject.com/route/113931684/was-that-a-boob,3,Boulder,V6,1,10,38.11816,-81.13164
Bend It,Bendable Boulder > Greenbrier Boulders > Furnace Road Areas > Coopers Rock State Forest > Northern WV > West Virginia,https://www.mountainproject.com/route/120456316/bend-it,3.8,Boulder,V3-4,1,NA,39.6558,-79.81807
Damascus Road,Rhodo Cave > Rhododendron Trail Areas > Coopers Rock State Forest > Northern WV > West Virginia,https://www.mountainproject.com/route/120167899/damascus-road,3.4,Boulder,V4,1,15,39.64472,-79.82429
Pentagon,Forgotten Block > The Forgotten Block Area > Upper Rock City > Coopers Rock State Forest > Northern WV > West Virginia,https://www.mountainproject.com/route/114274278/pentagon,3.4,Boulder,V7,1,20,39.63784,-79.81715
Firepole,F. Firepole Boulder > Main Area Bouldering > Bozoo Bouldering > Bozoo > Southern WV > West Virginia,https://www.mountainproject.com/route/106536647/firepole,3.3,Boulder,V4-,1,12,37.4777,-80.8677
High Voltage,1. Powerline Boulders > Camp 70 Boulders > Eastern WV > West Virginia,https://www.mountainproject.com/route/119180321/high-voltage,3.5,Boulder,V4,1,9,39.13486,-79.43886
The Loving Arms Of A Man,P-Hole Boulder > Underlook Trail Boulders > Coopers Rock State Forest > Northern WV > West Virginia,https://www.mountainproject.com/route/122975319/the-loving-arms-of-a-man,3.4,Boulder,V7,1,10,39.63684,-79.81682
Big Alternative,Junkyard Cave > Junkyard Area > New River Gorge Proper > The New River Gorge Region > West Virginia,https://www.mountainproject.com/route/115177348/big-alternative,2.7,Boulder,V4,1,NA,38.08454,-81.08123
Ferrous Geode,Taper Point Boulder > Cotton Top > Lower New River Gorge Bouldering > New River Gorge Proper > The New River Gorge Region > West Virginia,https://www.mountainproject.com/route/119931712/ferrous-geode,3.6,Boulder,V6,1,13,38.11579,-81.14159
Heart Attack Jack,C2: 211 Spot Boulder > C: Talus Area > Downstream Boulderfield > Bozoo Bouldering > Bozoo > Southern WV > West Virginia,https://www.mountainproject.com/route/106590711/heart-attack-jack,3.5,Boulder,V5,1,14,37.4838,-80.87403
Grumpy,Mushroom Boulder (Picnic Table) > Upper Rock City > Coopers Rock State Forest > Northern WV > West Virginia,https://www.mountainproject.com/route/117564524/grumpy,3.1,Boulder,V5,1,13,39.63972,-79.81768
Roof Problem,Final Fantasy Cave > Tilted Tree Area > Tilted Tree > Coopers Rock State Forest > Northern WV > West Virginia,https://www.mountainproject.com/route/114613442/roof-problem,3,Boulder,V4,1,10,39.6332,-79.805
Balancing Act,Lost in Moss Boulder > Junction Boulders > Snake Hill Wildlife Management Area > Cheat Canyon > Northern WV > West Virginia,https://www.mountainproject.com/route/118835725/balancing-act,3.2,Boulder,V4,1,NA,39.62285,-79.8356
Uncle Dave's Porno Bin,03. Corsair Boulder > Meadow Top Boulders > Meadow River Gorge > The New River Gorge Region > West Virginia,https://www.mountainproject.com/route/121278900/uncle-daves-porno-bin,3.1,Boulder,V5,1,8,38.15325,-80.93077
Pocket Prow,Tilted Tree Corridor > Tilted Tree Area > Tilted Tree > Coopers Rock State Forest > Northern WV > West Virginia,https://www.mountainproject.com/route/107041815/pocket-prow,3.4,Boulder,V7,1,NA,39.63321,-79.80525
V9s,V9s Boulder > Cotton Bottom > Lower New River Gorge Bouldering > New River Gorge Proper > The New River Gorge Region > West Virginia,https://www.mountainproject.com/route/115127744/v9s,2.8,Boulder,V4,1,18,38.11547,-81.14354
Firepole Arete (Pinball),F. Firepole Boulder > Main Area Bouldering > Bozoo Bouldering > Bozoo > Southern WV > West Virginia,https://www.mountainproject.com/route/106536665/firepole-arete-pinball,3.2,Boulder,V4,1,12,37.4777,-80.8677
White Egret,Casey Jones Boulder > Casey Jones > Lower New River Gorge Bouldering > New River Gorge Proper > The New River Gorge Region > West Virginia,https://www.mountainproject.com/route/121529006/white-egret,3.7,Boulder,V10,1,10,38.11356,-81.14335
Buried Treasure,1. Powerline Boulders > Camp 70 Boulders > Eastern WV > West Virginia,https://www.mountainproject.com/route/119180517/buried-treasure,3.5,Boulder,V6,1,10,39.13486,-79.43886
The White One,County Line South > County Line Boulders > Park Entrance Areas > Coopers Rock State Forest > Northern WV > West Virginia,https://www.mountainproject.com/route/118643009/the-white-one,3.4,Boulder,V4,1,NA,39.64907,-79.78648
Triple H,1. Powerline Boulders > Camp 70 Boulders > Eastern WV > West Virginia,https://www.mountainproject.com/route/119180278/triple-h,3.8,Boulder,V6,1,10,39.13486,-79.43886
Road Rage (stand),East Block > Road Blocks (Route 73) > Park Entrance Areas > Coopers Rock State Forest > Northern WV > West Virginia,https://www.mountainproject.com/route/123183315/road-rage-stand,3.5,Boulder,V4,1,12,39.66111,-79.8051
The Excellent Adventure,1. Powerline Boulders > Camp 70 Boulders > Eastern WV > West Virginia,https://www.mountainproject.com/route/119180826/the-excellent-adventure,3.7,Boulder,V7,1,12,39.13486,-79.43886
Damascus Road Left Fork,Rhodo Cave > Rhododendron Trail Areas > Coopers Rock State Forest > Northern WV > West Virginia,https://www.mountainproject.com/route/121580752/damascus-road-left-fork,3.5,Boulder,V4,1,15,39.64472,-79.82429
Stupid Human Tricks aka Whale's Belly,Whale Boulder > Roundhouse Area > Upper Rock City > Coopers Rock State Forest > Northern WV > West Virginia,https://www.mountainproject.com/route/114355003/stupid-human-tricks-aka-whales-belly,3.1,Boulder,V4,1,8,39.63789,-79.81842
The Prize,“The Prize” Sector > Cheat Canyon Wildlife Management Area > Cheat Canyon > Northern WV > West Virginia,https://www.mountainproject.com/route/117114665/the-prize,3.5,Boulder,V7,1,15,39.51394,-79.65676
Feeble Wrath of Hell,Creekside Boulder > Deer Skull Boulders > University Research Forest > Cheat Canyon > Northern WV > West Virginia,https://www.mountainproject.com/route/119703987/feeble-wrath-of-hell,3.3,Boulder,V5,1,NA,39.66244,-79.81873
In a Big House Alone,Pendleton Point > Blackwater Falls State Park > Eastern WV > West Virginia,https://www.mountainproject.com/route/121786271/in-a-big-house-alone,3.5,Boulder,V5,1,12,39.11168,-79.49149
Canadian Bacon,Short Roof Boulder > The Forgotten Block Area > Upper Rock City > Coopers Rock State Forest > Northern WV > West Virginia,https://www.mountainproject.com/route/117539530/canadian-bacon,3.8,Boulder,V7,1,15,39.63784,-79.81725
Up in the Clouds,Highland Warrior Area > Bear Rocks Preserve > Dolly Sods Region > Eastern WV > West Virginia,https://www.mountainproject.com/route/122587975/up-in-the-clouds,3.5,"Boulder, Alpine",V6 R,1,15,39.06735,-79.29911
Tennessee whiskey,Dice Boulders > 1st pull off > Darnell Hollow > University Research Forest > Cheat Canyon > Northern WV > West Virginia,https://www.mountainproject.com/route/120735080/tennessee-whiskey,3.5,Boulder,V4-5,1,NA,39.69248,-79.81151
Eye Brow Trimmer,Eye Brow Boulders > Deer Skull Boulders > University Research Forest > Cheat Canyon > Northern WV > West Virginia,https://www.mountainproject.com/route/119703016/eye-brow-trimmer,3.3,Boulder,V5,1,NA,39.66396,-79.8153
Twisted Koolade,Blind Faith Boulder > Darnell Hollow > University Research Forest > Cheat Canyon > Northern WV > West Virginia,https://www.mountainproject.com/route/119703479/twisted-koolade,3.4,Boulder,V5,1,NA,39.69213,-79.80508
Threshold,Threshold Boulder > First Area Boulders > Rhododendron Trail Areas > Coopers Rock State Forest > Northern WV > West Virginia,https://www.mountainproject.com/route/123020344/threshold,3.7,Boulder,V5,1,NA,39.64218,-79.82027
Sophisticated Diplotech,Cellophane Boulder > First Area Boulders > Rhododendron Trail Areas > Coopers Rock State Forest > Northern WV > West Virginia,https://www.mountainproject.com/route/123114767/sophisticated-diplotech,3.6,Boulder,V4,1,NA,39.64268,-79.82037
Tensor,5. The Daisy Cave > Laurel Trail Boulders > Tomlinson Run State Park > Northern Panhandle > Northern WV > West Virginia,https://www.mountainproject.com/route/122727655/tensor,3.5,Boulder,V8,1,6,40.54721,-80.60521
Zugzwang,Lyman's Boulder > Bozooka Area > Bozoo Bouldering > Bozoo > Southern WV > West Virginia,https://www.mountainproject.com/route/106771645/zugzwang,3.5,Boulder,V8,1,15,37.4769,-80.8646
Boxer's Break,"1, 2 Punch Boulder > Sunshine Boulders > New River Gorge Proper > The New River Gorge Region > West Virginia",https://www.mountainproject.com/route/114232076/boxers-break,2.6,Boulder,V7,1,15,38.0738,-81.08513
Bubbles,Bubbles Boulder > Sunshine Boulders > New River Gorge Proper > The New River Gorge Region > West Virginia,https://www.mountainproject.com/route/117034273/bubbles,3.2,Boulder,V4,1,NA,38.07386,-81.08515
Mother Hucker,Fern Creek Boulders > New River Gorge Proper > The New River Gorge Region > West Virginia,https://www.mountainproject.com/route/118243824/mother-hucker,3.2,Boulder,V5,1,8,38.06019,-81.06851
Crimpciple of the Matter,10. MacGuffin Boulder > Meadow Top Boulders > Meadow River Gorge > The New River Gorge Region > West Virginia,https://www.mountainproject.com/route/121003783/crimpciple-of-the-matter,3,Boulder,V6 PG13,1,17,38.15371,-80.93505
Gaston LeGume,10. MacGuffin Boulder > Meadow Top Boulders > Meadow River Gorge > The New River Gorge Region > West Virginia,https://www.mountainproject.com/route/117332185/gaston-legume,3.3,Boulder,V9,1,NA,38.15371,-80.93505
50/50,50/50 Boulder > Roadside > Entryway Boulders > Bozoo Bouldering > Bozoo > Southern WV > West Virginia,https://www.mountainproject.com/route/106652141/5050,3.2,Boulder,V4+,1,13,37.4833,-80.8474
Ali Bubba Stand Start,Ali Bubba Cave > Short Creek Bouldering > Beauty Mountain > New River Gorge Proper > The New River Gorge Region > West Virginia,https://www.mountainproject.com/route/118247281/ali-bubba-stand-start,3.5,Boulder,V8,1,15,38.05628,-81.03456
The Firehose,F. Firepole Boulder > Main Area Bouldering > Bozoo Bouldering > Bozoo > Southern WV > West Virginia,https://www.mountainproject.com/route/107968804/the-firehose,3.3,Boulder,V4,1,15,37.4777,-80.8677
The Allusionist,Allusionist Boulder > Death Block Area > Tilted Tree > Coopers Rock State Forest > Northern WV > West Virginia,https://www.mountainproject.com/route/114306693/the-allusionist,3.5,Boulder,V7,1,NA,39.63376,-79.8074
Immaculate Connection,Immaculate Connection Boulder > Lower Hawk's Nest > Lower New River Gorge Bouldering > New River Gorge Proper > The New River Gorge Region > West Virginia,https://www.mountainproject.com/route/120233354/immaculate-connection,3.2,Boulder,V7,1,15,38.11616,-81.13176
Woody's Arete (sit start),Ceiling Block Area > Roadside > Coopers Rock State Forest > Northern WV > West Virginia,https://www.mountainproject.com/route/116628553/woodys-arete-sit-start,3.2,Boulder,V5,1,18,39.63559,-79.81191
Butcher Shop,Vámanos Boulder > Short Creek Right > Short Creek Bouldering > Beauty Mountain > New River Gorge Proper > The New River Gorge Region > West Virginia,https://www.mountainproject.com/route/120886011/butcher-shop,3.1,Boulder,V4,1,8,38.05496,-81.03566
Rain Line,Sector 1 > Cheat Canyon Wildlife Management Area > Cheat Canyon > Northern WV > West Virginia,https://www.mountainproject.com/route/117118785/rain-line,3.4,Boulder,V7-,1,NA,39.51329,-79.65458
Big Block Nose,Forgotten Block > The Forgotten Block Area > Upper Rock City > Coopers Rock State Forest > Northern WV > West Virginia,https://www.mountainproject.com/route/118911430/big-block-nose,3.1,Boulder,V4,1,NA,39.63784,-79.81715
G-String,Bear Rock Lake Bouldering (Wheeling) > Northern Panhandle > Northern WV > West Virginia,https://www.mountainproject.com/route/108084019/g-string,3.2,Boulder,V4,1,12,40.0763,-80.5333
Mini Skull Fuck,Cotton Bottom | 7012 > Cotton Bottom > Lower New River Gorge Bouldering > New River Gorge Proper > The New River Gorge Region > West Virginia,https://www.mountainproject.com/route/121595648/mini-skull-fuck,2.8,Boulder,V4+,1,8,38.1128,-81.1435
Macho Man Randy Savage,08. Egyptian Boulder > Meadow Top Boulders > Meadow River Gorge > The New River Gorge Region > West Virginia,https://www.mountainproject.com/route/116140322/macho-man-randy-savage,2.4,Boulder,V5,1,NA,38.15359,-80.93483
Wave Rider,Wave Rider Boulder > Fiddle Area > Tilted Tree > Coopers Rock State Forest > Northern WV > West Virginia,https://www.mountainproject.com/route/114227306/wave-rider,3.3,Boulder,V5+,1,16,39.63361,-79.80602
Throwing Stars,Vámanos Boulder > Short Creek Right > Short Creek Bouldering > Beauty Mountain > New River Gorge Proper > The New River Gorge Region > West Virginia,https://www.mountainproject.com/route/114210918/throwing-stars,3.3,Boulder,V5,1,NA,38.05496,-81.03566
Humility,Tier 2 Boulders > Moby Area > Tilted Tree > Coopers Rock State Forest > Northern WV > West Virginia,https://www.mountainproject.com/route/114306618/humility,2.7,Boulder,V5,1,11,39.6339,-79.80704
Fingers Malone,Malone Boulder > Cotton Bottom > Lower New River Gorge Bouldering > New River Gorge Proper > The New River Gorge Region > West Virginia,https://www.mountainproject.com/route/117033957/fingers-malone,3,Boulder,V8,1,15,38.11552,-81.14362
Stink Ray,Tier 2 Boulders > Moby Area > Tilted Tree > Coopers Rock State Forest > Northern WV > West Virginia,https://www.mountainproject.com/route/118909191/stink-ray,2.9,Boulder,V4,1,NA,39.6339,-79.80704
Silver Bullet,Fern Creek Boulders > New River Gorge Proper > The New River Gorge Region > West Virginia,https://www.mountainproject.com/route/120726374/silver-bullet,3.3,Boulder,V4,1,13,38.06019,-81.06851
Flat Daddy,Butcher Block > Mad Butcher Block Area > Roadside > Coopers Rock State Forest > Northern WV > West Virginia,https://www.mountainproject.com/route/107035440/flat-daddy,2.7,Boulder,V4,1,NA,39.63545,-79.8122
Magic Trick,04. I Love Luci! Boulder > Meadow Top Boulders > Meadow River Gorge > The New River Gorge Region > West Virginia,https://www.mountainproject.com/route/117671478/magic-trick,3,Boulder,V9-,1,NA,38.15326,-80.9301
Big Momma,Junkyard Cave > Junkyard Area > New River Gorge Proper > The New River Gorge Region > West Virginia,https://www.mountainproject.com/route/118782302/big-momma,2.9,Boulder,V5,1,NA,38.08454,-81.08123
Big Daddy,Junkyard Cave > Junkyard Area > New River Gorge Proper > The New River Gorge Region > West Virginia,https://www.mountainproject.com/route/118782238/big-daddy,3,Boulder,V6,1,NA,38.08454,-81.08123
Skywalker,Land's End Boulder > Meadow Top Boulders > Meadow River Gorge > The New River Gorge Region > West Virginia,https://www.mountainproject.com/route/118685196/skywalker,2.8,Boulder,V4,1,12,38.15443,-80.93717
Fin-ish,Tendon Repair Kit Area > Roadside > Coopers Rock State Forest > Northern WV > West Virginia,https://www.mountainproject.com/route/112030080/fin-ish,2.9,Boulder,V4-,1,NA,39.63561,-79.81205
Chick Direct,Junkyard Cave > Junkyard Area > New River Gorge Proper > The New River Gorge Region > West Virginia,https://www.mountainproject.com/route/121913930/chick-direct,3.2,Boulder,V5,1,NA,38.08454,-81.08123
Thor,07. The Cave > Meadow Top Boulders > Meadow River Gorge > The New River Gorge Region > West Virginia,https://www.mountainproject.com/route/121003476/thor,2.8,Boulder,V7 PG13,1,25,38.15368,-80.93441
The BoulderCliff Problem,The BoulderCliff > BoulderCliff Area > Entryway Boulders > Bozoo Bouldering > Bozoo > Southern WV > West Virginia,https://www.mountainproject.com/route/106652158/the-bouldercliff-problem,3,Boulder,V5-6,1,15,37.4744,-80.8588
Breast Arête,Breast Arête Boulder > Hawk's Nest Proper > Lower New River Gorge Bouldering > New River Gorge Proper > The New River Gorge Region > West Virginia,https://www.mountainproject.com/route/113920881/breast-arete,2.7,Boulder,V5+,1,9,38.11816,-81.13164
Ruth's Roof,Ali Bubba Cave > Short Creek Bouldering > Beauty Mountain > New River Gorge Proper > The New River Gorge Region > West Virginia,https://www.mountainproject.com/route/114215467/ruths-roof,2.8,Boulder,V4,1,NA,38.05628,-81.03456
Chesticles,13. Chesticles Boulder > Meadow Top Boulders > Meadow River Gorge > The New River Gorge Region > West Virginia,https://www.mountainproject.com/route/118033874/chesticles,3.2,Boulder,V9-,1,14,38.15395,-80.93658
"By the Way, I Did Your Mom",Iron Bar Boulder > Hawk's Nest Proper > Lower New River Gorge Bouldering > New River Gorge Proper > The New River Gorge Region > West Virginia,https://www.mountainproject.com/route/115964301/by-the-way-i-did-your-mom,3,Boulder,V7,1,15,38.11732,-81.13177
Circle of Life,02a. Circle of Life Boulder > Meadow Top Boulders > Meadow River Gorge > The New River Gorge Region > West Virginia,https://www.mountainproject.com/route/121913907/circle-of-life,3.4,Boulder,V4,1,NA,38.15273,-80.92841
Moby's Mantel,Moby Boulder > Moby Area > Tilted Tree > Coopers Rock State Forest > Northern WV > West Virginia,https://www.mountainproject.com/route/114300392/mobys-mantel,3.1,Boulder,V4,1,NA,39.63388,-79.80663
The Shocker,Bowling Ball Boulder (Gym Face) > Coral Area > Tilted Tree > Coopers Rock State Forest > Northern WV > West Virginia,https://www.mountainproject.com/route/115318794/the-shocker,2.4,Boulder,V4-5,1,15,39.63305,-79.80666
Half Moon Tilt Stand,Man On The Moon Boulder > Cotton Top > Lower New River Gorge Bouldering > New River Gorge Proper > The New River Gorge Region > West Virginia,https://www.mountainproject.com/route/114131656/half-moon-tilt-stand,3.3,Boulder,V6,1,8,38.11546,-81.14229
Bitch Be Cool,First Wall Right > First Wall > Tilted Tree > Coopers Rock State Forest > Northern WV > West Virginia,https://www.mountainproject.com/route/114234584/bitch-be-cool,2.8,Boulder,V4+,1,12,39.63359,-79.80548
Burning Sensation,P-Hole Boulder > Underlook Trail Boulders > Coopers Rock State Forest > Northern WV > West Virginia,https://www.mountainproject.com/route/122966391/burning-sensation,3,Boulder,V4,1,12,39.63684,-79.81682
Number Two,Bear Rock Lake Bouldering (Wheeling) > Northern Panhandle > Northern WV > West Virginia,https://www.mountainproject.com/route/107796681/number-two,3,Boulder,V6,1,10,40.0763,-80.5333
The Brain,The Brain Boulder > Bozooka Area > Bozoo Bouldering > Bozoo > Southern WV > West Virginia,https://www.mountainproject.com/route/106545317/the-brain,3,Boulder,V4,1,14,37.4769,-80.8646
Sloper Ledges (placeholder name),Sloper Proj Boulder > Sloper Project Area > Powerline Boulders > Bozoo Bouldering > Bozoo > Southern WV > West Virginia,https://www.mountainproject.com/route/106692467/sloper-ledges-placeholder-name,3,Boulder,V6,1,10,37.4749,-80.8602
Boffedes,4. Third Buttress > Upper Meadow > Meadow River Gorge > The New River Gorge Region > West Virginia,https://www.mountainproject.com/route/122258622/boffedes,2.7,Boulder,V6,1,25,38.14336,-80.91556
Crown of Thorns,Crimson Crack Boulder > Triangle Boulders > Greenbrier Boulders > Furnace Road Areas > Coopers Rock State Forest > Northern WV > West Virginia,https://www.mountainproject.com/route/123115915/crown-of-thorns,3,Boulder,V7+,1,NA,39.65574,-79.81872
Scream,Fayette Station Boulders > New River Gorge Proper > The New River Gorge Region > West Virginia,https://www.mountainproject.com/route/121601250/scream,3.5,Boulder,V7,1,16,38.068,-81.08255
Spicy Sweet,Bat Cave Boulder > Cotton Bottom > Lower New River Gorge Bouldering > New River Gorge Proper > The New River Gorge Region > West Virginia,https://www.mountainproject.com/route/120477950/spicy-sweet,3,Boulder,V6,1,15,38.11765,-81.14388
Teardrop,County Line South > County Line Boulders > Park Entrance Areas > Coopers Rock State Forest > Northern WV > West Virginia,https://www.mountainproject.com/route/118693395/teardrop,3,Boulder,V6,1,NA,39.64907,-79.78648
Thatcher's Nose,Thunder boulder > Lightning and Thunder Area > Woodshed Boulders > Coopers Rock State Forest > Northern WV > West Virginia,https://www.mountainproject.com/route/122186370/thatchers-nose,3,Boulder,V4,1,16,39.629,-79.79171
The Bogus Journey,1. Powerline Boulders > Camp 70 Boulders > Eastern WV > West Virginia,https://www.mountainproject.com/route/119180784/the-bogus-journey,3,Boulder,V5,1,12,39.13486,-79.43886
Bust A Move,Zaragoza Boulders > McCollum Campground Boulders > Coopers Rock State Forest > Northern WV > West Virginia,https://www.mountainproject.com/route/121910172/bust-a-move,2.8,Boulder,V5,1,8,39.63377,-79.79169
Chilled,Tilted Tree Corridor > Tilted Tree Area > Tilted Tree > Coopers Rock State Forest > Northern WV > West Virginia,https://www.mountainproject.com/route/117998820/chilled,3,Boulder,V4,1,NA,39.63321,-79.80525
Dr Rosenbud’s Nose Returns,Elephant in the Room Boulder > Lower Hawk's Nest > Lower New River Gorge Bouldering > New River Gorge Proper > The New River Gorge Region > West Virginia,https://www.mountainproject.com/route/121686932/dr-rosenbuds-nose-returns,2.5,Boulder,V4,1,NA,38.11669,-81.13185
Dull Razor Stand,Ganja Bloc Aka Moon Board > Darkside East > Darnell Hollow > University Research Forest > Cheat Canyon > Northern WV > West Virginia,https://www.mountainproject.com/route/120192400/dull-razor-stand,2.7,Boulder,V4,1,12,39.68889,-79.80131
King Swing,Future Roof Boulder > First Area Boulders > Rhododendron Trail Areas > Coopers Rock State Forest > Northern WV > West Virginia,https://www.mountainproject.com/route/122978456/king-swing,3.4,Boulder,V4-,1,NA,39.64215,-79.82036
Red Monster,Coral Boulder > Coral Area > Tilted Tree > Coopers Rock State Forest > Northern WV > West Virginia,https://www.mountainproject.com/route/119777405/red-monster,3,Boulder,V5 PG13,1,15,39.63325,-79.80646
The Will of Fire,The Good Block > Good Block Area > Tilted Tree > Coopers Rock State Forest > Northern WV > West Virginia,https://www.mountainproject.com/route/118811140/the-will-of-fire,3.3,Boulder,V4,1,NA,39.63288,-79.80559
Spinal Tap,Spinal Tap Boulder > Coral Area > Tilted Tree > Coopers Rock State Forest > Northern WV > West Virginia,https://www.mountainproject.com/route/115318758/spinal-tap,3,Boulder,V4,1,15,39.63338,-79.80661
Number Three,Bear Rock Lake Bouldering (Wheeling) > Northern Panhandle > Northern WV > West Virginia,https://www.mountainproject.com/route/118188881/number-three,3,Boulder,V5+,1,15,40.0763,-80.5333
Dark Room,Roof Rocks > Furnace Road Areas > Coopers Rock State Forest > Northern WV > West Virginia,https://www.mountainproject.com/route/120713563/dark-room,2.7,Boulder,V4,1,NA,39.65119,-79.81717
By Moonlight,Creekside Boulder > Deer Skull Boulders > University Research Forest > Cheat Canyon > Northern WV > West Virginia,https://www.mountainproject.com/route/118822064/by-moonlight,3,Boulder,V4,1,NA,39.66244,-79.81873
Seam Mantle,Pendleton Point > Blackwater Falls State Park > Eastern WV > West Virginia,https://www.mountainproject.com/route/121786411/seam-mantle,3,Boulder,V5,1,10,39.11168,-79.49149
Rain Line (Variation 2),Sector 1 > Cheat Canyon Wildlife Management Area > Cheat Canyon > Northern WV > West Virginia,https://www.mountainproject.com/route/120183573/rain-line-variation-2,2.8,Boulder,V5,1,15,39.51329,-79.65458
Poacher,Jungle > 1st pull off > Darnell Hollow > University Research Forest > Cheat Canyon > Northern WV > West Virginia,https://www.mountainproject.com/route/120501034/poacher,3,Boulder,V6,1,NA,39.69255,-79.81061
Balancing Act (sit-start),Lost in Moss Boulder > Junction Boulders > Snake Hill Wildlife Management Area > Cheat Canyon > Northern WV > West Virginia,https://www.mountainproject.com/route/118835728/balancing-act-sit-start,3,Boulder,V4-5,1,NA,39.62285,-79.8356
Mother’s Pride,Future Roof Boulder > First Area Boulders > Rhododendron Trail Areas > Coopers Rock State Forest > Northern WV > West Virginia,https://www.mountainproject.com/route/123014969/mothers-pride,3.1,Boulder,V4-,1,15,39.64215,-79.82036
Back Breaker,Deep Throat Boulder > First Bell Boulders > Snake Hill Wildlife Management Area > Cheat Canyon > Northern WV > West Virginia,https://www.mountainproject.com/route/118842717/back-breaker,2.5,Boulder,V4,1,NA,39.62694,-79.83879
Noah’s Ark,Future Roof Boulder > First Area Boulders > Rhododendron Trail Areas > Coopers Rock State Forest > Northern WV > West Virginia,https://www.mountainproject.com/route/123019105/noahs-ark,2.6,Boulder,V4-5,1,12,39.64215,-79.82036
Wingspan,Wingspan Boulder > Hawk's Nest Proper > Lower New River Gorge Bouldering > New River Gorge Proper > The New River Gorge Region > West Virginia,https://www.mountainproject.com/route/107293346/wingspan,3,Boulder,V4,1,NA,38.11914,-81.13183
PBJ,Ballard Trail Boulders > Kanawha State Forest > Southern WV > West Virginia,https://www.mountainproject.com/route/112556030/pbj,3,Boulder,V4,1,15,38.26547,-81.66757
Lucky Pierre,Bear Haven > Eastern WV > West Virginia,https://www.mountainproject.com/route/109223033/lucky-pierre,3,Boulder,V4+ PG13,1,15,38.9293,-79.6795
Sex Ed.,Swimming Pool Boulders > Tomlinson Run State Park > Northern Panhandle > Northern WV > West Virginia,https://www.mountainproject.com/route/122730538/sex-ed,3,Boulder,V5,1,12,40.53907,-80.57326
No Concessions Given,Concession Stand Boulder > Entrance Boulders > Upper Rock City > Coopers Rock State Forest > Northern WV > West Virginia,https://www.mountainproject.com/route/122974367/no-concessions-given,3,Boulder,V3-4,1,10,39.63793,-79.8168
Mopey Mantle,2. Stigmaria Boulders > Camp 70 Boulders > Eastern WV > West Virginia,https://www.mountainproject.com/route/122632973/mopey-mantle,3,Boulder,V3-4,1,NA,39.12299,-79.4326
H. Crimp Rail Traverse,A: Pocket Boulder > Main Area Bouldering > Bozoo Bouldering > Bozoo > Southern WV > West Virginia,https://www.mountainproject.com/route/106531088/h-crimp-rail-traverse,3,Boulder,V4,1,15,37.4776,-80.8664
The 211 Spot,C2: 211 Spot Boulder > C: Talus Area > Downstream Boulderfield > Bozoo Bouldering > Bozoo > Southern WV > West Virginia,https://www.mountainproject.com/route/106590716/the-211-spot,3,Boulder,V6,1,12,37.4838,-80.87403
BoulderCliff R,The BoulderCliff > BoulderCliff Area > Entryway Boulders > Bozoo Bouldering > Bozoo > Southern WV > West Virginia,https://www.mountainproject.com/route/106652151/bouldercliff-r,3,Boulder,V4+,1,15,37.4744,-80.8588
Cirrhosis of the Leader,12. Beer Wall > Bubba City > New River Gorge Proper > The New River Gorge Region > West Virginia,https://www.mountainproject.com/route/106073368/cirrhosis-of-the-leader,2.6,"Sport, Boulder",5.11d V4+,1,30,38.09026,-81.08717
BoulderCliff L,The BoulderCliff > BoulderCliff Area > Entryway Boulders > Bozoo Bouldering > Bozoo > Southern WV > West Virginia,https://www.mountainproject.com/route/106652163/bouldercliff-l,3,Boulder,V4-5,1,14,37.4744,-80.8588
Change My Life,Continental Division Boulder > Eldorado > Furnace Road Areas > Coopers Rock State Forest > Northern WV > West Virginia,https://www.mountainproject.com/route/123319648/change-my-life,2.7,Boulder,V3-4,1,NA,39.65512,-79.80083
Black Flag,Psychonaughts Boulder > Electric Avenue Area > Tilted Tree > Coopers Rock State Forest > Northern WV > West Virginia,https://www.mountainproject.com/route/123227056/black-flag,3,Boulder,V4,1,10,39.63209,-79.80458
The Curse of Shiva,Milky Boulder > Short Creek Left > Short Creek Bouldering > Beauty Mountain > New River Gorge Proper > The New River Gorge Region > West Virginia,https://www.mountainproject.com/route/123467446/the-curse-of-shiva,3,Boulder,V4,1,20,38.05446,-81.03479
Traffic Noise (low start),East Block > Road Blocks (Route 73) > Park Entrance Areas > Coopers Rock State Forest > Northern WV > West Virginia,https://www.mountainproject.com/route/123227691/traffic-noise-low-start,3,Boulder,V6,1,12,39.66111,-79.8051
Scenic,Motorcycle Rocks > Haystack Area > Underlook Trail Boulders > Coopers Rock State Forest > Northern WV > West Virginia,https://www.mountainproject.com/route/123521035/scenic,3.2,Boulder,V8,1,6,39.6358,-79.81508
Proposal,County Line South > County Line Boulders > Park Entrance Areas > Coopers Rock State Forest > Northern WV > West Virginia,https://www.mountainproject.com/route/118642696/proposal,2.8,Boulder,V4,1,NA,39.64907,-79.78648
TKO,"1, 2 Punch Boulder > Sunshine Boulders > New River Gorge Proper > The New River Gorge Region > West Virginia",https://www.mountainproject.com/route/114455735/tko,3,Boulder,V10,1,15,38.0738,-81.08513
Project,Fox Tail > 1st pull off > Darnell Hollow > University Research Forest > Cheat Canyon > Northern WV > West Virginia,https://www.mountainproject.com/route/121557096/project,3,Boulder,V13-14,1,15,39.69256,-79.81061
The Curse of the Cave,Ali Bubba Cave > Short Creek Bouldering > Beauty Mountain > New River Gorge Proper > The New River Gorge Region > West Virginia,https://www.mountainproject.com/route/120831673/the-curse-of-the-cave,2.8,Boulder,V6,1,NA,38.05628,-81.03456
Chesticular Fortitude,13. Chesticles Boulder > Meadow Top Boulders > Meadow River Gorge > The New River Gorge Region > West Virginia,https://www.mountainproject.com/route/119894488/chesticular-fortitude,3,Boulder,V9-10,1,18,38.15395,-80.93658
Mega Mite,Bat Cave Boulder > Cotton Bottom > Lower New River Gorge Bouldering > New River Gorge Proper > The New River Gorge Region > West Virginia,https://www.mountainproject.com/route/115127542/mega-mite,3.5,Boulder,V11,1,20,38.11765,-81.14388
Bolt Project,Rhodo Cave > Rhododendron Trail Areas > Coopers Rock State Forest > Northern WV > West Virginia,https://www.mountainproject.com/route/120177040/bolt-project,3,Boulder,V11,1,NA,39.64472,-79.82429
Heel Clacker,Allusionist Boulder > Death Block Area > Tilted Tree > Coopers Rock State Forest > Northern WV > West Virginia,https://www.mountainproject.com/route/118831442/heel-clacker,3,Boulder,V10,1,-8,39.63376,-79.8074
Cumulonimbus Sit (Project),Popcorn Boulder > Jekyll and Hyde Area > Lower Rock City > Coopers Rock State Forest > Northern WV > West Virginia,https://www.mountainproject.com/route/121552527/cumulonimbus-sit-project,3,Boulder,V12,1,30,39.64166,-79.82783
Season's Change,Angel Eye Cave > Entrance Boulders > Needleseye Boulder Park > The New River Gorge Region > West Virginia,https://www.mountainproject.com/route/121671718/seasons-change,3,Boulder,V8,1,NA,37.98128,-81.1177
Under My Thumb,Rhodo Cave > Rhododendron Trail Areas > Coopers Rock State Forest > Northern WV > West Virginia,https://www.mountainproject.com/route/120177163/under-my-thumb,3,Boulder,V5,1,18,39.64472,-79.82429
Withering Tree,Rhodo Cave > Rhododendron Trail Areas > Coopers Rock State Forest > Northern WV > West Virginia,https://www.mountainproject.com/route/120177049/withering-tree,3,Boulder,V8,1,NA,39.64472,-79.82429
Old Bay,Angel Eye Cave > Entrance Boulders > Needleseye Boulder Park > The New River Gorge Region > West Virginia,https://www.mountainproject.com/route/121671877/old-bay,3,Boulder,V9 PG13,1,NA,37.98128,-81.1177
Spellcaster,Sunshine Boulder > Sunshine Boulders > New River Gorge Proper > The New River Gorge Region > West Virginia,https://www.mountainproject.com/route/120480101/spellcaster,3,Boulder,V8,1,12,38.0733,-81.08549
Palm Perforator,County Line South > County Line Boulders > Park Entrance Areas > Coopers Rock State Forest > Northern WV > West Virginia,https://www.mountainproject.com/route/119585676/palm-perforator,3,Boulder,V6,1,NA,39.64907,-79.78648
Sloping Rail Direct,Fiddle Rock > Fiddle Area > Tilted Tree > Coopers Rock State Forest > Northern WV > West Virginia,https://www.mountainproject.com/route/121494713/sloping-rail-direct,2,Boulder,V7-,1,NA,39.63378,-79.8061
Come Along,Fiddle Rock > Fiddle Area > Tilted Tree > Coopers Rock State Forest > Northern WV > West Virginia,https://www.mountainproject.com/route/122395765/come-along,3,Boulder,V4,1,15,39.63378,-79.8061
Death Block,Death Block Boulders > Death Block Area > Tilted Tree > Coopers Rock State Forest > Northern WV > West Virginia,https://www.mountainproject.com/route/114306648/death-block,3.8,Boulder,V7+,1,NA,39.63344,-79.80714
Font-tastic,Font Boulders > Entrance Boulders > Upper Rock City > Coopers Rock State Forest > Northern WV > West Virginia,https://www.mountainproject.com/route/117557816/font-tastic,2.8,Boulder,V4,1,NA,39.63797,-79.81721
Krampus,Krampus Boulder > Entrance Boulders > Needleseye Boulder Park > The New River Gorge Region > West Virginia,https://www.mountainproject.com/route/121675729/krampus,3,Boulder,V7,1,NA,37.98056,-81.11923
Weathered Morality,Rock City Arete Boulder > Jekyll and Hyde Area > Lower Rock City > Coopers Rock State Forest > Northern WV > West Virginia,https://www.mountainproject.com/route/121552586/weathered-morality,3.5,Boulder,V7,1,NA,39.64178,-79.82788
Ball's Out,Ceiling Block Area > Roadside > Coopers Rock State Forest > Northern WV > West Virginia,https://www.mountainproject.com/route/118660054/balls-out,3,Boulder,V5,1,NA,39.63559,-79.81191
Bust A Move (Variation),Zaragoza Boulders > McCollum Campground Boulders > Coopers Rock State Forest > Northern WV > West Virginia,https://www.mountainproject.com/route/122454287/bust-a-move-variation,3,Boulder,V8,1,8,39.63377,-79.79169
A Clockwork Orange,First Wall Right > First Wall > Tilted Tree > Coopers Rock State Forest > Northern WV > West Virginia,https://www.mountainproject.com/route/119967778/a-clockwork-orange,2.5,Boulder,V7,1,NA,39.63359,-79.80548
Moonboard Warmup,Ganja Bloc Aka Moon Board > Darkside East > Darnell Hollow > University Research Forest > Cheat Canyon > Northern WV > West Virginia,https://www.mountainproject.com/route/120192410/moonboard-warmup,2.5,Boulder,V4,1,12,39.68889,-79.80131
Microchuck,1. Powerline Boulders > Camp 70 Boulders > Eastern WV > West Virginia,https://www.mountainproject.com/route/119180384/microchuck,3,Boulder,V5,1,7,39.13486,-79.43886
Wet Ho's,Tilted Tree Corridor > Tilted Tree Area > Tilted Tree > Coopers Rock State Forest > Northern WV > West Virginia,https://www.mountainproject.com/route/121106096/wet-hos,3,Boulder,V4,1,13,39.63321,-79.80525
Bizzaro Slab Variation,Bizzaro Boulder > First Set Boulders > Roadside > Coopers Rock State Forest > Northern WV > West Virginia,https://www.mountainproject.com/route/118047627/bizzaro-slab-variation,3,Boulder,V4,1,NA,39.63597,-79.81293
Slam Dunk,Tier 2 Boulders > Moby Area > Tilted Tree > Coopers Rock State Forest > Northern WV > West Virginia,https://www.mountainproject.com/route/118780067/slam-dunk,2.9,Boulder,V4,1,NA,39.6339,-79.80704
Dull Razor,Ganja Bloc Aka Moon Board > Darkside East > Darnell Hollow > University Research Forest > Cheat Canyon > Northern WV > West Virginia,https://www.mountainproject.com/route/120192388/dull-razor,3.7,Boulder,V9,1,12,39.68889,-79.80131
Death Crimp Project,Lower Skittles Boulders > Snake Hill Wildlife Management Area > Cheat Canyon > Northern WV > West Virginia,https://www.mountainproject.com/route/120434763/death-crimp-project,3,Boulder,V9-10,1,15,39.63357,-79.83734
Lip Traverse,Rhodo Cave > Rhododendron Trail Areas > Coopers Rock State Forest > Northern WV > West Virginia,https://www.mountainproject.com/route/120177116/lip-traverse,2.7,Boulder,V5,1,40,39.64472,-79.82429
Popcorn,Popcorn Boulder > Jekyll and Hyde Area > Lower Rock City > Coopers Rock State Forest > Northern WV > West Virginia,https://www.mountainproject.com/route/121567494/popcorn,3,Boulder,V6-7,1,NA,39.64166,-79.82783
Camp 4 Crack,Granite Boulder > Blackwater Falls State Park > Eastern WV > West Virginia,https://www.mountainproject.com/route/121786645/camp-4-crack,3,Boulder,V5-6,1,12,39.10938,-79.48277
Tribe of Two Sheiks,White Eyebrow Boulder > Hawk's Nest Proper > Lower New River Gorge Bouldering > New River Gorge Proper > The New River Gorge Region > West Virginia,https://www.mountainproject.com/route/116072938/tribe-of-two-sheiks,3,Boulder,V8,1,15,38.11781,-81.13181
The Hammer (SDS),Roadside Boulder > Big Wheeling Creek Boulders > Northern Panhandle > Northern WV > West Virginia,https://www.mountainproject.com/route/120221565/the-hammer-sds,3,Boulder,V10,1,10,39.98089,-80.61672
Habitat for Humility,Fox Tail > 1st pull off > Darnell Hollow > University Research Forest > Cheat Canyon > Northern WV > West Virginia,https://www.mountainproject.com/route/121556966/habitat-for-humility,3,Boulder,V9,1,15,39.69256,-79.81061
Trash Panda,Fox Tail > 1st pull off > Darnell Hollow > University Research Forest > Cheat Canyon > Northern WV > West Virginia,https://www.mountainproject.com/route/120500203/trash-panda,2,Boulder,V6+,1,NA,39.69256,-79.81061
Moonboard Linkup,Ganja Bloc Aka Moon Board > Darkside East > Darnell Hollow > University Research Forest > Cheat Canyon > Northern WV > West Virginia,https://www.mountainproject.com/route/120192414/moonboard-linkup,3,Boulder,V5,1,15,39.68889,-79.80131
LSD,7. The Cut (South) > Camp 70 Boulders > Eastern WV > West Virginia,https://www.mountainproject.com/route/119496016/lsd,2,Boulder,V5,1,10,39.13654,-79.43695
Wisdom Teeth,Forgotten Block > The Forgotten Block Area > Upper Rock City > Coopers Rock State Forest > Northern WV > West Virginia,https://www.mountainproject.com/route/119415090/wisdom-teeth,3,Boulder,V6+,1,NA,39.63784,-79.81715
Stand Tall,Granite Boulder > Blackwater Falls State Park > Eastern WV > West Virginia,https://www.mountainproject.com/route/121786674/stand-tall,3,Boulder,V7,1,NA,39.10938,-79.48277
Latissimus,Arete Boulder > 5th Pull Off (School Bus Area) > Darnell Hollow > University Research Forest > Cheat Canyon > Northern WV > West Virginia,https://www.mountainproject.com/route/119697421/latissimus,3,Boulder,V5,1,8,39.69078,-79.8016
Dark Side of the Moon,Moonchild Boulder > Sunset Wall Area > Roadside > Coopers Rock State Forest > Northern WV > West Virginia,https://www.mountainproject.com/route/120795756/dark-side-of-the-moon,3,Boulder,V4,1,NA,39.63494,-79.81085
The ol' 4-H boulder,4-H Nature Area > Huntington/Barboursville > Southern WV > West Virginia,https://www.mountainproject.com/route/119113359/the-ol-4-h-boulder,3.3,Boulder,V4-5 R,1,22,38.39408,-82.32215
Prize arete project,“The Prize” Sector > Cheat Canyon Wildlife Management Area > Cheat Canyon > Northern WV > West Virginia,https://www.mountainproject.com/route/117114779/prize-arete-project,3,Boulder,V9-10,1,NA,39.51394,-79.65676
Slopey arete Project,“The Prize” Sector > Cheat Canyon Wildlife Management Area > Cheat Canyon > Northern WV > West Virginia,https://www.mountainproject.com/route/117114748/slopey-arete-project,3,Boulder,V10+,1,NA,39.51394,-79.65676
Vulture Wing,Vulture Wing Wall > Cheat View Boulders > Snake Hill Wildlife Management Area > Cheat Canyon > Northern WV > West Virginia,https://www.mountainproject.com/route/119925857/vulture-wing,3,Boulder,V5,1,NA,39.62153,-79.81613
Please Stand Up (SUS),8. The Cut (North) > Camp 70 Boulders > Eastern WV > West Virginia,https://www.mountainproject.com/route/119486198/please-stand-up-sus,3,Boulder,V6,1,12,39.137,-79.43637
Sticky Fingers,Highball Boulder > Cotton Bottom > Lower New River Gorge Bouldering > New River Gorge Proper > The New River Gorge Region > West Virginia,https://www.mountainproject.com/route/115127589/sticky-fingers,3,Boulder,V4 PG13,1,18,38.11547,-81.14354
The Double Slit Experiment,Pendleton Point > Blackwater Falls State Park > Eastern WV > West Virginia,https://www.mountainproject.com/route/121786599/the-double-slit-experiment,3,Boulder,V5,1,20,39.11168,-79.49149
CUMBERLAND SLAPS,Dice Boulders > 1st pull off > Darnell Hollow > University Research Forest > Cheat Canyon > Northern WV > West Virginia,https://www.mountainproject.com/route/120656451/cumberland-slaps,3,Boulder,V4,1,10,39.69248,-79.81151
The Tailor,Triangle Slab > Good Block Area > Tilted Tree > Coopers Rock State Forest > Northern WV > West Virginia,https://www.mountainproject.com/route/118686185/the-tailor,2,Boulder,V4,1,NA,39.63302,-79.80511
Softies Club,The Grunge Boulder > Furnace Trail Boulders > Furnace Road Areas > Coopers Rock State Forest > Northern WV > West Virginia,https://www.mountainproject.com/route/122692397/softies-club,3,Boulder,V10,1,18,39.6504,-79.82319
I Pupate Anew,Motorcycle Rocks > Haystack Area > Underlook Trail Boulders > Coopers Rock State Forest > Northern WV > West Virginia,https://www.mountainproject.com/route/122061663/i-pupate-anew,2,Boulder,V6-7,1,8,39.6358,-79.81508
The Grit,Sector 1 > Cheat Canyon Wildlife Management Area > Cheat Canyon > Northern WV > West Virginia,https://www.mountainproject.com/route/117118805/the-grit,2,Boulder,V7,1,NA,39.51329,-79.65458
LSA,7. The Cut (South) > Camp 70 Boulders > Eastern WV > West Virginia,https://www.mountainproject.com/route/119496046/lsa,3,Boulder,V6,1,6,39.13654,-79.43695
The Chute,Ganja Bloc Aka Moon Board > Darkside East > Darnell Hollow > University Research Forest > Cheat Canyon > Northern WV > West Virginia,https://www.mountainproject.com/route/120192450/the-chute,3,Boulder,V5,1,NA,39.68889,-79.80131
Rhodo to Hell,Gnostic Cave > Deer Skull Boulders > University Research Forest > Cheat Canyon > Northern WV > West Virginia,https://www.mountainproject.com/route/122064452/rhodo-to-hell,3,Boulder,V8-9,1,15,39.66333,-79.81777
Sloper Traverse Project,“The Prize” Sector > Cheat Canyon Wildlife Management Area > Cheat Canyon > Northern WV > West Virginia,https://www.mountainproject.com/route/117114818/sloper-traverse-project,3,Boulder,V6,1,NA,39.51394,-79.65676
Left arete project,“The Prize” Sector > Cheat Canyon Wildlife Management Area > Cheat Canyon > Northern WV > West Virginia,https://www.mountainproject.com/route/117114700/left-arete-project,3,Boulder,V10,1,15,39.51394,-79.65676
Kick in the Coops,Squirrel Soup Boulder > First Wall > Tilted Tree > Coopers Rock State Forest > Northern WV > West Virginia,https://www.mountainproject.com/route/118091943/kick-in-the-coops,3,Boulder,V5,1,15,39.63343,-79.80549
Ego Trippin,Zaragoza Boulders > McCollum Campground Boulders > Coopers Rock State Forest > Northern WV > West Virginia,https://www.mountainproject.com/route/121910176/ego-trippin,3,Boulder,V4,1,10,39.63377,-79.79169
Crash Landing,Professor Boulder > Upper Tier > Darnell Hollow > University Research Forest > Cheat Canyon > Northern WV > West Virginia,https://www.mountainproject.com/route/121284853/crash-landing,3,Boulder,V5,1,NA,39.69197,-79.802
War Pigs,Pig Iron Boulder > Furnace Trail Boulders > Furnace Road Areas > Coopers Rock State Forest > Northern WV > West Virginia,https://www.mountainproject.com/route/119899588/war-pigs,2.5,Boulder,V5,1,NA,39.65123,-79.82384
Professor Arete,Professor Boulder > Upper Tier > Darnell Hollow > University Research Forest > Cheat Canyon > Northern WV > West Virginia,https://www.mountainproject.com/route/119704321/professor-arete,3,Boulder,V6-7,1,NA,39.69197,-79.802
Lay Me Down,Lay Me Down Area > 1st pull off > Darnell Hollow > University Research Forest > Cheat Canyon > Northern WV > West Virginia,https://www.mountainproject.com/route/119696203/lay-me-down,2.7,Boulder,V4+,1,10,39.69256,-79.81145
Trundling,Trundling Boulder > Sunset Wall Area > Roadside > Coopers Rock State Forest > Northern WV > West Virginia,https://www.mountainproject.com/route/122426448/trundling,3.6,Boulder,V4,1,12,39.63444,-79.81091
Settling for Less,Fox Tail > 1st pull off > Darnell Hollow > University Research Forest > Cheat Canyon > Northern WV > West Virginia,https://www.mountainproject.com/route/121557110/settling-for-less,2.7,Boulder,V5,1,15,39.69256,-79.81061
Trix,8. The Cut (North) > Camp 70 Boulders > Eastern WV > West Virginia,https://www.mountainproject.com/route/119486435/trix,3,Boulder,V5,1,7,39.137,-79.43637
Ephaphatha,Ephatha > Deer Skull Boulders > University Research Forest > Cheat Canyon > Northern WV > West Virginia,https://www.mountainproject.com/route/122070953/ephaphatha,3,Boulder,V9-10,1,NA,39.66347,-79.81699
Dual-Tex,6. Lingchi Area > Camp 70 Boulders > Eastern WV > West Virginia,https://www.mountainproject.com/route/119476140/dual-tex,2,"Boulder, Alpine",V4,1,15,39.13631,-79.43617
V16,Highball Boulder > Cotton Bottom > Lower New River Gorge Bouldering > New River Gorge Proper > The New River Gorge Region > West Virginia,https://www.mountainproject.com/route/111074177/v16,3,Boulder,V7,1,25,38.11547,-81.14354
Booster Seat,3. Booster Seat Area > Camp 70 Boulders > Eastern WV > West Virginia,https://www.mountainproject.com/route/119438687/booster-seat,2,Boulder,V4,1,7,39.13484,-79.43757
Bear Season,Fox Tail > 1st pull off > Darnell Hollow > University Research Forest > Cheat Canyon > Northern WV > West Virginia,https://www.mountainproject.com/route/120500640/bear-season,3,Boulder,V6,1,NA,39.69256,-79.81061
Scoops,“The Prize” Sector > Cheat Canyon Wildlife Management Area > Cheat Canyon > Northern WV > West Virginia,https://www.mountainproject.com/route/117114858/scoops,3,Boulder,V4-5,1,NA,39.51394,-79.65676
John's Main Squeeze,John Boulder > 5th Pull Off (School Bus Area) > Darnell Hollow > University Research Forest > Cheat Canyon > Northern WV > West Virginia,https://www.mountainproject.com/route/120243071/johns-main-squeeze,2,Boulder,V3-4,1,NA,39.69071,-79.80157
Hidden Face,7. The Cut (South) > Camp 70 Boulders > Eastern WV > West Virginia,https://www.mountainproject.com/route/119690818/hidden-face,2,Boulder,V4,1,12,39.13654,-79.43695
Cave Crickets,Cave Crickets > 1st pull off > Darnell Hollow > University Research Forest > Cheat Canyon > Northern WV > West Virginia,https://www.mountainproject.com/route/119789899/cave-crickets,2.5,Boulder,V6,1,NA,39.69222,-79.81155
Unnamed,Romulus and Remus Area > Upper Rock City > Coopers Rock State Forest > Northern WV > West Virginia,https://www.mountainproject.com/route/114355056/unnamed,3,Boulder,V4- X,1,21,39.63832,-79.81743
Meat Grinder,Roadside Boulder > Big Wheeling Creek Boulders > Northern Panhandle > Northern WV > West Virginia,https://www.mountainproject.com/route/120221613/meat-grinder,3,Boulder,V4,1,10,39.98089,-80.61672
Global Pandemic,Dice Boulders > 1st pull off > Darnell Hollow > University Research Forest > Cheat Canyon > Northern WV > West Virginia,https://www.mountainproject.com/route/120656648/global-pandemic,3,Boulder,V4,1,NA,39.69248,-79.81151
Unknown,Ganja Bloc Aka Moon Board > Darkside East > Darnell Hollow > University Research Forest > Cheat Canyon > Northern WV > West Virginia,https://www.mountainproject.com/route/120192432/unknown,3,Boulder,V4,1,20,39.68889,-79.80131
Blade Knife,Blade Knife Boulder > 5th Pull Off (School Bus Area) > Darnell Hollow > University Research Forest > Cheat Canyon > Northern WV > West Virginia,https://www.mountainproject.com/route/120243284/blade-knife,3,Boulder,V6-7,1,NA,39.69067,-79.80243
Majordomo,The High Court > 5th Pull Off (School Bus Area) > Darnell Hollow > University Research Forest > Cheat Canyon > Northern WV > West Virginia,https://www.mountainproject.com/route/120344412/majordomo,3,Boulder,V4,1,NA,39.69094,-79.80152
American Grit Test,Exhibition Boulder > Junction Boulders > Snake Hill Wildlife Management Area > Cheat Canyon > Northern WV > West Virginia,https://www.mountainproject.com/route/118909304/american-grit-test,3,Boulder,V4,1,NA,39.62324,-79.83585
Afterbirth,Labor and Delivery Boulders > Labor and Delivery Area > In-Between Area > Coopers Rock State Forest > Northern WV > West Virginia,https://www.mountainproject.com/route/120978836/afterbirth,3,Boulder,V4,1,NA,39.63454,-79.80871
40 degrees of Heaven,Midnight rumble > Watch Top > Deer Skull Boulders > University Research Forest > Cheat Canyon > Northern WV > West Virginia,https://www.mountainproject.com/route/121416359/40-degrees-of-heaven,3.7,Boulder,V5,1,NA,39.66356,-79.81489
Twisted Lemon,Blind Faith Boulder > Darnell Hollow > University Research Forest > Cheat Canyon > Northern WV > West Virginia,https://www.mountainproject.com/route/119703460/twisted-lemon,3.3,Boulder,V5,1,NA,39.69213,-79.80508
It's Not That Hard,Lower Skittles Boulders > Snake Hill Wildlife Management Area > Cheat Canyon > Northern WV > West Virginia,https://www.mountainproject.com/route/120434753/its-not-that-hard,3,Boulder,V6,1,10,39.63357,-79.83734
Can't Get Off,Lightning Boulder > Lightning and Thunder Area > Woodshed Boulders > Coopers Rock State Forest > Northern WV > West Virginia,https://www.mountainproject.com/route/122530497/cant-get-off,3,Boulder,V4 PG13,1,NA,39.62899,-79.79175
Unknown,Ganja Bloc Aka Moon Board > Darkside East > Darnell Hollow > University Research Forest > Cheat Canyon > Northern WV > West Virginia,https://www.mountainproject.com/route/120192439/unknown,3,Boulder,V5,1,NA,39.68889,-79.80131
Watch your back,Watch your back > Upper Tier > Darnell Hollow > University Research Forest > Cheat Canyon > Northern WV > West Virginia,https://www.mountainproject.com/route/121338593/watch-your-back,3,Boulder,V5,1,NA,39.6911,-79.80128
The Mule and the Crane,Red Roof Boulder > First Bell Boulders > Snake Hill Wildlife Management Area > Cheat Canyon > Northern WV > West Virginia,https://www.mountainproject.com/route/118857099/the-mule-and-the-crane,3,Boulder,V4-5,1,NA,39.62683,-79.83892
Dr. Boinko's Homeopathic Bed Bug Remedy,Red Roof Boulder > First Bell Boulders > Snake Hill Wildlife Management Area > Cheat Canyon > Northern WV > West Virginia,https://www.mountainproject.com/route/119008785/dr-boinkos-homeopathic-bed-bug-remedy,3,Boulder,V4-5,1,NA,39.62683,-79.83892
Slug Evacuation,Future Roof Boulder > First Area Boulders > Rhododendron Trail Areas > Coopers Rock State Forest > Northern WV > West Virginia,https://www.mountainproject.com/route/122998521/slug-evacuation,2.5,Boulder,V4-5,1,NA,39.64215,-79.82036
Unknown 1,Cotton Top > Cotton Hill > New River Gorge Proper > The New River Gorge Region > West Virginia,https://www.mountainproject.com/route/122981567/unknown-1,3,Boulder,V6,1,20,38.1151,-81.14094
Dead Vert Project,Skittle Top Boulders > Snake Hill Wildlife Management Area > Cheat Canyon > Northern WV > West Virginia,https://www.mountainproject.com/route/120434875/dead-vert-project,3,Boulder,V8,1,12,39.63165,-79.83813
Portly Wonder Weasel,Shark Tooth > 5th Pull Off (School Bus Area) > Darnell Hollow > University Research Forest > Cheat Canyon > Northern WV > West Virginia,https://www.mountainproject.com/route/122161961/portly-wonder-weasel,3.1,Boulder,V4-5,1,NA,39.69066,-79.8022
Indecent Exposure,Hooligan boulder > Nemesis Boulders > Trad Wall Area > Snake Hill Wildlife Management Area > Cheat Canyon > Northern WV > West Virginia,https://www.mountainproject.com/route/118870473/indecent-exposure,3,Boulder,V5,1,NA,39.62839,-79.8375
The Velveteen Bean,Velveteen Bean Boulder > Eldorado > Furnace Road Areas > Coopers Rock State Forest > Northern WV > West Virginia,https://www.mountainproject.com/route/123116059/the-velveteen-bean,3,Boulder,V7,1,12,39.65544,-79.80086
Stolnik,The High Court > 5th Pull Off (School Bus Area) > Darnell Hollow > University Research Forest > Cheat Canyon > Northern WV > West Virginia,https://www.mountainproject.com/route/120432191/stolnik,3,Boulder,V4-5,1,NA,39.69094,-79.80152
Unnamed,“The Prize” Sector > Cheat Canyon Wildlife Management Area > Cheat Canyon > Northern WV > West Virginia,https://www.mountainproject.com/route/117114838/unnamed,3,Boulder,V3-4,1,NA,39.51394,-79.65676
Dope Contraption,4. Steve French Boulder > Laurel Trail Boulders > Tomlinson Run State Park > Northern Panhandle > Northern WV > West Virginia,https://www.mountainproject.com/route/122772969/dope-contraption,3,Boulder,V7,1,16,40.54714,-80.60309
Don’t Fear the Leaper,Taper Point Boulder > Cotton Top > Lower New River Gorge Bouldering > New River Gorge Proper > The New River Gorge Region > West Virginia,https://www.mountainproject.com/route/122846128/dont-fear-the-leaper,3,Boulder,V8,1,12,38.11579,-81.14159
All Natural,Eye Brow Boulders > Deer Skull Boulders > University Research Forest > Cheat Canyon > Northern WV > West Virginia,https://www.mountainproject.com/route/119703002/all-natural,3,Boulder,V4+,1,NA,39.66396,-79.8153
Fingers Roasting Over an Open Fire,Skittle Top Boulders > Snake Hill Wildlife Management Area > Cheat Canyon > Northern WV > West Virginia,https://www.mountainproject.com/route/120434863/fingers-roasting-over-an-open-fire,3,Boulder,V5,1,15,39.63165,-79.83813
Pencil Sharpener,Skittle Top Boulders > Snake Hill Wildlife Management Area > Cheat Canyon > Northern WV > West Virginia,https://www.mountainproject.com/route/120436719/pencil-sharpener,2,Boulder,V6,1,NA,39.63165,-79.83813
Living Life on The Rail,Living Life on The Rail > 5th Pull Off (School Bus Area) > Darnell Hollow > University Research Forest > Cheat Canyon > Northern WV > West Virginia,https://www.mountainproject.com/route/119840138/living-life-on-the-rail,3,Boulder,V4,1,NA,39.6907,-79.8025
Old Bike,Watch your back > Upper Tier > Darnell Hollow > University Research Forest > Cheat Canyon > Northern WV > West Virginia,https://www.mountainproject.com/route/121338769/old-bike,3,Boulder,V4,1,NA,39.6911,-79.80128
Broken Hearts and  Wine Bottles,Corridors > In-Between Area > Coopers Rock State Forest > Northern WV > West Virginia,https://www.mountainproject.com/route/122532558/broken-hearts-and-wine-bottles,3,Boulder,V4,1,14,39.63462,-79.80866
Unnamed,“The Prize” Sector > Cheat Canyon Wildlife Management Area > Cheat Canyon > Northern WV > West Virginia,https://www.mountainproject.com/route/117114845/unnamed,3,Boulder,V3-4,1,NA,39.51394,-79.65676
Sloticus,Ballard Trail Boulders > Kanawha State Forest > Southern WV > West Virginia,https://www.mountainproject.com/route/112556153/sloticus,3,Boulder,V4,1,10,38.26547,-81.66757
Chestnut Dab,Skittle Top Boulders > Snake Hill Wildlife Management Area > Cheat Canyon > Northern WV > West Virginia,https://www.mountainproject.com/route/120434855/chestnut-dab,3.5,Boulder,V6,1,15,39.63165,-79.83813
Standing Belief,Gnostic Cave > Deer Skull Boulders > University Research Forest > Cheat Canyon > Northern WV > West Virginia,https://www.mountainproject.com/route/122070579/standing-belief,3,Boulder,V6,1,10,39.66333,-79.81777
Grey or Gray?,Skittle Top Boulders > Snake Hill Wildlife Management Area > Cheat Canyon > Northern WV > West Virginia,https://www.mountainproject.com/route/120434885/grey-or-gray,3,Boulder,V6,1,10,39.63165,-79.83813
Mambo,Other Number 5 Boulder > 5th Pull Off (School Bus Area) > Darnell Hollow > University Research Forest > Cheat Canyon > Northern WV > West Virginia,https://www.mountainproject.com/route/120243042/mambo,3,Boulder,V4,1,NA,39.6905,-79.80135
Broken Hip,Over The Hill Boulders > McCollum Campground Boulders > Coopers Rock State Forest > Northern WV > West Virginia,https://www.mountainproject.com/route/122513187/broken-hip,3,Boulder,V4,1,12,39.63532,-79.7914
Bloodshot Eyes,Secret Spring Boulders > McCollum Campground Boulders > Coopers Rock State Forest > Northern WV > West Virginia,https://www.mountainproject.com/route/122513833/bloodshot-eyes,3,Boulder,V5+,1,10,39.63748,-79.79039
Nature Valley Left,Ballard Trail Boulders > Kanawha State Forest > Southern WV > West Virginia,https://www.mountainproject.com/route/112556108/nature-valley-left,3,Boulder,V6,1,25,38.26547,-81.66757
Slap and Tickle,Flux Boulder > Cotton Top > Lower New River Gorge Bouldering > New River Gorge Proper > The New River Gorge Region > West Virginia,https://www.mountainproject.com/route/111074349/slap-and-tickle,3,Boulder,V8,1,15,38.11568,-81.14191
Nature Valley Right,Ballard Trail Boulders > Kanawha State Forest > Southern WV > West Virginia,https://www.mountainproject.com/route/112556068/nature-valley-right,3,Boulder,V5,1,20,38.26547,-81.66757
Cellophane,Cellophane Boulder > First Area Boulders > Rhododendron Trail Areas > Coopers Rock State Forest > Northern WV > West Virginia,https://www.mountainproject.com/route/123114655/cellophane,3.5,Boulder,V5,1,NA,39.64268,-79.82037
Eye Drops,Secret Spring Boulders > McCollum Campground Boulders > Coopers Rock State Forest > Northern WV > West Virginia,https://www.mountainproject.com/route/122513805/eye-drops,3,Boulder,V4,1,12,39.63748,-79.79039
Jump Problem,The Sea > Upper Rock City > Coopers Rock State Forest > Northern WV > West Virginia,https://www.mountainproject.com/route/122999016/jump-problem,3,Boulder,V5,1,NA,39.63851,-79.81744
The Slot Taketh,The Sea > Upper Rock City > Coopers Rock State Forest > Northern WV > West Virginia,https://www.mountainproject.com/route/122998703/the-slot-taketh,3,Boulder,V7,1,NA,39.63851,-79.81744
Race Day,Main Area > Rocky Ridge Trail > Dolly Sods Region > Eastern WV > West Virginia,https://www.mountainproject.com/route/122609431/race-day,3,Boulder,V3-4,1,10,39.06885,-79.36525
Brawler,Prize Fighter Roof > Furnace Road Areas > Coopers Rock State Forest > Northern WV > West Virginia,https://www.mountainproject.com/route/123055670/brawler,3,Boulder,V4,1,14,39.653,-79.81547
SPF,2. Stigmaria Boulders > Camp 70 Boulders > Eastern WV > West Virginia,https://www.mountainproject.com/route/122641089/spf,3,Boulder,V6,1,8,39.12299,-79.4326
"Going, Going, Gone",5. The Daisy Cave > Laurel Trail Boulders > Tomlinson Run State Park > Northern Panhandle > Northern WV > West Virginia,https://www.mountainproject.com/route/122728444/going-going-gone,3,Boulder,V4,1,12,40.54721,-80.60521
Dino Agent,Stegosaurus Boulder > Underlook Trail Boulders > Coopers Rock State Forest > Northern WV > West Virginia,https://www.mountainproject.com/route/122989202/dino-agent,3,Boulder,V5,1,NA,39.63662,-79.81665
Lego Nook Hook,The Nook > Entrance Boulders > Upper Rock City > Coopers Rock State Forest > Northern WV > West Virginia,https://www.mountainproject.com/route/123019112/lego-nook-hook,3,Boulder,V3-4,1,NA,39.63805,-79.81682
Joan Jett,Joan Jett Boulder > Green Acres > Powerline South > Raven Rock Trail Areas > Coopers Rock State Forest > Northern WV > West Virginia,https://www.mountainproject.com/route/123210030/joan-jett,3,Boulder,V6,1,12,39.62456,-79.80045
W goes to fontainzoo,Alcatraz/Fontainzoo/Mattehorn > Bozooka Area > Bozoo Bouldering > Bozoo > Southern WV > West Virginia,https://www.mountainproject.com/route/110262654/w-goes-to-fontainzoo,3,Boulder,V8,1,NA,37.47644,-80.8646
Mountain Laurel Arete,Highland Warrior Area > Bear Rocks Preserve > Dolly Sods Region > Eastern WV > West Virginia,https://www.mountainproject.com/route/122610012/mountain-laurel-arete,3,"Boulder, Alpine",V3-4,1,12,39.06735,-79.29911
Locked n' Loaded,2. Stigmaria Boulders > Camp 70 Boulders > Eastern WV > West Virginia,https://www.mountainproject.com/route/122633142/locked-n-loaded,3,Boulder,V4-5 PG13,1,NA,39.12299,-79.4326
Brown Star,E. The Blok > Main Area Bouldering > Bozoo Bouldering > Bozoo > Southern WV > West Virginia,https://www.mountainproject.com/route/107966312/brown-star,3,Boulder,V4,1,12,37.4778,-80.8673
Little Boy,Little Boy > Powerline Proper > Powerline Boulders > Bozoo Bouldering > Bozoo > Southern WV > West Virginia,https://www.mountainproject.com/route/110270311/little-boy,3,Boulder,V4,1,12,37.47584,-80.86241
Ground's Keeper Willy,02. Simpson Wall > Bozoo > Southern WV > West Virginia,https://www.mountainproject.com/route/107966174/grounds-keeper-willy,3,Boulder,V4,1,NA,37.4803,-80.8704
D: Air Jordy Left,A: Air Jordy Boulder > Downstream Boulderfield > Bozoo Bouldering > Bozoo > Southern WV > West Virginia,https://www.mountainproject.com/route/108069739/d-air-jordy-left,3,Boulder,V5,1,NA,37.4829,-80.8749
E. Pocket Nouveau,A: Pocket Boulder > Main Area Bouldering > Bozoo Bouldering > Bozoo > Southern WV > West Virginia,https://www.mountainproject.com/route/108431638/e-pocket-nouveau,3,Boulder,V6,1,13,37.4776,-80.8664
Tiki,Bluestones > Stoned Hinge > Bozoo Bouldering > Bozoo > Southern WV > West Virginia,https://www.mountainproject.com/route/109759860/tiki,3,Boulder,V5,1,13,37.49504,-80.87219
Sarlacc Pit (left),2. Stigmaria Boulders > Camp 70 Boulders > Eastern WV > West Virginia,https://www.mountainproject.com/route/122633074/sarlacc-pit-left,3,Boulder,V4,1,12,39.12299,-79.4326
Bozoo Slow Hand,"C6: Upper Tier, Hermit's Cave > C: Talus Area > Downstream Boulderfield > Bozoo Bouldering > Bozoo > Southern WV > West Virginia",https://www.mountainproject.com/route/108814658/bozoo-slow-hand,3,Boulder,V4,1,10,37.48359,-80.87431
Crimptastic,Rohrbaugh Trail Boulders and Cliffs > Dolly Sods Region > Eastern WV > West Virginia,https://www.mountainproject.com/route/122646415/crimptastic,3,Boulder,V4,1,14,38.98778,-79.35345
E: Air Jordy Right,A: Air Jordy Boulder > Downstream Boulderfield > Bozoo Bouldering > Bozoo > Southern WV > West Virginia,https://www.mountainproject.com/route/108069744/e-air-jordy-right,3,Boulder,V5,1,12,37.4829,-80.8749
Crescentia,C2: 211 Spot Boulder > C: Talus Area > Downstream Boulderfield > Bozoo Bouldering > Bozoo > Southern WV > West Virginia,https://www.mountainproject.com/route/108729461/crescentia,3,Boulder,V4 PG13,1,NA,37.4838,-80.87403
Hideaway Traverse,Hideaway > North Boulders > Rhodo/Ridge Connector Trail Boulders > Rhododendron Trail Areas > Coopers Rock State Forest > Northern WV > West Virginia,https://www.mountainproject.com/route/123188282/hideaway-traverse,3,Boulder,V4,1,16,39.6442,-79.82547
Leopard Larvae,"C6: Upper Tier, Hermit's Cave > C: Talus Area > Downstream Boulderfield > Bozoo Bouldering > Bozoo > Southern WV > West Virginia",https://www.mountainproject.com/route/108944196/leopard-larvae,3,Boulder,V5,1,12,37.48359,-80.87431
D. Diamond Cross,H. EDucator Boulder > Main Area Bouldering > Bozoo Bouldering > Bozoo > Southern WV > West Virginia,https://www.mountainproject.com/route/108011531/d-diamond-cross,3,Boulder,V5,1,12,37.4782,-80.8675
Jump Start,The Bozooka Boulder > Bozooka Area > Bozoo Bouldering > Bozoo > Southern WV > West Virginia,https://www.mountainproject.com/route/107966363/jump-start,3,Boulder,V4,1,NA,37.4769,-80.8646
Matter Over Mind,The Brain Boulder > Bozooka Area > Bozoo Bouldering > Bozoo > Southern WV > West Virginia,https://www.mountainproject.com/route/106771666/matter-over-mind,3,Boulder,V5,1,8,37.4769,-80.8646
Slap and Squeeze,F:Slap'n'Squeeze Boulder > Downstream Boulderfield > Bozoo Bouldering > Bozoo > Southern WV > West Virginia,https://www.mountainproject.com/route/106590754/slap-and-squeeze,3,Boulder,V5-6,1,10,37.4839,-80.8749
A1,Fly Swatter Boulder > Flinger Area > Bozoo Bouldering > Bozoo > Southern WV > West Virginia,https://www.mountainproject.com/route/106507388/a1,3,Boulder,V4,1,15,37.4811,-80.8712
Move Me,Scuttle Roof Corridor > Eldorado > Furnace Road Areas > Coopers Rock State Forest > Northern WV > West Virginia,https://www.mountainproject.com/route/123319504/move-me,3,Boulder,V3-4,1,NA,39.6552,-79.80085
The Great Decider,Psychonaughts Boulder > Electric Avenue Area > Tilted Tree > Coopers Rock State Forest > Northern WV > West Virginia,https://www.mountainproject.com/route/123227555/the-great-decider,2,Boulder,V4,1,NA,39.63209,-79.80458
Isn't His Name Rick?,Rich McCrankin Cave > Site 6 Boulders > Rhododendron Campground Boulders > Coopers Rock State Forest > Northern WV > West Virginia,https://www.mountainproject.com/route/123384782/isnt-his-name-rick,3,Boulder,V4,1,NA,39.64144,-79.81365
Brachiosaurus Gets Bronchitis,Raptor Cave > Cracklandia > Powerline South > Raven Rock Trail Areas > Coopers Rock State Forest > Northern WV > West Virginia,https://www.mountainproject.com/route/123407713/brachiosaurus-gets-bronchitis,3,Boulder,V4,1,NA,39.62389,-79.79837
Brainless Brawn,The Choss Factory > Cracklandia > Powerline South > Raven Rock Trail Areas > Coopers Rock State Forest > Northern WV > West Virginia,https://www.mountainproject.com/route/123407848/brainless-brawn,3,Boulder,V4,1,NA,39.6251,-79.79825
Nietzsche Goes to the Arcade,Nietzsche Boulder > Short Creek Left > Short Creek Bouldering > Beauty Mountain > New River Gorge Proper > The New River Gorge Region > West Virginia,https://www.mountainproject.com/route/123467467/nietzsche-goes-to-the-arcade,3,Boulder,V4 PG13,1,18,38.05443,-81.0351
The Weird One,The Weird Boulder > Short Creek Left > Short Creek Bouldering > Beauty Mountain > New River Gorge Proper > The New River Gorge Region > West Virginia,https://www.mountainproject.com/route/123467790/the-weird-one,3,Boulder,V4,1,12,38.05462,-81.03373
Humpty Hump,The Weird Boulder > Short Creek Left > Short Creek Bouldering > Beauty Mountain > New River Gorge Proper > The New River Gorge Region > West Virginia,https://www.mountainproject.com/route/123467745/humpty-hump,3.1,Boulder,V5,1,16,38.05462,-81.03373
Scuttle Roof,Scuttle Roof Corridor > Eldorado > Furnace Road Areas > Coopers Rock State Forest > Northern WV > West Virginia,https://www.mountainproject.com/route/123319453/scuttle-roof,3,Boulder,V5-6,1,NA,39.6552,-79.80085
Trials and Tribulations,Whale Boulder > Central Area Boulders > Needleseye Boulder Park > The New River Gorge Region > West Virginia,https://www.mountainproject.com/route/123409515/trials-and-tribulations,3,Boulder,V5-6,1,20,37.98154,-81.12242
Troy's Tinfoil Trick,Offwidth Roof > Cracklandia > Powerline South > Raven Rock Trail Areas > Coopers Rock State Forest > Northern WV > West Virginia,https://www.mountainproject.com/route/123229754/troys-tinfoil-trick,3,Boulder,V6,1,NA,39.62523,-79.79904
Dermal Divots,Eldorado Roofs > Eldorado > Furnace Road Areas > Coopers Rock State Forest > Northern WV > West Virginia,https://www.mountainproject.com/route/123319354/dermal-divots,3,Boulder,V6,1,NA,39.65525,-79.80079
Anabolic Acrobat,Bendable Boulder > Greenbrier Boulders > Furnace Road Areas > Coopers Rock State Forest > Northern WV > West Virginia,https://www.mountainproject.com/route/123356424/anabolic-acrobat,2.6,Boulder,V6,1,NA,39.6558,-79.81807
Minnie and McCoy,Bendable Boulder > Greenbrier Boulders > Furnace Road Areas > Coopers Rock State Forest > Northern WV > West Virginia,https://www.mountainproject.com/route/123356446/minnie-and-mccoy,2.8,Boulder,V6,1,NA,39.6558,-79.81807
Rich McCrankin,Rich McCrankin Cave > Site 6 Boulders > Rhododendron Campground Boulders > Coopers Rock State Forest > Northern WV > West Virginia,https://www.mountainproject.com/route/123384692/rich-mccrankin,3,Boulder,V6,1,NA,39.64144,-79.81365
Velociraptor Jesus,Raptor Cave > Cracklandia > Powerline South > Raven Rock Trail Areas > Coopers Rock State Forest > Northern WV > West Virginia,https://www.mountainproject.com/route/123399049/velociraptor-jesus,3,Boulder,V6+,1,NA,39.62389,-79.79837
Moon Pocket,Moon Pocket Boulder > Greenbrier Boulders > Furnace Road Areas > Coopers Rock State Forest > Northern WV > West Virginia,https://www.mountainproject.com/route/123411621/moon-pocket,3,Boulder,V6-7,1,NA,39.65612,-79.81916
Burlesque,Burlesque Boulder > Short Creek Left > Short Creek Bouldering > Beauty Mountain > New River Gorge Proper > The New River Gorge Region > West Virginia,https://www.mountainproject.com/route/123467551/burlesque,3,Boulder,V7,1,15,38.05412,-81.03519
40 Lashes Minus One.,Offwidth Roof > Cracklandia > Powerline South > Raven Rock Trail Areas > Coopers Rock State Forest > Northern WV > West Virginia,https://www.mountainproject.com/route/123229731/40-lashes-minus-one,3,Boulder,V7-8,1,NA,39.62523,-79.79904
Couldawouldashoulda,V9s Boulder > Cotton Bottom > Lower New River Gorge Bouldering > New River Gorge Proper > The New River Gorge Region > West Virginia,https://www.mountainproject.com/route/115127758/couldawouldashoulda,2.1,Boulder,V4,1,8,38.11547,-81.14354
Sepia,Black and White Boulder > Sunshine Boulders > New River Gorge Proper > The New River Gorge Region > West Virginia,https://www.mountainproject.com/route/120316685/sepia,2.4,Boulder,V6,1,12,38.07358,-81.08592
Crimpin' Like a Mother,Light Rays Boulder > Short Creek Right > Short Creek Bouldering > Beauty Mountain > New River Gorge Proper > The New River Gorge Region > West Virginia,https://www.mountainproject.com/route/114210930/crimpin-like-a-mother,2.8,Boulder,V5,1,NA,38.05496,-81.03566
Finger Wrecker (aka Career Ender),Font Boulders > Entrance Boulders > Upper Rock City > Coopers Rock State Forest > Northern WV > West Virginia,https://www.mountainproject.com/route/118705761/finger-wrecker-aka-career-ender,2.4,Boulder,V4,1,8,39.63797,-79.81721
The True Graduation,First Wall Left > First Wall > Tilted Tree > Coopers Rock State Forest > Northern WV > West Virginia,https://www.mountainproject.com/route/118768786/the-true-graduation,3,Boulder,V4,1,NA,39.6339,-79.80606
Anger Management Problem,Lost in Moss Boulder > Junction Boulders > Snake Hill Wildlife Management Area > Cheat Canyon > Northern WV > West Virginia,https://www.mountainproject.com/route/118851435/anger-management-problem,2.8,Boulder,V4-5,1,NA,39.62285,-79.8356
S&M Roof,Tilted Tree Corridor > Tilted Tree Area > Tilted Tree > Coopers Rock State Forest > Northern WV > West Virginia,https://www.mountainproject.com/route/112030003/sm-roof,3,Boulder,V5,1,NA,39.63321,-79.80525
Proana,Allusionist Boulder > Death Block Area > Tilted Tree > Coopers Rock State Forest > Northern WV > West Virginia,https://www.mountainproject.com/route/114306655/proana,2.4,Boulder,V3-4,1,NA,39.63376,-79.8074
Drums in the Deep,Malone Boulder > Cotton Bottom > Lower New River Gorge Bouldering > New River Gorge Proper > The New River Gorge Region > West Virginia,https://www.mountainproject.com/route/118578799/drums-in-the-deep,2.4,Boulder,V4,1,NA,38.11552,-81.14362
Cross Section,Slitty Titty Boulder > Cotton Bottom > Lower New River Gorge Bouldering > New River Gorge Proper > The New River Gorge Region > West Virginia,https://www.mountainproject.com/route/115127636/cross-section,2.5,Boulder,V4,1,18,38.11576,-81.14353
Monkeys Paw,The Brain Boulder > Bozooka Area > Bozoo Bouldering > Bozoo > Southern WV > West Virginia,https://www.mountainproject.com/route/106543862/monkeys-paw,2.6,Boulder,V3-4,1,15,37.4769,-80.8646
Half Hunkered Lizard,County Line South > County Line Boulders > Park Entrance Areas > Coopers Rock State Forest > Northern WV > West Virginia,https://www.mountainproject.com/route/119023543/half-hunkered-lizard,2.7,Boulder,V4-5,1,NA,39.64907,-79.78648
Mighty Fine Shindig,Cotton Top > Cotton Hill > New River Gorge Proper > The New River Gorge Region > West Virginia,https://www.mountainproject.com/route/115127483/mighty-fine-shindig,2.8,Boulder,V5,1,14,38.1151,-81.14094
Pebble Without a Cause,05a. Pebble Boulder > Meadow Top Boulders > Meadow River Gorge > The New River Gorge Region > West Virginia,https://www.mountainproject.com/route/121901526/pebble-without-a-cause,2.4,Boulder,V4,1,NA,38.15333,-80.93023
Unnamed (left of Roundhouse),Roundhouse Boulder > Roundhouse Area > Upper Rock City > Coopers Rock State Forest > Northern WV > West Virginia,https://www.mountainproject.com/route/107495175/unnamed-left-of-roundhouse,2.7,Boulder,V5-,1,NA,39.63772,-79.81797
Beached Whale,Whale Boulder > Roundhouse Area > Upper Rock City > Coopers Rock State Forest > Northern WV > West Virginia,https://www.mountainproject.com/route/114354984/beached-whale,2.5,Boulder,V4,1,6,39.63789,-79.81842
Soft Goods,Fayette Station Boulders > New River Gorge Proper > The New River Gorge Region > West Virginia,https://www.mountainproject.com/route/121600430/soft-goods,2.6,Boulder,V5,1,10,38.068,-81.08255
Momma Direct,Junkyard Cave > Junkyard Area > New River Gorge Proper > The New River Gorge Region > West Virginia,https://www.mountainproject.com/route/118782362/momma-direct,2.5,Boulder,V7,1,NA,38.08454,-81.08123
Master Blaster,Sunshine Boulder > Sunshine Boulders > New River Gorge Proper > The New River Gorge Region > West Virginia,https://www.mountainproject.com/route/114232030/master-blaster,2.3,Boulder,V7,1,14,38.0733,-81.08549
Occam's Razor,Tilted Tree Corridor > Tilted Tree Area > Tilted Tree > Coopers Rock State Forest > Northern WV > West Virginia,https://www.mountainproject.com/route/114234553/occams-razor,2.6,Boulder,V5,1,9,39.63321,-79.80525
Beach Ball Physics,White Eyebrow Boulder > Hawk's Nest Proper > Lower New River Gorge Bouldering > New River Gorge Proper > The New River Gorge Region > West Virginia,https://www.mountainproject.com/route/115965427/beach-ball-physics,2.6,Boulder,V5,1,10,38.11781,-81.13181
Lock Jaw,Big Blocks > Sunset Wall Area > Roadside > Coopers Rock State Forest > Northern WV > West Virginia,https://www.mountainproject.com/route/117676211/lock-jaw,2.4,Boulder,V4,1,NA,39.63509,-79.81075
Lip Lock,Malone Boulder > Cotton Bottom > Lower New River Gorge Bouldering > New River Gorge Proper > The New River Gorge Region > West Virginia,https://www.mountainproject.com/route/117033913/lip-lock,2.1,Boulder,V4,1,10,38.11552,-81.14362
Miss Piggy,Pig Iron Boulder > Furnace Trail Boulders > Furnace Road Areas > Coopers Rock State Forest > Northern WV > West Virginia,https://www.mountainproject.com/route/119899667/miss-piggy,2.6,Boulder,V5,1,NA,39.65123,-79.82384
Pocketsock Variation #2,Tomb Raider > Tomb Raider Area > Upper Rock City > Coopers Rock State Forest > Northern WV > West Virginia,https://www.mountainproject.com/route/117778628/pocketsock-variation-2,2.7,Boulder,V4,1,15,39.63807,-79.81754
Wax On,Karate Kid Boulder > Junction Boulders > Snake Hill Wildlife Management Area > Cheat Canyon > Northern WV > West Virginia,https://www.mountainproject.com/route/118834427/wax-on,2.4,Boulder,V3-4,1,NA,39.62307,-79.83492
Unknown,Malone Boulder > Cotton Bottom > Lower New River Gorge Bouldering > New River Gorge Proper > The New River Gorge Region > West Virginia,https://www.mountainproject.com/route/111074142/unknown,2.8,Boulder,V4,1,10,38.11552,-81.14362
40 Thieves,Ali Bubba Cave > Short Creek Bouldering > Beauty Mountain > New River Gorge Proper > The New River Gorge Region > West Virginia,https://www.mountainproject.com/route/111847825/40-thieves,2.5,Boulder,V8,1,NA,38.05628,-81.03456
The Key of Hell and Death,Rhodo Cave > Rhododendron Trail Areas > Coopers Rock State Forest > Northern WV > West Virginia,https://www.mountainproject.com/route/120177106/the-key-of-hell-and-death,3.2,Boulder,V4,1,15,39.64472,-79.82429
Microchip,1. Powerline Boulders > Camp 70 Boulders > Eastern WV > West Virginia,https://www.mountainproject.com/route/119180377/microchip,2.5,Boulder,V4,1,7,39.13486,-79.43886
Blue Problem,Bowling Ball Boulder (Gym Face) > Coral Area > Tilted Tree > Coopers Rock State Forest > Northern WV > West Virginia,https://www.mountainproject.com/route/118080924/blue-problem,2.5,Boulder,V5,1,NA,39.63305,-79.80666
Broken Shells,The Shaft Boulders > McCollum Campground Boulders > Coopers Rock State Forest > Northern WV > West Virginia,https://www.mountainproject.com/route/118706067/broken-shells,2.5,Boulder,V4 PG13,1,35,39.63824,-79.78862
Andrew arete,Step Roof > Deer Skull Boulders > University Research Forest > Cheat Canyon > Northern WV > West Virginia,https://www.mountainproject.com/route/121415423/andrew-arete,2.5,Boulder,V6,1,NA,39.66329,-79.81778
Imploding the Mirage,The Sea > Upper Rock City > Coopers Rock State Forest > Northern WV > West Virginia,https://www.mountainproject.com/route/122998785/imploding-the-mirage,2.7,Boulder,V5-6,1,NA,39.63851,-79.81744
The Big Year,Bird Watcher Boulders > First Area Boulders > Rhododendron Trail Areas > Coopers Rock State Forest > Northern WV > West Virginia,https://www.mountainproject.com/route/123123786/the-big-year,2.8,Boulder,V6,1,12,39.64273,-79.82041
Short,Ballard Trail Boulders > Kanawha State Forest > Southern WV > West Virginia,https://www.mountainproject.com/route/114174978/short,2.5,Boulder,V6-7,1,10,38.26547,-81.66757
What Would Water Do,Gundercling Boulder > Casey Jones > Lower New River Gorge Bouldering > New River Gorge Proper > The New River Gorge Region > West Virginia,https://www.mountainproject.com/route/123060436/what-would-water-do,3.1,Boulder,V5,1,NA,38.11359,-81.14357
Throwin Hundreds,Bear Rock Lake Bouldering (Wheeling) > Northern Panhandle > Northern WV > West Virginia,https://www.mountainproject.com/route/107881114/throwin-hundreds,2.5,Boulder,V4,1,15,40.0763,-80.5333
Squeeze Problem,Streamside Boulder I > Bozooka Area > Bozoo Bouldering > Bozoo > Southern WV > West Virginia,https://www.mountainproject.com/route/110057143/squeeze-problem,2.5,Boulder,V5-,1,NA,37.47727,-80.86509
F. Special ED,H. EDucator Boulder > Main Area Bouldering > Bozoo Bouldering > Bozoo > Southern WV > West Virginia,https://www.mountainproject.com/route/108011549/f-special-ed,2.5,Boulder,V5,1,NA,37.4782,-80.8675
Din Mahk (AKA: Driver 8),E. The Blok > Main Area Bouldering > Bozoo Bouldering > Bozoo > Southern WV > West Virginia,https://www.mountainproject.com/route/106747630/din-mahk-aka-driver-8,2,Boulder,V7,1,7,37.4778,-80.8673
Gangster Lean (AKA: Grinding for Tips),E. The Blok > Main Area Bouldering > Bozoo Bouldering > Bozoo > Southern WV > West Virginia,https://www.mountainproject.com/route/106747636/gangster-lean-aka-grinding-for-tips,2.5,Boulder,V6,1,12,37.4778,-80.8673
50/50 Arete,50/50 Boulder > Roadside > Entryway Boulders > Bozoo Bouldering > Bozoo > Southern WV > West Virginia,https://www.mountainproject.com/route/106652134/5050-arete,2.5,Boulder,V3-4,1,13,37.4833,-80.8474
Orange-Black Problem,Bowling Ball Boulder (Gym Face) > Coral Area > Tilted Tree > Coopers Rock State Forest > Northern WV > West Virginia,https://www.mountainproject.com/route/115318851/orange-black-problem,2.3,Boulder,V4,1,10,39.63305,-79.80666
Lightning Bolt,Tendon Repair Kit Area > Roadside > Coopers Rock State Forest > Northern WV > West Virginia,https://www.mountainproject.com/route/107035379/lightning-bolt,2.3,Boulder,V4,1,NA,39.63561,-79.81205
Hershey Squirt,B. Hershey Boulder > Main Area Bouldering > Bozoo Bouldering > Bozoo > Southern WV > West Virginia,https://www.mountainproject.com/route/106747644/hershey-squirt,2.3,Boulder,V5,1,7,37.4776,-80.8673
Aqua Man,Malone Boulder > Cotton Bottom > Lower New River Gorge Bouldering > New River Gorge Proper > The New River Gorge Region > West Virginia,https://www.mountainproject.com/route/111074126/aqua-man,2.7,Boulder,V8,1,10,38.11552,-81.14362
New River School of Pinchcraft and Crimpery,06. Crimpin' Boulder > Meadow Top Boulders > Meadow River Gorge > The New River Gorge Region > West Virginia,https://www.mountainproject.com/route/121901490/new-river-school-of-pinchcraft-and-crimpery,2.2,Boulder,V4,1,NA,38.1532,-80.93027
Mr. Weenie Sends,Jaws Boulder > Bridge Boulders > Bridge Area > New River Gorge Proper > The New River Gorge Region > West Virginia,https://www.mountainproject.com/route/115573109/mr-weenie-sends,2.5,Boulder,V4+,1,NA,38.072,-81.07998
White Boy Bob,Ronski Feint > Interp Boulders > New River Gorge Proper > The New River Gorge Region > West Virginia,https://www.mountainproject.com/route/115172837/white-boy-bob,2.1,Boulder,V4,1,NA,38.07878,-81.07696
Steel Fingers,Leaving Las Fayetteville Boulder > Hawk's Nest Proper > Lower New River Gorge Bouldering > New River Gorge Proper > The New River Gorge Region > West Virginia,https://www.mountainproject.com/route/117034022/steel-fingers,2,Boulder,V5,1,NA,38.11762,-81.13159
Positronic Cop,Tuggin' Shack > Interp Boulders > New River Gorge Proper > The New River Gorge Region > West Virginia,https://www.mountainproject.com/route/120728339/positronic-cop,2.7,Boulder,V4,1,NA,38.07878,-81.07696
Cash Money,Slitty Titty Boulder > Cotton Bottom > Lower New River Gorge Bouldering > New River Gorge Proper > The New River Gorge Region > West Virginia,https://www.mountainproject.com/route/111073995/cash-money,2.2,Boulder,V4,1,15,38.11576,-81.14353
Full Frontal Nudity,Slitty Titty Boulder > Cotton Bottom > Lower New River Gorge Bouldering > New River Gorge Proper > The New River Gorge Region > West Virginia,https://www.mountainproject.com/route/111074005/full-frontal-nudity,2.2,Boulder,V5,1,12,38.11576,-81.14353
Bridge of Sighs,03. Corsair Boulder > Meadow Top Boulders > Meadow River Gorge > The New River Gorge Region > West Virginia,https://www.mountainproject.com/route/121901555/bridge-of-sighs,2,Boulder,V4,1,NA,38.15325,-80.93077
Farm Boy,Slitty Titty Boulder > Cotton Bottom > Lower New River Gorge Bouldering > New River Gorge Proper > The New River Gorge Region > West Virginia,https://www.mountainproject.com/route/115127730/farm-boy,2,Boulder,V4,1,15,38.11576,-81.14353
Intension,Ape Rage Boulder > Bozooka Area > Bozoo Bouldering > Bozoo > Southern WV > West Virginia,https://www.mountainproject.com/route/106531205/intension,2,Boulder,V6,1,10,37.4769,-80.8646
Dugout Traverse,C. The Dugout > Main Area Bouldering > Bozoo Bouldering > Bozoo > Southern WV > West Virginia,https://www.mountainproject.com/route/108937049/dugout-traverse,2,Boulder,V4,1,NA,37.4776,-80.8672
Dorough Problem?,E. The Blok > Main Area Bouldering > Bozoo Bouldering > Bozoo > Southern WV > West Virginia,https://www.mountainproject.com/route/107966299/dorough-problem,2.2,Boulder,V4,1,NA,37.4778,-80.8673
C. Pocket Direct,A: Pocket Boulder > Main Area Bouldering > Bozoo Bouldering > Bozoo > Southern WV > West Virginia,https://www.mountainproject.com/route/106531080/c-pocket-direct,2,Boulder,V4,1,11,37.4776,-80.8664
Sloper Dyno,Moby Boulder > Moby Area > Tilted Tree > Coopers Rock State Forest > Northern WV > West Virginia,https://www.mountainproject.com/route/117129010/sloper-dyno,2,Boulder,V6,1,10,39.63388,-79.80663
Suction,Casey Jones Boulder > Casey Jones > Lower New River Gorge Bouldering > New River Gorge Proper > The New River Gorge Region > West Virginia,https://www.mountainproject.com/route/121528902/suction,2.3,Boulder,V6,1,8,38.11356,-81.14335
Stigmaria,Rhodo Cave > Rhododendron Trail Areas > Coopers Rock State Forest > Northern WV > West Virginia,https://www.mountainproject.com/route/120177155/stigmaria,2,Boulder,V6,1,15,39.64472,-79.82429
Pocketsock Variation #3,Tomb Raider > Tomb Raider Area > Upper Rock City > Coopers Rock State Forest > Northern WV > West Virginia,https://www.mountainproject.com/route/117826076/pocketsock-variation-3,2,Boulder,V6,1,20,39.63807,-79.81754
Backbreaker,Rhodo Cave > Rhododendron Trail Areas > Coopers Rock State Forest > Northern WV > West Virginia,https://www.mountainproject.com/route/120177142/backbreaker,2.7,Boulder,V5-6,1,25,39.64472,-79.82429
Meadow View Traverse,1 Entrance boulder > Spruce Knob Bouldering > Eastern WV > West Virginia,https://www.mountainproject.com/route/121859499/meadow-view-traverse,2.7,"Boulder, Alpine",V4,1,8,38.69824,-79.53443
Slappin' the Quiche,Sunshine Boulder > Sunshine Boulders > New River Gorge Proper > The New River Gorge Region > West Virginia,https://www.mountainproject.com/route/114232041/slappin-the-quiche,2,Boulder,V7,1,10,38.0733,-81.08549
Sibley and Peterson,Bird Watcher Boulders > First Area Boulders > Rhododendron Trail Areas > Coopers Rock State Forest > Northern WV > West Virginia,https://www.mountainproject.com/route/123116213/sibley-and-peterson,2,Boulder,V4,1,12,39.64273,-79.82041
Intravenous Injection,Dice Boulders > 1st pull off > Darnell Hollow > University Research Forest > Cheat Canyon > Northern WV > West Virginia,https://www.mountainproject.com/route/120656592/intravenous-injection,2,Boulder,V5,1,NA,39.69248,-79.81151
Alpine Dog East,5 Alpine Dog boulder > Spruce Knob Bouldering > Eastern WV > West Virginia,https://www.mountainproject.com/route/121859800/alpine-dog-east,2.7,"Boulder, Alpine",V4,1,6,38.69791,-79.53462
O Face,Moe Boulder > Moe Area > Interp Boulders > New River Gorge Proper > The New River Gorge Region > West Virginia,https://www.mountainproject.com/route/115172955/o-face,2,Boulder,V5,1,NA,38.07878,-81.07696
Rhode Way,Tilted Tree Corridor > Tilted Tree Area > Tilted Tree > Coopers Rock State Forest > Northern WV > West Virginia,https://www.mountainproject.com/route/107041768/rhode-way,2.3,Boulder,V4-5,1,NA,39.63321,-79.80525
Destro,J: 45 Deg Wall > J: Highlander Area > Main Area Bouldering > Bozoo Bouldering > Bozoo > Southern WV > West Virginia,https://www.mountainproject.com/route/107966230/destro,2,Boulder,V7,1,8,37.478,-80.8667
Trickle Dynamics,C. The Dugout > Main Area Bouldering > Bozoo Bouldering > Bozoo > Southern WV > West Virginia,https://www.mountainproject.com/route/107968907/trickle-dynamics,2,Boulder,V5,1,NA,37.4776,-80.8672
The Scoop,G. The Bozoo Roof > Main Area Bouldering > Bozoo Bouldering > Bozoo > Southern WV > West Virginia,https://www.mountainproject.com/route/106536708/the-scoop,2,Boulder,V4-,1,NA,37.4778,-80.8678
Ankle Grater Problem,C. The Dugout > Main Area Bouldering > Bozoo Bouldering > Bozoo > Southern WV > West Virginia,https://www.mountainproject.com/route/106536744/ankle-grater-problem,2,Boulder,V4,1,10,37.4776,-80.8672
Way of the Gun (sit-start),Fayette Station Boulders > New River Gorge Proper > The New River Gorge Region > West Virginia,https://www.mountainproject.com/route/119346086/way-of-the-gun-sit-start,2.8,Boulder,V9,1,15,38.068,-81.08255
Crazy Times,Tilted Tree Corridor > Tilted Tree Area > Tilted Tree > Coopers Rock State Forest > Northern WV > West Virginia,https://www.mountainproject.com/route/118716834/crazy-times,2,Boulder,V6-7,1,NA,39.63321,-79.80525
Flight of the Defibrillator,02. Mechanical Sensei Boulder > Meadow Top Boulders > Meadow River Gorge > The New River Gorge Region > West Virginia,https://www.mountainproject.com/route/118150163/flight-of-the-defibrillator,2,Boulder,V9-,1,12,38.15277,-80.92832
Zaragoza,Zaragoza Boulders > McCollum Campground Boulders > Coopers Rock State Forest > Northern WV > West Virginia,https://www.mountainproject.com/route/121909894/zaragoza,2,Boulder,V4,1,12,39.63377,-79.79169
Make Like the Sphynx,08. Egyptian Boulder > Meadow Top Boulders > Meadow River Gorge > The New River Gorge Region > West Virginia,https://www.mountainproject.com/route/122168367/make-like-the-sphynx,2.3,Boulder,V5-6,1,9,38.15359,-80.93483
Mortal Curse Traverse,Popcorn Boulder > Wheeling Heritage Trail Boulders > Northern Panhandle > Northern WV > West Virginia,https://www.mountainproject.com/route/121490495/mortal-curse-traverse,2,Boulder,V6,1,20,40.07332,-80.70597
Odin,07. The Cave > Meadow Top Boulders > Meadow River Gorge > The New River Gorge Region > West Virginia,https://www.mountainproject.com/route/121003531/odin,3,Boulder,V9 PG13,1,35,38.15368,-80.93441
Prince Ali,Ali Bubba Cave > Short Creek Bouldering > Beauty Mountain > New River Gorge Proper > The New River Gorge Region > West Virginia,https://www.mountainproject.com/route/118331036/prince-ali,2,Boulder,V9,1,10,38.05628,-81.03456
Easy Overlooker,Mellifluous > Fern Point Bouldering > Endless Wall > New River Gorge Proper > The New River Gorge Region > West Virginia,https://www.mountainproject.com/route/120330855/easy-overlooker,2,Boulder,V4,1,12,38.05534,-81.06356
Sweet Baby Rays,T) BBQ Babies Cave > Endless Wall > New River Gorge Proper > The New River Gorge Region > West Virginia,https://www.mountainproject.com/route/112358317/sweet-baby-rays,2.7,Boulder,V7,1,NA,38.05528,-81.03875
Crack Project,“The Prize” Sector > Cheat Canyon Wildlife Management Area > Cheat Canyon > Northern WV > West Virginia,https://www.mountainproject.com/route/117114705/crack-project,2,Boulder,V11-12,1,15,39.51394,-79.65676
Tiki Torch,Ronski Feint > Interp Boulders > New River Gorge Proper > The New River Gorge Region > West Virginia,https://www.mountainproject.com/route/121227503/tiki-torch,3,Boulder,V8,1,NA,38.07878,-81.07696
Turn for the Worst,Popcorn Boulder > Jekyll and Hyde Area > Lower Rock City > Coopers Rock State Forest > Northern WV > West Virginia,https://www.mountainproject.com/route/121553418/turn-for-the-worst,2,Boulder,V7,1,NA,39.64166,-79.82783
Man-Bat,Trundling Boulder > Sunset Wall Area > Roadside > Coopers Rock State Forest > Northern WV > West Virginia,https://www.mountainproject.com/route/122426372/man-bat,2.5,Boulder,V6,1,12,39.63444,-79.81091
Phenomenance,Ceiling Block Area > Roadside > Coopers Rock State Forest > Northern WV > West Virginia,https://www.mountainproject.com/route/122269004/phenomenance,2,Boulder,V5,1,NA,39.63559,-79.81191
Overlooker Right,Mellifluous > Fern Point Bouldering > Endless Wall > New River Gorge Proper > The New River Gorge Region > West Virginia,https://www.mountainproject.com/route/120330867/overlooker-right,2,Boulder,V6,1,12,38.05534,-81.06356
Hole of Suffering,7. The Cut (South) > Camp 70 Boulders > Eastern WV > West Virginia,https://www.mountainproject.com/route/119495998/hole-of-suffering,2,Boulder,V4,1,5,39.13654,-79.43695
Lost And Found Arete,1. Powerline Boulders > Camp 70 Boulders > Eastern WV > West Virginia,https://www.mountainproject.com/route/119180492/lost-and-found-arete,2,Boulder,V4,1,8,39.13486,-79.43886
Popcorn Project,Popcorn Boulder > Wheeling Heritage Trail Boulders > Northern Panhandle > Northern WV > West Virginia,https://www.mountainproject.com/route/121495909/popcorn-project,2,Boulder,V8,1,8,40.07332,-80.70597
Ironclad,Zaragoza Boulders > McCollum Campground Boulders > Coopers Rock State Forest > Northern WV > West Virginia,https://www.mountainproject.com/route/121910168/ironclad,2,Boulder,V6,1,12,39.63377,-79.79169
Slimp Shady,8. The Cut (North) > Camp 70 Boulders > Eastern WV > West Virginia,https://www.mountainproject.com/route/119486232/slimp-shady,2,Boulder,V9,1,10,39.137,-79.43637
Raven Riley?,C3: Hermit's Cave > C: Talus Area > Downstream Boulderfield > Bozoo Bouldering > Bozoo > Southern WV > West Virginia,https://www.mountainproject.com/route/106590739/raven-riley,2,Boulder,V5,1,8,37.48376,-80.87402
Slopey Rail,Ganja Bloc Aka Moon Board > Darkside East > Darnell Hollow > University Research Forest > Cheat Canyon > Northern WV > West Virginia,https://www.mountainproject.com/route/120192369/slopey-rail,2,Boulder,V7,1,15,39.68889,-79.80131
The Dancing Outlaw,Bat Cave Boulder > Cotton Bottom > Lower New River Gorge Bouldering > New River Gorge Proper > The New River Gorge Region > West Virginia,https://www.mountainproject.com/route/115127506/the-dancing-outlaw,2.5,Boulder,V5,1,16,38.11765,-81.14388
Shoulder Shock,T) BBQ Babies Cave > Endless Wall > New River Gorge Proper > The New River Gorge Region > West Virginia,https://www.mountainproject.com/route/112358352/shoulder-shock,2,Boulder,V6,1,NA,38.05528,-81.03875
"Ninjas Have Real, Ultimate Power",Highball Boulder > Cotton Bottom > Lower New River Gorge Bouldering > New River Gorge Proper > The New River Gorge Region > West Virginia,https://www.mountainproject.com/route/114456062/ninjas-have-real-ultimate-power,2,Boulder,V5,1,12,38.11547,-81.14354
The Hammer (SUS),Roadside Boulder > Big Wheeling Creek Boulders > Northern Panhandle > Northern WV > West Virginia,https://www.mountainproject.com/route/120221546/the-hammer-sus,2,Boulder,V5,1,10,39.98089,-80.61672
Sandbaggo Grande,Ceiling Block Area > Roadside > Coopers Rock State Forest > Northern WV > West Virginia,https://www.mountainproject.com/route/120720870/sandbaggo-grande,2,Boulder,V4,1,NA,39.63559,-79.81191
Two Seasons,East Block > Road Blocks (Route 73) > Park Entrance Areas > Coopers Rock State Forest > Northern WV > West Virginia,https://www.mountainproject.com/route/123193961/two-seasons,2,Boulder,V4-5,1,NA,39.66111,-79.8051
Cueva Verde,8. The Cut (North) > Camp 70 Boulders > Eastern WV > West Virginia,https://www.mountainproject.com/route/119486269/cueva-verde,2,Boulder,V5,1,6,39.137,-79.43637
Habitat for Futility,Fox Tail > 1st pull off > Darnell Hollow > University Research Forest > Cheat Canyon > Northern WV > West Virginia,https://www.mountainproject.com/route/121557046/habitat-for-futility,2,Boulder,V5,1,17,39.69256,-79.81061
Stretch Armstrong,7. The Cut (South) > Camp 70 Boulders > Eastern WV > West Virginia,https://www.mountainproject.com/route/119685211/stretch-armstrong,2,Boulder,V5,1,12,39.13654,-79.43695
The Penguin,Bat Cave Boulder > Cotton Bottom > Lower New River Gorge Bouldering > New River Gorge Proper > The New River Gorge Region > West Virginia,https://www.mountainproject.com/route/115127523/the-penguin,2,Boulder,V4,1,15,38.11765,-81.14388
Bonsai,Karate Kid Boulder > Junction Boulders > Snake Hill Wildlife Management Area > Cheat Canyon > Northern WV > West Virginia,https://www.mountainproject.com/route/120408338/bonsai,2,Boulder,V7,1,NA,39.62307,-79.83492
Copperhead Crawl,Rattlesnake Shake Boulder > Roundhouse Area > Upper Rock City > Coopers Rock State Forest > Northern WV > West Virginia,https://www.mountainproject.com/route/122508515/copperhead-crawl,2.7,Boulder,V3-4,1,12,39.63797,-79.81855
Pursuit of pain,Sunset Boulder > 5th Pull Off (School Bus Area) > Darnell Hollow > University Research Forest > Cheat Canyon > Northern WV > West Virginia,https://www.mountainproject.com/route/120499043/pursuit-of-pain,2,Boulder,V7,1,NA,39.6907,-79.80241
Stout,Ballard Trail Boulders > Kanawha State Forest > Southern WV > West Virginia,https://www.mountainproject.com/route/114175004/stout,2,Boulder,V7+,1,10,38.26547,-81.66757
Smears for Fears,Smears Boulder > Meadow Top Boulders > Meadow River Gorge > The New River Gorge Region > West Virginia,https://www.mountainproject.com/route/117003454/smears-for-fears,2,Boulder,V4,1,20,38.15421,-80.9361
Future Roof Traverse,Future Roof Boulder > First Area Boulders > Rhododendron Trail Areas > Coopers Rock State Forest > Northern WV > West Virginia,https://www.mountainproject.com/route/122998554/future-roof-traverse,2,Boulder,V6-7,1,NA,39.64215,-79.82036
Moist Crack,Rainy day roof > Upper Tier > Darnell Hollow > University Research Forest > Cheat Canyon > Northern WV > West Virginia,https://www.mountainproject.com/route/120498598/moist-crack,2,Boulder,V5-6,1,NA,39.69208,-79.80232
Razor Campus,Step Roof > Deer Skull Boulders > University Research Forest > Cheat Canyon > Northern WV > West Virginia,https://www.mountainproject.com/route/121413420/razor-campus,2,Boulder,V5,1,NA,39.66329,-79.81778
Rastafarian,Rainy day roof > Upper Tier > Darnell Hollow > University Research Forest > Cheat Canyon > Northern WV > West Virginia,https://www.mountainproject.com/route/120498182/rastafarian,2,Boulder,V5,1,NA,39.69208,-79.80232
Leafy Sand Dragon,Shark Tooth > 5th Pull Off (School Bus Area) > Darnell Hollow > University Research Forest > Cheat Canyon > Northern WV > West Virginia,https://www.mountainproject.com/route/122162008/leafy-sand-dragon,2.8,Boulder,V3-4,1,NA,39.69066,-79.8022
Slap Crack and Pop,Breakfast Boulders > McCollum Campground Boulders > Coopers Rock State Forest > Northern WV > West Virginia,https://www.mountainproject.com/route/122512639/slap-crack-and-pop,2,Boulder,V4,1,10,39.63827,-79.79028
Bear Hug,Bear’s Den > In-Between Area > Coopers Rock State Forest > Northern WV > West Virginia,https://www.mountainproject.com/route/122533780/bear-hug,2,Boulder,V4,1,12,39.63463,-79.80879
The Blob,Land's End Boulder > Meadow Top Boulders > Meadow River Gorge > The New River Gorge Region > West Virginia,https://www.mountainproject.com/route/123213894/the-blob,2,Boulder,V6,1,8,38.15443,-80.93717
Traverse Project,Ballard Trail Boulders > Kanawha State Forest > Southern WV > West Virginia,https://www.mountainproject.com/route/112556183/traverse-project,2,Boulder,V6,1,20,38.26547,-81.66757
The Golden Sunlight Dims,Crimson Crack Boulder > Triangle Boulders > Greenbrier Boulders > Furnace Road Areas > Coopers Rock State Forest > Northern WV > West Virginia,https://www.mountainproject.com/route/123115465/the-golden-sunlight-dims,2.3,Boulder,V5,1,NA,39.65574,-79.81872
Square-Up,Ballard Trail Boulders > Kanawha State Forest > Southern WV > West Virginia,https://www.mountainproject.com/route/112556133/square-up,2,Boulder,V4,1,10,38.26547,-81.66757
Casual Insanity,The Nut House > Tilted Tree > Coopers Rock State Forest > Northern WV > West Virginia,https://www.mountainproject.com/route/123098575/casual-insanity,2,Boulder,V6,1,12,39.63404,-79.80727
The Tree Giveth,The Sea > Upper Rock City > Coopers Rock State Forest > Northern WV > West Virginia,https://www.mountainproject.com/route/122998693/the-tree-giveth,2,Boulder,V5,1,NA,39.63851,-79.81744
Unknown 2,Cotton Top > Cotton Hill > New River Gorge Proper > The New River Gorge Region > West Virginia,https://www.mountainproject.com/route/122981604/unknown-2,2,Boulder,V4,1,20,38.1151,-81.14094
Burliest Boi Project,Entrechat Boulder > Underlook Trail Boulders > Coopers Rock State Forest > Northern WV > West Virginia,https://www.mountainproject.com/route/122988648/burliest-boi-project,2,Boulder,V8-9,1,NA,39.63693,-79.81666
Rainy Day Roof,County Line North > County Line Boulders > Park Entrance Areas > Coopers Rock State Forest > Northern WV > West Virginia,https://www.mountainproject.com/route/123091128/rainy-day-roof,2.5,Boulder,V6-7,1,17,39.65033,-79.78579
Van Vleek,Flux Boulder > Cotton Top > Lower New River Gorge Bouldering > New River Gorge Proper > The New River Gorge Region > West Virginia,https://www.mountainproject.com/route/111074356/van-vleek,2,Boulder,V4,1,10,38.11568,-81.14191
Prize Fighter,Prize Fighter Roof > Furnace Road Areas > Coopers Rock State Forest > Northern WV > West Virginia,https://www.mountainproject.com/route/123095913/prize-fighter,2,Boulder,V6,1,12,39.653,-79.81547
Jaded Stand,Boulder G > Hawk's Nest Proper > Lower New River Gorge Bouldering > New River Gorge Proper > The New River Gorge Region > West Virginia,https://www.mountainproject.com/route/122601445/jaded-stand,2.3,Boulder,V5,1,8,38.11822,-81.13178
Boogerball,Boogerball Boulder > Rhododendron Trail Areas > Coopers Rock State Forest > Northern WV > West Virginia,https://www.mountainproject.com/route/122976821/boogerball,2,Boulder,V6,1,8,39.64317,-79.82311
Thug Dang,Lyman's Boulder > Bozooka Area > Bozoo Bouldering > Bozoo > Southern WV > West Virginia,https://www.mountainproject.com/route/109999222/thug-dang,2,Boulder,V5,1,9,37.4769,-80.8646
Lithium,The Nut House > Tilted Tree > Coopers Rock State Forest > Northern WV > West Virginia,https://www.mountainproject.com/route/123099850/lithium,2,Boulder,V4,1,10,39.63404,-79.80727
Notmucha Roof,Notmucha Roof > Notmucha Boulders > Rhododendron Trail Areas > Coopers Rock State Forest > Northern WV > West Virginia,https://www.mountainproject.com/route/123132867/notmucha-roof,2,Boulder,V5,1,10,39.64301,-79.82108
The Big Package,4. Steve French Boulder > Laurel Trail Boulders > Tomlinson Run State Park > Northern Panhandle > Northern WV > West Virginia,https://www.mountainproject.com/route/122772954/the-big-package,2,Boulder,V5,1,12,40.54714,-80.60309
Kung Foo Hand,The Brain Boulder > Bozooka Area > Bozoo Bouldering > Bozoo > Southern WV > West Virginia,https://www.mountainproject.com/route/106754727/kung-foo-hand,2,Boulder,V6,1,12,37.4769,-80.8646
Squeeze Pump,3. The Pump Cave > Laurel Trail Boulders > Tomlinson Run State Park > Northern Panhandle > Northern WV > West Virginia,https://www.mountainproject.com/route/122727497/squeeze-pump,2,Boulder,V5,1,8,40.54617,-80.60221
Mountain Bike Mantle,Trailside Boulder > South Boulders > Rhodo/Ridge Connector Trail Boulders > Rhododendron Trail Areas > Coopers Rock State Forest > Northern WV > West Virginia,https://www.mountainproject.com/route/123188315/mountain-bike-mantle,2,Boulder,V4,1,8,39.64375,-79.8251
Delta Rae,Streamside Boulder II > Bozooka Area > Bozoo Bouldering > Bozoo > Southern WV > West Virginia,https://www.mountainproject.com/route/110234894/delta-rae,2,Boulder,V5,1,NA,37.4764,-80.86472
Kick Start My Heart,C2: 211 Spot Boulder > C: Talus Area > Downstream Boulderfield > Bozoo Bouldering > Bozoo > Southern WV > West Virginia,https://www.mountainproject.com/route/108937890/kick-start-my-heart,2,Boulder,V4+,1,12,37.4838,-80.87403
Rhodo Huckin',Stump Boulder > North Boulders > Rhodo/Ridge Connector Trail Boulders > Rhododendron Trail Areas > Coopers Rock State Forest > Northern WV > West Virginia,https://www.mountainproject.com/route/123188485/rhodo-huckin,2,Boulder,V3-4,1,NA,39.64421,-79.82536
Ripples,Powerline North > Raven Rock Trail Areas > Coopers Rock State Forest > Northern WV > West Virginia,https://www.mountainproject.com/route/123027958/ripples,2,Boulder,V4,1,10,39.6377,-79.80415
Mid Pyramid,The Pyramids > Zion > Bozoo Bouldering > Bozoo > Southern WV > West Virginia,https://www.mountainproject.com/route/108973666/mid-pyramid,2,Boulder,V3-4,1,14,37.48573,-80.8759
Pump Cave,3. The Pump Cave > Laurel Trail Boulders > Tomlinson Run State Park > Northern Panhandle > Northern WV > West Virginia,https://www.mountainproject.com/route/122727545/pump-cave,2,Boulder,V4,1,10,40.54617,-80.60221
Right Face Climb,Streamside Boulder II > Bozooka Area > Bozoo Bouldering > Bozoo > Southern WV > West Virginia,https://www.mountainproject.com/route/110234888/right-face-climb,2,Boulder,V4,1,12,37.4764,-80.86472
Flip Tip Toe,2. Stigmaria Boulders > Camp 70 Boulders > Eastern WV > West Virginia,https://www.mountainproject.com/route/122633123/flip-tip-toe,2,Boulder,V4 PG13,1,NA,39.12299,-79.4326
Tractor Beam project,2. UFO Boulder > Laurel Trail Boulders > Tomlinson Run State Park > Northern Panhandle > Northern WV > West Virginia,https://www.mountainproject.com/route/122785267/tractor-beam-project,2,Boulder,V6,1,8,40.54595,-80.60252
Death Row R,Alcatraz/Fontainzoo/Mattehorn > Bozooka Area > Bozoo Bouldering > Bozoo > Southern WV > West Virginia,https://www.mountainproject.com/route/108954377/death-row-r,2,Boulder,V5,1,12,37.47644,-80.8646
Ride the White Horse,Nose Candy Boulder > Stoned Hinge > Bozoo Bouldering > Bozoo > Southern WV > West Virginia,https://www.mountainproject.com/route/108935331/ride-the-white-horse,2,Boulder,V4,1,10,37.49488,-80.87206
Martha Stewart,B. Hershey Boulder > Main Area Bouldering > Bozoo Bouldering > Bozoo > Southern WV > West Virginia,https://www.mountainproject.com/route/107966290/martha-stewart,2,Boulder,V4,1,NA,37.4776,-80.8673
Gepetto,Roadisde Euphoria Boulder > Roadside > Entryway Boulders > Bozoo Bouldering > Bozoo > Southern WV > West Virginia,https://www.mountainproject.com/route/108008477/gepetto,2,Boulder,V4,1,13,37.4733,-80.8574
Extra Mileage,H: Flow Boulder > Downstream Boulderfield > Bozoo Bouldering > Bozoo > Southern WV > West Virginia,https://www.mountainproject.com/route/107978411/extra-mileage,2,Boulder,V4,1,12,37.48369,-80.8757
Cloud Shadow,Rohrbaugh Trail Boulders and Cliffs > Dolly Sods Region > Eastern WV > West Virginia,https://www.mountainproject.com/route/122646538/cloud-shadow,2,Boulder,V4,1,14,38.98778,-79.35345
Crumbs,J: 45 Deg Wall > J: Highlander Area > Main Area Bouldering > Bozoo Bouldering > Bozoo > Southern WV > West Virginia,https://www.mountainproject.com/route/107966219/crumbs,2,Boulder,V4,1,20,37.478,-80.8667
B.Traverse,H. EDucator Boulder > Main Area Bouldering > Bozoo Bouldering > Bozoo > Southern WV > West Virginia,https://www.mountainproject.com/route/108011514/btraverse,2,Boulder,V4,1,NA,37.4782,-80.8675
The Bozoo Roof (Crack Only),G. The Bozoo Roof > Main Area Bouldering > Bozoo Bouldering > Bozoo > Southern WV > West Virginia,https://www.mountainproject.com/route/106537103/the-bozoo-roof-crack-only,2,Boulder,V5,1,15,37.4778,-80.8678
S.O.B,The Brain Boulder > Bozooka Area > Bozoo Bouldering > Bozoo > Southern WV > West Virginia,https://www.mountainproject.com/route/106536714/sob,2,Boulder,V3-4,1,13,37.4769,-80.8646
Brain Drain,The Brain Boulder > Bozooka Area > Bozoo Bouldering > Bozoo > Southern WV > West Virginia,https://www.mountainproject.com/route/106771673/brain-drain,2,Boulder,V4,1,8,37.4769,-80.8646
Chameleon Arete,E: Multi-Dihedral Boulder > Downstream Boulderfield > Bozoo Bouldering > Bozoo > Southern WV > West Virginia,https://www.mountainproject.com/route/106758389/chameleon-arete,2,Boulder,V4,1,12,37.4839,-80.8747
Unknown8,The Bozooka Boulder > Bozooka Area > Bozoo Bouldering > Bozoo > Southern WV > West Virginia,https://www.mountainproject.com/route/106543866/unknown8,2,Boulder,V4+,1,8,37.4769,-80.8646
F3,F:Slap'n'Squeeze Boulder > Downstream Boulderfield > Bozoo Bouldering > Bozoo > Southern WV > West Virginia,https://www.mountainproject.com/route/106607825/f3,2,Boulder,V3-4,1,8,37.4839,-80.8749
D1,D: Cliffside Boulder > Downstream Boulderfield > Bozoo Bouldering > Bozoo > Southern WV > West Virginia,https://www.mountainproject.com/route/106607869/d1,2,Boulder,V4,1,15,37.4832,-80.8745
Chicken Surf and Turf,Offwidth Roof > Cracklandia > Powerline South > Raven Rock Trail Areas > Coopers Rock State Forest > Northern WV > West Virginia,https://www.mountainproject.com/route/123229765/chicken-surf-and-turf,2,Boulder,V3-4,1,NA,39.62523,-79.79904
Choss Factory,The Choss Factory > Cracklandia > Powerline South > Raven Rock Trail Areas > Coopers Rock State Forest > Northern WV > West Virginia,https://www.mountainproject.com/route/123407791/choss-factory,2,Boulder,V3-4,1,NA,39.6251,-79.79825
Much Like Hold,Lowdown Popcorn Boulder > Short Creek Left > Short Creek Bouldering > Beauty Mountain > New River Gorge Proper > The New River Gorge Region > West Virginia,https://www.mountainproject.com/route/123467484/much-like-hold,2,Boulder,V4,1,15,38.05413,-81.03509
The Bouncer,Fern Creek Boulders > New River Gorge Proper > The New River Gorge Region > West Virginia,https://www.mountainproject.com/route/123467721/the-bouncer,2.2,Boulder,V4,1,18,38.06019,-81.06851
Disco Lemonade,Whale Boulder > Central Area Boulders > Needleseye Boulder Park > The New River Gorge Region > West Virginia,https://www.mountainproject.com/route/123409639/disco-lemonade,2,Boulder,V4-5,1,20,37.98154,-81.12242
Appalachian Arithmetic,Appalachian Arithmetic > Short Creek Left > Short Creek Bouldering > Beauty Mountain > New River Gorge Proper > The New River Gorge Region > West Virginia,https://www.mountainproject.com/route/123467398/appalachian-arithmetic,2,Boulder,V8,1,20,38.05491,-81.03364
Room with a View,Motorcycle Rocks > Haystack Area > Underlook Trail Boulders > Coopers Rock State Forest > Northern WV > West Virginia,https://www.mountainproject.com/route/123522189/room-with-a-view,2.3,Boulder,V8-9,1,10,39.6358,-79.81508
That's No Moon,Tier 2 Boulders > Moby Area > Tilted Tree > Coopers Rock State Forest > Northern WV > West Virginia,https://www.mountainproject.com/route/123289087/thats-no-moon,2,Boulder,V9,1,12,39.6339,-79.80704
Lazer Raptor Project,Raptor Cave > Cracklandia > Powerline South > Raven Rock Trail Areas > Coopers Rock State Forest > Northern WV > West Virginia,https://www.mountainproject.com/route/123407751/lazer-raptor-project,2,Boulder,V10-11,1,NA,39.62389,-79.79837
Or How I Learned How to Stop Worrying and Love the Mantel Right,Mushroom Boulder (Picnic Table) > Upper Rock City > Coopers Rock State Forest > Northern WV > West Virginia,https://www.mountainproject.com/route/117622130/or-how-i-learned-how-to-stop-worrying-and-love-the-mantel-right,2,Boulder,V5,1,12,39.63972,-79.81768
Openly Reggae,Black and White Boulder > Sunshine Boulders > New River Gorge Proper > The New River Gorge Region > West Virginia,https://www.mountainproject.com/route/120320580/openly-reggae,2.3,Boulder,V4,1,15,38.07358,-81.08592
Stupid's Corner,Curly Boulder > Moe Area > Interp Boulders > New River Gorge Proper > The New River Gorge Region > West Virginia,https://www.mountainproject.com/route/120667638/stupids-corner,2.2,Boulder,V6,1,15,38.07807,-81.07878
Rainy Day Science,Burlesque Boulder > Short Creek Left > Short Creek Bouldering > Beauty Mountain > New River Gorge Proper > The New River Gorge Region > West Virginia,https://www.mountainproject.com/route/123467546/rainy-day-science,3.6,Boulder,V5,1,12,38.05412,-81.03519
FontainZoo,Alcatraz/Fontainzoo/Mattehorn > Bozooka Area > Bozoo Bouldering > Bozoo > Southern WV > West Virginia,https://www.mountainproject.com/route/108856235/fontainzoo,3,Boulder,V6,1,10,37.47644,-80.8646
B: Champions Arete (Right),A: Air Jordy Boulder > Downstream Boulderfield > Bozoo Bouldering > Bozoo > Southern WV > West Virginia,https://www.mountainproject.com/route/108069735/b-champions-arete-right,2,Boulder,V6-7,1,10,37.4829,-80.8749
Big Daddy Pincher,Fat Rat Boulders > Furnace Road Areas > Coopers Rock State Forest > Northern WV > West Virginia,https://www.mountainproject.com/route/123548884/big-daddy-pincher,3,Boulder,V3-4,1,NA,39.65046,-79.82148
Heartbreak Station,Boxcar Boulder > East Boulders > Valley Falls State Park > Northern WV > West Virginia,https://www.mountainproject.com/route/123643732/heartbreak-station,4,Boulder,V3-4,1,12,39.39189,-80.08046
The Artist,Artist Point Area > Rocky Trail Eastside > Main Area > Valley Falls State Park > Northern WV > West Virginia,https://www.mountainproject.com/route/123646619/the-artist,3.9,Boulder,V3-4,1,10,39.3998,-80.09024
In A Pinch,Bear Rock Lake Bouldering (Wheeling) > Northern Panhandle > Northern WV > West Virginia,https://www.mountainproject.com/route/124033333/in-a-pinch,2,Boulder,V3-4,1,12,40.0763,-80.5333
Southern Chicken Kick,1st boulder > 1st pull off > Darnell Hollow > University Research Forest > Cheat Canyon > Northern WV > West Virginia,https://www.mountainproject.com/route/123860676/southern-chicken-kick,4,Boulder,V3-4,1,NA,39.69256,-79.81154
Soan Roof,Soan Roof > Darkside West > Darnell Hollow > University Research Forest > Cheat Canyon > Northern WV > West Virginia,https://www.mountainproject.com/route/123767550/soan-roof,3,Boulder,V3-4 PG13,1,NA,39.68928,-79.80667
Micro Blading,Micro Bus Boulder > 5th Pull Off (School Bus Area) > Darnell Hollow > University Research Forest > Cheat Canyon > Northern WV > West Virginia,https://www.mountainproject.com/route/123881496/micro-blading,3,Boulder,V3-4,1,NA,39.69062,-79.80168
Banana Fanna fo Fanna,Two Roof Boulder > Jekyll and Hyde Area > Lower Rock City > Coopers Rock State Forest > Northern WV > West Virginia,https://www.mountainproject.com/route/124164897/banana-fanna-fo-fanna,2.5,Boulder,V3-4,1,12,39.64149,-79.82793
Daddy’s Rock Puzzle Extension,T-Block > T-Block Area > Wonderland Ridge > Furnace Road Areas > Coopers Rock State Forest > Northern WV > West Virginia,https://www.mountainproject.com/route/124332601/daddys-rock-puzzle-extension,4,Boulder,V3-4 PG13,1,NA,39.65407,-79.83047
Abstraction,Trough Slab > Raven's Rock Proper > Powerline South > Raven Rock Trail Areas > Coopers Rock State Forest > Northern WV > West Virginia,https://www.mountainproject.com/route/124333399/abstraction,4,Boulder,V3-4,1,NA,39.62075,-79.7991
Erosion Arete,Erosion Arete > 1st pull off > Darnell Hollow > University Research Forest > Cheat Canyon > Northern WV > West Virginia,https://www.mountainproject.com/route/123764351/erosion-arete,4,Boulder,V3-4,1,NA,39.69231,-79.81203
West Virginia Smile,Luxury Liner > East Side Boulders > Needleseye Boulder Park > The New River Gorge Region > West Virginia,https://www.mountainproject.com/route/126791937/west-virginia-smile,3.5,Boulder,V3-4,1,30,37.98364,-81.11311
PMSing Neanderthal,Offwidth Boulder > Darkside East > Darnell Hollow > University Research Forest > Cheat Canyon > Northern WV > West Virginia,https://www.mountainproject.com/route/123764468/pmsing-neanderthal,4,Boulder,V3-4,1,NA,39.6893,-79.80287
Loric,Hearsay Boulder > West End Boulders > Needleseye Boulder Park > The New River Gorge Region > West Virginia,https://www.mountainproject.com/route/123630630/loric,4,Boulder,V3-4,1,NA,37.98124,-81.12497
Soaked Hallicinations,Wet Dream Boulder > Greenbrier Boulders > Furnace Road Areas > Coopers Rock State Forest > Northern WV > West Virginia,https://www.mountainproject.com/route/124946874/soaked-hallicinations,2,Boulder,V3-4,1,NA,39.65655,-79.81887
Drenched Illusions,Wet Dream Boulder > Greenbrier Boulders > Furnace Road Areas > Coopers Rock State Forest > Northern WV > West Virginia,https://www.mountainproject.com/route/124946884/drenched-illusions,2,Boulder,V3-4,1,NA,39.65655,-79.81887
Thirst Trap,Wet Dream Boulder > Greenbrier Boulders > Furnace Road Areas > Coopers Rock State Forest > Northern WV > West Virginia,https://www.mountainproject.com/route/124946904/thirst-trap,2,Boulder,V3-4,1,NA,39.65655,-79.81887
Crescent,Crescent Boulder > Greenbrier Boulders > Furnace Road Areas > Coopers Rock State Forest > Northern WV > West Virginia,https://www.mountainproject.com/route/124990408/crescent,3,Boulder,V3-4,1,NA,39.65696,-79.81992
Cheap and Nasty,Threshold Boulder > First Area Boulders > Rhododendron Trail Areas > Coopers Rock State Forest > Northern WV > West Virginia,https://www.mountainproject.com/route/201747826/cheap-and-nasty,2,Boulder,V3-4,1,NA,39.64218,-79.82027
Too Fast to Gatekeep,Axe Head Boulder > Axe Head Area > Rattlesnake Trail Boulders > Coopers Rock State Forest > Northern WV > West Virginia,https://www.mountainproject.com/route/125346146/too-fast-to-gatekeep,2,Boulder,V3-4,1,NA,39.63969,-79.82223
Hang N' Drop,Hang N' Drop Boulder > Trailside Boulders > Rattlesnake Trail Boulders > Coopers Rock State Forest > Northern WV > West Virginia,https://www.mountainproject.com/route/125364510/hang-n-drop,2,Boulder,V3-4,1,NA,39.63792,-79.82005
Life Finds a Way,Luxury Liner > East Side Boulders > Needleseye Boulder Park > The New River Gorge Region > West Virginia,https://www.mountainproject.com/route/126792051/life-finds-a-way,2,Boulder,V3-4,1,5,37.98364,-81.11311
Face Planted,Long Walk Boulder > Tsunami Area > Tilted Tree > Coopers Rock State Forest > Northern WV > West Virginia,https://www.mountainproject.com/route/125452106/face-planted,2,Boulder,V3-4,1,NA,39.63225,-79.80683
Pulp Free,Tiger Wall > Polly Trail - Kanawha State Forest > Kanawha State Forest > Southern WV > West Virginia,https://www.mountainproject.com/route/124989289/pulp-free,2.5,Boulder,V3-4,1,10,38.25744,-81.67625
Curled Edge,The Cranny > Entrance Boulders > Upper Rock City > Coopers Rock State Forest > Northern WV > West Virginia,https://www.mountainproject.com/route/125689950/curled-edge,2,Boulder,V3-4,1,NA,39.63824,-79.81714
Eukaryotic Initiation Factor 4E,Huntington Museum of Art > Huntington/Barboursville > Southern WV > West Virginia,https://www.mountainproject.com/route/126689019/eukaryotic-initiation-factor-4e,3,Boulder,V4-,1,9,38.39329,-82.43453
Grave Robber,The Diamond and The Cave Area > In-Between Area > Coopers Rock State Forest > Northern WV > West Virginia,https://www.mountainproject.com/route/124516336/grave-robber,3,Boulder,V4-,1,12,39.63499,-79.80994
Saturday Night Fever,The Diamond and The Cave Area > In-Between Area > Coopers Rock State Forest > Northern WV > West Virginia,https://www.mountainproject.com/route/124516596/saturday-night-fever,2.8,Boulder,V4-,1,12,39.63499,-79.80994
Cellulite District,Ceiling Block Area > Roadside > Coopers Rock State Forest > Northern WV > West Virginia,https://www.mountainproject.com/route/124578859/cellulite-district,4,"TR, Boulder",V4- PG13,1,28,39.63559,-79.81191
Winnie's Lair,Toppled Tower Boulder > Hawk's Nest Proper > Lower New River Gorge Bouldering > New River Gorge Proper > The New River Gorge Region > West Virginia,https://www.mountainproject.com/route/123547091/winnies-lair,2.5,Boulder,V4,1,5,38.11814,-81.13176
Cookie Arete,Fat Rat Boulders > Furnace Road Areas > Coopers Rock State Forest > Northern WV > West Virginia,https://www.mountainproject.com/route/123548904/cookie-arete,3,Boulder,V4,1,NA,39.65046,-79.82148
Border Crisis,Lick Run Arete > Lick Run > University Research Forest > Cheat Canyon > Northern WV > West Virginia,https://www.mountainproject.com/route/125742390/border-crisis,2,Boulder,V4,1,10,39.66616,-79.7682
Cat Nip,The Sea > Upper Rock City > Coopers Rock State Forest > Northern WV > West Virginia,https://www.mountainproject.com/route/126419673/cat-nip,4,Boulder,V4,1,12,39.63851,-79.81744
Playin’ on the Tracks,Boxcar Boulder > East Boulders > Valley Falls State Park > Northern WV > West Virginia,https://www.mountainproject.com/route/123643707/playin-on-the-tracks,4,Boulder,V4,1,12,39.39189,-80.08046
ORIF,Surgery Boulder > Rocky Trail Westside > Main Area > Valley Falls State Park > Northern WV > West Virginia,https://www.mountainproject.com/route/123649278/orif,3,Boulder,V4 PG13,1,23,39.40034,-80.09103
Juniper’s Adventure,Burnt Cabin Area > Rocky Trail Eastside > Main Area > Valley Falls State Park > Northern WV > West Virginia,https://www.mountainproject.com/route/123650511/junipers-adventure,3.5,Boulder,V4,1,12,39.39975,-80.09018
How U Want 2 B,Zippa Boulder > Libor Trail Boulders > Rhododendron Campground Boulders > Coopers Rock State Forest > Northern WV > West Virginia,https://www.mountainproject.com/route/201463705/how-u-want-2-b,3,Boulder,V4,1,NA,39.64448,-79.81436
Mono If Ya Nasty,Block Party Area > Greenbrier Boulders > Furnace Road Areas > Coopers Rock State Forest > Northern WV > West Virginia,https://www.mountainproject.com/route/200781287/mono-if-ya-nasty,3,Boulder,V4,1,15,39.65729,-79.8186
Broken Ballerina,Artist Point Area > Rocky Trail Eastside > Main Area > Valley Falls State Park > Northern WV > West Virginia,https://www.mountainproject.com/route/123666415/broken-ballerina,4,Boulder,V4,1,12,39.3998,-80.09024
Rivercut,Indiana Boulders > The Wall Boulders > Rhododendron Campground Boulders > Coopers Rock State Forest > Northern WV > West Virginia,https://www.mountainproject.com/route/202211480/rivercut,3,Boulder,V4,1,NA,39.64567,-79.81799
Watercolors,Artist Point Area > Rocky Trail Eastside > Main Area > Valley Falls State Park > Northern WV > West Virginia,https://www.mountainproject.com/route/123704450/watercolors,4,Boulder,V4,1,10,39.3998,-80.09024
Shark Fin,Shark Fin Boulder > Satellite Area > Glade Run > University Research Forest > Cheat Canyon > Northern WV > West Virginia,https://www.mountainproject.com/route/124326895/shark-fin,3,Boulder,V4,1,18,39.66751,-79.7714
Hacksaw Jettison,Jettison Boulder > Libor Trail Boulders > Rhododendron Campground Boulders > Coopers Rock State Forest > Northern WV > West Virginia,https://www.mountainproject.com/route/201463241/hacksaw-jettison,4,Boulder,V4,1,17,39.64426,-79.8141
Cosmetic Surgery,Surgery Boulder > Rocky Trail Westside > Main Area > Valley Falls State Park > Northern WV > West Virginia,https://www.mountainproject.com/route/123734101/cosmetic-surgery,3,Boulder,V4,1,NA,39.40034,-80.09103
Burly Girly,Burly Girly > Libor Trail Boulders > Rhododendron Campground Boulders > Coopers Rock State Forest > Northern WV > West Virginia,https://www.mountainproject.com/route/202211340/burly-girly,3,Boulder,V4,1,NA,39.6453,-79.81613
Sous Vide,Sous Vide Boulder > Limelight Area > Wonderland Ridge > Furnace Road Areas > Coopers Rock State Forest > Northern WV > West Virginia,https://www.mountainproject.com/route/126751004/sous-vide,3,Boulder,V4,1,NA,39.65322,-79.82885
All Time Low,Scrittle Scuttle > First Area Boulders > Rhododendron Trail Areas > Coopers Rock State Forest > Northern WV > West Virginia,https://www.mountainproject.com/route/126157300/all-time-low,3.2,Boulder,V4,1,15,39.64237,-79.8196
Perpetual Motion Machine,Cooper’s Office > Park Entrance Areas > Coopers Rock State Forest > Northern WV > West Virginia,https://www.mountainproject.com/route/123614127/perpetual-motion-machine,3,Boulder,V4,1,30,39.66183,-79.78069
General Arete,Generational Rediscovery Boulder > Trailside Boulders > Rattlesnake Trail Boulders > Coopers Rock State Forest > Northern WV > West Virginia,https://www.mountainproject.com/route/127248160/general-arete,2,Boulder,V4,1,NA,39.63893,-79.82219
Cyberbullying,09. Bacon Corridor > Meadow Top Boulders > Meadow River Gorge > The New River Gorge Region > West Virginia,https://www.mountainproject.com/route/123854273/cyberbullying,1.9,Boulder,V4,1,12,38.15371,-80.93504
Hydro Halt,9. Dam Good Boulders > Camp 70 Boulders > Eastern WV > West Virginia,https://www.mountainproject.com/route/123854663/hydro-halt,3,Boulder,V4,1,7,39.12863,-79.44951
Slam Dunk,Light Rays Boulder > Short Creek Right > Short Creek Bouldering > Beauty Mountain > New River Gorge Proper > The New River Gorge Region > West Virginia,https://www.mountainproject.com/route/200568412/slam-dunk,2.5,Boulder,V4,1,10,38.05496,-81.03566
Over the Moon,Below the Moon Boulder > Sunset Wall Area > Roadside > Coopers Rock State Forest > Northern WV > West Virginia,https://www.mountainproject.com/route/123935425/over-the-moon,2.5,Boulder,V4 PG13,1,NA,39.6344,-79.81104
Tomorrow's Harvest,King Charles III Boulder > Lick Run > University Research Forest > Cheat Canyon > Northern WV > West Virginia,https://www.mountainproject.com/route/125687517/tomorrows-harvest,4,Boulder,V4,1,20,39.66639,-79.76925
Salamander Eviction,Threshold Boulder > First Area Boulders > Rhododendron Trail Areas > Coopers Rock State Forest > Northern WV > West Virginia,https://www.mountainproject.com/route/201748814/salamander-eviction,3,Boulder,V4,1,12,39.64218,-79.82027
Hillbilly Chandelier,East Lynn Lake Dam Shelter 3 > East Lynn > Southern WV > West Virginia,https://www.mountainproject.com/route/201576547/hillbilly-chandelier,3.5,Boulder,V4,1,15,38.14685,-82.38234
Tree four,Step Roof > Deer Skull Boulders > University Research Forest > Cheat Canyon > Northern WV > West Virginia,https://www.mountainproject.com/route/123752892/tree-four,3,Boulder,V4,1,15,39.66329,-79.81778
To Those That Wander,Roam Boulder > Big Pine Area > Lower Rock City > Coopers Rock State Forest > Northern WV > West Virginia,https://www.mountainproject.com/route/124053942/to-those-that-wander,4,Boulder,V4,1,NA,39.64195,-79.82903
Ripopgodazippa,Zippa Boulder > Libor Trail Boulders > Rhododendron Campground Boulders > Coopers Rock State Forest > Northern WV > West Virginia,https://www.mountainproject.com/route/201463697/ripopgodazippa,3,Boulder,V4,1,NA,39.64448,-79.81436
Walk of Weakness,Weakness Boulder > Jekyll and Hyde Area > Lower Rock City > Coopers Rock State Forest > Northern WV > West Virginia,https://www.mountainproject.com/route/124049563/walk-of-weakness,3.5,Boulder,V4 PG13,1,22,39.64169,-79.82705
Weakness Ensues,Weakness Boulder > Jekyll and Hyde Area > Lower Rock City > Coopers Rock State Forest > Northern WV > West Virginia,https://www.mountainproject.com/route/124054006/weakness-ensues,2,Boulder,V4,1,NA,39.64169,-79.82705
Big Pinch,Second Wall > Tilted Tree > Coopers Rock State Forest > Northern WV > West Virginia,https://www.mountainproject.com/route/126833615/big-pinch,4,Boulder,V4,1,12,39.63469,-79.80768
Gobstopper,Wonka Cave > Summersville (Gauley River) Area > The New River Gorge Region > West Virginia,https://www.mountainproject.com/route/124067912/gobstopper,3.5,Boulder,V4,1,16,38.20448,-80.89332
Loop d'Loop,Cliff Top Boulder > Big Pine Area > Lower Rock City > Coopers Rock State Forest > Northern WV > West Virginia,https://www.mountainproject.com/route/124093012/loop-dloop,2,Boulder,V4,1,NA,39.64201,-79.82929
Big Business,Big Business Boulder > Big Pine Area > Lower Rock City > Coopers Rock State Forest > Northern WV > West Virginia,https://www.mountainproject.com/route/124093059/big-business,3.6,Boulder,V4,1,NA,39.64198,-79.82899
The Snake Story,Overhanging Dihedral Boulder > Big Pine Area > Lower Rock City > Coopers Rock State Forest > Northern WV > West Virginia,https://www.mountainproject.com/route/124101122/the-snake-story,3.5,Boulder,V4,1,14,39.64194,-79.829
Heart of Gold,Luxury Liner > East Side Boulders > Needleseye Boulder Park > The New River Gorge Region > West Virginia,https://www.mountainproject.com/route/200584340/heart-of-gold,4,Boulder,V4,1,8,37.98364,-81.11311
Machine Gun Thoughts,First Wall Left > First Wall > Tilted Tree > Coopers Rock State Forest > Northern WV > West Virginia,https://www.mountainproject.com/route/124066430/machine-gun-thoughts,3.5,Boulder,V4,1,8,39.6339,-79.80606
Egg Shell Crack,Oh Sh!t Boulder > Labor and Delivery Area > In-Between Area > Coopers Rock State Forest > Northern WV > West Virginia,https://www.mountainproject.com/route/124139805/egg-shell-crack,3,Boulder,V4,1,NA,39.63406,-79.80848
Drop Ship,Deep Woods Block > In-Between Area > Coopers Rock State Forest > Northern WV > West Virginia,https://www.mountainproject.com/route/124139922/drop-ship,4,Boulder,V4 PG13,1,NA,39.63458,-79.80998
Mechanical Sensei Left,02. Mechanical Sensei Boulder > Meadow Top Boulders > Meadow River Gorge > The New River Gorge Region > West Virginia,https://www.mountainproject.com/route/201939235/mechanical-sensei-left,2.5,Boulder,V4,1,8,38.15277,-80.92832
Finger Stinger,Bee Sting Boulder > Entrance Boulder Area > Lower Rock City > Coopers Rock State Forest > Northern WV > West Virginia,https://www.mountainproject.com/route/124173392/finger-stinger,3.5,Boulder,V4,1,10,39.64142,-79.82663
Stairway to Almost Heaven,Sunset Wall Cave > Sunset Wall Area > Roadside > Coopers Rock State Forest > Northern WV > West Virginia,https://www.mountainproject.com/route/124212508/stairway-to-almost-heaven,4,Boulder,V4 PG13,1,18,39.6352,-79.81082
Great Expectations,Luxury Liner > East Side Boulders > Needleseye Boulder Park > The New River Gorge Region > West Virginia,https://www.mountainproject.com/route/126791625/great-expectations,3,Boulder,V4,1,8,37.98364,-81.11311
Where's Waldo?,Taper Point Boulder > Cotton Top > Lower New River Gorge Bouldering > New River Gorge Proper > The New River Gorge Region > West Virginia,https://www.mountainproject.com/route/200357631/wheres-waldo,3,Boulder,V4,1,12,38.11579,-81.14159
Slopercide,Slopercide Boulders > Entrance Boulder Area > Lower Rock City > Coopers Rock State Forest > Northern WV > West Virginia,https://www.mountainproject.com/route/124265595/slopercide,4,Boulder,V4,1,9,39.64141,-79.82619
Cutting Edge,Fiddle Rock > Fiddle Area > Tilted Tree > Coopers Rock State Forest > Northern WV > West Virginia,https://www.mountainproject.com/route/126477350/cutting-edge,3,Boulder,V4,1,NA,39.63378,-79.8061
Paddles or Pancakes?,Where Tourists Dare > First Set Boulders > Roadside > Coopers Rock State Forest > Northern WV > West Virginia,https://www.mountainproject.com/route/124101139/paddles-or-pancakes,3,Boulder,V4,1,12,39.63538,-79.81274
Nothing Arete,Zero Boulder > Main Area > Glade Run > University Research Forest > Cheat Canyon > Northern WV > West Virginia,https://www.mountainproject.com/route/124095632/nothing-arete,3,Boulder,V4,1,12,39.67175,-79.77173
Warm Ways,The Cranny > Entrance Boulders > Upper Rock City > Coopers Rock State Forest > Northern WV > West Virginia,https://www.mountainproject.com/route/127259295/warm-ways,2,Boulder,V4,1,NA,39.63824,-79.81714
The PRT,PRT Boulder > '90s area > Lick Run > University Research Forest > Cheat Canyon > Northern WV > West Virginia,https://www.mountainproject.com/route/124326844/the-prt,3,Boulder,V4,1,16,39.66908,-79.76966
Mr. T,T-Block > T-Block Area > Wonderland Ridge > Furnace Road Areas > Coopers Rock State Forest > Northern WV > West Virginia,https://www.mountainproject.com/route/124332626/mr-t,4,Boulder,V4 PG13,1,NA,39.65407,-79.83047
Giant Guppy,Guppy Boulder > Guppy Area > Wonderland Ridge > Furnace Road Areas > Coopers Rock State Forest > Northern WV > West Virginia,https://www.mountainproject.com/route/124332700/giant-guppy,4,Boulder,V4,1,NA,39.65522,-79.83115
Mulligan Stew,The Big Orc Chasm > The Wall Boulders > Rhododendron Campground Boulders > Coopers Rock State Forest > Northern WV > West Virginia,https://www.mountainproject.com/route/202211530/mulligan-stew,4,Boulder,V4 PG13,1,NA,39.64534,-79.81769
Snail Trail,Threshold Boulder > First Area Boulders > Rhododendron Trail Areas > Coopers Rock State Forest > Northern WV > West Virginia,https://www.mountainproject.com/route/201875126/snail-trail,4,Boulder,V4,1,16,39.64218,-79.82027
Minden B. Johnson,Minden Boulder > East Side Boulders > Needleseye Boulder Park > The New River Gorge Region > West Virginia,https://www.mountainproject.com/route/200786753/minden-b-johnson,3,Boulder,V4,1,14,37.9811,-81.11005
Walk on the Wild Slab,Wild Slab > Raven's Rock Proper > Powerline South > Raven Rock Trail Areas > Coopers Rock State Forest > Northern WV > West Virginia,https://www.mountainproject.com/route/124333477/walk-on-the-wild-slab,4,Boulder,V4,1,NA,39.62087,-79.79897
Crooked Raptor Crack,Raptor Cave > Cracklandia > Powerline South > Raven Rock Trail Areas > Coopers Rock State Forest > Northern WV > West Virginia,https://www.mountainproject.com/route/124355175/crooked-raptor-crack,4,Boulder,V4,1,NA,39.62389,-79.79837
Greenbrier Forearm Fryer,Greenbrier Boulder > Greenbrier Boulders > Furnace Road Areas > Coopers Rock State Forest > Northern WV > West Virginia,https://www.mountainproject.com/route/124364549/greenbrier-forearm-fryer,4,Boulder,V4 PG13,1,NA,39.65676,-79.81894
Siamese Jaguar,Luxury Liner > East Side Boulders > Needleseye Boulder Park > The New River Gorge Region > West Virginia,https://www.mountainproject.com/route/200824539/siamese-jaguar,3,Boulder,V4,1,20,37.98364,-81.11311
Yer Booty Shiver's Me Timbers,Plank Boulder > Greenbrier Boulders > Furnace Road Areas > Coopers Rock State Forest > Northern WV > West Virginia,https://www.mountainproject.com/route/124364609/yer-booty-shivers-me-timbers,4,Boulder,V4 PG13,1,NA,39.65629,-79.81916
Chopping Block,Block Party Area > Greenbrier Boulders > Furnace Road Areas > Coopers Rock State Forest > Northern WV > West Virginia,https://www.mountainproject.com/route/124364732/chopping-block,3,Boulder,V4,1,NA,39.65729,-79.8186
Hole Punch,Hole Punch Boulder > Greenbrier Boulders > Furnace Road Areas > Coopers Rock State Forest > Northern WV > West Virginia,https://www.mountainproject.com/route/127201787/hole-punch,2,Boulder,V4,1,10,39.65578,-79.81849
Escape from Gulag,Ceiling Block Area > Roadside > Coopers Rock State Forest > Northern WV > West Virginia,https://www.mountainproject.com/route/124380782/escape-from-gulag,3,Boulder,V4,1,NA,39.63559,-79.81191
Princess Zoraida,Zoraida Boulder > Libor Trail Boulders > Rhododendron Campground Boulders > Coopers Rock State Forest > Northern WV > West Virginia,https://www.mountainproject.com/route/202211694/princess-zoraida,2,Boulder,V4,1,NA,39.64357,-79.814
Patriotic Turkey,Turkey Feather Boulder > Wonderland Ridge > Furnace Road Areas > Coopers Rock State Forest > Northern WV > West Virginia,https://www.mountainproject.com/route/124411527/patriotic-turkey,2,Boulder,V4,1,NA,39.652,-79.826
Right to Roam,B. Property Line Boulder > Upper Roadside > Beaver Hollow > Cheat Canyon > Northern WV > West Virginia,https://www.mountainproject.com/route/124419125/right-to-roam,3,Boulder,V4,1,12,39.60794,-79.76679
Toppled,Corridors > In-Between Area > Coopers Rock State Forest > Northern WV > West Virginia,https://www.mountainproject.com/route/126078461/toppled,3,Boulder,V4,1,10,39.63462,-79.80866
Businessman Circuit,(V1-V4) Red Circuits > Multi-Area Circuits > *Circuits > Coopers Rock State Forest > Northern WV > West Virginia,https://www.mountainproject.com/route/200751133/businessman-circuit,2,Boulder,V4,7,NA,39.6368,-79.81334
Thorax Masher,Air Space Boulder > First Set Boulders > Roadside > Coopers Rock State Forest > Northern WV > West Virginia,https://www.mountainproject.com/route/126395119/thorax-masher,4,Boulder,V4,1,3,39.63592,-79.81292
Burning the Chaff,Solar Boulders > Solar Slabs > Coopers Rock State Forest > Northern WV > West Virginia,https://www.mountainproject.com/route/124625477/burning-the-chaff,3,Boulder,V4,1,12,39.65071,-79.83778
Way Webew,Second Wall > Tilted Tree > Coopers Rock State Forest > Northern WV > West Virginia,https://www.mountainproject.com/route/126782250/way-webew,2,Boulder,V4,1,10,39.63469,-79.80768
The Future of Climbing,Future Roof Boulder > First Area Boulders > Rhododendron Trail Areas > Coopers Rock State Forest > Northern WV > West Virginia,https://www.mountainproject.com/route/124809727/the-future-of-climbing,2,Boulder,V4,1,12,39.64215,-79.82036
Minden Over Matter,Minden Boulder > East Side Boulders > Needleseye Boulder Park > The New River Gorge Region > West Virginia,https://www.mountainproject.com/route/200786661/minden-over-matter,2,Boulder,V4,1,12,37.9811,-81.11005
Ray’s School of Grit Circuit,(V1-V4) Red Circuits > Multi-Area Circuits > *Circuits > Coopers Rock State Forest > Northern WV > West Virginia,https://www.mountainproject.com/route/200833480/rays-school-of-grit-circuit,4,Boulder,V4,27,300,39.6368,-79.81334
Unicorn Beef,Unicorn Boulder > Lick Run > University Research Forest > Cheat Canyon > Northern WV > West Virginia,https://www.mountainproject.com/route/125751278/unicorn-beef,2,Boulder,V4,1,10,39.66615,-79.76847
Free Candy Van,Candyland Cave > Site 12 Boulders > Rhododendron Campground Boulders > Coopers Rock State Forest > Northern WV > West Virginia,https://www.mountainproject.com/route/124882277/free-candy-van,2,Boulder,V4,1,NA,39.64266,-79.81406
Cuddly Tortoiseshell,The Sea > Upper Rock City > Coopers Rock State Forest > Northern WV > West Virginia,https://www.mountainproject.com/route/126447940/cuddly-tortoiseshell,4,Boulder,V4,1,NA,39.63851,-79.81744
Jump Shot,Kobe Boulder > The Wall Boulders > Rhododendron Campground Boulders > Coopers Rock State Forest > Northern WV > West Virginia,https://www.mountainproject.com/route/124935271/jump-shot,2,Boulder,V4 PG13,1,NA,39.64595,-79.81975
Sinker,Kobe Boulder > The Wall Boulders > Rhododendron Campground Boulders > Coopers Rock State Forest > Northern WV > West Virginia,https://www.mountainproject.com/route/124935282/sinker,2,Boulder,V4 PG13,1,NA,39.64595,-79.81975
Throwin In The Towel,Glass Jar Boulder > Underlook Trail Boulders > Coopers Rock State Forest > Northern WV > West Virginia,https://www.mountainproject.com/route/124940713/throwin-in-the-towel,4,Boulder,V4,1,8,39.63673,-79.8166
Xylophone,Second Life Boulder > Greenbrier Boulders > Furnace Road Areas > Coopers Rock State Forest > Northern WV > West Virginia,https://www.mountainproject.com/route/124946572/xylophone,2.7,Boulder,V4,1,NA,39.65666,-79.82023
Head Games,Luxury Liner > East Side Boulders > Needleseye Boulder Park > The New River Gorge Region > West Virginia,https://www.mountainproject.com/route/201050157/head-games,2,Boulder,V4,1,20,37.98364,-81.11311
Low Tide,Shallows Boulder > Sinking Ship Boulders > Furnace Road Areas > Coopers Rock State Forest > Northern WV > West Virginia,https://www.mountainproject.com/route/126046840/low-tide,2,Boulder,V4,1,NA,39.6528,-79.80113
Brushless Thugs,Brushless Thugs > Greenbrier Boulders > Furnace Road Areas > Coopers Rock State Forest > Northern WV > West Virginia,https://www.mountainproject.com/route/200291732/brushless-thugs,4,Boulder,V4,1,10,39.65584,-79.81765
Mutated Arete,Mutilated Slab > Jekyll and Hyde Area > Lower Rock City > Coopers Rock State Forest > Northern WV > West Virginia,https://www.mountainproject.com/route/124968517/mutated-arete,4,Boulder,V4,1,NA,39.64174,-79.82755
Full Throttle,Motorcycle Rocks > Haystack Area > Underlook Trail Boulders > Coopers Rock State Forest > Northern WV > West Virginia,https://www.mountainproject.com/route/127143722/full-throttle,3.7,Boulder,V4,1,15,39.6358,-79.81508
Thinly Sliced on the Bias,Thinly Sliced on the Bias boulder > Goodspeed Highway boulders > University Research Forest > Cheat Canyon > Northern WV > West Virginia,https://www.mountainproject.com/route/126128042/thinly-sliced-on-the-bias,4,Boulder,V4,1,9,39.66619,-79.80104
Rinky Dink,First Wall Left > First Wall > Tilted Tree > Coopers Rock State Forest > Northern WV > West Virginia,https://www.mountainproject.com/route/125015738/rinky-dink,3,Boulder,V4,1,NA,39.6339,-79.80606
Dividing Line,Threshold Boulder > First Area Boulders > Rhododendron Trail Areas > Coopers Rock State Forest > Northern WV > West Virginia,https://www.mountainproject.com/route/201793842/dividing-line,2,Boulder,V4,1,NA,39.64218,-79.82027
"Whiskey, Wine, and Slab",Corridors > In-Between Area > Coopers Rock State Forest > Northern WV > West Virginia,https://www.mountainproject.com/route/126067580/whiskey-wine-and-slab,3,Boulder,V4,1,NA,39.63462,-79.80866
No Sympathy,Bunny Is A Rider Boulder > Bunny Boulders > McCollum Campground Boulders > Coopers Rock State Forest > Northern WV > West Virginia,https://www.mountainproject.com/route/125105002/no-sympathy,2,Boulder,V4,1,NA,39.63897,-79.78694
More of the Same,More of the Same Boulder > Bunny Boulders > McCollum Campground Boulders > Coopers Rock State Forest > Northern WV > West Virginia,https://www.mountainproject.com/route/125105026/more-of-the-same,3,Boulder,V4,1,NA,39.63886,-79.78676
Here With Me,Dido Boulder > Bunny Boulders > McCollum Campground Boulders > Coopers Rock State Forest > Northern WV > West Virginia,https://www.mountainproject.com/route/125105117/here-with-me,3,Boulder,V4,1,NA,39.63886,-79.78641
Dr.  Topout,Mushroom Boulder (Picnic Table) > Upper Rock City > Coopers Rock State Forest > Northern WV > West Virginia,https://www.mountainproject.com/route/125123997/dr-topout,3.7,Boulder,V4,1,13,39.63972,-79.81768
Cardiac Stabbing Pains,Trough Slab > Raven's Rock Proper > Powerline South > Raven Rock Trail Areas > Coopers Rock State Forest > Northern WV > West Virginia,https://www.mountainproject.com/route/125962189/cardiac-stabbing-pains,3,Boulder,V4,1,NA,39.62075,-79.7991
Inflationary Epoch,Sprout to Vine Boulder > Lick Run > University Research Forest > Cheat Canyon > Northern WV > West Virginia,https://www.mountainproject.com/route/125687941/inflationary-epoch,4,Boulder,V4,1,20,39.66652,-79.76864
Green Groove,Secret Boulder > Jekyll and Hyde Area > Lower Rock City > Coopers Rock State Forest > Northern WV > West Virginia,https://www.mountainproject.com/route/125196945/green-groove,3,Boulder,V4,1,NA,39.64192,-79.82823
Wittle Way Webew,Second Wall > Tilted Tree > Coopers Rock State Forest > Northern WV > West Virginia,https://www.mountainproject.com/route/126769901/wittle-way-webew,2,Boulder,V4,1,11,39.63469,-79.80768
Boingonium,Boingonium Boulder > Darkside West > Darnell Hollow > University Research Forest > Cheat Canyon > Northern WV > West Virginia,https://www.mountainproject.com/route/123767517/boingonium,4,Boulder,V4,1,NA,39.69004,-79.80634
FCA,Leaving Las Fayetteville Boulder > Hawk's Nest Proper > Lower New River Gorge Bouldering > New River Gorge Proper > The New River Gorge Region > West Virginia,https://www.mountainproject.com/route/201175942/fca,3,Boulder,V4,1,NA,38.11762,-81.13159
Sprout to Vine,Sprout to Vine Boulder > Lick Run > University Research Forest > Cheat Canyon > Northern WV > West Virginia,https://www.mountainproject.com/route/125687911/sprout-to-vine,4,Boulder,V4,1,20,39.66652,-79.76864
Tribute to John Gill,Piton Block > Underlook Trail Boulders > Coopers Rock State Forest > Northern WV > West Virginia,https://www.mountainproject.com/route/125340138/tribute-to-john-gill,3.7,Boulder,V4,1,12,39.63715,-79.81604
Starship,Starship Boulder > T-Block Area > Wonderland Ridge > Furnace Road Areas > Coopers Rock State Forest > Northern WV > West Virginia,https://www.mountainproject.com/route/201469454/starship,4,Boulder,V4 PG13,1,NA,39.65412,-79.8305
VOIP Probe,Probe Boulder > Satellite Area > Glade Run > University Research Forest > Cheat Canyon > Northern WV > West Virginia,https://www.mountainproject.com/route/124330820/voip-probe,3,Boulder,V4,1,NA,39.66851,-79.77189
Creeper Flake,Creeper Boulder > Trailside Boulders > Rattlesnake Trail Boulders > Coopers Rock State Forest > Northern WV > West Virginia,https://www.mountainproject.com/route/125346110/creeper-flake,3,Boulder,V4,1,NA,39.63806,-79.81994
Captain Ahab,Moby Dick Boulder > Pirate's Cove Boulders > Summersville (Gauley River) Area > The New River Gorge Region > West Virginia,https://www.mountainproject.com/route/200646336/captain-ahab,2,Boulder,V4,1,10,38.24101,-80.84579
Pretty Prisms,No-Name Cave > Axe Head Area > Rattlesnake Trail Boulders > Coopers Rock State Forest > Northern WV > West Virginia,https://www.mountainproject.com/route/125346139/pretty-prisms,4,Boulder,V4,1,NA,39.63939,-79.82151
Clocked Out,No-Name Cave > Axe Head Area > Rattlesnake Trail Boulders > Coopers Rock State Forest > Northern WV > West Virginia,https://www.mountainproject.com/route/125349451/clocked-out,3.8,Boulder,V4,1,14,39.63939,-79.82151
Below the Bush,Below the Bush Boulder > Axe Head Area > Rattlesnake Trail Boulders > Coopers Rock State Forest > Northern WV > West Virginia,https://www.mountainproject.com/route/125349784/below-the-bush,2,Boulder,V4,1,9,39.63942,-79.82202
"I’m in Orbit, Baby",Lita Ford Boulder > Libor Trail Boulders > Rhododendron Campground Boulders > Coopers Rock State Forest > Northern WV > West Virginia,https://www.mountainproject.com/route/201445916/im-in-orbit-baby,3,Boulder,V4,1,NA,39.64322,-79.81393
Tap Tap Tiny,Bunker Boulder > Short Creek Right > Short Creek Bouldering > Beauty Mountain > New River Gorge Proper > The New River Gorge Region > West Virginia,https://www.mountainproject.com/route/202016748/tap-tap-tiny,3,Boulder,V4,1,14,38.05382,-81.03576
Old Growth,Old Growth Boulders > Rattlesnake Trail Boulders > Coopers Rock State Forest > Northern WV > West Virginia,https://www.mountainproject.com/route/125401523/old-growth,3.5,Boulder,V4,1,14,39.63893,-79.82135
Small Talk,Fern Creek Boulders > New River Gorge Proper > The New River Gorge Region > West Virginia,https://www.mountainproject.com/route/201609986/small-talk,2,Boulder,V4,1,NA,38.06019,-81.06851
Seashell Traverse,Sea Floor Boulder > Underlook Trail Boulders > Coopers Rock State Forest > Northern WV > West Virginia,https://www.mountainproject.com/route/200749855/seashell-traverse,3,Boulder,V4,1,35,39.63712,-79.81658
Ghost Truck,Ghost Truck Boulder > Electric Avenue Area > Tilted Tree > Coopers Rock State Forest > Northern WV > West Virginia,https://www.mountainproject.com/route/125455602/ghost-truck,3,Boulder,V4,1,NA,39.63222,-79.8049
Border Babe,The Dogs Traverse Boulder > Electric Avenue Area > Tilted Tree > Coopers Rock State Forest > Northern WV > West Virginia,https://www.mountainproject.com/route/125455637/border-babe,2.5,Boulder,V4,1,NA,39.63219,-79.80491
Underking,Underking Boulder > 5th Pull Off (School Bus Area) > Darnell Hollow > University Research Forest > Cheat Canyon > Northern WV > West Virginia,https://www.mountainproject.com/route/123728013/underking,3,Boulder,V4,1,10,39.69075,-79.80179
Orc Chasm Arête,The Big Orc Chasm > The Wall Boulders > Rhododendron Campground Boulders > Coopers Rock State Forest > Northern WV > West Virginia,https://www.mountainproject.com/route/202211521/orc-chasm-arete,4,Boulder,V4,1,30,39.64534,-79.81769
Minute to Meditate,First Wall Left > First Wall > Tilted Tree > Coopers Rock State Forest > Northern WV > West Virginia,https://www.mountainproject.com/route/201842764/minute-to-meditate,3,Boulder,V4,1,NA,39.6339,-79.80606
Midnight stumble,Night Arrow Boulder > Protractor Area > Site 12 Boulders > Rhododendron Campground Boulders > Coopers Rock State Forest > Northern WV > West Virginia,https://www.mountainproject.com/route/201953897/midnight-stumble,3,Boulder,V4,1,12,39.64288,-79.81413
Rapid Unscheduled Disassembly,Space X boulder > '90s area > Lick Run > University Research Forest > Cheat Canyon > Northern WV > West Virginia,https://www.mountainproject.com/route/124091168/rapid-unscheduled-disassembly,3,Boulder,V4,1,10,39.66908,-79.76977
Southern Slap,1st boulder > 1st pull off > Darnell Hollow > University Research Forest > Cheat Canyon > Northern WV > West Virginia,https://www.mountainproject.com/route/123846868/southern-slap,3,Boulder,V4,1,10,39.69256,-79.81154
Damed if you Don't,9. Dam Good Boulders > Camp 70 Boulders > Eastern WV > West Virginia,https://www.mountainproject.com/route/123850278/damed-if-you-dont,2,Boulder,V4+ PG13,1,12,39.12863,-79.44951
Grasshopper,Elephant in the Room Boulder > Lower Hawk's Nest > Lower New River Gorge Bouldering > New River Gorge Proper > The New River Gorge Region > West Virginia,https://www.mountainproject.com/route/124067825/grasshopper,2,Boulder,V4+,1,12,38.11669,-81.13185
Moby’s Mantle Extension,Moby Boulder > Moby Area > Tilted Tree > Coopers Rock State Forest > Northern WV > West Virginia,https://www.mountainproject.com/route/124757297/mobys-mantle-extension,3,Boulder,V4+,1,12,39.63388,-79.80663
Kawałek,Rumsey Park > West Virginia,https://www.mountainproject.com/route/202127731/kawalek,2,Boulder,V4+ R,1,20,39.4327,-77.79906
Slopey Flail,Ganja Bloc Aka Moon Board > Darkside East > Darnell Hollow > University Research Forest > Cheat Canyon > Northern WV > West Virginia,https://www.mountainproject.com/route/123868401/slopey-flail,3,Boulder,V4+,1,15,39.68889,-79.80131
Hibernation,Ephatha > Deer Skull Boulders > University Research Forest > Cheat Canyon > Northern WV > West Virginia,https://www.mountainproject.com/route/123720778/hibernation,3,Boulder,V4+,1,NA,39.66347,-79.81699
The Sculptor,Artist Point Area > Rocky Trail Eastside > Main Area > Valley Falls State Park > Northern WV > West Virginia,https://www.mountainproject.com/route/123649811/the-sculptor,4,Boulder,V4-5,1,10,39.3998,-80.09024
Frank's Yank,Frank Tank Boulder > Rocky Trail Westside > Main Area > Valley Falls State Park > Northern WV > West Virginia,https://www.mountainproject.com/route/123662707/franks-yank,2,Boulder,V4-5,1,NA,39.40048,-80.09125
Salamander,Salamander Boulder > Rocky Trail Westside > Main Area > Valley Falls State Park > Northern WV > West Virginia,https://www.mountainproject.com/route/123704576/salamander,4,Boulder,V4-5,1,12,39.40086,-80.09001
I Walk the Line,Dental Block > Entrance Boulders > Needleseye Boulder Park > The New River Gorge Region > West Virginia,https://www.mountainproject.com/route/125393437/i-walk-the-line,3.3,Boulder,V4-5,1,15,37.98151,-81.11694
Picnic Roof Traverse,Site 1 Boulders > Rhododendron Campground Boulders > Coopers Rock State Forest > Northern WV > West Virginia,https://www.mountainproject.com/route/124094381/picnic-roof-traverse,3,Boulder,V4-5,1,NA,39.64004,-79.81353
"""The Arete""",Arete Boulder > 5th Pull Off (School Bus Area) > Darnell Hollow > University Research Forest > Cheat Canyon > Northern WV > West Virginia,https://www.mountainproject.com/route/123884647/the-arete,3,Boulder,V4-5,1,NA,39.69078,-79.8016
Head Over Heels,Heels Boulder > Limelight Area > Wonderland Ridge > Furnace Road Areas > Coopers Rock State Forest > Northern WV > West Virginia,https://www.mountainproject.com/route/124332407/head-over-heels,4,Boulder,V4-5,1,NA,39.65328,-79.829
Blocked Off,Block Party Area > Greenbrier Boulders > Furnace Road Areas > Coopers Rock State Forest > Northern WV > West Virginia,https://www.mountainproject.com/route/124364727/blocked-off,3,Boulder,V4-5,1,NA,39.65729,-79.8186
Lick Run Arete,Lick Run Arete > Lick Run > University Research Forest > Cheat Canyon > Northern WV > West Virginia,https://www.mountainproject.com/route/125665787/lick-run-arete,3,Boulder,V4-5,1,NA,39.66616,-79.7682
The Seven Seas,Pirate Boulder > Pirate's Cove Boulders > Summersville (Gauley River) Area > The New River Gorge Region > West Virginia,https://www.mountainproject.com/route/200624133/the-seven-seas,3,Boulder,V4-5,1,16,38.24213,-80.84776
Mutilated Lips,Mutilated Slab > Jekyll and Hyde Area > Lower Rock City > Coopers Rock State Forest > Northern WV > West Virginia,https://www.mountainproject.com/route/124968523/mutilated-lips,2,Boulder,V4-5,1,NA,39.64174,-79.82755
120 Volts,Amp Boulder > Substation Boulders (CLOSED) > Beauty Mountain > New River Gorge Proper > The New River Gorge Region > West Virginia,https://www.mountainproject.com/route/126714781/120-volts,3,Boulder,V4-5,1,10,38.03822,-81.02169
Walk It,Anti-Elvis Area > Tilted Tree > Coopers Rock State Forest > Northern WV > West Virginia,https://www.mountainproject.com/route/124972326/walk-it,2,Boulder,V4-5,1,10,39.6341,-79.80722
Residuals,Gundercling Boulder > Casey Jones > Lower New River Gorge Bouldering > New River Gorge Proper > The New River Gorge Region > West Virginia,https://www.mountainproject.com/route/125229018/residuals,2.9,Boulder,V4-5,1,15,38.11359,-81.14357
Creeper Mantle,Creeper Boulder > Trailside Boulders > Rattlesnake Trail Boulders > Coopers Rock State Forest > Northern WV > West Virginia,https://www.mountainproject.com/route/125346084/creeper-mantle,3,Boulder,V4-5,1,NA,39.63806,-79.81994
Them Pockets,Them Pockets Boulder > Guillotine Area > Rattlesnake Trail Boulders > Coopers Rock State Forest > Northern WV > West Virginia,https://www.mountainproject.com/route/125357236/them-pockets,3,Boulder,V4-5,1,NA,39.63992,-79.82352
Free Fleas Sneeze,Boingonium Boulder > Darkside West > Darnell Hollow > University Research Forest > Cheat Canyon > Northern WV > West Virginia,https://www.mountainproject.com/route/123767504/free-fleas-sneeze,3,Boulder,V4-5,1,NA,39.69004,-79.80634
Amateur Tractor,Protractor Boulder > Protractor Area > Site 12 Boulders > Rhododendron Campground Boulders > Coopers Rock State Forest > Northern WV > West Virginia,https://www.mountainproject.com/route/201956068/amateur-tractor,3,Boulder,V4-5,1,9,39.64287,-79.81414
Cookie Monster,Green Monster Boulder > Gauley G Boulders > Summersville Dam Boulders > Summersville (Gauley River) Area > The New River Gorge Region > West Virginia,https://www.mountainproject.com/route/123714362/cookie-monster,3,Boulder,V5-,1,12,38.21107,-80.88877
Stones,Jekyll and Hyde Block > Jekyll and Hyde Area > Lower Rock City > Coopers Rock State Forest > Northern WV > West Virginia,https://www.mountainproject.com/route/124011738/stones,2.8,Boulder,V5-,1,14,39.64116,-79.82689
Just Another Ape,Just Another Ape boulder > Main Area > Glade Run > University Research Forest > Cheat Canyon > Northern WV > West Virginia,https://www.mountainproject.com/route/125912216/just-another-ape,4,Boulder,V5-,1,10,39.67034,-79.7724
Trash Compactor,Fat Rat Boulders > Furnace Road Areas > Coopers Rock State Forest > Northern WV > West Virginia,https://www.mountainproject.com/route/123548750/trash-compactor,3,Boulder,V5,1,NA,39.65046,-79.82148
Willing and Able,Able Boulder > Libor Trail Boulders > Rhododendron Campground Boulders > Coopers Rock State Forest > Northern WV > West Virginia,https://www.mountainproject.com/route/201463165/willing-and-able,3,Boulder,V5,1,NA,39.6445,-79.81434
Be the Ball,Be the Ball > Satellite Area > Glade Run > University Research Forest > Cheat Canyon > Northern WV > West Virginia,https://www.mountainproject.com/route/124330886/be-the-ball,3,Boulder,V5,1,NA,39.66721,-79.77169
X Æ A-12,Space X boulder > '90s area > Lick Run > University Research Forest > Cheat Canyon > Northern WV > West Virginia,https://www.mountainproject.com/route/124353655/x-ae-a-12,4,Boulder,V5,1,16,39.66908,-79.76977
Bootleg,Speakeasy Cave > Cheat View Boulders > Snake Hill Wildlife Management Area > Cheat Canyon > Northern WV > West Virginia,https://www.mountainproject.com/route/123738925/bootleg,3,Boulder,V5,1,NA,39.6202,-79.81637
RR Lock,Duo Duo Boulders > Darkside West > Darnell Hollow > University Research Forest > Cheat Canyon > Northern WV > West Virginia,https://www.mountainproject.com/route/123767559/rr-lock,3,Boulder,V5,1,NA,39.68924,-79.80681
Disheveled,Disheveled Boulder > Blaney Hollow > University Research Forest > Cheat Canyon > Northern WV > West Virginia,https://www.mountainproject.com/route/125844515/disheveled,4,Boulder,V5,1,14,39.70258,-79.79903
Hogosha,Hearsay Boulder > West End Boulders > Needleseye Boulder Park > The New River Gorge Region > West Virginia,https://www.mountainproject.com/route/123630667/hogosha,4,Boulder,V5,1,8,37.98124,-81.12497
Big Caboose,Boxcar Boulder > East Boulders > Valley Falls State Park > Northern WV > West Virginia,https://www.mountainproject.com/route/123793412/big-caboose,3,Boulder,V5,1,8,39.39189,-80.08046
Elbow Grease,Housekeeper Boulder > East Boulders > Valley Falls State Park > Northern WV > West Virginia,https://www.mountainproject.com/route/123794469/elbow-grease,3.5,Boulder,V5,1,12,39.3917,-80.08039
Ronald and Grimace,Ronald and Grimace > Satellite Area > Glade Run > University Research Forest > Cheat Canyon > Northern WV > West Virginia,https://www.mountainproject.com/route/124330912/ronald-and-grimace,3,Boulder,V5,1,NA,39.6676,-79.77158
Blowtorch Mushroom,5 Sunkist Wall > Lower Meadow > Meadow River Gorge > The New River Gorge Region > West Virginia,https://www.mountainproject.com/route/123814434/blowtorch-mushroom,3.5,Boulder,V5,1,15,38.15655,-80.93978
Hurly Whirly,Burly Girly > Libor Trail Boulders > Rhododendron Campground Boulders > Coopers Rock State Forest > Northern WV > West Virginia,https://www.mountainproject.com/route/202211348/hurly-whirly,3,Boulder,V5,1,NA,39.6453,-79.81613
The Wheel,Ceiling Block Area > Roadside > Coopers Rock State Forest > Northern WV > West Virginia,https://www.mountainproject.com/route/200580488/the-wheel,2,Boulder,V5,1,NA,39.63559,-79.81191
Espresso Traverse,Duo Duo Boulders > Darkside West > Darnell Hollow > University Research Forest > Cheat Canyon > Northern WV > West Virginia,https://www.mountainproject.com/route/123767582/espresso-traverse,3,Boulder,V5,1,NA,39.68924,-79.80681
19V4,11. Doctor Boulder > Meadow Top Boulders > Meadow River Gorge > The New River Gorge Region > West Virginia,https://www.mountainproject.com/route/124008785/19v4,2.7,Boulder,V5,1,10,38.15398,-80.93566
Do the Evolution,Mushroom Boulder (Picnic Table) > Upper Rock City > Coopers Rock State Forest > Northern WV > West Virginia,https://www.mountainproject.com/route/124048204/do-the-evolution,4,Boulder,V5,1,20,39.63972,-79.81768
Garrote,Rusty Red Boulder > Jekyll and Hyde Area > Lower Rock City > Coopers Rock State Forest > Northern WV > West Virginia,https://www.mountainproject.com/route/124054042/garrote,3,Boulder,V5,1,NA,39.64131,-79.82775
Bowling Ball,Bowling Ball Boulder (Gym Face) > Coral Area > Tilted Tree > Coopers Rock State Forest > Northern WV > West Virginia,https://www.mountainproject.com/route/124136782/bowling-ball,2.8,Boulder,V5,1,NA,39.63305,-79.80666
Flamingo Fangs,First Wall Left > First Wall > Tilted Tree > Coopers Rock State Forest > Northern WV > West Virginia,https://www.mountainproject.com/route/124066649/flamingo-fangs,3,Boulder,V5,1,NA,39.6339,-79.80606
Shirley Ellis Arete,Two Roof Boulder > Jekyll and Hyde Area > Lower Rock City > Coopers Rock State Forest > Northern WV > West Virginia,https://www.mountainproject.com/route/124164923/shirley-ellis-arete,2.5,Boulder,V5,1,10,39.64149,-79.82793
Amp,Amp Boulder > Substation Boulders (CLOSED) > Beauty Mountain > New River Gorge Proper > The New River Gorge Region > West Virginia,https://www.mountainproject.com/route/124220755/amp,3,Boulder,V5,1,12,38.03822,-81.02169
Abandon All Hope,Corridors > In-Between Area > Coopers Rock State Forest > Northern WV > West Virginia,https://www.mountainproject.com/route/126769783/abandon-all-hope,3.5,Boulder,V5,1,20,39.63462,-79.80866
The Scrittle Griddle,Where Tourists Dare > First Set Boulders > Roadside > Coopers Rock State Forest > Northern WV > West Virginia,https://www.mountainproject.com/route/124101171/the-scrittle-griddle,2,Boulder,V5,1,15,39.63538,-79.81274
Spandrell Dweller,Sunset Wall Cave > Sunset Wall Area > Roadside > Coopers Rock State Forest > Northern WV > West Virginia,https://www.mountainproject.com/route/124300435/spandrell-dweller,3,Boulder,V5 PG13,1,20,39.6352,-79.81082
Sawtooth,Sawtooth Boulder > Substation Boulders (CLOSED) > Beauty Mountain > New River Gorge Proper > The New River Gorge Region > West Virginia,https://www.mountainproject.com/route/201201264/sawtooth,3,Boulder,V5,1,15,38.03831,-81.02405
T-Block Slab,T-Block > T-Block Area > Wonderland Ridge > Furnace Road Areas > Coopers Rock State Forest > Northern WV > West Virginia,https://www.mountainproject.com/route/124332615/t-block-slab,4,Boulder,V5 PG13,1,NA,39.65407,-79.83047
Girls in the Hood,Starship Boulder > T-Block Area > Wonderland Ridge > Furnace Road Areas > Coopers Rock State Forest > Northern WV > West Virginia,https://www.mountainproject.com/route/124332666/girls-in-the-hood,4,Boulder,V5,1,NA,39.65412,-79.8305
DayeTyme,Burnwood > Interp Boulders > New River Gorge Proper > The New River Gorge Region > West Virginia,https://www.mountainproject.com/route/124337973/dayetyme,3,"Boulder, Alpine",V5,1,15,38.073,-81.07867
Greenbrier Forearm Freer,Greenbrier Boulder > Greenbrier Boulders > Furnace Road Areas > Coopers Rock State Forest > Northern WV > West Virginia,https://www.mountainproject.com/route/124364554/greenbrier-forearm-freer,4,Boulder,V5 PG13,1,NA,39.65676,-79.81894
Technical Difficulties,Technical Difficulties > Triangle Boulders > Greenbrier Boulders > Furnace Road Areas > Coopers Rock State Forest > Northern WV > West Virginia,https://www.mountainproject.com/route/124364685/technical-difficulties,3.8,Boulder,V5,1,NA,39.65577,-79.81865
Fields of Glass,Burnwood > Interp Boulders > New River Gorge Proper > The New River Gorge Region > West Virginia,https://www.mountainproject.com/route/124414610/fields-of-glass,2,"Boulder, Alpine",V5,1,12,38.073,-81.07867
Don’t Eat the Fish,G. Seasick > Upper Roadside > Beaver Hollow > Cheat Canyon > Northern WV > West Virginia,https://www.mountainproject.com/route/124418462/dont-eat-the-fish,4,Boulder,V5,1,NA,39.60712,-79.76804
Bubble Quest,Solar Boulders > Solar Slabs > Coopers Rock State Forest > Northern WV > West Virginia,https://www.mountainproject.com/route/124625226/bubble-quest,4,Boulder,V5,1,17,39.65071,-79.83778
Satan is a Cigarette,Monofossilic Boulder > Beauty Mountain Boulders > Beauty Mountain > New River Gorge Proper > The New River Gorge Region > West Virginia,https://www.mountainproject.com/route/126907516/satan-is-a-cigarette,3,Boulder,V5,1,12,38.04729,-81.02746
Top Tensions,Site 1 Boulders > Rhododendron Campground Boulders > Coopers Rock State Forest > Northern WV > West Virginia,https://www.mountainproject.com/route/124630089/top-tensions,2,Boulder,V5,1,15,39.64004,-79.81353
Iron Bar Exam,Iron Bar Boulder > Hawk's Nest Proper > Lower New River Gorge Bouldering > New River Gorge Proper > The New River Gorge Region > West Virginia,https://www.mountainproject.com/route/124739471/iron-bar-exam,2.7,Boulder,V5,1,NA,38.11732,-81.13177
Lil Business,Big Business Boulder > Big Pine Area > Lower Rock City > Coopers Rock State Forest > Northern WV > West Virginia,https://www.mountainproject.com/route/126152798/lil-business,2,Boulder,V5,1,NA,39.64198,-79.82899
Catawack Escapade,Escapade Boulder > Libor Trail Boulders > Rhododendron Campground Boulders > Coopers Rock State Forest > Northern WV > West Virginia,https://www.mountainproject.com/route/201463682/catawack-escapade,3,Boulder,V5,1,NA,39.64426,-79.814
Mindless Gym Bro,Glass Jar Boulder > Underlook Trail Boulders > Coopers Rock State Forest > Northern WV > West Virginia,https://www.mountainproject.com/route/124910169/mindless-gym-bro,3.2,Boulder,V5,1,25,39.63673,-79.8166
Blood and Guts,Wave Rider Boulder > Fiddle Area > Tilted Tree > Coopers Rock State Forest > Northern WV > West Virginia,https://www.mountainproject.com/route/127261220/blood-and-guts,2.7,Boulder,V5,1,NA,39.63361,-79.80602
Hexagon,Forgotten Block > The Forgotten Block Area > Upper Rock City > Coopers Rock State Forest > Northern WV > West Virginia,https://www.mountainproject.com/route/201974639/hexagon,3,Boulder,V5,1,25,39.63784,-79.81715
Nought,Zero Boulder > Main Area > Glade Run > University Research Forest > Cheat Canyon > Northern WV > West Virginia,https://www.mountainproject.com/route/124095761/nought,3,Boulder,V5,1,10,39.67175,-79.77173
Deliverance (stand),Severance Boulder > Blaney Hollow > University Research Forest > Cheat Canyon > Northern WV > West Virginia,https://www.mountainproject.com/route/125815200/deliverance-stand,3,Boulder,V5,1,NA,39.70236,-79.79754
LeBron James' Lightning Lemonade,Neon Judas Boulder > Meadow Top Boulders > Meadow River Gorge > The New River Gorge Region > West Virginia,https://www.mountainproject.com/route/201201429/lebron-james-lightning-lemonade,3,Boulder,V5,1,20,38.15443,-80.93717
Settled Feathers,Condor Boulder > Greenbrier Boulders > Furnace Road Areas > Coopers Rock State Forest > Northern WV > West Virginia,https://www.mountainproject.com/route/124947073/settled-feathers,2,Boulder,V5,1,NA,39.65712,-79.81886
Kilter Dreams,Wet Dream Boulder > Greenbrier Boulders > Furnace Road Areas > Coopers Rock State Forest > Northern WV > West Virginia,https://www.mountainproject.com/route/124948790/kilter-dreams,2.3,Boulder,V5,1,6,39.65655,-79.81887
Tables Turned Stand Start,Rhodo Cave > Rhododendron Trail Areas > Coopers Rock State Forest > Northern WV > West Virginia,https://www.mountainproject.com/route/124953959/tables-turned-stand-start,3,Boulder,V5,1,10,39.64472,-79.82429
Guard Dog,Junkyard Cave > Junkyard Area > New River Gorge Proper > The New River Gorge Region > West Virginia,https://www.mountainproject.com/route/125148194/guard-dog,2.5,Boulder,V5,1,10,38.08454,-81.08123
Roadside Attraction,Roadside Attraction > Darkside West > Darnell Hollow > University Research Forest > Cheat Canyon > Northern WV > West Virginia,https://www.mountainproject.com/route/123789630/roadside-attraction,3,Boulder,V5,1,15,39.6907,-79.80435
You Are the Animal,Secret Boulder > Jekyll and Hyde Area > Lower Rock City > Coopers Rock State Forest > Northern WV > West Virginia,https://www.mountainproject.com/route/125196802/you-are-the-animal,3,Boulder,V5 PG13,1,NA,39.64192,-79.82823
Figure Eight,Immaculate Connection Boulder > Lower Hawk's Nest > Lower New River Gorge Bouldering > New River Gorge Proper > The New River Gorge Region > West Virginia,https://www.mountainproject.com/route/125228418/figure-eight,3,Boulder,V5,1,NA,38.11616,-81.13176
Treasure Planet,Treasure Planet Boulder > Treasure Planet > New River Gorge Proper > The New River Gorge Region > West Virginia,https://www.mountainproject.com/route/126584402/treasure-planet,2,Boulder,V5,1,12,38.06818,-81.08848
Bowtie Budget,Bowtie Boulder > Libor Trail Boulders > Rhododendron Campground Boulders > Coopers Rock State Forest > Northern WV > West Virginia,https://www.mountainproject.com/route/201446026/bowtie-budget,4,Boulder,V5,1,NA,39.64319,-79.81373
Psychological Mistress,Psychological Mistress Boulder > Trailside Boulders > Rattlesnake Trail Boulders > Coopers Rock State Forest > Northern WV > West Virginia,https://www.mountainproject.com/route/125364480/psychological-mistress,4,Boulder,V5,1,NA,39.63872,-79.82158
Gap Year,No-Name Cave > Axe Head Area > Rattlesnake Trail Boulders > Coopers Rock State Forest > Northern WV > West Virginia,https://www.mountainproject.com/route/125364860/gap-year,4,Boulder,V5,1,NA,39.63939,-79.82151
Pocket Full of Crimptonight,Jaws Boulder > Bridge Boulders > Bridge Area > New River Gorge Proper > The New River Gorge Region > West Virginia,https://www.mountainproject.com/route/125857815/pocket-full-of-crimptonight,2.7,Boulder,V5,1,12,38.072,-81.07998
Thearêtical,11. Doctor Boulder > Meadow Top Boulders > Meadow River Gorge > The New River Gorge Region > West Virginia,https://www.mountainproject.com/route/201633341/thearetical,3,Boulder,V5 PG13,1,12,38.15398,-80.93566
C.P.J.,Upper Teay's Boulders > New River Gorge Proper > The New River Gorge Region > West Virginia,https://www.mountainproject.com/route/125413967/cpj,3.3,Boulder,V5,1,12,38.07855,-81.08154
Long Walk,Long Walk Boulder > Tsunami Area > Tilted Tree > Coopers Rock State Forest > Northern WV > West Virginia,https://www.mountainproject.com/route/125452096/long-walk,3,Boulder,V5,1,NA,39.63225,-79.80683
Put You on the Lean,Lean Boulder > Lower Hawk's Nest > Lower New River Gorge Bouldering > New River Gorge Proper > The New River Gorge Region > West Virginia,https://www.mountainproject.com/route/201707833/put-you-on-the-lean,2,Boulder,V5,1,8,38.11589,-81.13198
Far Out Man,Far Out Boulder > Greenbrier Boulders > Furnace Road Areas > Coopers Rock State Forest > Northern WV > West Virginia,https://www.mountainproject.com/route/125466705/far-out-man,3.1,Boulder,V5,1,NA,39.6557,-79.81773
Midnight Scramble,Night Arrow Boulder > Protractor Area > Site 12 Boulders > Rhododendron Campground Boulders > Coopers Rock State Forest > Northern WV > West Virginia,https://www.mountainproject.com/route/201954077/midnight-scramble,4,Boulder,V5,1,10,39.64288,-79.81413
Drink Milk and Run,Cluster Zone > Polly Trail - Kanawha State Forest > Kanawha State Forest > Southern WV > West Virginia,https://www.mountainproject.com/route/124988710/drink-milk-and-run,2,Boulder,V5,1,12,38.25759,-81.67624
Sweet Baby Way’s,Second Wall > Tilted Tree > Coopers Rock State Forest > Northern WV > West Virginia,https://www.mountainproject.com/route/126782367/sweet-baby-ways,3,Boulder,V5,1,20,39.63469,-79.80768
Shampoo,Burnwood > Interp Boulders > New River Gorge Proper > The New River Gorge Region > West Virginia,https://www.mountainproject.com/route/201793411/shampoo,3,"Boulder, Alpine",V5,1,10,38.073,-81.07867
Slug Seam,Libor Trailside Boulder > Libor Trail Boulders > Rhododendron Campground Boulders > Coopers Rock State Forest > Northern WV > West Virginia,https://www.mountainproject.com/route/202211229/slug-seam,2,Boulder,V5,1,NA,39.64564,-79.81604
Extramundane,Ceiling Block Area > Roadside > Coopers Rock State Forest > Northern WV > West Virginia,https://www.mountainproject.com/route/125638401/extramundane,2,Boulder,V5,1,NA,39.63559,-79.81191
Severe Underbite,Font Boulders > Entrance Boulders > Upper Rock City > Coopers Rock State Forest > Northern WV > West Virginia,https://www.mountainproject.com/route/125680742/severe-underbite,2,Boulder,V5,1,NA,39.63797,-79.81721
