route,location,url,avg_stars,route_type,rating,pitches,length,y,x
Straight and Narrow,Shortoff Mountain > Linville Gorge > 2. Northern Mountains Region > North Carolina,https://www.mountainproject.com/route/106025962/straight-and-narrow,3.8,Trad,5.10a,3,340,35.83139,-81.90257
Built to Tilt,Shortoff Mountain > Linville Gorge > 2. Northern Mountains Region > North Carolina,https://www.mountainproject.com/route/106174053/built-to-tilt,3.7,Trad,5.10a/b,3,300,35.83139,-81.90257
"Titties and Beer  (aka ""World's Hardest 5.8"")",Sun Wall > Looking Glass Rock > 1. Southern Mountains Region > North Carolina,https://www.mountainproject.com/route/105900752/titties-and-beer-aka-worlds-hardest-58,3.6,Trad,5.10a,5,500,35.30308,-82.79529
Creatures of Waste,North Side > Looking Glass Rock > 1. Southern Mountains Region > North Carolina,https://www.mountainproject.com/route/106831306/creatures-of-waste,3.6,"Trad, Aid",5.10c A3,4,300,35.30546,-82.79093
Invisible Airways,North Side > Looking Glass Rock > 1. Southern Mountains Region > North Carolina,https://www.mountainproject.com/route/106451575/invisible-airways,3.5,"Trad, Aid",5.10c A2,3,240,35.30546,-82.79093
Linn Cove Lullaby,Main Tier > Ship Rock > 2. Northern Mountains Region > North Carolina,https://www.mountainproject.com/route/105888558/linn-cove-lullaby,3.5,Trad,5.10a,2,120,36.099,-81.7815
Lost in Space,Main Wall > Hawksbill Mtn > Linville Gorge > 2. Northern Mountains Region > North Carolina,https://www.mountainproject.com/route/106617876/lost-in-space,3.8,Trad,5.10b,3,170,35.91381,-81.88637
The Seal,North Side > Looking Glass Rock > 1. Southern Mountains Region > North Carolina,https://www.mountainproject.com/route/105934845/the-seal,3.4,Trad,5.10a/b,4,400,35.30546,-82.79093
Hot Yoga,07. Little Amphitheater > Pilot Mountain > 3. Piedmont Region > North Carolina,https://www.mountainproject.com/route/117071993/hot-yoga,3.3,Sport,5.10a/b,1,50,36.34005,-80.48457
Gunboat Diplomacy,Flakeview Area > Rumbling Bald > 1. Southern Mountains Region > North Carolina,https://www.mountainproject.com/route/105937346/gunboat-diplomacy,3.3,Sport,5.10b,2,160,35.45193,-82.21857
Devil in the White House,10. Devil in the White House > Pilot Mountain > 3. Piedmont Region > North Carolina,https://www.mountainproject.com/route/106955638/devil-in-the-white-house,3.2,Sport,5.10c/d,1,60,36.33997,-80.48255
Harpoon,Main Tier > Ship Rock > 2. Northern Mountains Region > North Carolina,https://www.mountainproject.com/route/105887719/harpoon,3.2,Trad,5.10a,1,50,36.099,-81.7815
Electra,04. David's Castle Wall > Main Climbing Areas > Crowders Mountain > 3. Piedmont Region > North Carolina,https://www.mountainproject.com/route/106101380/electra,3.1,Sport,5.10c,1,50,35.2331,-81.2745
Breakfast of Champions,Cereal Buttress > Rumbling Bald > 1. Southern Mountains Region > North Carolina,https://www.mountainproject.com/route/105924900/breakfast-of-champions,3.3,Trad,5.10d,1,80,35.44953,-82.21258
Whisky For Breakfast,Cereal Buttress > Rumbling Bald > 1. Southern Mountains Region > North Carolina,https://www.mountainproject.com/route/106002311/whisky-for-breakfast,3,Trad,5.10d PG13,2,90,35.44953,-82.21258
The Herculean Test,10. Devil in the White House > Pilot Mountain > 3. Piedmont Region > North Carolina,https://www.mountainproject.com/route/107264984/the-herculean-test,3.1,"Trad, Sport",5.10d,1,NA,36.33997,-80.48255
Homegrown,The Dump aka Warpin and Dorphin (Routes) > The Dump > 2. Northern Mountains Region > North Carolina,https://www.mountainproject.com/route/106562237/homegrown,3,"Sport, TR",5.10a,1,NA,36.09709,-81.7719
Zydygo,Screamweaver Area > Rumbling Bald > 1. Southern Mountains Region > North Carolina,https://www.mountainproject.com/route/105947730/zydygo,3,Trad,5.10c,1,90,35.45073,-82.21796
Master Beta,06. Red Wall > Main Climbing Areas > Crowders Mountain > 3. Piedmont Region > North Carolina,https://www.mountainproject.com/route/106456087/master-beta,3,Sport,5.10c,1,80,35.23437,-81.27357
Dinkus Dog,South Side > Looking Glass Rock > 1. Southern Mountains Region > North Carolina,https://www.mountainproject.com/route/106045504/dinkus-dog,3.8,Trad,5.10b,2,200,35.30054,-82.79229
KB Capers,Main Tier > Ship Rock > 2. Northern Mountains Region > North Carolina,https://www.mountainproject.com/route/105936891/kb-capers,3.3,Trad,5.10a,2,140,36.099,-81.7815
Break On Through,Circus Wall > Sentinel Buttress > Moore's Wall (Routes) > Hanging Rock State Park > 3. Piedmont Region > North Carolina,https://www.mountainproject.com/route/106820153/break-on-through,3.7,Trad,5.10a,2,200,36.3973,-80.2861
Capt Crunch,Cereal Buttress > Rumbling Bald > 1. Southern Mountains Region > North Carolina,https://www.mountainproject.com/route/105930790/capt-crunch,3.4,Trad,5.10d,1,80,35.44953,-82.21258
Rusty Redneck,Comatose Area > Rumbling Bald > 1. Southern Mountains Region > North Carolina,https://www.mountainproject.com/route/105937310/rusty-redneck,3.1,"Trad, Sport",5.10c,1,100,35.4499,-82.21438
Pump Street,08. Amphitheater > Pilot Mountain > 3. Piedmont Region > North Carolina,https://www.mountainproject.com/route/109506951/pump-street,2.7,Sport,5.10a,1,65,36.34013,-80.48401
Code 3,Little Wilson > 2. Northern Mountains Region > North Carolina,https://www.mountainproject.com/route/107199103/code-3,3.3,Sport,5.10d,1,50,36.0885,-81.79303
Erocktica,07. Little Amphitheater > Pilot Mountain > 3. Piedmont Region > North Carolina,https://www.mountainproject.com/route/108245161/erocktica,2.7,Sport,5.10c,1,50,36.34005,-80.48457
Fathom,Laurel Knob > 1. Southern Mountains Region > North Carolina,https://www.mountainproject.com/route/106014851/fathom,3.5,Trad,5.10a,8,1000,35.15026,-83.0564
Energy Czar,04. David's Castle Wall > Main Climbing Areas > Crowders Mountain > 3. Piedmont Region > North Carolina,https://www.mountainproject.com/route/106427936/energy-czar,3.3,Sport,5.10d,1,70,35.2331,-81.2745
Drivin' and Cryin',Flakeview Area > Rumbling Bald > 1. Southern Mountains Region > North Carolina,https://www.mountainproject.com/route/105937411/drivin-and-cryin,2.6,Sport,5.10a,1,110,35.45193,-82.21857
The Gimp,06. Red Wall > Main Climbing Areas > Crowders Mountain > 3. Piedmont Region > North Carolina,https://www.mountainproject.com/route/106858917/the-gimp,3,Sport,5.10c,1,75,35.23437,-81.27357
Do or Dive,The Amphitheater > Moore's Wall (Routes) > Hanging Rock State Park > 3. Piedmont Region > North Carolina,https://www.mountainproject.com/route/106777987/do-or-dive,3.1,Trad,5.10a,1,100,36.39954,-80.28241
Smooth Sailing (aka Lloyd Would Have Liked It),12. Big Arete > Pilot Mountain > 3. Piedmont Region > North Carolina,https://www.mountainproject.com/route/108058201/smooth-sailing-aka-lloyd-would-have-liked-it,2.8,Sport,5.10a/b,1,80,36.33997,-80.48168
Blue Chock,Central Wall > Moore's Wall (Routes) > Hanging Rock State Park > 3. Piedmont Region > North Carolina,https://www.mountainproject.com/route/106545800/blue-chock,3.6,Trad,5.10b,1,150,36.39764,-80.28578
Born to Crimp,08. Amphitheater > Pilot Mountain > 3. Piedmont Region > North Carolina,https://www.mountainproject.com/route/109770639/born-to-crimp,2.7,Sport,5.10b,1,50,36.34013,-80.48401
Vermin,The Dump aka Warpin and Dorphin (Routes) > The Dump > 2. Northern Mountains Region > North Carolina,https://www.mountainproject.com/route/106562226/vermin,2.2,Sport,5.10b,1,NA,36.09709,-81.7719
Hyperbola,Nose Area > Looking Glass Rock > 1. Southern Mountains Region > North Carolina,https://www.mountainproject.com/route/105900646/hyperbola,3.7,Trad,5.10a R,4,550,35.30474,-82.79538
Gentle Ben,06. Three Bears > Pilot Mountain > 3. Piedmont Region > North Carolina,https://www.mountainproject.com/route/106495744/gentle-ben,2.6,"Sport, TR",5.10a,1,NA,36.34011,-80.48519
Mama Bear,06. Three Bears > Pilot Mountain > 3. Piedmont Region > North Carolina,https://www.mountainproject.com/route/106106873/mama-bear,2.5,TR,5.10b,1,30,36.34011,-80.48519
If You Bolt It They Will Come,Middle Hawksbill > Hawksbill Mtn > Linville Gorge > 2. Northern Mountains Region > North Carolina,https://www.mountainproject.com/route/107681661/if-you-bolt-it-they-will-come,2.8,Sport,5.10a,1,90,35.91263,-81.88769
Dimpsty Dumpster,The Dump aka Warpin and Dorphin (Routes) > The Dump > 2. Northern Mountains Region > North Carolina,https://www.mountainproject.com/route/106097230/dimpsty-dumpster,2.1,Sport,5.10,1,25,36.09709,-81.7719
Climb With A View,Little Wilson > 2. Northern Mountains Region > North Carolina,https://www.mountainproject.com/route/107199171/climb-with-a-view,2.7,Sport,5.10b,1,60,36.0885,-81.79303
Welcome to Watauga,Main Tier > Ship Rock > 2. Northern Mountains Region > North Carolina,https://www.mountainproject.com/route/105888951/welcome-to-watauga,3.4,Trad,5.10c/d,2,110,36.099,-81.7815
Dancing with the Pope,The Dump aka Warpin and Dorphin (Routes) > The Dump > 2. Northern Mountains Region > North Carolina,https://www.mountainproject.com/route/108374157/dancing-with-the-pope,2.6,Sport,5.10b/c,1,NA,36.09709,-81.7719
Born Again,Cereal Buttress > Rumbling Bald > 1. Southern Mountains Region > North Carolina,https://www.mountainproject.com/route/106002384/born-again,2.7,Sport,5.10+,1,90,35.44953,-82.21258
Julia,Shortoff Mountain > Linville Gorge > 2. Northern Mountains Region > North Carolina,https://www.mountainproject.com/route/106040826/julia,3.6,Trad,5.10b,3,300,35.83139,-81.90257
Henar Lite,08. Amphitheater > Pilot Mountain > 3. Piedmont Region > North Carolina,https://www.mountainproject.com/route/108418980/henar-lite,2.6,Sport,5.10c,1,NA,36.34013,-80.48401
Flappin' In the Breeze,Flapping.../Nuclear arms area > Rumbling Bald > 1. Southern Mountains Region > North Carolina,https://www.mountainproject.com/route/106587153/flappin-in-the-breeze,3.5,"Trad, Sport",5.10a,3,300,35.449,-82.2143
Dewey Used To Love It,Trundlasaurus Wall > 07. Resurgence Walls > Main Climbing Areas > Crowders Mountain > 3. Piedmont Region > North Carolina,https://www.mountainproject.com/route/106246759/dewey-used-to-love-it,2.8,Sport,5.10a,1,50,35.23608,-81.27274
Lakeview,Lakeview Area > Rumbling Bald > 1. Southern Mountains Region > North Carolina,https://www.mountainproject.com/route/105945079/lakeview,3.4,"Trad, Sport",5.10,2,165,35.449,-82.2143
The Wall,01. Practice Wall > Main Climbing Areas > Crowders Mountain > 3. Piedmont Region > North Carolina,https://www.mountainproject.com/route/106658094/the-wall,3,"Trad, TR",5.10a,1,60,35.23235,-81.27513
Papa Bear,06. Three Bears > Pilot Mountain > 3. Piedmont Region > North Carolina,https://www.mountainproject.com/route/106107230/papa-bear,2.5,TR,5.10b,1,40,36.34011,-80.48519
Dum Dee Dum Dum,Nose Area > Looking Glass Rock > 1. Southern Mountains Region > North Carolina,https://www.mountainproject.com/route/105939142/dum-dee-dum-dum,3.2,Trad,5.10c PG13,4,230,35.30474,-82.79538
Jeep's Chimney,Lower Hawksbill > Hawksbill Mtn > Linville Gorge > 2. Northern Mountains Region > North Carolina,https://www.mountainproject.com/route/106251142/jeeps-chimney,3.5,Trad,5.10b,1,100,35.91349,-81.88801
Fine Line,Flakeview Area > Rumbling Bald > 1. Southern Mountains Region > North Carolina,https://www.mountainproject.com/route/106777936/fine-line,3.1,Trad,5.10c,1,120,35.45193,-82.21857
No Free Lunch,Middle Hawksbill > Hawksbill Mtn > Linville Gorge > 2. Northern Mountains Region > North Carolina,https://www.mountainproject.com/route/106390941/no-free-lunch,3.8,"Trad, Sport",5.10c/d,1,100,35.91263,-81.88769
Feelin' Good,West Cliff - Main > Melrose Mtn. Climbing Park > 1. Southern Mountains Region > North Carolina,https://www.mountainproject.com/route/118226696/feelin-good,3.4,"Sport, TR",5.10a,1,50,35.20194,-82.28068
White Trash,The Dump aka Warpin and Dorphin (Routes) > The Dump > 2. Northern Mountains Region > North Carolina,https://www.mountainproject.com/route/106097225/white-trash,2,Sport,5.10a,1,25,36.09709,-81.7719
Thin to Win,14. Parking Lot > Pilot Mountain > 3. Piedmont Region > North Carolina,https://www.mountainproject.com/route/106614643/thin-to-win,2.3,"Sport, TR",5.10b,1,80,36.33961,-80.48101
What's Up Doc?,Table Rock > Linville Gorge > 2. Northern Mountains Region > North Carolina,https://www.mountainproject.com/route/106135272/whats-up-doc,3.3,"Trad, Sport",5.10+ PG13,1,95,35.88831,-81.88519
Star Trekin',Main Wall > Hawksbill Mtn > Linville Gorge > 2. Northern Mountains Region > North Carolina,https://www.mountainproject.com/route/106820756/star-trekin,3.4,Trad,5.10b,2,200,35.91381,-81.88637
Stab in the Dark,The Amphitheater > Moore's Wall (Routes) > Hanging Rock State Park > 3. Piedmont Region > North Carolina,https://www.mountainproject.com/route/106361123/stab-in-the-dark,3.1,Trad,5.10+,1,80,36.39954,-80.28241
Burn Crack,01. Practice Wall > Main Climbing Areas > Crowders Mountain > 3. Piedmont Region > North Carolina,https://www.mountainproject.com/route/106369722/burn-crack,3.4,Trad,5.10+,1,40,35.23235,-81.27513
Bombay Groove aka Yankee Go Home,Stone Mountain South Face > Stone Mountain > 3. Piedmont Region > North Carolina,https://www.mountainproject.com/route/107666720/bombay-groove-aka-yankee-go-home,3.7,Trad,5.10a PG13,2,280,36.3916,-81.0473
Lichen Surprise,Middle Hawksbill > Hawksbill Mtn > Linville Gorge > 2. Northern Mountains Region > North Carolina,https://www.mountainproject.com/route/113629711/lichen-surprise,3.3,Sport,5.10a,1,90,35.91263,-81.88769
Hickory Nutcracker,Hickory Nutcracker Area > Rumbling Bald > 1. Southern Mountains Region > North Carolina,https://www.mountainproject.com/route/106100372/hickory-nutcracker,3.5,Trad,5.10+,1,70,35.45275,-82.21895
Rainy Day Women,Stone Mountain South Face > Stone Mountain > 3. Piedmont Region > North Carolina,https://www.mountainproject.com/route/107753621/rainy-day-women,3.3,Trad,5.10a R,4,400,36.3916,-81.0473
Winged Mongrel,Main Wall > Hawksbill Mtn > Linville Gorge > 2. Northern Mountains Region > North Carolina,https://www.mountainproject.com/route/106530577/winged-mongrel,3.1,Trad,5.10a,1,85,35.91381,-81.88637
Central Pillar of Laurel,Laurel Knob > 1. Southern Mountains Region > North Carolina,https://www.mountainproject.com/route/106398045/central-pillar-of-laurel,3.4,Trad,5.10,5,500,35.15026,-83.0564
Linville Crusher,Linville Link Ups > Linville Gorge > 2. Northern Mountains Region > North Carolina,https://www.mountainproject.com/route/112248480/linville-crusher,4,Trad,5.10-,19,NA,35.9046,-81.89506
Rawlhide,Rawlhide Wall > 07. Resurgence Walls > Main Climbing Areas > Crowders Mountain > 3. Piedmont Region > North Carolina,https://www.mountainproject.com/route/106246795/rawlhide,2.8,Sport,5.10a/b,1,40,35.23539,-81.27232
Doug Reed Solo,Cereal Buttress > Rumbling Bald > 1. Southern Mountains Region > North Carolina,https://www.mountainproject.com/route/106376195/doug-reed-solo,2.6,TR,5.10-,1,80,35.44953,-82.21258
Eurozone,03. Foreign Trade Zone > Pilot Mountain > 3. Piedmont Region > North Carolina,https://www.mountainproject.com/route/108700293/eurozone,2.6,Sport,5.10a,1,55,36.34066,-80.48581
Great taste of tang,'Tang area > West Walls > Cooks Wall > Hanging Rock State Park > 3. Piedmont Region > North Carolina,https://www.mountainproject.com/route/106908651/great-taste-of-tang,3.5,"Trad, Sport",5.10d,1,90,36.38073,-80.29491
Hemlock Arete,Middle Hawksbill > Hawksbill Mtn > Linville Gorge > 2. Northern Mountains Region > North Carolina,https://www.mountainproject.com/route/107790978/hemlock-arete,3.2,Sport,5.10d PG13,1,50,35.91263,-81.88769
Weight and Balance Check,Test Pilots Buttress > Rumbling Bald > 1. Southern Mountains Region > North Carolina,https://www.mountainproject.com/route/107026294/weight-and-balance-check,2.7,Trad,5.10d,2,150,35.45007,-82.21549
Fathom Direct,Laurel Knob > 1. Southern Mountains Region > North Carolina,https://www.mountainproject.com/route/106092471/fathom-direct,3.8,Trad,5.10+ R,8,1000,35.15026,-83.0564
Plane Above Your Head,Plane Above Your Head Wall > 07. Resurgence Walls > Main Climbing Areas > Crowders Mountain > 3. Piedmont Region > North Carolina,https://www.mountainproject.com/route/106246775/plane-above-your-head,2.4,Sport,5.10a,1,50,35.23549,-81.27272
Crimps and Slopers,Section 4 > Rocky Face Recreational Area > 3. Piedmont Region > North Carolina,https://www.mountainproject.com/route/108577066/crimps-and-slopers,2.6,Sport,5.10b/c,1,50,35.96367,-81.11972
Fleet Feet,Stone Mountain South Face > Stone Mountain > 3. Piedmont Region > North Carolina,https://www.mountainproject.com/route/107370580/fleet-feet,3.2,Trad,5.10b,2,150,36.3916,-81.0473
Storm in a Teacup,Stone Mountain South Face > Stone Mountain > 3. Piedmont Region > North Carolina,https://www.mountainproject.com/route/107954260/storm-in-a-teacup,3.3,Sport,5.10a PG13,3,300,36.3916,-81.0473
Sly Hooks (aka Sly Truths),Hanging Chain > Rumbling Bald > 1. Southern Mountains Region > North Carolina,https://www.mountainproject.com/route/107376404/sly-hooks-aka-sly-truths,3.3,Trad,5.10d,1,100,35.4555,-82.22473
Zombie Woof,The Amphitheater > Moore's Wall (Routes) > Hanging Rock State Park > 3. Piedmont Region > North Carolina,https://www.mountainproject.com/route/106820168/zombie-woof,3.4,Trad,5.10b,2,160,36.39954,-80.28241
Aretenephobia,Better Late Than Never Wall > Ship Rock > 2. Northern Mountains Region > North Carolina,https://www.mountainproject.com/route/106918309/aretenephobia,2.8,Trad,5.10b,1,NA,36.099,-81.7815
Top That Direct,Hidden Wall > Crowders Mountain > 3. Piedmont Region > North Carolina,https://www.mountainproject.com/route/106997702/top-that-direct,2.4,Sport,5.10b,1,50,35.21845,-81.28251
Peg Leg,Sunken Treasure > 2. Northern Mountains Region > North Carolina,https://www.mountainproject.com/route/107199086/peg-leg,3.1,Trad,5.10b/c,1,50,36.09553,-81.80047
Humdinger,Shortoff Mountain > Linville Gorge > 2. Northern Mountains Region > North Carolina,https://www.mountainproject.com/route/106058103/humdinger,3.8,Trad,5.10b/c PG13,2,250,35.83139,-81.90257
The Dancing Outlaw,Shortoff Mountain > Linville Gorge > 2. Northern Mountains Region > North Carolina,https://www.mountainproject.com/route/106050128/the-dancing-outlaw,3.6,"Trad, Sport",5.10c/d,3,400,35.83139,-81.90257
Eros,Main Wall > Hawksbill Mtn > Linville Gorge > 2. Northern Mountains Region > North Carolina,https://www.mountainproject.com/route/106840269/eros,3.5,Trad,5.10d,2,80,35.91381,-81.88637
Out To Lunch,Sun Wall > Looking Glass Rock > 1. Southern Mountains Region > North Carolina,https://www.mountainproject.com/route/107485201/out-to-lunch,3.6,Trad,5.10d,5,560,35.30308,-82.79529
Chimney Man,Linville River Crag > Linville Gorge > 2. Northern Mountains Region > North Carolina,https://www.mountainproject.com/route/107636531/chimney-man,3.8,Trad,5.10a,1,80,35.89766,-81.90086
Black Sheep,Family Wall > Rumbling Bald > 1. Southern Mountains Region > North Carolina,https://www.mountainproject.com/route/121887953/black-sheep,3.9,Trad,5.10+,1,70,35.44962,-82.21513
Nick Danger,Sun Wall > Looking Glass Rock > 1. Southern Mountains Region > North Carolina,https://www.mountainproject.com/route/106690898/nick-danger,3.6,Trad,5.10,3,300,35.30308,-82.79529
Death Wish,North End > Moore's Wall (Routes) > Hanging Rock State Park > 3. Piedmont Region > North Carolina,https://www.mountainproject.com/route/108952077/death-wish,3.4,Trad,5.10+,1,125,36.40055,-80.27884
Bat Shit Crazy,Southwest Corner > Whiteside Mountain > 1. Southern Mountains Region > North Carolina,https://www.mountainproject.com/route/108093062/bat-shit-crazy,3.8,Trad,5.10+,2,240,35.0798,-83.1432
U.F.F. (Unidentified Flying Fish),East Cliff > Melrose Mtn. Climbing Park > 1. Southern Mountains Region > North Carolina,https://www.mountainproject.com/route/118234663/uff-unidentified-flying-fish,4,Sport,5.10+,1,50,35.20113,-82.27508
Lost In Time,North Carolina Wall > Linville Gorge > 2. Northern Mountains Region > North Carolina,https://www.mountainproject.com/route/106715310/lost-in-time,4,Trad,5.10-,3,300,35.87662,-81.89174
Welcome to Moore's,Central Wall > Moore's Wall (Routes) > Hanging Rock State Park > 3. Piedmont Region > North Carolina,https://www.mountainproject.com/route/107770972/welcome-to-moores,3.4,Trad,5.10d,2,120,36.39764,-80.28578
Chaos Out of Control,South Side > Looking Glass Rock > 1. Southern Mountains Region > North Carolina,https://www.mountainproject.com/route/106866539/chaos-out-of-control,3.7,Trad,5.10c/d,2,190,35.30054,-82.79229
Enter Slabman,"Un-named wall - - Right of Desperado (middle wall) > The Dark Side (Closed to climbing, included for historic reference) > 1. Southern Mountains Region > North Carolina",https://www.mountainproject.com/route/106300576/enter-slabman,4,Sport,5.10-,1,90,35.6037,-79.2773
Black Hole,Section 4 > Rocky Face Recreational Area > 3. Piedmont Region > North Carolina,https://www.mountainproject.com/route/108577075/black-hole,2.7,Sport,5.10d,1,50,35.96367,-81.11972
Pooter the Poacher,North Side > Looking Glass Rock > 1. Southern Mountains Region > North Carolina,https://www.mountainproject.com/route/107099709/pooter-the-poacher,3.5,Trad,5.10c,1,180,35.30546,-82.79093
Straight Gas Crack,Shortoff Mountain > Linville Gorge > 2. Northern Mountains Region > North Carolina,https://www.mountainproject.com/route/121971030/straight-gas-crack,4,Trad,5.10+,1,50,35.83139,-81.90257
New Kid in Town,Lower Tier > Eagle Rock > 1. Southern Mountains Region > North Carolina,https://www.mountainproject.com/route/114304117/new-kid-in-town,4,Trad,5.10d,1,100,35.4736,-82.23673
Connect-A-Crux,Circus Wall > Sentinel Buttress > Moore's Wall (Routes) > Hanging Rock State Park > 3. Piedmont Region > North Carolina,https://www.mountainproject.com/route/112829890/connect-a-crux,4,Trad,5.10a,2,NA,36.3973,-80.2861
The Arborist,06. Red Wall > Main Climbing Areas > Crowders Mountain > 3. Piedmont Region > North Carolina,https://www.mountainproject.com/route/107217932/the-arborist,2.6,"Trad, Sport, TR",5.10,1,NA,35.23437,-81.27357
Bee's Tongue,West Cliff - Main > Melrose Mtn. Climbing Park > 1. Southern Mountains Region > North Carolina,https://www.mountainproject.com/route/118226699/bees-tongue,2.7,Sport,5.10b,1,45,35.20194,-82.28068
French Feline,Tail of the Cat Area > Rumbling Bald > 1. Southern Mountains Region > North Carolina,https://www.mountainproject.com/route/108039910/french-feline,3.4,Trad,5.10,1,100,35.454,-82.22
Stopperhead Arete,Shortoff Mountain > Linville Gorge > 2. Northern Mountains Region > North Carolina,https://www.mountainproject.com/route/107114425/stopperhead-arete,3.6,Trad,5.10+,3,350,35.83139,-81.90257
Burn Signals,14. Car Wall > Main Climbing Areas > Crowders Mountain > 3. Piedmont Region > North Carolina,https://www.mountainproject.com/route/107291014/burn-signals,3.4,"Trad, Sport, TR",5.10c/d,1,NA,35.23569,-81.2737
Eureka,North Carolina Wall > Linville Gorge > 2. Northern Mountains Region > North Carolina,https://www.mountainproject.com/route/106907054/eureka,4,Trad,5.10,2,200,35.87662,-81.89174
The Fugitive,Victory Wall > 1. Southern Mountains Region > North Carolina,https://www.mountainproject.com/route/113541045/the-fugitive,3.7,Trad,5.10d,1,100,35.33979,-82.89511
Native Dance,Cedar Rock - North > Cedar Rock > 1. Southern Mountains Region > North Carolina,https://www.mountainproject.com/route/110414552/native-dance,4,Trad,5.10c/d,1,300,35.2599,-82.80602
Firestone,14. Car Wall > Main Climbing Areas > Crowders Mountain > 3. Piedmont Region > North Carolina,https://www.mountainproject.com/route/107291024/firestone,4,"Trad, TR",5.10,1,NA,35.23569,-81.2737
Los Desaparecidos,"The Main Wall > The Dark Side (Closed to climbing, included for historic reference) > 1. Southern Mountains Region > North Carolina",https://www.mountainproject.com/route/106035635/los-desaparecidos,4,Trad,5.10- R,3,350,35.6037,-79.2773
Sword of the Lord,Shortoff Mountain > Linville Gorge > 2. Northern Mountains Region > North Carolina,https://www.mountainproject.com/route/117705897/sword-of-the-lord,3.6,Trad,5.10a,1,75,35.83139,-81.90257
Johnny Knoxville,"The Main Wall > The Dark Side (Closed to climbing, included for historic reference) > 1. Southern Mountains Region > North Carolina",https://www.mountainproject.com/route/106036360/johnny-knoxville,4,Trad,5.10,4,300,35.6037,-79.2773
Traditionally Certified,Middle Hawksbill > Hawksbill Mtn > Linville Gorge > 2. Northern Mountains Region > North Carolina,https://www.mountainproject.com/route/118895769/traditionally-certified,3.4,Trad,5.10c,1,65,35.91263,-81.88769
Cabin Fever,West Cliff - Main > Melrose Mtn. Climbing Park > 1. Southern Mountains Region > North Carolina,https://www.mountainproject.com/route/118687180/cabin-fever,2.7,Sport,5.10,1,50,35.20194,-82.28068
Gumbies Go Home,10. The Fortress > Main Climbing Areas > Crowders Mountain > 3. Piedmont Region > North Carolina,https://www.mountainproject.com/route/106219129/gumbies-go-home,3,"Trad, TR",5.10,1,50,35.23491,-81.27402
Champagne Jam,Hound Ears > 2. Northern Mountains Region > North Carolina,https://www.mountainproject.com/route/106277351/champagne-jam,3.5,Trad,5.10a,1,50,35.6037,-79.2773
White Corner,Shortoff Mountain > Linville Gorge > 2. Northern Mountains Region > North Carolina,https://www.mountainproject.com/route/106028546/white-corner,3,Trad,5.10-,3,350,35.83139,-81.90257
The Black Hole,04. Copper Top > Pilot Mountain > 3. Piedmont Region > North Carolina,https://www.mountainproject.com/route/118093527/the-black-hole,2.5,Sport,5.10b/c,1,50,36.34032,-80.4855
Bear Knuckles,East Cliff > Melrose Mtn. Climbing Park > 1. Southern Mountains Region > North Carolina,https://www.mountainproject.com/route/118234701/bear-knuckles,3.8,"Trad, TR",5.10c,1,65,35.20113,-82.27508
Balti Porter,Main Tier > Ship Rock > 2. Northern Mountains Region > North Carolina,https://www.mountainproject.com/route/106050150/balti-porter,3,Trad,5.10a,2,110,36.099,-81.7815
Nuclear Crayon,The Amphitheater > Moore's Wall (Routes) > Hanging Rock State Park > 3. Piedmont Region > North Carolina,https://www.mountainproject.com/route/106019828/nuclear-crayon,2.7,Trad,5.10+ PG13,1,120,36.39954,-80.28241
B-52,South Side > Looking Glass Rock > 1. Southern Mountains Region > North Carolina,https://www.mountainproject.com/route/107321376/b-52,2.7,Trad,5.10a,2,150,35.30054,-82.79229
Scotty Pippen,Sun Wall > Looking Glass Rock > 1. Southern Mountains Region > North Carolina,https://www.mountainproject.com/route/107306973/scotty-pippen,3.6,Trad,5.10,1,120,35.30308,-82.79529
Just Another Pretty Face,Shortoff Mountain > Linville Gorge > 2. Northern Mountains Region > North Carolina,https://www.mountainproject.com/route/106029525/just-another-pretty-face,3.4,"Trad, Sport",5.10c,2,210,35.83139,-81.90257
Right Face,Holloway Mountain > 2. Northern Mountains Region > North Carolina,https://www.mountainproject.com/route/106971602/right-face,2.8,TR,5.10a,1,40,36.14682,-81.76034
Lichen Inspector,Middle Hawksbill > Hawksbill Mtn > Linville Gorge > 2. Northern Mountains Region > North Carolina,https://www.mountainproject.com/route/113629800/lichen-inspector,2.9,Sport,5.10b,1,90,35.91263,-81.88769
Paralleling,Big Green > Panthertown Valley > 1. Southern Mountains Region > North Carolina,https://www.mountainproject.com/route/106462496/paralleling,3.4,Trad,5.10- PG13,2,280,35.1562,-83.0281
Carboman,Hidden Wall > Looking Glass Rock > 1. Southern Mountains Region > North Carolina,https://www.mountainproject.com/route/106538984/carboman,3.3,Trad,5.10c/d PG13,2,200,35.2948,-82.78819
Casablanca,13. Ground Up aka Big Gully > Pilot Mountain > 3. Piedmont Region > North Carolina,https://www.mountainproject.com/route/122031844/casablanca,2.9,Sport,5.10a/b,1,40,36.33993,-80.48144
Ellie Raynolds Memorial Buttress,Table Rock > Linville Gorge > 2. Northern Mountains Region > North Carolina,https://www.mountainproject.com/route/106478843/ellie-raynolds-memorial-buttress,2.4,Trad,5.10b/c,3,250,35.88831,-81.88519
Trinidad,Amphitheater > Linville Gorge > 2. Northern Mountains Region > North Carolina,https://www.mountainproject.com/route/121254648/trinidad,3.8,Trad,5.10a PG13,4,300,35.871,-81.89291
First Encounter,Little Wilson > 2. Northern Mountains Region > North Carolina,https://www.mountainproject.com/route/107265661/first-encounter,2.5,Sport,5.10d,1,40,36.0885,-81.79303
Rocket Science,Test Pilots Buttress > Rumbling Bald > 1. Southern Mountains Region > North Carolina,https://www.mountainproject.com/route/106611065/rocket-science,2.9,Trad,5.10c/d,1,80,35.45007,-82.21549
Banana Peel,Cedar Rock - North > Cedar Rock > 1. Southern Mountains Region > North Carolina,https://www.mountainproject.com/route/109033331/banana-peel,3.6,Trad,5.10+,1,80,35.2599,-82.80602
Aerospace Cadet,Sun Wall > Looking Glass Rock > 1. Southern Mountains Region > North Carolina,https://www.mountainproject.com/route/106866610/aerospace-cadet,3.6,Trad,5.10d,3,300,35.30308,-82.79529
W.P.,Hanging Garden > Moore's Wall (Routes) > Hanging Rock State Park > 3. Piedmont Region > North Carolina,https://www.mountainproject.com/route/108173232/wp,2.9,Trad,5.10a,1,150,36.39624,-80.28668
Tarantula,North Carolina Wall > Linville Gorge > 2. Northern Mountains Region > North Carolina,https://www.mountainproject.com/route/107273005/tarantula,3.2,Trad,5.10a PG13,4,400,35.87662,-81.89174
Carolina Hog Farm,North Side > Looking Glass Rock > 1. Southern Mountains Region > North Carolina,https://www.mountainproject.com/route/119797438/carolina-hog-farm,3.7,"Trad, Aid",5.10 A4 PG13,3,310,35.30546,-82.79093
The Legacy,South Side > Looking Glass Rock > 1. Southern Mountains Region > North Carolina,https://www.mountainproject.com/route/111416350/the-legacy,2.6,Trad,5.10d,2,200,35.30054,-82.79229
The Purring,Stone Mountain South Face > Stone Mountain > 3. Piedmont Region > North Carolina,https://www.mountainproject.com/route/109441225/the-purring,3.4,Trad,5.10c,2,220,36.3916,-81.0473
Going for Baroque,Shortoff - Upper Wall > Linville Gorge > 2. Northern Mountains Region > North Carolina,https://www.mountainproject.com/route/109893156/going-for-baroque,3.4,Trad,5.10c/d,1,75,35.83026,-81.90204
Bullistics,Upper Tier > Section 5 > Rocky Face Recreational Area > 3. Piedmont Region > North Carolina,https://www.mountainproject.com/route/108631080/bullistics,3.2,Sport,5.10b,1,40,35.96295,-81.11887
Merovingian Line,Black Bear Buttress > Eagle Rock > 1. Southern Mountains Region > North Carolina,https://www.mountainproject.com/route/106039892/merovingian-line,3.7,Trad,5.10,1,150,35.6037,-79.2773
Have and Not Need,Laurel Knob > 1. Southern Mountains Region > North Carolina,https://www.mountainproject.com/route/106501126/have-and-not-need,3.4,"Trad, Sport",5.10c,4,NA,35.15026,-83.0564
Secret Service,13. Two Pitch Wall > Main Climbing Areas > Crowders Mountain > 3. Piedmont Region > North Carolina,https://www.mountainproject.com/route/107626837/secret-service,3.5,"Trad, Sport",5.10+,2,140,35.23571,-81.27368
Peek-a-Boo Direct,Table Rock > Linville Gorge > 2. Northern Mountains Region > North Carolina,https://www.mountainproject.com/route/121254450/peek-a-boo-direct,3.4,Trad,5.10a,2,180,35.88831,-81.88519
Appomattox (aka Rowins's Route),North Side > Looking Glass Rock > 1. Southern Mountains Region > North Carolina,https://www.mountainproject.com/route/108853571/appomattox-aka-rowinss-route,3.4,Aid,5.10 A2+,5,520,35.30546,-82.79093
Indian Head Direct,North End > Moore's Wall (Routes) > Hanging Rock State Park > 3. Piedmont Region > North Carolina,https://www.mountainproject.com/route/108142065/indian-head-direct,3,Trad,5.10+,3,200,36.40055,-80.27884
New Policy,New Policy Wall > 07. Resurgence Walls > Main Climbing Areas > Crowders Mountain > 3. Piedmont Region > North Carolina,https://www.mountainproject.com/route/106245861/new-policy,2.6,Sport,5.10d,1,50,35.2348,-81.273
Wooly Aphid,Table Rock > Linville Gorge > 2. Northern Mountains Region > North Carolina,https://www.mountainproject.com/route/106905219/wooly-aphid,2.5,Trad,5.10a,2,180,35.88831,-81.88519
Nuclear Arms,Flapping.../Nuclear arms area > Rumbling Bald > 1. Southern Mountains Region > North Carolina,https://www.mountainproject.com/route/106883255/nuclear-arms,2.9,Trad,5.10,1,120,35.449,-82.2143
Frightful Beginnings,East Cliff > Melrose Mtn. Climbing Park > 1. Southern Mountains Region > North Carolina,https://www.mountainproject.com/route/118234705/frightful-beginnings,3.3,Sport,5.10a,1,50,35.20113,-82.27508
Clean Slate,East Slate Rock > 1. Southern Mountains Region > North Carolina,https://www.mountainproject.com/route/112922691/clean-slate,3.5,Trad,5.10c,1,150,35.39381,-82.71196
Cedar Pie,Cedar Rock - Main Wall > Cedar Rock > 1. Southern Mountains Region > North Carolina,https://www.mountainproject.com/route/106816981/cedar-pie,3.2,Trad,5.10c PG13,2,150,35.25532,-82.80667
Huffin Cedar,Hanging Chain (Left Field) > Rumbling Bald > 1. Southern Mountains Region > North Carolina,https://www.mountainproject.com/route/106333738/huffin-cedar,3.1,Trad,5.10a PG13,2,200,35.45457,-82.2258
Silent Treatment,Flakeview Area > Rumbling Bald > 1. Southern Mountains Region > North Carolina,https://www.mountainproject.com/route/107562869/silent-treatment,2.8,Trad,5.10,3,300,35.45193,-82.21857
Man Overboard,12. Big Arete > Pilot Mountain > 3. Piedmont Region > North Carolina,https://www.mountainproject.com/route/108296164/man-overboard,2.5,Sport,5.10c,1,70,36.33997,-80.48168
Powder Keg,Sunken Treasure > 2. Northern Mountains Region > North Carolina,https://www.mountainproject.com/route/107199075/powder-keg,2.8,Trad,5.10b,1,45,36.09553,-81.80047
Finger Lickin' Good,Laurel Knob > 1. Southern Mountains Region > North Carolina,https://www.mountainproject.com/route/107459929/finger-lickin-good,3.4,Trad,5.10+,3,350,35.15026,-83.0564
Paradise City,Shortoff Mountain > Linville Gorge > 2. Northern Mountains Region > North Carolina,https://www.mountainproject.com/route/106071953/paradise-city,3.2,Trad,5.10+,2,300,35.83139,-81.90257
One Pitch Wonder,Left of main southeast face > Whiteside Mountain > 1. Southern Mountains Region > North Carolina,https://www.mountainproject.com/route/106912345/one-pitch-wonder,3,Trad,5.10c,1,100,35.07851,-83.14043
Old Times' Sake,Laurel Knob > 1. Southern Mountains Region > North Carolina,https://www.mountainproject.com/route/108723697/old-times-sake,3.4,Trad,5.10,4,600,35.15026,-83.0564
Grace Under Pressure,Emla area > The Cookbook > The Cookbook Area > Cooks Wall > Hanging Rock State Park > 3. Piedmont Region > North Carolina,https://www.mountainproject.com/route/108604962/grace-under-pressure,3.2,Trad,5.10b,1,80,36.37856,-80.28675
Rawhide Arch,Cedar Rock - Main Wall > Cedar Rock > 1. Southern Mountains Region > North Carolina,https://www.mountainproject.com/route/107944236/rawhide-arch,3.1,Trad,5.10d,2,180,35.25532,-82.80667
Excess Reality,Table Rock > Linville Gorge > 2. Northern Mountains Region > North Carolina,https://www.mountainproject.com/route/113575199/excess-reality,3.4,Trad,5.10-,2,200,35.88831,-81.88519
Linville Destroyer,Linville Link Ups > Linville Gorge > 2. Northern Mountains Region > North Carolina,https://www.mountainproject.com/route/112248603/linville-destroyer,3.5,Trad,5.10,30,NA,35.9046,-81.89506
Finger Love,The Amphitheater > Moore's Wall (Routes) > Hanging Rock State Park > 3. Piedmont Region > North Carolina,https://www.mountainproject.com/route/107605327/finger-love,2.8,Trad,5.10a,1,75,36.39954,-80.28241
Le Crimp,Sun Wall > Looking Glass Rock > 1. Southern Mountains Region > North Carolina,https://www.mountainproject.com/route/122054141/le-crimp,3.3,Trad,5.10c/d,1,75,35.30308,-82.79529
Crazy Crystal Line,Big Green > Panthertown Valley > 1. Southern Mountains Region > North Carolina,https://www.mountainproject.com/route/117992897/crazy-crystal-line,3.5,Trad,5.10-,1,200,35.1562,-83.0281
Dead Man's Head in a Mason Jar,Middle Hawksbill > Hawksbill Mtn > Linville Gorge > 2. Northern Mountains Region > North Carolina,https://www.mountainproject.com/route/119267180/dead-mans-head-in-a-mason-jar,3.3,Trad,5.10a,1,70,35.91263,-81.88769
Rain Dance,Cedar Rock - North > Cedar Rock > 1. Southern Mountains Region > North Carolina,https://www.mountainproject.com/route/108808648/rain-dance,3,Trad,5.10c,1,200,35.2599,-82.80602
Learning Curve,East Slate Rock > 1. Southern Mountains Region > North Carolina,https://www.mountainproject.com/route/112880735/learning-curve,3.5,Trad,5.10b,3,340,35.39381,-82.71196
The North Face,The Camel > Linville Gorge > 2. Northern Mountains Region > North Carolina,https://www.mountainproject.com/route/109221908/the-north-face,3.5,Trad,5.10,2,200,35.87827,-81.89096
Dibs,East Slate Rock > 1. Southern Mountains Region > North Carolina,https://www.mountainproject.com/route/112879100/dibs,3.5,Trad,5.10c R,1,150,35.39381,-82.71196
Bloody Knee,Down the hill (directly below the main overlook) > Wiseman's View > Linville Gorge > 2. Northern Mountains Region > North Carolina,https://www.mountainproject.com/route/110579542/bloody-knee,3.5,Trad,5.10,1,60,35.90353,-81.90099
Dr Scholl's I Want A Bulldog,North Eagle > Eagle Rock > 1. Southern Mountains Region > North Carolina,https://www.mountainproject.com/route/106067426/dr-scholls-i-want-a-bulldog,3.7,Sport,5.10,1,100,35.47432,-82.2371
Butterfingers,12. Big Arete > Pilot Mountain > 3. Piedmont Region > North Carolina,https://www.mountainproject.com/route/122281487/butterfingers,2.7,Sport,5.10d,1,60,36.33997,-80.48168
Great Brown Way,Stone Mountain South Face > Stone Mountain > 3. Piedmont Region > North Carolina,https://www.mountainproject.com/route/108362095/great-brown-way,3.1,Trad,5.10c PG13,2,NA,36.3916,-81.0473
Jug Route,Middle Hawksbill > Hawksbill Mtn > Linville Gorge > 2. Northern Mountains Region > North Carolina,https://www.mountainproject.com/route/112209765/jug-route,2.9,Trad,5.10-,1,75,35.91263,-81.88769
Passing Out Wolf Tickets,Trundlasaurus Wall > 07. Resurgence Walls > Main Climbing Areas > Crowders Mountain > 3. Piedmont Region > North Carolina,https://www.mountainproject.com/route/106246734/passing-out-wolf-tickets,2.7,Trad,5.10,1,50,35.23608,-81.27274
Legendary,Sunshine Wall > Lower Wall > Cooks Wall > Hanging Rock State Park > 3. Piedmont Region > North Carolina,https://www.mountainproject.com/route/113935882/legendary,3.1,Trad,5.10a,1,100,36.37939,-80.29177
Eye Sockets,10. The Fortress > Main Climbing Areas > Crowders Mountain > 3. Piedmont Region > North Carolina,https://www.mountainproject.com/route/107313231/eye-sockets,2.8,"Trad, TR",5.10,1,50,35.23491,-81.27402
No Added Weight,05. Rising Sun Wall > Main Climbing Areas > Crowders Mountain > 3. Piedmont Region > North Carolina,https://www.mountainproject.com/route/107670576/no-added-weight,2.6,"Sport, TR",5.10b,1,NA,35.2339,-81.274
Squirrely man,Laurel Knob > 1. Southern Mountains Region > North Carolina,https://www.mountainproject.com/route/106693241/squirrely-man,3.1,Trad,5.10,2,230,35.15026,-83.0564
Path to Extinction,Hidden Wall > Crowders Mountain > 3. Piedmont Region > North Carolina,https://www.mountainproject.com/route/107137006/path-to-extinction,2.3,Sport,5.10a,1,50,35.21845,-81.28251
Strawberry Preserves,Stone Mountain South Face > Stone Mountain > 3. Piedmont Region > North Carolina,https://www.mountainproject.com/route/107045057/strawberry-preserves,3,"Trad, Sport",5.10c PG13,4,600,36.3916,-81.0473
Instant Surreal,Cereal Wall > Rumbling Bald > 1. Southern Mountains Region > North Carolina,https://www.mountainproject.com/route/106076876/instant-surreal,3,"Trad, Sport",5.10c/d R,2,100,35.44964,-82.2129
Welcome to Emerald City,Big Green > Panthertown Valley > 1. Southern Mountains Region > North Carolina,https://www.mountainproject.com/route/107917018/welcome-to-emerald-city,3.2,Trad,5.10c,2,350,35.1562,-83.0281
Useless #8,Upper Tier > Eagle Rock > 1. Southern Mountains Region > North Carolina,https://www.mountainproject.com/route/120763265/useless-8,3,Trad,5.10,1,50,35.60369,-79.27729
Meat Puppet,Meat Puppet Crag > Moore's Wall (Routes) > Hanging Rock State Park > 3. Piedmont Region > North Carolina,https://www.mountainproject.com/route/107624110/meat-puppet,2.8,"Trad, TR",5.10a,1,70,36.3979,-80.2917
Where the Red Ferns Grow,Cedar Rock - North > Cedar Rock > 1. Southern Mountains Region > North Carolina,https://www.mountainproject.com/route/109022045/where-the-red-ferns-grow,3.3,Trad,5.10a,2,150,35.2599,-82.80602
Alternate Reality,Table Rock > Linville Gorge > 2. Northern Mountains Region > North Carolina,https://www.mountainproject.com/route/113575289/alternate-reality,3.3,Trad,5.10c/d,1,95,35.88831,-81.88519
Medicine Tongue,Comatose Area > Rumbling Bald > 1. Southern Mountains Region > North Carolina,https://www.mountainproject.com/route/121888051/medicine-tongue,3.1,Trad,5.10b/c,1,80,35.4499,-82.21438
Ruby Tuesday,Sun Wall > Looking Glass Rock > 1. Southern Mountains Region > North Carolina,https://www.mountainproject.com/route/106734222/ruby-tuesday,3.3,Trad,5.10 PG13,3,240,35.30308,-82.79529
Lucky Streak,"The Main Wall > The Dark Side (Closed to climbing, included for historic reference) > 1. Southern Mountains Region > North Carolina",https://www.mountainproject.com/route/106263488/lucky-streak,3.3,Trad,5.10a,1,180,35.6037,-79.2773
Scorched Earth Defenses,14. Car Wall > Main Climbing Areas > Crowders Mountain > 3. Piedmont Region > North Carolina,https://www.mountainproject.com/route/107291004/scorched-earth-defenses,3,"Trad, TR",5.10d,1,NA,35.23569,-81.2737
Into The Void,"Desperado Wall > The Dark Side (Closed to climbing, included for historic reference) > 1. Southern Mountains Region > North Carolina",https://www.mountainproject.com/route/106283376/into-the-void,3.3,"Trad, Sport",5.10c/d,1,80,35.6037,-79.2773
Stemming Laurel,Laurel Knob > 1. Southern Mountains Region > North Carolina,https://www.mountainproject.com/route/106479963/stemming-laurel,3.2,Trad,5.10+,5,750,35.15026,-83.0564
Raven's Arch,Cedar Rock - North > Cedar Rock > 1. Southern Mountains Region > North Carolina,https://www.mountainproject.com/route/111067909/ravens-arch,2.9,Trad,5.10a,1,70,35.2599,-82.80602
Between The Ways,Stone Mountain South Face > Stone Mountain > 3. Piedmont Region > North Carolina,https://www.mountainproject.com/route/106369740/between-the-ways,3.1,Sport,5.10c PG13,2,250,36.3916,-81.0473
Fortress Fingers,10. The Fortress > Main Climbing Areas > Crowders Mountain > 3. Piedmont Region > North Carolina,https://www.mountainproject.com/route/107217884/fortress-fingers,2.4,"Trad, TR",5.10a,1,50,35.23491,-81.27402
Hemlock Arete,Linville River Crag > Linville Gorge > 2. Northern Mountains Region > North Carolina,https://www.mountainproject.com/route/107636526/hemlock-arete,3.2,"Trad, Sport",5.10d,1,75,35.89766,-81.90086
Details at Ten,Cedar Rock - Main Wall > Cedar Rock > 1. Southern Mountains Region > North Carolina,https://www.mountainproject.com/route/106621322/details-at-ten,3.2,Trad,5.10+ R,1,150,35.25532,-82.80667
Dixie Chicken,Sunken Treasure > 2. Northern Mountains Region > North Carolina,https://www.mountainproject.com/route/107199069/dixie-chicken,2.4,Trad,5.10a,1,35,36.09553,-81.80047
Use It Or Luge It,Laurel Knob > 1. Southern Mountains Region > North Carolina,https://www.mountainproject.com/route/106501189/use-it-or-luge-it,3.3,"Trad, Sport",5.10+,4,700,35.15026,-83.0564
Granite Man,"Desperado Wall > The Dark Side (Closed to climbing, included for historic reference) > 1. Southern Mountains Region > North Carolina",https://www.mountainproject.com/route/106234624/granite-man,3.3,"Trad, Sport",5.10b/c,1,95,35.6037,-79.2773
Big Corner,Hanging Chain > Rumbling Bald > 1. Southern Mountains Region > North Carolina,https://www.mountainproject.com/route/107946965/big-corner,2.7,Trad,5.10c,1,105,35.4555,-82.22473
Waste A Bit,Table Rock > Linville Gorge > 2. Northern Mountains Region > North Carolina,https://www.mountainproject.com/route/107163191/waste-a-bit,2.9,Trad,5.10+,1,90,35.88831,-81.88519
Junk Show,The Cave > Cathey's Creek Crag > 1. Southern Mountains Region > North Carolina,https://www.mountainproject.com/route/107634273/junk-show,2.9,Trad,5.10+,1,90,35.22633,-82.80107
Scream like a Boy,Flakeview Area > Rumbling Bald > 1. Southern Mountains Region > North Carolina,https://www.mountainproject.com/route/107057031/scream-like-a-boy,2.3,"Trad, Sport",5.10,2,200,35.45193,-82.21857
Delapidated,North Side > Looking Glass Rock > 1. Southern Mountains Region > North Carolina,https://www.mountainproject.com/route/119646732/delapidated,2.8,Trad,5.10b/c,1,NA,35.30546,-82.79093
Lightning Crack,Lower Tier > Section 5 > Rocky Face Recreational Area > 3. Piedmont Region > North Carolina,https://www.mountainproject.com/route/108563411/lightning-crack,3,Trad,5.10+,1,25,35.96294,-81.11888
Spring Training,Hanging Chain (Left Field) > Rumbling Bald > 1. Southern Mountains Region > North Carolina,https://www.mountainproject.com/route/106333808/spring-training,3,Trad,5.10a PG13,2,210,35.45457,-82.2258
Venus Scribner,13. Ground Up aka Big Gully > Pilot Mountain > 3. Piedmont Region > North Carolina,https://www.mountainproject.com/route/121648763/venus-scribner,2.9,Sport,5.10b,1,50,36.33993,-80.48144
Wall of Voodoo,Little Wilson > 2. Northern Mountains Region > North Carolina,https://www.mountainproject.com/route/107539474/wall-of-voodoo,2,Sport,5.10a,1,50,36.0885,-81.79303
Stukas over Disneyland,Table Rock > Linville Gorge > 2. Northern Mountains Region > North Carolina,https://www.mountainproject.com/route/116839003/stukas-over-disneyland,3,Trad,5.10b,1,165,35.88831,-81.88519
Gay by Proxy,Cedar Rock - North > Cedar Rock > 1. Southern Mountains Region > North Carolina,https://www.mountainproject.com/route/108090042/gay-by-proxy,2.8,"Trad, Sport",5.10,1,70,35.2599,-82.80602
Brick in the Wall,01. Practice Wall > Main Climbing Areas > Crowders Mountain > 3. Piedmont Region > North Carolina,https://www.mountainproject.com/route/107554157/brick-in-the-wall,2.5,TR,5.10d,1,80,35.23235,-81.27513
Green Eggs and Ham,Breakfast Wall > West Walls > Cooks Wall > Hanging Rock State Park > 3. Piedmont Region > North Carolina,https://www.mountainproject.com/route/112027110/green-eggs-and-ham,2.7,Trad,5.10a,1,70,36.3806,-80.29355
Bat's Ass,South Side > Looking Glass Rock > 1. Southern Mountains Region > North Carolina,https://www.mountainproject.com/route/107318575/bats-ass,2.6,Trad,5.10+,2,200,35.30054,-82.79229
GBH Tootaledge,West Cliff - Mini > Melrose Mtn. Climbing Park > 1. Southern Mountains Region > North Carolina,https://www.mountainproject.com/route/118721401/gbh-tootaledge,2.9,"Sport, TR",5.10,1,35,35.20205,-82.28014
Orangutan Flake,Cedar Rock - Main Wall > Cedar Rock > 1. Southern Mountains Region > North Carolina,https://www.mountainproject.com/route/106240156/orangutan-flake,2.8,Trad,5.10a,1,50,35.25532,-82.80667
Scramble My Feedback,06. Red Wall > Main Climbing Areas > Crowders Mountain > 3. Piedmont Region > North Carolina,https://www.mountainproject.com/route/107355659/scramble-my-feedback,2.3,"Trad, Sport",5.10a,1,70,35.23437,-81.27357
Buffalo Dime,Main Tier > Ship Rock > 2. Northern Mountains Region > North Carolina,https://www.mountainproject.com/route/107122762/buffalo-dime,2.8,Trad,5.10a,1,150,36.099,-81.7815
Passing Out Rox,Trundlasaurus Wall > 07. Resurgence Walls > Main Climbing Areas > Crowders Mountain > 3. Piedmont Region > North Carolina,https://www.mountainproject.com/route/107755375/passing-out-rox,2.6,"Trad, TR",5.10,1,NA,35.23608,-81.27274
Maxito's Revenge,Road (North) Face > The Trestle > 4. Eastern Region > North Carolina,https://www.mountainproject.com/route/117236706/maxitos-revenge,3,"Sport, TR",5.10-,1,50,36.16843,-78.44553
Pontius Pilot,13. Ground Up aka Big Gully > Pilot Mountain > 3. Piedmont Region > North Carolina,https://www.mountainproject.com/route/121871495/pontius-pilot,2.1,Sport,5.10a/b,1,75,36.33993,-80.48144
Nightmare on Labor day,The Flackamite/Pirate wall > Sitting Bear > Linville Gorge > 2. Northern Mountains Region > North Carolina,https://www.mountainproject.com/route/107273231/nightmare-on-labor-day,3,Trad,5.10a,1,100,35.92762,-81.88982
Switcharoo,Linville River Crag > Linville Gorge > 2. Northern Mountains Region > North Carolina,https://www.mountainproject.com/route/107636513/switcharoo,3,Trad,5.10a,1,65,35.89766,-81.90086
S T Barbi,Sunshine Wall > Lower Wall > Cooks Wall > Hanging Rock State Park > 3. Piedmont Region > North Carolina,https://www.mountainproject.com/route/109863253/s-t-barbi,2.8,Sport,5.10+,1,50,36.37939,-80.29177
Annie Get Your Guns,Laurel Knob > 1. Southern Mountains Region > North Carolina,https://www.mountainproject.com/route/106352300/annie-get-your-guns,2.9,Trad,5.10,2,300,35.15026,-83.0564
Hilliard Step,Upper Tier > Section 3 > Rocky Face Recreational Area > 3. Piedmont Region > North Carolina,https://www.mountainproject.com/route/108570290/hilliard-step,2.9,Sport,5.10d,1,40,35.96384,-81.12014
The Recluse,Comatose Area > Rumbling Bald > 1. Southern Mountains Region > North Carolina,https://www.mountainproject.com/route/121888255/the-recluse,3,Trad,5.10-,1,60,35.4499,-82.21438
Original Route,The Flackamite/Pirate wall > Sitting Bear > Linville Gorge > 2. Northern Mountains Region > North Carolina,https://www.mountainproject.com/route/111514369/original-route,3,Sport,5.10-,1,60,35.92762,-81.88982
Unbroken Chain aka Juggernaut,North End > Moore's Wall (Routes) > Hanging Rock State Park > 3. Piedmont Region > North Carolina,https://www.mountainproject.com/route/106823826/unbroken-chain-aka-juggernaut,2.5,Trad,5.10,1,60,36.40055,-80.27884
Friction Addiction,Laurel Knob > 1. Southern Mountains Region > North Carolina,https://www.mountainproject.com/route/107478638/friction-addiction,3,Trad,5.10+,5,500,35.15026,-83.0564
Irish Jig,Sun Wall > Looking Glass Rock > 1. Southern Mountains Region > North Carolina,https://www.mountainproject.com/route/107393546/irish-jig,3,Trad,5.10d,2,160,35.30308,-82.79529
Scars on a Landscape,Big Green > Panthertown Valley > 1. Southern Mountains Region > North Carolina,https://www.mountainproject.com/route/109692960/scars-on-a-landscape,3,Trad,5.10b/c,2,375,35.1562,-83.0281
Sadistic Rhythm,04. David's Castle Wall > Main Climbing Areas > Crowders Mountain > 3. Piedmont Region > North Carolina,https://www.mountainproject.com/route/107295370/sadistic-rhythm,3,Trad,5.10-,1,100,35.2331,-81.2745
Un Named,Cedar Rock - North > Cedar Rock > 1. Southern Mountains Region > North Carolina,https://www.mountainproject.com/route/108100994/un-named,3,Trad,5.10+,2,125,35.2599,-82.80602
Casual Corner,Linville River Crag > Linville Gorge > 2. Northern Mountains Region > North Carolina,https://www.mountainproject.com/route/107636575/casual-corner,3,Trad,5.10,1,80,35.89766,-81.90086
Instant Karma Direct,04. David's Castle Wall > Main Climbing Areas > Crowders Mountain > 3. Piedmont Region > North Carolina,https://www.mountainproject.com/route/107291310/instant-karma-direct,2.6,"Sport, TR",5.10d,1,60,35.2331,-81.2745
Pick-A-Dilly Prow Variation,12. Middle Finger (backside) > Main Climbing Areas > Crowders Mountain > 3. Piedmont Region > North Carolina,https://www.mountainproject.com/route/107217938/pick-a-dilly-prow-variation,2.6,"Trad, TR",5.10b,1,60,35.23491,-81.27419
Toxic Masculinity,North Side > Looking Glass Rock > 1. Southern Mountains Region > North Carolina,https://www.mountainproject.com/route/119125912/toxic-masculinity,3,"Trad, Aid",5.10 A3+ PG13,5,NA,35.30546,-82.79093
A Second Way (Variation Finish to Seconds),Laurel Knob > 1. Southern Mountains Region > North Carolina,https://www.mountainproject.com/route/108525704/a-second-way-variation-finish-to-seconds,3,"Trad, Sport",5.10-,7,900,35.15026,-83.0564
Puff The Magic Dragon,Laurel Knob > 1. Southern Mountains Region > North Carolina,https://www.mountainproject.com/route/107500822/puff-the-magic-dragon,3,Trad,5.10a,1,200,35.15026,-83.0564
Invaders,Victory Wall > 1. Southern Mountains Region > North Carolina,https://www.mountainproject.com/route/113541095/invaders,2.8,Trad,5.10a/b,1,95,35.33979,-82.89511
Banana Breath,Stone Mountain South Face > Stone Mountain > 3. Piedmont Region > North Carolina,https://www.mountainproject.com/route/107773794/banana-breath,2.7,Trad,5.10a R,3,400,36.3916,-81.0473
Castle Corner,04. David's Castle Wall > Main Climbing Areas > Crowders Mountain > 3. Piedmont Region > North Carolina,https://www.mountainproject.com/route/107463042/castle-corner,3,Trad,5.10,1,100,35.2331,-81.2745
Black Flies,Upper Tier > Section 3 > Rocky Face Recreational Area > 3. Piedmont Region > North Carolina,https://www.mountainproject.com/route/109742742/black-flies,2.8,Sport,5.10a,1,50,35.96384,-81.12014
Zen Face,Zen Canyon > Gold Coast Cliffs > Linville Gorge > 2. Northern Mountains Region > North Carolina,https://www.mountainproject.com/route/106664315/zen-face,3.2,Trad,5.10,1,70,35.87389,-81.90412
Dennis The Menace,Over Easy Wall > Lower Wall > Cooks Wall > Hanging Rock State Park > 3. Piedmont Region > North Carolina,https://www.mountainproject.com/route/113956651/dennis-the-menace,2.3,Sport,5.10+,1,65,36.37975,-80.29304
Full Term Pachyderm,East Slate Rock > 1. Southern Mountains Region > North Carolina,https://www.mountainproject.com/route/110683296/full-term-pachyderm,3,Trad,5.10c,2,200,35.39381,-82.71196
A Boy Named Trad,Upper Tier > Eagle Rock > 1. Southern Mountains Region > North Carolina,https://www.mountainproject.com/route/106066857/a-boy-named-trad,3,"Trad, Sport",5.10b/c,1,50,35.60369,-79.27729
Big Bailout,"The Main Wall > The Dark Side (Closed to climbing, included for historic reference) > 1. Southern Mountains Region > North Carolina",https://www.mountainproject.com/route/106285396/big-bailout,3,Sport,5.10+,1,60,35.6037,-79.2773
Slabbath Bloody Slabbath,"Desperado Wall > The Dark Side (Closed to climbing, included for historic reference) > 1. Southern Mountains Region > North Carolina",https://www.mountainproject.com/route/106234176/slabbath-bloody-slabbath,3,Trad,5.10+,1,90,35.6037,-79.2773
Vertical Horizon,DC Cave > West Walls > Cooks Wall > Hanging Rock State Park > 3. Piedmont Region > North Carolina,https://www.mountainproject.com/route/113285884/vertical-horizon,2.9,Trad,5.10a/b,1,90,36.3806,-80.29446
Joy Loader,North End > Moore's Wall (Routes) > Hanging Rock State Park > 3. Piedmont Region > North Carolina,https://www.mountainproject.com/route/108236934/joy-loader,2.8,Trad,5.10b/c,1,100,36.40055,-80.27884
"Hook Pop, Body Drop And The Biting Flies",Upper Tier > Eagle Rock > 1. Southern Mountains Region > North Carolina,https://www.mountainproject.com/route/106063928/hook-pop-body-drop-and-the-biting-flies,2.8,Trad,5.10+,1,50,35.60369,-79.27729
Another Brick in the Wall,01. Practice Wall > Main Climbing Areas > Crowders Mountain > 3. Piedmont Region > North Carolina,https://www.mountainproject.com/route/107576453/another-brick-in-the-wall,2.2,TR,5.10d,1,80,35.23235,-81.27513
Devil's Lettuce,Table Rock > Linville Gorge > 2. Northern Mountains Region > North Carolina,https://www.mountainproject.com/route/121136364/devils-lettuce,3,"Trad, TR",5.10-,1,75,35.88831,-81.88519
Bouffant Curl,Sun Wall > Looking Glass Rock > 1. Southern Mountains Region > North Carolina,https://www.mountainproject.com/route/121927834/bouffant-curl,3,Trad,5.10+ PG13,5,550,35.30308,-82.79529
Tragedy of The Commons,Bradley Falls > 1. Southern Mountains Region > North Carolina,https://www.mountainproject.com/route/108650165/tragedy-of-the-commons,3,Trad,5.10,1,100,35.26847,-82.29155
Two Pump Chump,Sunshine Wall > Lower Wall > Cooks Wall > Hanging Rock State Park > 3. Piedmont Region > North Carolina,https://www.mountainproject.com/route/114304836/two-pump-chump,3,Sport,5.10c,1,55,36.37939,-80.29177
Anegada Passage,Main Wall > Hawksbill Mtn > Linville Gorge > 2. Northern Mountains Region > North Carolina,https://www.mountainproject.com/route/110442738/anegada-passage,3,Trad,5.10+,1,70,35.91381,-81.88637
Buried Treasure,Zen Canyon > Gold Coast Cliffs > Linville Gorge > 2. Northern Mountains Region > North Carolina,https://www.mountainproject.com/route/106665750/buried-treasure,3.3,Trad,5.10,3,350,35.87389,-81.90412
Bat Hook Crazy,Bradley Falls > 1. Southern Mountains Region > North Carolina,https://www.mountainproject.com/route/113384903/bat-hook-crazy,3,Trad,5.10c,1,65,35.26847,-82.29155
O.K. Corral,Laurel Knob > 1. Southern Mountains Region > North Carolina,https://www.mountainproject.com/route/106712326/ok-corral,3,Trad,5.10d R,1,150,35.15026,-83.0564
Paco Bell,Sun Wall > Looking Glass Rock > 1. Southern Mountains Region > North Carolina,https://www.mountainproject.com/route/110114648/paco-bell,3,Trad,5.10+,2,250,35.30308,-82.79529
Otra Vez,Bradley Falls > 1. Southern Mountains Region > North Carolina,https://www.mountainproject.com/route/113389698/otra-vez,3,Trad,5.10a/b R,1,70,35.26847,-82.29155
Ice Cakes,The Wall of Solitude > Rumbling Bald > 1. Southern Mountains Region > North Carolina,https://www.mountainproject.com/route/106090142/ice-cakes,3,"Trad, Sport",5.10a,1,105,35.449,-82.2143
Cruise Control,Supercharger Area > Lower Wall > Cooks Wall > Hanging Rock State Park > 3. Piedmont Region > North Carolina,https://www.mountainproject.com/route/113954300/cruise-control,3,Trad,5.10-,1,60,36.37958,-80.29218
Bonsai,Shortoff Mountain > Linville Gorge > 2. Northern Mountains Region > North Carolina,https://www.mountainproject.com/route/107821113/bonsai,3,Trad,5.10,1,230,35.83139,-81.90257
Dry streak,Laurel Knob > 1. Southern Mountains Region > North Carolina,https://www.mountainproject.com/route/106712653/dry-streak,3,Trad,5.10+ PG13,3,NA,35.15026,-83.0564
Gangster Style,The Pimp'n Wall > Lower Wall > Cooks Wall > Hanging Rock State Park > 3. Piedmont Region > North Carolina,https://www.mountainproject.com/route/114304796/gangster-style,3,Trad,5.10d,1,60,36.37942,-80.29113
Get it while it's hot,Laurel Knob > 1. Southern Mountains Region > North Carolina,https://www.mountainproject.com/route/106839446/get-it-while-its-hot,3,Trad,5.10d R,4,720,35.15026,-83.0564
Walkin' Da Plank,Laurel Knob > 1. Southern Mountains Region > North Carolina,https://www.mountainproject.com/route/106549619/walkin-da-plank,3,Trad,5.10+ PG13,1,190,35.15026,-83.0564
Twist of fate,Shortoff Mountain > Linville Gorge > 2. Northern Mountains Region > North Carolina,https://www.mountainproject.com/route/107821120/twist-of-fate,3,Trad,5.10a/b,3,230,35.83139,-81.90257
Clawhammer,East Slate Rock > 1. Southern Mountains Region > North Carolina,https://www.mountainproject.com/route/112880769/clawhammer,3,Trad,5.10b,1,100,35.39381,-82.71196
Sly Mackaye,East Slate Rock > 1. Southern Mountains Region > North Carolina,https://www.mountainproject.com/route/112920812/sly-mackaye,3,Trad,5.10c,1,100,35.39381,-82.71196
The Clincher,East Face/Guides Wall  (Left side) > Looking Glass Rock > 1. Southern Mountains Region > North Carolina,https://www.mountainproject.com/route/106654964/the-clincher,3,Trad,5.10,2,200,35.2948,-82.78819
Trick,Left of main southeast face > Whiteside Mountain > 1. Southern Mountains Region > North Carolina,https://www.mountainproject.com/route/106953224/trick,3,Trad,5.10+,1,90,35.07851,-83.14043
Treat,Left of main southeast face > Whiteside Mountain > 1. Southern Mountains Region > North Carolina,https://www.mountainproject.com/route/106934115/treat,2.7,Trad,5.10+,1,90,35.07851,-83.14043
Groovin' in the name of the Laurel,Laurel Knob > 1. Southern Mountains Region > North Carolina,https://www.mountainproject.com/route/106631736/groovin-in-the-name-of-the-laurel,2.5,Trad,5.10c R,4,600,35.15026,-83.0564
Black Out,Sun Wall > Looking Glass Rock > 1. Southern Mountains Region > North Carolina,https://www.mountainproject.com/route/107485213/black-out,3,Trad,5.10+ PG13,1,80,35.30308,-82.79529
Stellar Sonar,Laurel Knob > 1. Southern Mountains Region > North Carolina,https://www.mountainproject.com/route/106551757/stellar-sonar,3,Trad,5.10 PG13,2,NA,35.15026,-83.0564
Address Unknown,"The Cougar Crag > The Dark Side (Closed to climbing, included for historic reference) > 1. Southern Mountains Region > North Carolina",https://www.mountainproject.com/route/106036955/address-unknown,3,Trad,5.10,1,150,35.46033,-82.21642
Pyromania,Stone Mountain South Face > Stone Mountain > 3. Piedmont Region > North Carolina,https://www.mountainproject.com/route/123239942/pyromania,3,Trad,5.10a R,1,120,36.3916,-81.0473
Teflon Trip,Stone Mountain South Face > Stone Mountain > 3. Piedmont Region > North Carolina,https://www.mountainproject.com/route/123239862/teflon-trip,3,Trad,5.10c R,4,450,36.3916,-81.0473
Hypocrite's Corner,Laurel Knob > 1. Southern Mountains Region > North Carolina,https://www.mountainproject.com/route/106494519/hypocrites-corner,2.9,Trad,5.10+,3,325,35.15026,-83.0564
Fortune Cookie,The Fin Area > West Walls > Cooks Wall > Hanging Rock State Park > 3. Piedmont Region > North Carolina,https://www.mountainproject.com/route/109215046/fortune-cookie,2.8,Sport,5.10-,1,70,36.38134,-80.29585
Whiteside Girdle,Southeast Face > Whiteside Mountain > 1. Southern Mountains Region > North Carolina,https://www.mountainproject.com/route/109379296/whiteside-girdle,3,Trad,5.10 R,14,2300,35.0831,-83.1358
Red River Face,North End > Moore's Wall (Routes) > Hanging Rock State Park > 3. Piedmont Region > North Carolina,https://www.mountainproject.com/route/118867637/red-river-face,2.6,Trad,5.10a,1,80,36.40055,-80.27884
Rear Naked Choke,The Fin Area > West Walls > Cooks Wall > Hanging Rock State Park > 3. Piedmont Region > North Carolina,https://www.mountainproject.com/route/112027150/rear-naked-choke,2.7,Sport,5.10d,1,65,36.38134,-80.29585
U-Haul,The Amphitheater > Moore's Wall (Routes) > Hanging Rock State Park > 3. Piedmont Region > North Carolina,https://www.mountainproject.com/route/112040586/u-haul,2.8,Trad,5.10a,1,130,36.39954,-80.28241
Caveman,Stone Mountain South Face > Stone Mountain > 3. Piedmont Region > North Carolina,https://www.mountainproject.com/route/121623086/caveman,2,Trad,5.10c PG13,1,90,36.3916,-81.0473
Escalator,Big Green > Panthertown Valley > 1. Southern Mountains Region > North Carolina,https://www.mountainproject.com/route/117823595/escalator,2,Trad,5.10a,3,300,35.1562,-83.0281
Rinky Dink,North Carolina Wall > Linville Gorge > 2. Northern Mountains Region > North Carolina,https://www.mountainproject.com/route/112356894/rinky-dink,3,Trad,5.10,5,500,35.87662,-81.89174
Too Short to Start,Upper Tier > Eagle Rock > 1. Southern Mountains Region > North Carolina,https://www.mountainproject.com/route/116707171/too-short-to-start,3,Trad,5.10d,1,NA,35.60369,-79.27729
Parabol,Big Green > Panthertown Valley > 1. Southern Mountains Region > North Carolina,https://www.mountainproject.com/route/117732405/parabol,3,Trad,5.10,2,200,35.1562,-83.0281
Nutrasweet,Main Tier > Ship Rock > 2. Northern Mountains Region > North Carolina,https://www.mountainproject.com/route/117585739/nutrasweet,2.6,Trad,5.10c,2,100,36.099,-81.7815
Safari Arete (extension),North Side > Looking Glass Rock > 1. Southern Mountains Region > North Carolina,https://www.mountainproject.com/route/106751340/safari-arete-extension,3,Trad,5.10-,1,75,35.30546,-82.79093
Saturday Night Live,Stone Mountain South Face > Stone Mountain > 3. Piedmont Region > North Carolina,https://www.mountainproject.com/route/121827020/saturday-night-live,3,Trad,5.10a R,3,360,36.3916,-81.0473
Route 1,Route 181 Rock face > Linville Gorge > 2. Northern Mountains Region > North Carolina,https://www.mountainproject.com/route/120201403/route-1,3,"Trad, TR, Boulder",5.10c/d V1-2,1,20,35.9572,-81.85848
Nuclear Free Zone,Hidden Wall > Looking Glass Rock > 1. Southern Mountains Region > North Carolina,https://www.mountainproject.com/route/119797347/nuclear-free-zone,3,Trad,5.10,4,450,35.2948,-82.78819
Tastes Like Chicken,Laurel Knob > 1. Southern Mountains Region > North Carolina,https://www.mountainproject.com/route/120824069/tastes-like-chicken,3,Trad,5.10+ PG13,3,350,35.15026,-83.0564
Cedar Beater,Cedar Beater (link up) > Cedar Rock > 1. Southern Mountains Region > North Carolina,https://www.mountainproject.com/route/112777266/cedar-beater,3.7,Trad,5.10,10,1650,35.25686,-82.80323
Jonah,Lower Tier > Eagle Rock > 1. Southern Mountains Region > North Carolina,https://www.mountainproject.com/route/118895927/jonah,3,Trad,5.10,1,70,35.4736,-82.23673
Into The Wild,The Amphitheater > Moore's Wall (Routes) > Hanging Rock State Park > 3. Piedmont Region > North Carolina,https://www.mountainproject.com/route/109684710/into-the-wild,3,Trad,5.10- R,1,160,36.39954,-80.28241
Jolly Roger,Sunken Treasure > 2. Northern Mountains Region > North Carolina,https://www.mountainproject.com/route/122043800/jolly-roger,2.5,Trad,5.10a,1,50,36.09553,-81.80047
World War Z,The Amphitheater > Moore's Wall (Routes) > Hanging Rock State Park > 3. Piedmont Region > North Carolina,https://www.mountainproject.com/route/109684839/world-war-z,3,Trad,5.10+ R,1,160,36.39954,-80.28241
Bone Crusher,The Fin Area > West Walls > Cooks Wall > Hanging Rock State Park > 3. Piedmont Region > North Carolina,https://www.mountainproject.com/route/114166382/bone-crusher,3,Trad,5.10+,1,70,36.38134,-80.29585
Between the Betwix,04. David's Castle Wall > Main Climbing Areas > Crowders Mountain > 3. Piedmont Region > North Carolina,https://www.mountainproject.com/route/107291203/between-the-betwix,2.1,"Sport, TR",5.10,1,25,35.2331,-81.2745
Waltzing Matilda,Comatose Area > Rumbling Bald > 1. Southern Mountains Region > North Carolina,https://www.mountainproject.com/route/111500926/waltzing-matilda,2.8,Trad,5.10+,1,90,35.4499,-82.21438
Skin It Back,Sunken Treasure > 2. Northern Mountains Region > North Carolina,https://www.mountainproject.com/route/107199062/skin-it-back,2,Sport,5.10a,1,40,36.09553,-81.80047
New Species,Big Green > Panthertown Valley > 1. Southern Mountains Region > North Carolina,https://www.mountainproject.com/route/107907343/new-species,3,Trad,5.10b/c,2,250,35.1562,-83.0281
Twin Seams,Sitting Bear Spire > Sitting Bear > Linville Gorge > 2. Northern Mountains Region > North Carolina,https://www.mountainproject.com/route/110870336/twin-seams,3,Sport,5.10+,1,45,35.92874,-81.88965
Zero Dark Thirty,Sunshine Wall > Lower Wall > Cooks Wall > Hanging Rock State Park > 3. Piedmont Region > North Carolina,https://www.mountainproject.com/route/120554925/zero-dark-thirty,3,Trad,5.10-,1,100,36.37939,-80.29177
Crack of Tiers,The Cave > Cathey's Creek Crag > 1. Southern Mountains Region > North Carolina,https://www.mountainproject.com/route/107634288/crack-of-tiers,3,Trad,5.10+,1,50,35.22633,-82.80107
Faith Based Initiative,Cereal Buttress > Rumbling Bald > 1. Southern Mountains Region > North Carolina,https://www.mountainproject.com/route/106345692/faith-based-initiative,3,Trad,5.10+,1,125,35.44953,-82.21258
Valley Christians,Big Green > Panthertown Valley > 1. Southern Mountains Region > North Carolina,https://www.mountainproject.com/route/108529573/valley-christians,3,Trad,5.10,2,350,35.1562,-83.0281
Enter The Void,Hanging Garden > Moore's Wall (Routes) > Hanging Rock State Park > 3. Piedmont Region > North Carolina,https://www.mountainproject.com/route/109528509/enter-the-void,3,Trad,5.10d,1,100,36.39624,-80.28668
Spectre Man,North Carolina Wall > Linville Gorge > 2. Northern Mountains Region > North Carolina,https://www.mountainproject.com/route/107643081/spectre-man,3,Trad,5.10,2,100,35.87662,-81.89174
Life is like a rubber rope,North Carolina Wall > Linville Gorge > 2. Northern Mountains Region > North Carolina,https://www.mountainproject.com/route/108269659/life-is-like-a-rubber-rope,3,Trad,5.10,1,70,35.87662,-81.89174
Tom Waits For No One,05. Rising Sun Wall > Main Climbing Areas > Crowders Mountain > 3. Piedmont Region > North Carolina,https://www.mountainproject.com/route/107670564/tom-waits-for-no-one,2.2,"Sport, TR",5.10c,1,NA,35.2339,-81.274
The Bump,Cedar Rock - North > Cedar Rock > 1. Southern Mountains Region > North Carolina,https://www.mountainproject.com/route/113717825/the-bump,3,Trad,5.10,1,100,35.2599,-82.80602
Quality Control,Bradley Falls > 1. Southern Mountains Region > North Carolina,https://www.mountainproject.com/route/108831231/quality-control,3,Trad,5.10b,1,70,35.26847,-82.29155
Power of One,Cedar Rock - North > Cedar Rock > 1. Southern Mountains Region > North Carolina,https://www.mountainproject.com/route/111817283/power-of-one,3,Trad,5.10,2,200,35.2599,-82.80602
Use It Express,Laurel Knob > 1. Southern Mountains Region > North Carolina,https://www.mountainproject.com/route/109033007/use-it-express,3,Trad,5.10a,1,180,35.15026,-83.0564
sleeping above the kitchen,'Tang area > West Walls > Cooks Wall > Hanging Rock State Park > 3. Piedmont Region > North Carolina,https://www.mountainproject.com/route/107921909/sleeping-above-the-kitchen,3,Trad,5.10 R,1,70,36.38073,-80.29491
Bow,East Face/Guides Wall  (Left side) > Looking Glass Rock > 1. Southern Mountains Region > North Carolina,https://www.mountainproject.com/route/110526365/bow,3,Trad,5.10+,1,200,35.2948,-82.78819
Unknown,Left of main southeast face > Whiteside Mountain > 1. Southern Mountains Region > North Carolina,https://www.mountainproject.com/route/110296070/unknown,2.5,Trad,5.10c/d,1,100,35.07851,-83.14043
Squeezins',Moonshine Canyon > Gold Coast Cliffs > Linville Gorge > 2. Northern Mountains Region > North Carolina,https://www.mountainproject.com/route/106664323/squeezins,3,Trad,5.10,3,300,35.87043,-81.90403
Moonwalk Right-hand variation,East Face/Guides Wall  (Left side) > Looking Glass Rock > 1. Southern Mountains Region > North Carolina,https://www.mountainproject.com/route/110222664/moonwalk-right-hand-variation,3,Trad,5.10+,1,55,35.2948,-82.78819
Man Of The Woods,East Face/Guides Wall  (Right Side) > Looking Glass Rock > 1. Southern Mountains Region > North Carolina,https://www.mountainproject.com/route/106657457/man-of-the-woods,3,Trad,5.10,1,140,35.2948,-82.78819
Buddha Bulge,05. Rising Sun Wall > Main Climbing Areas > Crowders Mountain > 3. Piedmont Region > North Carolina,https://www.mountainproject.com/route/107661588/buddha-bulge,3,Trad,5.10,1,NA,35.2339,-81.274
Awakening Spirits,North End > Moore's Wall (Routes) > Hanging Rock State Park > 3. Piedmont Region > North Carolina,https://www.mountainproject.com/route/109227128/awakening-spirits,3,Trad,5.10c PG13,1,70,36.40055,-80.27884
Visual Splendor,North End > Moore's Wall (Routes) > Hanging Rock State Park > 3. Piedmont Region > North Carolina,https://www.mountainproject.com/route/108238005/visual-splendor,3,Trad,5.10d PG13,2,160,36.40055,-80.27884
Moonwalk,East Face/Guides Wall  (Left side) > Looking Glass Rock > 1. Southern Mountains Region > North Carolina,https://www.mountainproject.com/route/106657451/moonwalk,3,Trad,5.10+,1,100,35.2948,-82.78819
Egg Man,Paul's Boutique > Rumbling Bald > 1. Southern Mountains Region > North Carolina,https://www.mountainproject.com/route/106581662/egg-man,2.5,Trad,5.10 PG13,1,70,35.45054,-82.21654
No Country For Old Men,Black Bear Buttress > Eagle Rock > 1. Southern Mountains Region > North Carolina,https://www.mountainproject.com/route/106179772/no-country-for-old-men,3.5,Trad,5.10+,1,100,35.6037,-79.2773
Pirate's Cove direct finish,Laurel Knob > 1. Southern Mountains Region > North Carolina,https://www.mountainproject.com/route/106551713/pirates-cove-direct-finish,3,Trad,5.10+ PG13,2,400,35.15026,-83.0564
Tricks Of The Trade,East Face/Guides Wall  (Left side) > Looking Glass Rock > 1. Southern Mountains Region > North Carolina,https://www.mountainproject.com/route/106654974/tricks-of-the-trade,3,Trad,5.10+,2,200,35.2948,-82.78819
The Streak,East Face/Guides Wall  (Right Side) > Looking Glass Rock > 1. Southern Mountains Region > North Carolina,https://www.mountainproject.com/route/106657461/the-streak,3,Trad,5.10+,1,100,35.2948,-82.78819
Full Moon Rising,"The Main Wall > The Dark Side (Closed to climbing, included for historic reference) > 1. Southern Mountains Region > North Carolina",https://www.mountainproject.com/route/106036960/full-moon-rising,3,Trad,5.10,2,250,35.6037,-79.2773
Fissures Of Men,Black Bear Buttress > Eagle Rock > 1. Southern Mountains Region > North Carolina,https://www.mountainproject.com/route/106039789/fissures-of-men,3,Trad,5.10,1,75,35.6037,-79.2773
Curpin Crack,Black Bear Buttress > Eagle Rock > 1. Southern Mountains Region > North Carolina,https://www.mountainproject.com/route/106039796/curpin-crack,3,Trad,5.10,1,100,35.6037,-79.2773
Traditional Values,"The Main Wall > The Dark Side (Closed to climbing, included for historic reference) > 1. Southern Mountains Region > North Carolina",https://www.mountainproject.com/route/106035644/traditional-values,3,Trad,5.10 R,3,350,35.6037,-79.2773
Steve O,"The Main Wall > The Dark Side (Closed to climbing, included for historic reference) > 1. Southern Mountains Region > North Carolina",https://www.mountainproject.com/route/106036368/steve-o,3,Trad,5.10,1,150,35.6037,-79.2773
Purgatory,Black Bear Buttress > Eagle Rock > 1. Southern Mountains Region > North Carolina,https://www.mountainproject.com/route/106039859/purgatory,3,Trad,5.10,1,75,35.6037,-79.2773
The Gong Flake,"The Main Wall > The Dark Side (Closed to climbing, included for historic reference) > 1. Southern Mountains Region > North Carolina",https://www.mountainproject.com/route/106036331/the-gong-flake,3,Trad,5.10a,1,100,35.6037,-79.2773
The Devil Wears Prana,The Underworld > Gold Coast Cliffs > Linville Gorge > 2. Northern Mountains Region > North Carolina,https://www.mountainproject.com/route/106882657/the-devil-wears-prana,2.6,Sport,5.10b,1,NA,35.86921,-81.9023
The Green Wave,Middle Hawksbill > Hawksbill Mtn > Linville Gorge > 2. Northern Mountains Region > North Carolina,https://www.mountainproject.com/route/107681650/the-green-wave,2.4,Trad,5.10b/c,1,90,35.91263,-81.88769
Co-Pilots,Test Pilots Buttress > Rumbling Bald > 1. Southern Mountains Region > North Carolina,https://www.mountainproject.com/route/111561041/co-pilots,2.5,Trad,5.10a PG13,1,75,35.45007,-82.21549
Batteries Not Included,The Fin Area > West Walls > Cooks Wall > Hanging Rock State Park > 3. Piedmont Region > North Carolina,https://www.mountainproject.com/route/114324874/batteries-not-included,2.8,Trad,5.10a,1,85,36.38134,-80.29585
Black Swan,Cedar Rock - North > Cedar Rock > 1. Southern Mountains Region > North Carolina,https://www.mountainproject.com/route/108090012/black-swan,2.7,Trad,5.10b,2,100,35.2599,-82.80602
Sugaree,Flapping.../Nuclear arms area > Rumbling Bald > 1. Southern Mountains Region > North Carolina,https://www.mountainproject.com/route/107504159/sugaree,2.7,Trad,5.10a PG13,1,120,35.449,-82.2143
Aerial Act,10. The Fortress > Main Climbing Areas > Crowders Mountain > 3. Piedmont Region > North Carolina,https://www.mountainproject.com/route/106219135/aerial-act,3,"Trad, TR",5.10+ R,1,50,35.23491,-81.27402
Glam Utopia,South Side > Cedar Rock > 1. Southern Mountains Region > North Carolina,https://www.mountainproject.com/route/112550737/glam-utopia,2.8,Trad,5.10-,3,400,35.2535,-82.80029
One Step,Section 1 > Rocky Face Recreational Area > 3. Piedmont Region > North Carolina,https://www.mountainproject.com/route/108592833/one-step,2.5,"Sport, TR",5.10-,1,35,35.96386,-81.12083
Z Crack,Test Pilots Buttress > Rumbling Bald > 1. Southern Mountains Region > North Carolina,https://www.mountainproject.com/route/110228958/z-crack,2.2,Trad,5.10+,1,30,35.45007,-82.21549
Too Old to Rock and Roll,08. Amphitheater > Pilot Mountain > 3. Piedmont Region > North Carolina,https://www.mountainproject.com/route/106504947/too-old-to-rock-and-roll,2.5,Sport,5.10c,1,NA,36.34013,-80.48401
Bobbing For Frogs,Lower Tier > Eagle Rock > 1. Southern Mountains Region > North Carolina,https://www.mountainproject.com/route/114304106/bobbing-for-frogs,2.3,Trad,5.10a,2,220,35.4736,-82.23673
Pat Ewing,Sun Wall > Looking Glass Rock > 1. Southern Mountains Region > North Carolina,https://www.mountainproject.com/route/106734202/pat-ewing,2.6,Trad,5.10,3,250,35.30308,-82.79529
The Enterprise,Shortoff Mountain > Linville Gorge > 2. Northern Mountains Region > North Carolina,https://www.mountainproject.com/route/107822655/the-enterprise,2.7,Trad,5.10a,2,300,35.83139,-81.90257
Angell Falls,Cereal Wall > Rumbling Bald > 1. Southern Mountains Region > North Carolina,https://www.mountainproject.com/route/106679083/angell-falls,2.6,Trad,5.10,2,200,35.44964,-82.2129
Horsefly,Table Rock > Linville Gorge > 2. Northern Mountains Region > North Carolina,https://www.mountainproject.com/route/117294980/horsefly,2.5,TR,5.10a,1,60,35.88831,-81.88519
The Twins Left,Section 2 > Rocky Face Recreational Area > 3. Piedmont Region > North Carolina,https://www.mountainproject.com/route/109419902/the-twins-left,2.4,"Sport, TR",5.10,1,40,35.96386,-81.12042
This Moment is Worth More than It Seems,Pump Tunnel > Other Nearby places to climb > Carrboro/University Lake boulders > 4. Eastern Region > North Carolina,https://www.mountainproject.com/route/107335155/this-moment-is-worth-more-than-it-seems,2.7,Boulder,5.10+ V3+,1,40,35.9255,-79.0538
Keep and Arm Bears,Table Rock > Linville Gorge > 2. Northern Mountains Region > North Carolina,https://www.mountainproject.com/route/122860901/keep-and-arm-bears,2.8,Trad,5.10,1,100,35.88831,-81.88519
While You Were Sleeping,Comatose Area > Rumbling Bald > 1. Southern Mountains Region > North Carolina,https://www.mountainproject.com/route/114130186/while-you-were-sleeping,2.8,Trad,5.10c,1,160,35.4499,-82.21438
Toilet Bowl,Stone Mountain South Face > Stone Mountain > 3. Piedmont Region > North Carolina,https://www.mountainproject.com/route/108550124/toilet-bowl,3,"Trad, Sport",5.10c R,1,100,36.3916,-81.0473
Chestnut Mare,Cheers Ledge > Horseshoe Rock > 1. Southern Mountains Region > North Carolina,https://www.mountainproject.com/route/112204999/chestnut-mare,2.3,"Sport, TR",5.10-,1,NA,35.24165,-82.96184
Fight the Power,Catwalk > North Face > Whiteside Mountain > 1. Southern Mountains Region > North Carolina,https://www.mountainproject.com/route/110715632/fight-the-power,2.7,Trad,5.10 PG13,3,250,35.08781,-83.13744
Fortress Direct,10. The Fortress > Main Climbing Areas > Crowders Mountain > 3. Piedmont Region > North Carolina,https://www.mountainproject.com/route/107730474/fortress-direct,2.4,TR,5.10+,1,NA,35.23491,-81.27402
Mettle Detector,Cereal Wall > Rumbling Bald > 1. Southern Mountains Region > North Carolina,https://www.mountainproject.com/route/106686929/mettle-detector,2.7,Trad,5.10 PG13,2,250,35.44964,-82.2129
New Diversions,Southeast Face > Whiteside Mountain > 1. Southern Mountains Region > North Carolina,https://www.mountainproject.com/route/106916993/new-diversions,2.4,Trad,5.10d R,10,700,35.0831,-83.1358
Knuckle Balls,Hanging Chain (Left Field) > Rumbling Bald > 1. Southern Mountains Region > North Carolina,https://www.mountainproject.com/route/106331726/knuckle-balls,2.7,Trad,5.10b/c PG13,1,120,35.45457,-82.2258
Cat in the Hat,Breakfast Wall > West Walls > Cooks Wall > Hanging Rock State Park > 3. Piedmont Region > North Carolina,https://www.mountainproject.com/route/112027091/cat-in-the-hat,2.4,Sport,5.10a/b,1,60,36.3806,-80.29355
Anchors Away,Better Late Than Never Wall > Ship Rock > 2. Northern Mountains Region > North Carolina,https://www.mountainproject.com/route/117584236/anchors-away,2.3,Trad,5.10a,1,60,36.099,-81.7815
Old Man's Twin,Section 2 > Rocky Face Recreational Area > 3. Piedmont Region > North Carolina,https://www.mountainproject.com/route/112545417/old-mans-twin,2.5,Sport,5.10,1,50,35.96386,-81.12042
Trundlasaurus,Trundlasaurus Wall > 07. Resurgence Walls > Main Climbing Areas > Crowders Mountain > 3. Piedmont Region > North Carolina,https://www.mountainproject.com/route/106246722/trundlasaurus,2.5,Trad,5.10,1,50,35.23608,-81.27274
Squeeze Job,Lakeview Area > Rumbling Bald > 1. Southern Mountains Region > North Carolina,https://www.mountainproject.com/route/106073700/squeeze-job,2.5,"Trad, Sport",5.10 PG13,2,NA,35.449,-82.2143
Sailing Shoes,Sunken Treasure > 2. Northern Mountains Region > North Carolina,https://www.mountainproject.com/route/107265690/sailing-shoes,2.2,Sport,5.10c PG13,1,35,36.09553,-81.80047
Plain On The Left,Plane Above Your Head Wall > 07. Resurgence Walls > Main Climbing Areas > Crowders Mountain > 3. Piedmont Region > North Carolina,https://www.mountainproject.com/route/107287976/plain-on-the-left,2.3,"Sport, TR",5.10+,1,NA,35.23549,-81.27272
Two Step,04. David's Castle Wall > Main Climbing Areas > Crowders Mountain > 3. Piedmont Region > North Carolina,https://www.mountainproject.com/route/107217927/two-step,1.9,Sport,5.10b/c,1,25,35.2331,-81.2745
Red Headed Stepchild,The Dump aka Warpin and Dorphin (Routes) > The Dump > 2. Northern Mountains Region > North Carolina,https://www.mountainproject.com/route/108691761/red-headed-stepchild,2.3,Trad,5.10,1,30,36.09709,-81.7719
Ron Rico,Little Wilson > 2. Northern Mountains Region > North Carolina,https://www.mountainproject.com/route/107199123/ron-rico,2.1,Sport,5.10b,1,45,36.0885,-81.79303
Mourning Maiden,Table Rock > Linville Gorge > 2. Northern Mountains Region > North Carolina,https://www.mountainproject.com/route/116514376/mourning-maiden,2.5,Trad,5.10a,2,200,35.88831,-81.88519
Hanging Root,Bradley Falls > 1. Southern Mountains Region > North Carolina,https://www.mountainproject.com/route/108635631/hanging-root,2.5,"Trad, Sport",5.10c/d PG13,1,100,35.26847,-82.29155
Maid Of The Mist,Bradley Falls > 1. Southern Mountains Region > North Carolina,https://www.mountainproject.com/route/111821051/maid-of-the-mist,2.5,Trad,5.10d,1,55,35.26847,-82.29155
House of Cards,Upper Wall > West Walls > Cooks Wall > Hanging Rock State Park > 3. Piedmont Region > North Carolina,https://www.mountainproject.com/route/113325402/house-of-cards,2.5,Trad,5.10c,1,60,36.38102,-80.29518
Cruising with the Top Down,Laurel Knob > 1. Southern Mountains Region > North Carolina,https://www.mountainproject.com/route/109107081/cruising-with-the-top-down,2.6,Trad,5.10,1,80,35.15026,-83.0564
Tyranasaurus Rox,Trundlasaurus Wall > 07. Resurgence Walls > Main Climbing Areas > Crowders Mountain > 3. Piedmont Region > North Carolina,https://www.mountainproject.com/route/106246728/tyranasaurus-rox,2.5,Trad,5.10,1,50,35.23608,-81.27274
Resurrection,Comatose Area > Rumbling Bald > 1. Southern Mountains Region > North Carolina,https://www.mountainproject.com/route/107116044/resurrection,2.2,Trad,5.10-,2,200,35.4499,-82.21438
Rice Krispies,Stone Mountain South Face > Stone Mountain > 3. Piedmont Region > North Carolina,https://www.mountainproject.com/route/105930204/rice-krispies,2.3,Trad,5.10c R,1,150,36.3916,-81.0473
Starry Eyed,West Cliff - Main > Melrose Mtn. Climbing Park > 1. Southern Mountains Region > North Carolina,https://www.mountainproject.com/route/118226690/starry-eyed,2.3,"Sport, TR",5.10c PG13,1,45,35.20194,-82.28068
Just Say Moo,Table Rock > Linville Gorge > 2. Northern Mountains Region > North Carolina,https://www.mountainproject.com/route/107926223/just-say-moo,2.3,Sport,5.10a/b,1,80,35.88831,-81.88519
Bedroom Rodeo,Little Ass Kicker > Lower Wall > Cooks Wall > Hanging Rock State Park > 3. Piedmont Region > North Carolina,https://www.mountainproject.com/route/113936676/bedroom-rodeo,2.4,Sport,5.10b/c,1,40,36.37966,-80.29252
Plastic Fish,Hanging Chain > Rumbling Bald > 1. Southern Mountains Region > North Carolina,https://www.mountainproject.com/route/107947649/plastic-fish,2.4,"Trad, Sport",5.10b PG13,1,95,35.4555,-82.22473
Wyoming Dick,Cedar Rock - Main Wall > Cedar Rock > 1. Southern Mountains Region > North Carolina,https://www.mountainproject.com/route/106239362/wyoming-dick,2.3,Trad,5.10,2,175,35.25532,-82.80667
Slice Of American Pie,DC Cave > West Walls > Cooks Wall > Hanging Rock State Park > 3. Piedmont Region > North Carolina,https://www.mountainproject.com/route/113954362/slice-of-american-pie,2.3,Sport,5.10-,1,65,36.3806,-80.29446
Brownian Motion,Bradley Falls > 1. Southern Mountains Region > North Carolina,https://www.mountainproject.com/route/108717503/brownian-motion,2.3,"Trad, Sport",5.10,1,100,35.26847,-82.29155
Tadpole Direct,Cedar Rock - Main Wall > Cedar Rock > 1. Southern Mountains Region > North Carolina,https://www.mountainproject.com/route/106621342/tadpole-direct,2.3,Trad,5.10c/d,1,100,35.25532,-82.80667
Quarryisms,Section 4 > Rocky Face Recreational Area > 3. Piedmont Region > North Carolina,https://www.mountainproject.com/route/108563440/quarryisms,2,Sport,5.10d,1,40,35.96367,-81.11972
Varietal Blend,North Eagle > Eagle Rock > 1. Southern Mountains Region > North Carolina,https://www.mountainproject.com/route/116706969/varietal-blend,2.5,Trad,5.10c,2,200,35.47432,-82.2371
The Dusk Wall,Upstream (West) Side > The Trestle > 4. Eastern Region > North Carolina,https://www.mountainproject.com/route/117245979/the-dusk-wall,2.5,"Sport, TR",5.10,1,60,36.16837,-78.44561
Mr. Tumnus,Cedar Rock - North > Cedar Rock > 1. Southern Mountains Region > North Carolina,https://www.mountainproject.com/route/111828066/mr-tumnus,3,Trad,5.10,1,150,35.2599,-82.80602
Snake Charmer,Lower Tier > Section 5 > Rocky Face Recreational Area > 3. Piedmont Region > North Carolina,https://www.mountainproject.com/route/108625387/snake-charmer,2.1,Sport,5.10b/c,1,50,35.96294,-81.11888
The Old Man's Brow,Section 2 > Rocky Face Recreational Area > 3. Piedmont Region > North Carolina,https://www.mountainproject.com/route/108556961/the-old-mans-brow,2.1,TR,5.10a,1,NA,35.96386,-81.12042
The Space Between Worlds,Sky Pilot Area > West Walls > Cooks Wall > Hanging Rock State Park > 3. Piedmont Region > North Carolina,https://www.mountainproject.com/route/114097299/the-space-between-worlds,2.5,Trad,5.10b/c,1,100,36.38164,-80.29624
Unknown,Hanging Chain > Rumbling Bald > 1. Southern Mountains Region > North Carolina,https://www.mountainproject.com/route/116109207/unknown,2.5,Trad,5.10c R,1,110,35.4555,-82.22473
ICU,Table Rock > Linville Gorge > 2. Northern Mountains Region > North Carolina,https://www.mountainproject.com/route/112165317/icu,2.5,Trad,5.10d,1,100,35.88831,-81.88519
Wild Horses,Cheers Ledge > Horseshoe Rock > 1. Southern Mountains Region > North Carolina,https://www.mountainproject.com/route/112205149/wild-horses,3,"Sport, TR",5.10+,1,90,35.24165,-82.96184
Crimp'n and Pimp'n,The Pimp'n Wall > Lower Wall > Cooks Wall > Hanging Rock State Park > 3. Piedmont Region > North Carolina,https://www.mountainproject.com/route/113954341/crimpn-and-pimpn,2.5,Trad,5.10+,1,55,36.37942,-80.29113
The Wormhole,ET Wall > Lettered Rock Ridge > 2. Northern Mountains Region > North Carolina,https://www.mountainproject.com/route/106451823/the-wormhole,3,Trad,5.10,1,45,35.9248,-81.8578
Golden Overhang,04. David's Castle Wall > Main Climbing Areas > Crowders Mountain > 3. Piedmont Region > North Carolina,https://www.mountainproject.com/route/107462986/golden-overhang,2.5,Trad,5.10,1,100,35.2331,-81.2745
Tightsqueeze,Linville River Crag > Linville Gorge > 2. Northern Mountains Region > North Carolina,https://www.mountainproject.com/route/107636586/tightsqueeze,2.5,Trad,5.10a,1,90,35.89766,-81.90086
Statutory,Catwalk > North Face > Whiteside Mountain > 1. Southern Mountains Region > North Carolina,https://www.mountainproject.com/route/107716713/statutory,2.5,Trad,5.10d,1,70,35.08781,-83.13744
Buried Treasure,Laurel Knob > 1. Southern Mountains Region > North Carolina,https://www.mountainproject.com/route/106572123/buried-treasure,2.5,Trad,5.10 PG13,3,500,35.15026,-83.0564
Un-named,"Un-named wall - - Right of Desperado (middle wall) > The Dark Side (Closed to climbing, included for historic reference) > 1. Southern Mountains Region > North Carolina",https://www.mountainproject.com/route/106300597/un-named,2.5,"Trad, Sport",5.10,1,110,35.6037,-79.2773
Surry County Ethics,08. Amphitheater > Pilot Mountain > 3. Piedmont Region > North Carolina,https://www.mountainproject.com/route/107264487/surry-county-ethics,1.9,"Trad, Sport",5.10c,1,NA,36.34013,-80.48401
Idiot Savant,Trundlasaurus Wall > 07. Resurgence Walls > Main Climbing Areas > Crowders Mountain > 3. Piedmont Region > North Carolina,https://www.mountainproject.com/route/107470617/idiot-savant,2.1,"Sport, TR",5.10+,1,30,35.23608,-81.27274
10 Ball,01. Pool Hall > Pilot Mountain > 3. Piedmont Region > North Carolina,https://www.mountainproject.com/route/108766604/10-ball,2.1,TR,5.10,1,40,36.34154,-80.48719
Play It Again,13. Ground Up aka Big Gully > Pilot Mountain > 3. Piedmont Region > North Carolina,https://www.mountainproject.com/route/122104592/play-it-again,2.3,Trad,5.10a/b,1,40,36.33993,-80.48144
Cabin Boy,Sunken Treasure > 2. Northern Mountains Region > North Carolina,https://www.mountainproject.com/route/113217249/cabin-boy,2,"Trad, TR",5.10a,1,50,36.09553,-81.80047
Two In Agreement,Cedar Rock - Main Wall > Cedar Rock > 1. Southern Mountains Region > North Carolina,https://www.mountainproject.com/route/107977465/two-in-agreement,2.3,Trad,5.10c/d PG13,3,250,35.25532,-82.80667
Trophy Wife,Cereal Wall > Rumbling Bald > 1. Southern Mountains Region > North Carolina,https://www.mountainproject.com/route/106964415/trophy-wife,2.1,Trad,5.10 R,3,250,35.44964,-82.2129
Stick 'Em Up,Hickory Nutcracker Area > Rumbling Bald > 1. Southern Mountains Region > North Carolina,https://www.mountainproject.com/route/122048715/stick-em-up,2.3,Trad,5.10,1,125,35.45275,-82.21895
Rhime of the Ancient Mariner,The Flackamite/Pirate wall > Sitting Bear > Linville Gorge > 2. Northern Mountains Region > North Carolina,https://www.mountainproject.com/route/111396296/rhime-of-the-ancient-mariner,2.3,Trad,5.10+,1,85,35.92762,-81.88982
Ask Mr. Science,05. Rising Sun Wall > Main Climbing Areas > Crowders Mountain > 3. Piedmont Region > North Carolina,https://www.mountainproject.com/route/107661562/ask-mr-science,2.3,"Trad, Sport, TR",5.10-,1,NA,35.2339,-81.274
Itchy Bitch,River (South) Face > The Trestle > 4. Eastern Region > North Carolina,https://www.mountainproject.com/route/117236678/itchy-bitch,2.3,"Sport, TR",5.10,1,60,36.16832,-78.44553
Pilsbury,Sunshine Wall > Lower Wall > Cooks Wall > Hanging Rock State Park > 3. Piedmont Region > North Carolina,https://www.mountainproject.com/route/109863259/pilsbury,2.3,Sport,5.10,1,50,36.37939,-80.29177
Out Left,Flakeview Area > Rumbling Bald > 1. Southern Mountains Region > North Carolina,https://www.mountainproject.com/route/111742527/out-left,2.3,Trad,5.10,5,450,35.45193,-82.21857
Fickle Finger of Fate,Flakeview Area > Rumbling Bald > 1. Southern Mountains Region > North Carolina,https://www.mountainproject.com/route/111742435/fickle-finger-of-fate,2.3,Trad,5.10-,5,450,35.45193,-82.21857
A Walk in the Light,The Amphitheater > Moore's Wall (Routes) > Hanging Rock State Park > 3. Piedmont Region > North Carolina,https://www.mountainproject.com/route/107603105/a-walk-in-the-light,1.9,Trad,5.10-,1,95,36.39954,-80.28241
Finger Lick'n Good,'Tang area > West Walls > Cooks Wall > Hanging Rock State Park > 3. Piedmont Region > North Carolina,https://www.mountainproject.com/route/116109653/finger-lickn-good,2.3,Sport,5.10a,1,40,36.38073,-80.29491
Hot Pockets,Breakfast Wall > West Walls > Cooks Wall > Hanging Rock State Park > 3. Piedmont Region > North Carolina,https://www.mountainproject.com/route/114328221/hot-pockets,2.2,Sport,5.10+,1,50,36.3806,-80.29355
Vampire Diaries,The Fin Area > West Walls > Cooks Wall > Hanging Rock State Park > 3. Piedmont Region > North Carolina,https://www.mountainproject.com/route/112027130/vampire-diaries,2,Sport,5.10c,1,50,36.38134,-80.29585
Birthday Pickle,Southwest Corner > Whiteside Mountain > 1. Southern Mountains Region > North Carolina,https://www.mountainproject.com/route/112414843/birthday-pickle,2.3,Trad,5.10+,1,60,35.0798,-83.1432
Fish Bowl,Cedar Rock - North > Cedar Rock > 1. Southern Mountains Region > North Carolina,https://www.mountainproject.com/route/111069908/fish-bowl,2.2,Trad,5.10a/b,2,160,35.2599,-82.80602
Psychotic Reaction,04. David's Castle Wall > Main Climbing Areas > Crowders Mountain > 3. Piedmont Region > North Carolina,https://www.mountainproject.com/route/107291049/psychotic-reaction,2.3,"Trad, TR",5.10,1,25,35.2331,-81.2745
Flakes of Bake,Behind Test Pilots Buttress > Rumbling Bald > 1. Southern Mountains Region > North Carolina,https://www.mountainproject.com/route/107047208/flakes-of-bake,2.1,Trad,5.10d PG13,1,70,35.45008,-82.21534
Civil Disobedience,Cereal Wall > Rumbling Bald > 1. Southern Mountains Region > North Carolina,https://www.mountainproject.com/route/107006130/civil-disobedience,2.3,Trad,5.10+,2,200,35.44964,-82.2129
Flakeview,Flakeview Area > Rumbling Bald > 1. Southern Mountains Region > North Carolina,https://www.mountainproject.com/route/106918933/flakeview,1.8,"Trad, Sport",5.10a,1,80,35.45193,-82.21857
Rocky and Bullwinkle,Rawlhide Wall > 07. Resurgence Walls > Main Climbing Areas > Crowders Mountain > 3. Piedmont Region > North Carolina,https://www.mountainproject.com/route/107440499/rocky-and-bullwinkle,1.9,TR,5.10,1,40,35.23539,-81.27232
Animal Cracker,Comatose Area > Rumbling Bald > 1. Southern Mountains Region > North Carolina,https://www.mountainproject.com/route/108657541/animal-cracker,2.3,Trad,5.10a PG13,1,60,35.4499,-82.21438
Early Times,Shortoff Mountain > Linville Gorge > 2. Northern Mountains Region > North Carolina,https://www.mountainproject.com/route/106028529/early-times,1.9,Trad,5.10,1,100,35.83139,-81.90257
Ant Dance,West Cliff - Mini > Melrose Mtn. Climbing Park > 1. Southern Mountains Region > North Carolina,https://www.mountainproject.com/route/118721388/ant-dance,2,Trad,5.10a,1,35,35.20205,-82.28014
S.O.S.,Southwest Corner > Whiteside Mountain > 1. Southern Mountains Region > North Carolina,https://www.mountainproject.com/route/110277378/sos,2,Trad,5.10b,2,100,35.0798,-83.1432
Electric Thong,The Pimp'n Wall > Lower Wall > Cooks Wall > Hanging Rock State Park > 3. Piedmont Region > North Carolina,https://www.mountainproject.com/route/113927313/electric-thong,2,Trad,5.10a,1,45,36.37942,-80.29113
Camaraderie,Cameron's Wall > Pickens Nose > 1. Southern Mountains Region > North Carolina,https://www.mountainproject.com/route/108531042/camaraderie,2,"Sport, TR",5.10d,1,30,35.02365,-83.45859
Buttress Hop,North Eagle > Eagle Rock > 1. Southern Mountains Region > North Carolina,https://www.mountainproject.com/route/116707034/buttress-hop,2,Trad,5.10b/c,2,NA,35.47432,-82.2371
Welcome to Cooks,The Fin Area > West Walls > Cooks Wall > Hanging Rock State Park > 3. Piedmont Region > North Carolina,https://www.mountainproject.com/route/112884219/welcome-to-cooks,2.2,Trad,5.10b,1,70,36.38134,-80.29585
Sons of Thunder,Bradley Falls > 1. Southern Mountains Region > North Carolina,https://www.mountainproject.com/route/112478307/sons-of-thunder,2,Sport,5.10a,1,50,35.26847,-82.29155
Operant Conditioning,Cedar Rock - North > Cedar Rock > 1. Southern Mountains Region > North Carolina,https://www.mountainproject.com/route/108111157/operant-conditioning,2,"Trad, Sport",5.10b,2,310,35.2599,-82.80602
Stretch or Sketch,Lower Tier > Ship Rock > 2. Northern Mountains Region > North Carolina,https://www.mountainproject.com/route/110866246/stretch-or-sketch,2,Trad,5.10d,1,30,35.3121,-82.66799
Playing An Eliminate,08. Nuke the Whales Wall > Main Climbing Areas > Crowders Mountain > 3. Piedmont Region > North Carolina,https://www.mountainproject.com/route/107695578/playing-an-eliminate,2,"Trad, TR",5.10-,1,NA,35.23439,-81.27428
Appalachain Chuffer,Shortoff Mountain > Linville Gorge > 2. Northern Mountains Region > North Carolina,https://www.mountainproject.com/route/106086935/appalachain-chuffer,2,Trad,5.10c PG13,1,100,35.83139,-81.90257
British Airways,Family Wall > Rumbling Bald > 1. Southern Mountains Region > North Carolina,https://www.mountainproject.com/route/120058863/british-airways,2,Trad,5.10a,1,160,35.44962,-82.21513
Struggle Bus,Lower Tier > Eagle Rock > 1. Southern Mountains Region > North Carolina,https://www.mountainproject.com/route/114318987/struggle-bus,2,Sport,5.10c,1,30,35.4736,-82.23673
Unknown (just left of Safari Jive),North Side > Looking Glass Rock > 1. Southern Mountains Region > North Carolina,https://www.mountainproject.com/route/117820563/unknown-just-left-of-safari-jive,2,Trad,5.10a R,1,80,35.30546,-82.79093
Route 2,Route 181 Rock face > Linville Gorge > 2. Northern Mountains Region > North Carolina,https://www.mountainproject.com/route/120201462/route-2,2,"Trad, TR, Boulder",5.10b/c V1-2,1,20,35.9572,-81.85848
Fiddlers on the Roof,North End > Moore's Wall (Routes) > Hanging Rock State Park > 3. Piedmont Region > North Carolina,https://www.mountainproject.com/route/115123091/fiddlers-on-the-roof,2,Trad,5.10,2,12,36.40055,-80.27884
Speed Of Life,Upper Wall > West Walls > Cooks Wall > Hanging Rock State Park > 3. Piedmont Region > North Carolina,https://www.mountainproject.com/route/116109084/speed-of-life,2,Sport,5.10a,1,70,36.38102,-80.29518
Way Rad,Sun Wall > Looking Glass Rock > 1. Southern Mountains Region > North Carolina,https://www.mountainproject.com/route/114070950/way-rad,2,Trad,5.10d,1,NA,35.30308,-82.79529
Changing Corners,Chockstone Chimney Wall > Linville Gorge > 2. Northern Mountains Region > North Carolina,https://www.mountainproject.com/route/111402237/changing-corners,2,Trad,5.10,3,200,35.87845,-81.88819
Joe Dirt,Bradley Falls > 1. Southern Mountains Region > North Carolina,https://www.mountainproject.com/route/110164573/joe-dirt,2,Sport,5.10+,1,80,35.26847,-82.29155
Parachute Woman,South Side > Looking Glass Rock > 1. Southern Mountains Region > North Carolina,https://www.mountainproject.com/route/107319992/parachute-woman,2,Trad,5.10d,2,200,35.30054,-82.79229
Entrance Route,Linville River Crag > Linville Gorge > 2. Northern Mountains Region > North Carolina,https://www.mountainproject.com/route/110572583/entrance-route,2,Trad,5.10,1,40,35.89766,-81.90086
Mixed Fruit,North Carolina Wall > Linville Gorge > 2. Northern Mountains Region > North Carolina,https://www.mountainproject.com/route/112236199/mixed-fruit,2,Trad,5.10,1,80,35.87662,-81.89174
Birdland,Tail of the Cat Area > Rumbling Bald > 1. Southern Mountains Region > North Carolina,https://www.mountainproject.com/route/110268170/birdland,2,Trad,5.10,1,50,35.454,-82.22
The Fledgling,Cedar Rock - North > Cedar Rock > 1. Southern Mountains Region > North Carolina,https://www.mountainproject.com/route/112230312/the-fledgling,2,Trad,5.10a,1,65,35.2599,-82.80602
Diamond Dogs,Flapping.../Nuclear arms area > Rumbling Bald > 1. Southern Mountains Region > North Carolina,https://www.mountainproject.com/route/107458286/diamond-dogs,2,Trad,5.10d,2,200,35.449,-82.2143
Fortress Clingon,10. The Fortress > Main Climbing Areas > Crowders Mountain > 3. Piedmont Region > North Carolina,https://www.mountainproject.com/route/109049645/fortress-clingon,2,"Trad, TR",5.10a,1,NA,35.23491,-81.27402
Jokers to the right,Laurel Knob > 1. Southern Mountains Region > North Carolina,https://www.mountainproject.com/route/106548652/jokers-to-the-right,2,Trad,5.10 PG13,1,90,35.15026,-83.0564
Light Thoughts...,Linville River Crag > Linville Gorge > 2. Northern Mountains Region > North Carolina,https://www.mountainproject.com/route/107636540/light-thoughts,2,Trad,5.10b/c,1,45,35.89766,-81.90086
Rocky's Roof,04. David's Castle Wall > Main Climbing Areas > Crowders Mountain > 3. Piedmont Region > North Carolina,https://www.mountainproject.com/route/107291057/rockys-roof,2,Trad,5.10,1,NA,35.2331,-81.2745
Sooper Slasher,Birdstand Mountain > 1. Southern Mountains Region > North Carolina,https://www.mountainproject.com/route/122408651/sooper-slasher,2,Trad,5.10-,1,90,35.3581,-82.90757
"Little Man, Big Bear",Catwalk > North Face > Whiteside Mountain > 1. Southern Mountains Region > North Carolina,https://www.mountainproject.com/route/118633223/little-man-big-bear,2,Trad,5.10a,1,98,35.08781,-83.13744
Blind Squirrel,Screamweaver Area > Rumbling Bald > 1. Southern Mountains Region > North Carolina,https://www.mountainproject.com/route/121784654/blind-squirrel,2,Trad,5.10-,1,60,35.45073,-82.21796
Fight The Power Drill,Main North Face > North Face > Whiteside Mountain > 1. Southern Mountains Region > North Carolina,https://www.mountainproject.com/route/118805987/fight-the-power-drill,2,Trad,5.10+ R,7,700,35.0798,-83.1432
Yo Mama’s a Rasta,Reggae Wall > Linville Gorge > 2. Northern Mountains Region > North Carolina,https://www.mountainproject.com/route/121275599/yo-mamas-a-rasta,3.5,Trad,5.10,1,60,35.86963,-81.89377
Iron Maiden,Table Rock > Linville Gorge > 2. Northern Mountains Region > North Carolina,https://www.mountainproject.com/route/112112003/iron-maiden,2,Trad,5.10d,1,65,35.88831,-81.88519
Church Lady,Devil's Chimney > Cooks Wall > Hanging Rock State Park > 3. Piedmont Region > North Carolina,https://www.mountainproject.com/route/114046924/church-lady,2,Trad,5.10+ R,1,100,36.37955,-80.289
Oscar Myer,04. Copper Top > Pilot Mountain > 3. Piedmont Region > North Carolina,https://www.mountainproject.com/route/108082280/oscar-myer,2,TR,5.10,1,50,36.34032,-80.4855
Sailing the Seas of Squeeze,Bradley Falls > 1. Southern Mountains Region > North Carolina,https://www.mountainproject.com/route/108770789/sailing-the-seas-of-squeeze,2,"Trad, Sport",5.10,1,100,35.26847,-82.29155
Gaskin/Cobourn,Cedar Rock - North > Cedar Rock > 1. Southern Mountains Region > North Carolina,https://www.mountainproject.com/route/111828099/gaskincobourn,2,Trad,5.10,1,150,35.2599,-82.80602
Red Lantern,The Flackamite/Pirate wall > Sitting Bear > Linville Gorge > 2. Northern Mountains Region > North Carolina,https://www.mountainproject.com/route/112373273/red-lantern,2,Trad,5.10,2,2,35.92762,-81.88982
Flushed Down the Toilet,Big Green > Panthertown Valley > 1. Southern Mountains Region > North Carolina,https://www.mountainproject.com/route/107914031/flushed-down-the-toilet,2,Trad,5.10d PG13,1,200,35.1562,-83.0281
P.F. Flyers,Stone Mountain South Face > Stone Mountain > 3. Piedmont Region > North Carolina,https://www.mountainproject.com/route/111110725/pf-flyers,2,Trad,5.10a PG13,3,400,36.3916,-81.0473
East Face -- right var,The Camel > Linville Gorge > 2. Northern Mountains Region > North Carolina,https://www.mountainproject.com/route/109242813/east-face-right-var,2,Trad,5.10-,1,100,35.87827,-81.89096
Whip-O-Will,Big Green > Panthertown Valley > 1. Southern Mountains Region > North Carolina,https://www.mountainproject.com/route/111308069/whip-o-will,2,Trad,5.10b PG13,2,300,35.1562,-83.0281
Kenosis,Cereal Wall > Rumbling Bald > 1. Southern Mountains Region > North Carolina,https://www.mountainproject.com/route/107006166/kenosis,2,Trad,5.10+,3,250,35.44964,-82.2129
Appalachain Runt,Shortoff Mountain > Linville Gorge > 2. Northern Mountains Region > North Carolina,https://www.mountainproject.com/route/106086939/appalachain-runt,2,Trad,5.10,1,NA,35.83139,-81.90257
Clowns to the Left of me,Laurel Knob > 1. Southern Mountains Region > North Carolina,https://www.mountainproject.com/route/106548649/clowns-to-the-left-of-me,2,Trad,5.10 PG13,1,50,35.15026,-83.0564
Unnamed,Linville River Crag > Linville Gorge > 2. Northern Mountains Region > North Carolina,https://www.mountainproject.com/route/110556991/unnamed,2,Trad,5.10d,1,100,35.89766,-81.90086
Warm Up,East Face/Guides Wall  (Right Side) > Looking Glass Rock > 1. Southern Mountains Region > North Carolina,https://www.mountainproject.com/route/106657465/warm-up,2,Trad,5.10,1,100,35.2948,-82.78819
Keel Hauled,Laurel Knob > 1. Southern Mountains Region > North Carolina,https://www.mountainproject.com/route/106549697/keel-hauled,2,Trad,5.10 PG13,1,200,35.15026,-83.0564
The Trundler,Table Rock > Linville Gorge > 2. Northern Mountains Region > North Carolina,https://www.mountainproject.com/route/106456129/the-trundler,2,Trad,5.10c,1,120,35.88831,-81.88519
Flat Tire,14. Car Wall > Main Climbing Areas > Crowders Mountain > 3. Piedmont Region > North Carolina,https://www.mountainproject.com/route/107291033/flat-tire,2,"Trad, TR",5.10,1,NA,35.23569,-81.2737
Sarah Caroline,"The Main Wall > The Dark Side (Closed to climbing, included for historic reference) > 1. Southern Mountains Region > North Carolina",https://www.mountainproject.com/route/106037000/sarah-caroline,2,Trad,5.10,1,150,35.6037,-79.2773
Pinch Hitter,Hanging Chain (Left Field) > Rumbling Bald > 1. Southern Mountains Region > North Carolina,https://www.mountainproject.com/route/106333815/pinch-hitter,2,Trad,5.10a/b R,1,100,35.45457,-82.2258
Unnamed variation,Hidden Wall > Looking Glass Rock > 1. Southern Mountains Region > North Carolina,https://www.mountainproject.com/route/106654950/unnamed-variation,2,Trad,5.10+,1,90,35.2948,-82.78819
Wee Man,"The Main Wall > The Dark Side (Closed to climbing, included for historic reference) > 1. Southern Mountains Region > North Carolina",https://www.mountainproject.com/route/106036349/wee-man,2,Trad,5.10,1,75,35.6037,-79.2773
Samael,Black Bear Buttress > Eagle Rock > 1. Southern Mountains Region > North Carolina,https://www.mountainproject.com/route/106039800/samael,2,Trad,5.10,1,75,35.6037,-79.2773
Miss Emmylou,"The Cougar Crag > The Dark Side (Closed to climbing, included for historic reference) > 1. Southern Mountains Region > North Carolina",https://www.mountainproject.com/route/106036437/miss-emmylou,2,Trad,5.10,3,200,35.46033,-82.21642
Misquoted,Black Bear Buttress > Eagle Rock > 1. Southern Mountains Region > North Carolina,https://www.mountainproject.com/route/106039810/misquoted,2,Trad,5.10,1,75,35.6037,-79.2773
Rocking Chair,Rocking Chair Wall > Upper Boulders Area (roped climbs) > Buffalo Creek Park > 1. Southern Mountains Region > North Carolina,https://www.mountainproject.com/route/123538542/rocking-chair,2,Sport,5.10a,1,80,35.49073,-82.19173
Wavy Gravy,First Wall > Upper Boulders Area (roped climbs) > Buffalo Creek Park > 1. Southern Mountains Region > North Carolina,https://www.mountainproject.com/route/123538483/wavy-gravy,2.5,Trad,5.10+,1,45,35.49052,-82.19113
Spangled Fritillary,Upper Tier > Eagle Rock > 1. Southern Mountains Region > North Carolina,https://www.mountainproject.com/route/114437888/spangled-fritillary,2,Trad,5.10a/b,1,50,35.60369,-79.27729
Goodness Gracious,11.  Fear of Flying > Pilot Mountain > 3. Piedmont Region > North Carolina,https://www.mountainproject.com/route/122353910/goodness-gracious,1.8,Sport,5.10a,1,40,36.33998,-80.48211
What’s Your Name?,Paul's Boutique > Rumbling Bald > 1. Southern Mountains Region > North Carolina,https://www.mountainproject.com/route/118576847/whats-your-name,2,Trad,5.10a,1,40,35.45054,-82.21654
Unknown (aka Stephen David's Underpants),Lakeview Area > Rumbling Bald > 1. Southern Mountains Region > North Carolina,https://www.mountainproject.com/route/120340955/unknown-aka-stephen-davids-underpants,3,Sport,5.10d PG13,1,150,35.449,-82.2143
Shits and Grins,Behind Test Pilots Buttress > Rumbling Bald > 1. Southern Mountains Region > North Carolina,https://www.mountainproject.com/route/123912926/shits-and-grins,2,Trad,5.10a,1,60,35.45008,-82.21534
Permission Granite,Stone Mountain South Face > Stone Mountain > 3. Piedmont Region > North Carolina,https://www.mountainproject.com/route/124519265/permission-granite,3,Trad,5.10a,4,350,36.3916,-81.0473
Unsinkable,Upper Tier > Ship Rock > 2. Northern Mountains Region > North Carolina,https://www.mountainproject.com/route/124982730/unsinkable,2,Trad,5.10a,1,NA,36.09856,-81.80133
Keeping Up With the Joneses,Sunken Treasure > 2. Northern Mountains Region > North Carolina,https://www.mountainproject.com/route/125422287/keeping-up-with-the-joneses,2,Trad,5.10a,1,30,36.09553,-81.80047
White Horse,Main Wall > Little Bearwallow Falls > 1. Southern Mountains Region > North Carolina,https://www.mountainproject.com/route/125423009/white-horse,2.3,Sport,5.10a,2,190,35.46771,-82.3394
John Myers Memorial Route,Main Wall > Little Bearwallow Falls > 1. Southern Mountains Region > North Carolina,https://www.mountainproject.com/route/125423074/john-myers-memorial-route,3,Sport,5.10a,1,95,35.46771,-82.3394
Sloped Ice,Section 4b > Rocky Face Recreational Area > 3. Piedmont Region > North Carolina,https://www.mountainproject.com/route/125615199/sloped-ice,2,"Sport, TR",5.10a,1,20,35.96351,-81.11935
[Name Unknown],Screamweaver Area > Rumbling Bald > 1. Southern Mountains Region > North Carolina,https://www.mountainproject.com/route/125942897/name-unknown,2,Trad,5.10a,1,50,35.45073,-82.21796
Prime Rib,Tier 1 > Whitewater Buttress > Nolichucky Gorge > 2. Northern Mountains Region > North Carolina,https://www.mountainproject.com/route/125962165/prime-rib,3,Trad,5.10a,1,70,36.07719,-82.37229
Nature Bats Last,Big Green > Panthertown Valley > 1. Southern Mountains Region > North Carolina,https://www.mountainproject.com/route/126374970/nature-bats-last,2,Trad,5.10a R,3,300,35.1562,-83.0281
Dyna Comp,Big Green > Panthertown Valley > 1. Southern Mountains Region > North Carolina,https://www.mountainproject.com/route/127282453/dyna-comp,3,Trad,5.10a,2,350,35.1562,-83.0281
Sex Magik,Woody Wall > Panthertown Valley > 1. Southern Mountains Region > North Carolina,https://www.mountainproject.com/route/200698455/sex-magik,3,Trad,5.10a,1,100,35.16807,-83.0312
The Streak,Overlook > Panthertown Valley > 1. Southern Mountains Region > North Carolina,https://www.mountainproject.com/route/200706127/the-streak,4,Trad,5.10a,1,150,35.17048,-83.02412
Stronger Germs,06. Three Bears > Pilot Mountain > 3. Piedmont Region > North Carolina,https://www.mountainproject.com/route/200836346/stronger-germs,2,TR,5.10a,1,50,36.34011,-80.48519
Magic Soul,Creepy Corridor > The Mojo Dojo > Cooks Wall > Hanging Rock State Park > 3. Piedmont Region > North Carolina,https://www.mountainproject.com/route/201009366/magic-soul,4,Trad,5.10a,1,110,36.37947,-80.29041
Protectorate,Main Tier > Ship Rock > 2. Northern Mountains Region > North Carolina,https://www.mountainproject.com/route/124641268/protectorate,2.5,Trad,5.10- R,1,NA,36.099,-81.7815
Ladies in Waiting,Middle Hawksbill > Hawksbill Mtn > Linville Gorge > 2. Northern Mountains Region > North Carolina,https://www.mountainproject.com/route/124799344/ladies-in-waiting,2.7,Trad,5.10-,1,95,35.91263,-81.88769
Long Dog,South Side > Looking Glass Rock > 1. Southern Mountains Region > North Carolina,https://www.mountainproject.com/route/125172377/long-dog,4,Trad,5.10-,5,700,35.30054,-82.79229
Pan,Razors Edge Canyon > Gold Coast Cliffs > Linville Gorge > 2. Northern Mountains Region > North Carolina,https://www.mountainproject.com/route/126382320/pan,3.5,Trad,5.10-,7,500,35.87312,-81.90373
Spitshine,Starshine Area > North Face > Whiteside Mountain > 1. Southern Mountains Region > North Carolina,https://www.mountainproject.com/route/126736704/spitshine,3,Trad,5.10-,1,100,35.08798,-83.13864
Earthshine,Starshine Area > North Face > Whiteside Mountain > 1. Southern Mountains Region > North Carolina,https://www.mountainproject.com/route/126736762/earthshine,3,Trad,5.10-,2,NA,35.08798,-83.13864
Sloppy Steaks At Truffoni's,Big Green > Panthertown Valley > 1. Southern Mountains Region > North Carolina,https://www.mountainproject.com/route/126070613/sloppy-steaks-at-truffonis,2,Trad,5.10-,2,200,35.1562,-83.0281
Forbidden Fruit,Overlook area > Wiseman's View > Linville Gorge > 2. Northern Mountains Region > North Carolina,https://www.mountainproject.com/route/200441902/forbidden-fruit,2.5,Trad,5.10-,1,45,35.90437,-81.90523
Broken Compass,Stone Depot > 1. Southern Mountains Region > North Carolina,https://www.mountainproject.com/route/126073796/broken-compass,3.3,Trad,5.10a/b R,3,380,35.2591,-82.8004
Disgust,Big Green > Panthertown Valley > 1. Southern Mountains Region > North Carolina,https://www.mountainproject.com/route/127284731/disgust,3,Trad,5.10a/b PG13,1,115,35.1562,-83.0281
J.M. Squared,Main Wall > Little Bearwallow Falls > 1. Southern Mountains Region > North Carolina,https://www.mountainproject.com/route/125423035/jm-squared,3,Sport,5.10b,1,100,35.46771,-82.3394
Bigeminy,Big Green > Panthertown Valley > 1. Southern Mountains Region > North Carolina,https://www.mountainproject.com/route/127253875/bigeminy,3,Trad,5.10b,3,350,35.1562,-83.0281
left sport route,"""Greenbriar Gully"" > The Cookbook Area > Cooks Wall > Hanging Rock State Park > 3. Piedmont Region > North Carolina",https://www.mountainproject.com/route/200366975/left-sport-route,3,Sport,5.10b,1,36,36.3787,-80.28595
Love Addiction,Woody Wall > Panthertown Valley > 1. Southern Mountains Region > North Carolina,https://www.mountainproject.com/route/200698386/love-addiction,2.5,Trad,5.10b,1,165,35.16807,-83.0312
Boyfriend Route,Overlook > Panthertown Valley > 1. Southern Mountains Region > North Carolina,https://www.mountainproject.com/route/200706032/boyfriend-route,3,Trad,5.10b,1,150,35.17048,-83.02412
Peace crack,Granite City > 1. Southern Mountains Region > North Carolina,https://www.mountainproject.com/route/201503586/peace-crack,3,TR,5.10b R,1,22,35.04541,-83.13769
Amtrak,Stone Mountain South Face > Stone Mountain > 3. Piedmont Region > North Carolina,https://www.mountainproject.com/route/124641932/amtrak,2,Trad,5.10 X,1,145,36.3916,-81.0473
Bluejay Corner,south wall > Bluejay Canyon > Gold Coast Cliffs > Linville Gorge > 2. Northern Mountains Region > North Carolina,https://www.mountainproject.com/route/124699164/bluejay-corner,2,Trad,5.10,1,NA,35.88116,-81.90287
Unnamed,Zen Canyon > Gold Coast Cliffs > Linville Gorge > 2. Northern Mountains Region > North Carolina,https://www.mountainproject.com/route/124699292/unnamed,2,Trad,5.10,1,NA,35.87389,-81.90412
Galax rack,Zen Canyon > Gold Coast Cliffs > Linville Gorge > 2. Northern Mountains Region > North Carolina,https://www.mountainproject.com/route/124699306/galax-rack,2,Trad,5.10,1,NA,35.87389,-81.90412
Unnamed,Zen Canyon > Gold Coast Cliffs > Linville Gorge > 2. Northern Mountains Region > North Carolina,https://www.mountainproject.com/route/124699410/unnamed,3,Trad,5.10,1,NA,35.87389,-81.90412
Tree Route,Razors Edge Canyon > Gold Coast Cliffs > Linville Gorge > 2. Northern Mountains Region > North Carolina,https://www.mountainproject.com/route/124699444/tree-route,2,"Trad, Aid",5.10 A0,2,NA,35.87312,-81.90373
Razor's View,Razors Edge Canyon > Gold Coast Cliffs > Linville Gorge > 2. Northern Mountains Region > North Carolina,https://www.mountainproject.com/route/124699500/razors-view,2,Trad,5.10,2,NA,35.87312,-81.90373
Mistress for Christmas,Razors Edge Canyon > Gold Coast Cliffs > Linville Gorge > 2. Northern Mountains Region > North Carolina,https://www.mountainproject.com/route/124699513/mistress-for-christmas,2,Trad,5.10,1,NA,35.87312,-81.90373
Teetotaler,Moonshine Canyon > Gold Coast Cliffs > Linville Gorge > 2. Northern Mountains Region > North Carolina,https://www.mountainproject.com/route/124699534/teetotaler,3,Trad,5.10,1,NA,35.87043,-81.90403
Pisgah Punisher,Southern Mountains Linkups > 1. Southern Mountains Region > North Carolina,https://www.mountainproject.com/route/124974772/pisgah-punisher,4,Trad,5.10,16,1950,35.3383,-82.60747
The Daggerboard,Better Late Than Never Wall > Ship Rock > 2. Northern Mountains Region > North Carolina,https://www.mountainproject.com/route/125162099/the-daggerboard,2,Trad,5.10,2,70,36.099,-81.7815
Scratch,01. Pool Hall > Pilot Mountain > 3. Piedmont Region > North Carolina,https://www.mountainproject.com/route/126248175/scratch,2,TR,5.10,1,40,36.34154,-80.48719
Brown Sugar,Stone Mountain South Face > Stone Mountain > 3. Piedmont Region > North Carolina,https://www.mountainproject.com/route/126898892/brown-sugar,2,Trad,5.10 PG13,3,450,36.3916,-81.0473
Mama's Goin' Crazy,Stone Mountain South Face > Stone Mountain > 3. Piedmont Region > North Carolina,https://www.mountainproject.com/route/126898940/mamas-goin-crazy,2,Trad,5.10 X,3,450,36.3916,-81.0473
Fishing For Fishies,Big Green > Panthertown Valley > 1. Southern Mountains Region > North Carolina,https://www.mountainproject.com/route/127146026/fishing-for-fishies,2,Trad,5.10,1,85,35.1562,-83.0281
sport route 1,House Rock > Cooks Wall > Hanging Rock State Park > 3. Piedmont Region > North Carolina,https://www.mountainproject.com/route/123649846/sport-route-1,2.5,Sport,5.10,1,35,36.37908,-80.28166
name unknown,Tarzan Boulder > Lion’s Den Area > The Cookbook Area > Cooks Wall > Hanging Rock State Park > 3. Piedmont Region > North Carolina,https://www.mountainproject.com/route/200367051/name-unknown,2,Sport,5.10,1,33,36.37848,-80.28474
Banjo Sweat Shop,Woody Wall > Panthertown Valley > 1. Southern Mountains Region > North Carolina,https://www.mountainproject.com/route/200820413/banjo-sweat-shop,3,Trad,5.10,1,115,35.16807,-83.0312
The Constant Gardner,Middle Hawksbill > Hawksbill Mtn > Linville Gorge > 2. Northern Mountains Region > North Carolina,https://www.mountainproject.com/route/201126564/the-constant-gardner,3.7,Trad,5.10,1,75,35.91263,-81.88769
John's Dirty Secret,John Rock > 1. Southern Mountains Region > North Carolina,https://www.mountainproject.com/route/201399080/johns-dirty-secret,3,Trad,5.10,2,250,35.27825,-82.79183
Bursty One (J. Gerst solo route),West Cliff - Main > Melrose Mtn. Climbing Park > 1. Southern Mountains Region > North Carolina,https://www.mountainproject.com/route/124064588/bursty-one-j-gerst-solo-route,3,"Trad, Aid",5.10c C1,1,45,35.20194,-82.28068
Give It Away,Woody Wall > Panthertown Valley > 1. Southern Mountains Region > North Carolina,https://www.mountainproject.com/route/200698708/give-it-away,3,Trad,5.10c,1,100,35.16807,-83.0312
Freddy Krueger,Creepy Corridor > The Mojo Dojo > Cooks Wall > Hanging Rock State Park > 3. Piedmont Region > North Carolina,https://www.mountainproject.com/route/201008228/freddy-krueger,2,Trad,5.10c,1,100,36.37947,-80.29041
Agent Krasnov,Starshine Area > North Face > Whiteside Mountain > 1. Southern Mountains Region > North Carolina,https://www.mountainproject.com/route/201366150/agent-krasnov,2.5,Trad,5.10c,1,95,35.08798,-83.13864
Dogz and drillz,Hanging Chain > Rumbling Bald > 1. Southern Mountains Region > North Carolina,https://www.mountainproject.com/route/123572114/dogz-and-drillz,2.5,Trad,5.10+,1,95,35.4555,-82.22473
Third World,Reggae Wall > Linville Gorge > 2. Northern Mountains Region > North Carolina,https://www.mountainproject.com/route/124878677/third-world,3,Trad,5.10+,1,65,35.86963,-81.89377
Underdog's Dog,Underlook > Panthertown Valley > 1. Southern Mountains Region > North Carolina,https://www.mountainproject.com/route/127245152/underdogs-dog,2,Trad,5.10+ PG13,1,150,35.16955,-83.02227
Dedication,The Lion's Den > Lion’s Den Area > The Cookbook Area > Cooks Wall > Hanging Rock State Park > 3. Piedmont Region > North Carolina,https://www.mountainproject.com/route/126327219/dedication,2,Trad,5.10+,1,95,36.37846,-80.28501
name unknown,Carnivore Club Area > Lion’s Den Area > The Cookbook Area > Cooks Wall > Hanging Rock State Park > 3. Piedmont Region > North Carolina,https://www.mountainproject.com/route/200367264/name-unknown,3,Trad,5.10+,1,30,36.37882,-80.2851
name unknown,Carnivore Club Area > Lion’s Den Area > The Cookbook Area > Cooks Wall > Hanging Rock State Park > 3. Piedmont Region > North Carolina,https://www.mountainproject.com/route/200367270/name-unknown,2.7,Trad,5.10+,1,33,36.37882,-80.2851
Arcanum Direct,Table Rock > Linville Gorge > 2. Northern Mountains Region > North Carolina,https://www.mountainproject.com/route/201484821/arcanum-direct,3,Trad,5.10+,1,70,35.88831,-81.88519
Voodoo Chile,Hanging Garden > Moore's Wall (Routes) > Hanging Rock State Park > 3. Piedmont Region > North Carolina,https://www.mountainproject.com/route/201940428/voodoo-chile,3,Trad,5.10+ PG13,1,65,36.39624,-80.28668
Angels and Alcohol,The Cave > Rumbling Bald > 1. Southern Mountains Region > North Carolina,https://www.mountainproject.com/route/202067269/angels-and-alcohol,2,Trad,5.10+,1,60,35.449,-82.2143
Golden goose,Herrin Knob > 1. Southern Mountains Region > North Carolina,https://www.mountainproject.com/route/202284829/golden-goose,2,Sport,5.10+,1,90,35.33813,-82.60733
Decisions,Zen Canyon > Gold Coast Cliffs > Linville Gorge > 2. Northern Mountains Region > North Carolina,https://www.mountainproject.com/route/124699382/decisions,2,Trad,5.10c/d,1,NA,35.87389,-81.90412
Stegg Co.,Big Green > Panthertown Valley > 1. Southern Mountains Region > North Carolina,https://www.mountainproject.com/route/124604796/stegg-co,3,Sport,5.10c/d,1,115,35.1562,-83.0281
P-Funk,The Dump aka Warpin and Dorphin (Routes) > The Dump > 2. Northern Mountains Region > North Carolina,https://www.mountainproject.com/route/123699627/p-funk,2,Trad,5.10d,1,NA,36.09709,-81.7719
Toxic Wasteland,Sun Wall > Looking Glass Rock > 1. Southern Mountains Region > North Carolina,https://www.mountainproject.com/route/125722333/toxic-wasteland,2.8,Trad,5.10d R,6,600,35.30308,-82.79529
Hindu Kush Direct,Main Tier > Ship Rock > 2. Northern Mountains Region > North Carolina,https://www.mountainproject.com/route/126091968/hindu-kush-direct,3,Trad,5.10d R,1,60,36.099,-81.7815
Rain Dance,Stone Mountain North Face > Stone Mountain > 3. Piedmont Region > North Carolina,https://www.mountainproject.com/route/126625361/rain-dance,2,Trad,5.10d PG13,2,100,36.3953,-81.0453
Jiffy Pop Queen,Big Green > Panthertown Valley > 1. Southern Mountains Region > North Carolina,https://www.mountainproject.com/route/126472538/jiffy-pop-queen,3,Trad,5.10d,2,300,35.1562,-83.0281
Trail of Smears,Woody Wall > Panthertown Valley > 1. Southern Mountains Region > North Carolina,https://www.mountainproject.com/route/200698328/trail-of-smears,3,Trad,5.10d,1,175,35.16807,-83.0312
Safe Sex,Woody Wall > Panthertown Valley > 1. Southern Mountains Region > North Carolina,https://www.mountainproject.com/route/200698553/safe-sex,3,Trad,5.10d,1,100,35.16807,-83.0312
Anomie Theory,Last Wall > Moore's Wall (Routes) > Hanging Rock State Park > 3. Piedmont Region > North Carolina,https://www.mountainproject.com/route/201456311/anomie-theory,4,Trad,5.10d,1,80,36.39894,-80.27683
