state,crag,region_1,region_2,example_location,x,y,n,n_boulder,n_routes,mean_rating,median_rating
Florida,Florida > *Artificial Boulders > 00,*Artificial Boulders,Broken Glass Bridge,-,-84.289254,30.419912,5,5,0,2.7,3
Florida,Florida > *Artificial Boulders > 01,*Artificial Boulders,Hollywood Holds,-,-80.11533,26.02192,1,1,0,2,2
Florida,Florida > *Artificial Boulders > 02,*Artificial Boulders,Lexington Crossing,-,-82.36415,29.6166,1,1,0,2.6,2.6
Florida,Florida > *Artificial Boulders > 03,*Artificial Boulders,Pcola,-,-87.23842,30.46787,1,1,0,3.5,3.5
Florida,Florida > *Artificial Boulders > 04,*Artificial Boulders,University of South Florida,-,-82.41421,28.06118,1,1,0,4,4
Illinois,Illinois > *Holy Boulders and Surrounding > 00,*Holy Boulders and Surrounding,Hagler Road,A. Hagler Roof,-89.40946472222222,37.617625277777776,108,108,0,2.714814814814815,2.6
Illinois,Illinois > *Jackson Falls > 00,*Jackson Falls,A. North Canyon,C. Beaver Wall Right,-88.68646653846153,37.50453923076923,26,4,22,2.5653846153846156,2.55
New Hampshire,New Hampshire > *Pawtuckaway > 00,*Pawtuckaway,Area 51,Bermuda Triangle Boulder,-71.17519291666666,43.1145759375,96,95,1,2.4229166666666666,2.3
New Hampshire,New Hampshire > *Rumney > 00,*Rumney,*Rumney Bouldering,Black Jack Boulders,-71.8399743678161,43.80464689655172,87,39,48,2.4091954022988507,2.3
New Hampshire,New Hampshire > *Whitehorse Ledge > 00,*Whitehorse Ledge,08) The Last Wave Slab,-,-71.16745333333334,44.05574333333333,3,2,1,2.1333333333333333,2
Maine,Maine > -Acadia National Park > 00,-Acadia National Park,-MDI Bouldering,Beech Cliff Bouldering,-68.24779411764706,44.31944411764706,17,17,0,2.6294117647058823,2.6
Maine,Maine > -Camden Hills > 00,-Camden Hills,02. The Verticals,-,-69.07373066666666,44.236644,15,11,4,2.493333333333333,2.3
Maine,Maine > -Clifton Crags > 00,-Clifton Crags,Big Chick Hill,Left End and Left Face,-68.48694952380953,44.81206619047619,21,4,17,2.6285714285714286,2.7
Maine,Maine > -Shagg Crag > 00,-Shagg Crag,-,-,-70.52741,44.43274,4,0,4,2.075,2.1
Vermont,Vermont > 1. Northern Vermont > 00,1. Northern Vermont,114 Boulders,The Capybara Boulder,-71.94860249999999,44.7917575,4,3,1,3,3
Vermont,Vermont > 1. Northern Vermont > 01,1. Northern Vermont,Bolton Area,82 Crag,-72.88331131147541,44.389629180327866,61,46,15,2.4688524590163934,2.4
Vermont,Vermont > 1. Northern Vermont > 02,1. Northern Vermont,Butchers Crag,Butchers Crag East,-72.7289,44.64681,2,1,1,2.4,2.4
Vermont,Vermont > 1. Northern Vermont > 03,1. Northern Vermont,Eagle Point Quarry,Sôskadabi Ledge,-72.20906,45.00489,1,1,0,3,3
Vermont,Vermont > 1. Northern Vermont > 04,1. Northern Vermont,Ethan Allen Park,Hillside Boulders,-73.24058,44.506510000000006,2,2,0,2.15,2.15
Vermont,Vermont > 1. Northern Vermont > 05,1. Northern Vermont,Groton,Kettle Pond Boulders,-72.306375,44.295075,10,10,0,2.85,2.65
Vermont,Vermont > 1. Northern Vermont > 06,1. Northern Vermont,Lone Rock Point,Lone Rock Bouldering,-73.24914,44.48805,2,2,0,3,3
Vermont,Vermont > 1. Northern Vermont > 07,1. Northern Vermont,Marshfield Ledge,Dragonfly Theater,-72.31234666666667,44.327639999999995,6,0,6,2.5666666666666664,2.6
Vermont,Vermont > 1. Northern Vermont > 08,1. Northern Vermont,Mount Hor,Red Light District,-72.02942714285714,44.71680857142857,7,7,0,2.9285714285714284,3
Vermont,Vermont > 1. Northern Vermont > 09,1. Northern Vermont,Prospect Rock,Main Cliff,-72.72316,44.65477,1,0,1,2,2
Vermont,Vermont > 1. Northern Vermont > 10,1. Northern Vermont,Sentinel Rock,-,-72.02851,44.79098,2,2,0,2,2
Vermont,Vermont > 1. Northern Vermont > 11,1. Northern Vermont,Smugglers' Notch,Bat Cave Buttress,-72.79248235294118,44.55324980392157,51,49,2,2.4823529411764707,2.2
Vermont,Vermont > 1. Northern Vermont > 12,1. Northern Vermont,Vermont's Lonely Rocks - Northern,Tree Farm Boulder,-73.11476,44.50913,2,2,0,2.5,2.5
Vermont,Vermont > 1. Northern Vermont > 13,1. Northern Vermont,Wheeler Mountain,e. The Great Corner,-72.09117,44.7326,1,0,1,2,2
Vermont,Vermont > 1. Northern Vermont > 14,1. Northern Vermont,Winooski Cut/Quarry,Winooski Cut,-73.163965,44.489915,2,0,2,2.2,2.2
Vermont,Vermont > 1. Northern Vermont > 15,1. Northern Vermont,Wounded Grouse Ledge,-,-72.02023,44.76515,1,1,0,3,3
North Carolina,North Carolina > 1. Southern Mountains Region > 00,1. Southern Mountains Region,107 Boulders,Front Door Boulder,-83.13872,35.195645,6,6,0,2.0833333333333335,2
North Carolina,North Carolina > 1. Southern Mountains Region > 01,1. Southern Mountains Region,Bradley Falls,-,-82.29155,35.26847,2,0,2,1.95,1.95
North Carolina,North Carolina > 1. Southern Mountains Region > 02,1. Southern Mountains Region,Buffalo Creek Park,Tatanka Boulder,-82.19065666666667,35.48609833333333,6,3,3,2.6,2.5
North Carolina,North Carolina > 1. Southern Mountains Region > 03,1. Southern Mountains Region,Cedar Rock,Cedar Rock - Main Wall,-82.80667,35.25532,1,0,1,2.4,2.4
North Carolina,North Carolina > 1. Southern Mountains Region > 04,1. Southern Mountains Region,Eagle Rock,Lower Tier,-82.236915,35.47396,2,1,1,3,3
North Carolina,North Carolina > 1. Southern Mountains Region > 05,1. Southern Mountains Region,Eagle Rock,Upper Tier,-79.27729,35.60369,2,2,0,3,3
North Carolina,North Carolina > 1. Southern Mountains Region > 06,1. Southern Mountains Region,Eagle Rock,Weed Patch Mountain Trail Boulders,-82.23175,35.47678,1,1,0,4,4
North Carolina,North Carolina > 1. Southern Mountains Region > 07,1. Southern Mountains Region,Horseshoe Rock,Camptown Races,-82.96245,35.24224,1,0,1,2,2
North Carolina,North Carolina > 1. Southern Mountains Region > 08,1. Southern Mountains Region,Little Bearwallow Falls,Main Wall,-82.3394,35.46771,1,0,1,3.8,3.8
North Carolina,North Carolina > 1. Southern Mountains Region > 09,1. Southern Mountains Region,Looking Glass Rock,Looking Glass Boulders,-82.79484500000001,35.3049625,4,4,0,2.7,2.4
North Carolina,North Carolina > 1. Southern Mountains Region > 10,1. Southern Mountains Region,Melrose Mtn. Climbing Park,Central Boulder Field,-82.28009714285714,35.201904285714285,7,1,6,2.2857142857142856,2
North Carolina,North Carolina > 1. Southern Mountains Region > 11,1. Southern Mountains Region,Panthertown Valley,Big Green,-83.0281,35.1562,1,0,1,2,2
North Carolina,North Carolina > 1. Southern Mountains Region > 12,1. Southern Mountains Region,Rumbling Bald,Cereal Wall,-82.21545904761905,35.449514761904766,21,18,3,2.557142857142857,2.5
North Carolina,North Carolina > 1. Southern Mountains Region > 13,1. Southern Mountains Region,Rumbling Bald,Rumbling Bald Bouldering,-82.04893,35.14451,1,1,0,2.7,2.7
North Carolina,North Carolina > 1. Southern Mountains Region > 14,1. Southern Mountains Region,Rumbling Bald,Rumbling Bald Bouldering,-82.20967461538461,35.43570692307692,13,12,1,2.6384615384615384,2.7
North Carolina,North Carolina > 1. Southern Mountains Region > 15,1. Southern Mountains Region,Stony Bald,First Boulders,-82.7291,35.4353,5,5,0,2.62,2.7
North Carolina,North Carolina > 1. Southern Mountains Region > 16,1. Southern Mountains Region,Sugar Creek Gap,-,-83.00681,35.29306,1,1,0,3,3
Colorado,Colorado > 10 Mile Canyon > 00,10 Mile Canyon,Halfway Rock,-,-106.12831285714286,39.554265,14,0,14,2.4785714285714286,2.4
Vermont,Vermont > 2. Central Vermont > 00,2. Central Vermont,Abbey Pond Bouldering,Talus Field Boulders,-73.08568666666667,44.03332,3,3,0,2.6,2.6
Vermont,Vermont > 2. Central Vermont > 01,2. Central Vermont,Chaffee Falls,Hidden Valley Boulder,-72.83123115384615,43.69464423076923,26,26,0,2.2423076923076923,2
Vermont,Vermont > 2. Central Vermont > 02,2. Central Vermont,Eagle Hollow,Eagle Ledge,-72.298075,43.978745,6,0,6,2.716666666666667,2.7
Vermont,Vermont > 2. Central Vermont > 03,2. Central Vermont,Gap Boulders,Moose on the Loose,-72.78624,44.1099,2,2,0,4,4
Vermont,Vermont > 2. Central Vermont > 04,2. Central Vermont,Lake Dunmore/Falls of Lana,Powerline Boulders,-73.02470285714286,43.957054285714285,7,7,0,3,3
Vermont,Vermont > 2. Central Vermont > 05,2. Central Vermont,Riverside Walls,Riverside Bouldering,-72.53887,43.82703,1,1,0,4,4
Vermont,Vermont > 2. Central Vermont > 06,2. Central Vermont,Sunny Valley,Bits and Pieces,-72.81763,43.70639,8,8,0,2.5,2.5
Vermont,Vermont > 2. Central Vermont > 07,2. Central Vermont,Vermont's Lonely Rocks - Central,Bartlett Falls,-73.04804399999999,44.127798,5,5,0,2.4,2
Vermont,Vermont > 2. Central Vermont > 08,2. Central Vermont,Vermont's Lonely Rocks - Central,Old Rt 12 River Boulders,-72.65216,43.7983,3,3,0,2.6666666666666665,3
North Carolina,North Carolina > 2. Northern Mountains Region > 00,2. Northern Mountains Region,Blowing Rock Boulders,Classic Boulder,-81.74990333333334,36.097076666666666,3,3,0,3.2666666666666666,3.5
North Carolina,North Carolina > 2. Northern Mountains Region > 01,2. Northern Mountains Region,Boone Greenway Trail Boulders,Greenway Block,-81.64718500000001,36.213,2,2,0,3.25,3.25
North Carolina,North Carolina > 2. Northern Mountains Region > 02,2. Northern Mountains Region,Greybeard Boulders,Rocky Head,-82.29428,35.654455,2,2,0,2,2
North Carolina,North Carolina > 2. Northern Mountains Region > 03,2. Northern Mountains Region,Hound Ears,-,-79.2773,35.6037,4,4,0,2.5,2.5
North Carolina,North Carolina > 2. Northern Mountains Region > 04,2. Northern Mountains Region,Linville Gorge,Gold Coast Cliffs,-81.88755363636363,35.897409090909086,11,9,2,2.6454545454545455,2.7
North Carolina,North Carolina > 2. Northern Mountains Region > 05,2. Northern Mountains Region,Little Wilson,-,-81.79303,36.0885,1,0,1,2.6,2.6
North Carolina,North Carolina > 2. Northern Mountains Region > 06,2. Northern Mountains Region,McKinney Gap Boulders,Baskin Shark Boulder,-82.46776,35.9597,1,1,0,2,2
North Carolina,North Carolina > 2. Northern Mountains Region > 07,2. Northern Mountains Region,Rocky Knob Park,Boat Rock Wall,-81.641465,36.1672625,4,4,0,2.575,2.65
North Carolina,North Carolina > 2. Northern Mountains Region > 08,2. Northern Mountains Region,Wall-K in the Park,-,-81.5244,35.90169,2,2,0,2,2
North Carolina,North Carolina > 2. Northern Mountains Region > 09,2. Northern Mountains Region,Weaver Knob Boulders,Mini Fin 2,-82.4707,35.96553,1,1,0,3,3
North Carolina,North Carolina > 2. Northern Mountains Region > 10,2. Northern Mountains Region,Wolf Branch/Rich Knob,Bob Fudge Boulder,-82.44686,35.669399999999996,2,2,0,3.5,3.5
North Carolina,North Carolina > 3. Piedmont Region > 00,3. Piedmont Region,Bold Moon preserve boulder,-,-79.65761,36.17114,2,2,0,3.35,3.35
North Carolina,North Carolina > 3. Piedmont Region > 01,3. Piedmont Region,Crowders Mountain,Dixon School Boulders,-81.35789107142857,35.177416071428574,28,27,1,2.460714285714286,2.45
North Carolina,North Carolina > 3. Piedmont Region > 02,3. Piedmont Region,Hanging Rock State Park,Cooks Wall,-80.28821394736842,36.39551842105263,38,34,4,2.721052631578947,2.6
North Carolina,North Carolina > 3. Piedmont Region > 03,3. Piedmont Region,Latta Nature Preserve,Wash Rock,-80.92179166666666,35.355533333333334,6,6,0,2.6833333333333336,2.95
North Carolina,North Carolina > 3. Piedmont Region > 04,3. Piedmont Region,Pilot Mountain,00. Pilot Mountain Boulders,-80.48050583333334,36.343495833333336,12,5,7,2.275,2.1500000000000004
North Carolina,North Carolina > 3. Piedmont Region > 05,3. Piedmont Region,Rocky Face Recreational Area,Section 1,-81.119881875,35.963595,16,0,16,2.3625,2.3499999999999996
North Carolina,North Carolina > 3. Piedmont Region > 06,3. Piedmont Region,Stone Mountain,Stone Mountain North Face,-81.04690000000001,36.39234,5,0,5,3.2,3.2
North Carolina,North Carolina > 3. Piedmont Region > 07,3. Piedmont Region,Stony Mountain Vineyards,Datsun Boulder,-80.0977,35.32883,1,1,0,3,3
North Carolina,North Carolina > 3. Piedmont Region > 08,3. Piedmont Region,University of North Carolina at Charlotte,-,-80.74231,35.30776,3,3,0,2.3333333333333335,2
North Carolina,North Carolina > 3. Piedmont Region > 09,3. Piedmont Region,Uwharrie National Forest,-,-79.67872,35.4861,1,1,0,2,2
Vermont,Vermont > 3. Southern Vermont > 00,3. Southern Vermont,Bromley Forest,Eastern Frontier,-72.97498576923077,43.207176153846156,26,26,0,2.4692307692307693,2.25
Vermont,Vermont > 3. Southern Vermont > 01,3. Southern Vermont,Jamaica,Jamaica Boulders,-72.734475,43.076785,4,4,0,3.15,3
North Carolina,North Carolina > 4. Eastern Region > 00,4. Eastern Region,Battle Park Boulders,-,-77.80224,35.96181,2,2,0,2,2
North Carolina,North Carolina > 4. Eastern Region > 01,4. Eastern Region,Big Godson,-,-79.3318,35.95559,1,1,0,2,2
North Carolina,North Carolina > 4. Eastern Region > 02,4. Eastern Region,Carrboro/University Lake boulders,Jolly Green Boulder,-79.058336,35.972972,5,5,0,2.4,2
North Carolina,North Carolina > 4. Eastern Region > 03,4. Eastern Region,Haw River Boulders,-,-79.10378,35.72747,2,2,0,2.5,2.5
North Carolina,North Carolina > 4. Eastern Region > 04,4. Eastern Region,Raleigh area climbing,Black Creek Kings,-78.73529578947368,35.78831263157895,19,19,0,2.873684210526316,2.6
North Carolina,North Carolina > 4. Eastern Region > 05,4. Eastern Region,The Trestle,Downstream (East) Side,-78.445544,36.168372000000005,5,0,5,2.6,2.4
Texas,Texas > Adair Springs > 00,Adair Springs,-,-,-97.41057,32.11221,1,1,0,2,2
New York,New York > Adirondacks > 00,Adirondacks,A: Lake Champlain Region,Poke-O-Moonshine,-73.5037,44.40782,1,0,1,2,2
New York,New York > Adirondacks > 01,Adirondacks,B: Chapel Pond Pass,Beer Walls,-73.75021,44.15528142857143,7,3,4,2.4571428571428573,2.4
New York,New York > Adirondacks > 02,Adirondacks,E: High Peaks Region,Big Slide Mtn.,-73.8364225,44.1844375,4,3,1,2.55,2.5
New York,New York > Adirondacks > 03,Adirondacks,F: Lake George Region,Ark Wall,-73.5939,43.56076,2,0,2,2.4,2.4
New York,New York > Adirondacks > 04,Adirondacks,F: Lake George Region,Cove Boulders,-73.47325,43.79578,2,2,0,3,3
New York,New York > Adirondacks > 05,Adirondacks,F: Lake George Region,Gull Pond,-73.7061,43.83282,1,1,0,3,3
New York,New York > Adirondacks > 06,Adirondacks,F: Lake George Region,Rogers Rock,-73.47622,43.79913,2,0,2,2,2
New York,New York > Adirondacks > 07,Adirondacks,F: Lake George Region,Shelving Rock,-73.607902,43.547746,5,0,5,2.24,2.4
New York,New York > Adirondacks > 08,Adirondacks,G: Indian Lake Region,Crane Mountain,-73.9677,43.5378,1,0,1,2.4,2.4
New York,New York > Adirondacks > 09,Adirondacks,G: Indian Lake Region,Lake Pleasant Quarry,-74.43685,43.46001,1,0,1,2.7,2.7
New York,New York > Adirondacks > 10,Adirondacks,G: Indian Lake Region,Rich Lake,-74.19036,43.9757,1,1,0,3,3
New York,New York > Adirondacks > 11,Adirondacks,G: Indian Lake Region,Snowy Mountain Bouldering,-74.37453333333333,43.69823,3,1,2,3.1666666666666665,3
New York,New York > Adirondacks > 12,Adirondacks,H: Southern Mountains,Canada Lake Boulders (aka Pinnacle Pull-Off),-74.53941291666666,43.19005,24,21,3,2.3833333333333333,2
New York,New York > Adirondacks > 13,Adirondacks,H: Southern Mountains,Woods Lake Bouldering,-74.305545,43.254775,4,4,0,3.375,3.25
New York,New York > Adirondacks > 14,Adirondacks,I: Old Forge Region,Eagle Falls,-75.1959,43.9051,1,0,1,3.4,3.4
New York,New York > Adirondacks > 15,Adirondacks,K: Northern Region,Bluff Island,-74.1110590909091,44.306509999999996,22,22,0,2.4136363636363636,2.2
New York,New York > Adirondacks > 16,Adirondacks,K: Northern Region,Silver Lake,-73.80476,44.516819999999996,4,0,4,2.875,3.1
New York,New York > Adirondacks > 17,Adirondacks,K: Northern Region,South Colton,-74.8517,44.4873,2,0,2,2.5,2.5
Delaware,Delaware > Alapocas Run State Park > 00,Alapocas Run State Park,Main Roped Climbing Wall,-,-75.55829,39.76909,1,1,0,2.8,2.8
New Mexico,New Mexico > Albuquerque Area > 00,Albuquerque Area,Big Block,Big Block,-106.362054,35.030972,5,2,3,2.2600000000000002,2.2
New Mexico,New Mexico > Albuquerque Area > 01,Albuquerque Area,Boot Hill,-,-106.45774707692308,35.14362769230769,65,43,22,2.526153846153846,2.5
Colorado,Colorado > Alpine Rock > 00,Alpine Rock,Gore Mountain Range,Sakkety Point,-106.55174,40.15442,2,0,2,2.35,2.35
California,California > Alpine Rock > 00,Alpine Rock,Indian Peaks,Crater Lake Bouldering,-105.67924000000001,40.09440333333333,3,3,0,2.3333333333333335,2
Colorado,Colorado > Alpine Rock > 01,Alpine Rock,Mt. Blue Sky (formerly Mt. Evans),Lincoln Lake Slabs,-105.6056,39.6178,2,0,2,2.4,2.4
California,California > Alpine Rock > 01,Alpine Rock,Mt. Blue Sky (formerly Mt. Evans),Mt. Blue Sky (formerly Mount Evans) Bouldering,-105.61692307692307,39.62854615384615,13,13,0,2.646153846153846,2.5
California,California > Alpine Rock > 02,Alpine Rock,RMNP - Rock,RMNP Bouldering Areas,-105.62560153846154,40.27860846153846,13,13,0,2.746153846153846,3
California,California > Alpine Rock > 03,Alpine Rock,San Juans,Uncompahgre/Big Blue Wilderness,-107.54697,38.09028,1,1,0,3,3
Illinois,Illinois > Alto Pass > 00,Alto Pass,A: Quetil Trail Bluff,-,-89.31523,37.5688275,4,3,1,2.65,2.3
Georgia,Georgia > Ansley Boulder > 00,Ansley Boulder,-,-,-83.35325,33.90594,3,3,0,2.4,2
Georgia,Georgia > Arabia Mountain > 00,Arabia Mountain,Eastwood,-,-84.1114,33.668115,2,2,0,2.85,2.85
Rhode Island,Rhode Island > Arcadia Management Area > 00,Arcadia Management Area,Escoheag,The Escoheag Boulder,-71.73461875,41.57588125,8,8,0,2.625,2.65
South Carolina,South Carolina > Asbury Hills > 00,Asbury Hills,Alliteration Wall,-,-82.64084,35.07793,1,1,0,2.5,2.5
Colorado,Colorado > Aspen > 00,Aspen,Gold Butte,Southwest TR,-106.79798,39.23024,2,0,2,3.05,3.05
Texas,Texas > Austin Area > 00,Austin Area,Barton Creek Greenbelt,Backyard Bouldering Wall,-97.79258431372548,30.28741137254902,51,38,13,2.623529411764706,2.6
Texas,Texas > Austin Area > 01,Austin Area,McKinney Falls State Park,Lower Falls,-97.72207857142857,30.186934285714287,7,7,0,2.7857142857142856,2.5
Texas,Texas > Austin Area > 02,Austin Area,Monster Rock,Dungeons and Dragons Wall & J.R.R. Tolkein Wall,-98.11248392857142,30.376310714285715,56,12,45,2.4160714285714286,2.3
Oklahoma,Oklahoma > BABBS > 00,BABBS,COWTOWN,SWERVE bloc,-98.91925,34.87393,2,2,0,2.5,2.5
Tennessee,Tennessee > Backbone Rock > 00,Backbone Rock,Backbone Boulders,Death Tree Boulder,-81.8151,36.594,2,2,0,2.5,2.5
Iowa,Iowa > Backbone State Park > 00,Backbone State Park,Bouldering,Devils Backbone West,-91.55108533333333,42.61107966666667,30,30,0,3.7666666666666666,4
Maryland,Maryland > Baltimore City Watershed > 00,Baltimore City Watershed,Loch Raven Reservoir,Coffland Point,-76.56036,39.444425,4,4,0,2.5,2.5
Minnesota,Minnesota > Banning State Park - Bouldering > 00,Banning State Park - Bouldering,Teacher's Overlook,-,-92.8395,46.16448,5,5,0,3,3
Wisconsin,Wisconsin > Baraboo Range > 00,Baraboo Range,Devil's Lake,Devil's Lake Bouldering,-89.72794229357798,43.41773995412844,218,218,0,2.4642201834862387,2.4
Wisconsin,Wisconsin > Baraboo Range > 01,Baraboo Range,Weidman Memorial Park,Northeast side of Narrows Creek,-89.952054,43.480894,5,5,0,2.56,2.3
New York,New York > Bard College - Bouldering > 00,Bard College - Bouldering,Bot-Rock,-,-73.90564,42.02358,1,1,0,2,2
Oklahoma,Oklahoma > Bartlesville > 00,Bartlesville,The Farm,Cheese Wedge Area,-96.06542,36.76982,1,1,0,2,2
Tennessee,Tennessee > Bays Mountain > 00,Bays Mountain,Main Wall,-,-82.610525,36.507580000000004,2,0,2,2.5,2.5
Rhode Island,Rhode Island > Beach Pond > 00,Beach Pond,Big 40 Wall,-,-71.77594896551724,41.56779724137931,29,29,0,2.5448275862068965,2.5
New York,New York > Beaver Creek State Forest > 00,Beaver Creek State Forest,Hell Spring Mountain,Big Beavers,-75.527095,44.410925,2,2,0,2,2
Tennessee,Tennessee > Bells Bend > 00,Bells Bend,-,-,-86.92197,36.15453,2,2,0,2,2
Iowa,Iowa > Bever Park > 00,Bever Park,-,-,-91.62621,41.98553,1,1,0,3,3
Texas,Texas > Big Bend National Park > 00,Big Bend National Park,Ernst Tinaja Canyon,Third World,-103.18526,29.395825,10,10,0,2.66,2.4
Texas,Texas > Big Bend National Park > 01,Big Bend National Park,Indian Head,-,-103.58135,29.220016666666666,3,3,0,2.6,2.8
South Carolina,South Carolina > Big Rock Mountain > 00,Big Rock Mountain,Arch Wall,-,-82.78929857142857,34.956806428571426,14,9,5,2.592857142857143,2.65
Tennessee,Tennessee > Big Soddy Gorge > 00,Big Soddy Gorge,Zombie Zone,-,-85.18952,35.29963,3,0,3,2.8333333333333335,3
Tennessee,Tennessee > Big South Fork > 00,Big South Fork,Blue Heron,Carolina Training Wall,-84.54431,36.6706,1,0,1,2.3,2.3
Minnesota,Minnesota > Big Stone National Wildlife Refuge > 00,Big Stone National Wildlife Refuge,Fat man & Little Boy,-,-96.404535,45.257335,4,4,0,3,3
New York,New York > Bike Trail Boulder > 00,Bike Trail Boulder,-,-,-73.66523,41.41662,1,1,0,3,3
Maryland,Maryland > Bikeside Boulders > 00,Bikeside Boulders,-,-,-76.68929,39.31115,1,1,0,2,2
Alabama,Alabama > Bishop Mountain > 00,Bishop Mountain,Middle Bishop,Arecibo Boulders,-86.37857076923076,34.454433076923074,13,13,0,2.6538461538461537,2.3
Rhode Island,Rhode Island > Black Hut Boulder > 00,Black Hut Boulder,-,-,-71.66989,41.98643,1,1,0,2.7,2.7
Tennessee,Tennessee > Black Mountain > 00,Black Mountain,Backyard,Tityos Block Area,-84.89378571428571,35.86653714285714,7,4,3,2.585714285714286,2.6
Georgia,Georgia > Blacks bluff preserve > 00,Blacks bluff preserve,-,-,-85.21838,34.21172,2,2,0,2,2
Georgia,Georgia > Blood Mountain > 00,Blood Mountain,-,-,-83.93738,34.73996,2,2,0,2,2
Iowa,Iowa > Bloody Run County Park > 00,Bloody Run County Park,Well's Hollow Trail,-,-91.21768,43.03999,1,1,0,4,4
Tennessee,Tennessee > Blue Hole Falls > 00,Blue Hole Falls,Highball Area,Tennessee Pusher Boulder,-82.73008,36.268535,2,2,0,2,2
Minnesota,Minnesota > Blue Mounds State Park (Luverne) > 00,Blue Mounds State Park (Luverne),Bouldering @ Blue Mounds,Bleak Boulders,-96.18852666666666,43.69537076923077,39,39,0,2.4256410256410255,2.3
New York,New York > Blue Mountain Park > 00,Blue Mountain Park,Fuhgeddaboudit Boulder,-,-73.916685,41.2653075,4,4,0,3.075,3
Georgia,Georgia > Boat Rock > 00,Boat Rock,Beam Me Up Scotty Area,Beam Me Up Scotty Area,-84.56394866666666,33.719912,30,30,0,2.4466666666666668,2.5
Colorado,Colorado > Boulder > 00,Boulder,Boulder Canyon,Across from The Bihedral aka Cascade Crag,-105.38963492753624,39.99086898550725,69,0,69,2.2666666666666666,2.2
California,California > Boulder > 00,Boulder,Boulder Canyon,Boulder Canyon Boulder (AKA Graham Boulder),-105.29844250000001,39.99380448529412,136,136,0,2.563970588235294,2.5
Delaware,Delaware > Brandywine Park > 00,Brandywine Park,Front and Center Boulder,-,-75.55106,39.75675,1,1,0,3,3
Texas,Texas > Brazos River Boulders > 00,Brazos River Boulders,-,-,-98.28027,32.882,1,1,0,4,4
Colorado,Colorado > Breckenridge > 00,Breckenridge,A Bug’s Crag,-,-106.0733,39.40378,2,0,2,3,3
Texas,Texas > Brownwood > 00,Brownwood,The Maze / Stairs,-,-99.0069,31.83665,3,3,0,2.5,2
Alabama,Alabama > Buck’s Pocket > 00,Buck’s Pocket,Northeast Section,Freebird Buttress,-86.049649,34.473372,10,1,9,2.42,2
California,California > Buena Vista > 00,Buena Vista,*Arkansas Valley Bouldering,East,-106.0468775,38.8475275,4,4,0,2.5,2
California,California > Buena Vista > 01,Buena Vista,*Arkansas Valley Bouldering,East,-106.14710933333333,38.87286066666667,60,60,0,2.4883333333333333,2.3
California,California > Buena Vista > 02,Buena Vista,*Arkansas Valley Bouldering,South,-106.15861142857143,38.73890142857143,7,7,0,2.6714285714285713,2.7
Colorado,Colorado > Buena Vista > 00,Buena Vista,Bob's Rock,-,-106.141918,38.886201,10,0,10,2.35,2.3
California,California > Buena Vista > 03,Buena Vista,Granite Campground Area,Jazzyland Boulders,-106.25402,39.03427,1,1,0,2,2
Colorado,Colorado > Buena Vista > 01,Buena Vista,St. Elmo,St. Elmo Slab,-106.13380615384615,38.86518769230769,13,0,13,2.4846153846153847,2.6
Tennessee,Tennessee > Buffalo Rock on French Broad River > 00,Buffalo Rock on French Broad River,-,-,-82.93149,35.93945,1,1,0,3,3
Georgia,Georgia > Buford Dam Boulders > 00,Buford Dam Boulders,Clearcut Wall,-,-84.08191333333333,34.14756,3,3,0,2.1,2
Wisconsin,Wisconsin > Buildering Sites (statewide) > 00,Buildering Sites (statewide),Appleton (Peabody Park),Bridge EAST,-88.3875,44.26758,3,3,0,2,2
Wisconsin,Wisconsin > Buildering Sites (statewide) > 01,Buildering Sites (statewide),Camp Randall Stadium Area,-,-89.44115428571429,43.06854714285714,7,7,0,2.2857142857142856,2
Wisconsin,Wisconsin > Buildering Sites (statewide) > 02,Buildering Sites (statewide),Marquette Campus,Memorial Library,-87.94437818181818,42.887626363636365,11,11,0,2.4909090909090907,2.8
Wisconsin,Wisconsin > Buildering Sites (statewide) > 03,Buildering Sites (statewide),Oak Leaf Bike Trail - Sidney,-,-87.91511,43.1081425,4,4,0,2.625,2.75
Wisconsin,Wisconsin > Buildering Sites (statewide) > 04,Buildering Sites (statewide),UW Madison Campus,-,-89.41169,43.07812,2,2,0,2,2
Wisconsin,Wisconsin > Buildering Sites (statewide) > 05,Buildering Sites (statewide),"University Of Wisconsin, Milwaukee",-,-87.88285,43.07531,2,2,0,2.75,2.75
Indiana,Indiana > Butler University > 00,Butler University,-,-,-86.17086,39.84064,1,1,0,2,2
Missouri,Missouri > CM: Andromeda > 00,CM: Andromeda,A: Sandstone Slab,-,-92.50906499999999,38.935959999999994,2,1,1,2.8,2.8
Missouri,Missouri > CM: Bald Ridge Boulders > 00,CM: Bald Ridge Boulders,-,-,-92.08033,37.63475,1,1,0,2,2
Missouri,Missouri > CM: Boulder Ridge-Haha Tonka SP > 00,CM: Boulder Ridge-Haha Tonka SP,-,-,-92.78133,37.97256,1,1,0,3,3
Missouri,Missouri > CM: Capen Park > 00,CM: Capen Park,Capen Main Wall,-,-92.32067,38.93032,2,2,0,2.5,2.5
Missouri,Missouri > CM: Columbia Area Bouldering > 00,CM: Columbia Area Bouldering,Three Creeks,Turkey Creek Trail,-92.28149333333333,38.842416666666665,3,3,0,2.3333333333333335,2
Missouri,Missouri > CM: Deadwood Boulder > 00,CM: Deadwood Boulder,-,-,-91.91833,37.85225,5,5,0,2.8,3
Missouri,"Missouri > CM: Henley, Forgotten Wall > 00","CM: Henley, Forgotten Wall",Riverside Boulder,-,-92.29525,38.34018,1,1,0,3,3
Missouri,Missouri > CM: Hermann Roadside Park > 00,CM: Hermann Roadside Park,North Wall Area,E: Forehead Slab,-91.43705,38.6802,1,0,1,3,3
Missouri,Missouri > CM: Paddy Creek Wilderness > 00,CM: Paddy Creek Wilderness,Boiling Springs,-,-92.005282,37.488089,10,10,0,2.75,2.5
Missouri,Missouri > CM: Providence > 00,CM: Providence,North Area,Battress Area,-92.40794142857143,38.83962285714286,7,0,7,2.4714285714285715,2.4
Missouri,Missouri > CM: Scheuler's Ferry > 00,CM: Scheuler's Ferry,"Bluff One ""Dihedral Area""",-,-92.226625,38.343085,2,0,2,3.05,3.05
Missouri,Missouri > CM: The Little Piney Caves > 00,CM: The Little Piney Caves,The Stronghold Area,-,-92.21151,37.58756,3,3,0,2,2
Missouri,Missouri > CM: Wilton > 00,CM: Wilton,Sunlight Area,-,-92.37667,38.757716,5,0,5,2.66,2.7
Colorado,Colorado > CO Ice & Mixed > 00,CO Ice & Mixed,Colorado Springs & vicinity,Hully Gully Area,-104.87339,38.78185,1,0,1,2.7,2.7
Connecticut,Connecticut > CT Bouldering > 00,CT Bouldering,100 Acre Wood,Heffalump Cluster,-72.17056,41.43389,1,1,0,2,2
Connecticut,Connecticut > CT Bouldering > 01,CT Bouldering,Babcock Preserve,Old Man of Thorns,-73.63376,41.105505,4,4,0,2.925,3
Connecticut,Connecticut > CT Bouldering > 02,CT Bouldering,Bald Rock Basin,Bald Rock,-73.40659652173913,41.34170695652174,46,46,0,2.4956521739130433,2.45
Connecticut,Connecticut > CT Bouldering > 03,CT Bouldering,Barbed Wire,-,-72.56389,41.3641,1,1,0,2,2
Connecticut,Connecticut > CT Bouldering > 04,CT Bouldering,Burlington Fish Hatchery Boulders,Slant,-73.09928615384615,41.84656076923077,26,26,0,2.55,2.5
Connecticut,Connecticut > CT Bouldering > 05,CT Bouldering,Case Mountain,Gollum's Playground,-72.47886249999999,41.73893375,8,8,0,2.325,2.15
Connecticut,Connecticut > CT Bouldering > 06,CT Bouldering,Coney Rock Preserve,Mulberry Boulders,-72.19742333333333,41.79733,3,3,0,2.6666666666666665,2
Connecticut,Connecticut > CT Bouldering > 07,CT Bouldering,Cornwall,-,-73.3866,41.8247,2,2,0,2.5,2.5
Connecticut,Connecticut > CT Bouldering > 08,CT Bouldering,Deep River/Essex/Chester,"Canfield Woods, Book Hill",-72.51394,41.36483666666667,6,6,0,2.4833333333333334,2
Connecticut,Connecticut > CT Bouldering > 09,CT Bouldering,Diamond Ledge Bouldering,Diamond Cluster,-72.84657,41.95182,1,1,0,3,3
Connecticut,Connecticut > CT Bouldering > 10,CT Bouldering,Dreamlake Boulder,-,-72.63362000000001,41.35664,4,4,0,2.7,2.6
Connecticut,Connecticut > CT Bouldering > 11,CT Bouldering,Gay City Split Rock,-,-72.45185000000001,41.716854999999995,4,4,0,2.125,2
Connecticut,Connecticut > CT Bouldering > 12,CT Bouldering,Groton Bluff Point,-,-72.03491,41.31312,2,2,0,3,3
Connecticut,Connecticut > CT Bouldering > 13,CT Bouldering,Gurleyville Grist Mill,-,-72.21947,41.8109,1,1,0,3,3
Connecticut,Connecticut > CT Bouldering > 14,CT Bouldering,Housatonic State Forest,Hough Mountain,-73.35059666666666,41.915636666666664,3,3,0,2.5,2.5
Connecticut,Connecticut > CT Bouldering > 15,CT Bouldering,Hubbard Park / East Peak,Boulder Field,-72.839655,41.554445,2,2,0,2.5,2.5
Connecticut,Connecticut > CT Bouldering > 16,CT Bouldering,Huntington State Park,-,-73.3446,41.3392,1,1,0,3,3
Connecticut,Connecticut > CT Bouldering > 17,CT Bouldering,Hurd Park,Hillside Boulders,-72.5417475,41.51676375,8,8,0,2.2875,2
Connecticut,Connecticut > CT Bouldering > 18,CT Bouldering,Indian Ledge,-,-73.20979,41.34715,2,2,0,2,2
Connecticut,Connecticut > CT Bouldering > 19,CT Bouldering,Killingworth,Blue Trail North,-72.58636285714286,41.359677142857144,7,7,0,2.5285714285714285,2.7
Connecticut,Connecticut > CT Bouldering > 20,CT Bouldering,Land Trust Boulder,-,-72.85843,41.995256,5,5,0,2.6,3
Connecticut,Connecticut > CT Bouldering > 21,CT Bouldering,Mansfield Grove Boulder,-,-72.86433,41.25488,1,1,0,2.2,2.2
Connecticut,Connecticut > CT Bouldering > 22,CT Bouldering,Mashamoquet Brook State Park,Big Bad Wolf Boulder,-71.98177777777778,41.845533333333336,9,9,0,2.611111111111111,2.5
Connecticut,Connecticut > CT Bouldering > 23,CT Bouldering,Mattatuck State Forest Bouldering,East of Naugatuck River,-73.07931500000001,41.64345,2,2,0,2.5,2.5
Connecticut,Connecticut > CT Bouldering > 24,CT Bouldering,Menunkatuck Boulders,-,-72.68496,41.35335,1,1,0,2,2
Connecticut,Connecticut > CT Bouldering > 25,CT Bouldering,Mianus Park,Entrance Outcropping,-73.59125909090909,41.08935090909091,11,11,0,2.6818181818181817,2.8
Connecticut,Connecticut > CT Bouldering > 26,CT Bouldering,Mystic Areas,Dark Hollow,-72.026,41.38515909090909,11,11,0,2.309090909090909,2
Connecticut,Connecticut > CT Bouldering > 27,CT Bouldering,Natchaug State Forest,Barrett Ridge,-71.99541,41.8297,2,2,0,3,3
Connecticut,Connecticut > CT Bouldering > 28,CT Bouldering,Naugatuck State Forest,Clinton Road Boulder,-73.06593,41.35996,2,2,0,2,2
Connecticut,Connecticut > CT Bouldering > 29,CT Bouldering,Nehantic State Forest,Darrow Pond Area,-72.29715428571429,41.38943,7,7,0,2.4857142857142858,2.7
Connecticut,Connecticut > CT Bouldering > 30,CT Bouldering,Nells Rock Walking Trails,Far Far Away,-73.11916,41.30225333333333,3,3,0,2.6666666666666665,3
Connecticut,Connecticut > CT Bouldering > 31,CT Bouldering,Oswegatchie Hills,-,-72.19692,41.33923,3,3,0,2.3333333333333335,2
Connecticut,Connecticut > CT Bouldering > 32,CT Bouldering,Paugussett State Forests,Paugussett State Forest (Lower Section),-73.20336999999999,41.3309425,4,4,0,2.375,2.25
Connecticut,Connecticut > CT Bouldering > 33,CT Bouldering,Platt Park Land Trust,-,-73.24375,41.4695,1,1,0,2,2
Connecticut,Connecticut > CT Bouldering > 34,CT Bouldering,Pleasant Valley,Chili Boulder,-72.99302333333333,41.933751666666666,6,6,0,2.1666666666666665,2
Connecticut,Connecticut > CT Bouldering > 35,CT Bouldering,Ridgetop North Preserves,Pleasant Hill Preserve,-72.28097333333334,41.33846666666666,3,3,0,2.8333333333333335,3
Connecticut,Connecticut > CT Bouldering > 36,CT Bouldering,Roosevelt Forest,Blue Trail Boulder,-73.1865875,41.224200833333335,12,12,0,2.4166666666666665,2.25
Connecticut,Connecticut > CT Bouldering > 37,CT Bouldering,Seven Falls Bouldering,Bible Rock Area,-72.57826428571428,41.50817857142857,7,7,0,2.357142857142857,2.2
Connecticut,Connecticut > CT Bouldering > 38,CT Bouldering,Sleeping Giant,Ampitheater,-72.894503,41.427296,10,10,0,2.2399999999999998,2.15
Connecticut,Connecticut > CT Bouldering > 39,CT Bouldering,Stateline,Trapps Area,-73.4402825,41.407745,4,4,0,2.25,2
Connecticut,Connecticut > CT Bouldering > 40,CT Bouldering,Waterfall Basin Boulders,Woodpecker Boulder,-73.37281,41.96103,1,1,0,2,2
Connecticut,Connecticut > CT Bouldering > 41,CT Bouldering,Weigold Rocks,-,-72.22997,41.89635,1,1,0,2,2
Connecticut,Connecticut > CT Bouldering > 42,CT Bouldering,West Rock State Park,God's Country,-72.9665936,41.3641804,25,25,0,2.5,2
Connecticut,Connecticut > CT Bouldering > 43,CT Bouldering,Westwoods (Cockaponset State Forest),Bunny Boulder Area,-72.734972,41.281365,10,10,0,2.51,2.55
Connecticut,Connecticut > CT Bouldering > 44,CT Bouldering,Will Warren's Den,Kung Fu Cave,-72.83247,41.69892,4,4,0,2.2,2.15
Connecticut,Connecticut > CT Bouldering > 45,CT Bouldering,"Woodbridge Land Trust, Park Lane",Frankenrock,-72.97842,41.333813750000004,8,8,0,2.1875,2
Texas,Texas > Camp Eagle > 00,Camp Eagle,Lower Wall,-,-99.95928777777777,29.97127,9,3,6,2.5444444444444443,2.6
Maryland,Maryland > Camp Lewis / Lewis Rocks > 00,Camp Lewis / Lewis Rocks,The Dome,-,-77.1835,38.9698,1,1,0,4,4
Georgia,Georgia > Campbellton Creek Nature Park - Bouldering > 00,Campbellton Creek Nature Park - Bouldering,-,-,-84.57858,33.70479,3,3,0,2,2
Indiana,Indiana > Canal > 00,Canal,-,-,-86.1651,39.77395,1,1,0,4,4
Minnesota,Minnesota > Canidae Cliff  (Hammond) > 00,Canidae Cliff  (Hammond),-,-,-92.372,44.222,2,0,2,2.65,2.65
Colorado,Colorado > Canon City > 00,Canon City,257,River Bridge Crag,-105.53624,38.44178,1,0,1,2,2
Colorado,Colorado > Canon City > 01,Canon City,Buckskin Crags,Buddha Wall,-105.22626276785714,38.61945,112,0,112,2.3321428571428573,2.3
California,California > Canon City > 00,Canon City,Four Mile Creek Bouldering,Broken Toe Wash,-105.20915071428571,38.550235,14,14,0,2.8785714285714286,3
Texas,Texas > Caprock Canyons State Park > 00,Caprock Canyons State Park,Upper Canyon Trail Boulders,Bane/Temptation Boulder,-101.09305,34.44076,2,2,0,2.5,2.5
Colorado,Colorado > Carbondale Area > 00,Carbondale Area,Redstone Area,Redstein,-107.23598199999999,39.20055,5,0,5,2.12,2
Colorado,Colorado > Carbondale Area > 01,Carbondale Area,The Frying Pan,The Skillet,-106.83188,39.36705,1,0,1,2.3,2.3
Colorado,Colorado > Carbondale Area > 02,Carbondale Area,The Narrows,The Industrial Wall,-107.22854,39.23226,2,0,2,1.95,1.95
Maryland,Maryland > Carderock > 00,Carderock,Hades Heights,-,-77.20679666666666,38.975770000000004,3,3,0,2.2,2.1
Rhode Island,Rhode Island > Carr Pond > 00,Carr Pond,Psilo roof,-,-71.56469,41.63268,1,1,0,2,2
Wyoming,Wyoming > Casper Mountain > 00,Casper Mountain,Skunk Hollow,Sensory Deprivation,-106.37201666666667,42.725408333333334,12,12,0,2.9166666666666665,3
Tennessee,Tennessee > Castle Rock > 00,Castle Rock,Boulder Wall,-,-85.63244,35.105095,4,0,4,2.25,2.25
Mississippi,Mississippi > Catahoula Boulderfield > 00,Catahoula Boulderfield,Bulldozed Catahoula Boulderfield,-,-88.860195,31.71767,4,4,0,2.75,3
Texas,Texas > Cathedral Rock Park > 00,Cathedral Rock Park,-,-,-98.64482,29.47528,1,1,0,3,3
Maryland,Maryland > Catoctin Mountain Park > 00,Catoctin Mountain Park,Blue Ridge Summit Overlook,-,-77.43975541666667,39.63129083333333,24,24,0,2.5791666666666666,2.7
South Carolina,South Carolina > Cayce Riverwalk > 00,Cayce Riverwalk,-,-,-81.04841,33.98801,1,1,0,3,3
Kansas,Kansas > Cedar Bluff > 00,Cedar Bluff,Overlook Boulders,-,-99.8101,38.7759,1,1,0,3,3
Iowa,Iowa > Cedar Bluffs > 00,Cedar Bluffs,Overlook Boulders,-,-92.82296,41.25846,2,2,0,2.5,2.5
Iowa,Iowa > Cedar Valley Boulder > 00,Cedar Valley Boulder,-,-,-91.24771,41.73342,3,3,0,3.6666666666666665,4
Iowa,Iowa > Centennial Park > 00,Centennial Park,-,-,-91.62431,41.73703,5,5,0,3.18,3.3
Tennessee,Tennessee > Center Hill Lake > 00,Center Hill Lake,Whale Tail Wall,-,-85.76136,36.06052,1,1,0,3,3
Virginia,Virginia > Central & Southern VA Region > 00,Central & Southern VA Region,Amherst County,Blue Ridge Rail Way Trail,-79.00532,37.69803,5,5,0,2.76,3
Virginia,Virginia > Central & Southern VA Region > 01,Central & Southern VA Region,Charlottesville vicinity,Beaver Creek Reservoir,-78.49371666666666,38.047736666666665,3,3,0,2.4,2
Virginia,Virginia > Central & Southern VA Region > 02,Central & Southern VA Region,Charlottesville vicinity,Blue Ridge Parkway,-79.03720730769231,37.89953230769231,26,26,0,2.2884615384615383,2
Virginia,Virginia > Central & Southern VA Region > 03,Central & Southern VA Region,Charlottesville vicinity,Blue Ridge Parkway,-79.48384,37.54328,1,1,0,2,2
Virginia,Virginia > Central & Southern VA Region > 04,Central & Southern VA Region,Charlottesville vicinity,Goshen Pass,-79.46390666666666,37.93796833333334,6,6,0,2.3333333333333335,2
Virginia,Virginia > Central & Southern VA Region > 05,Central & Southern VA Region,Charlottesville vicinity,Haunted Hill,-78.98787999999999,37.809664999999995,2,2,0,2,2
Virginia,Virginia > Central & Southern VA Region > 06,Central & Southern VA Region,Charlottesville vicinity,Mint Springs Park,-78.46161,38.05671,3,3,0,2.7333333333333334,2.7
Virginia,Virginia > Central & Southern VA Region > 07,Central & Southern VA Region,Charlottesville vicinity,NellysFord,-78.90065,37.919185,4,4,0,3,3
Virginia,Virginia > Central & Southern VA Region > 08,Central & Southern VA Region,Charlottesville vicinity,P.A. Byrom Park,-78.642305,38.220746874999996,16,16,0,2.125,2
Virginia,Virginia > Central & Southern VA Region > 09,Central & Southern VA Region,Charlottesville vicinity,Paul's Creek Boulders,-78.92072727272728,37.92827727272727,11,11,0,2.5454545454545454,3
Virginia,Virginia > Central & Southern VA Region > 10,Central & Southern VA Region,Charlottesville vicinity,Quantum Dot Boulder,-78.52200500000001,38.020830000000004,2,2,0,2,2
Virginia,Virginia > Central & Southern VA Region > 11,Central & Southern VA Region,Charlottesville vicinity,Reid Hollow Road,-79.31087,37.72966,4,4,0,2.25,2
Virginia,Virginia > Central & Southern VA Region > 12,Central & Southern VA Region,Charlottesville vicinity,Wintergreen,-78.93721,37.90645,3,3,0,3.3333333333333335,3
Virginia,Virginia > Central & Southern VA Region > 13,Central & Southern VA Region,Richmond Vicinity,Belle Isle,-77.46298285714286,37.52198285714286,7,7,0,2.4714285714285715,2
Virginia,Virginia > Central & Southern VA Region > 14,Central & Southern VA Region,Richmond Vicinity,Funny Farm Boulder,-77.632320000000007,37.75646,3,3,0,2.933333333333333,3
Virginia,Virginia > Central & Southern VA Region > 15,Central & Southern VA Region,Richmond Vicinity,Herb Boulders,-77.4858390625,37.531175,32,25,7,2.409375,2.3
Virginia,Virginia > Central & Southern VA Region > 16,Central & Southern VA Region,The Trestles,2nd (Main) Trestle,-79.4164,37.3559,3,0,3,2.6,2.8
Wisconsin,Wisconsin > Central > 00,Central,Bee Bluff,-,-90.31673,43.94539,1,1,0,3,3
Wisconsin,Wisconsin > Central > 01,Central,Big Falls County Park,Big Falls,-91.28465750000001,44.910289999999996,4,4,0,2.3,2.25
Wisconsin,Wisconsin > Central > 02,Central,Black River Falls,Clean Cut Boulder,-90.82306769230769,44.28033076923077,13,13,0,2.769230769230769,2.6
Wisconsin,Wisconsin > Central > 03,Central,Central Sandstone,Quincy Bluff and Wetland Reserve,-89.84399875,43.87336125,8,8,0,2.525,2.55
Wisconsin,Wisconsin > Central > 04,Central,Grandad Bluff,Adidas Wall,-91.20728727272727,43.81119636363636,11,2,9,2.4636363636363634,2.3
Wisconsin,Wisconsin > Central > 05,Central,Hillbilly Hollow,Hillbilly Bouldering,-89.500885,43.97545,6,3,3,2.45,2.35
Wisconsin,Wisconsin > Central > 06,Central,Jim Falls,Big Red,-91.26925714285714,45.05734285714286,7,7,0,3.142857142857143,3
Wisconsin,Wisconsin > Central > 07,Central,Necedah (Petenwell Rock),01. Coyote Tower,-90.0198225,44.04499,4,1,3,2.425,2.4
Wisconsin,Wisconsin > Central > 08,Central,Redgranite Quarry,-,-89.09805,44.04338,4,4,0,2,2
Wisconsin,Wisconsin > Central > 09,Central,Westby Bouldering,King's Throne,-90.8616,43.656797499999996,16,16,0,2.54375,2.4
Wisconsin,Wisconsin > Central > 10,Central,Wildcat Mountain,-,-90.57255,43.70217,1,1,0,2,2
Arizona,Arizona > Central Arizona > 00,Central Arizona,**Phoenix Areas,Beardsley Boulders Area,-112.02671666666667,33.64255566666667,30,25,5,2.4266666666666667,2.3
Arizona,Arizona > Central Arizona > 01,Central Arizona,**Phoenix Areas,Greevers' Needle,-111.5448,33.46891,1,0,1,2.2,2.2
Arizona,Arizona > Central Arizona > 02,Central Arizona,**Phoenix Areas,Icecapades,-112.17448333333333,33.741944,15,14,1,2.566666666666667,2.7
Arizona,Arizona > Central Arizona > 03,Central Arizona,**Phoenix Areas,Little Granite Mountain,-111.80283,33.77469,1,0,1,2.4,2.4
Arizona,Arizona > Central Arizona > 04,Central Arizona,**Phoenix Areas,Lookout Mountain,-112.04947,33.62342,1,0,1,2,2
Arizona,Arizona > Central Arizona > 05,Central Arizona,**Phoenix Areas,McDowell Mountains,-111.797145,33.686685,4,0,4,2.475,2.45
Arizona,Arizona > Central Arizona > 06,Central Arizona,**Phoenix Areas,Papago Park,-112.0078675,33.475862500000005,4,3,1,2.475,2.15
Arizona,Arizona > Central Arizona > 07,Central Arizona,**Phoenix Areas,Pinnacle Peak,-111.86438,33.73088,3,0,3,2.1666666666666665,2.2
Arizona,Arizona > Central Arizona > 08,Central Arizona,**Phoenix Areas,South Mountain,-112.02105616666667,33.350183666666666,60,56,4,2.47,2.4
Arizona,Arizona > Central Arizona > 09,Central Arizona,**Phoenix Areas,Superstition Mountains,-111.276095,33.459230000000005,4,2,2,2.9,2.8
Arizona,Arizona > Central Arizona > 10,Central Arizona,**Prescott Area,*Prescott Bouldering*,-112.544333,34.585043999999996,10,10,0,2.56,2.65
Arizona,Arizona > Central Arizona > 11,Central Arizona,**Prescott Area,*Prescott Bouldering*,-112.43362954545455,34.55190772727273,44,24,20,2.768181818181818,2.75
Arizona,Arizona > Central Arizona > 12,Central Arizona,Blue Wash Trail,-,-111.81187,33.87609,1,1,0,2,2
Arizona,Arizona > Central Arizona > 13,Central Arizona,Canyon Lake Deep Water Solo,King's Crown Area,-111.43185,33.55011,1,1,0,2,2
Arizona,Arizona > Central Arizona > 14,Central Arizona,Christopher Creek Gorge,Confluence Wall,-111.06566875,34.31257375,8,0,8,2.5875,2.6500000000000004
Arizona,Arizona > Central Arizona > 15,Central Arizona,Coon Bluff,-,-111.6482,33.5471,4,0,4,2.975,2.95
Arizona,Arizona > Central Arizona > 16,Central Arizona,Crown King Area,King Dome,-112.33892,34.20596,2,0,2,2.65,2.65
Arizona,Arizona > Central Arizona > 17,Central Arizona,Dromedary Peak,East Face,-111.25088333333333,33.25689333333334,3,0,3,2.6666666666666665,3
Arizona,Arizona > Central Arizona > 18,Central Arizona,Eagletail Mountains,Courthouse Rock,-113.36062,33.46406,1,0,1,2.5,2.5
Arizona,Arizona > Central Arizona > 19,Central Arizona,Five Mile Draw,Tomahawk Boulder,-110.082555,34.591125,2,1,1,2.85,2.85
Arizona,Arizona > Central Arizona > 20,Central Arizona,Four Peaks Wilderness,Gun Gallery,-111.45052,33.712504,10,10,0,3.1,3
Arizona,Arizona > Central Arizona > 21,Central Arizona,Isolation Canyon,Creek Bed,-111.44942857142857,34.36172142857143,7,2,5,2.6857142857142855,2.4
Arizona,Arizona > Central Arizona > 22,Central Arizona,Mingus Mountain,Roadside Crag,-112.15881,34.69948,1,0,1,2.4,2.4
Arizona,Arizona > Central Arizona > 23,Central Arizona,Queen Creek Canyon,Apache Leap,-111.05754677165355,33.301977007874015,127,70,57,2.425196850393701,2.3
Arizona,Arizona > Central Arizona > 24,Central Arizona,Saguaro Lake,Lower Canyon,-111.51669199999999,33.560058000000005,5,5,0,3.34,3
Arizona,Arizona > Central Arizona > 25,Central Arizona,Salome,-,-113.68882,33.8488,6,5,1,2.3333333333333335,2
Arizona,Arizona > Central Arizona > 26,Central Arizona,Shoen's Dam,-,-110.10164,34.41528,1,0,1,3.3,3.3
Arizona,Arizona > Central Arizona > 27,Central Arizona,Sierra Ancha Mountains,Icebox,-110.97669,33.76623,1,0,1,4,4
Arizona,Arizona > Central Arizona > 28,Central Arizona,Stewart Pocket,Hippy Boulders,-111.26954777777777,34.223863333333334,9,4,5,2.466666666666667,2.4
Arizona,Arizona > Central Arizona > 29,Central Arizona,The Colony,Blacks Beach Wall,-111.47982,33.80651,1,0,1,3,3
Arizona,Arizona > Central Arizona > 30,Central Arizona,The Homestead,Finland Terrace,-110.78198222222223,33.173205555555555,9,0,9,2.2,2.3
Arizona,Arizona > Central Arizona > 31,Central Arizona,Wood Canyon,-,-111.1119,33.2332,2,0,2,2.4,2.4
Arizona,Arizona > Central Arizona > 32,Central Arizona,Workman Falls,-,-110.93062,33.81839,1,0,1,2.3,2.3
Colorado,Colorado > Central Coast > 00,Central Coast,Big Sur,Jade Cove,-121.47011,35.9151,1,1,0,3,3
Colorado,Colorado > Central Coast > 01,Central Coast,Carmel Bay and Surrounding Areas,Garrapata State Beach,-121.91551,36.41851,2,2,0,2.75,2.75
Colorado,Colorado > Central Coast > 02,Central Coast,Conejo Mountain,Conejo Boulders,-118.96363846153847,34.19704307692307,13,13,0,3.2,3.2
California,California > Central Coast > 00,Central Coast,Hwy 166/Silly Rock,Big Rocks,-120.116375,35.128662500000004,4,0,4,2.625,2.5
California,California > Central Coast > 01,Central Coast,Hwy 33/Ojai,Derrydale Cliff,-119.270902,34.55900666666667,15,0,15,2.493333333333333,2.5
Colorado,Colorado > Central Coast > 03,Central Coast,Hwy 33/Ojai,Hwy 33/Ojai Bouldering,-119.29570142857143,34.599267619047616,21,21,0,2.9,2.9
California,California > Central Coast > 02,Central Coast,Pinnacles National Park,East Side,-121.19837944444444,36.48867166666667,18,0,18,2.3722222222222222,2.3
Colorado,Colorado > Central Coast > 04,Central Coast,Pinnacles National Park,West Side,-121.20408,36.49551,1,1,0,3,3
Colorado,Colorado > Central Coast > 05,Central Coast,San Luis Obispo,Bishop Peak,-120.69269249999999,35.3026925,4,4,0,2.575,2.6500000000000004
California,California > Central Coast > 03,Central Coast,San Luis Obispo,Bishop Peak,-120.70831466666667,35.306946,15,0,15,2.6933333333333334,2.5
Colorado,Colorado > Central Coast > 06,Central Coast,Santa Barbara,* Santa Barbara Bouldering,-119.791993,34.48866966666667,30,30,0,2.7133333333333334,2.6
Colorado,Colorado > Central Coast > 07,Central Coast,Santa Barbara,* Santa Barbara Bouldering,-119.7072125,34.46925,4,4,1,2.85,2.75
California,California > Central Coast > 04,Central Coast,Santa Barbara,Crag Full of Dynamite,-119.6903261904762,34.47501428571429,21,0,21,2.3666666666666667,2.2
Colorado,Colorado > Central Coast > 08,Central Coast,Santa Cruz,Panther Beach,-122.09471333333333,36.99692,3,3,0,2.9333333333333336,2.6
California,California > Central Coast > 05,Central Coast,Wagon Caves,The Beach,-121.401785,36.081475,2,0,2,2.5,2.5
Idaho,Idaho > Central Idaho > 00,Central Idaho,Lemhi Range,8 Mile Creek Boulders,-113.54315,44.64469,2,2,0,2.5,2.5
Idaho,Idaho > Central Idaho > 01,Central Idaho,Lemhi Range,Box Canyon,-112.92034,43.86301,1,0,1,2.7,2.7
Idaho,Idaho > Central Idaho > 02,Central Idaho,Lost River Range,Cedar Creek,-113.80835,44.12278,2,0,2,3.1,3.1
Idaho,Idaho > Central Idaho > 03,Central Idaho,Lost River Range,Pass Creek Canyon,-113.33825,43.87783333333333,3,0,3,3.2,3
Idaho,Idaho > Central Idaho > 04,Central Idaho,Prairie Creek,Prairie Creek Crag,-114.63034,43.80943,1,0,1,2,2
Idaho,Idaho > Central Idaho > 05,Central Idaho,Redfish Lake Bouldering,FS 210,-114.90401,44.16041,2,2,0,2,2
Idaho,Idaho > Central Idaho > 06,Central Idaho,Rock Creek (Croy) Bouldering,Betty Boop Boulder,-114.349872,43.460928,5,5,0,2.74,2.5
Idaho,Idaho > Central Idaho > 07,Central Idaho,Salmon Idaho Bouldering,Bambi's Mom Boulder,-113.93559833333333,45.281173333333335,6,6,0,2.8333333333333335,3
Idaho,Idaho > Central Idaho > 08,Central Idaho,The Fins,Mortal Earth,-113.077282,43.72085,15,0,15,2.5466666666666664,2.4
Idaho,Idaho > Central Idaho > 09,Central Idaho,The Old Sawmill Slabs,-,-114.44015,44.26307,1,0,1,2.6,2.6
Idaho,Idaho > Central Idaho > 10,Central Idaho,Wolftone,-,-114.47213,43.51063,1,0,1,2.5,2.5
Idaho,Idaho > Central Idaho > 11,Central Idaho,Yankee Fork Crag,-,-114.7273,44.28391,1,0,1,2.4,2.4
Ohio,Ohio > Central Ohio > 00,Central Ohio,Auttie’s Boulders,-,-81.87166,40.29282,4,4,0,3.25,3
Ohio,Ohio > Central Ohio > 01,Central Ohio,Bobcat Boulders,Scout Area,-82.300345,40.178535,2,2,0,3.5,3.5
Ohio,Ohio > Central Ohio > 02,Central Ohio,Dillon Lakeside,-,-82.09035,40.01873,1,1,0,3,3
Ohio,Ohio > Central Ohio > 03,Central Ohio,Flat Rocks,1. Entrance Boulders,-82.60053352941176,39.71903,17,17,0,2.4352941176470586,2.3
Ohio,Ohio > Central Ohio > 04,Central Ohio,Honey Run Boulders,Honey Run North Boulders,-82.26496,40.3836,3,3,0,2,2
Ohio,Ohio > Central Ohio > 05,Central Ohio,Marne Road,A. West Side Boulders,-82.2628775,40.068394166666664,12,4,8,2.5083333333333333,2.4
Ohio,Ohio > Central Ohio > 06,Central Ohio,Scioto Audubon Metro Park,-,-83.00937,39.94883,4,4,0,2.2,2.15
Ohio,Ohio > Central Ohio > 07,Central Ohio,Tri-Valley Wildlife Area,Brady’s Bluff,-81.95546666666667,40.067953333333335,9,8,3,2.811111111111111,3
Oregon,Oregon > Central Oregon > 00,Central Oregon,Barnes Butte,Back Door,-120.817435,44.323215,6,6,0,2.6666666666666665,3
Oregon,Oregon > Central Oregon > 01,Central Oregon,Central Oregon Bouldering,Bend Area,-121.37048153846153,44.02994384615385,26,26,0,2.669230769230769,2.75
Oregon,Oregon > Central Oregon > 02,Central Oregon,Central Oregon Bouldering,Sister's Area,-121.56813,44.23311,1,1,0,3,3
Oregon,Oregon > Central Oregon > 03,Central Oregon,Cline Falls,Cline Falls Bouldering,-121.2559788235294,44.278204411764705,34,34,0,2.635294117647059,2.4
Oregon,Oregon > Central Oregon > 04,Central Oregon,Cougar Buttress,Main Area,-121.54824,44.03596,1,0,1,1.9,1.9
Oregon,Oregon > Central Oregon > 05,Central Oregon,Paulina Peak,East Lake Cliff,-121.20647,43.73556,1,1,0,4,4
Oregon,Oregon > Central Oregon > 06,Central Oregon,Power Lines,-,-121.46742,44.04393,1,0,1,2.1,2.1
Oregon,Oregon > Central Oregon > 07,Central Oregon,Smith Rock,(a) Picnic Lunch Wall,-121.13769106382979,44.368980425531916,47,10,37,2.4063829787234043,2.3
Oregon,Oregon > Central Oregon > 08,Central Oregon,Steins Pillar,Steins Pillar,-120.61998,44.41174,1,0,1,2.3,2.3
Oregon,Oregon > Central Oregon > 09,Central Oregon,The Badlands,Castle,-121.0386,43.9889,1,1,0,2,2
Pennsylvania,Pennsylvania > Central PA > 00,Central PA,Blue Run Rocks,Aider's Rock,-77.54740166666666,41.80356833333333,6,2,4,2.4333333333333336,2.25
Pennsylvania,Pennsylvania > Central PA > 01,Central PA,Boone Run,-,-77.07595,41.67514,2,2,0,2.5,2.5
Pennsylvania,Pennsylvania > Central PA > 02,Central PA,Donation Rocks,Damnation Wall,-77.873394,40.581993714285716,35,29,6,2.605714285714286,2.5
Pennsylvania,Pennsylvania > Central PA > 03,Central PA,Rock Run,High Noon Area,-76.98931333333333,41.55831333333333,6,6,0,2.5833333333333335,2.75
Pennsylvania,Pennsylvania > Central PA > 04,Central PA,Shingletown Gap,-,-77.82027,40.75183,3,3,0,2.3333333333333335,2
Pennsylvania,Pennsylvania > Central PA > 05,Central PA,Sunfish Pond County Park,Carbon Run,-76.68493000000001,41.644349999999996,3,3,0,2.6,2.8
Washington,Washington > Central Region > 00,Central Region,Ancient Lakes Coulee,Ancient Lakes North,-119.94235,47.14703,1,0,1,2,2
Washington,Washington > Central Region > 01,Central Region,Banks Lake,** Banks Lake Deep Water Solos,-119.08708033333333,47.88736766666667,30,11,19,2.546666666666667,2.5
Washington,Washington > Central Region > 02,Central Region,Frenchman Coulee (Vantage),**Bouldering at Vantage,-119.97076375,47.0248925,56,11,45,2.3392857142857144,2.3
Kansas,Kansas > Central Riverside Park > 00,Central Riverside Park,-,-,-97.3466,37.69811,1,1,0,2,2
Utah,Utah > Central Utah > 00,Central Utah,Axe Handle Canyon,The Clubhouse,-111.68290666666667,39.404896666666666,6,6,0,2,2
Utah,Utah > Central Utah > 01,Central Utah,C Canyon,C Canyon Main Area,-110.44099,39.60099,1,1,0,2.5,2.5
Utah,Utah > Central Utah > 02,Central Utah,Ephraim Canyon,Dirt Bag Boulders,-111.547425,39.33876,4,4,0,2.75,3
Utah,Utah > Central Utah > 03,Central Utah,Fishlake National Forest,Meadow Rappel Rock,-112.3072,38.8803,1,0,1,2.3,2.3
Utah,Utah > Central Utah > 04,Central Utah,Hadden Draw,-,-111.15769861111112,39.29929625,72,72,0,2.4027777777777777,2.3
Utah,Utah > Central Utah > 05,Central Utah,Maple Canyon,Left Fork,-111.687460625,39.559199375,48,1,47,2.31875,2.2
Utah,Utah > Central Utah > 06,Central Utah,Nephi,West Nephi Boulders,-112.0666425,39.6521975,4,4,0,2.75,2.5
Utah,Utah > Central Utah > 07,Central Utah,New Canyon,Jacob's Playpen,-111.52707,39.34408,2,0,2,3.1,3.1
Utah,Utah > Central Utah > 08,Central Utah,Price Canyon,Baby's Got Biceps Boulder,-110.937906,39.798192,5,5,0,2.74,2.5
Utah,Utah > Central Utah > 09,Central Utah,Redmond Rocks,Collusion Wall,-111.781725,39.02470666666667,6,0,6,2.6166666666666667,2.85
Utah,Utah > Central Utah > 10,Central Utah,Richfield,Monroe Canyon,-112.10553,38.7338975,4,3,1,2.25,2
Utah,Utah > Central Utah > 11,Central Utah,Salt Creek Canyon,Chokecherry Dike,-111.71283,39.74092,2,0,2,2.7,2.7
Utah,Utah > Central Utah > 12,Central Utah,Skyline Boulders,Pocket Monster Boulder,-111.32758,39.452870000000004,2,2,0,2.75,2.75
Utah,Utah > Central Utah > 13,Central Utah,Spring Canyon,Baseline Boulder,-110.91987333333333,39.70032333333333,3,1,2,3.1,2.8
Utah,Utah > Central Utah > 14,Central Utah,Triassic,Andy's Wash,-110.74438916666666,39.33345416666667,12,12,0,2.5166666666666666,2.4
Utah,Utah > Central Utah > 15,Central Utah,Wood Hill,Turtle Rabbit Coyote,-110.7346,39.68876,1,1,0,3.5,3.5
Connecticut,Connecticut > Central Valley > 00,Central Valley,Bear Rock,-,-72.80280666666667,41.61938833333333,6,3,3,2.3,2.25
Massachusetts,"Massachusetts > Central, MA > 00","Central, MA",Crow Hill and Leominster Area,Crow Hill,-71.80807,42.4965525,4,3,1,3.125,3.25
Massachusetts,"Massachusetts > Central, MA > 01","Central, MA",Douglas State Forest,Annese Bluffs,-71.79768851851851,42.053164814814814,27,27,0,2.5296296296296297,2.3
Massachusetts,"Massachusetts > Central, MA > 02","Central, MA","God’s Acre, Worcester",Timber Boulder,-71.86215,42.25828,1,1,0,2,2
Massachusetts,"Massachusetts > Central, MA > 03","Central, MA",Rock House Reservation,2. Annulment Boulder,-72.197022,42.268768,5,5,0,2.84,2.9
Massachusetts,"Massachusetts > Central, MA > 04","Central, MA",Rocky Pond,Barrel Boulder,-71.686155,42.3515,10,10,0,2.48,2.65
Massachusetts,"Massachusetts > Central, MA > 05","Central, MA",Sampson's Pebble,-,-71.870576,42.287146,5,5,0,2.22,2
Massachusetts,"Massachusetts > Central, MA > 06","Central, MA",Wachusett Mountain Area,Playground Boulder,-71.885385,42.490935,2,2,0,2.35,2.35
Washington,"Washington > Central-East Cascades, Wenatchee, & Leavenworth > 00","Central-East Cascades, Wenatchee, & Leavenworth",Chelan,Beehouse deep water soloing (coyote creek),-120.33908,48.03867,1,1,0,3.4,3.4
Washington,"Washington > Central-East Cascades, Wenatchee, & Leavenworth > 01","Central-East Cascades, Wenatchee, & Leavenworth",Chelan,Stehekin,-120.672682,48.321498,5,5,0,2.4,2
Washington,"Washington > Central-East Cascades, Wenatchee, & Leavenworth > 02","Central-East Cascades, Wenatchee, & Leavenworth",Chelan,Twenty Five Mile Creek,-120.32947,47.95434,1,1,0,2,2
Washington,"Washington > Central-East Cascades, Wenatchee, & Leavenworth > 03","Central-East Cascades, Wenatchee, & Leavenworth",Leavenworth,Icicle Creek,-120.74817524193548,47.55368935483871,124,86,38,2.490322580645161,2.4
Washington,"Washington > Central-East Cascades, Wenatchee, & Leavenworth > 04","Central-East Cascades, Wenatchee, & Leavenworth",Leavenworth,Mountain Home Road Boulders,-120.70381972972973,47.60317837837838,37,25,12,2.5486486486486486,2.4
Washington,"Washington > Central-East Cascades, Wenatchee, & Leavenworth > 05","Central-East Cascades, Wenatchee, & Leavenworth",Little Wenatchee Area,-,-120.85338,47.83754,1,0,1,2,2
Washington,"Washington > Central-East Cascades, Wenatchee, & Leavenworth > 06","Central-East Cascades, Wenatchee, & Leavenworth",Peshastin Pinnacles State Park,Austrian Slab,-120.52122,47.54221,1,0,1,2.8,2.8
Washington,"Washington > Central-East Cascades, Wenatchee, & Leavenworth > 07","Central-East Cascades, Wenatchee, & Leavenworth",Roslyn,Buffalo Boulder,-120.985075,47.22491,2,2,0,2,2
Washington,"Washington > Central-East Cascades, Wenatchee, & Leavenworth > 08","Central-East Cascades, Wenatchee, & Leavenworth",Smithbrook,Blockbuster Boulders,-121.0645645,47.796417,20,20,0,2.4,2
Washington,"Washington > Central-East Cascades, Wenatchee, & Leavenworth > 09","Central-East Cascades, Wenatchee, & Leavenworth",Stuart-Enchantments,Colchuck Balanced Rock,-120.87433,47.46282,2,1,1,4,4
Washington,Washington > Central-West Cascades & Seattle > 00,Central-West Cascades & Seattle,Greater Seattle (including the eastside),Duvall,-121.98649,47.72571,2,2,0,2,2
Washington,Washington > Central-West Cascades & Seattle > 01,Central-West Cascades & Seattle,Greater Seattle (including the eastside),Edmonds and Richmond Beach,-122.3846,47.77217,1,1,0,2.3,2.3
Washington,Washington > Central-West Cascades & Seattle > 02,Central-West Cascades & Seattle,Greater Seattle (including the eastside),"Kenmore, Bothell & Woodinville",-122.15819,47.76917,12,12,0,2.6666666666666665,3
Washington,Washington > Central-West Cascades & Seattle > 03,Central-West Cascades & Seattle,Greater Seattle (including the eastside),Kent & Auburn,-122.19225666666667,47.37153166666667,6,5,1,2.5,2.5
Washington,Washington > Central-West Cascades & Seattle > 04,Central-West Cascades & Seattle,Greater Seattle (including the eastside),Martha Lake & Mill Creek,-122.23647,47.86486,3,3,0,2,2
Washington,Washington > Central-West Cascades & Seattle > 05,Central-West Cascades & Seattle,Greater Seattle (including the eastside),Redmond,-122.11145,47.664294285714284,7,3,4,2.5428571428571427,2.4
Washington,Washington > Central-West Cascades & Seattle > 06,Central-West Cascades & Seattle,Greater Seattle (including the eastside),Seattle,-122.33184571428572,47.63366214285714,14,13,1,2.7857142857142856,2.75
Washington,Washington > Central-West Cascades & Seattle > 07,Central-West Cascades & Seattle,North Bend & Vicinity,Exit 32; Little Si,-121.65713880434782,47.450197717391305,92,36,56,2.491304347826087,2.5
Washington,Washington > Central-West Cascades & Seattle > 08,Central-West Cascades & Seattle,Skykomish Valley,Gold Bar Boulders,-121.59344357142857,47.837109795918366,98,88,10,2.6214285714285714,2.6
Washington,Washington > Central-West Cascades & Seattle > 09,Central-West Cascades & Seattle,Skykomish Valley,Miller River Boulders,-121.3919715,47.658283000000004,20,20,0,2.735,3
Washington,Washington > Central-West Cascades & Seattle > 10,Central-West Cascades & Seattle,Skykomish Valley,Treasury,-121.1289975,47.76091958333333,24,24,0,2.325,2
Washington,Washington > Central-West Cascades & Seattle > 11,Central-West Cascades & Seattle,Snoqualmie Pass Area,Chair Peak,-121.40760111111112,47.41150777777778,9,0,9,2.7777777777777777,2.9
Tennessee,Tennessee > Cherokee Bluff (CLOSED TO CLIMBING) > 00,Cherokee Bluff (CLOSED TO CLIMBING),-,-,-83.9618,35.9247,1,0,1,3,3
Alabama,Alabama > Cherokee Bluffs > 00,Cherokee Bluffs,-,-,-85.90765,32.67095,4,1,3,2.475,2.45
Georgia,Georgia > Cherokee Bluffs > 00,Cherokee Bluffs,-,-,-83.9126,34.13638,5,5,0,2.52,2.3
Kentucky,Kentucky > Cherokee Park > 00,Cherokee Park,Big Wall,-,-85.68529,38.23475,4,4,0,2.65,2.65
Alabama,Alabama > Cherokee Rock Village (Sand Rock) > 00,Cherokee Rock Village (Sand Rock),Grotto,-,-85.81630866666667,34.18015,15,7,8,2.3933333333333335,2.4
Alabama,Alabama > Chewacla State Park > 00,Chewacla State Park,-,-,-85.47827,32.5493,7,7,0,2.585714285714286,2.4
Texas,Texas > Cibolo Creek Caves > 00,Cibolo Creek Caves,The Caves,-,-98.29671,29.560775,2,2,0,2.5,2.5
Florida,Florida > Citrus Wildlife Management Area > 00,Citrus Wildlife Management Area,Dames Cave,-,-82.43509285714286,28.709408571428572,7,7,0,3.5142857142857142,3.8
New York,New York > Clark Reservation State Park > 00,Clark Reservation State Park,Lake Gulley,Flying Whale Boulder,-76.09473,42.99608,16,16,0,2.575,2.5
Tennessee,Tennessee > Clarksville Greenway > 00,Clarksville Greenway,Zone B,KW Wall,-87.3597,36.56813,1,1,0,3.3,3.3
Colorado,Colorado > Coal Creek Canyon > 00,Coal Creek Canyon,Pinecliffe,Shaft,-105.42209,39.93071,1,0,1,2,2
Oregon,Oregon > Coastal Region > 00,Coastal Region,Bandon,-,-124.43151,43.11859,6,6,0,3.2,3
Oregon,Oregon > Coastal Region > 01,Coastal Region,Cannon Beach,Cannon in D Major,-123.96390166666667,45.8596,6,6,0,2.7333333333333334,2.7
Oregon,Oregon > Coastal Region > 02,Coastal Region,Fogerty Creek Beach,-,-124.05393,44.83887,1,1,0,3,3
Oregon,Oregon > Coastal Region > 03,Coastal Region,Harris Beach,-,-124.31286,42.06651,1,1,0,2,2
Oregon,Oregon > Coastal Region > 04,Coastal Region,Hug Point,Honey Bucket Cluster,-123.96245400000001,45.826100000000004,5,5,0,2.58,2.7
Oregon,Oregon > Coastal Region > 05,Coastal Region,Oceansides/Netarts,-,-123.97443,45.46653,1,1,0,4,4
Oregon,Oregon > Coastal Region > 06,Coastal Region,Rocky Creek,Otter Boulder,-124.06396,44.77793,1,1,0,2,2
Oregon,Oregon > Coastal Region > 07,Coastal Region,Shore Acres State Park,Main Cliff,-124.38608,43.32663,2,2,0,4,4
Oregon,Oregon > Coastal Region > 08,Coastal Region,Whale's Head Beach Bouldering.,-,-124.35329,42.13706,1,1,0,2.3,2.3
Oregon,Oregon > Coastal Region > 09,Coastal Region,Yachats,Dynabarnical Area,-124.1049875,44.325015,4,4,0,2.95,3
Wyoming,Wyoming > Cody > 00,Cody,Cedar Mountain,Lower Stonehenge,-109.13881777777777,44.50866111111111,18,14,4,2.6555555555555554,2.85
Wyoming,Wyoming > Cody > 01,Cody,North Fork of the Shoshone,Four Bear Towers,-109.426915,44.4869075,4,0,4,2.75,3
Wyoming,Wyoming > Cody > 02,Cody,Rattlesnake/Sphinx,Hueco Wall,-109.156670625,44.512625625,16,8,8,2.8125,3
Alabama,Alabama > Colbert Heights > 00,Colbert Heights,Main Boulder Area,-,-87.7051,34.6784,2,2,0,2.15,2.15
Tennessee,Tennessee > Collegedale Park > 00,Collegedale Park,Goliath wall,-,-85.04631333333334,35.04809,3,1,2,2.433333333333333,2.3
New York,New York > Colonial Greenway > 00,Colonial Greenway,Fenimore Road Area,Fennel Boulder,-73.75345285714286,40.96064142857143,7,7,0,3.5428571428571427,3.8
California,California > Colorado Springs > 00,Colorado Springs,Air Force Academy,Mt. Ansel,-104.88045142857143,38.927303809523806,21,21,0,2.4047619047619047,2
Colorado,Colorado > Colorado Springs > 00,Colorado Springs,Air Force Academy,Stanley Canyon,-104.8860825,38.83498384615385,52,0,52,2.4442307692307694,2.4
California,California > Colorado Springs > 01,Colorado Springs,Mount Herman,Highball Boulder,-104.92130555555556,39.06862,9,9,0,2.577777777777778,2.6
California,California > Colorado Springs > 02,Colorado Springs,North Cheyenne Canyon,Buckhorn Boulders,-104.87891333333333,38.779156666666665,12,12,0,2.575,2.55
California,California > Colorado Springs > 03,Colorado Springs,Pike's Peak,Pike's Peak Bouldering,-105.06490333333333,38.865473333333334,3,3,0,3.1,3
California,California > Colorado Springs > 04,Colorado Springs,Ute Valley Park,Coyote Sands,-104.8562975,38.914867,20,20,0,2.3,2.1
Rhode Island,Rhode Island > Connors Farm > 00,Connors Farm,Fox Cave,-,-71.56519166666666,41.905741666666664,6,6,0,2.4,2.4
Texas,Texas > Continental Ranch > 00,Continental Ranch,Shumla Bend Area,Emerald Pools Sector,-101.43973846153847,29.816671538461538,13,0,13,2.623076923076923,2.8
Iowa,Iowa > Coralville Lake Bouldering > 00,Coralville Lake Bouldering,Original Boulders,-,-93.5376,41.935,3,3,0,2.5,2.5
Illinois,Illinois > Cove Hollow > 00,Cove Hollow,The Dugout,-,-89.2999,37.6403,1,0,1,3.5,3.5
Iowa,Iowa > Crapo Park > 00,Crapo Park,-,-,-91.09776,40.77527,1,1,0,3,3
Texas,Texas > Cub Cave > 00,Cub Cave,-,-,-98.47001,29.64744,1,1,0,2,2
Tennessee,Tennessee > Cumberland Boulders > 00,Cumberland Boulders,Warm Up Boulder,-,-85.19749,35.25683,2,2,0,3.25,3.25
Maryland,Maryland > Cunningham Falls State Park > 00,Cunningham Falls State Park,Cliff Trail Boulders,-,-77.461198,39.626374,15,15,0,2.4066666666666667,2.5
Georgia,Georgia > Currahee Mountain > 00,Currahee Mountain,Currahee Boulders,Brick Wall,-83.37601866666667,34.52759733333333,15,12,3,2.3666666666666667,2
South Dakota,South Dakota > Custer State Park > 00,Custer State Park,Blue Bell Boulder,-,-103.52802342105264,43.83568815789474,38,13,25,2.7157894736842105,2.7
Virginia,Virginia > DC & Northern VA Region > 00,DC & Northern VA Region,Accotink Creek Bouldering,Overhang Cluster,-77.20681,38.76456,1,1,0,2,2
Virginia,Virginia > DC & Northern VA Region > 01,DC & Northern VA Region,Alum Springs,-,-77.4835,38.288,5,5,0,2.5,2.2
Virginia,Virginia > DC & Northern VA Region > 02,DC & Northern VA Region,Bears Den Boulders,-,-77.85641,39.11193,1,1,0,2.9,2.9
Virginia,Virginia > DC & Northern VA Region > 03,DC & Northern VA Region,Conway Robinson Memorial State Forest,Winfield Wall,-77.58831,38.8155,1,1,0,2.7,2.7
Virginia,Virginia > DC & Northern VA Region > 04,DC & Northern VA Region,Cross Country Trail Boulders,-,-77.21585,38.72644,3,3,0,2.2333333333333334,2.2
Virginia,Virginia > DC & Northern VA Region > 05,DC & Northern VA Region,Great Falls,Seclusion,-77.15952,38.87168285714286,14,14,0,2.428571428571429,2.5
Virginia,Virginia > DC & Northern VA Region > 06,DC & Northern VA Region,Thoroughfare Gap Boulders,D99999,-77.71065,38.82315,1,1,0,4,4
Maryland,Maryland > Dan's Mountain Wildlife Management Area > 00,Dan's Mountain Wildlife Management Area,Dan's Rock,-,-78.89771,39.58155,6,6,0,2.3333333333333335,2
New Hampshire,New Hampshire > Dartmouth / Lake Sunapee > 00,Dartmouth / Lake Sunapee,Bald Mountain Woods,-,-72.14691,43.38629,3,3,0,3.6666666666666665,4
New Hampshire,New Hampshire > Dartmouth / Lake Sunapee > 01,Dartmouth / Lake Sunapee,Lyme Hill,-,-72.1536475,43.789725,4,4,0,2.575,2.5
New Hampshire,New Hampshire > Dartmouth / Lake Sunapee > 02,Dartmouth / Lake Sunapee,Route 11 Boulder,-,-72.04684833333333,43.32839333333333,6,4,2,2.4333333333333336,2.05
Tennessee,Tennessee > Dayton Pocket/Laurel Falls Bouldering > 00,Dayton Pocket/Laurel Falls Bouldering,Riverdance Boulder,-,-85.03077666666667,35.54611666666667,3,3,0,2.2666666666666666,2.3
Tennessee,Tennessee > Deep Creek > 00,Deep Creek,Hemlock Block,Hemlock Block Proper,-85.1927175,35.296265,4,0,4,2.275,2.3
Tennessee,Tennessee > Denny Cove > 00,Denny Cove,Denny East,Salad Bar,-85.68266,35.15429,2,0,2,3.0999999999999996,3.0999999999999996
Colorado,Colorado > Denver South > 00,Denver South,Castlewood Canyon SP,C-Section,-104.75944875,39.34847625,8,0,8,2.3,2.2
Tennessee,Tennessee > Devil's Race Track > 00,Devil's Race Track,North Face,-,-84.22422666666667,36.32868333333334,3,0,3,2.7333333333333334,2.5
Wyoming,Wyoming > Devils Tower > 00,Devils Tower,Devil's Tower Bouldering,Entry Boulder,-104.717445,44.59019,2,1,1,2.7,2.7
Rhode Island,Rhode Island > Diamond Hill > 00,Diamond Hill,Diamond Mine,Lower Zales,-71.42848,42.00232,3,3,0,2.6666666666666665,3
Illinois,Illinois > Dixon Springs State Park > 00,Dixon Springs State Park,Ghost Dance Canyon,Lost Hallway,-88.67174916666667,37.38254833333333,12,12,0,2.3,2
Tennessee,Tennessee > Dogwood > 00,Dogwood,East Cliff,-,-85.07722749999999,35.499885,4,1,3,2.525,2.45
Wyoming,Wyoming > Dome Rock/Pedro Mountains > 00,Dome Rock/Pedro Mountains,-,-,-106.77144,42.29663,3,3,0,2.6666666666666665,3
New York,New York > Dorson's Rock > 00,Dorson's Rock,-,-,-73.56969,42.42855,6,6,0,2.55,2.65
Iowa,Iowa > Dows > 00,Dows,West Bluff,-,-91.50264,41.89758,7,7,0,4,4
Georgia,"Georgia > Dug Mountain (Hood Rock) Dalton, GA > 00","Dug Mountain (Hood Rock) Dalton, GA",-,-,-85.01534,34.743,4,4,0,2.5,2.5
Minnesota,Minnesota > Duluth Area > 00,Duluth Area,Beach Bouldering,26th St. Boulders,-92.17651068181819,46.76105909090909,44,43,1,2.5113636363636362,2.4
Minnesota,Minnesota > Duluth Area > 01,Duluth Area,Postpartum Wall,Upper Wall,-92.15769,46.7619725,4,4,0,2.325,2.25
Minnesota,Minnesota > Duluth Area > 02,Duluth Area,South Hartley Riverside,-,-92.089,46.9951,1,1,0,2,2
Minnesota,Minnesota > Duluth Area > 03,Duluth Area,Spirit Mountain boulders,Passion Pit,-92.22326,46.709646666666664,3,3,0,2.6666666666666665,3
Minnesota,Minnesota > Duluth Area > 04,Duluth Area,The Fox's Den,-,-92.089,46.9951,1,1,0,2,2
Minnesota,Minnesota > Duluth Area > 05,Duluth Area,The Hubers,Lower Huber,-92.15569333333333,46.75416333333333,3,3,0,2.6666666666666665,3
Colorado,Colorado > Dumont vicinity > 00,Dumont vicinity,Abattoir,-,-105.623802,39.783858,5,0,5,2.2600000000000002,2.1
Colorado,Colorado > Durango > 00,Durango,Cascade Canyon,F. Garden of Eden Wall (Pool Area),-107.80962,37.65773,3,0,3,2.4333333333333336,2.2
Colorado,Colorado > Durango > 01,Durango,East  Animas,I. Watch Crystal,-107.77588909090909,37.433873636363636,11,0,11,2.3727272727272726,2.3
Colorado,Colorado > Durango > 02,Durango,RV Wall,-,-107.77615,37.69904,1,0,1,2.9,2.9
Colorado,Colorado > Durango > 03,Durango,Sailing Hawks,Loiterland,-107.88309333333333,37.31039,3,0,3,2,2
Colorado,Colorado > Durango > 04,Durango,Vallecito Crags,Lakeview,-107.52819666666667,37.416893333333334,6,0,6,2.3666666666666667,2.3499999999999996
Colorado,Colorado > Durango > 05,Durango,X Rock,Sweet Sandstone,-107.86095,37.31119,1,0,1,2.4,2.4
Missouri,Missouri > EM: Al Foster Boulder > 00,EM: Al Foster Boulder,-,-,-90.62135,38.54329,4,4,0,2.55,2.6
Missouri,Missouri > EM: Amidon > 00,EM: Amidon,Bikini Bottom,-,-90.1497594117647,37.5677205882353,17,17,0,2.5588235294117645,2
Missouri,Missouri > EM: Astral Valley > 00,EM: Astral Valley,Billy Goat Bluff Wall,-,-90.40437833333334,38.026335,12,10,2,3.4166666666666665,4
Missouri,Missouri > EM: Boogerboo Bouldering > 00,EM: Boogerboo Bouldering,Creek Side Problems,-,-90.31455875,37.81487,8,8,0,3.5,4
Missouri,Missouri > EM: Chubb Trail Crag > 00,EM: Chubb Trail Crag,Chubb Trail Crack Wall,-,-90.57099,38.53108,2,0,2,2.2,2.2
Missouri,Missouri > EM: Creve Coeur Park > 00,EM: Creve Coeur Park,Littler Cliffs,-,-90.48772666666667,38.7002,3,3,0,2.8333333333333335,3
Missouri,Missouri > EM: Dutzow - Boulders > 00,EM: Dutzow - Boulders,Dutzow Boulders: Devil's Den Area,-,-90.99526125,38.598237499999996,8,8,0,2.5,2.4
Missouri,Missouri > EM: Elephant Rocks SP > 00,EM: Elephant Rocks SP,North Mountain,-,-90.68843090909091,37.653476363636365,22,22,0,2.840909090909091,2.8
Missouri,Missouri > EM: Franz Park Retaining Wall > 00,EM: Franz Park Retaining Wall,-,-,-90.30304,38.621,1,1,0,4,4
Missouri,Missouri > EM: Kirkwood Boulders > 00,EM: Kirkwood Boulders,West Side,-,-90.43897,38.56593,1,1,0,2,2
Missouri,Missouri > EM: Robinson Bluff > 00,EM: Robinson Bluff,"1: South, Climber's Left of Stairs",A: Lily Wall,-90.62641419354838,38.01186903225806,31,6,25,2.825806451612903,3
Missouri,Missouri > EM: Rockwoods Reservation > 00,EM: Rockwoods Reservation,Colony Wall,-,-90.64772,38.56144,2,0,2,2.5,2.5
Missouri,Missouri > EM: Sage Mountain Recreation Area > 00,EM: Sage Mountain Recreation Area,Mountain Left,03: Rabit Ear Boulder,-91.27727225806451,38.61638838709678,31,26,5,3.425806451612903,3.4
Missouri,Missouri > EM: Shepherd Mountain > 00,EM: Shepherd Mountain,Cannon Ball Boulder Wall,-,-90.64409818181818,37.61040272727273,11,11,0,2.727272727272727,3
Missouri,Missouri > EM: Silver Mines > 00,EM: Silver Mines,River Left (East Side),C: Little Roof,-90.441710625,37.558181875,16,15,1,3.525,4
Missouri,Missouri > EM: St. Francois State Park > 00,EM: St. Francois State Park,Boulders,East Bluff Bouldering,-90.53172216216217,37.97331513513514,37,36,1,2.4054054054054053,2.3
Colorado,Colorado > Eagle/Vail/Minturn/Red Cliff > 00,Eagle/Vail/Minturn/Red Cliff,Gilman Canyon,Napoleon Wall,-106.37622166666667,39.49916333333333,6,0,6,2.4166666666666665,2.3499999999999996
Colorado,Colorado > Eagle/Vail/Minturn/Red Cliff > 01,Eagle/Vail/Minturn/Red Cliff,Lime Park (a.k.a. Lime Creek),Team Wall,-106.65564666666667,39.40747333333333,6,0,6,2.4,2.3499999999999996
Colorado,Colorado > Eagle/Vail/Minturn/Red Cliff > 02,Eagle/Vail/Minturn/Red Cliff,Wolcott Crags and Boulders,Eagle Wall,-106.70158333333333,39.714875,6,0,6,2.5833333333333335,2.55
North Dakota,North Dakota > East Grand WALL > 00,East Grand WALL,-,-,-97.03191,47.93685,1,1,0,3,3
Idaho,Idaho > East Idaho > 00,East Idaho,Badger Creek Boulders,Free Bluff,-111.15123666666668,43.863524999999996,6,6,0,2.4166666666666665,2.4
Idaho,Idaho > East Idaho > 01,East Idaho,Bear Lake - Caribou Area,Bloomington Lake,-111.576075,42.14436,2,2,0,2.75,2.75
Idaho,Idaho > East Idaho > 02,East Idaho,Crank Cave,-,-112.03624,43.25773,1,0,1,2.5,2.5
Idaho,Idaho > East Idaho > 03,East Idaho,Darby Canyon,-,-111.0238,43.6769,3,0,3,2.2666666666666666,2.2
Idaho,Idaho > East Idaho > 04,East Idaho,Highway Pond,La Tasca Wall,-112.38027,42.81257,1,0,1,2,2
Idaho,Idaho > East Idaho > 05,East Idaho,Massacre Rocks,All American Area,-113.00560277777778,42.67688888888889,18,2,16,2.272222222222222,2
Idaho,Idaho > East Idaho > 06,East Idaho,Palisades Creek,The Pines,-111.201705,43.39842,2,0,2,2,2
Idaho,Idaho > East Idaho > 07,East Idaho,Paramount Rock,-,-111.6543,43.6379,5,0,5,2.36,2.4
Idaho,Idaho > East Idaho > 08,East Idaho,Playground pump station,-,-112.04574,43.26302,1,0,1,2.5,2.5
Idaho,Idaho > East Idaho > 09,East Idaho,Pocatello Area Bouldering,Massacre Rocks State Park,-112.987019,42.679362499999996,20,20,0,2.4,2.15
Idaho,Idaho > East Idaho > 10,East Idaho,Pocatello Area Bouldering,Redhill Trail Bouldering,-112.40706875,42.83116625,16,16,0,2.3625,2.25
Idaho,Idaho > East Idaho > 11,East Idaho,Pointless Crag,-,-111.64161,43.60011,2,0,2,2.75,2.75
Idaho,Idaho > East Idaho > 12,East Idaho,Ross Park,Sunny Side,-112.4178425,42.838,8,0,8,2.4875,2.45
Idaho,Idaho > East Idaho > 13,East Idaho,Teddy Bear Cove,02. The Head Wall,-113.06957857142856,42.719635,14,0,14,2.4642857142857144,2.5
Idaho,Idaho > East Idaho > 14,East Idaho,Teton Dam (Lower Teton River Canyon),Big Dam Boulder,-111.54748928571429,43.90465107142857,28,28,0,2.525,2.5
Idaho,Idaho > East Idaho > 15,East Idaho,The Playground,-,-112.01199666666666,43.26873,3,0,3,2.466666666666667,2.6
South Dakota,South Dakota > East Side SD > 00,East Side SD,Dells Of The Sioux River,Community Cove,-96.713195,43.809627,10,4,6,2.4,2.25
South Dakota,South Dakota > East Side SD > 01,East Side SD,Devils Gulch,Boulder Wall,-96.51582866666666,43.693297333333334,15,15,0,2.48,2.4
Wyoming,Wyoming > Eastern Big Horns > 00,Eastern Big Horns,Big Willow Crag and Bouldering,Kennel Boulders,-107.5475,44.76059,1,1,0,3,3
Wyoming,Wyoming > Eastern Big Horns > 01,Eastern Big Horns,Crazy Woman Crags,Crazy Woman Cliff,-106.87118,44.17185,2,0,2,2.4000000000000004,2.4000000000000004
Wyoming,Wyoming > Eastern Big Horns > 02,Eastern Big Horns,Highway 14a Boulders,Descent Boulders (aka Bluebell Boulders),-107.81416666666667,44.807473333333334,3,3,0,2.6666666666666665,3
Wyoming,Wyoming > Eastern Big Horns > 03,Eastern Big Horns,Highway 16 granite,The Enormodome,-106.98951500000001,44.31552000000001,2,0,2,2.5,2.5
Wyoming,Wyoming > Eastern Big Horns > 04,Eastern Big Horns,Piney Creek Canyon,Second Wind Wall,-106.93674999999999,44.55755125,8,0,8,2.45,2.4
Wyoming,Wyoming > Eastern Big Horns > 05,Eastern Big Horns,Sobchak Security Wall,-,-107.41542333333334,44.80119,3,0,3,2.8333333333333335,2.8
Wyoming,Wyoming > Eastern Big Horns > 06,Eastern Big Horns,Tie Hack Cliff,-,-106.92117,44.28497,1,1,0,4,4
Wyoming,Wyoming > Eastern Big Horns > 07,Eastern Big Horns,Tongue River Canyon,Happy Trails,-107.35804625,44.850733749999996,8,1,7,2.675,2.9
Connecticut,Connecticut > Eastern Coastal Slope > 00,Eastern Coastal Slope,9 Wall (Feather Ledges),-,-72.59182,41.35479,4,0,4,2.45,2.5
Connecticut,Connecticut > Eastern Highlands > 00,Eastern Highlands,Ross Rocks,5. Table Rock,-71.86603,41.7785,1,0,1,2.7,2.7
Nevada,Nevada > Eastern Nevada > 00,Eastern Nevada,Angel Lake,Water's Edge Crag,-115.08795,41.02534,1,0,1,2,2
Nevada,Nevada > Eastern Nevada > 01,Eastern Nevada,Cowboy,-,-115.82222,40.9005,1,0,1,2,2
Nevada,Nevada > Eastern Nevada > 02,Eastern Nevada,Lamoille Canyon,Dead Snag (aka Great White Wall),-115.42241,40.65804,1,0,1,2,2
Nevada,Nevada > Eastern Nevada > 03,Eastern Nevada,Toano Range,Hawk Rock,-114.31358,40.9893575,4,0,4,2.75,3
Nevada,Nevada > Eastern Nevada > 04,Eastern Nevada,Wheeler Peak,-,-114.31392,38.98578,1,1,0,2,2
Ohio,Ohio > Eastern Ohio > 00,Eastern Ohio,Long Run Boulders,The Anvil Boulder,-81.03320666666667,39.86597380952381,21,21,0,2.380952380952381,2
Ohio,Ohio > Eastern Ohio > 01,Eastern Ohio,Salt Fork State Park,Cabin Boulders,-81.5252611111111,40.11732333333333,27,27,0,2.411111111111111,2
California,California > Eastern Sierra > 00,Eastern Sierra,Bishop Area,Buttermilk Country,-118.6034807368421,37.46920989473684,95,0,95,2.5294736842105263,2.5
Colorado,Colorado > Eastern Sierra > 00,Eastern Sierra,Bishop Area,Buttermilk Country,-118.49222975609756,37.37799280487805,82,82,0,2.678048780487805,2.6500000000000004
California,California > Eastern Sierra > 01,Eastern Sierra,Eastern Hills,Benton Crags,-118.56658666666667,37.72872666666667,3,0,3,2.6,2.5
California,California > Eastern Sierra > 02,Eastern Sierra,Eastern Hills,Sagehen Summit Area,-118.8155775,37.908564999999996,4,0,4,2.8,2.5
Colorado,Colorado > Eastern Sierra > 01,Eastern Sierra,June Lake Area,* June Lake Bouldering,-119.05989076923076,37.813901538461536,13,13,0,2.830769230769231,2.8
California,California > Eastern Sierra > 03,Eastern Sierra,June Lake Area,Rush,-119.125418,37.828732,5,0,5,2.5,2.5
California,California > Eastern Sierra > 04,Eastern Sierra,Lone Pine Area,Alabama Hills,-118.12587571428571,36.59873306122449,49,0,49,2.453061224489796,2.4
Colorado,Colorado > Eastern Sierra > 02,Eastern Sierra,Mammoth Lakes Area,* Mammoth Lakes Bouldering,-118.94584894736842,37.63061421052632,19,19,0,2.6894736842105265,2.6
California,California > Eastern Sierra > 05,Eastern Sierra,Mammoth Lakes Area,Al's Garage,-118.92509,37.77473,1,0,1,2.7,2.7
California,California > Eastern Sierra > 06,Eastern Sierra,Mammoth Lakes Area,Casa Diablo Mountain,-118.55407,37.575712,5,0,5,2.38,2.3
California,California > Eastern Sierra > 07,Eastern Sierra,Mammoth Lakes Area,Clark Canyon,-118.95216428571429,37.71570857142857,21,0,21,2.4904761904761905,2.5
California,California > Eastern Sierra > 08,Eastern Sierra,Mammoth Lakes Area,Looking Wall,-118.7487,37.7554,1,0,1,2.3,2.3
Colorado,Colorado > Eastern Sierra > 03,Eastern Sierra,Mammoth Lakes Area,Rock Creek,-118.64137071428571,37.55734928571429,14,14,0,2.7071428571428573,2.6
California,California > Eastern Sierra > 09,Eastern Sierra,Mammoth Lakes Area,Rock Creek,-118.65854666666667,37.53831666666667,9,0,9,2.411111111111111,2.4
California,California > Eastern Sierra > 10,Eastern Sierra,Mammoth Lakes Area,Warming Wall,-119.003,37.6478,1,0,1,2.5,2.5
California,California > Eastern Sierra > 11,Eastern Sierra,Northern Area,Mono Diggins,-119.15415,38.0877,1,0,1,2,2
West Virginia,West Virginia > Eastern WV > 00,Eastern WV,Bear Haven,-,-79.38635868421053,39.069134210526315,38,38,0,2.7263157894736842,3
West Virginia,West Virginia > Eastern WV > 01,Eastern WV,Franklin Gorge,Main Wall,-79.31318363636363,38.71761,22,0,22,2.7,2.6500000000000004
West Virginia,West Virginia > Eastern WV > 02,Eastern WV,Smoke Hole Canyon,Copperhead Cove,-79.60281,38.08601,3,0,3,2.5,2.5
West Virginia,West Virginia > Eastern WV > 03,Eastern WV,Smoke Hole Canyon,Entrance Walls.,-79.27273846153847,38.84991,13,0,13,2.623076923076923,2.6
West Virginia,West Virginia > Eastern WV > 04,Eastern WV,Spruce Knob Bouldering,1 Entrance boulder,-79.53447666666666,38.698206666666664,3,3,0,3.1,2.8
Massachusetts,"Massachusetts > Eastern, MA > 00","Eastern, MA","Area 69, Beford, MA",-,-71.30431,42.47001,2,2,0,2.75,2.75
Massachusetts,"Massachusetts > Eastern, MA > 01","Eastern, MA",Ayer Boulders,Bullfrog Boulder,-71.61301909090909,42.47625818181818,22,22,0,2.331818181818182,2
Massachusetts,"Massachusetts > Eastern, MA > 02","Eastern, MA",Borderland State Park Easton,Ames Boulder,-71.1629,42.06479,5,5,0,2.26,2
Massachusetts,"Massachusetts > Eastern, MA > 03","Eastern, MA",Boulder Brook Reservation,Elephant Rock,-71.25235666666667,42.42402333333334,6,6,0,2.15,2.1
Massachusetts,"Massachusetts > Eastern, MA > 04","Eastern, MA",Cavern Rock Park,Cavern Area,-70.93240333333333,42.203406666666666,3,3,0,2.6,2.5
Massachusetts,"Massachusetts > Eastern, MA > 05","Eastern, MA",Chelmsford Lime Quarry,-,-71.36190500000001,42.585345000000004,4,4,0,2.125,2
Massachusetts,"Massachusetts > Eastern, MA > 06","Eastern, MA",College Rock,Graduate Boulder,-71.4998,42.1945,3,3,0,3,3
Massachusetts,"Massachusetts > Eastern, MA > 07","Eastern, MA",Danforth Falls,River Rock,-71.57644,42.40425,1,1,0,2,2
Massachusetts,"Massachusetts > Eastern, MA > 08","Eastern, MA",Devil's Rock,-,-71.27183416666666,42.0628175,12,12,0,2.175,2
Massachusetts,"Massachusetts > Eastern, MA > 09","Eastern, MA",Hammond Pond,Alcove Area,-71.16535882352942,42.30504705882353,17,17,0,2.347058823529412,2.1
Massachusetts,"Massachusetts > Eastern, MA > 10","Eastern, MA",Harvard Yard,-,-71.58682,42.50996,4,4,0,2.25,2
Massachusetts,"Massachusetts > Eastern, MA > 11","Eastern, MA",High Street bouldering,Summertime Boulder,-71.06948,41.78912666666667,3,3,0,2.566666666666667,2.7
Massachusetts,"Massachusetts > Eastern, MA > 12","Eastern, MA",Holbrook Town Forest,Pascal Wager,-70.98462,42.16836,2,2,0,2,2
Massachusetts,"Massachusetts > Eastern, MA > 13","Eastern, MA",Hopkinton State Park,-,-71.53066,42.24268,1,0,1,3,3
Massachusetts,"Massachusetts > Eastern, MA > 14","Eastern, MA",Lincoln Heights,-,-71.01878,42.2389,1,1,0,3,3
Massachusetts,"Massachusetts > Eastern, MA > 15","Eastern, MA",Lowell-Dracut-Tyngsboro State Forest,-,-71.36827,42.65712,3,3,0,2,2
Massachusetts,"Massachusetts > Eastern, MA > 16","Eastern, MA",Middlesex Fells,Black and White Rocks,-71.09800574074075,42.44090851851852,54,54,0,2.4703703703703703,2.45
Massachusetts,"Massachusetts > Eastern, MA > 17","Eastern, MA",Milford Bouldering,Atomic Boulder,-71.5152595,42.1652355,20,20,0,2.475,2.3
Massachusetts,"Massachusetts > Eastern, MA > 18","Eastern, MA",Needham Town Forest,Rainbow Rocks,-71.22166833333333,42.298455000000004,6,6,0,2.3166666666666664,2.2
Massachusetts,"Massachusetts > Eastern, MA > 19","Eastern, MA",Ponkapoag Pond,Hill Top Boulders,-71.047528,42.243677,10,9,1,2.45,2.5
Massachusetts,"Massachusetts > Eastern, MA > 20","Eastern, MA",Rocky Woods,Hemlock Knoll,-71.27686,42.20786,2,2,0,2,2
Massachusetts,"Massachusetts > Eastern, MA > 21","Eastern, MA",Rollstone Boulder,-,-71.80591,42.58665,1,1,0,3,3
Massachusetts,"Massachusetts > Eastern, MA > 22","Eastern, MA",Route 138 Boulder,-,-71.11905,42.20873,1,1,0,2,2
Massachusetts,"Massachusetts > Eastern, MA > 23","Eastern, MA",Shining Rock,Back Nine Boulder,-71.635625,42.151815,2,2,0,3,3
Massachusetts,"Massachusetts > Eastern, MA > 24","Eastern, MA",Smoke House Boulder,-,-71.06579,42.15733,1,1,0,2.5,2.5
Massachusetts,"Massachusetts > Eastern, MA > 25","Eastern, MA","Standing Rock, Harvard",-,-71.56069,42.48538,1,1,0,3.8,3.8
Massachusetts,"Massachusetts > Eastern, MA > 26","Eastern, MA",Stickney's Boulder,-,-71.0107,42.7557,1,1,0,2,2
Massachusetts,"Massachusetts > Eastern, MA > 27","Eastern, MA",Stony Brook Reservation,Banana Split,-71.1374,42.25097,1,1,0,2,2
Massachusetts,"Massachusetts > Eastern, MA > 28","Eastern, MA",Sunset Bay Boulder,-,-71.3415,42.55418,1,1,0,3,3
Massachusetts,"Massachusetts > Eastern, MA > 29","Eastern, MA",The Assonet Ledge,Assonet Ledge bouldering,-71.09063,41.76174,2,2,0,3,3
Massachusetts,"Massachusetts > Eastern, MA > 30","Eastern, MA","Townsend, MA Bouldering",Barker Hill,-71.7437675,42.684969583333334,24,24,0,2.1875,2
Massachusetts,"Massachusetts > Eastern, MA > 31","Eastern, MA",Upton Bouldering,Peppercorn Hill Central Area,-71.57191714285715,42.18975142857143,14,14,0,2.2714285714285714,2
Massachusetts,"Massachusetts > Eastern, MA > 32","Eastern, MA",Whipple Hill Conservation Area,Whipple Boulder,-71.20881333333332,42.458333333333336,9,9,0,2.2888888888888888,2
Massachusetts,"Massachusetts > Eastern, MA > 33","Eastern, MA",Wilson Mountain Reservation,Overshadowed,-71.199428,42.25911,5,5,0,2.66,3
Colorado,Colorado > Ebbets Pass Highway (4) > 00,Ebbets Pass Highway (4),Bear Valley,Hell's Kitchen,-120.040645,38.4260575,4,4,0,3,3
Maryland,Maryland > Eden Brook > 00,Eden Brook,-,-,-76.87397,39.1666,1,1,0,2.5,2.5
Texas,Texas > Eisenhower State Park > 00,Eisenhower State Park,Elm Point,Blood Boulder,-96.61847250000001,33.828615,4,4,0,2.25,2
New Mexico,New Mexico > El Rito > 00,El Rito,El Rito Sport Area,45 Degree Boulder,-106.20496523809524,36.393302380952385,21,1,20,2.3095238095238093,2.3
Kansas,Kansas > Elk City Area > 00,Elk City Area,Memorial Overlook,Breakfast Boulder,-95.77877777777778,37.27701,9,9,0,2.2222222222222223,2
Kansas,Kansas > Elk City Lake North Shore Boulders > 00,Elk City Lake North Shore Boulders,Fracker of the Choss,-,-95.81562500000001,37.262125,6,6,0,2,2
Minnesota,Minnesota > Ely Area > 00,Ely Area,Burntside Lake Climbing,Science Boulder,-92.02936,47.91087,1,1,0,3,3
California,California > Empire > 00,Empire,Junction Boulder,-,-105.78872700000001,39.778091,10,10,0,2.18,2
Colorado,Colorado > Empire > 00,Empire,The Halidome,Main Wall,-105.74482,39.76799,1,0,1,3,3
Texas,Texas > Enchanted Rock State Natural Area > 00,Enchanted Rock State Natural Area,Echo Canyon,Breakfast Boulder,-98.81966,30.50402,20,14,6,2.73,2.75
New Mexico,New Mexico > Enchanted Tower > 00,Enchanted Tower,Frog Prince,-,-107.9170775,34.23124,4,0,4,1.95,1.95
Colorado,Colorado > Estes Park Valley > 00,Estes Park Valley,Big Thompson Canyon,Beige Tube Area / The Narrows,-105.41575357142857,40.37877517857143,56,0,56,2.289285714285714,2.1500000000000004
California,California > Estes Park Valley > 00,Estes Park Valley,Big Thompson Canyon,Round Mountain,-105.22604,40.42152,1,1,0,2,2
California,California > Estes Park Valley > 01,Estes Park Valley,Box Prarie Boulders and Climbs-Dragon Scales Rock,-,-105.54524583333334,40.380098333333336,24,24,0,2.404166666666667,2
Colorado,Colorado > Estes Park Valley > 01,Estes Park Valley,Fall River Road (US 34 West),McGregor Slab,-105.5459625,40.392775,4,0,4,2.625,2.7
Maryland,Maryland > Fallston Boulder Garden > 00,Fallston Boulder Garden,Hollowdays,-,-76.43116888888889,39.50626888888889,9,9,0,2.4555555555555557,2.4
Illinois,Illinois > Ferne Clyffe & Cedar Bluff > 00,Ferne Clyffe & Cedar Bluff,Cedar Bluff Land and Water Reserve,A: Playground Wall -Detention Area,-89.00316,37.530561666666664,12,2,10,2.9166666666666665,3
Texas,Texas > Fiesta Wall > 00,Fiesta Wall,Right of The Bow,-,-98.60245,29.60195,3,3,0,2,2
Maryland,Maryland > Fork Run > 00,Fork Run,The Boulders,-,-79.40165999999999,39.52672333333333,3,2,1,3.1,3.3
California,California > Fort Collins > 00,Fort Collins,CSU Campus,NE sector,-105.08301777777777,40.572248888888886,9,9,0,2.6777777777777776,2.6
California,California > Fort Collins > 01,Fort Collins,Carter Lake,Chain Rock,-105.21368368421052,40.32013157894737,19,19,0,2.389473684210526,2.4
California,California > Fort Collins > 02,Fort Collins,Horsetooth Reservoir,Marina Ridge,-105.16217318181819,40.56695090909091,44,44,0,2.5090909090909093,2.5
Colorado,Colorado > Fort Collins > 00,Fort Collins,Horsetooth Reservoir,Torture Chamber,-105.32858875,40.65490625,8,0,8,2.475,2.55
Colorado,Colorado > Fort Collins > 01,Fort Collins,Poudre Canyon,Low Hanging Fruit Crag,-105.36247846153846,40.68673153846154,13,0,13,2.2846153846153845,2.4
California,California > Fort Collins > 03,Fort Collins,Poudre Canyon,Pingree Park Road,-105.49995,40.67215,1,1,0,2,2
California,California > Fort Collins > 04,Fort Collins,Poudre Canyon,Poudre Practice Rock,-105.26148,40.69255,1,1,0,2.3,2.3
California,California > Fort Collins > 05,Fort Collins,Poudre Canyon,Prione,-105.74885,40.71015,1,1,0,2.5,2.5
California,California > Fort Collins > 06,Fort Collins,Poudre Canyon,The Narrows,-105.73970464285715,40.67608857142857,28,28,0,2.5357142857142856,2.55
Colorado,Colorado > Fort Collins > 02,Fort Collins,Poudre Canyon,West of Rustic,-105.81793333333333,40.62036,3,0,3,2.2333333333333334,2.3
California,California > Fort Collins > 07,Fort Collins,Poudre Canyon,Young Gulch,-105.42366200000001,40.733914,5,5,0,2.6,2
Colorado,Colorado > Fort Collins > 03,Fort Collins,Red Feather Lakes,Boy Scout Road Areas,-105.52418666666667,40.810249999999996,3,0,3,2.3333333333333335,2
Louisiana,Louisiana > Fort Proctor > 00,Fort Proctor,-,-,-89.67839,29.86723,2,2,0,3,3
Tennessee,Tennessee > Foster Falls > 00,Foster Falls,03. So What Area,-,-85.68358227272726,35.17769863636364,22,1,21,2.5136363636363637,2.45
Illinois,Illinois > Fountain Bluff Land and Water Reserve > 00,Fountain Bluff Land and Water Reserve,C. The Big Wall,-,-89.49047833333333,37.70402833333333,6,0,6,3,3
Colorado,Colorado > Four Corners Area > 00,Four Corners Area,Dolores River Canyon (Dove Creek),B. Box Elder Crag,-108.82243,37.8061,2,0,2,2.4000000000000004,2.4000000000000004
Kentucky,Kentucky > Foxtown Boulders > 00,Foxtown Boulders,Biosphere,Darkness Sector,-83.9946398630137,37.499252739726025,73,73,0,2.4356164383561643,2
Texas,Texas > Franklin Mountain Range > 00,Franklin Mountain Range,Crazy Cat a.k.a. Palisades,-,-106.48961222222222,31.823945555555557,9,4,5,2.3222222222222224,2.2
Wyoming,Wyoming > Fremont Canyon > 00,Fremont Canyon,Brown's Park,Klettergarten,-106.80703083333333,42.48679916666667,12,6,6,2.591666666666667,2.55
Colorado,Colorado > Fremont Pass > 00,Fremont Pass,Cecilville Slab aka Cecil Rock,-,-106.21737,39.33014,3,0,3,2.433333333333333,2.4
Georgia,Georgia > G-wall > 00,G-wall,-,-,-83.9637,34.6465,1,0,1,2,2
New Mexico,New Mexico > Gallup Area > 00,Gallup Area,Mentmore,New Side,-108.86991,35.51233333333333,3,0,3,2.533333333333333,2.6
New Mexico,New Mexico > Gallup Area > 01,Gallup Area,Red Rock Park,-,-108.69067333333334,35.546734444444446,9,9,0,2.8222222222222224,3
California,California > Georgetown > 00,Georgetown,Guanella Pass,7 Mile Boulders,-105.70883133333334,39.635860666666666,15,15,0,2.38,2.4
Colorado,Colorado > Georgetown > 00,Georgetown,Inaugural Crag,-,-105.693,39.71553,2,0,2,2,2
Illinois,Illinois > Giant City State Park > 00,Giant City State Park,A. Shelter 1 Bluff,-,-89.19234428571428,37.59898428571429,7,4,3,2.928571428571429,2.9
New York,New York > Glenmeal > 00,Glenmeal,Near East,Middle East Boulder,-75.0261225,44.525965,4,4,0,2.125,2
Colorado,Colorado > Glenwood Springs > 00,Glenwood Springs,Glenwood Canyon,Grey Slabs (aka Sugar Slabs),-107.28599769230769,39.56747307692308,13,0,13,2.3153846153846156,2.3
California,California > Glenwood Springs > 00,Glenwood Springs,Glenwood Canyon,No Name Canyon,-107.25593,39.573835,4,4,0,2.075,2
Minnesota,Minnesota > Gluek park tree bouldering > 00,Gluek park tree bouldering,-,-,-93.27236,45.0086,1,1,0,3,3
Georgia,Georgia > Gold Mine Boulders > 00,Gold Mine Boulders,-,-,-84.06251,34.094970000000004,1,1,0,2.5,2.5
Colorado,Colorado > Golden > 00,Golden,Clear Creek Canyon,Capitalist Crag,-105.32820184210526,39.75390078947368,76,0,76,2.348684210526316,2.3
California,California > Golden > 00,Golden,Clear Creek Canyon,Clear Creek Canyon Bouldering,-105.27697870967742,39.74717451612903,31,31,0,2.467741935483871,2.3
Nebraska,Nebraska > Goon Stretch > 00,Goon Stretch,-,-,-96.30181,41.19784,5,5,0,2.26,2
Georgia,Georgia > Graffiti Boulder > 00,Graffiti Boulder,-,-,-83.57629,34.8848,1,1,0,2,2
Colorado,Colorado > Grand County / Fraser Valley > 00,Grand County / Fraser Valley,Hurd Creek Crag,First Wall,-105.77559600000001,40.016693,10,0,10,2.34,2.3499999999999996
Colorado,Colorado > Grand Junction Area > 00,Grand Junction Area,Bullet Hole Boulder Area,Upper Cliff Band Roped Area,-108.65356499999999,39.06727,2,0,2,2,2
California,California > Grand Junction Area > 00,Grand Junction Area,Colorado National Monument,Corkscrew Boulders,-108.66984,39.0596975,4,4,0,2.5,2.5
California,California > Grand Junction Area > 01,Grand Junction Area,De Beque Canyon,Big Wash,-108.273245,39.18044,2,2,0,2.3,2.3
California,California > Grand Junction Area > 02,Grand Junction Area,Dynamite Shacks,D-Shacks Cliffband,-108.62736739130435,39.04760869565217,23,23,0,2.5869565217391304,2.8
Colorado,Colorado > Grand Junction Area > 01,Grand Junction Area,Grand Mesa,Land's End Area,-108.19188,39.002665,4,0,4,2.7,2.65
Colorado,Colorado > Grand Junction Area > 02,Grand Junction Area,Unaweep Canyon,Cactus Park,-108.49447,38.87642,1,0,1,2.9,2.9
California,California > Grand Junction Area > 03,Grand Junction Area,Unaweep Canyon,Gateway Vicinity aka The West End,-109.05608,38.74738,1,1,0,3,3
California,California > Grand Junction Area > 04,Grand Junction Area,Unaweep Canyon,Gateway Vicinity aka The West End,-108.89745,38.51582,3,3,0,2.6666666666666665,3
California,California > Grand Junction Area > 05,Grand Junction Area,Unaweep Canyon,Main Canyon: Unaweep Granite,-108.49726035460994,38.91415546099291,282,282,0,2.2280141843971633,2
Colorado,Colorado > Grand Junction Area > 03,Grand Junction Area,Unaweep Canyon,Main Canyon: Unaweep Granite,-108.9017,38.73553,2,0,2,2.5,2.5
Colorado,Colorado > Grand Junction Area > 04,Grand Junction Area,Unaweep Canyon,Main Canyon: Unaweep Granite,-108.55031,38.87081466666667,15,0,15,2.4266666666666667,2.4
New York,New York > Grand Lake Reserve > 00,Grand Lake Reserve,Fairyland Wall,-,-75.736049,44.330644,20,20,0,2.625,2.25
Wyoming,Wyoming > Grand Teton National Park > 00,Grand Teton National Park,Blacktail Butte,Upper Blacktail Butte,-110.74320461538461,43.71409615384615,13,9,4,2.7384615384615385,2.6
Wyoming,Wyoming > Grand Teton National Park > 01,Grand Teton National Park,Taggart lake boulders,Moraine pinnacle,-109.86631,44.25099,1,1,0,2,2
Tennessee,Tennessee > Graysville - Dinner Branch > 00,Graysville - Dinner Branch,Brohemian,-,-85.113,35.46462,1,0,1,2.7,2.7
Maryland,Maryland > Great Falls - Maryland Side > 00,Great Falls - Maryland Side,C&O Stage,-,-77.23734222222222,38.981226666666664,9,9,0,2.522222222222222,2.7
New Hampshire,New Hampshire > Great North Woods Region > 00,Great North Woods Region,Boundary Boulder,-,-71.10079,45.2846,1,1,0,2,2
New Hampshire,New Hampshire > Great North Woods Region > 01,Great North Woods Region,Littleton Boulder,-,-71.83841,44.34061,2,2,0,2,2
New Hampshire,New Hampshire > Great North Woods Region > 02,Great North Woods Region,Mount Forist,2. South End,-71.13315,44.4685525,4,2,2,2.4,2.3
Oklahoma,Oklahoma > Great Plains State Park > 00,Great Plains State Park,Island Boulders,-,-98.9811,34.75117,4,4,0,3.25,3.5
Massachusetts,Massachusetts > Greater Boston > 00,Greater Boston,Franklin Park,Badger Rock,-71.10034272727273,42.33170727272727,33,33,0,2.521212121212121,2
New York,New York > Green Lakes State Park > 00,Green Lakes State Park,-,-,-75.97993,43.0388,1,1,0,2.5,2.5
Alabama,Alabama > Green Mountain > 00,Green Mountain,-,-,-86.52966,34.58293,1,1,0,3,3
Wyoming,Wyoming > Green River > 00,Green River,Sugar Bowl Tower,-,-109.4684775,41.50711750000001,4,1,4,2.425,2.5
Tennessee,Tennessee > Greenway Boulders > 00,Greenway Boulders,-,-,-86.42301,35.87475,3,3,0,2.8333333333333335,2.9
Texas,Texas > Guadalupe River State Park > 00,Guadalupe River State Park,-,-,-98.48607,29.87386,1,1,0,4,4
Wyoming,Wyoming > Guernsey State Park > 00,Guernsey State Park,Area 3:  The Revolutionary Climbing Wall of Dead Man's Gulch,-,-104.759572,42.29599,10,0,10,2.32,2.15
Minnesota,Minnesota > Gunflint Trail > 00,Gunflint Trail,-,-,-90.3421,47.7626,5,5,0,3.4,4
Colorado,Colorado > Gunnison > 00,Gunnison,Blue Mesa Inlet,-,-106.928,38.5448,1,0,1,2,2
Colorado,Colorado > Gunnison > 01,Gunnison,God's Crag,High Gravity Wall,-107.44581,38.01242,2,0,2,2.35,2.35
Colorado,Colorado > Gunnison > 02,Gunnison,Hartman Rocks,Beginner's Slab,-106.94386,38.492560833333336,12,0,12,2.558333333333333,2.5
Colorado,Colorado > Gunnison > 03,Gunnison,Spring Creek,Roadside Crag,-106.791505,38.727115,4,0,4,2.325,2.4
Colorado,Colorado > Gunnison > 04,Gunnison,"The Point, Powderhorn, Colorado (AKA Indian Creek)",-,-107.16446,38.24062,4,0,4,2.225,2.2
Maryland,Maryland > Gunpowder Falls - Hereford Area > 00,Gunpowder Falls - Hereford Area,Hereford Bouldering,Midway Crag,-76.55493,39.525895000000006,2,2,0,2.5,2.5
Texas,Texas > Hamm Creek Park > 00,Hamm Creek Park,Bailey Hollow,Auspicious Wall,-97.46338727272727,32.17305,11,6,5,2.5454545454545454,2.5
Rhode Island,Rhode Island > Handy Pond Preserve > 00,Handy Pond Preserve,Diving Board Boulder,-,-71.4744325,41.9554825,4,4,0,2.75,3
Maryland,Maryland > Harper's Ferry > 00,Harper's Ferry,Balcony Rock Boulders,-,-77.72204931818182,39.32408818181818,44,44,0,2.338636363636364,2
New York,New York > Harriman State Park > 00,Harriman State Park,Pine Swamp Mountain area via Long Path,-,-74.124695,41.230644999999996,2,2,0,3,3
Maryland,Maryland > Herring Run > 00,Herring Run,Sus Rock (Crossland Boulder),-,-76.57507,39.32898,1,1,0,3,3
Colorado,Colorado > High Desert > 00,High Desert,* High Desert Bouldering,Wagon Wheel,-117.5367,35.58149,1,1,0,4,4
California,California > High Desert > 00,High Desert,Antelope Valley Area,Devil's Punchbowl,-117.85719999999999,34.41410666666667,3,0,3,2.8666666666666667,2.8
California,California > High Desert > 01,High Desert,Apple Valley Area,Deadman's Point,-117.0734060638298,34.57376361702128,94,0,94,2.2904255319148934,2.1500000000000004
Colorado,Colorado > High Desert > 01,High Desert,Apple Valley Area,Fairview Mountain,-117.120833,34.528562,10,10,0,2.95,3
California,California > High Desert > 02,High Desert,Johnson Valley Area,Ghost Road Area,-116.4181975,34.3324625,4,0,4,2.6,2.3499999999999996
Colorado,Colorado > High Desert > 02,High Desert,Johnson Valley Area,Ghost Road Area,-116.47931,34.295784999999995,2,2,0,3.5,3.5
California,California > High Desert > 03,High Desert,Lucerne Valley Area,Chimney Rock,-116.96435166666666,34.54057666666667,12,0,12,2.591666666666667,2.6500000000000004
Colorado,Colorado > High Desert > 03,High Desert,Victorville Area,Rockview Park,-117.31999,34.57117,1,1,0,3,3
Colorado,Colorado > High Sierra > 00,High Sierra,05 - Convict Lake & McGee Creek,Convict Lake Resort,-118.85128,37.59811,1,1,0,4,4
Colorado,Colorado > High Sierra > 01,High Sierra,12 - Kearsarge Pass to Cedar Grove,Flower Lake Boulder,-118.36206,36.77077,1,1,0,4,4
Georgia,Georgia > Hitchiti Boulders > 00,Hitchiti Boulders,Boulder  1,-,-83.7198225,33.0251125,4,4,0,2.725,2.9
Alabama,Alabama > Home Crag Boulders  a.k.a. Sherriff Boulders > 00,Home Crag Boulders  a.k.a. Sherriff Boulders,-,-,-86.8799,33.7609,2,2,0,3,3
Indiana,Indiana > Hoosier National Forest > 00,Hoosier National Forest,-,-,-86.56629,38.21601,1,1,0,3,3
Alabama,Alabama > Horse Pens 40 > 00,Horse Pens 40,Deck Area/Front Slabs,-,-86.29300776119403,33.923598507462685,67,67,0,2.4477611940298507,2.4
Alabama,Alabama > Hospital Boulders > 00,Hospital Boulders,Barn Area,-,-86.01788625,34.0767621875,32,32,0,2.653125,2.6500000000000004
Texas,Texas > Hueco Tanks > 00,Hueco Tanks,East Mountain,Dragon's Den,-106.0433680952381,31.920043968253967,63,60,3,2.7603174603174603,2.8
Alabama,Alabama > Hurricane Creek Park > 00,Hurricane Creek Park,-,-,-86.895,34.28683,4,4,0,3.75,4
Alabama,Alabama > Hurricane Creek Park (Tuscaloosa) > 00,Hurricane Creek Park (Tuscaloosa),Hurricane Creek Bouldering Problems,"I'm ""Lichen"" these Cliffs Area",-87.45058,33.214307000000005,10,10,0,2.64,3
New York,New York > Hutch Hollow (Ferrone Woods Preserve) > 00,Hutch Hollow (Ferrone Woods Preserve),-,-,-75.63216,44.42484,1,1,0,3,3
New York,New York > Hyde Park Boulders > 00,Hyde Park Boulders,Hackett Hill Park/Gorilla Rock,-,-73.93860000000001,41.774096666666665,3,3,0,2,2
New York,New York > Ice Pond > 00,Ice Pond,Diesel and Ice Cube Area,Ripples Boulder,-73.6179675,41.454395,12,12,0,2.6666666666666665,2.55
California,California > Idaho Springs > 00,Idaho Springs,Loch Lomond,Hump Area,-105.68657,39.83949,5,5,0,2.4,2
Tennessee,Tennessee > Ijams Crag > 00,Ijams Crag,-,-,-83.87729,35.94466,3,0,3,2.3000000000000003,2.1
Colorado,Colorado > Independence Pass > 00,Independence Pass,Grotto Walls Area,Lower Grotto Wall,-106.68754,39.11387,3,0,3,2.2333333333333334,2.1
California,California > Independence Pass > 00,Independence Pass,Grotto Walls Area,World of Hurt Bouldering,-106.68641742857143,39.119803714285716,35,35,0,2.44,2.3
Colorado,Colorado > Independence Pass > 01,Independence Pass,Monitor Rock,1. Butt Wall,-106.44955999999999,39.072874999999996,4,0,4,2.25,2.3499999999999996
Colorado,Colorado > Independence Pass > 02,Independence Pass,Outrageous Overhangs Area,Junior Olympic Wall,-106.69347714285715,39.12177285714286,7,0,7,2.4,2.5
Colorado,Colorado > Independence Pass > 03,Independence Pass,Twin Lakes Area,Black Slab,-106.20606,38.97065,1,0,1,1.9,1.9
Colorado,Colorado > Independence Pass > 04,Independence Pass,Upper Boulderfield Area,Dog Wall,-106.67468,39.124356,5,0,5,2.22,2.2
Iowa,Iowa > Indian Bluffs > 00,Indian Bluffs,Bouldering,The Clinker,-91.08408,42.21629,4,2,2,2.65,2.55
Kansas,Kansas > Indian Rock Park > 00,Indian Rock Park,-,-,-97.58872,38.83618,2,2,0,2,2
Indiana,Indiana > Indiana University > 00,Indiana University,-,-,-86.51758,39.1683,5,5,0,3.08,3
Colorado,Colorado > Inland Empire > 00,Inland Empire,Jurupa Hills,Lower Josh Steele Troup 567 (Lower Josh),-117.450425,34.04309,4,4,0,3,3
Colorado,Colorado > Inland Empire > 01,Inland Empire,Menifee Area,Beer Me Boulders,-117.2758031372549,33.89616274509804,51,51,0,2.976470588235294,3
California,California > Inland Empire > 00,Inland Empire,Riverside Area,Box Springs Mountain Reserve,-117.37656818181819,34.00636090909091,11,0,11,2.209090909090909,2.1
Colorado,Colorado > Inland Empire > 02,Inland Empire,Temecula Area,Murrieta Stonehenge,-117.22771250000001,33.58088,4,4,0,2.8,2.85
Minnesota,Minnesota > Interstate SP (Taylors Falls) > 00,Interstate SP (Taylors Falls),Interstate State Park Bouldering,Boulder (Unknown name),-92.6513447368421,45.39906578947368,19,19,0,2.5157894736842104,2.4
Iowa,Iowa > Iowa City Buildering > 00,Iowa City Buildering,Hancher Blocks,Block 2,-91.53691,41.66933,2,2,0,4,4
Wyoming,Wyoming > Jackson Hole > 00,Jackson Hole,Gros Ventre River Canyon,Quarantine Boulders,-110.5556625,43.6313575,4,4,0,2.6,2.35
Wyoming,Wyoming > Jackson Hole > 01,Jackson Hole,Hoback Shield,2. Hoback Shield Right,-110.538195,43.28837333333333,6,0,6,2.3666666666666667,2.3499999999999996
Wyoming,Wyoming > Jackson Hole > 02,Jackson Hole,Jackson Hole Mountain Resort,Base area boulder,-110.855705,43.59085,2,1,1,3.1,3.1
Wyoming,Wyoming > Jackson Hole > 03,Jackson Hole,Rodeo Wall,-,-110.76243,43.30207,2,0,2,2.25,2.25
Wyoming,Wyoming > Jackson Hole > 04,Jackson Hole,Swift Creek Canyon,North Fork,-110.87582666666667,42.75381,3,0,3,2.7333333333333334,3
Wyoming,Wyoming > Jackson Hole > 05,Jackson Hole,Tensleep Bowl Bouldering,Tensleep Bowl (Backside),-110.87005,43.602333333333334,3,3,0,3.3333333333333335,3
Wyoming,Wyoming > Jackson Hole > 06,Jackson Hole,The Goat Cave,-,-110.92389,43.19811,1,0,1,1.8,1.8
Wyoming,Wyoming > Jackson Hole > 07,Jackson Hole,Wilson Canyon,Closed Book Wall,-110.7550525,43.4295175,4,0,4,2.25,2.25
New Mexico,New Mexico > Jemez Mountains and Jemez Valley > 00,Jemez Mountains and Jemez Valley,Area 37,-,-106.43819333333333,35.769553333333334,3,0,3,2.7333333333333334,2.7
New Mexico,New Mexico > Jemez Mountains and Jemez Valley > 01,Jemez Mountains and Jemez Valley,Gilman Tunnels,Dr. Seuss Wall,-106.7641825,35.7360725,4,0,4,2.775,2.8
New Mexico,New Mexico > Jemez Mountains and Jemez Valley > 02,Jemez Mountains and Jemez Valley,Las Conchas,(A) Cattle Call Wall Area,-106.59723275,35.75736775,40,27,13,2.5075,2.55
Iowa,Iowa > Joinerville Bouldering > 00,Joinerville Bouldering,Bae Wall Boulder,-,-90.75198888888889,42.07989444444444,9,9,0,2.8444444444444446,3
Georgia,Georgia > Jones Bridge Park > 00,Jones Bridge Park,-,-,-84.23934,34.001,1,1,0,2.7,2.7
Colorado,Colorado > Joshua Tree National Park > 00,Joshua Tree National Park,*Joshua Tree Bouldering*,Black Rock Canyon Bouldering,-116.38622,34.0732,1,1,0,3,3
Colorado,Colorado > Joshua Tree National Park > 01,Joshua Tree National Park,*Joshua Tree Bouldering*,Central Joshua Tree Bouldering,-116.15582268656716,34.013995671641794,67,67,0,2.7059701492537314,2.6
California,California > Joshua Tree National Park > 00,Joshua Tree National Park,Central Joshua Tree,Barker Dam Area,-116.14492029411765,34.05944823529412,34,0,34,2.2470588235294118,2.1
Colorado,Colorado > Joshua Tree National Park > 02,Joshua Tree National Park,Highway 62 Crags,(a) Nancy Karl Trail,-116.32138,34.10583,1,1,0,2.5,2.5
California,California > Joshua Tree National Park > 01,Joshua Tree National Park,Pinto Basin,Cottonwood Area,-115.80655,33.71885,1,0,1,3,3
California,California > Joshua Tree National Park > 02,Joshua Tree National Park,Pinto Basin,Indian Head Area,-116.04556823529411,34.01443,17,0,17,2.288235294117647,2
California,California > Joshua Tree National Park > 03,Joshua Tree National Park,Quail Springs Area,[Redacted],-116.14279857142857,34.03070857142857,14,0,14,2.3214285714285716,2.25
Georgia,Georgia > Juliette Boulders > 00,Juliette Boulders,Right Scoop,-,-83.76744,33.02969,11,11,0,2.5,2.3
Kansas,Kansas > Kanopolis Lake > 00,Kanopolis Lake,Prehistoric Boulders,-,-98.01419,38.64984,1,1,0,4,4
Minnesota,Minnesota > Keewaydin Park > 00,Keewaydin Park,-,-,-93.22761,44.90746,1,1,0,3.5,3.5
Tennessee,Tennessee > Keller Bend Bluff > 00,Keller Bend Bluff,Main Face,-,-84.06728,35.84771333333333,3,0,3,3.1,3
Colorado,Colorado > Keystone a.k.a. Montezuma > 00,Keystone a.k.a. Montezuma,Haus Rock,-,-105.9187025,39.61039875,8,0,8,2.6125,2.55
California,California > Keystone a.k.a. Montezuma > 00,Keystone a.k.a. Montezuma,Hummingbird Boulders,Little Hummingbird,-105.96162538461539,39.60834076923077,13,13,0,2.5153846153846153,2.6
Tennessee,Tennessee > King's Bluff > 00,King's Bluff,Cake Walk Wall,-,-87.32265294117647,36.50105941176471,17,0,17,2.7,2.8
North Dakota,North Dakota > Kintyre Boulders > 00,Kintyre Boulders,Graveyard Boulder,-,-99.95993,46.44451,1,1,0,3,3
Louisiana,Louisiana > Kisatchie Boulder East Vista > 00,Kisatchie Boulder East Vista,-,-,-92.99312,31.47732,2,2,0,2.5,2.5
Louisiana,Louisiana > Kistachie Boulder Longleaf Vista > 00,Kistachie Boulder Longleaf Vista,-,-,-92.99513,31.47633,1,1,0,2.5,2.5
Kentucky,Kentucky > Knobs Forest Knobs > 00,Knobs Forest Knobs,Knobs Playground,"Playground, Main",-85.68548,37.87289,2,2,0,3,3
Texas,Texas > Lake Belton > 00,Lake Belton,Miller Springs,Miller Springs Bouldering,-97.48126647058824,31.144353529411767,17,16,1,2.6823529411764704,2.6
Oklahoma,Oklahoma > Lake Murray: Buzzard Roost > 00,Lake Murray: Buzzard Roost,Cracked Glass,-,-97.07366333333333,34.03931,3,3,0,2.5,2.5
Tennessee,Tennessee > Lake Nickajack Deep Water Soloing > 00,Lake Nickajack Deep Water Soloing,-,-,-85.58382,35.0115,1,1,0,3,3
Alabama,Alabama > Lake Nicol Climbing > 00,Lake Nicol Climbing,-,-,-87.48033,33.30762,1,1,0,2,2
Kansas,Kansas > Lake Olathe > 00,Lake Olathe,-,-,-94.87023,38.88083,1,1,0,3,3
Texas,Texas > Lake Palo Duro > 00,Lake Palo Duro,Bike Trail Area,China Shop,-101.15624,36.339126,5,5,0,2,2
Iowa,Iowa > Lake Red Rock > 00,Lake Red Rock,Cordova Park,-,-93.08788,41.42131,3,3,0,2.6666666666666665,3
Maryland,Maryland > Lake Roland > 00,Lake Roland,-,-,-76.66074,39.39538,1,1,0,2.6,2.6
California,California > Lake Tahoe > 00,Lake Tahoe,Carson Pass Highway (88),Silver Lake,-120.14898,38.66764,3,0,3,2.5,2.5
Colorado,Colorado > Lake Tahoe > 00,Lake Tahoe,Carson Pass Highway (88),Silver Lake,-120.19205166666667,38.54356833333333,6,6,0,3.216666666666667,3
California,California > Lake Tahoe > 01,Lake Tahoe,Carson Pass Highway (88),Woodfords Canyon,-119.83518,38.77333,1,0,1,2.3,2.3
Colorado,Colorado > Lake Tahoe > 01,Lake Tahoe,Highway 50 Corridor,Desolation Wilderness Bouldering,-120.14046,38.89199,2,2,0,3,3
California,California > Lake Tahoe > 02,Lake Tahoe,Highway 50 Corridor,Echo Summit,-120.049848,38.84144,5,0,5,2.2199999999999998,2.3
Colorado,Colorado > Lake Tahoe > 02,Lake Tahoe,Highway 50 Corridor,Folsom,-121.14695666666667,38.68398333333333,3,3,0,2.8,2.8
Colorado,Colorado > Lake Tahoe > 03,Lake Tahoe,Highway 50 Corridor,Forni Boulders,-120.25553500000001,38.807345,4,4,0,3,3
Colorado,Colorado > Lake Tahoe > 04,Lake Tahoe,Highway 50 Corridor,Lover's Leap,-120.13900000000001,38.800529999999995,2,2,0,3.15,3.15
Colorado,Colorado > Lake Tahoe > 05,Lake Tahoe,Highway 50 Corridor,Placerville,-120.72982999999999,38.7116,2,2,0,2.85,2.85
California,California > Lake Tahoe > 03,Lake Tahoe,Highway 50 Corridor,Placerville,-120.70573,38.6484,1,0,1,2,2
California,California > Lake Tahoe > 04,Lake Tahoe,Highway 50 Corridor,Slick Rock Dome,-120.2982309090909,38.83272363636364,11,0,11,2.5545454545454547,2.4
Colorado,Colorado > Lake Tahoe > 06,Lake Tahoe,Highway 50 Corridor,The Secrets,-120.19273,38.75868,2,2,0,3,3
California,California > Lake Tahoe > 05,Lake Tahoe,I-80 Corridor,Auburn and Grass Valley,-121.01448666666667,38.915013333333334,3,0,3,2.2,2.2
Colorado,Colorado > Lake Tahoe > 07,Lake Tahoe,I-80 Corridor,Auburn and Grass Valley,-120.966425,39.01276,4,4,0,2.75,2.75
Colorado,Colorado > Lake Tahoe > 08,Lake Tahoe,I-80 Corridor,Auburn and Grass Valley,-121.32924,39.10937,1,1,0,2.5,2.5
Colorado,Colorado > Lake Tahoe > 09,Lake Tahoe,I-80 Corridor,Auburn and Grass Valley,-121.03068999999999,39.30618666666667,9,9,0,3.1666666666666665,3
California,California > Lake Tahoe > 06,Lake Tahoe,I-80 Corridor,Bowman/Emeralds,-120.6534411764706,39.38750882352941,17,0,17,2.711764705882353,2.7
Colorado,Colorado > Lake Tahoe > 10,Lake Tahoe,I-80 Corridor,Bowman/Emeralds,-120.650924,39.323455,10,10,1,2.85,3
California,California > Lake Tahoe > 07,Lake Tahoe,I-80 Corridor,Donner Summit,-120.3200275,39.3220325,8,0,8,2.575,2.65
Colorado,Colorado > Lake Tahoe > 11,Lake Tahoe,I-80 Corridor,Donner/Truckee Bouldering,-120.3802675,39.340140833333336,12,12,0,2.925,3
Colorado,Colorado > Lake Tahoe > 12,Lake Tahoe,I-80 Corridor,Donner/Truckee Bouldering,-120.26440714285714,39.31816571428571,7,7,0,2.9857142857142858,3
Colorado,Colorado > Lake Tahoe > 13,Lake Tahoe,I-80 Corridor,Donner/Truckee Bouldering,-120.3494011111111,39.314613888888886,18,18,0,2.922222222222222,3
Colorado,Colorado > Lake Tahoe > 14,Lake Tahoe,I-80 Corridor,Donner/Truckee Bouldering,-120.613805,39.3071975,12,12,0,3.2666666666666666,3
California,California > Lake Tahoe > 08,Lake Tahoe,I-80 Corridor,Indian Springs,-120.56537428571428,39.328134285714285,7,0,7,2.5,2.4
Colorado,Colorado > Lake Tahoe > 15,Lake Tahoe,I-80 Corridor,Rocklin (Deer Creek Park),-121.23941375,38.787049374999995,16,16,0,2.75,2.8499999999999996
California,California > Lake Tahoe > 09,Lake Tahoe,Markleeville Area,True Value Crag,-119.72262,38.63789,1,0,1,2.4,2.4
California,California > Lake Tahoe > 10,Lake Tahoe,South Shore,Luther Rock,-120.030466,38.84266,10,0,10,2.61,2.6
Colorado,Colorado > Lake Tahoe > 16,Lake Tahoe,South Shore,Meyers Area,-120.06221388888889,38.93626111111111,18,18,0,2.827777777777778,2.75
California,California > Lake Tahoe > 11,Lake Tahoe,Truckee River Canyon,Big Chief Area,-120.202464,39.246432,10,0,10,2.5100000000000002,2.5
California,California > Lake Tahoe > 12,Lake Tahoe,West Shore,Eagle Creek Canyon,-120.13795,39.030975,2,0,2,2.55,2.55
Texas,Texas > Lake Whitney (DWS) > 00,Lake Whitney (DWS),White Berg,-,-97.39284,31.8779,1,0,1,4,4
New Hampshire,New Hampshire > Lakes Region > 00,Lakes Region,Bayle Mountain Bouldering,Culvert Boulders,-71.23776555555555,43.765588888888885,9,8,1,2,2
New Hampshire,New Hampshire > Lakes Region > 01,Lakes Region,Crag In The Clouds,The Boulders,-71.33168,43.74098,1,1,0,2,2
New Hampshire,New Hampshire > Lakes Region > 02,Lakes Region,Ellis R Hatch Bouldering,-,-71.158635,43.51439277777778,18,10,8,2.488888888888889,2.3499999999999996
New Hampshire,New Hampshire > Lakes Region > 03,Lakes Region,Oak Mountain,Entrance Boulders,-71.22767666666667,43.77945,3,3,0,2,2
New Hampshire,New Hampshire > Lakes Region > 04,Lakes Region,Parker Mountain Area,Barndoor Gap,-71.15356,43.299281666666666,6,6,0,2.3333333333333335,2
New Hampshire,New Hampshire > Lakes Region > 05,Lakes Region,Rest Stop Boulders,-,-71.5979,43.4909,1,1,0,2,2
New Hampshire,New Hampshire > Lakes Region > 06,Lakes Region,Sandwich Notch,01. Sandwich Notch Bouldering,-71.48892000000001,43.82616,5,5,0,3,3
Wyoming,Wyoming > Lander Area > 00,Lander Area,Fossil Hill,3. Fossil Hill East,-108.8398548076923,42.733072115384616,52,21,31,2.3653846153846154,2.3
Wyoming,Wyoming > Lander Area > 01,Lander Area,The Rock Shop,UFO and Environs,-108.7501585,42.5552805,20,5,15,2.32,2.2
Wyoming,Wyoming > Laramie Area > 00,Laramie Area,Curt Gowdy State Park,Aspen Grove Boulders,-105.19728,41.24417,2,2,0,4,4
Wyoming,Wyoming > Laramie Area > 01,Laramie Area,Rogers Canyon,The Dark Side,-105.47579999999999,41.38635,3,0,3,2.7333333333333334,3
Wyoming,Wyoming > Laramie Area > 02,Laramie Area,Vedauwoo,700L/Plumb Line Area,-105.3665445,41.182078833333335,60,39,21,2.841666666666667,3
Wyoming,Wyoming > Laramie Range > 00,Laramie Range,Laramie Peak Region,Rainbow Fish Camp Rocks,-105.40704125,42.0036975,24,0,24,2.3875,2
Wyoming,Wyoming > Laramie Range > 01,Laramie Range,Sellers Mountain,The Plug,-105.57128,42.10664,1,0,1,2,2
New Mexico,New Mexico > Las Cruces Area Climbing > 00,Las Cruces Area Climbing,Dona Ana Mountains,Bear Boulders,-106.78310142857143,32.461822857142856,7,6,1,2.4857142857142858,2.3
New Mexico,New Mexico > Las Cruces Area Climbing > 01,Las Cruces Area Climbing,Organ Mountains,Aguirre Bouldering,-106.58187454545454,32.30021045454546,22,19,3,2.590909090909091,2.5
New Mexico,New Mexico > Las Cruces Area Climbing > 02,Las Cruces Area Climbing,Rough and Ready Hills,(A) North End routes,-107.03727,32.395226666666666,3,0,3,2.3666666666666667,2.5
Minnesota,Minnesota > Laurentian Divide Climbing Area > 00,Laurentian Divide Climbing Area,-,-,-92.54279,47.57637,1,1,0,3,3
Colorado,Colorado > Leadville > 00,Leadville,Camp Hale,Mule Train Wall,-106.32514499999999,39.4464425,4,0,4,2.275,2.3
Maryland,Maryland > Leakin Park > 00,Leakin Park,-,-,-76.69568,39.30538,1,1,0,2,2
Tennessee,Tennessee > Leda > 00,Leda,Leda  Shade Wall,-,-85.229473,35.236135,10,0,10,2.5,2.5
Illinois,Illinois > Lehigh Park > 00,Lehigh Park,A: Starting Area,-,-89.04757833333333,41.298519999999996,6,6,0,2.65,2.7
Kentucky,Kentucky > Lexington > 00,Lexington,Northeastern Park Boulders,-,-84.48971,38.04248,6,6,0,3,3
Maryland,Maryland > Liberty Reservoir Oakland Road > 00,Liberty Reservoir Oakland Road,-,-,-76.86685,39.41886,1,1,0,3,3
Georgia,Georgia > Limestone Quarry > 00,Limestone Quarry,Doses and Mimosas,-,-83.72578,32.41554,1,1,0,3.5,3.5
Rhode Island,Rhode Island > Lincoln Woods > 00,Lincoln Woods,Ball Buster,-,-71.43337542553192,41.899567340425534,94,94,0,2.3329787234042554,2.25
Maryland,Maryland > Linganore-Bartonsville > 00,Linganore-Bartonsville,-,-,-77.30227,39.41657,1,1,0,3,3
New York,New York > Little Falls > 00,Little Falls,Moss Island,-,-74.84751,43.039588,10,10,0,2.45,2
Maryland,Maryland > Little Falls Branch > 00,Little Falls Branch,-,-,-77.10716,38.95871,1,1,0,3,3
Maryland,Maryland > Little Gunpowder Boulders > 00,Little Gunpowder Boulders,Lost Pond,Toby Rock,-76.43356,39.42119,3,3,0,2.3333333333333335,2
Alabama,Alabama > Little River Canyon > 00,Little River Canyon,Lynn Overlook,-,-85.647045,34.362965,4,0,4,2.625,2.5
Maryland,Maryland > Locust Grove > 00,Locust Grove,Green Wall,-,-78.78823666666666,39.67246333333333,3,0,3,2.2666666666666666,2.3
New York,New York > Long Island > 00,Long Island,Baiting Hollow/Riverhead Area,Roanoke Avenue,-72.4625809090909,41.08167363636364,11,11,0,2.4363636363636365,2
New York,New York > Long Island > 01,Long Island,Kings Park Bluff Boulder,-,-73.23602,40.90317,3,3,0,2.933333333333333,3
New York,New York > Long Island > 02,Long Island,Split Rock,Eastern Boulder,-72.81885555555556,40.961838888888884,9,9,0,2.2777777777777777,2.1
Tennessee,Tennessee > Look Rock > 00,Look Rock,Happy Valley Boulder Field,Carpet Boulder,-83.940085,35.63062,2,2,0,2,2
New Mexico,New Mexico > Los Alamos & White Rock > 00,Los Alamos & White Rock,Cañon de Valle Boulders,-,-106.30969916666666,35.8567325,12,8,4,2.5,2.4000000000000004
Colorado,Colorado > Los Angeles Basin > 00,Los Angeles Basin,Angeles National Forest,Arroyo Seco Boulders,-118.07045857142857,34.29425857142857,14,14,0,2.8714285714285714,2.8499999999999996
California,California > Los Angeles Basin > 00,Los Angeles Basin,Angeles National Forest,Millard Canyon,-118.146,34.2163,1,0,1,2.2,2.2
Colorado,Colorado > Los Angeles Basin > 01,Los Angeles Basin,Angeles National Forest,Mount Baldy Road,-117.64127,34.27992,2,2,0,2.45,2.45
Colorado,Colorado > Los Angeles Basin > 02,Los Angeles Basin,Angeles National Forest,Piru Creek,-118.7499,34.61078,1,1,0,2.5,2.5
California,California > Los Angeles Basin > 01,Los Angeles Basin,Angeles National Forest,Texas Canyon,-118.402036,34.51357266666667,15,0,15,2.36,2.3
California,California > Los Angeles Basin > 02,Los Angeles Basin,Angeles National Forest,Tunnel Crag,-117.87231,34.36203,6,0,6,2.2,2.1
Colorado,Colorado > Los Angeles Basin > 03,Los Angeles Basin,Angeles National Forest,Vasquez Rocks,-118.32131,34.4887,1,1,0,2.5,2.5
Colorado,Colorado > Los Angeles Basin > 04,Los Angeles Basin,Beaches,Catalina Island,-118.47346,33.38374,1,1,0,3,3
Colorado,Colorado > Los Angeles Basin > 05,Los Angeles Basin,Beaches,Corona Del Mar,-117.86115142857142,33.583217142857144,7,7,0,2.8714285714285714,2.7
California,California > Los Angeles Basin > 03,Los Angeles Basin,Beaches,Palos Verdes Peninsula,-118.39323,33.73869,1,0,1,2,2
California,California > Los Angeles Basin > 04,Los Angeles Basin,Eagle Rock,-,-118.1835,34.1432,1,0,1,2.4,2.4
Colorado,Colorado > Los Angeles Basin > 06,Los Angeles Basin,Elephant Hill,-,-117.79585,34.0508,1,1,0,3,3
California,California > Los Angeles Basin > 05,Los Angeles Basin,Santa Ana Mountains,El Cariso,-117.43900500000001,33.636,4,0,4,2.075,2
Colorado,Colorado > Los Angeles Basin > 07,Los Angeles Basin,Santa Ana Mountains,El Cariso,-117.44142384615384,33.64264615384616,13,13,0,2.6384615384615384,2.6
Colorado,Colorado > Los Angeles Basin > 08,Los Angeles Basin,Santa Monica Mountains,*Santa Monica Mountains Bouldering,-118.79704545454545,34.09345090909091,11,11,0,3,3
Colorado,Colorado > Los Angeles Basin > 09,Los Angeles Basin,Santa Monica Mountains,*Santa Monica Mountains Bouldering,-118.59216333333333,34.07740666666667,3,3,0,2.7,2.5
Colorado,Colorado > Los Angeles Basin > 10,Los Angeles Basin,Santa Monica Mountains,*Santa Monica Mountains Bouldering,-118.93271,34.06552,1,1,0,2.3,2.3
Colorado,Colorado > Los Angeles Basin > 11,Los Angeles Basin,Santa Monica Mountains,Bronson Canyon/The Bat Cave,-118.29739,34.129603333333336,3,3,0,2.933333333333333,3
California,California > Los Angeles Basin > 06,Los Angeles Basin,Santa Monica Mountains,Echo Cliffs,-118.858064,34.1153885,20,0,20,2.2,2.1500000000000004
California,California > Los Angeles Basin > 07,Los Angeles Basin,Santa Monica Mountains,Mount Olympus,-118.9376,34.11803,1,0,1,2.3,2.3
California,California > Los Angeles Basin > 08,Los Angeles Basin,Santa Monica Mountains,Piuma Mountain Cliffs,-118.65931666666667,34.0759,3,0,3,2.6333333333333333,2.8
Colorado,Colorado > Los Angeles Basin > 12,Los Angeles Basin,Santa Monica Mountains,Saddle Peak,-118.62567333333332,34.07485666666667,3,3,2,2.6666666666666665,2.7
California,California > Los Angeles Basin > 09,Los Angeles Basin,Santa Monica Mountains,Top Hat,-118.94038,34.11643,1,0,1,2,2
Colorado,Colorado > Los Angeles Basin > 13,Los Angeles Basin,Stoney Point,B1 Boulder,-118.6041447826087,34.27035869565217,23,23,0,2.8304347826086955,2.7
Louisiana,Louisiana > Louisiana Tech University > 00,Louisiana Tech University,-,-,-92.64561,32.52839,1,1,0,4,4
Minnesota,Minnesota > Louisville Swamp Boulder > 00,Louisville Swamp Boulder,-,-,-93.6044,44.71889,8,8,0,2.5,2.5
Michigan,Michigan > Lower Peninsula > 00,Lower Peninsula,Grand Ledge (aka Oak Park),Bouldering,-84.75339,42.75784,12,12,0,2.308333333333333,2.2
Colorado,Colorado > Lyons > 00,Lyons,St. Vrain Canyons,Middle Fork of St. Vrain Canyon,-105.347449,40.200756,10,0,10,2.23,2.2
Minnesota,Minnesota > MN/Canada Border Areas > 00,MN/Canada Border Areas,Crane Lake Area,Crane Lake DWS,-92.45929470588236,48.297569411764705,17,3,14,2.8294117647058825,3
Minnesota,Minnesota > Mankato Area Bouldering (Mankato) > 00,Mankato Area Bouldering (Mankato),Judson Bottom Road,Danger Boulder,-94.021214,44.149456,5,5,0,2.6,3
New York,New York > Marble Street Park Boulders > 00,Marble Street Park Boulders,-,-,-75.87412,43.97634,1,1,0,2,2
Maryland,Maryland > Mason-Dixon Arch > 00,Mason-Dixon Arch,-,-,-75.94631,39.61767,1,0,1,3,3
Oklahoma,Oklahoma > Medicine Park > 00,Medicine Park,El Napitan,-,-98.48646000000001,34.73219666666667,3,3,0,2.6666666666666665,3
Texas,Texas > Medicine Wall > 00,Medicine Wall,Buda Belly Wall,-,-98.552932,29.603457,20,6,14,2.4,2.3499999999999996
Minnesota,Minnesota > Memorial Park (Red Wing) > 00,Memorial Park (Red Wing),-,-,-92.52127,44.56136,2,0,2,2.15,2.15
Florida,Florida > Memory Boulder > 00,Memory Boulder,-,-,-82.41872,29.61798,1,1,0,3,3
New Hampshire,New Hampshire > Merrimack Valley > 00,Merrimack Valley,Beaver Brook,Rocky Ridge Boulders,-71.62652800000001,42.741412,5,5,0,2.2,2
New Hampshire,New Hampshire > Merrimack Valley > 01,Merrimack Valley,Clough State Park,Road-Side Boulders,-71.65428708333333,43.102993749999996,24,24,0,2.4375,2
New Hampshire,New Hampshire > Merrimack Valley > 02,Merrimack Valley,Dumplingtown Hill (The Dump),1. Greater Ladyslipper Area,-71.243032,43.03803466666667,15,15,0,2.34,2.3
New Hampshire,New Hampshire > Merrimack Valley > 03,Merrimack Valley,Lake Potanipo (aka Rock Ramond),Quarry Cliff,-71.67060857142857,42.742514285714286,7,7,0,2.414285714285714,2.5
New Hampshire,New Hampshire > Merrimack Valley > 04,Merrimack Valley,Manchester Area Bouldering,The Dugout,-71.4301425,42.95716125,8,8,0,2.3,2
New Hampshire,New Hampshire > Merrimack Valley > 05,Merrimack Valley,Palmer Bartell,Cliff Trail Boulders,-71.6669575,42.782335,8,8,0,2.225,2
New Hampshire,New Hampshire > Merrimack Valley > 06,Merrimack Valley,Pelham Tree Farm Boulders,-,-71.3626,42.704,5,5,0,2.18,2.1
New Hampshire,New Hampshire > Merrimack Valley > 07,Merrimack Valley,Pinkney Hill Preserve,Pinkney Hill South,-71.32942249999999,43.0804675,4,4,0,2.75,2.5
New Hampshire,New Hampshire > Merrimack Valley > 08,Merrimack Valley,Sand Pond Bouldering,-,-72.16389,43.17779,1,1,0,4,4
New Hampshire,New Hampshire > Merrimack Valley > 09,Merrimack Valley,Simond's Rock,-,-71.40893750000001,42.8780425,4,4,0,2.075,2
Georgia,Georgia > Metro-Atlanta Area > 00,Metro-Atlanta Area,Allenbrook,-,-84.35609,34.01023,5,5,0,2.8,3
Georgia,Georgia > Metro-Atlanta Area > 01,Metro-Atlanta Area,BK Crag,-,-84.41471764705882,33.90938382352941,34,33,1,2.5029411764705882,2.45
Tennessee,Tennessee > Middle Creek > 00,Middle Creek,Lower Middle Creek,-,-85.35350692307692,35.14662,13,13,0,2.3384615384615386,2.3
Minnesota,Minnesota > Mill Park (Little Falls) > 00,Mill Park (Little Falls),-,-,-94.36992,45.9716,1,1,0,2,2
Mississippi,Mississippi > Mississippi Gulf Coast Buildering > 00,Mississippi Gulf Coast Buildering,Biloxi Bay Bridge,-,-88.85879,30.39241,1,1,0,3,3
Indiana,Indiana > Mitchell Creek- Hoosier National Forest > 00,Mitchell Creek- Hoosier National Forest,-,-,-86.61897,38.29205,1,1,0,4,4
New Hampshire,New Hampshire > Monadnock Region > 00,Monadnock Region,Monadnock State Park,Summit Slabs,-72.21518,42.81874666666667,3,3,0,2.7333333333333334,3
New Hampshire,New Hampshire > Monadnock Region > 01,Monadnock Region,Willard Pond,Parking Boulders,-72.02165,43.01802,2,2,0,2.5,2.5
Alabama,Alabama > Monte Sano State Park > 00,Monte Sano State Park,Arrowhead Trail,-,-86.53713,34.7216,2,2,0,3.35,3.35
Colorado,Colorado > Montrose > 00,Montrose,Dry Creek Crag,Left Side,-108.05929,38.49961,3,0,3,2.6666666666666665,3
Maryland,Maryland > Morgan Run NEA > 00,Morgan Run NEA,Fisherman's,-,-76.97027384615384,39.46632846153846,13,13,0,2.2384615384615385,2
Colorado,Colorado > Morrison/Evergreen/Littleton > 00,Morrison/Evergreen/Littleton,Juniper Pass,East Juni,-105.5741,39.669470000000004,2,0,2,2.2,2.2
Colorado,Colorado > Morrison/Evergreen/Littleton > 01,Morrison/Evergreen/Littleton,Morrison Routes,-,-105.17748,39.57914666666667,3,0,3,2.1333333333333333,2.1
Alabama,Alabama > Moss Rock Preserve > 00,Moss Rock Preserve,Anarchy Boulders,-,-86.8422615,33.381894,20,20,0,2.62,2.5
Iowa,Iowa > Mossy Glen > 00,Mossy Glen,-,-,-91.42481,42.70639,1,1,0,4,4
Georgia,Georgia > Mount Yonah > 00,Mount Yonah,Gumby Slab / Hanging Garden,-,-83.72015571428571,34.63729857142857,7,4,3,2.585714285714286,2.8
New York,New York > Mountain Lakes > 00,Mountain Lakes,-,-,-73.55862,41.32048,1,1,0,3,3
Oregon,Oregon > Mt. Hood National Forest > 00,Mt. Hood National Forest,Area 51,-,-121.44935199999999,45.370002,5,2,3,2.12,2
Oregon,Oregon > Mt. Hood National Forest > 01,Mt. Hood National Forest,Coethedral,Coethedral Main,-122.10021,45.07772,4,0,4,3.125,3.1
Oregon,Oregon > Mt. Hood National Forest > 02,Mt. Hood National Forest,French's Dome,-,-121.9260575,45.3488525,4,3,1,2.35,2.2
Oregon,Oregon > Mt. Hood National Forest > 03,Mt. Hood National Forest,Klinger Spring,(2) Land of Shadows,-121.63090142857143,45.32581714285714,7,3,4,2.5714285714285716,2.6
Oregon,Oregon > Mt. Hood National Forest > 04,Mt. Hood National Forest,Lost Lake Boulders,Extra Crispy Boulders,-121.84355545454545,45.49857818181818,11,11,0,2.709090909090909,2.8
Oregon,Oregon > Mt. Hood National Forest > 05,Mt. Hood National Forest,Salmon River Slab,-,-121.93998,45.29119,2,0,2,2.4,2.4
Oregon,Oregon > Mt. Hood National Forest > 06,Mt. Hood National Forest,Trillium Lake Crag (Mosquito Butte),Section 1,-121.734425,45.276385,2,0,2,2.4,2.4
Kentucky,Kentucky > Murder Branch > 00,Murder Branch,Massacre Wall,-,-83.49227,38.00919333333333,3,0,3,2.8000000000000003,2.7
Georgia,Georgia > Murder Creek > 00,Murder Creek,Cave Wall,-,-83.44626,33.22891,3,3,0,2.3333333333333335,2.2
Maryland,Maryland > Murray Hill Road Boulders > 00,Murray Hill Road Boulders,North side of river,Gone fishin' boulder,-76.852,39.15946,2,2,0,2,2
Indiana,Indiana > Muscatatuck Park [CLOSED TO CLIMBING] > 00,Muscatatuck Park [CLOSED TO CLIMBING],Cult Boulder,-,-85.617581,38.988341999999996,10,10,0,2.66,2.6
Kansas,Kansas > Mushroom Rock State Park > 00,Mushroom Rock State Park,-,-,-98.03059,38.7252,3,3,0,2.1333333333333333,2.1
Maryland,Maryland > NCR Trail Parkton > 00,NCR Trail Parkton,Adventure Time Boulder,-,-76.65783,39.63905666666667,3,3,0,2.8333333333333335,3
Missouri,Missouri > NM: The Petrichor Pit > 00,NM: The Petrichor Pit,-,-,-92.64747,40.18291,1,1,0,2,2
Rhode Island,Rhode Island > Narragansett > 00,Narragansett,Bass Rock,Overhang,-71.45968888888889,41.40280888888889,9,9,0,2.088888888888889,2
Colorado,Colorado > Naturita and Paradox Valley > 00,Naturita and Paradox Valley,Atomic Energy Crag,-,-108.795805,38.207915,2,0,2,2.45,2.45
Colorado,Colorado > Naturita and Paradox Valley > 01,Naturita and Paradox Valley,Sunshine Wall (River Road area),-,-108.8154,38.3682,1,0,1,2.2,2.2
Wyoming,Wyoming > Needle Peak > 00,Needle Peak,Prairie Shrine Boulder,-,-106.74013,41.27884,1,1,0,4,4
Colorado,Colorado > New Castle > 00,New Castle,East Elk Creek,East Elk Granite,-107.56833909090909,39.68010272727273,11,0,11,2.5272727272727273,2.6
New Mexico,"New Mexico > New Mexico, I-40 Corridor > 00","New Mexico, I-40 Corridor",El Malpais,-,-107.88679,34.8721,2,1,1,2.5,2.5
New Mexico,"New Mexico > New Mexico, I-40 Corridor > 01","New Mexico, I-40 Corridor",Manzano Mountains,East Side,-106.37138,34.67112,1,0,1,1.9,1.9
New Mexico,"New Mexico > New Mexico, I-40 Corridor > 02","New Mexico, I-40 Corridor",Monster Island,Frankenstein,-107.97637,34.32298,3,3,0,2.2333333333333334,2.1
New Mexico,"New Mexico > New Mexico, I-40 Corridor > 03","New Mexico, I-40 Corridor",Tucumcari Mountain - CLOSED,-,-103.69817,35.13407,1,1,0,2,2
New Mexico,"New Mexico > New Mexico, I-40 Corridor > 04","New Mexico, I-40 Corridor",Ute Lake - Mine Canyon,-,-103.4907,35.3338,1,1,0,2,2
New Mexico,"New Mexico > New Mexico, other Northern Areas > 00","New Mexico, other Northern Areas",Cox Canyon,Cox Canyon (Main),-107.91240666666667,36.991411666666664,6,3,3,2.8333333333333335,3
New Mexico,"New Mexico > New Mexico, other Northern Areas > 01","New Mexico, other Northern Areas",Roy,Middle Mesteño,-104.34452647058824,36.05487647058823,17,16,1,2.4941176470588236,2.6
New Mexico,"New Mexico > New Mexico, other Northern Areas > 02","New Mexico, other Northern Areas",Sugarite Canyon State Park,Little Horse Mesa,-104.39473,36.97986,1,0,1,3.3,3.3
New Mexico,"New Mexico > New Mexico, other Northern Areas > 03","New Mexico, other Northern Areas",Tico Time Boulders,Niceness Boulder,-107.86466999999999,36.991135,2,2,0,2,2
New Mexico,"New Mexico > New Mexico, other Southern Areas > 00","New Mexico, other Southern Areas",Catfishin Hole,-,-108.87661,33.25305,1,1,0,2,2
New Mexico,"New Mexico > New Mexico, other Southern Areas > 01","New Mexico, other Southern Areas",City of Rocks,Aurora Boulder,-107.974394,32.590218,5,5,0,2.5,2.5
New Mexico,"New Mexico > New Mexico, other Southern Areas > 02","New Mexico, other Southern Areas",Granite Gap,-,-108.99178,32.09402,1,1,0,3,3
New Mexico,"New Mexico > New Mexico, other Southern Areas > 03","New Mexico, other Southern Areas",Last Chance Canyon,Fossil Wall,-104.75632,32.236665,6,0,6,2.316666666666667,2.3
New Mexico,"New Mexico > New Mexico, other Southern Areas > 04","New Mexico, other Southern Areas",Little Cherry Creek,-,-108.23165,32.89838,1,0,1,3,3
New Mexico,"New Mexico > New Mexico, other Southern Areas > 05","New Mexico, other Southern Areas",Ruidoso Area,Alto Lake Boulders,-105.70832692307692,33.41914923076923,13,13,0,2.5153846153846153,2
New Mexico,"New Mexico > New Mexico, other Southern Areas > 06","New Mexico, other Southern Areas",Saddle Rock,Saddle Rock Main,-108.50422,32.78961,1,0,1,2,2
New Mexico,"New Mexico > New Mexico, other Southern Areas > 07","New Mexico, other Southern Areas",The Tunnel,Shady Side,-105.86045,32.94557,4,0,4,2.325,2.25
New York,New York > New York City > 00,New York City,Central Park,Cat Rock,-73.95658034482759,40.80020551724138,29,29,0,2.4931034482758623,2.5
Wisconsin,Wisconsin > Niagara Escarpment & Kettle Moraine > 00,Niagara Escarpment & Kettle Moraine,"Big Ben (Green Bay, Brown County, WI)",-,-87.90652,44.52919,1,1,0,2,2
Wisconsin,Wisconsin > Niagara Escarpment & Kettle Moraine > 01,Niagara Escarpment & Kettle Moraine,Cave Point County Park (Door County),Jumping Hole,-87.17299,44.929525,4,4,0,2.875,3
Wisconsin,Wisconsin > Niagara Escarpment & Kettle Moraine > 02,Niagara Escarpment & Kettle Moraine,High Cliff State Park,1. North Side,-88.29056217391305,44.16043391304348,23,23,0,2.5782608695652174,2.5
Wisconsin,Wisconsin > Niagara Escarpment & Kettle Moraine > 03,Niagara Escarpment & Kettle Moraine,Horicon,Ledge Park,-88.58489857142857,43.466525714285716,7,7,0,2.4714285714285715,2.5
Wisconsin,Wisconsin > Niagara Escarpment & Kettle Moraine > 04,Niagara Escarpment & Kettle Moraine,Jake's Rock,-,-88.0598,42.939,5,5,0,2.8,2.7
Wisconsin,Wisconsin > Niagara Escarpment & Kettle Moraine > 05,Niagara Escarpment & Kettle Moraine,Lime-Kiln Park,River edge,-88.11362666666666,43.1784,3,3,0,2.5,2.5
Minnesota,Minnesota > Nicollet Island > 00,Nicollet Island,-,-,-93.26372,44.98825,1,1,0,2,2
Alabama,Alabama > Noccalula Falls > 00,Noccalula Falls,Boulder Area A,The Gorge,-86.02384,34.04036333333333,6,4,2,2.45,2.35
Texas,Texas > Nolan River > 00,Nolan River,Big and Tall Boulder,-,-97.40524285714285,32.148851428571426,7,7,1,2.1857142857142855,2
New York,New York > North County Trail Bouldering > 00,North County Trail Bouldering,Brain Boulder,-,-73.81158,41.09836,1,1,0,3,3
Idaho,Idaho > North Idaho > 00,North Idaho,Boundary County Climbing Areas,Ball Creek Wall,-116.38320666666667,48.8641,6,0,6,2.583333333333333,2.5999999999999996
Idaho,Idaho > North Idaho > 01,North Idaho,Cedar Boulders,-,-116.51246,47.33732,1,1,0,2.5,2.5
Idaho,Idaho > North Idaho > 02,North Idaho,Daveggio Knob,2 Rocks,-116.02208,47.19716,1,1,0,2,2
Idaho,Idaho > North Idaho > 03,North Idaho,Hells Gate,Eastside,-117.037505,46.3428325,4,0,4,2.75,2.7
Idaho,Idaho > North Idaho > 04,North Idaho,Kittle Rocks,-,-116.5975,47.26954,1,1,0,3,3
Idaho,Idaho > North Idaho > 05,North Idaho,Laclede,East Pull Out,-116.79473333333334,48.157603333333334,3,0,3,2.9,3
Idaho,Idaho > North Idaho > 06,North Idaho,Moscow Area Bouldering,Moscow Mountain Bouldering,-116.885085,46.811965,4,4,0,2.45,2.4
Idaho,Idaho > North Idaho > 07,North Idaho,Old River Road,-,-116.03105,47.66127,1,0,1,4,4
Idaho,Idaho > North Idaho > 08,North Idaho,Q'Emiln Park,Garden Boulder,-116.9613236,47.7028928,25,7,18,2.7,2.7
Idaho,Idaho > North Idaho > 09,North Idaho,The Selkirk Crest,Lion Creek Drainage,-116.73151,48.75818,1,0,1,3.3,3.3
Idaho,Idaho > North Idaho > 10,North Idaho,Tubbs Hill,Bedrock Boulders,-116.7796109090909,47.66492090909091,11,11,0,2.7818181818181817,2.5
Massachusetts,Massachusetts > North Shore > 00,North Shore,Cape Ann,Dogtown,-70.854518815331,42.553471742160276,287,280,7,2.442857142857143,2.3
Massachusetts,Massachusetts > North Shore > 01,North Shore,Scotland Boulder aka Haystack Boulder,-,-70.9222,42.7815,4,4,0,2.325,2
Arkansas,Arkansas > North-Central Arkansas > 00,North-Central Arkansas,Big Piney Region,Haw Creek,-93.19518363636364,35.72990818181818,11,6,5,2.6545454545454543,2.7
Arkansas,Arkansas > North-Central Arkansas > 01,North-Central Arkansas,Buffalo River Region,Pilots Knob,-93.21955,36.2405,1,1,0,2,2
Arkansas,Arkansas > North-Central Arkansas > 02,North-Central Arkansas,Buffalo River Region,Steel Creek - Upper Buffalo River,-93.34472,36.03554,1,0,1,3.1,3.1
Arkansas,Arkansas > North-Central Arkansas > 03,North-Central Arkansas,Cowell/Deer Area,Cowell,-93.26708296296296,35.98581629629629,81,25,56,2.482716049382716,2.5
Arkansas,Arkansas > North-Central Arkansas > 04,North-Central Arkansas,Richland Creek Area,Heaven Boulders,-93.0387147826087,35.849139130434786,23,9,14,2.6478260869565218,2.8
Arkansas,Arkansas > Northeast Arkansas Region > 00,Northeast Arkansas Region,City Rock Bluff,Adventure Supply Alley,-92.18698,36.10299,3,1,2,3.1666666666666665,3
Arkansas,Arkansas > Northeast Arkansas Region > 01,Northeast Arkansas Region,Hobo Beach,-,-91.724,35.69025272727273,11,4,7,2.809090909090909,2.8
Arkansas,Arkansas > Northeast Arkansas Region > 02,Northeast Arkansas Region,Jamestown Crag,Natural Disaster Area,-92.56493,35.09448,6,0,6,2.4166666666666665,2.4
Arkansas,Arkansas > Northeast Arkansas Region > 03,Northeast Arkansas Region,Jamestown Crag,Never Never Land,-91.7539,35.6604,6,2,4,2.3666666666666667,2.15
Arkansas,Arkansas > Northeast Arkansas Region > 04,Northeast Arkansas Region,Lone Wadi,Gunslinger Boulder,-91.994695,35.485228750000005,8,7,1,2.625,2.5
Arkansas,Arkansas > Northeast Arkansas Region > 05,Northeast Arkansas Region,Painters Bluff,-,-91.8484,35.8683,1,0,1,2,2
Arkansas,Arkansas > Northeast Arkansas Region > 06,Northeast Arkansas Region,Riverside,Hillside Boulder Area,-91.71730666666666,35.28096,3,3,0,2.1666666666666665,2
Arkansas,Arkansas > Northeast Arkansas Region > 07,Northeast Arkansas Region,The Gasfields,North Fork Cadron Creek,-92.18281176470587,35.471321764705884,17,17,0,2.511764705882353,2.5
California,California > Northeast California > 00,Northeast California,Castle Crags,Indian Springs Canyon,-122.32577,41.1667,1,0,1,2,2
Colorado,Colorado > Northeast California > 00,Northeast California,Doyle Area,Fort Sage Mountains,-120.04596599999999,40.041394,15,15,0,3.1466666666666665,3
California,California > Northeast California > 01,Northeast California,Doyle Area,Fort Sage Mountains,-120.05569,40.07242,1,0,1,2.5,2.5
California,California > Northeast California > 02,Northeast California,Lassen Area,Warner Valley,-121.3078,40.393,1,0,1,2.7,2.7
Colorado,Colorado > Northeast California > 01,Northeast California,Mount Shasta Area,Byron’s Boulder,-122.32871,41.288155,4,4,0,2.825,3
California,California > Northeast California > 03,Northeast California,Mount Shasta Area,Cantara Loop,-122.31137,41.26597,1,0,1,2.1,2.1
California,California > Northeast California > 04,Northeast California,Redding Area,Burney Limestone (aka The Shredding),-122.0024425,40.77929,4,0,4,2.325,2.3
Colorado,Colorado > Northeast California > 02,Northeast California,Redding Area,Burney Limestone (aka The Shredding),-122.00247,40.77936,1,1,1,3.1,3.1
Colorado,Colorado > Northeast California > 03,Northeast California,Redding Area,Mary Fork Boulders,-122.46938,40.74259,1,1,0,3,3
California,California > Northeast California > 05,Northeast California,Redding Area,River X,-122.50051,40.49729,2,0,2,2.15,2.15
Colorado,Colorado > Northeast California > 04,Northeast California,Susanville Area,Lone Valley Boulders,-120.69307666666666,40.24228333333333,3,3,0,3.3333333333333335,3
California,California > Northeast California > 06,Northeast California,Susanville Area,Tom's Thumb,-120.53431,40.25375,2,0,2,3.4,3.4
Colorado,Colorado > Northeast California > 05,Northeast California,The Lost Sierra,Bald Rock,-121.34652,39.647405000000006,2,2,0,2.7,2.7
Colorado,Colorado > Northeast California > 06,Northeast California,The Lost Sierra,Bucks Lake Recreation Area,-121.17701,39.87814,1,1,0,3,3
California,California > Northeast California > 07,Northeast California,The Lost Sierra,Crystal Lake,-120.88407,40.0467,1,0,1,3.5,3.5
Colorado,Colorado > Northeast California > 07,Northeast California,The Lost Sierra,Free For All Valley,-120.61975,39.59016,1,1,0,2.5,2.5
California,California > Northeast California > 08,Northeast California,The Lost Sierra,Frenchman Lake,-120.21065,39.90461,1,0,1,3,3
California,California > Northeast California > 09,Northeast California,The Lost Sierra,Grizzly Dome,-121.37331666666667,39.868925000000004,6,0,6,2.3333333333333335,2.35
Colorado,Colorado > Northeast California > 08,Northeast California,The Lost Sierra,Upper Bidwell Park,-121.74995,39.777405,2,2,0,3,3
Washington,Washington > Northeast Corner & Spokane > 00,Northeast Corner & Spokane,Spokane Area,Deep Creek,-117.55066,47.75382,1,0,1,2.3,2.3
Washington,Washington > Northeast Corner & Spokane > 01,Northeast Corner & Spokane,Spokane Area,Dishman,-117.28581249999999,47.653415,4,3,1,2.375,2.25
Washington,Washington > Northeast Corner & Spokane > 02,Northeast Corner & Spokane,Spokane Area,McLellan Rocks,-117.72487666666667,47.83579,3,1,2,2.666666666666667,2.7
Washington,Washington > Northeast Corner & Spokane > 03,Northeast Corner & Spokane,Spokane Area,McLellan Rocks,-122.17718,47.7603,1,1,0,4,4
Washington,Washington > Northeast Corner & Spokane > 04,Northeast Corner & Spokane,Spokane Area,McLellan Rocks,-117.72326285714286,47.838075714285715,7,0,7,2.057142857142857,2
Washington,Washington > Northeast Corner & Spokane > 05,Northeast Corner & Spokane,Spokane Area,Minnehaha,-117.316449,47.687199,10,9,1,2.38,2.15
Washington,Washington > Northeast Corner & Spokane > 06,Northeast Corner & Spokane,Spokane Area,Pend Oreille County Park,-117.3258,48.08355,1,0,1,2,2
Washington,Washington > Northeast Corner & Spokane > 07,Northeast Corner & Spokane,Spokane Area,Rocks of Sharon,-117.28610444444445,47.57833333333333,9,0,9,2.466666666666667,2.3
Washington,Washington > Northeast Corner & Spokane > 08,Northeast Corner & Spokane,Spokane Area,Tumtum,-117.75288916666666,47.839835,12,1,11,2.4,2.3499999999999996
Ohio,Ohio > Northeast Ohio > 00,Northeast Ohio,Beach City Wildlife Area,Main Rocks,-81.61547333333333,40.614736666666666,3,1,2,2.4,2.5
Ohio,Ohio > Northeast Ohio > 01,Northeast Ohio,Beaver Creek State Park,Raven Rocks,-80.58096,40.70683,3,0,3,2.5,2.7
Ohio,Ohio > Northeast Ohio > 02,Northeast Ohio,Berea Falls,-,-81.86573,41.37798,3,3,0,2.6666666666666665,3
Ohio,Ohio > Northeast Ohio > 03,Northeast Ohio,Cascade and Elywood Park,Cascade Park,-82.10886066666666,41.372766666666664,15,15,0,2.8533333333333335,3
Ohio,Ohio > Northeast Ohio > 04,Northeast Ohio,Chippewa Creek,Downstream,-81.61911,41.320556,25,25,0,2.692,2.7
Ohio,Ohio > Northeast Ohio > 05,Northeast Ohio,Cuyahoga Falls Glens,-,-81.49716333333333,41.120916666666666,12,12,0,2.2083333333333335,2
Ohio,Ohio > Northeast Ohio > 06,Northeast Ohio,Doan Brook,-,-81.59089,41.49237,2,2,0,2,2
Ohio,Ohio > Northeast Ohio > 07,Northeast Ohio,Logtown Stone Quarry County Park,Big Cliffs,-80.781823,40.778483,10,3,7,2.57,2.6
Ohio,Ohio > Northeast Ohio > 08,Northeast Ohio,Mill Creek MetroParks,Bears Den Cabin,-80.69394439999999,41.0839828,25,25,0,2.932,3
Ohio,Ohio > Northeast Ohio > 09,Northeast Ohio,Viaduct Park,Viaduct Park Bouldering,-81.53297,41.3846,3,3,0,2.7666666666666666,2.3
Ohio,Ohio > Northeast Ohio > 10,Northeast Ohio,West Branch State Park,Lorax Wall,-81.12055,41.12474,1,1,0,4,4
Ohio,Ohio > Northeast Ohio > 11,Northeast Ohio,Whipps Ledges,3x7 Hunka Chunka,-81.70067047619048,41.21786,21,21,0,2.2476190476190476,2
Oregon,Oregon > Northeast Oregon > 00,Northeast Oregon,Burnt River Canyon,Astronomy Tower,-117.67732333333333,44.54467416666667,12,0,12,2.3583333333333334,2
Oregon,Oregon > Northeast Oregon > 01,Northeast Oregon,Fiddlers Hell,Concert Hall,-118.12589,45.44582,1,0,1,2,2
Oregon,Oregon > Northeast Oregon > 02,Northeast Oregon,High Valley,Upper or Main Wall,-117.79186,45.21019,1,0,1,2,2
Oregon,Oregon > Northeast Oregon > 03,Northeast Oregon,Spring Mountain,-,-118.23651888888888,45.45807,9,2,7,2.6444444444444444,2.8
Pennsylvania,Pennsylvania > Northeast Ridges and Valleys > 00,Northeast Ridges and Valleys,Archbald Pothole State Park,-,-75.57422,41.51214,2,2,0,2,2
Pennsylvania,Pennsylvania > Northeast Ridges and Valleys > 01,Northeast Ridges and Valleys,Bauer Rock (South Mountain),Best Boulder,-75.43657,40.566658,5,5,0,2.2,2
Pennsylvania,Pennsylvania > Northeast Ridges and Valleys > 02,Northeast Ridges and Valleys,Bruce Lake Bouldering,-,-75.1695,41.35335,1,1,0,3.5,3.5
Pennsylvania,Pennsylvania > Northeast Ridges and Valleys > 03,Northeast Ridges and Valleys,Delaware Water Gap (PA),Mount Minsi,-75.12493,40.96097,1,0,1,2.2,2.2
Pennsylvania,Pennsylvania > Northeast Ridges and Valleys > 04,Northeast Ridges and Valleys,Emmaus Boulders,Main Area,-75.47605,40.54789,4,4,0,2.3,2.35
Pennsylvania,Pennsylvania > Northeast Ridges and Valleys > 05,Northeast Ridges and Valleys,Eppley Island,Eppley Island South Face,-75.23169999999999,41.50609,2,2,0,2.65,2.65
Pennsylvania,Pennsylvania > Northeast Ridges and Valleys > 06,Northeast Ridges and Valleys,Lehigh Gorge State Park,Glen Onoko,-75.76236666666667,40.884366666666665,3,1,2,2.2333333333333334,2.3
Pennsylvania,Pennsylvania > Northeast Ridges and Valleys > 07,Northeast Ridges and Valleys,Mocanaqua (aka Shickshinny),Squirrel Rock,-76.10169222222223,41.159615555555554,9,7,2,2.422222222222222,2.4
Pennsylvania,Pennsylvania > Northeast Ridges and Valleys > 08,Northeast Ridges and Valleys,Nay Aug Park,-,-75.639,41.4019,3,3,0,2.6666666666666665,3
Pennsylvania,Pennsylvania > Northeast Ridges and Valleys > 09,Northeast Ridges and Valleys,Ricketts Glen State Park,Ricketts Glen Bouldering,-76.3071,41.3366,2,2,0,2,2
Pennsylvania,Pennsylvania > Northeast Ridges and Valleys > 10,Northeast Ridges and Valleys,White Deer Lake Bouldering,Cave Boulder,-75.13178,41.411316666666664,3,3,0,2.2666666666666666,2.3
Utah,Utah > Northeast Utah > 00,Northeast Utah,Desolation Canyon,Rock Creek,-110.01921,39.61651,2,1,1,3,3
Utah,Utah > Northeast Utah > 01,Northeast Utah,Flaming Gorge,Cart Bridge Boulders,-109.43362400000001,40.91276,5,5,0,2.2,2
Utah,Utah > Northeast Utah > 02,Northeast Utah,Flaming Gorge,Sheep Creek - Windy Ridge,-109.780485,40.89878,2,0,2,2.75,2.75
Utah,Utah > Northeast Utah > 03,Northeast Utah,Uinta Mountains,Bald Mountain,-110.8927219047619,40.72002476190476,21,1,20,2.5095238095238095,2.4
Utah,Utah > Northeast Utah > 04,Northeast Utah,Uinta Mountains,Scout Lake,-110.511,40.7473,1,0,1,3,3
Utah,Utah > Northeast Utah > 05,Northeast Utah,Uinta Mountains,Stone Garden,-110.87912,40.74985,2,0,2,2.3,2.3
Utah,Utah > Northeast Utah > 06,Northeast Utah,Vernal Area,Ashley Creek Bouldering,-109.68661333333333,40.584783333333334,3,2,1,2.466666666666667,2
Utah,Utah > Northeast Utah > 07,Northeast Utah,Vernal Area,East Battle Ship,-109.55608285714285,40.538920000000005,7,1,6,2.557142857142857,2.5
Arizona,Arizona > Northern Arizona > 00,Northern Arizona,*Northern AZ Bouldering*,*Flagstaff Bouldering*,-111.61299172413793,35.13356896551724,116,116,0,2.714655172413793,2.7
Arizona,Arizona > Northern Arizona > 01,Northern Arizona,*Northern AZ Bouldering*,*Flagstaff Bouldering*,-111.3538,35.2526,2,2,0,2.5,2.5
Arizona,Arizona > Northern Arizona > 02,Northern Arizona,*Northern AZ Bouldering*,*Flagstaff Bouldering*,-111.70245,34.88386,1,1,0,2,2
Arizona,Arizona > Northern Arizona > 03,Northern Arizona,*Northern AZ Bouldering*,*Flagstaff Bouldering*,-111.6385,35.186973333333334,6,6,0,2.3833333333333333,2.25
Arizona,Arizona > Northern Arizona > 04,Northern Arizona,*Northern AZ Bouldering*,*Sedona Bouldering*,-111.74754214285714,34.878495,14,14,0,2.857142857142857,3
Arizona,Arizona > Northern Arizona > 05,Northern Arizona,*Northern AZ Bouldering*,Antelope Pass,-111.63343,36.65853,1,1,0,2.5,2.5
Arizona,Arizona > Northern Arizona > 06,Northern Arizona,*Northern AZ Bouldering*,Blue Ridge Reservoir,-111.21906666666666,34.5519,3,3,0,3.3333333333333335,3
Arizona,Arizona > Northern Arizona > 07,Northern Arizona,*Northern AZ Bouldering*,Grand Canyon Bouldering,-112.92206,36.25958,1,1,0,3.7,3.7
Arizona,Arizona > Northern Arizona > 08,Northern Arizona,*Northern AZ Bouldering*,Grand Canyon Bouldering,-111.92394,36.00575,1,1,0,2.5,2.5
Arizona,Arizona > Northern Arizona > 09,Northern Arizona,*Northern AZ Bouldering*,Grand Canyon Bouldering,-112.174502,36.031652,5,5,0,2.46,2.3
Arizona,Arizona > Northern Arizona > 10,Northern Arizona,*Northern AZ Bouldering*,Page Bouldering,-111.45354,36.93605,1,1,0,2,2
Arizona,Arizona > Northern Arizona > 11,Northern Arizona,*Northern AZ Bouldering*,The Center Pinche Area,-112.0517,35.0665,1,1,0,3,3
Arizona,Arizona > Northern Arizona > 12,Northern Arizona,*Northern AZ Bouldering*,West Clear Creek,-111.41756333333333,34.55342666666667,3,3,0,4,4
Arizona,Arizona > Northern Arizona > 13,Northern Arizona,*Northern AZ Bouldering*,Woodruff,-110.01709,34.74062,3,3,0,2.3333333333333335,2
Arizona,Arizona > Northern Arizona > 14,Northern Arizona,Central Mogollon Rim,Thirteen Mile Rock,-111.67743,34.50376,1,0,1,3,3
Arizona,Arizona > Northern Arizona > 15,Northern Arizona,Flagstaff Area,Griffith Springs,-111.64986458333334,35.188082916666666,24,4,20,2.3333333333333335,2.3
Arizona,Arizona > Northern Arizona > 16,Northern Arizona,Grand Canyon,Bright Angel Walls,-112.147345,36.059,2,0,2,2.15,2.15
Arizona,Arizona > Northern Arizona > 17,Northern Arizona,Kingman Area,Beale St Wall,-114.08629875,35.20513,8,0,8,2.8,2.8
Arizona,Arizona > Northern Arizona > 18,Northern Arizona,Kingman Area,Black Mountains - Golden Valley,-114.32932,35.161356,10,0,10,2.45,2.3499999999999996
Arizona,Arizona > Northern Arizona > 19,Northern Arizona,Kingman Area,Hualapai Mountains,-113.88185,35.09838,1,1,0,3,3
Arizona,Arizona > Northern Arizona > 20,Northern Arizona,Kingman Area,McNutt Climbing area,-114.346195,35.164635000000004,4,0,4,2.5,2.5
Arizona,Arizona > Northern Arizona > 21,Northern Arizona,Kingman Area,Ringbolt Hot Springs and White Rock Canyon,-114.72047,35.96654,2,2,0,2,2
Arizona,Arizona > Northern Arizona > 22,Northern Arizona,Oak Creek Canyon,Fire Wall,-111.76937600000001,34.895252,15,1,15,2.566666666666667,2.6
Arizona,Arizona > Northern Arizona > 23,Northern Arizona,The Arizona Strip,Lime Kiln Canyon,-114.005858,36.657476,5,0,5,2.42,2.5
Arizona,Arizona > Northern Arizona > 24,Northern Arizona,The Arizona Strip,Virgin River Gorge,-113.834475,36.92637,2,0,2,2.6,2.6
Arizona,Arizona > Northern Arizona > 25,Northern Arizona,Williams Area,Bill Williams Mountain,-112.205,35.2003,1,0,1,2,2
Arizona,Arizona > Northern Arizona > 26,Northern Arizona,Winslow Area- Hwy’s 87 & 99 Corridors,East Clear Creek,-110.65883833333334,34.95854333333333,12,12,0,2.75,2.75
Arizona,Arizona > Northern Arizona > 27,Northern Arizona,Winslow Area- Hwy’s 87 & 99 Corridors,Jacks Canyon,-111.09878933333333,34.702438666666666,15,0,15,2.433333333333333,2.3
Wisconsin,Wisconsin > Northern Highlands > 00,Northern Highlands,Chute Pond County Park,Dam Boulders,-88.45001416666666,45.132895,12,12,0,2.5,2.5
Wisconsin,Wisconsin > Northern Highlands > 01,Northern Highlands,Dave's Falls County Park,Aberdeen Quarry (North),-87.99171,45.49602333333333,3,3,0,2.7666666666666666,3
Wisconsin,Wisconsin > Northern Highlands > 02,Northern Highlands,Grimm Rocks,-,-89.78669,45.31029,1,1,0,4,4
Wisconsin,Wisconsin > Northern Highlands > 03,Northern Highlands,Hagar Mountain,Hagar Mountain (North),-88.41625666666667,45.202753333333334,6,6,0,2.5666666666666664,2.5
Wisconsin,Wisconsin > Northern Highlands > 04,Northern Highlands,Monico Boulders,-,-89.16461,45.54011,1,1,0,2.5,2.5
Wisconsin,Wisconsin > Northern Highlands > 05,Northern Highlands,"Mountain, WI Bouldering Area",-,-88.37272666666667,45.21415333333333,3,3,0,2.6666666666666665,2
Wisconsin,Wisconsin > Northern Highlands > 06,Northern Highlands,Rib Mountain,Emperor's Boulder,-89.69491000000001,44.92069866666667,15,15,0,2.62,2.4
West Virginia,West Virginia > Northern WV > 00,Northern WV,Cheat Canyon,Beaver Hollow,-79.80564128,39.64657768,250,249,1,2.566,2.5
West Virginia,West Virginia > Northern WV > 01,Northern WV,Northern Panhandle,Bear Rock Lake Bouldering (Wheeling),-80.612828,40.05689,5,5,0,2.36,2.3
West Virginia,West Virginia > Northern WV > 02,Northern WV,Northern Panhandle,Tomlinson Run State Park,-80.57326,40.53907,2,2,0,2.75,2.75
West Virginia,West Virginia > Northern WV > 03,Northern WV,Valley Falls State Park,East Boulders,-80.0876552173913,39.39765913043478,23,23,0,2.5304347826086957,2
Wisconsin,Wisconsin > Northwest > 00,Northwest,Apostle Islands,Hermit Island,-90.65558,46.80970833333333,6,6,0,2.716666666666667,2.65
Wisconsin,Wisconsin > Northwest > 01,Northwest,Blue Hills,The Penokean Wall,-91.50176,45.4744,2,2,0,2.25,2.25
Wisconsin,Wisconsin > Northwest > 02,Northwest,Bob's Rock,-,-90.99503,46.29544,2,2,0,2,2
Wisconsin,Wisconsin > Northwest > 03,Northwest,Interstate Park,777 & Hatchet,-92.6504948275862,45.397336206896554,29,29,0,2.4517241379310346,2.2
Wisconsin,Wisconsin > Northwest > 04,Northwest,Old Grade Road Bouldering,Boulder 81,-91.01053125,46.3125575,8,8,0,2.5,2
Wisconsin,Wisconsin > Northwest > 05,Northwest,Willow River State Park,-,-92.67417,45.0196,1,0,1,2,2
Arkansas,Arkansas > Northwest Arkansas (NWA) Region > 00,Northwest Arkansas (NWA) Region,Area 74,Cave Roof,-93.6763,36.0364,1,1,0,2,2
Arkansas,Arkansas > Northwest Arkansas (NWA) Region > 01,Northwest Arkansas (NWA) Region,Beaver Lake,Beaver Lake DWS,-94.02094,36.34427,1,1,0,3,3
Arkansas,Arkansas > Northwest Arkansas (NWA) Region > 02,Northwest Arkansas (NWA) Region,Bigfoot Hollow,Area 51,-93.87724857142857,35.64049857142857,7,4,3,3.1,3
Arkansas,Arkansas > Northwest Arkansas (NWA) Region > 03,Northwest Arkansas (NWA) Region,Crystal Cave,-,-94.43317,36.33507,2,2,0,2.15,2.15
Arkansas,Arkansas > Northwest Arkansas (NWA) Region > 04,Northwest Arkansas (NWA) Region,DeSoto Bouldering Area,-,-93.68326,35.68708,3,3,0,2.6666666666666665,3
Arkansas,Arkansas > Northwest Arkansas (NWA) Region > 05,Northwest Arkansas (NWA) Region,Devils canyon,-,-94.010565,35.617761,10,1,9,2.6,2.7
Arkansas,Arkansas > Northwest Arkansas (NWA) Region > 06,Northwest Arkansas (NWA) Region,Fitzgerald Mountain,Fitzgerald North,-94.10576807692308,36.20674807692308,26,9,17,2.3423076923076924,2.3
Arkansas,Arkansas > Northwest Arkansas (NWA) Region > 07,Northwest Arkansas (NWA) Region,Lake Lincoln,Cundalini Boulder,-94.42111137931035,35.999645517241376,29,15,15,2.3310344827586205,2.2
Arkansas,Arkansas > Northwest Arkansas (NWA) Region > 08,Northwest Arkansas (NWA) Region,Mount Sequoyah Bouldering,-,-94.13539,36.06817,2,2,0,2,2
Arkansas,Arkansas > Northwest Arkansas (NWA) Region > 09,Northwest Arkansas (NWA) Region,Shepherd Springs,Main Bluffline,-94.10652,35.70713,3,0,3,2.2333333333333334,2.3
Arkansas,Arkansas > Northwest Arkansas (NWA) Region > 10,Northwest Arkansas (NWA) Region,Webber Mountain aka East Mountain,The Playground Wall,-94.09343,36.18439,2,0,2,2,2
Maryland,Maryland > Northwest Branch > 00,Northwest Branch,Curtain Call Boulder,-,-77.00130361111111,39.02764833333333,36,36,0,2.3027777777777776,2.2
Colorado,Colorado > Northwest California > 00,Northwest California,*Northwest California Bouldering,Dry Lagoon,-124.11984777777778,41.10807,9,9,0,2.7888888888888888,2.7
Colorado,Colorado > Northwest California > 01,Northwest California,*Northwest California Bouldering,Shelter Cove,-124.07973,40.0649,2,2,0,3,3
California,California > Northwest California > 00,Northwest California,Chezem Cliffs,South Face,-123.73563250000001,40.85790625,8,0,8,2.5375,2.5
Colorado,Colorado > Northwest California > 02,Northwest California,Cold Springs,Split Rock,-123.717755,40.834545,2,2,0,3.55,3.55
Colorado,Colorado > Northwest California > 03,Northwest California,Cortizone Corner,-,-123.09676,40.76099,1,1,0,3,3
California,California > Northwest California > 01,Northwest California,Footsteps Rock,North Rock,-124.10154875,41.57564625,8,0,8,2.525,2.15
California,California > Northwest California > 02,Northwest California,Land Of The Lost,Pinch Me Wall,-123.712026,40.854084,5,0,5,2.48,2.6
California,California > Northwest California > 03,Northwest California,Lover's Leap (Limestone),45 Wall,-122.69244666666667,41.36208,3,0,3,2.566666666666667,2.6
California,California > Northwest California > 04,Northwest California,Luffenholtz Beach,North Luffenholtz Beach,-124.12284,41.04433,1,0,1,2.3,2.3
California,California > Northwest California > 05,Northwest California,Marble Caves,1. Poison Garden,-123.32999666666666,40.3939,3,0,3,2.3666666666666667,2.1
California,California > Northwest California > 06,Northwest California,New Earth Towers,2. The Kitty Catwalk,-123.7279,40.97881,1,0,1,2,2
California,California > Northwest California > 07,Northwest California,Promontory,Abyss Boulder,-124.1050125,41.6063775,4,0,4,2.625,2.4000000000000004
California,California > Northwest California > 08,Northwest California,So-So Grotto,Main Wall,-123.51012333333333,40.77850666666667,3,0,3,1.9666666666666666,2
Colorado,Colorado > Northwest California > 04,Northwest California,The Hayfork Haven,-,-123.1,40.50019,1,1,0,3,3
Ohio,Ohio > Northwest Ohio > 00,Northwest Ohio,Sawyer Quarry Nature Preserve,West Wall - Bouldering,-83.56545,41.54355,6,6,0,2.5166666666666666,2.55
Montana,Montana > Northwest Region > 00,Northwest Region,Bad Rock Canyon,-,-114.10253,48.38554,8,8,0,2.1625,2
Montana,Montana > Northwest Region > 01,Northwest Region,Bass Creek,-,-114.15912666666667,46.54005,3,0,3,2.6666666666666665,2.8
Washington,Washington > Northwest Region > 00,Northwest Region,Bellingham and Mt Baker Hwy,Baker Crags,-121.82832,48.90605,2,0,2,2.95,2.95
Washington,Washington > Northwest Region > 01,Northwest Region,Bellingham and Mt Baker Hwy,Bellingham Area,-122.46405,48.64387761904762,21,14,7,2.6333333333333333,2.6
Washington,Washington > Northwest Region > 02,Northwest Region,Bellingham and Mt Baker Hwy,Bellingham Area,-122.20892,48.82004,1,0,1,2,2
Washington,Washington > Northwest Region > 03,Northwest Region,Bellingham and Mt Baker Hwy,Bellingham Area,-122.482122,48.726076666666664,15,12,3,2.72,2.7
Montana,Montana > Northwest Region > 02,Northwest Region,Blackleaf Canyon,Blow-Hard Wall,-112.71187499999999,48.00701,4,0,4,2.825,2.8
Washington,Washington > Northwest Region > 04,Northwest Region,Darrington and Mountain Loop Hwy,Bedal Basin (Bedal Boulder),-121.35197571428571,48.09144571428572,7,7,0,2.8714285714285714,3
Washington,Washington > Northwest Region > 05,Northwest Region,Darrington and Mountain Loop Hwy,Darrington,-121.61707,48.15921,1,0,1,2.9,2.9
Washington,Washington > Northwest Region > 06,Northwest Region,Darrington and Mountain Loop Hwy,Darrington,-121.42860375000001,48.06586125,8,2,6,2.25,2
Montana,Montana > Northwest Region > 03,Northwest Region,Elk Meadows,Funk Rock,-114.37422,46.66839,1,0,1,2.6,2.6
Montana,Montana > Northwest Region > 04,Northwest Region,Gash Creek,Zig-Zag Crag,-114.25742,46.40974,1,0,1,3,3
Montana,Montana > Northwest Region > 05,Northwest Region,Giant Springs State Park,Bucktooth Wall,-111.22869333333333,47.53395333333333,3,3,0,2.2666666666666666,2
Montana,Montana > Northwest Region > 06,Northwest Region,Glacier National Park,Belton Bridge at Glacier National Park,-113.97018,48.49959,1,1,0,3,3
Montana,Montana > Northwest Region > 07,Northwest Region,Holland Falls,-,-113.57538,47.45105,1,1,0,2,2
Washington,Washington > Northwest Region > 07,Northwest Region,Hwy 20 and North Cascades National Park,North Cascades,-120.64594,48.513495000000006,2,0,2,2.15,2.15
Washington,Washington > Northwest Region > 08,Northwest Region,Hwy 20 and North Cascades National Park,Other Skagit Valley Crags,-122.035296,48.452328,10,2,8,2.55,2.45
Washington,Washington > Northwest Region > 09,Northwest Region,Hwy 20 and North Cascades National Park,Upper Skagit Valley,-121.24374,48.67782,1,0,1,2.1,2.1
Washington,Washington > Northwest Region > 10,Northwest Region,Hwy 20 and North Cascades National Park,Walker Valley and Lake Cavanaugh Rd Crags,-122.08545666666667,48.35872666666667,3,2,1,2.533333333333333,2.5
Montana,Montana > Northwest Region > 08,Northwest Region,Kila Crags,Psychology Wall,-114.498155,48.099410000000006,2,0,2,1.95,1.95
Montana,Montana > Northwest Region > 09,Northwest Region,Libby Area - Kootenai River Crags,Bighorn Terrace Crags,-115.67070666666667,48.447763333333334,3,1,2,2,2
Montana,Montana > Northwest Region > 10,Northwest Region,Lolo Area,The Heap,-114.52609,46.718848,5,4,1,2.86,3
Montana,Montana > Northwest Region > 11,Northwest Region,Lost Horse,Mother Lode Boulders,-114.25542333333334,46.09666333333333,3,3,0,3.3666666666666667,3.5
Montana,Montana > Northwest Region > 12,Northwest Region,Memorial Falls,Prospector Crag,-110.70115333333334,46.915886666666665,3,1,2,3.5,3.5
Montana,Montana > Northwest Region > 13,Northwest Region,Mill Creek,Mill Creek North Rim,-114.23970666666666,46.309693333333335,3,0,3,2.3666666666666667,2.4
Montana,Montana > Northwest Region > 14,Northwest Region,Muddy Creek,South Side of Creek,-112.70474,47.98999,1,0,1,2,2
Montana,Montana > Northwest Region > 15,Northwest Region,Mulkey Gulch,Mulkey Tower,-113.278,46.74824,1,0,1,2.6,2.6
Montana,Montana > Northwest Region > 16,Northwest Region,Point of Rocks,Metropolis,-114.71767333333334,48.652654999999996,6,0,6,3.1666666666666665,3.25
Montana,Montana > Northwest Region > 17,Northwest Region,Rattler Gulch,Rock In Between,-113.23219,46.727,1,0,1,2.5,2.5
Washington,Washington > Northwest Region > 11,Northwest Region,"San Juan, Fidalgo & Whidbey Islands",Deception Pass,-122.62965978723405,48.45165914893617,47,11,36,2.2851063829787233,2.2
Montana,Montana > Northwest Region > 18,Northwest Region,Stone Hill,Eastside of the Reservoir,-115.28367642857143,48.80995107142857,28,8,20,2.8535714285714286,3
Montana,Montana > Northwest Region > 19,Northwest Region,Testament Slabs,-,-115.56725,48.6697,2,0,2,2,2
Montana,Montana > Northwest Region > 20,Northwest Region,Tuckstop  Boulder,-,-114.55517999999999,47.00461,2,2,0,3,3
Montana,Montana > Northwest Region > 21,Northwest Region,Wolf Butte,The atrium,-110.495486,47.1352,5,5,0,2.6,3
New York,New York > Nyack beach state park > 00,Nyack beach state park,-,-,-72.81905,41.63895,1,1,0,3,3
Tennessee,Tennessee > Obed & Clear Creek > 00,Obed & Clear Creek,Area X,-,-84.72748466666667,36.099755,30,15,15,2.45,2.4
Washington,Washington > Okanogan > 00,Okanogan,Burge Mountain (Tonasket),1) Western Front,-119.25950882352942,48.78539,17,2,15,2.476470588235294,2
Washington,Washington > Okanogan > 01,Okanogan,Chewiliken Creek Crags (Tonasket),Lower Crag,-119.44993,48.62786666666666,3,0,3,2.3333333333333335,2
Washington,Washington > Okanogan > 02,Okanogan,Kettle Valley (Curlew),Kettle Valley Bouldering,-118.6845,48.829135,4,2,2,2.25,2
Washington,Washington > Okanogan > 03,Okanogan,Mazama,Europa,-120.45514212121212,48.621866363636364,33,0,33,2.418181818181818,2.3
Washington,Washington > Okanogan > 04,Okanogan,McLoughlin Canyon (Tonasket),Last Wall,-119.44753533333333,48.64202066666667,15,0,15,2.6933333333333334,3
Washington,Washington > Okanogan > 05,Okanogan,Mount Hull - Lower SW Face (Oroville),Turtle Island,-119.40908,48.88247,2,0,2,2,2
Washington,Washington > Okanogan > 06,Okanogan,Toats Coulee - Middle Fork (Loomis),-,-119.8973,48.8768,1,0,1,3,3
Washington,Washington > Okanogan > 07,Okanogan,Whistler Canyon Trailhead (Oroville),North Canyon (Frog Pond Trail),-119.41794,48.9071175,4,0,4,2.25,2
Iowa,Iowa > Old State Quarry > 00,Old State Quarry,-,-,-91.57024,41.76366,2,2,0,4,4
Washington,Washington > Olympics & Pacific Coast > 00,Olympics & Pacific Coast,*Olympic Peninsula Bouldering,Jefferson Lake,-123.15347,47.7343,1,1,0,3,3
Washington,Washington > Olympics & Pacific Coast > 01,Olympics & Pacific Coast,*Olympic Peninsula Bouldering,Kalaloch Beach 3,-124.3863675,47.6402,8,8,0,2.4375,2.15
Washington,Washington > Olympics & Pacific Coast > 02,Olympics & Pacific Coast,*Olympic Peninsula Bouldering,La Push Beaches,-124.58668,47.87778,1,1,0,2,2
Washington,Washington > Olympics & Pacific Coast > 03,Olympics & Pacific Coast,*Olympic Peninsula Bouldering,Lake Crescent,-123.736146,48.085292,5,5,0,2.7,2.5
Washington,Washington > Olympics & Pacific Coast > 04,Olympics & Pacific Coast,*Olympic Peninsula Bouldering,Rialto Beach,-124.64825,47.93904,3,3,0,3,3
Washington,Washington > Olympics & Pacific Coast > 05,Olympics & Pacific Coast,*Olympic Peninsula Bouldering,Ruby beach boulder stacks,-124.417635,47.712805,2,2,0,3,3
Washington,Washington > Olympics & Pacific Coast > 06,Olympics & Pacific Coast,Cape Disappointment,Elephant Ridge,-124.07404,46.2949425,4,2,2,2.525,2.4
Washington,Washington > Olympics & Pacific Coast > 07,Olympics & Pacific Coast,Chimacum Rock,-,-122.79395,48.02225,1,1,0,2,2
Washington,Washington > Olympics & Pacific Coast > 08,Olympics & Pacific Coast,Crackenstein,-,-123.57929181818182,48.108430909090906,11,0,11,2.6636363636363636,2.5
Washington,Washington > Olympics & Pacific Coast > 09,Olympics & Pacific Coast,Kitsap Peninsula & Puget Sound Islands,Port Gamble Heritage Park,-122.59067,47.79476,1,1,0,3,3
Washington,Washington > Olympics & Pacific Coast > 10,Olympics & Pacific Coast,Olympic National Forest,Lake Cushman,-123.289706,47.49334,10,2,8,2.65,2.75
Washington,Washington > Olympics & Pacific Coast > 11,Olympics & Pacific Coast,Olympic National Forest,Sore Thumb,-123.96295,47.99594,2,0,2,3,3
Washington,Washington > Olympics & Pacific Coast > 12,Olympics & Pacific Coast,Olympic National Forest,Tyler Peak Crags,-123.1374,47.88704,2,0,2,2.15,2.15
Illinois,Illinois > Other Shawnee Bouldering > 00,Other Shawnee Bouldering,One Horse Gap,The Gap Area,-88.45918,37.5179,1,1,0,2.7,2.7
Illinois,Illinois > Other Shawnee Bouldering > 01,Other Shawnee Bouldering,Pomona Bottoms / potential,Main Cliff,-89.34042000000001,37.64353,3,3,0,2.6666666666666665,3
Illinois,Illinois > Other Shawnee Bouldering > 02,Other Shawnee Bouldering,Pounds Lake,A: Main Area,-88.27098,37.6224,5,5,0,2.6,2.5
Illinois,Illinois > Other Shawnee Bouldering > 03,Other Shawnee Bouldering,The Beach,A2: Sloper Boulder,-89.51171,37.697404999999996,4,4,0,2.6,2.2
Colorado,Colorado > Ouray vicinity (rock) > 00,Ouray vicinity (rock),Le Petit Verdon,-,-107.673705,38.02982375,16,0,16,2.60625,2.6
Iowa,Iowa > Ozark Wildlife Area > 00,Ozark Wildlife Area,Bouldering,Level C Maintenance Roadside Boulders,-90.85987125,42.19743375,16,16,0,3.98125,4
Colorado,Colorado > Pagosa Springs > 00,Pagosa Springs,New Dark Ages Crag,-,-106.86107,37.38138,2,0,2,2,2
Colorado,Colorado > Pagosa Springs > 01,Pagosa Springs,Piedra River,Piedra River -  Lower West,-107.19631428571428,37.41827142857143,7,0,7,2.757142857142857,2.7
Colorado,Colorado > Pagosa Springs > 02,Pagosa Springs,Trujillo,-,-107.02237666666667,37.213033333333335,3,0,3,2.3333333333333335,2
Iowa,Iowa > Palisades Kepler State Park > 00,Palisades Kepler State Park,Bouldering,Beginnings,-91.50794285714287,41.903240714285715,14,14,0,3.6857142857142855,4
Texas,Texas > Palo Duro Canyon State Park {PROHIBITED} > 00,Palo Duro Canyon State Park {PROHIBITED},Back Country,Hard Wood,-101.6500728125,34.943100625,32,32,0,2.49375,2.4
Texas,Texas > Paluxy River Boulders > 00,Paluxy River Boulders,Big Rocks Park,-,-97.74210833333333,32.237825,12,12,0,2.6083333333333334,2.55
Georgia,Georgia > Panola Mountain > 00,Panola Mountain,Doug’s Pin,-,-84.15738375000001,33.63016625,8,8,0,2.4625,2.5
Tennessee,Tennessee > Panther Creek State Park > 00,Panther Creek State Park,Disc Golfer's Backstop,-,-83.40922,36.20993,1,1,0,3,3
Texas,Texas > Paradise on the Brazos > 00,Paradise on the Brazos,Choppin' Block,-,-98.4583,32.9987,8,0,8,2.25,2.15
Maryland,Maryland > Patapsco Valley State Park > 00,Patapsco Valley State Park,Bloede Dam Boulders,Blerda Boulder,-76.87632733333334,39.322102666666666,15,14,1,2.7866666666666666,3
Texas,Texas > Pecos River Boat Ramp > 00,Pecos River Boat Ramp,Lawless Wall,-,-101.35886,29.70453,1,0,1,2,2
Texas,Texas > Pedernales Falls State Park > 00,Pedernales Falls State Park,Crinoid Boulder,-,-98.25475,30.33953,1,1,0,3,3
Tennessee,Tennessee > Percy Priest DWS > 00,Percy Priest DWS,Beer Crag,-,-86.61762,36.12243,1,0,1,3,3
Illinois,Illinois > Pere Marquette State Park > 00,Pere Marquette State Park,A: Lily Wall,-,-90.49381235294118,38.97197294117647,17,14,3,2.523529411764706,2.6
South Carolina,South Carolina > Persimmon Ridge Bouldering Area > 00,Persimmon Ridge Bouldering Area,Adrenaline Wall,-,-82.60741666666667,35.08907,3,3,0,3.566666666666667,3.7
New York,"New York > Phoenicia, Sportsman's Wall > 00","Phoenicia, Sportsman's Wall",-,-,-74.30643,42.0861,1,0,1,2.6,2.6
Iowa,Iowa > Pictured Rocks > 00,Pictured Rocks,Bouldering,Heat Stroke & Camo Wall,-91.101942,42.2112464,25,20,5,3.48,4
Georgia,Georgia > Pine Mountain > 00,Pine Mountain,Goose Egg Rock,-,-84.74728333333333,34.177659999999996,3,3,0,2.566666666666667,2.7
Wyoming,Wyoming > Pinedale Area > 00,Pinedale Area,Fremont Butte,(1) North Ridge,-109.71098833333333,42.8544175,24,21,3,2.5875,2.55
Maryland,Maryland > Pirate Poverty > 00,Pirate Poverty,-,-,-77.01574,39.00373,2,2,0,2.5,2.5
Texas,Texas > Point of Rocks > 00,Point of Rocks,Moon boulder,-,-104.06402,30.535520000000002,1,1,0,3,3
Oregon,Oregon > Portland & The Gorge > 00,Portland & The Gorge,Broughton Bluff,(9) Jungle Cliff,-122.4965940909091,45.397828636363634,22,19,3,2.1863636363636365,2.1
Oregon,Oregon > Portland & The Gorge > 01,Portland & The Gorge,P-IKE Boulders,-,-123.26168,45.37149,3,3,0,2,2
Oregon,Oregon > Portland & The Gorge > 02,Portland & The Gorge,Rocky Butte,j. Toothpick Wall,-122.56703,45.55193,1,0,1,2.9,2.9
New York,New York > Powerlinez > 00,Powerlinez,* Powerlinez Bouldering,Boulder Road,-74.16706571428571,41.14550142857143,28,27,1,2.5428571428571427,2.4
Iowa,Iowa > Prairie Creek > 00,Prairie Creek,Horseshoe Bend,-,-90.63929,42.05932,2,2,0,2,2
Tennessee,Tennessee > Prentice Cooper > 00,Prentice Cooper,Suck Creek Bouldering,Lower Suck,-85.38739000000001,35.137209999999996,2,2,0,2.55,2.55
Maryland,Maryland > Prettyboy Reservoir > 00,Prettyboy Reservoir,Bentley's Bluff,-,-76.727,39.64284,1,1,0,3,3
Indiana,Indiana > Purdue University Buildering > 00,Purdue University Buildering,Belltower Area,-,-86.91672,40.426712,5,5,0,2.2,2
Minnesota,Minnesota > Quarry Park (St. Cloud) > 00,Quarry Park (St. Cloud),-,-,-94.2416,45.5355,1,0,1,2.1,2.1
Oklahoma,Oklahoma > Quartz Mountain > 00,Quartz Mountain,00. Entrance Boulders,Black Buttress Boulder,-99.33256733333333,34.898426,15,8,7,2.9266666666666667,3
Maryland,Maryland > Rachel Carson Conservation Park > 00,Rachel Carson Conservation Park,Cave of the Lorax,-,-77.08489,39.215042,5,5,0,2.34,2.5
Alabama,Alabama > Rainbow Mountain > 00,Rainbow Mountain,New Sub-Area 1,-,-86.72769,34.73243,18,18,0,2.688888888888889,2.8499999999999996
South Dakota,South Dakota > Rapid City Area > 00,Rapid City Area,Bone Collector,Low Side,-103.42352,44.09565,3,3,0,2.8333333333333335,3
South Dakota,South Dakota > Rapid City Area > 01,Rapid City Area,Experimental Forest,-,-103.63452,44.16426,1,1,0,2,2
South Dakota,South Dakota > Rapid City Area > 02,Rapid City Area,Falling Rock,Falling Rock Drainage,-103.30292,44.06971125,8,5,3,2.35,2.2
South Dakota,South Dakota > Rapid City Area > 03,Rapid City Area,Rock Maze,Double Dyno Boulder,-103.443094,44.14237266666667,15,14,1,2.473333333333333,2.5
Florida,Florida > Rattlesnake Island > 00,Rattlesnake Island,-,-,-81.23185,29.70079,2,2,0,2.75,2.75
Maryland,Maryland > Raven Rock > 00,Raven Rock,RoadSide Boulders,Panda Boulder,-77.53704,39.66478,2,2,0,2.9,2.9
Wyoming,Wyoming > Rawlins Area > 00,Rawlins Area,Owl Roofs,-,-107.255825,41.80987833333333,6,3,3,2.5833333333333335,2.4
Texas,Texas > Red Bluff > 00,Red Bluff,The Neverending,-,-98.967,29.6659,1,1,0,2.5,2.5
Kentucky,Kentucky > Red River Gorge > 00,Red River Gorge,Ash Branch,-,-83.682662658227855,37.72083626582278,158,40,118,2.4974683544303797,2.4
Louisiana,Louisiana > Red River Mud Boulders > 00,Red River Mud Boulders,Dragon Egg Boulder,-,-93.72964333333334,32.505896666666665,3,3,0,2.1666666666666665,2
Georgia,Georgia > Red Top Mountain Boulder > 00,Red Top Mountain Boulder,-,-,-84.71545,34.15172,1,1,0,2,2
Minnesota,"Minnesota > Red Wing (a.k.a. He Mni Can, Barn Bluff) > 00","Red Wing (a.k.a. He Mni Can, Barn Bluff)",Annadonia Area,-,-92.52233571428572,44.56952928571429,14,1,13,2.3785714285714286,2.25
New York,"New York > Redwood Hill - ""Butter Cliff"" > 00","Redwood Hill - ""Butter Cliff""",Butter Boulders,-,-75.79262333333334,44.306626666666666,3,3,0,2.6666666666666665,3
Rhode Island,Rhode Island > Rejects Rock > 00,Rejects Rock,-,-,-71.31569,41.45588,1,1,0,2,2
Texas,Texas > Reveille Peak Ranch > 00,Reveille Peak Ranch,Black Pearl,-,-98.347,30.7848525,4,4,0,3.375,3.5
Colorado,Colorado > Rifle > 00,Rifle,Rifle Arch,Above the Slab,-107.73591,39.68181428571429,14,0,14,2.414285714285714,2.3499999999999996
Maryland,Maryland > Rio > 00,Rio,-,-,-77.19998,39.11735,1,1,0,3.5,3.5
Arkansas,Arkansas > River Valley and Ouachitas Region > 00,River Valley and Ouachitas Region,Dardanelle Rock,-,-93.16375,35.23714,4,2,2,2.325,2.3
Arkansas,Arkansas > River Valley and Ouachitas Region > 01,River Valley and Ouachitas Region,Mount Magazine State Park,Mt. Magazine Proper,-93.64745,35.16312,2,0,2,2.9,2.9
Arkansas,Arkansas > River Valley and Ouachitas Region > 02,River Valley and Ouachitas Region,Rattlesnake Ridge Natural Area,Cliffbreak (aka West Pinn),-92.51503666666667,34.83307333333333,6,0,6,2.95,3.05
Arkansas,Arkansas > River Valley and Ouachitas Region > 03,River Valley and Ouachitas Region,The Whitcombs,-,-93.09024,34.88075,5,5,0,3.02,3
Arkansas,Arkansas > River Valley and Ouachitas Region > 04,River Valley and Ouachitas Region,Woods Mountain,Strawberry,-93.37045499999999,35.570605,2,2,0,2.5,2.5
Rhode Island,Rhode Island > Riverwood > 00,Riverwood,Fern Gully Area,-,-71.795538,41.390339,10,10,0,2.3,2
Texas,Texas > Robinson Ridge Playground > 00,Robinson Ridge Playground,-,-,-96.6922,33.24027,2,2,0,3.5,3.5
New York,New York > Rochester > 00,Rochester,Lock 62,-,-77.5433,43.1038,2,2,0,2,2
Kansas,Kansas > Rock City > 00,Rock City,Daddy's Boulder,-,-97.73555333333334,39.09088666666667,6,6,0,2.35,2.3
New York,New York > Rock City State Forest > 00,Rock City State Forest,Little Rock City,-,-78.7075,42.20892,8,8,0,2.65,2.6
Kentucky,Kentucky > Rock Creek > 00,Rock Creek,-,-,-84.59256,36.6847,2,2,0,3,3
Maryland,Maryland > Rock Maze (Oakland) Boulder Area > 00,Rock Maze (Oakland) Boulder Area,-,-,-79.45563,39.49808,2,2,0,4,4
Wyoming,Wyoming > Rock Springs > 00,Rock Springs,Natural Corrals Superior,Jungle Wall,-108.9052,41.79684,1,0,1,2,2
Kansas,Kansas > Rock Town Wilson Lake Kansas > 00,Rock Town Wilson Lake Kansas,Golden Belt Boulders,-,-98.50545,38.91507,1,1,0,2,2
Kentucky,Kentucky > Rockcastle River > 00,Rockcastle River,Funky Town,-,-84.28813428571428,37.14870285714286,7,6,1,3.057142857142857,3
Delaware,Delaware > Rockford Park > 00,Rockford Park,Black Widow Boulder,-,-75.574585,39.768414,10,10,0,2.76,2.95
Maryland,Maryland > Rocks State Park > 00,Rocks State Park,Below Breakaway,-,-76.41202333333334,39.635995,6,6,0,2.65,2.6500000000000004
Georgia,Georgia > Rocktown > 00,Rocktown,Asphalt Boulders,-,-85.39130736842105,34.65149631578947,38,38,0,2.7842105263157895,2.8
Rhode Island,Rhode Island > Rockville > 00,Rockville,Blue Pond Boulders,Main Wall,-71.75807833333333,41.50326833333334,6,6,0,2.75,3
South Carolina,South Carolina > Rocky Creek Bouldering > 00,Rocky Creek Bouldering,Beauty Boulder,-,-80.93807222222222,34.569361111111114,9,9,0,2.8777777777777778,3
Maryland,Maryland > Rocky Gap State Park > 00,Rocky Gap State Park,Fred's Hideout,-,-78.662395,39.702905,2,2,0,3,3
Maryland,Maryland > Rocky Gorge Reservoir  (T. Howard Duckett Reservoir) > 00,Rocky Gorge Reservoir  (T. Howard Duckett Reservoir),Drowning Boulder,-,-76.6296,39.3003,1,1,0,2,2
Rhode Island,Rhode Island > Rocky Point > 00,Rocky Point,Caves and Troll Toll,Dark Side,-71.371769375,41.690015,16,16,0,2.53125,2.5
Oklahoma,Oklahoma > SE Oklahoma > 00,SE Oklahoma,McGee Creek Natural Scenic Recreation Area,Little Bugaboo Creek,-95.83164,34.40054714285714,7,7,0,2.4714285714285715,2.7
Missouri,"Missouri > SW: Morse Park, Neosho > 00","SW: Morse Park, Neosho",Trap House,-,-94.36191,36.87345,1,1,0,3,3
Missouri,Missouri > SW: Peter's Branch > 00,SW: Peter's Branch,Softball,-,-92.93900500000001,36.964821666666666,6,6,0,2.8833333333333333,2.95
Missouri,Missouri > SW: Shoal Creek Area > 00,SW: Shoal Creek Area,Mother Natures Crack,-,-94.521235,37.02596,2,2,0,3,3
Colorado,Colorado > San Bernardino Mountains > 00,San Bernardino Mountains,Big Bear Lake Area,Big Bear North,-116.884725,34.2815475,20,20,0,2.94,3
California,California > San Bernardino Mountains > 00,San Bernardino Mountains,Big Bear Lake Area,Big Bear North,-116.90436612903225,34.29739096774193,31,0,31,2.261290322580645,2.1
California,California > San Bernardino Mountains > 01,San Bernardino Mountains,Cajon Junction Area,Mormon Rocks,-117.4958,34.32008,1,0,1,2.2,2.2
California,California > San Bernardino Mountains > 02,San Bernardino Mountains,Highway 38 Crags,(g) Monkeyface Falls,-116.961685,34.102467499999996,12,0,12,2.6833333333333336,2.6
California,California > San Bernardino Mountains > 03,San Bernardino Mountains,Highway 38 Crags,(l) Onyx Summit Area,-116.72269,34.1963,2,0,2,2.7,2.7
California,California > San Bernardino Mountains > 04,San Bernardino Mountains,Lake Arrowhead Area,Lake Arrowhead Pinnacles,-117.2069292,34.2814116,25,0,25,2.284,2
Colorado,Colorado > San Diego County > 00,San Diego County,North San Diego County,Beacons Beach,-117.290365,33.030165,2,2,0,3.1,3.1
Colorado,Colorado > San Diego County > 01,San Diego County,North San Diego County,Cougar Crag,-117.01630272727273,33.07242818181818,11,11,0,2.963636363636364,3
California,California > San Diego County > 00,San Diego County,North San Diego County,Cougar Crag,-117.13773,33.34171,2,0,2,2.2,2.2
Colorado,Colorado > San Diego County > 02,San Diego County,North San Diego County,Melrose Boulders,-117.25797,33.22432,5,5,0,2.68,2.7
Colorado,Colorado > San Diego County > 03,San Diego County,North San Diego County,Mount Woodson,-116.91505523809523,33.00764095238095,21,21,0,2.876190476190476,3
California,California > San Diego County > 01,San Diego County,North San Diego County,Mount Woodson,-116.93078166666666,33.00015666666667,6,0,6,2.7,2.45
Colorado,Colorado > San Diego County > 04,San Diego County,North San Diego County,Old Castle,-117.12628000000001,33.252215,2,2,0,3,3
Colorado,Colorado > San Diego County > 05,San Diego County,North San Diego County,Rancho Penasquitos Canyon,-117.177285,32.926865,4,4,0,2.8,2.9
Colorado,Colorado > San Diego County > 06,San Diego County,San Diego County Desert Area,Blair Valley,-116.45047066666666,33.205504,15,15,0,2.7933333333333334,3
California,California > San Diego County > 02,San Diego County,South San Diego County,Bonita,-117.012,32.6913,1,0,1,2,2
California,California > San Diego County > 03,San Diego County,South San Diego County,Corte Madera,-116.59046,32.75597,3,0,3,2.6,2.6
Colorado,Colorado > San Diego County > 07,San Diego County,South San Diego County,Descanso Wall,-116.63552285714286,32.84206285714286,7,7,0,2.9857142857142858,3
California,California > San Diego County > 04,San Diego County,South San Diego County,El Cajon Mountain,-116.82258,32.900529285714285,14,0,14,2.4642857142857144,2.3499999999999996
Colorado,Colorado > San Diego County > 08,San Diego County,South San Diego County,La Jolla,-117.27884,32.8445,2,2,0,3.05,3.05
California,California > San Diego County > 05,San Diego County,South San Diego County,McCain Valley,-116.28029,32.75225,2,0,2,2.05,2.05
California,California > San Diego County > 06,San Diego County,South San Diego County,Mission Gorge,-117.05089666666666,32.825986666666665,3,0,3,2.4,2.6
Colorado,Colorado > San Diego County > 09,San Diego County,South San Diego County,Mission Gorge,-117.021412,32.843308666666665,15,15,0,2.8133333333333335,2.8
California,California > San Diego County > 07,San Diego County,South San Diego County,Valley of the Moon,-116.07346666666666,32.62314333333333,3,0,3,2.5,2.4
Colorado,Colorado > San Diego County > 10,San Diego County,South San Diego County,Valley of the Moon,-116.0807,32.62648,1,1,0,2.7,2.7
Colorado,Colorado > San Francisco Bay Area > 00,San Francisco Bay Area,East Bay Area,Berkeley,-122.27267333333333,37.89285777777778,9,9,0,2.4555555555555557,2.5
Colorado,Colorado > San Francisco Bay Area > 01,San Francisco Bay Area,East Bay Area,Indian Joe Caves,-121.81771,37.5249,2,2,0,2.65,2.65
California,California > San Francisco Bay Area > 00,San Francisco Bay Area,East Bay Area,Mount Diablo State Park,-121.98579,37.88044,1,0,1,2.4,2.4
Colorado,Colorado > San Francisco Bay Area > 02,San Francisco Bay Area,Marin/Northwest Bay Area,Black Sand Beach,-122.55447571428572,37.88077333333333,21,21,0,2.738095238095238,2.7
California,California > San Francisco Bay Area > 01,San Francisco Bay Area,Marin/Northwest Bay Area,Mickey's Beach,-122.62689333333333,37.883885,6,0,6,2.2333333333333334,2.1500000000000004
California,California > San Francisco Bay Area > 02,San Francisco Bay Area,South Bay Area,Aquarian Valley,-122.11916428571429,37.24429285714286,7,0,7,2.1,2.1
Colorado,Colorado > San Francisco Bay Area > 03,San Francisco Bay Area,South Bay Area,Aquarian Valley,-122.16674,37.29013,1,1,0,3,3
Colorado,Colorado > San Francisco Bay Area > 04,San Francisco Bay Area,South Bay Area,Bean Hollow State Beach,-122.41617,37.23614,1,1,0,3,3
Colorado,Colorado > San Francisco Bay Area > 05,San Francisco Bay Area,South Bay Area,Castle Rock Area,-122.09425906976745,37.23105674418605,43,43,1,2.625581395348837,2.7
Colorado,Colorado > San Francisco Bay Area > 06,San Francisco Bay Area,South Bay Area,Hicks Road,-121.86471,37.240390000000005,4,4,0,3.45,3.4
California,California > San Francisco Bay Area > 03,San Francisco Bay Area,South Bay Area,Hicks Road,-121.87656,37.19551,1,0,1,2.1,2.1
Colorado,Colorado > San Francisco Bay Area > 07,San Francisco Bay Area,South Bay Area,Stevens Canyon Boulder,-122.08336,37.27224,1,1,0,2.5,2.5
Colorado,Colorado > San Francisco Bay Area > 08,San Francisco Bay Area,Wine Country/Northeast Bay,Barefoot Boulders,-123.64207,38.84469,1,1,0,3,3
California,California > San Francisco Bay Area > 04,San Francisco Bay Area,Wine Country/Northeast Bay,Mount St. Helena,-122.61250722222222,38.65235444444444,18,0,18,2.5277777777777777,2.6
Colorado,Colorado > San Francisco Bay Area > 09,San Francisco Bay Area,Wine Country/Northeast Bay,Mount St. Helena,-122.59943333333334,38.65584333333333,3,3,0,3,3
Colorado,Colorado > San Francisco Bay Area > 10,San Francisco Bay Area,Wine Country/Northeast Bay,Putah Creek,-122.05547,38.516486,5,5,0,2.58,2.6
California,California > San Francisco Bay Area > 05,San Francisco Bay Area,Wine Country/Northeast Bay,Salt Point State Park,-123.25786,38.538075,2,0,2,1.95,1.95
Colorado,Colorado > San Francisco Bay Area > 11,San Francisco Bay Area,Wine Country/Northeast Bay,Salt Point State Park,-123.35421875,38.5923025,8,8,0,3.175,3
Colorado,Colorado > San Francisco Bay Area > 12,San Francisco Bay Area,Wine Country/Northeast Bay,Sonoma Coast State Park,-123.1156325,38.429305,4,4,0,2.975,2.9
Colorado,Colorado > San Francisco Bay Area > 13,San Francisco Bay Area,Wine Country/Northeast Bay,Sugarloaf Ridge,-122.52059,38.43828,1,1,0,2.5,2.5
Colorado,Colorado > San Francisco Bay Area > 14,San Francisco Bay Area,Wine Country/Northeast Bay,The Nut Tree Boulders,-121.98611363636364,38.383171818181815,11,11,0,2.6,2.5
Texas,Texas > San Gabriel Walking Trail > 00,San Gabriel Walking Trail,-,-,-97.706,30.6626,1,1,0,2.8,2.8
Colorado,Colorado > San Jacinto Mountains > 00,San Jacinto Mountains,Backcountry Bouldering,Marion Mountain Trail,-116.7018323880597,33.80246597014926,67,67,0,2.6686567164179102,2.5
California,California > San Luis Valley > 00,San Luis Valley,Alamosa Canyon aka Heavy Metal,Boulder City,-106.26715,37.3616,1,1,0,3.5,3.5
California,California > San Luis Valley > 01,San Luis Valley,Big Meadows,Big Meadows Bouldering,-106.77587,37.55422,1,1,0,2,2
Colorado,Colorado > San Luis Valley > 00,San Luis Valley,Manassa,Robust,-105.80343,37.18965,1,0,1,2.9,2.9
Colorado,Colorado > San Luis Valley > 01,San Luis Valley,Penitente Canyon,Penitente - Entrance Area,-106.288786,37.846072,10,0,10,2.27,2.2
California,California > San Luis Valley > 02,San Luis Valley,Penitente Canyon,Penitente - Inner Canyon,-106.288015,37.84789,4,4,0,3.25,3.5
California,California > San Luis Valley > 03,San Luis Valley,Rohan,"Rohan, Finger 2",-106.29747333333334,37.616483333333335,3,3,0,2,2
Colorado,Colorado > San Luis Valley > 02,San Luis Valley,The Promised Land,03. Main Wall,-106.31773,37.5738,1,0,1,2.3,2.3
Colorado,Colorado > San Luis Valley > 03,San Luis Valley,Witches' Canyon,Canyon Road Cliffs,-106.29425,37.83924,1,0,1,2.4,2.4
Minnesota,Minnesota > Sandstone > 00,Sandstone,Eldon,-,-92.85797733333334,46.13383266666667,15,9,6,2.3866666666666667,2.3
New Mexico,New Mexico > Santa Fe Area > 00,Santa Fe Area,Apache Canyon (a.k.a. Grasshopper Canyon) Bouldering,-,-105.81098,35.56397,3,3,0,2.6666666666666665,3
New Mexico,New Mexico > Santa Fe Area > 01,Santa Fe Area,Diablo Canyon,Cockscomb Crag,-106.14512125,35.8089575,8,0,8,2.575,2.45
New Mexico,New Mexico > Santa Fe Area > 02,Santa Fe Area,Pecos River Canyon,Cathedral Rock,-105.7373125,35.706739999999996,8,3,5,2.4625,2.45
Florida,Florida > Santos > 00,Santos,The Vortex,Section 5,-82.10801,29.0908,1,1,0,2,2
Alabama,Alabama > Sauta Cave > 00,Sauta Cave,Deadwood Block,-,-86.12388,34.61244,1,1,0,2,2
Minnesota,Minnesota > Sawbill BWCA > 00,Sawbill BWCA,Kelso Lake,-,-90.90239,47.91279,1,1,0,4,4
Minnesota,Minnesota > Sawmill Creek Dome > 00,Sawmill Creek Dome,Picnic Rock,-,-91.16266571428572,47.40476,7,7,0,2.4857142857142858,2.5
Nebraska,Nebraska > Schramm Road > 00,Schramm Road,-,-,-96.2451,41.01806,1,1,0,2.4,2.4
West Virginia,West Virginia > Seneca Rocks > 00,Seneca Rocks,South Peak - East Face,Southeast Corner,-79.36668,38.83398,2,0,2,2.95,2.95
North Dakota,North Dakota > Sentinel Butte > 00,Sentinel Butte,-,-,-103.8363,46.8784,1,0,1,2,2
North Dakota,North Dakota > Sentinel Butte Bouldering > 00,Sentinel Butte Bouldering,Butte Blocks,-,-103.84677500000001,46.875325000000004,2,2,0,3,3
Colorado,Colorado > Sequoia & Kings Canyon NP > 00,Sequoia & Kings Canyon NP,* SEKI Bouldering,Buena Vista Trail,-118.89708,36.71531,1,1,0,3,3
Colorado,Colorado > Sequoia & Kings Canyon NP > 01,Sequoia & Kings Canyon NP,* SEKI Bouldering,Cedar Grove Boulders,-118.589241,36.794922,10,10,0,3,3
Colorado,Colorado > Sequoia & Kings Canyon NP > 02,Sequoia & Kings Canyon NP,* SEKI Bouldering,Eli's Paradise,-118.71277,36.472170000000006,2,2,0,3.5,3.5
Colorado,Colorado > Sequoia & Kings Canyon NP > 03,Sequoia & Kings Canyon NP,* SEKI Bouldering,Lodgepole,-118.87023625,36.472913750000004,8,8,0,2.9,3
California,California > Sequoia & Kings Canyon NP > 00,Sequoia & Kings Canyon NP,Danland,Grassy Knoll area,-118.76566,36.440733333333334,3,0,3,2.533333333333333,2.3
Colorado,Colorado > Sequoia & Kings Canyon NP > 04,Sequoia & Kings Canyon NP,Kings Canyon,Grant Grove,-118.96326,36.74018,2,2,0,2.3,2.3
California,California > Sequoia & Kings Canyon NP > 01,Sequoia & Kings Canyon NP,Kings Canyon,Zumwalt Meadows Area,-118.59636,36.79051,1,0,1,2.5,2.5
California,California > Sequoia & Kings Canyon NP > 02,Sequoia & Kings Canyon NP,Little Baldy,-,-118.8049,36.6141,1,0,1,2.7,2.7
North Dakota,North Dakota > Shake Dome > 00,Shake Dome,Trestle 2,-,-96.77594,46.87946,2,0,2,2,2
Georgia,Georgia > Shaking Rock > 00,Shaking Rock,Brain Area,-,-83.1181790909091,33.86712363636364,11,11,0,2.6272727272727274,2.7
Virginia,Virginia > Shenandoah & NW VA Region > 00,Shenandoah & NW VA Region,Big Schloss Summit Boulders,North Base,-78.66597,38.94146,1,1,0,2,2
Virginia,Virginia > Shenandoah & NW VA Region > 01,Shenandoah & NW VA Region,Crescent Boulders,Alone Boulder,-77.84455777777778,39.134143333333334,9,9,0,2.3222222222222224,2
Virginia,Virginia > Shenandoah & NW VA Region > 02,Shenandoah & NW VA Region,Duck Run Boulders,Rhododendron Roof,-78.37555333333333,39.02146333333333,6,3,3,2.5833333333333335,2.7
Virginia,Virginia > Shenandoah & NW VA Region > 03,Shenandoah & NW VA Region,Hidden Rocks,(1) Lower Hidden,-79.124805,38.455315,4,1,3,2.95,3
Virginia,Virginia > Shenandoah & NW VA Region > 04,Shenandoah & NW VA Region,Indian Graves Ridge,IGR East side,-78.4035,38.8099,2,0,2,2.8499999999999996,2.8499999999999996
Virginia,Virginia > Shenandoah & NW VA Region > 05,Shenandoah & NW VA Region,Linden Boulder,-,-78.0596,38.90386,2,2,0,3,3
Virginia,Virginia > Shenandoah & NW VA Region > 06,Shenandoah & NW VA Region,Rawley Springs,-,-79.05292800000001,38.512178,5,5,0,2.16,2.1
Virginia,Virginia > Shenandoah & NW VA Region > 07,Shenandoah & NW VA Region,Shenandoah National Park,Central District,-78.3666625,38.588575,4,4,0,2.675,2.85
Virginia,Virginia > Shenandoah & NW VA Region > 08,Shenandoah & NW VA Region,Shenandoah National Park,North District,-78.17513,38.826566,5,5,0,2.56,2.5
Virginia,Virginia > Shenandoah & NW VA Region > 09,Shenandoah & NW VA Region,Shenandoah National Park,Old Rag,-78.33735461538463,38.54369,13,12,1,3.0153846153846153,3
Virginia,Virginia > Shenandoah & NW VA Region > 10,Shenandoah & NW VA Region,Shenandoah National Park,South District,-78.72503714285715,38.22911714285714,7,7,0,2.2857142857142856,2
Virginia,Virginia > Shenandoah & NW VA Region > 11,Shenandoah & NW VA Region,Shenandoah National Park,Upper White Oak Falls,-78.346534,38.600828,5,5,0,2.6,2
Minnesota,Minnesota > Sheridan memorial > 00,Sheridan memorial,-,-,-93.2735,44.99958,1,1,0,4,4
Wyoming,Wyoming > Shirley Mountains > 00,Shirley Mountains,Cliffs Beyond Difficulty,-,-106.47762,42.14445,1,0,1,3,3
Tennessee,Tennessee > Short Mountain > 00,Short Mountain,Main Cliffline,-,-85.97083,35.86698,1,1,0,4,4
Minnesota,Minnesota > Silver Creek Tunnel Area (North Shore) > 00,Silver Creek Tunnel Area (North Shore),Silver Creek Tunnel Rock,-,-91.55209,47.09561,5,0,5,2.64,2.5
Colorado,Colorado > Silver Plume > 00,Silver Plume,West Slabs,-,-105.7435,39.698,3,0,3,2,2
Colorado,Colorado > Silverton area > 00,Silverton area,Eureka area,Goldrush Area,-107.59660333333333,37.854956666666666,3,0,3,3.033333333333333,2.6
Alabama,Alabama > Smith Mountain > 00,Smith Mountain,Big Boss Man Wall,-,-85.83824363636364,32.809822727272724,11,11,0,2.6545454545454543,2.5
Rhode Island,Rhode Island > Snake Den > 00,Snake Den,Crag 9,-,-71.535235,41.84548,4,4,0,2.25,2
New Mexico,New Mexico > Socorro Area > 00,Socorro Area,The Box Climbing Areas,Northern Box areas,-106.9897770212766,33.992394042553194,47,19,28,2.3574468085106384,2.3
California,California > Sonora Pass Highway (108) > 00,Sonora Pass Highway (108),Chipmunk Flat,Third Buttress,-119.67414,38.32311,1,0,1,2.8,2.8
Colorado,Colorado > Sonora Pass Highway (108) > 00,Sonora Pass Highway (108),Columbia Bouldering,Columbia State Historic Park,-120.39379166666667,38.032488888888885,18,18,0,3.0555555555555554,3
Colorado,Colorado > Sonora Pass Highway (108) > 01,Sonora Pass Highway (108),Knight's Ferry,The Arena,-120.660935,37.819810000000004,2,2,0,3,3
Colorado,Colorado > Sonora Pass Highway (108) > 02,Sonora Pass Highway (108),Lyons Reservoir Road,Roadside Rocks,-120.16365333333333,38.07927,3,3,0,3,3
California,California > Sonora Pass Highway (108) > 01,Sonora Pass Highway (108),Mill Creek Area,Mill Creek Massif,-119.958975,38.25354,4,0,4,3.25,3.5
Colorado,Colorado > Sonora Pass Highway (108) > 03,Sonora Pass Highway (108),Sonora Pass Bouldering,Pump Rocks,-119.93435,38.33039,2,2,0,2.75,2.75
Colorado,Colorado > Sonora Pass Highway (108) > 04,Sonora Pass Highway (108),Sullivan Creek,-,-120.3497,37.97439,1,1,0,3,3
California,California > Sonora Pass Highway (108) > 02,Sonora Pass Highway (108),Table Mountain,Ort Wall,-120.45985,37.9273175,4,0,4,2.425,2.35
California,California > Sonora Pass Highway (108) > 03,Sonora Pass Highway (108),The Ancient Dwarves,The Center Dwarf,-119.92176,38.32967,1,0,1,2.7,2.7
Wisconsin,Wisconsin > South > 00,South,Blackhawk Lake Recreation Area,Union Grove Ridge,-90.28456,43.00144,2,2,0,2.5,2.5
Wisconsin,Wisconsin > South > 01,South,Donald Park,Donald Rock,-89.66811799999999,42.954636,5,5,0,2.52,2.6
Wisconsin,Wisconsin > South > 02,South,Dudley Davis Quarry Park,-,-89.44968,43.07834,5,5,0,2.24,2.2
Wisconsin,Wisconsin > South > 03,South,Governor Dodge State Park,Cox Hollow,-90.10583634920636,43.03429253968254,63,61,2,2.4,2.3
Wisconsin,Wisconsin > South > 04,South,Rock Behind the Rugby Field,Memorial Park,-90.49846,42.7301,1,1,0,2,2
Wisconsin,Wisconsin > South > 05,South,The Fishin' Crag (Castle Rock South),White Trash Boulder,-90.52152,43.04562,1,1,0,3,3
Wisconsin,Wisconsin > South > 06,South,The M (Platte Mound),Pelo de Perro Boulder,-90.40627888888889,42.76705111111111,9,9,0,2.477777777777778,2.3
Pennsylvania,Pennsylvania > South Central PA > 00,South Central PA,Asphalt Boulder,-,-77.295,40.05778,2,2,0,2,2
Pennsylvania,Pennsylvania > South Central PA > 01,South Central PA,Bilger's Rocks,Entrance Overhang,-78.59275230769231,40.99346461538462,13,13,0,2.4615384615384617,2
Pennsylvania,Pennsylvania > South Central PA > 02,South Central PA,Boxcar Rocks (Chinese Wall),* Bouldering,-76.52969333333333,40.54452666666667,3,1,2,3.566666666666667,3.6
Pennsylvania,Pennsylvania > South Central PA > 03,South Central PA,Chickies Rock,The Cave,-76.52518,40.05242,2,2,0,2.75,2.75
Pennsylvania,Pennsylvania > South Central PA > 04,South Central PA,Echo Valley,Conglomerate A,-76.41257999999999,40.598695000000006,2,2,0,2.25,2.25
Pennsylvania,Pennsylvania > South Central PA > 05,South Central PA,Gettysburg,Devils Den,-77.24246,39.79157,2,2,0,2.75,2.75
Pennsylvania,Pennsylvania > South Central PA > 06,South Central PA,Gifford Pinchot State Park,Old Toboggan Boulders,-76.88894,40.06777,6,6,0,2.8166666666666664,2.7
Pennsylvania,Pennsylvania > South Central PA > 07,South Central PA,Governor Dick Park (aka Mount Gretna),Beautiful Day,-76.4554312,40.2371804,25,25,0,2.664,2.6
Pennsylvania,Pennsylvania > South Central PA > 08,South Central PA,Governor Stable,Breadloaf & Immediate Vicinity,-76.69603277777777,40.13022055555555,18,18,0,2.311111111111111,2.1
Pennsylvania,Pennsylvania > South Central PA > 09,South Central PA,MDT/Otter Creek to Shanks Mare,Gardens of the Moon,-76.4175,39.92104,1,1,0,3,3
Pennsylvania,Pennsylvania > South Central PA > 10,South Central PA,Pond Bank,White Rocks,-77.56079,39.63253,2,2,0,2.5,2.5
Pennsylvania,Pennsylvania > South Central PA > 11,South Central PA,Rocky Ridge,Boulder View,-76.65760937499999,40.00762125,16,16,0,2.1875,2
Pennsylvania,Pennsylvania > South Central PA > 12,South Central PA,Safe Harbor,Safe Harbor North,-76.400925,39.928226458333334,48,1,48,2.2020833333333334,2.05
Pennsylvania,Pennsylvania > South Central PA > 13,South Central PA,Shaffer Rocks (The Hermitage),Shaffer Bouldering,-77.48279000000001,39.811193333333335,6,6,0,3,3
Pennsylvania,Pennsylvania > South Central PA > 14,South Central PA,"Susquehanna River, Muddy Run",Beckys Wall,-76.29206,39.79963,1,0,1,4,4
Pennsylvania,Pennsylvania > South Central PA > 15,South Central PA,Susquehanna Riverlands State Park,9. Spire and Facade,-76.62942,40.05539,1,1,0,2,2
Pennsylvania,Pennsylvania > South Central PA > 16,South Central PA,Whiskey Springs,Cranking Area,-77.13253499999999,40.095955000000004,2,2,0,2.5999999999999996,2.5999999999999996
Montana,Montana > South Central Region > 00,South Central Region,Beartooth Mountains,Beartooth Pass Bouldering,-109.48389,44.94895,2,2,0,3,3
Montana,Montana > South Central Region > 01,South Central Region,Billings Rimrocks,Gregory,-108.61335,45.806475,4,1,3,2.55,2.7
Montana,Montana > South Central Region > 02,South Central Region,Box Canyon,Armadillo Boulder,-110.25028,45.27417,1,1,0,3,3
Montana,Montana > South Central Region > 03,South Central Region,Natural Bridge and Falls,GreyStone Wall,-110.2077725,45.547439999999995,4,0,4,2.35,2.4
Montana,Montana > South Central Region > 04,South Central Region,Red Lodge,The Ovens,-109.30855333333334,45.16974666666666,3,0,3,2.1666666666666665,2
Utah,Utah > South Central Utah > 00,South Central Utah,Capitol Reef,Fruita Area,-111.2326,38.256100000000004,1,1,0,2.6,2.6
Utah,Utah > South Central Utah > 01,South Central Utah,Glen Canyon,Big Water Boulders,-111.62733596491228,37.08248280701754,57,57,0,2.3403508771929826,2
Utah,Utah > South Central Utah > 02,South Central Utah,Glen Canyon,Lake Powell,-110.63538,37.48061,1,1,0,2,2
Utah,Utah > South Central Utah > 03,South Central Utah,Glen Canyon,Lake Powell,-110.92598,37.33623,1,1,0,2,2
Utah,Utah > South Central Utah > 04,South Central Utah,Glen Canyon,Lake Powell,-111.40288000000001,37.017345999999996,5,2,3,2.8,3
Utah,Utah > South Central Utah > 05,South Central Utah,Grand Staircase,Buckskin Gulch,-112.00372125,37.07632125,8,0,8,2.5125,2.25
Utah,Utah > South Central Utah > 06,South Central Utah,Grand Staircase,ER Boulders,-111.42436,37.77433,1,1,0,2,2
Utah,Utah > South Central Utah > 07,South Central Utah,Hanksville Area,Robbers Roost,-110.53297,38.33619,1,1,0,3,3
Utah,Utah > South Central Utah > 08,South Central Utah,"Jungle, on the Aquarius Plateau",Distant Drum,-111.88967411764706,37.76320529411765,17,1,16,2.364705882352941,2.3
Utah,Utah > South Central Utah > 09,South Central Utah,San Rafael Swell,San Rafael Swell - North,-110.54267222222222,38.96537,18,3,15,2.5555555555555554,2.6500000000000004
Utah,Utah > South Central Utah > 10,South Central Utah,San Rafael Swell,San Rafael Swell - South,-110.99852,38.68453,1,1,0,3,3
Idaho,Idaho > South Idaho > 00,South Idaho,Castle Rocks,Castle Rocks,-113.69585885714285,42.102304000000004,70,24,46,2.5085714285714285,2.4
Idaho,Idaho > South Idaho > 01,South Idaho,Twin Falls and the Snake River Canyon,Dierkes Lake,-114.394525,42.596552333333335,30,8,22,2.4633333333333334,2.5
California,California > South Platte > 00,South Platte,Buffalo Creek,Buffalo Creek Bouldering,-105.25590217391304,39.36526956521739,23,23,0,2.621739130434783,2.5
Colorado,Colorado > South Platte > 00,South Platte,Buffalo Creek,Flat Saloon Crag,-105.26553000000001,39.327495,4,0,4,2.425,2.4
Colorado,Colorado > South Platte > 01,South Platte,Crystal Fortress,REMF Wall,-105.30581,39.02386,2,0,2,2.3,2.3
Colorado,Colorado > South Platte > 02,South Platte,Deckers,Atlantis Slab,-105.11063327272727,39.27533672727273,55,0,55,2.232727272727273,2.2
Colorado,Colorado > South Platte > 03,South Platte,Elevenmile Canyon,Arch Rock,-105.4139861904762,38.932180476190474,21,0,21,2.4952380952380953,2.5
California,California > South Platte > 01,South Platte,Elevenmile Canyon,Murray Boulders (River Boulders),-105.4187175,38.93352625,8,8,0,2.9375,2.75
Colorado,Colorado > South Platte > 04,South Platte,Goose Creek/Molly Gulch Campground,Inferno Slab,-105.33287764705882,39.21133235294118,17,0,17,2.7470588235294118,2.9
California,California > South Platte > 02,South Platte,Goose Creek/Molly Gulch Campground,Whiskey Rocks,-105.33287,39.22001,2,2,0,3,3
California,California > South Platte > 03,South Platte,Happy Meadows Campground Crag,-,-105.36316,39.01468,1,1,0,3,3
Colorado,Colorado > South Platte > 05,South Platte,Rampart Range Road,Jackson Creek,-105.06461,39.28463,3,0,3,2.433333333333333,2.3
California,California > South Platte > 04,South Platte,Rampart Range Road,Rampart Range Bouldering,-105.11178,39.27204,1,1,0,2,2
California,California > South Platte > 05,South Platte,Rampart Range Road,Rampart Range Bouldering,-105.06752047619048,39.220839523809524,21,21,0,2.4714285714285715,2.3
California,California > South Platte > 06,South Platte,Rampart Range Road,Rampart Reservoir,-104.95738238095238,38.93903,21,21,0,2.738095238095238,3
Colorado,Colorado > South Platte > 06,South Platte,Rampart Range Road,The Bigfoots,-104.95446,38.92738333333333,3,0,3,2.3333333333333335,2
Colorado,Colorado > South Platte > 07,South Platte,South Park,Badger Mountain,-105.54538909090908,39.09328363636364,11,0,11,2.327272727272727,2.3
California,California > South Platte > 07,South Platte,South Park,Badger Mountain,-105.52329,39.09919,1,1,0,3,3
Colorado,Colorado > South Platte > 08,South Platte,Staunton State Park,Beyond Authority,-105.3864834375,39.5131334375,32,0,32,2.4875,2.55
Colorado,Colorado > South Platte > 09,South Platte,Tarryall,Dog Rocks,-105.43787499999999,39.1186425,4,0,4,2.45,2.5
California,California > South Platte > 08,South Platte,Turkey Rocks,Turkey Perch,-105.202862,39.15007,15,15,0,2.526666666666667,2.5
Colorado,Colorado > South Platte > 10,South Platte,West Creek,Thunder Ridge,-105.22492,39.206607500000004,4,0,4,2.675,2.8499999999999996
California,California > South Platte > 09,South Platte,Wigwam Creek/Lost Creek Wilderness,Cro Magnon,-105.65429,39.29305333333333,3,3,0,2.7666666666666666,2.3
California,California > South Platte > 10,South Platte,Wonderland,Wonderland (Bouldering),-105.38254333333333,39.366483333333335,6,6,0,2.5,2.5
California,California > South Platte > 11,South Platte,Woodland Park,The Corridor,-105.00944166666667,39.02030833333333,6,6,0,2.75,2.75
Massachusetts,"Massachusetts > South Shore, Cape, and Islands > 00","South Shore, Cape, and Islands",Beebe Woods,Al's Boulder,-70.63150999999999,41.561695,2,2,0,2.5,2.5
Massachusetts,"Massachusetts > South Shore, Cape, and Islands > 01","South Shore, Cape, and Islands",Doane Boulder,-,-70.12853833333334,41.754688333333334,6,6,0,2.2,2
Massachusetts,"Massachusetts > South Shore, Cape, and Islands > 02","South Shore, Cape, and Islands",Little Island,-,-70.65093,41.60882,2,2,0,2.25,2.25
Massachusetts,"Massachusetts > South Shore, Cape, and Islands > 03","South Shore, Cape, and Islands",Martha's Vineyard,Great Rock,-70.74224666666666,41.380343333333336,3,3,0,2.2666666666666666,2
Massachusetts,"Massachusetts > South Shore, Cape, and Islands > 04","South Shore, Cape, and Islands",Nauset MiddleSchool Boulder,-,-69.99968,41.7762875,4,4,0,2.45,2.4
Massachusetts,"Massachusetts > South Shore, Cape, and Islands > 05","South Shore, Cape, and Islands",Peddocks Island,Peddocks Pebble,-70.93914,42.2928,1,1,0,3,3
Massachusetts,"Massachusetts > South Shore, Cape, and Islands > 06","South Shore, Cape, and Islands",Sippican Harbor,-,-70.71142499999999,41.624705000000006,2,2,0,2.5,2.5
Massachusetts,"Massachusetts > South Shore, Cape, and Islands > 07","South Shore, Cape, and Islands",West Barnstable Conservation Area,-,-70.40692,41.6975,2,2,0,2,2
Massachusetts,"Massachusetts > South Shore, Cape, and Islands > 08","South Shore, Cape, and Islands",Whitney Thayer Woods,Boulder 4,-70.8352125,42.23245,12,12,0,2.7333333333333334,3
Washington,Washington > South-Central & Yakima > 00,South-Central & Yakima,Cowiche Canyon,East End Wall,-120.62552,46.62213,2,0,2,2,2
Washington,Washington > South-Central & Yakima > 01,South-Central & Yakima,Horsethief Butte,Main Corridor,-121.09820666666666,45.648316666666666,6,6,0,2.2,2.1
Washington,Washington > South-Central & Yakima > 02,South-Central & Yakima,The Hillside,Front Side,-120.59032,46.61925,1,1,0,2,2
Washington,Washington > South-Central & Yakima > 03,South-Central & Yakima,Tieton River,Ice Box,-121.057908,46.673122,10,0,10,2.41,2.5
Washington,Washington > South-Central & Yakima > 04,South-Central & Yakima,Tieton River,South Fork Cliff,-121.23818,46.59244666666667,3,0,3,2.1333333333333333,2.1
Washington,Washington > South-Central & Yakima > 05,South-Central & Yakima,Tieton River,The Cave,-120.90506666666667,46.699176666666666,3,0,3,2.2,2.2
Washington,Washington > South-West & Tacoma > 00,South-West & Tacoma,Columbia Gorge,AlpenGlow (aka Upper Kueffler Road Boulders),-121.90572722222223,45.69657888888889,18,16,2,2.5055555555555555,2.55
Washington,Washington > South-West & Tacoma > 01,South-West & Tacoma,Columbia Gorge,Farside / Dropzone,-122.06262666666666,45.630743333333335,6,5,1,2.3166666666666664,2.25
Washington,Washington > South-West & Tacoma > 02,South-West & Tacoma,Columbia Gorge,OH8,-121.37375,45.71055,2,0,2,2.65,2.65
Washington,Washington > South-West & Tacoma > 03,South-West & Tacoma,Columbia Gorge,Ozone,-122.210874,45.566972,5,0,5,2.56,2.5
Washington,Washington > South-West & Tacoma > 04,South-West & Tacoma,Columbia Gorge,Rock Creek Cliff (aka Clif's Cliff),-122.00986,45.75883,2,0,2,2.55,2.55
Washington,Washington > South-West & Tacoma > 05,South-West & Tacoma,Columbia Gorge,The Dump,-121.52418,45.74402,1,1,0,3,3
Washington,Washington > South-West & Tacoma > 06,South-West & Tacoma,Columbia Gorge,The Twilight Zone,-122.0533,45.67913,1,0,1,3,3
Washington,Washington > South-West & Tacoma > 07,South-West & Tacoma,Southwest Cascades,Ashford,-121.93509,46.73328,3,3,0,2.1666666666666665,2
Washington,Washington > South-West & Tacoma > 08,South-West & Tacoma,Southwest Cascades,Mount Rainier National Park,-121.54313,46.86653,1,1,0,2,2
Washington,Washington > South-West & Tacoma > 09,South-West & Tacoma,Southwest Cascades,Mount St. Helens National Volcanic Monument,-122.21145,46.10835,1,1,0,3,3
Washington,Washington > South-West & Tacoma > 10,South-West & Tacoma,Southwest Cascades,Pinto Rock,-121.92388,46.327695,2,0,2,2.75,2.75
Washington,Washington > South-West & Tacoma > 11,South-West & Tacoma,Tacoma & I5 to Foothills,Buckley skatepark urban boulder,-122.03213,47.16102,1,1,0,3,3
Washington,Washington > South-West & Tacoma > 12,South-West & Tacoma,Tacoma & I5 to Foothills,Fossil Rock,-122.42527,46.8273,6,0,6,2.05,2
Washington,Washington > South-West & Tacoma > 13,South-West & Tacoma,Tacoma & I5 to Foothills,Melmont boulders,-122.035405,47.0338,2,2,0,3,3
Washington,Washington > South-West & Tacoma > 14,South-West & Tacoma,Tacoma & I5 to Foothills,Tacoma,-122.51126333333333,47.30298666666667,3,3,0,2.3333333333333335,2
New Hampshire,New Hampshire > Southeast / Seacoast > 00,Southeast / Seacoast,Exeter Area Bouldering,The Exeter Boulder,-70.95965,43.00155142857143,21,21,0,2.3285714285714287,2.1
New Hampshire,New Hampshire > Southeast / Seacoast > 01,Southeast / Seacoast,Gonic Trails,-,-71.0134875,43.219545000000004,4,4,0,2.5,2.5
New Hampshire,New Hampshire > Southeast / Seacoast > 02,Southeast / Seacoast,Isles of Shoals,Star Island,-70.612235,42.974655,2,2,0,2.5,2.5
New Hampshire,New Hampshire > Southeast / Seacoast > 03,Southeast / Seacoast,Newmarket / Durham,Adams Point,-70.88503642857142,43.08717285714286,14,14,0,2.55,2.5
Washington,Washington > Southeast Corner > 00,Southeast Corner,Granite Point,Granite Point Boulders,-117.36152,46.602441666666664,6,5,1,2.3833333333333333,2.15
Washington,Washington > Southeast Corner > 01,Southeast Corner,Howard Amon,Atomic Rock,-119.27128333333333,46.27397333333333,3,3,0,4,4
Washington,Washington > Southeast Corner > 02,Southeast Corner,Rainbow Wall,-,-117.711525,46.266045,4,0,4,2.25,2
Washington,Washington > Southeast Corner > 03,Southeast Corner,Wallula Gap,Lower Band,-118.93309375,46.0357575,8,0,8,2.625,2.6
Ohio,Ohio > Southeast Ohio > 00,Southeast Ohio,Athens,COAD Boulders,-82.06684,39.34068,11,11,0,2.3,2
Ohio,Ohio > Southeast Ohio > 01,Southeast Ohio,Athens,Trailer Park Boulders,-83.0127,39.9603,1,1,0,2,2
Ohio,Ohio > Southeast Ohio > 02,Southeast Ohio,Athens,Witches Back,-82.0877,39.3226,7,7,0,2.414285714285714,2.5
Ohio,Ohio > Southeast Ohio > 03,Southeast Ohio,Hocking Hills State Forest,Cascada Boulders,-82.55633933333333,39.456798666666664,15,15,0,2.7,2.7
Ohio,Ohio > Southeast Ohio > 04,Southeast Ohio,Wayne National Forest,Wayne National Forest- Ironton Unit,-82.62943714285714,38.60572714285714,7,3,4,2.5,2.3
Ohio,Ohio > Southeast Ohio > 05,Southeast Ohio,Wayne National Forest,Wayne National Forest- Marietta Unit,-81.22140041666667,39.48179375,24,24,0,2.5208333333333335,2.5
Oregon,Oregon > Southeast Oregon > 00,Southeast Oregon,Hart Mountain Wildlfe Rufuge,Main Area,-119.71799,42.58008,6,6,0,2,2
Utah,Utah > Southeast Utah > 00,Southeast Utah,Arches National Park,Delicate arch trail(bouldering),-109.58482555555555,38.76481666666667,9,9,0,2.6777777777777776,2.8
Utah,Utah > Southeast Utah > 01,Southeast Utah,Blanding,Blanding Boulders,-109.5574,37.57356,12,12,0,2.2333333333333334,2
Utah,Utah > Southeast Utah > 02,Southeast Utah,Crackhouse,-,-109.69932,38.58924,1,1,0,3.2,3.2
Utah,Utah > Southeast Utah > 03,Southeast Utah,Dolores River Canyon Bouldering,Riverside Boulders,-109.06363611111111,38.75176388888889,18,18,0,2.6666666666666665,3
Utah,Utah > Southeast Utah > 04,Southeast Utah,Indian Creek,Critic's Choice,-109.55709333333333,38.02028333333333,3,1,2,2.6666666666666665,3
Utah,Utah > Southeast Utah > 05,Southeast Utah,Kane Springs Canyon,Fall Guys Boulder,-109.60114125,38.510816250000005,8,4,4,2.6875,2.5999999999999996
Utah,Utah > Southeast Utah > 06,Southeast Utah,La Sal Mountains,Mill Creek,-109.31053,38.49649,1,0,1,2.7,2.7
Utah,Utah > Southeast Utah > 07,Southeast Utah,La Sal Mountains,North Fork,-109.542,38.5632,1,0,1,3,3
Utah,Utah > Southeast Utah > 08,Southeast Utah,La Sal Mountains,Upper Dakota Crag,-109.27448,38.47028,2,0,2,3.2,3.2
Utah,Utah > Southeast Utah > 09,Southeast Utah,Miscellaneous Scattered Boulders,River side boulders,-110.10993,39.16025,1,1,0,3,3
Utah,Utah > Southeast Utah > 10,Southeast Utah,Miscellaneous Scattered Boulders,Willow Springs Campsite,-109.54183860465116,38.6097211627907,43,25,18,2.5534883720930233,2.5
Utah,Utah > Southeast Utah > 11,Southeast Utah,State Highway 313,313 Corridor,-109.72232142857143,38.651578571428566,7,3,4,2.7285714285714286,3
Utah,Utah > Southeast Utah > 12,Southeast Utah,Sunshine Wall,Sunshine Wall Routes,-109.7425,38.8607,3,0,3,2.6,2.5
Utah,Utah > Southeast Utah > 13,Southeast Utah,Valley of the Gods,Goosenecks of the San Juan,-109.92456,37.17468,1,1,0,3,3
Pennsylvania,Pennsylvania > Southeastern Lowlands > 00,Southeastern Lowlands,Birdsboro Quarry,a. Main Wall,-75.82346249999999,40.250166875,16,0,16,2.225,2.2
Pennsylvania,Pennsylvania > Southeastern Lowlands > 01,Southeastern Lowlands,Crum Woods,Alligator Rock,-75.35754666666666,39.903953333333334,3,3,0,3.1,3
Pennsylvania,Pennsylvania > Southeastern Lowlands > 02,Southeastern Lowlands,East Branch Brandywine Creek,Marsh Creek Lake Drainage Area,-75.80523714285714,40.18555857142857,7,7,0,2.357142857142857,2
Pennsylvania,Pennsylvania > Southeastern Lowlands > 03,Southeastern Lowlands,Haycock Mountain (Nockamixon),Area 51,-75.22154357142857,40.4876275,28,28,0,2.475,2.3
Pennsylvania,Pennsylvania > Southeastern Lowlands > 04,Southeastern Lowlands,Monocacy Hill Bouldering,-,-75.76182,40.27812,2,2,0,2.5,2.5
Pennsylvania,Pennsylvania > Southeastern Lowlands > 05,Southeastern Lowlands,Philly,Cobbs Creek,-75.18826085714285,40.030828285714286,35,35,0,2.6514285714285712,3
Pennsylvania,Pennsylvania > Southeastern Lowlands > 06,Southeastern Lowlands,Ralph Stover State Park (High Rocks),g. The Great Buttress,-75.0984,40.441275000000005,2,0,2,2.55,2.55
Pennsylvania,Pennsylvania > Southeastern Lowlands > 07,Southeastern Lowlands,Saint Peter's Village,The Bunker,-75.73542,40.1762,1,1,0,3,3
Pennsylvania,Pennsylvania > Southeastern Lowlands > 08,Southeastern Lowlands,Smedley Park,-,-75.3616,39.91984,4,4,0,2.75,3
Pennsylvania,Pennsylvania > Southeastern Lowlands > 09,Southeastern Lowlands,The Edge (Closed),-,-75.07383,40.43351,2,0,2,3,3
Pennsylvania,Pennsylvania > Southeastern Lowlands > 10,Southeastern Lowlands,The Falls,-,-75.45859,39.87236,1,1,0,3,3
Pennsylvania,Pennsylvania > Southeastern Lowlands > 11,Southeastern Lowlands,Tyler Park Bouldering,-,-74.96258,40.22561,1,1,0,3,3
Arizona,Arizona > Southern Arizona > 00,Southern Arizona,Black Hills,Tollgate Pass,-109.39935,32.84279,1,0,1,2.5,2.5
Arizona,Arizona > Southern Arizona > 01,Southern Arizona,Clifton/Morenci,Chase Creek,-109.30962,33.0836675,4,1,3,2.5,2.5
Arizona,Arizona > Southern Arizona > 02,Southern Arizona,Cochise Stronghold,East Stronghold,-109.98617877192983,31.91775614035088,57,38,19,2.5105263157894737,2.4
Arizona,Arizona > Southern Arizona > 03,Southern Arizona,La Milagrosa Canyon,Main Wall,-110.71317,32.29825,1,0,1,2.6,2.6
Arizona,Arizona > Southern Arizona > 04,Southern Arizona,Mendoza Canyon (aka Coyote Domes),Table Dome,-111.51724,31.98682,1,0,1,3,3
Arizona,Arizona > Southern Arizona > 05,Southern Arizona,Mount Lemmon (Santa Catalina Mountains),Catalina Dome,-110.72896271794872,32.37614138461539,195,58,137,2.330769230769231,2.2
Arizona,Arizona > Southern Arizona > 06,Southern Arizona,Mule Mountains (Bisbee Area),Juniper Rock,-109.94897,31.47127,2,0,2,2.75,2.75
Arizona,Arizona > Southern Arizona > 07,Southern Arizona,The Biscuit,Cowpunks,-110.44534384615385,31.71163230769231,13,0,13,2.2615384615384615,2.2
Arizona,Arizona > Southern Arizona > 08,Southern Arizona,Tucson Area Bouldering,Gate's Pass,-111.14321375,32.303464375,16,16,0,2.03125,2
Arizona,Arizona > Southern Arizona > 09,Southern Arizona,Tucson Area Bouldering,Redington Pass,-110.65015,32.25735,1,1,0,2,2
Arizona,Arizona > Southern Arizona > 10,Southern Arizona,Tucson Area Bouldering,Silverbell Boulders - Closed to all,-111.14028714285715,32.374475,14,14,0,2.0785714285714287,2
South Dakota,South Dakota > Southern Black Hills > 00,Southern Black Hills,Custer Bouldering,American Outlaw Boulders,-103.67616538461539,43.78060461538462,13,12,1,3,3
South Dakota,South Dakota > Southern Black Hills > 01,Southern Black Hills,Redbird Canyon,-,-103.98809,43.83669,1,0,1,2,2
Nevada,Nevada > Southern Nevada > 00,Southern Nevada,Arrow Canyon,Entry Walls,-114.76862,36.72776,1,0,1,1.9,1.9
Nevada,Nevada > Southern Nevada > 01,Southern Nevada,Big Rocks Wilderness (aka Mecca),Campground Lowercase e,-114.98459,37.68367,1,1,0,2,2
Nevada,Nevada > Southern Nevada > 02,Southern Nevada,Blue Diamond Area,Blue Diamond Cave,-115.39185666666667,36.04017666666667,3,0,3,2,2
Nevada,Nevada > Southern Nevada > 03,Southern Nevada,Boy Scout Canyon,Upper Pig Rock,-114.77151,35.95924,1,1,0,3,3
Nevada,Nevada > Southern Nevada > 04,Southern Nevada,Christmas Tree Pass,**Christmas Tree Pass Bouldering**,-114.711382,35.249634,10,3,7,2.74,2.95
Nevada,Nevada > Southern Nevada > 05,Southern Nevada,Eldorado Mountains,Keyhole Canyon,-114.89037583333334,35.69262583333334,12,12,0,2.3333333333333335,2
Nevada,Nevada > Southern Nevada > 06,Southern Nevada,Gold Strike Canyon,Boulder Garden,-114.75089,36.00269,1,1,0,2,2
Nevada,Nevada > Southern Nevada > 07,Southern Nevada,Henderson Crags,Rattlsnake Crag,-115.021055,36.01373,2,2,0,2.5,2.5
Nevada,Nevada > Southern Nevada > 08,Southern Nevada,Jean Boulders,Hella Jacuzzi,-115.26838000000001,35.655675,2,2,0,2,2
Nevada,Nevada > Southern Nevada > 09,Southern Nevada,La Madre Range,Box Canyon,-115.34248266666667,36.23239733333333,15,0,15,2.54,2.5
Nevada,Nevada > Southern Nevada > 10,Southern Nevada,Lake Mead Area,Rock Islands,-114.80855,36.03886,1,0,1,3,3
Nevada,Nevada > Southern Nevada > 11,Southern Nevada,Mormon Mountains,Campsite Canyon,-114.29276,36.9095,3,0,3,2.4,2.3
Nevada,Nevada > Southern Nevada > 12,Southern Nevada,Mount Charleston,Kyle Canyon,-115.65211892857143,36.27262107142857,28,2,26,2.4892857142857143,2.45
Nevada,Nevada > Southern Nevada > 13,Southern Nevada,Mount Potosi,North Side,-115.4963257142857,35.98329333333333,21,0,21,2.357142857142857,2.2
Nevada,Nevada > Southern Nevada > 14,Southern Nevada,Needles and Haystacks,Alamo Box Canyon,-115.23576,37.35394,1,1,0,2,2
Nevada,Nevada > Southern Nevada > 15,Southern Nevada,Rainbow Canyon,1. Sandy Cove Area,-114.55063,37.37401333333333,3,0,3,2.033333333333333,2
Nevada,Nevada > Southern Nevada > 16,Southern Nevada,Red Rock Boulders,(01) Calico Basin Boulders,-115.43818227091633,36.14176988047809,251,168,83,2.453386454183267,2.3
West Virginia,West Virginia > Southern WV > 00,Southern WV,Alma Crag,Alma West,-82.30993,37.75754,1,1,0,2,2
West Virginia,West Virginia > Southern WV > 01,Southern WV,Bozoo,08. Iceberg Area,-80.86725125,37.480293333333336,24,23,1,2.25,2
West Virginia,West Virginia > Southern WV > 02,Southern WV,Huntington/Barboursville,Barboursville Park,-82.351070000000007,38.39239666666667,3,3,0,2.2333333333333334,2
West Virginia,West Virginia > Southern WV > 03,Southern WV,Kanawha State Forest,Ballard Trail Boulders,-81.671038,38.262318,5,5,0,2.5,2.3
West Virginia,West Virginia > Southern WV > 04,Southern WV,Phase Two,-,-82.09642,38.50986,2,2,0,2.5,2.5
California,California > Southern-Western Sierra > 00,Southern-Western Sierra,"Hwy 168:Tollhouse, Shaver Lake, Courtright",Courtright Reservoir,-118.97024833333333,37.086735000000004,6,0,6,2.5666666666666664,2.6500000000000004
Colorado,Colorado > Southern-Western Sierra > 00,Southern-Western Sierra,"Hwy 168:Tollhouse, Shaver Lake, Courtright",San Joaquin River Gorge,-119.555235,37.091555,2,2,0,3,3
California,California > Southern-Western Sierra > 01,Southern-Western Sierra,"Hwy 168:Tollhouse, Shaver Lake, Courtright",Shaver Lake Area,-119.34129461538461,37.07525538461539,13,0,13,2.4153846153846152,2.5
California,California > Southern-Western Sierra > 02,Southern-Western Sierra,"Hwy 41: Fresno Dome, Shuteye Ridge",Fresno Dome (Wamello) Area,-119.4659785,37.397864,20,0,20,2.94,2.95
Colorado,Colorado > Southern-Western Sierra > 01,Southern-Western Sierra,"Hwy 41: Fresno Dome, Shuteye Ridge",Lewis Creek,-119.62699666666666,37.418975,6,6,0,3.4833333333333334,3.55
Colorado,Colorado > Southern-Western Sierra > 02,Southern-Western Sierra,"Hwy 41: Fresno Dome, Shuteye Ridge",Millerton,-119.69049,37.01669,2,2,0,3.25,3.25
Colorado,Colorado > Southern-Western Sierra > 03,Southern-Western Sierra,"Hwy 41: Fresno Dome, Shuteye Ridge",The Balls,-119.35827,37.52894,1,1,0,3,3
California,California > Southern-Western Sierra > 03,Southern-Western Sierra,"Southern Sierra - The Needles, Kern River, Domelands, etc.",Bald Eagle Peak,-118.47881,35.54489,1,0,1,3,3
California,California > Southern-Western Sierra > 04,Southern-Western Sierra,"Southern Sierra - The Needles, Kern River, Domelands, etc.","Brewery, The",-118.52564,36.04748333333333,3,0,3,2.3333333333333335,2.4
California,California > Southern-Western Sierra > 05,Southern-Western Sierra,"Southern Sierra - The Needles, Kern River, Domelands, etc.",Kernville Rock (a.k.a. Kern Slabs),-118.45446,35.81569,4,0,4,2.75,2.85
California,California > Southern-Western Sierra > 06,Southern-Western Sierra,"Southern Sierra - The Needles, Kern River, Domelands, etc.",Lower Kern River Canyon,-118.79433,35.44089,2,0,2,2.6,2.6
California,California > Southern-Western Sierra > 07,Southern-Western Sierra,"Southern Sierra - The Needles, Kern River, Domelands, etc.",New Directions,-118.43295125,35.8611925,8,0,8,2.55,2.35
Colorado,Colorado > Southern-Western Sierra > 04,Southern-Western Sierra,"Southern Sierra - The Needles, Kern River, Domelands, etc.",The Crest,-118.6307,36.17882,4,4,0,3,3
Ohio,Ohio > Southwest Ohio > 00,Southwest Ohio,Eden Park,The East Wall,-84.49229,39.11184,8,6,2,2.5625,2.6
Ohio,Ohio > Southwest Ohio > 01,Southwest Ohio,Great Seal State Park,Sand Hill,-82.92721333333333,39.385107777777776,9,9,0,2.422222222222222,2
Ohio,Ohio > Southwest Ohio > 02,Southwest Ohio,John Bryan State Park,Historic Bouldering Area (Climbing Prohibited),-83.86065755102041,39.90218836734694,49,39,10,2.553061224489796,2.6
Ohio,Ohio > Southwest Ohio > 03,Southwest Ohio,Miami University,Miami East (Western Campus),-84.73109,39.503914,5,5,0,3.1,3
Ohio,Ohio > Southwest Ohio > 04,Southwest Ohio,Paint Creek State Park,Harmony Trail Area,-83.3466,39.24938,1,1,0,3,3
Ohio,Ohio > Southwest Ohio > 05,Southwest Ohio,University of Cincinnati,-,-84.51621,39.13125,6,6,0,2.9,2.85
Ohio,Ohio > Southwest Ohio > 06,Southwest Ohio,Veterans Park,Right Boulder,-83.8145,39.9302,4,4,0,2.625,2.65
Oregon,Oregon > Southwest Oregon > 00,Southwest Oregon,Acker Rock,-,-122.64633,43.05188,3,0,3,3.2333333333333334,3
Oregon,Oregon > Southwest Oregon > 01,Southwest Oregon,Bear Creek Boulders,-,-123.59989,43.33527,1,1,0,2,2
Oregon,Oregon > Southwest Oregon > 02,Southwest Oregon,Cougar Rock Boulders,-,-121.7033,42.23606,1,1,0,4,4
Oregon,Oregon > Southwest Oregon > 03,Southwest Oregon,Greenman Crags,Conglomerate Crag,-122.97722,43.24432,1,0,1,3,3
Oregon,Oregon > Southwest Oregon > 04,Southwest Oregon,Greensprings,-,-122.48797,42.12805,1,0,1,2,2
Oregon,Oregon > Southwest Oregon > 05,Southwest Oregon,Jurassic Park,Lost World Spires,-123.00213,43.19727,1,0,1,3,3
Oregon,Oregon > Southwest Oregon > 06,Southwest Oregon,McKinley Rock,-,-122.66402,43.49307,1,0,1,2,2
Oregon,Oregon > Southwest Oregon > 07,Southwest Oregon,Mill Creek Falls,(4.) The Avenue,-122.49637799999999,42.744094000000004,5,5,0,2.54,2
Oregon,Oregon > Southwest Oregon > 08,Southwest Oregon,Rabbit Ears (Rogue),-,-122.44263,43.00775,1,0,1,3,3
Oregon,Oregon > Southwest Oregon > 09,Southwest Oregon,Rattlesnake,(4)The Cathedral,-122.886205,42.65054,2,0,2,2.4,2.4
Oregon,Oregon > Southwest Oregon > 10,Southwest Oregon,Sitkum Boulders,The Clearcut,-123.88689,43.138125,2,2,0,2,2
Oregon,Oregon > Southwest Oregon > 11,Southwest Oregon,Terra Nova,(.1) Bone Yard,-122.90605111111111,42.75388,9,2,9,2.7111111111111112,2.8
Oregon,Oregon > Southwest Oregon > 12,Southwest Oregon,The Callahans,1 Turtle Rock,-123.56444925925926,43.221895555555555,27,0,27,2.551851851851852,2.7
Oregon,Oregon > Southwest Oregon > 13,Southwest Oregon,The Honeycombs,Forbidden Comb,-122.962725,43.32684583333334,12,1,11,2.8666666666666667,2.95
Montana,Montana > Southwest Region > 00,Southwest Region,Bear Canyon,Lower Bear Canyon,-110.91448909090909,45.60211090909091,11,1,10,2.3727272727272726,2.3
Montana,Montana > Southwest Region > 01,Southwest Region,Big Belt Mountains,Avalanche Gulch,-111.56226,46.634562,10,0,10,2.59,2.5
Montana,Montana > Southwest Region > 02,Southwest Region,Big Belt Mountains,Beaver Creek,-111.64451799999999,46.733594,5,0,5,2.4,2.3
Montana,Montana > Southwest Region > 03,Southwest Region,Big Sky Area,Buck Creek,-111.25041666666667,45.16797,3,0,3,2.433333333333333,2.3
Montana,Montana > Southwest Region > 04,Southwest Region,Big Sky Area,Greek Creek and Surroundings,-111.20029,45.39085,1,1,0,2,2
Montana,Montana > Southwest Region > 05,Southwest Region,Big Sky Area,Greek Creek and Surroundings,-111.18899,45.05998,4,4,0,2.625,2.5
Montana,Montana > Southwest Region > 06,Southwest Region,Big Sky Area,Greek Creek and Surroundings,-111.1924709090909,45.31375454545454,22,19,3,2.4045454545454543,2.3499999999999996
Montana,Montana > Southwest Region > 07,Southwest Region,Blue Cloud,South Buttress,-112.21201333333333,46.61898,3,0,3,2.7,2.9
Montana,Montana > Southwest Region > 08,Southwest Region,Bozeman Pass,Belly Dancer Wall,-110.93186714285714,45.646745714285714,7,1,6,2.257142857142857,2.1
Montana,Montana > Southwest Region > 09,Southwest Region,Bridger Range,Pomp Buttress,-110.94855,45.861153333333334,3,0,3,2.7666666666666666,2.4
Montana,Montana > Southwest Region > 10,Southwest Region,Chestnut Mountain Crag,The Amphitheater,-110.87916,45.59808,1,0,1,2,2
Montana,Montana > Southwest Region > 11,Southwest Region,East Ridge (Butte),Maud S Canyon,-112.46565,45.96666,1,1,0,3,3
Montana,Montana > Southwest Region > 12,Southwest Region,Elkhorn Creek,Camp Crag,-111.971,46.24554,1,0,1,2.5,2.5
Montana,Montana > Southwest Region > 13,Southwest Region,Emigrant Gulch,Britney Spears Arête,-110.68426,45.28704,1,0,1,3.1,3.1
Montana,Montana > Southwest Region > 14,Southwest Region,Frog Rock,Main Area,-110.90098,45.63925,5,0,5,2.92,2.8
Montana,Montana > Southwest Region > 15,Southwest Region,Gallatin Canyon,East Side,-111.23539263157895,45.40908631578947,19,14,5,2.542105263157895,2.5
Montana,Montana > Southwest Region > 16,Southwest Region,Gillespie Basin,Fantasia,-112.36501833333334,45.92867,12,8,4,2.5083333333333333,2.45
Montana,Montana > Southwest Region > 17,Southwest Region,Humbug Spires,Stream's End Cluster,-112.64854,45.770489999999995,2,1,1,2,2
Montana,Montana > Southwest Region > 18,Southwest Region,Hyalite Canyon,Raspberry Boulder,-111.06549,45.55665,4,4,0,2.25,2
Montana,Montana > Southwest Region > 19,Southwest Region,Indian Creek,Sacred Ground Buttress,-111.624184,46.323498,5,0,5,2.34,2.5
Montana,Montana > Southwest Region > 20,Southwest Region,Lower Pipestone Forest,The Trailer Boulders,-112.263595,45.938335,6,6,0,2.783333333333333,2.8
Montana,Montana > Southwest Region > 21,Southwest Region,Madison River Area,Bear Trap Road Boulders,-111.56646266666667,45.599819333333336,15,13,2,2.4466666666666668,2.1
Montana,Montana > Southwest Region > 22,Southwest Region,Maiden Rocks,Canyon Creek Wall,-112.76655,45.690380000000005,2,0,2,2.85,2.85
Montana,Montana > Southwest Region > 23,Southwest Region,Mount Helena,Kitchen Wall,-112.06759249999999,46.5905175,4,0,4,2.5,2.6
Montana,Montana > Southwest Region > 24,Southwest Region,New Rock (Butte),-,-112.33778,45.83536,2,0,2,2.55,2.55
Montana,Montana > Southwest Region > 25,Southwest Region,Paradise Valley,Allenspur,-110.5591475,45.594475,8,0,8,2.3125,2.3
Montana,Montana > Southwest Region > 26,Southwest Region,Paradise Valley,Mill Creek,-110.50254,45.27102,2,0,2,2.4,2.4
Montana,Montana > Southwest Region > 27,Southwest Region,Paradise Valley,Pine Creek Bouldering,-110.47092,45.489982,10,10,0,2.53,2
Montana,Montana > Southwest Region > 28,Southwest Region,Paradise Valley,Yankee Jim,-110.86967727272727,45.174094545454544,11,11,0,2.481818181818182,2.3
Montana,Montana > Southwest Region > 29,Southwest Region,Revenue Flats,The Nuggets,-111.769575,45.544475000000006,4,0,4,2.575,2.5999999999999996
Montana,Montana > Southwest Region > 30,Southwest Region,Sheep Mountain,Hay Stack Rock,-112.027338,46.496134,5,0,5,2.38,2
Montana,Montana > Southwest Region > 31,Southwest Region,Spire Rock,King (West Face),-112.29037,45.9531,2,0,2,3.1500000000000004,3.1500000000000004
Montana,Montana > Southwest Region > 32,Southwest Region,The Stooges,-,-113.0136,46.18224,1,0,1,3,3
Montana,Montana > Southwest Region > 33,Southwest Region,Tobacco Root Mountains,Leggat Boulders,-112.045,45.48119,1,1,0,4,4
Montana,Montana > Southwest Region > 34,Southwest Region,Whiskey Gulch,End of the Road,-112.306156,45.883222,10,10,0,2.67,2.55
Montana,Montana > Southwest Region > 35,Southwest Region,Whitetail Grove,Char-Broiled,-112.11021833333334,46.13743166666667,6,6,0,3.25,3
Utah,Utah > Southwest Utah > 00,Southwest Utah,Brian Head,Bunker Creek,-112.71173,37.68434,12,4,8,2.5083333333333333,2.55
Utah,Utah > Southwest Utah > 01,Southwest Utah,Cedar City,Cedar Canyon,-112.99236923076923,37.653796923076925,13,8,5,2.7846153846153845,2.8
Utah,Utah > Southwest Utah > 02,Southwest Utah,Cedar City,Iron Mine,-113.31803,37.65622,1,1,0,2.7,2.7
Utah,Utah > Southwest Utah > 03,Southwest Utah,Cedar City,Jarem's Boulder,-113.0517,37.6425,1,1,0,2.3,2.3
Utah,Utah > Southwest Utah > 04,Southwest Utah,Cedar City,Pocket Rocks,-113.25899068965518,37.658341724137934,29,27,2,2.4551724137931035,2.1
Utah,Utah > Southwest Utah > 05,Southwest Utah,Kanab Area,Kanab Creek Crag,-112.538235,37.239512500000004,4,1,3,2.525,2.5
Utah,Utah > Southwest Utah > 06,Southwest Utah,Parowan,Parowan Canyon,-112.83324,37.82606333333333,3,0,3,2.3,2.3
Utah,Utah > Southwest Utah > 07,Southwest Utah,Saint George,8 Mile,-113.58656,37.4463,1,0,1,3,3
Utah,Utah > Southwest Utah > 08,Southwest Utah,Saint George,Anasazi Boulders,-113.8035775,37.1343625,4,1,3,2.575,2.15
Utah,Utah > Southwest Utah > 09,Southwest Utah,Saint George,Bird’s Boulders,-113.60684571428571,37.14829642857143,14,5,9,2.2214285714285715,2
Utah,Utah > Southwest Utah > 10,Southwest Utah,Saint George,Browse,-113.32363,37.34934,1,1,0,2,2
Utah,Utah > Southwest Utah > 11,Southwest Utah,Saint George,Chuckwalla Wall,-113.5535537037037,37.23704,27,18,9,2.6259259259259258,2.6
Utah,Utah > Southwest Utah > 12,Southwest Utah,Saint George,Crawdad Canyon / Veyo,-113.688227,37.335266,10,0,10,2.3,2.3
Utah,Utah > Southwest Utah > 13,Southwest Utah,Saint George,Garth Rocks,-113.58180172839506,37.06011049382716,81,73,8,2.466666666666667,2.4
Utah,Utah > Southwest Utah > 14,Southwest Utah,Saint George,Pine Valley,-113.535175,37.406215,4,0,4,1.975,2
Utah,Utah > Southwest Utah > 15,Southwest Utah,Saint George,Pioneer Park,-113.62259739130435,37.185497391304345,23,12,11,2.6652173913043478,2.8
Utah,Utah > Southwest Utah > 16,Southwest Utah,Saint George,Schoolyard Boulders,-113.74531962962963,37.09093,27,4,23,2.4185185185185185,2.4
Utah,Utah > Southwest Utah > 17,Southwest Utah,Zion National Park,East Side,-113.10735666666666,37.39060666666666,3,1,2,2.4333333333333336,2.5
Utah,Utah > Southwest Utah > 18,Southwest Utah,Zion National Park,Mount Carmel Tunnel,-112.99456,37.23461833333333,6,4,2,2.5833333333333335,2.55
Virginia,Virginia > Southwest Virginia (Appalachia) > 00,Southwest Virginia (Appalachia),Appalachia,Ben's Branch,-82.75722,36.90322,2,0,2,2,2
Virginia,Virginia > Southwest Virginia (Appalachia) > 01,Southwest Virginia (Appalachia),Atkins Bouldering,(1) Roadside Boulders,-81.45,36.911,3,3,0,2.6666666666666665,3
Virginia,Virginia > Southwest Virginia (Appalachia) > 02,Southwest Virginia (Appalachia),Blacksburg Vicinity,Cascades Bouldering,-80.59171222222223,37.357865,18,18,0,2.3055555555555554,2
Virginia,Virginia > Southwest Virginia (Appalachia) > 03,Southwest Virginia (Appalachia),Blacksburg Vicinity,Mill Creek,-80.79532705882353,37.31174294117647,17,17,0,2.6941176470588237,2.5
Virginia,Virginia > Southwest Virginia (Appalachia) > 04,Southwest Virginia (Appalachia),Bluefield Boulders,- Private Property- Old House Boulders,-81.53778,36.6584625,16,16,0,2.5625,2
Virginia,Virginia > Southwest Virginia (Appalachia) > 05,Southwest Virginia (Appalachia),Breaks Interstate Park,Breaks Bouldering,-82.3447075862069,37.234445862068966,29,1,28,2.5,2.4
Virginia,Virginia > Southwest Virginia (Appalachia) > 06,Southwest Virginia (Appalachia),Burkes Garden,North Ridge,-81.30272,37.082586666666664,3,3,0,2.3333333333333335,2
Virginia,Virginia > Southwest Virginia (Appalachia) > 07,Southwest Virginia (Appalachia),Devil's Marbleyard,Californication Boulder,-79.471952,37.580972,5,5,0,2.34,2
Virginia,Virginia > Southwest Virginia (Appalachia) > 08,Southwest Virginia (Appalachia),Grayson County Rec Park,Nature Loop Area,-81.12645499999999,36.6289,4,4,0,2.25,2
Virginia,Virginia > Southwest Virginia (Appalachia) > 09,Southwest Virginia (Appalachia),Grayson Highlands State Park,Boneyard Area,-81.49094394957983,36.619162773109245,119,119,0,2.3252100840336136,2
Virginia,Virginia > Southwest Virginia (Appalachia) > 10,Southwest Virginia (Appalachia),Grayson Highlands State Park,Picnic Area,-81.38134,36.92023,1,1,0,2,2
Virginia,Virginia > Southwest Virginia (Appalachia) > 11,Southwest Virginia (Appalachia),Grayson Highlands State Park,Picnic Area,-81.49425727272728,36.61858272727273,44,44,0,2.4704545454545452,2
Virginia,Virginia > Southwest Virginia (Appalachia) > 12,Southwest Virginia (Appalachia),Guest River Gorge,(1) Mile One,-82.424592,36.90453622222222,45,27,18,2.591111111111111,2.3
Virginia,Virginia > Southwest Virginia (Appalachia) > 13,Southwest Virginia (Appalachia),Guest River Gorge,(2) Mile Two,-81.88869,36.37206,1,1,0,4,4
Virginia,Virginia > Southwest Virginia (Appalachia) > 14,Southwest Virginia (Appalachia),Guest River Gorge,(2) Mile Two,-82.4187505,36.903648,40,28,12,2.3975,2
Virginia,Virginia > Southwest Virginia (Appalachia) > 15,Southwest Virginia (Appalachia),Harkening Hill,Herald Cracks,-79.61796806451613,37.45729322580645,31,31,0,2.403225806451613,2
Virginia,Virginia > Southwest Virginia (Appalachia) > 16,Southwest Virginia (Appalachia),High Knob Landform,HKL East,-82.65210910714286,36.89873142857143,56,51,5,2.575,2.3
Virginia,Virginia > Southwest Virginia (Appalachia) > 17,Southwest Virginia (Appalachia),High Knob Landform,HKL West,-82.9039975,36.8582325,4,4,0,2.25,2
Virginia,Virginia > Southwest Virginia (Appalachia) > 18,Southwest Virginia (Appalachia),High Knob Landform,HKL West,-82.64316826086956,36.91842,23,23,0,2.6956521739130435,2
Virginia,Virginia > Southwest Virginia (Appalachia) > 19,Southwest Virginia (Appalachia),High Knob Landform,HKL West,-82.86416,36.85592,3,3,0,3.3333333333333335,3
Virginia,Virginia > Southwest Virginia (Appalachia) > 20,Southwest Virginia (Appalachia),Jay's Creek,Darkside,-82.41835571428571,36.90201914285714,70,67,3,2.4785714285714286,2
Virginia,Virginia > Southwest Virginia (Appalachia) > 21,Southwest Virginia (Appalachia),McAfee's Knob,Devil's Kitchen,-80.065589375,37.386491875,16,16,0,2.325,2.3
Virginia,Virginia > Southwest Virginia (Appalachia) > 22,Southwest Virginia (Appalachia),Mendota Boulders,Mendota Boulder,-82.29294,36.73038,1,1,0,2,2
Virginia,Virginia > Southwest Virginia (Appalachia) > 23,Southwest Virginia (Appalachia),Metz Run Boulders,Overlooked,-80.08624,37.17487,1,1,0,3,3
Virginia,Virginia > Southwest Virginia (Appalachia) > 24,Southwest Virginia (Appalachia),Potts Mountain,Shawvers Run,-80.19606,37.56183,1,1,0,3,3
Pennsylvania,Pennsylvania > Southwestern Highlands > 00,Southwestern Highlands,56 Boulders,Area 1,-78.75418357142857,40.218515714285715,14,14,0,2.6857142857142855,2.8
Pennsylvania,Pennsylvania > Southwestern Highlands > 01,Southwestern Highlands,Adam Fall's Trail,-,-79.16742714285714,40.136585714285715,7,7,0,2.6,2.7
Pennsylvania,Pennsylvania > Southwestern Highlands > 02,Southwestern Highlands,Breakneck,Cannabis Boulder (AKA the Lower Slab),-79.57450176470589,39.99582941176471,17,12,5,2.682352941176471,2.7
Pennsylvania,Pennsylvania > Southwestern Highlands > 03,Southwestern Highlands,Ghosttown,North Shore,-79.1187,40.47327,1,1,0,4,4
Pennsylvania,Pennsylvania > Southwestern Highlands > 04,Southwestern Highlands,Harrison Hills Park,Caryn's Boulder,-79.69327,40.6455,4,4,0,2.875,3
Pennsylvania,Pennsylvania > Southwestern Highlands > 05,Southwestern Highlands,Jumonville,Forgiveness Boulder,-79.48708466666666,39.91575533333333,15,14,1,2.3466666666666667,2
Pennsylvania,Pennsylvania > Southwestern Highlands > 06,Southwestern Highlands,Pittsburgh,Frank Curto Park,-79.99206782608695,40.46950434782609,23,8,17,2.652173913043478,3
Pennsylvania,Pennsylvania > Southwestern Highlands > 07,Southwestern Highlands,Rager Mountain,Area 1,-78.98636,40.41279,2,2,0,3,3
Pennsylvania,Pennsylvania > Southwestern Highlands > 08,Southwestern Highlands,The Knobs (Rob's Knob) - CLOSED TO CLIMBING,Mungo Jelly Block,-79.63139090909091,39.98086090909091,11,4,7,2.2818181818181817,2
Kansas,Kansas > Space Battleship Tiramisu > 00,Space Battleship Tiramisu,-,-,-94.6776,38.93655,1,1,0,2,2
California,California > Spanish Peaks > 00,Spanish Peaks,The Rough,Around the Edges,-104.83859,37.61871,1,1,0,3,3
South Dakota,South Dakota > Spearfish Canyon > 00,Spearfish Canyon,Big Picture Gully,The Can,-103.90060408163265,44.33216489795918,49,15,34,2.6448979591836737,2.6
New York,New York > Sprain Ridge Park > 00,Sprain Ridge Park,-,-,-73.84971,40.98498,2,2,0,2,2
North Dakota,North Dakota > Square Butte Bouldering > 00,Square Butte Bouldering,-,-,-103.7035,46.86904,1,1,0,3,3
Illinois,Illinois > St. Francisville > 00,St. Francisville,Staircase Rock,-,-87.64215,38.58954,2,2,0,2,2
Kansas,Kansas > St. Philippine Duchesne Park > 00,St. Philippine Duchesne Park,Dark alley,-,-94.94519666666667,38.234135,6,6,0,2.5833333333333335,2.5
Colorado,Colorado > Steamboat Springs > 00,Steamboat Springs,Cougar,Lower Tier,-106.82401999999999,40.779685,2,0,2,2.75,2.75
Colorado,Colorado > Steamboat Springs > 01,Steamboat Springs,Mad Creek,-,-106.88077,40.57123,2,0,2,2.5,2.5
Colorado,Colorado > Steamboat Springs > 02,Steamboat Springs,Muddy Creek,Crag 1,-106.645234,40.334027,10,0,10,2.33,2.4
Colorado,Colorado > Steamboat Springs > 03,Steamboat Springs,Seedhouse Crag,Upper Crag,-106.8503,40.746,1,0,1,2.4,2.4
Colorado,Colorado > Steamboat Springs > 04,Steamboat Springs,Wax Museum,-,-106.78496,40.52357,3,0,3,2.533333333333333,2.5
Tennessee,Tennessee > Stone Fort > 00,Stone Fort,Back Nine,Graham Cracker Boulder,-85.21844966666667,35.24990233333333,60,60,0,2.48,2.3499999999999996
Nebraska,Nebraska > Stone creek falls > 00,Stone creek falls,-,-,-96.21766,40.99003,1,1,0,3,3
Tennessee,Tennessee > Sucka Cave > 00,Sucka Cave,Sucka Left,-,-85.4439,35.18331,1,0,1,2,2
Maryland,Maryland > Sugarloaf Mountain > 00,Sugarloaf Mountain,West View Parking Lot Boulders,Downhill From West View Lot,-77.39786428571429,39.27083,7,7,0,2.5285714285714285,2.3
Rhode Island,Rhode Island > Surfers Egg > 00,Surfers Egg,-,-,-71.26769,41.48815,1,1,0,2.7,2.7
Minnesota,Minnesota > Swede's Forest Boulders > 00,Swede's Forest Boulders,Dead Leaves Boulder.,-,-95.33906666666667,44.674025,12,12,0,2.5,2.25
Wyoming,Wyoming > Sweetwater Rocks > 00,Sweetwater Rocks,Haystack,-,-107.55296,42.514806666666665,3,0,3,2.933333333333333,3
New York,New York > Table Rock > 00,Table Rock,-,-,-75.07973,42.45585,8,8,0,2.4375,2
South Carolina,South Carolina > Table Rock State Park > 00,Table Rock State Park,Pumpkintown,Knobtopia Wall (Main Wall right of Center Buttress),-82.705186,35.048296,5,0,5,2.86,2.8
California,California > Tahquitz & Suicide Rocks > 00,Tahquitz & Suicide Rocks,The Others,The Hinterland,-116.681,33.75919,1,0,1,2,2
New Mexico,New Mexico > Taos Area > 00,Taos Area,Cebolla Mesa,Full Moon,-105.689655,36.63848,2,2,0,3,3
New Mexico,New Mexico > Taos Area > 01,Taos Area,Comales Canyon,Lower Walls,-105.668881,36.402044,10,4,6,2.57,2.55
New Mexico,New Mexico > Taos Area > 02,Taos Area,Mavericks,-,-105.0466,36.5634,2,0,2,2.15,2.15
New Mexico,New Mexico > Taos Area > 03,Taos Area,Miner's Crag,-,-105.6918,36.5995,1,0,1,2.3,2.3
New Mexico,New Mexico > Taos Area > 04,Taos Area,Ojo Sarco,-,-105.81512,36.16567,1,1,0,2,2
New Mexico,New Mexico > Taos Area > 05,Taos Area,Pot Creek Highball,-,-105.59128,36.30561,1,1,0,3,3
New Mexico,New Mexico > Taos Area > 06,Taos Area,Red River Area,Red River (Mallette Park),-105.48425,36.707745,2,0,2,2.6500000000000004,2.6500000000000004
New Mexico,New Mexico > Taos Area > 07,Taos Area,Sleeping Beauty Canyon,-,-105.83423,36.24,1,1,0,2,2
New Mexico,New Mexico > Taos Area > 08,Taos Area,Tres Piedras,Aspen Alley,-105.980655,36.659595714285715,14,8,6,2.4428571428571426,2.4
New Mexico,New Mexico > Taos Area > 09,Taos Area,Utopian Vistas,(L2) Hopper's Hangover Wall,-105.72781,36.365210000000005,5,0,5,2.64,2.4
New York,New York > Tea Town Boulders > 00,Tea Town Boulders,Hidden Valley Boulder,-,-73.82594,41.21449,3,3,0,2.6666666666666665,3
Colorado,Colorado > Telluride/Norwood area > 00,Telluride/Norwood area,Clay Creek Crag,-,-108.23833,38.16663,3,0,3,2.566666666666667,2.7
Colorado,Colorado > Telluride/Norwood area > 01,Telluride/Norwood area,Mill Creek Wall,-,-107.82712083333334,37.8952075,12,0,12,2.45,2.3499999999999996
Alabama,Alabama > Temp HP40 > 00,Temp HP40,-,-,-86.30798,33.92201,3,3,0,2.533333333333333,2.6
Minnesota,Minnesota > Temperance River SP (North Shore) > 00,Temperance River SP (North Shore),Temperance River State Park (North Shore),Carlton Peak,-90.8617,47.5834,2,2,0,2.25,2.25
Wyoming,Wyoming > Ten Sleep Canyon > 00,Ten Sleep Canyon,Circus Wall,-,-107.25321151515152,44.122314242424245,33,5,28,2.512121212121212,2.5
Wyoming,Wyoming > Teton Canyon > 00,Teton Canyon,Grand Wall,-,-110.956925,43.759565,2,1,1,2.95,2.95
New York,New York > Thacher State Park > 00,Thacher State Park,Hailes Cave South,Cave Wall,-74.01878153846154,42.66139692307692,13,0,13,2.6846153846153844,2.8
Kansas,Kansas > The Arboretum > 00,The Arboretum,Bouldering for Dummies,-,-94.68839555555556,38.797797777777774,9,9,0,2.588888888888889,3
New York,New York > The Bear Caves > 00,The Bear Caves,Funkytown Pyramid,-,-78.79517166666668,42.011695,6,6,0,3.05,3
Tennessee,Tennessee > The Boulders on Old Wauhatchie Pike > 00,The Boulders on Old Wauhatchie Pike,Hermanos Cercanos,-,-85.33272642857143,35.01457571428571,14,14,0,2.342857142857143,2.3
Rhode Island,Rhode Island > The Buckeye Boulders > 00,The Buckeye Boulders,The Butt Cave,-,-71.704905,41.3977375,4,4,0,2,2
Kansas,Kansas > The Chossy Brice > 00,The Chossy Brice,-,-,-95.23598,38.97387,1,1,0,3,3
Alabama,Alabama > The Citadel > 00,The Citadel,Earl the Squirrel,-,-85.669,34.4754375,8,8,0,2.5625,2.5
Maryland,Maryland > The Croydon Creek Area > 00,The Croydon Creek Area,The Monkey's Cliff Boulder,-,-77.12598,39.08841,1,1,0,2.5,2.5
Rhode Island,Rhode Island > The De Coppet Estate > 00,The De Coppet Estate,Old Mountain Rd.,Bean Boulder,-71.643,41.530902000000005,5,5,0,2.2,2
New York,New York > The Gunks > 00,The Gunks,Near Trapps Bouldering,Area 2 (Cream Cheese),-74.18923451612903,41.73951419354839,31,31,0,2.6032258064516127,2.5
Maryland,Maryland > The Gunpowder Falls Bouldering Area > 00,The Gunpowder Falls Bouldering Area,Angler's Bluffs,The Stage,-76.69085095238096,39.61908285714286,21,21,0,2.7095238095238097,2.8
Minnesota,Minnesota > The Hastings Pit > 00,The Hastings Pit,-,-,-92.84437,44.72468,2,2,0,2.5,2.5
Maryland,Maryland > The Johns Hopkins University > 00,The Johns Hopkins University,Remington bridge (Hampden's or northwest side),-,-76.62595666666667,39.32676333333333,3,3,0,2.6666666666666665,3
Kansas,Kansas > The Lost City of Critzer > 00,The Lost City of Critzer,Placer Ridge,Footloose,-94.95759363636364,38.14359,11,11,0,2.727272727272727,2
South Dakota,South Dakota > The Needles Of Rushmore > 00,The Needles Of Rushmore,Horsethief Lake Area,Horsethief Lake Bouldering,-103.45845647058823,43.88084051470588,136,84,52,2.633088235294118,2.5
West Virginia,West Virginia > The New River Gorge Region > 00,The New River Gorge Region,Meadow River Gorge,Meadow Top Boulders,-80.92828466666667,38.15020066666666,15,10,5,2.7066666666666666,2.5
West Virginia,West Virginia > The New River Gorge Region > 01,The New River Gorge Region,Needleseye Boulder Park,Central Area Boulders,-81.09646814285715,38.07175,70,56,14,2.592857142857143,2.5
West Virginia,West Virginia > The New River Gorge Region > 02,The New River Gorge Region,Piney Creek Watershed,-,-81.14446,37.79566,2,0,2,2.6,2.6
West Virginia,West Virginia > The New River Gorge Region > 03,The New River Gorge Region,Summersville (Gauley River) Area,Carnifex Ferry,-80.85290380952381,38.235197142857146,21,0,21,2.5428571428571427,2.5
Pennsylvania,Pennsylvania > The Northwest > 00,The Northwest,Beartown Rocks,New Kids on the Rock,-79.0590875,41.30330125,8,8,0,2.625,2.7
Pennsylvania,Pennsylvania > The Northwest > 01,The Northwest,Crumble Chrome,-,-79.77112,42.23699,1,0,1,4,4
Pennsylvania,Pennsylvania > The Northwest > 02,The Northwest,Deer Rock,-,-79.57299499999999,41.39102,2,2,0,2.5,2.5
Pennsylvania,Pennsylvania > The Northwest > 03,The Northwest,Ewing,Ewing,-80.21243666666666,40.94871333333333,3,3,0,2,2
Pennsylvania,Pennsylvania > The Northwest > 04,The Northwest,Kinzua Creek,Billboard Boulder,-78.71515,41.76873,1,1,0,3,3
Pennsylvania,Pennsylvania > The Northwest > 05,The Northwest,McConnells Mill State Park,North Country Trail Area,-80.17136333333333,40.955105,6,6,0,2.2,2
Pennsylvania,Pennsylvania > The Northwest > 06,The Northwest,Rim Rock Bouldering,Stitch Boulder,-78.9458,41.84406,1,1,0,2,2
Minnesota,Minnesota > The Road Side Boulder > 00,The Road Side Boulder,-,-,-92.37093,47.79406,1,1,0,2,2
Tennessee,Tennessee > The Sinks > 00,The Sinks,-,-,-83.66231,35.66905,1,1,0,2.5,2.5
California,California > The Wet Mountains > 00,The Wet Mountains,Bootlegger's Boulders,-,-105.45141,38.46986,4,4,0,2.325,2.25
Colorado,Colorado > The Wet Mountains > 00,The Wet Mountains,Hardscrabble Pass,Titanic,-105.24920555555556,38.29367111111111,9,0,9,2.7111111111111112,2.8
New York,New York > The Witches' Circle > 00,The Witches' Circle,-,-,-75.07421,42.47073,4,4,0,2.625,2.75
New York,New York > Theresa Riverside Boulders > 00,Theresa Riverside Boulders,-,-,-75.79169,44.21602,2,2,0,2.5,2.5
New York,New York > Thunder Rocks > 00,Thunder Rocks,Morla Boulder,-,-78.699645,42.041309999999996,2,2,0,2,2
Mississippi,Mississippi > Tishomingo > 00,Tishomingo,Boulder Garden,-,-88.179682,34.600120000000004,10,10,0,2.55,2.75
Minnesota,Minnesota > Tombolo Rock > 00,Tombolo Rock,-,-,-90.09711,47.8001,1,1,0,2,2
Texas,Texas > Tonkawa Falls > 00,Tonkawa Falls,Hidden Cave,-,-97.43075,31.53631,11,11,0,2.7363636363636363,3
Tennessee,Tennessee > Toxic Wall > 00,Toxic Wall,-,-,-86.62159,36.1615,2,2,0,2,2
Maryland,Maryland > Tree of Hearts <3 > 00,Tree of Hearts <3,-,-,-76.61776,39.38939,1,1,0,4,4
Alabama,Alabama > Trussville Boulders > 00,Trussville Boulders,-,-,-86.59549,33.63877,6,6,0,2.5833333333333335,2.25
New Mexico,New Mexico > Truth or Consequences Area > 00,Truth or Consequences Area,Caballo Lake,Bat Cave Area,-107.23409444444444,32.93112777777778,9,0,9,2.6,2.6
New Mexico,New Mexico > Truth or Consequences Area > 01,Truth or Consequences Area,Mud Mountain,Crow Feather Wall,-107.30754,33.15531,6,0,6,2.65,2.45
New Mexico,New Mexico > Truth or Consequences Area > 02,Truth or Consequences Area,"Percha Creek, Hillsboro",-,-107.60665,32.91771,1,0,1,2.4,2.4
New Mexico,New Mexico > Truth or Consequences Area > 03,Truth or Consequences Area,Red Rock Arroyo,Luna Park,-107.41572875,33.49639,8,0,8,2.4125,2.3
Oklahoma,Oklahoma > Tulsa Area > 00,Tulsa Area,3 Fingers Bay,The Poppy Wall,-96.37009,36.16145,1,1,0,2,2
Oklahoma,Oklahoma > Tulsa Area > 01,Tulsa Area,Avery Drive,Lost City Area,-96.13645,36.13582142857143,7,3,4,2.342857142857143,2
Oklahoma,Oklahoma > Tulsa Area > 02,Tulsa Area,Bixhoma lake,-,-95.79053,35.89212,4,4,0,2.25,2
Oklahoma,Oklahoma > Tulsa Area > 03,Tulsa Area,Boar Creek,Breakfast Club Area,-96.294248,36.37778,5,5,0,3.1,3
Oklahoma,Oklahoma > Tulsa Area > 04,Tulsa Area,Chandler Park,Autobahn Area (Main Chandler),-96.12597166666667,36.13780777777778,18,18,0,2.5,2.4
Oklahoma,Oklahoma > Tulsa Area > 05,Tulsa Area,Osage Hills State Park,Gamma Wall,-96.18845999999999,36.73755333333334,3,3,0,2.8333333333333335,3
Oklahoma,Oklahoma > Tulsa Area > 06,Tulsa Area,Prattville,-,-96.160865,36.148354,10,9,1,3.1,3
Oklahoma,Oklahoma > Tulsa Area > 07,Tulsa Area,The Fort,-,-95.22844,35.85344,5,5,0,2.2,2
Oklahoma,Oklahoma > Tulsa Area > 08,Tulsa Area,Zen Pen,Around the Corner,-96.40217,36.13518666666667,15,15,0,2.42,2.4
Kentucky,Kentucky > Tyler Park > 00,Tyler Park,-,-,-85.7167,38.23092,1,1,0,2,2
Texas,Texas > UTSA Boulders > 00,UTSA Boulders,Main Boulder,-,-98.60768,29.57861,3,3,0,2.6666666666666665,3
Mississippi,Mississippi > University of Mississippi > 00,University of Mississippi,-,-,-89.53487,34.3662,4,4,0,2.75,3
Indiana,Indiana > Unlikely Wall > 00,Unlikely Wall,-,-,-86.53459,39.02695,13,7,6,2.6384615384615384,2.7
Michigan,Michigan > Upper Peninsula > 00,Upper Peninsula,Copper Country,Cliff Drive Bouldering,-88.33586,47.35318,20,20,0,2.95,3
Michigan,Michigan > Upper Peninsula > 01,Upper Peninsula,Horse Race Rapids,Horse Race Rapids Bouldering,-88.2693,45.99029,5,5,0,2.9,3
Michigan,Michigan > Upper Peninsula > 02,Upper Peninsula,Iron Mountain,Carney Area,-87.976005,45.917698,20,17,3,3.025,3
Michigan,Michigan > Upper Peninsula > 03,Upper Peninsula,Little Huron River Range,Sandstone Glaicer Cut,-85.7053,42.93608,1,1,0,2,2
Michigan,Michigan > Upper Peninsula > 04,Upper Peninsula,Marquette (and Central UP) Bouldering,550 Bouldering,-87.4751256043956,46.59281142857143,91,84,7,2.746153846153846,3
Michigan,Michigan > Upper Peninsula > 05,Upper Peninsula,Marquette (and Central UP) Roped,Big Bay,-87.77837,46.7787,1,0,1,2.7,2.7
Michigan,Michigan > Upper Peninsula > 06,Upper Peninsula,Marquette (and Central UP) Roped,Palmer,-87.47490142857143,46.49198285714286,7,2,5,2.9714285714285715,3.2
Michigan,Michigan > Upper Peninsula > 07,Upper Peninsula,Marquette (and Central UP) Roped,Suicide,-87.57423666666666,46.49411666666666,3,0,3,2.7333333333333334,2.8
Michigan,Michigan > Upper Peninsula > 08,Upper Peninsula,Michigamme,Tourist Trap,-88.08116,46.54371,1,1,0,2,2
Michigan,Michigan > Upper Peninsula > 09,Upper Peninsula,Narnia Trail Boulders,Cricket's Cradle,-84.25662,45.983333333333334,3,3,0,2,2
Michigan,Michigan > Upper Peninsula > 10,Upper Peninsula,Old 41 boulders,Boulder #0,-88.44856399999999,46.662622,5,5,0,2.94,3
Michigan,Michigan > Upper Peninsula > 11,Upper Peninsula,Silver Mountain,Main Wall,-88.74034,46.66633,4,0,4,2.3,2.25
Michigan,Michigan > Upper Peninsula > 12,Upper Peninsula,Sturgeon River Gorge (Canyon Falls),-,-88.48034,46.62089,1,1,0,2,2
New York,New York > V.E. Macy Park > 00,V.E. Macy Park,-,-,-73.8483,41.03468,1,1,0,2,2
Maryland,Maryland > Vaso Island > 00,Vaso Island,Hidden Slabs,-,-77.21036,38.97453,1,0,1,2,2
New Hampshire,New Hampshire > WM: Albany Area > 00,WM: Albany Area,Mt Chocorua (All Summit Areas),5. The Chief  Boulder,-71.21931599999999,43.968058,5,5,0,2.4,2
New Hampshire,New Hampshire > WM: Bartlett / Jackson Area > 00,WM: Bartlett / Jackson Area,Attitash Crag,The Main Area,-71.22744,44.113898750000004,8,1,7,2.375,2.4
Missouri,Missouri > WM: Berkley Riverfront > 00,WM: Berkley Riverfront,-,-,-94.57386,39.11681,2,2,0,2.35,2.35
Missouri,Missouri > WM: Cave Hollow > 00,WM: Cave Hollow,-,-,-93.7607,38.7691,2,2,0,2.4,2.4
New Hampshire,New Hampshire > WM: Crawford Notch > 00,WM: Crawford Notch,Crawford Cliff,-,-71.40518,44.22361,1,0,1,2.6,2.6
New Hampshire,New Hampshire > WM: Franconia Notch > 00,WM: Franconia Notch,Echo Crag,"8. The Hone Wall ""Proper"" (base at path level)",-71.6839,44.16543923076923,13,7,6,2.3923076923076922,2.4
New Hampshire,New Hampshire > WM: Kancamagus (Central) > 00,WM: Kancamagus (Central),Owl's Cliff,The Right Cliff,-71.41055,44.063199999999995,2,0,2,2.35,2.35
New Hampshire,New Hampshire > WM: Kancamagus (Eastern) > 00,WM: Kancamagus (Eastern),Bear Mountain Slab,-,-71.23546833333333,44.005360833333334,24,19,5,2.2916666666666665,2
New Hampshire,New Hampshire > WM: Kinsman Notch > 00,WM: Kinsman Notch,1. Kinsman Notch East (aka The Monkey Cliffs) Climbing &,1. Lower Primate Boulders,-71.78092,44.042896666666664,3,1,2,2.7333333333333334,3
New Hampshire,New Hampshire > WM: Lincoln/Woodstock Area > 00,WM: Lincoln/Woodstock Area,Lincoln Crag,Lincoln Crag Bouldering,-71.660326,44.0010505,20,3,17,2.475,2.45
Missouri,Missouri > WM: Monegaw Springs > 00,WM: Monegaw Springs,1. Burns Side,-,-93.84673666666667,38.025843333333334,3,2,1,2,2
New Hampshire,New Hampshire > WM: North Conway > 00,WM: North Conway,01. Hurricane Mtn Rd Boulder,-,-71.15154700000001,44.083543999999996,10,6,4,2.3,2.15
New Hampshire,New Hampshire > WM: Oliverian Notch > 00,WM: Oliverian Notch,Owl's Head Cliff (Oliverian Notch),Big Wall,-71.91014,44.004765,2,0,2,2.25,2.25
Missouri,Missouri > WM: Opossum Hollow > 00,WM: Opossum Hollow,-,-,-94.29832,38.9951,2,2,0,2.5,2.5
New Hampshire,New Hampshire > WM: Pinkham / Presidentials > 00,WM: Pinkham / Presidentials,02a. Glen Elis Picnic Area Boulders,-,-71.24984,44.25139,4,4,0,2.925,2.85
Missouri,Missouri > WM: Raven Rocks > 00,WM: Raven Rocks,Goose Island (south rock),-,-93.372345,38.113365,2,0,2,2.6,2.6
Missouri,Missouri > WM: Reed's Bluff > 00,WM: Reed's Bluff,Long Dog Wall,-,-93.7357,37.9966,4,0,4,2.875,3
Missouri,Missouri > WM: Roanoke Park > 00,WM: Roanoke Park,Roanoke Drive Bluff,-,-94.60083,39.06266,1,1,0,2,2
Missouri,Missouri > WM: Swope & Blue River Limestone > 00,WM: Swope & Blue River Limestone,Blue River Road,North End Cliff,-94.530424,38.98086133333333,15,15,0,2.7066666666666666,2.7
Missouri,Missouri > WM: The Dump > 00,WM: The Dump,-,-,-94.58269,38.87581,1,1,0,2.4,2.4
Missouri,Missouri > WM: Trapper's Camp > 00,WM: Trapper's Camp,Crescent Wall,-,-93.71755,38.01576,11,0,11,2.327272727272727,2.2
Missouri,Missouri > WM: Warsaw > 00,WM: Warsaw,Funhouse Alcove,-,-93.423330000000007,38.25357,4,0,4,2.525,2.55
New Hampshire,New Hampshire > WM: Waterville Valley > 00,WM: Waterville Valley,Goodrich Rock Trail,Davis Boulders,-71.533184375,43.956796250000004,16,14,2,2.4875,2.2
New Hampshire,New Hampshire > WM: Waterville Valley > 01,WM: Waterville Valley,Yellowjacket Area,Yellowjacket Boulders,-71.32293666666666,43.716793333333335,3,3,0,2,2
New Hampshire,New Hampshire > WM: Waterville Valley > 02,WM: Waterville Valley,Yellowjacket Area,Yellowjacket Boulders,-71.55550666666667,43.90134666666667,3,2,1,2.3333333333333335,2
Tennessee,Tennessee > Walden's Ridge Park > 00,Walden's Ridge Park,Boy Scout Trail,-,-85.3136975,35.14174142857143,28,28,0,2.4178571428571427,2
Iowa,Iowa > Waldo's Rock Park > 00,Waldo's Rock Park,-,-,-91.54207,42.02717,1,1,0,4,4
New York,New York > Ward Pound Ridge Reservation > 00,Ward Pound Ridge Reservation,Kimberly Bridge,-,-73.59450333333334,41.24756,3,3,0,2.6666666666666665,3
Utah,Utah > Wasatch Range > 00,Wasatch Range,Central Wasatch,Big Cottonwood Canyon,-111.72906314814814,40.617205,54,10,45,2.435185185185185,2.4
Utah,Utah > Wasatch Range > 01,Wasatch Range,Central Wasatch,City Creek Canyon,-111.8019,40.81069,1,1,0,2,2
Utah,Utah > Wasatch Range > 02,Wasatch Range,Central Wasatch,Draper Area Crags,-111.82686,40.52199,1,0,1,2.3,2.3
Utah,Utah > Wasatch Range > 03,Wasatch Range,Central Wasatch,Emigration Canyon,-111.74255012903225,40.599091032258066,155,106,49,2.418064516129032,2.3
Utah,Utah > Wasatch Range > 04,Wasatch Range,Northern Wasatch,Bear Lake Area,-111.4866,41.9647,1,0,1,2.3,2.3
Utah,Utah > Wasatch Range > 05,Wasatch Range,Northern Wasatch,Cache Valley,-111.72727714285715,41.64340714285714,7,1,6,2.6142857142857143,2.5
Utah,Utah > Wasatch Range > 06,Wasatch Range,Northern Wasatch,Cache Valley,-111.719650625,41.77966625,32,19,13,2.584375,2.6
Utah,Utah > Wasatch Range > 07,Wasatch Range,Northern Wasatch,Causey Reservoir,-111.55839,41.33012,1,0,1,2,2
Utah,Utah > Wasatch Range > 08,Wasatch Range,Northern Wasatch,Davis County,-111.87210166666667,40.984426666666664,12,8,4,2.55,2.6
Utah,Utah > Wasatch Range > 09,Wasatch Range,Northern Wasatch,Ogden,-111.91993818181818,41.22931409090909,44,28,16,2.4545454545454546,2.4
Utah,Utah > Wasatch Range > 10,Wasatch Range,Southern Wasatch,American Fork Canyon,-111.6684,40.41382036363636,55,21,34,2.4563636363636365,2.4
Utah,Utah > Wasatch Range > 11,Wasatch Range,Southern Wasatch,Mahogany Grove,-111.63812166666666,40.51216166666667,6,1,5,2.783333333333333,2.85
Utah,Utah > Wasatch Range > 12,Wasatch Range,Southern Wasatch,Rock Canyon,-111.621709,40.2653444,50,11,39,2.416,2.4
Utah,Utah > Wasatch Range > 13,Wasatch Range,Southern Wasatch,Santaquin Canyon,-111.7628,39.9315,1,0,1,2,2
Utah,Utah > Wasatch Range > 14,Wasatch Range,Southern Wasatch,Slate Canyon,-111.61867,40.22519,1,1,0,2,2
Utah,Utah > Wasatch Range > 15,Wasatch Range,Southern Wasatch,Spanish Fork Canyon,-111.40352,40.08059,2,2,0,3.45,3.45
Utah,Utah > Wasatch Range > 16,Wasatch Range,Southern Wasatch,The Hinterlands,-111.62780666666667,40.27478333333333,3,0,3,2.8333333333333335,2.7
Utah,Utah > Wasatch Range > 17,Wasatch Range,Wasatch Back,Bad Apple Boulders,-111.57571999999999,40.719645,2,2,0,3.25,3.25
Utah,Utah > Wasatch Range > 18,Wasatch Range,Wasatch Back,Echo Canyon,-111.388335,41.003375,10,0,10,2.45,2.4
Utah,Utah > Wasatch Range > 19,Wasatch Range,Wasatch Back,Empire Pass,-111.40978333333334,40.60657333333334,3,3,0,2.433333333333333,2.3
Maryland,Maryland > Water Slab > 00,Water Slab,-,-,-76.48012,39.41623,1,1,0,3,3
Utah,Utah > West Desert > 00,West Desert,Antelope Island,Buffalo Point,-112.26339,41.03262,3,3,0,2.1666666666666665,2
Utah,Utah > West Desert > 01,West Desert,Desert Mountain,North Pass,-112.63218,39.759265,6,0,6,2.4166666666666665,2.35
Utah,Utah > West Desert > 02,West Desert,Devil's Playground,Barney's Phinn,-113.69237444444444,41.51962972222222,36,0,36,2.4722222222222223,2
Utah,Utah > West Desert > 03,West Desert,House Range,Marjum Canyon,-113.40479153846154,39.12433307692308,13,4,9,2.5538461538461537,2.5
Utah,Utah > West Desert > 04,West Desert,Ibex,Bouldering,-111.85767,40.72623,1,1,0,2.7,2.7
Utah,Utah > West Desert > 05,West Desert,Ibex,Bouldering,-113.38599,38.89271,1,1,0,3,3
Utah,Utah > West Desert > 06,West Desert,Ibex,Bouldering,-113.473763,38.891279,10,4,6,2.43,2.5
Utah,Utah > West Desert > 07,West Desert,Mineral Mountains,DLK dome,-112.843345,38.371185,2,0,2,2.3,2.3
Utah,Utah > West Desert > 08,West Desert,Nessi's,-,-111.90939,40.19846,1,1,0,2,2
Utah,Utah > West Desert > 09,West Desert,Oquirrh Mountains,Blackridge Boulders,-112.196805,40.501177142857145,14,7,7,2.45,2.3
Utah,Utah > West Desert > 10,West Desert,Oquirrh Mountains,Stansbury Park Urban,-112.30709,40.64952,3,3,0,2,2
Utah,Utah > West Desert > 11,West Desert,Stansbury Mountains,Lone Rock,-112.6845,40.7093,1,0,1,2,2
Utah,Utah > West Desert > 12,West Desert,Stansbury Mountains,South Willow Canyon,-112.58395,40.49291,1,0,1,2.1,2.1
Utah,Utah > West Desert > 13,West Desert,Stansbury Mountains,The Valley of Zion,-112.64011666666667,40.739575,12,0,12,2.4916666666666667,2.5
Utah,Utah > West Desert > 14,West Desert,White Rocks,Cool Aid Gully,-112.9029,40.32405,1,0,1,2.3,2.3
Idaho,Idaho > West Idaho > 00,West Idaho,Black Cliffs,East Car Body Canyon,-116.08659666666667,43.53663611111111,18,0,18,2.4555555555555557,2.45
Idaho,Idaho > West Idaho > 01,West Idaho,Bogus Basin Road Boulders,Balance Boulder and Shamalama,-116.122715,43.75219,2,2,0,2.5,2.5
Idaho,Idaho > West Idaho > 02,West Idaho,McCall Area,Jug Handle Bouldering,-116.035392,44.954464,5,4,1,2.4,2
Idaho,Idaho > West Idaho > 03,West Idaho,Mores Mountain,Roadside Rock,-116.0865,43.8002,2,0,2,2.3,2.3
Idaho,Idaho > West Idaho > 04,West Idaho,Pins And Needles,The Pins,-115.868652,44.728344,5,0,5,2.32,2
Idaho,Idaho > West Idaho > 05,West Idaho,Reynolds Creek,Main Area,-116.70758333333333,43.26018,3,3,0,2.6,2.5
Idaho,Idaho > West Idaho > 06,West Idaho,Riggins,Manning Crevice Bridge Area,-116.11698,45.40169,3,1,2,2.433333333333333,2.3
Idaho,Idaho > West Idaho > 07,West Idaho,Riggins,Riggins Limestone,-116.4488,45.38434,2,0,2,2.3,2.3
Idaho,Idaho > West Idaho > 08,West Idaho,Swan Falls,Bad Ass Boulder Area,-116.39053791666666,43.25740625,24,24,0,2.404166666666667,2.3
Idaho,Idaho > West Idaho > 09,West Idaho,Table Rock,Blasted Wall,-116.14873533333333,43.592651333333336,15,15,0,2.5,2.5
Idaho,Idaho > West Idaho > 10,West Idaho,The Projects,Lower Central,-116.50972999999999,42.16981,6,6,0,2.3333333333333335,2
New York,New York > West Point (Cadets Only/Closed to Civilians) > 00,West Point (Cadets Only/Closed to Civilians),Flirty Walk,Cross Crack,-73.955186,41.396924,5,5,0,2.2,2
New York,New York > Westchester Wilderness Walk/Zofnass Family Preserve > 00,Westchester Wilderness Walk/Zofnass Family Preserve,Eastern Loop,Grand Stone Staircase,-73.59488999999999,41.181675,2,2,0,2,2
Connecticut,Connecticut > Western Coastal Slope > 00,Western Coastal Slope,Farrington Woods,Arched Boulder,-73.46314000000001,41.3335,2,2,0,2.5,2.5
Connecticut,Connecticut > Western Coastal Slope > 01,Western Coastal Slope,Laddin's Rock,-,-73.55365,41.0392375,4,4,0,2.375,2.25
Connecticut,Connecticut > Western Coastal Slope > 02,Western Coastal Slope,West Rock State Park,South Buttress,-72.95896333333333,41.33217333333334,6,0,6,2.8,2.8499999999999996
Connecticut,Connecticut > Western Highlands > 00,Western Highlands,Whitestone Cliffs,Upper Tier,-73.05421,41.62137,1,1,0,2,2
Kentucky,Kentucky > Western Kentucky > 00,Western Kentucky,Clifty Hollow,Main Area,-86.6174225,37.0902325,4,4,0,3.15,3.15
Kentucky,Kentucky > Western Kentucky > 01,Western Kentucky,Hunter Bluff,A. North End,-87.75962142857144,37.14481857142857,7,4,3,2.4571428571428573,2.5
Kentucky,Kentucky > Western Kentucky > 02,Western Kentucky,Pilot Rock,South Face,-87.28626,36.92096,1,1,0,2,2
Kentucky,Kentucky > Western Kentucky > 03,Western Kentucky,Providence City Lake,Eastern Hillside,-87.79938999999999,37.37714,2,2,0,2,2
Kentucky,Kentucky > Western Kentucky > 04,Western Kentucky,Rough River,The Nest,-86.46238,37.58309,3,3,0,2.433333333333333,2
Kentucky,Kentucky > Western Kentucky > 05,Western Kentucky,Shanty Hollow,Boat Launch Boulder,-86.38667,37.13982,6,6,0,2.966666666666667,2.75
Massachusetts,Massachusetts > Western MA > 00,Western MA,Charlemont,The Riverblock,-72.95536,42.65423,2,2,0,3.5,3.5
Massachusetts,Massachusetts > Western MA > 01,Western MA,Goat Rock,Cinema Boulder,-72.43229857142857,42.06077428571429,7,7,0,2.2142857142857144,2
Massachusetts,Massachusetts > Western MA > 02,Western MA,Hanging Mountain,Murdock Wall,-73.067116,42.070522,5,0,5,2.64,2.7
Massachusetts,Massachusetts > Western MA > 03,Western MA,Monroe State Forest,Blue Dot Rock,-72.98791499999999,42.721175,2,2,0,2.75,2.75
Massachusetts,Massachusetts > Western MA > 04,Western MA,Montague Wildlife Management Area,Happy Valley and The Hideaway,-72.493931,42.526635,10,10,0,2.6,2.55
Massachusetts,Massachusetts > Western MA > 05,Western MA,Mount Tom State Reservation,Mount Tom Bouldering,-72.64325,42.23642,1,1,0,2.5,2.5
Massachusetts,Massachusetts > Western MA > 06,Western MA,Roadside Crag,Roadside Crag Routes,-72.49411222222223,42.54899111111111,9,5,4,2.533333333333333,2.4
Massachusetts,Massachusetts > Western MA > 07,Western MA,Thayer Brook Conservation Area,Battleship Rock,-72.38796,42.12185,2,2,0,3,3
Massachusetts,Massachusetts > Western MA > 08,Western MA,The Sanctuary,-,-72.445421,42.563705,10,9,1,2.5,2.5
Massachusetts,Massachusetts > Western MA > 09,Western MA,Widow White Boulders,-,-73.25208,42.54725,3,3,0,2.3333333333333335,2
Nevada,Nevada > Western Nevada > 00,Western Nevada,Carson City Area,Dinosaur Rock,-119.74456857142857,39.23317,14,13,1,2.7142857142857144,2.75
Nevada,Nevada > Western Nevada > 01,Western Nevada,Iron Butte,-,-119.48005,39.30869,1,0,1,2,2
Nevada,Nevada > Western Nevada > 02,Western Nevada,Lake Tahoe Area,Castle Rock,-119.90811,38.98941,2,0,2,2.55,2.55
Nevada,Nevada > Western Nevada > 03,Western Nevada,Lake Tahoe Area,Cloud Nine,-119.965515,39.267534999999995,2,2,0,2.5,2.5
Nevada,Nevada > Western Nevada > 04,Western Nevada,Lake Tahoe Area,Kingsbury Grade Boulder Field,-119.91948599999999,39.04241,5,4,1,2.18,2
Nevada,Nevada > Western Nevada > 05,Western Nevada,Lake Tahoe Area,Trippy Rock,-119.93592,39.27103666666667,3,3,0,2.2333333333333334,2
Nevada,Nevada > Western Nevada > 06,Western Nevada,Lone Mountain,GemField Boulders,-117.29741,37.7391,1,1,0,2.5,2.5
Nevada,Nevada > Western Nevada > 07,Western Nevada,Lone Mountain,Lower Formation,-117.50559166666666,37.994045,12,0,12,2.658333333333333,2.65
Nevada,Nevada > Western Nevada > 08,Western Nevada,Pyramid Lake Area,Pig Rock Area,-119.646125,39.893365,4,3,1,2.025,2
Nevada,Nevada > Western Nevada > 09,Western Nevada,Pyramid Lake Area,Purgatory,-119.30657,40.34728,2,2,0,2.5,2.5
Nevada,Nevada > Western Nevada > 10,Western Nevada,Reno Area,* Reno Bouldering,-119.82859,39.56211,3,3,0,2.9,3
Nevada,Nevada > Western Nevada > 11,Western Nevada,Reno Area,* Reno Bouldering,-119.36184,39.65754,1,1,0,2,2
Nevada,Nevada > Western Nevada > 12,Western Nevada,Reno Area,* Reno Bouldering,-119.91302999999999,39.539315,2,2,0,2,2
Nevada,Nevada > Western Nevada > 13,Western Nevada,Reno Area,* Reno Bouldering,-119.88940928571428,39.501175714285715,14,14,0,2.4785714285714286,2.45
Nevada,Nevada > Western Nevada > 14,Western Nevada,Reno Area,Owl Rock,-119.69573384615384,39.37042692307693,13,8,5,2.4153846153846152,2.5
Nevada,Nevada > Western Nevada > 15,Western Nevada,Reno Area,River Rock,-119.939325,39.422520000000006,2,0,2,2.65,2.65
Nevada,Nevada > Western Nevada > 16,Western Nevada,Santa Rosa Range,Paradise Valley,-117.53461666666666,41.66776333333333,3,0,3,2.566666666666667,2
Nevada,Nevada > Western Nevada > 17,Western Nevada,Sheldon National Wildlife Refuge,Barber Boy Boulders,-118.96037,41.898865,4,4,0,2,2
Nevada,Nevada > Western Nevada > 18,Western Nevada,Water Canyon,Winnemucca Sunset Boulders,-117.67846,40.92594,1,1,0,2,2
New York,New York > Westmoreland Sanctuary > 00,Westmoreland Sanctuary,-,-,-73.67587,41.18173,1,1,0,3,3
Wyoming,Wyoming > White Rock > 00,White Rock,Heaven,-,-104.14147285714286,43.84509142857143,7,7,0,3,3
Oklahoma,Oklahoma > Wichita Mountains Wildlife Refuge > 00,Wichita Mountains Wildlife Refuge,Charon's Gardens,Crab Eyes,-98.62159014084507,34.72920323943662,142,135,7,2.5140845070422535,2.5
Iowa,Iowa > Wickiup Hill Outdoor Learning Center > 00,Wickiup Hill Outdoor Learning Center,Moab boulder,-,-91.76485,42.08414,6,6,0,3.783333333333333,4
Oregon,Oregon > Willamette Valley > 00,Willamette Valley,Adam's Boulders,-,-122.448,43.61389,1,1,0,3,3
Oregon,Oregon > Willamette Valley > 01,Willamette Valley,Cane Creek,The Moondial,-122.30847,44.12808,2,0,2,3.15,3.15
Oregon,Oregon > Willamette Valley > 02,Willamette Valley,Eagles Rest,(K) Overstory Wall,-122.74733499999999,43.846145,2,0,2,2.85,2.85
Oregon,Oregon > Willamette Valley > 03,Willamette Valley,Flagstone,(c) North Wall & North Slab,-122.298372,43.985348,5,0,5,2.92,3.2
Oregon,Oregon > Willamette Valley > 04,Willamette Valley,Humbug Cliff,Pascal's Walk,-122.12572,44.808206000000006,5,0,5,2.7,2.5
Oregon,Oregon > Willamette Valley > 05,Willamette Valley,Iron Mountain Boulders,-,-122.14586,44.39124,2,2,0,2.75,2.75
Oregon,Oregon > Willamette Valley > 06,Willamette Valley,Lookout Point,Clear Cut Boulders,-122.68000857142857,43.891302857142854,7,5,2,2.342857142857143,2.3
Oregon,Oregon > Willamette Valley > 07,Willamette Valley,Marys Peak,Druid Boulders,-123.56226166666667,44.500785,6,4,2,2.5,2.45
Oregon,Oregon > Willamette Valley > 08,Willamette Valley,Quartzville Scenic Byway,Redneck Rivierra,-122.40534500000001,44.571095,2,2,0,2.5,2.5
Oregon,Oregon > Willamette Valley > 09,Willamette Valley,The Crops,River Boulders,-122.36408333333333,43.69879666666667,3,3,0,2.066666666666667,2
Oregon,Oregon > Willamette Valley > 10,Willamette Valley,The Garden,Armageddon/Upper Garden,-122.5830565625,44.4390534375,32,30,2,2.403125,2.4
Oregon,Oregon > Willamette Valley > 11,Willamette Valley,The Wormhole,The Wormhole Formation,-122.15749714285714,44.30329428571429,7,0,7,2.585714285714286,2.5
Texas,Texas > Wimberley > 00,Wimberley,White Trash Wall,-,-98.1133,29.98432,2,2,0,2,2
Wyoming,Wyoming > Wind River Range > 00,Wind River Range,Cirque of the Moon,-,-109.2178425,42.76144,4,4,0,3.25,3.5
Minnesota,"Minnesota > Winona, Sugar Loaf > 00","Winona, Sugar Loaf",-,-,-91.62665,44.02836,6,0,6,2.533333333333333,2.55
Rhode Island,Rhode Island > Wolf Hill Forest Preserve > 00,Wolf Hill Forest Preserve,Company boulder,-,-71.5298,41.888425,2,2,0,2.5,2.5
Louisiana,Louisiana > Wolf Rock Cave > 00,Wolf Rock Cave,-,-,-93.19278,30.97239,2,2,0,3,3
Tennessee,Tennessee > Woodcock Cove > 00,Woodcock Cove,CBD Wall,-,-85.45491375,35.33274375,8,0,8,2.75,2.7
Georgia,Georgia > Woody Gap > 00,Woody Gap,The Real Preacher's Rock,-,-83.99458,34.6868,1,1,0,2,2
Rhode Island,Rhode Island > Woody Hill South County > 00,Woody Hill South County,"Halloween, Quartz, and Iron boulder eratics.",Quartz Boulder,-71.74243285714286,41.37862714285714,7,7,0,2.2857142857142856,2
Missouri,Missouri > XM: Closed Areas > 00,XM: Closed Areas,EM: (closed),T: Arrowhead Boulder,-90.89563,38.35257,5,5,0,3.2,3
Alabama,Alabama > Yellow Bluff > 00,Yellow Bluff,Bouldering,-,-86.48652,34.64132,4,4,0,3,3
Alabama,Alabama > Yellow Bluff > 01,Yellow Bluff,Right Side Cliff,-,-86.6746,34.4353,7,0,7,2.4857142857142858,2.6
Wyoming,Wyoming > Yellowstone National Park > 00,Yellowstone National Park,Campsite 2H3 boulders,-,-110.45876,44.97237,2,2,0,2.5,2.5
Wyoming,Wyoming > Yellowstone National Park > 01,Yellowstone National Park,Glacial Boulder,-,-110.47251,44.72929,1,1,0,2.5,2.5
Wyoming,Wyoming > Yellowstone National Park > 02,Yellowstone National Park,The Hoodoos,-,-110.71749,44.94419,1,1,0,3,3
Colorado,Colorado > Yosemite National Park > 00,Yosemite National Park,Southern Yosemite,Wawona,-119.63639,37.54696,2,2,0,2.6,2.6
Colorado,Colorado > Yosemite National Park > 01,Yosemite National Park,Tuolumne Meadows,* Tuolumne Bouldering,-119.39150285714285,37.85685142857143,7,7,0,2.9857142857142858,3
Colorado,Colorado > Yosemite National Park > 02,Yosemite National Park,Tuolumne Meadows,* Tuolumne Bouldering,-119.74571,37.78253,1,1,0,3,3
Colorado,Colorado > Yosemite National Park > 03,Yosemite National Park,Tuolumne Meadows,* Tuolumne Bouldering,-119.5817,37.750673703703704,27,27,0,2.9407407407407407,3
California,California > Yosemite National Park > 00,Yosemite National Park,Tuolumne Meadows,Cathedral Range,-119.42196142857144,37.861047142857146,7,0,7,2.914285714285714,3
California,California > Yosemite National Park > 01,Yosemite National Park,Yosemite Valley,Lower Merced River Canyon,-119.70784777777777,37.70795777777778,9,0,9,2.6444444444444444,2.8
New York,New York > Z-Loft > 00,Z-Loft,-,-,-78.5619,42.022,4,4,0,3.075,3
Illinois,Illinois > Z.1 Buildering > 00,Z.1 Buildering,Chicago Area,Chicago Buildering,-88.00186,41.69027,1,1,0,2,2
Illinois,Illinois > Z.1 Buildering > 01,Z.1 Buildering,Chicago Area,Chicago Buildering,-87.66424666666666,41.90940333333333,3,3,0,3.3333333333333335,4
Illinois,Illinois > Z.1 Buildering > 02,Z.1 Buildering,Chicago Area,Elmhurst Area,-87.86886,41.87865,1,1,0,2,2
Illinois,Illinois > Z.1 Buildering > 03,Z.1 Buildering,Chicago Area,Henry C. Palmisano Nature Park,-87.6441375,41.8467275,8,8,0,2.4625,2.25
Illinois,Illinois > Z.1 Buildering > 04,Z.1 Buildering,Little Rock,-,-88.37124,41.67319,1,1,0,3,3
Illinois,Illinois > Z.1 Buildering > 05,Z.1 Buildering,Rockford Area Climbing,The Dawn Wall,-89.07092,42.31943,2,2,0,3,3
Illinois,Illinois > Z.2 Closed Areas > 00,Z.2 Closed Areas,Kankakee River,Kankakee River State Park,-87.98168,41.20288,1,1,0,3,3
Maine,Maine > ZZTemp Hold'ng - Maybe Deleting > 00,ZZTemp Hold'ng - Maybe Deleting,-,-,-68.58897,43.47639,2,2,0,2,2
New Hampshire,New Hampshire > ZZTemp Holding > 00,ZZTemp Holding,saved historical Pound info,Barn Door Boulder,-71.796751,43.798898,10,10,0,2.4,2.3499999999999996
Maine,Maine > ZZZ Area for Holding whole Areas > 00,ZZZ Area for Holding whole Areas,Old Town,-,-68.7634,44.815,1,1,0,4,4
Georgia,Georgia > Zahnd Natural Area > 00,Zahnd Natural Area,Middle Blocks,-,-85.473235,34.651934999999995,2,2,0,2.8,2.8
New Jersey,New Jersey > a. NorthWest > 00,a. NorthWest,* bouldering Northwest NJ,Allamuchy Mountain SP Boulders,-74.75752083333333,40.92432083333333,12,12,0,2.375,2
New Jersey,New Jersey > a. NorthWest > 01,a. NorthWest,Delaware Water Gap NRA,Mt.Tammany,-75.11605333333334,40.96748,3,3,0,2.433333333333333,2
New Jersey,New Jersey > a. NorthWest > 02,a. NorthWest,High Point State Park,-,-74.67366,41.30261,1,1,0,4,4
Maine,Maine > a. Western Mountains > 00,a. Western Mountains,Bald Bluff,Bald Bluff Bouldering,-70.67787666666666,44.31178095238095,21,19,2,2.280952380952381,2
Maine,Maine > a. Western Mountains > 01,a. Western Mountains,Jockey Cap,1. Jockey Cap Bouldering,-70.9624375,44.0209325,4,4,0,2.55,2.25
Maine,Maine > a. Western Mountains > 02,a. Western Mountains,Shell Pond,The Family Wall,-70.90521333333334,44.25996,3,0,3,2.1666666666666665,2.1
Maine,Maine > a. Western Mountains > 03,a. Western Mountains,Sugarloaf Region Boulders,Carrabassett Valley Boulders,-70.20920000000001,45.07815,2,2,0,3.5,3.5
Maine,Maine > a. Western Mountains > 04,a. Western Mountains,Tumble Down Dick Mt.,Tumble Down Dick Bouldering,-70.942,44.40546,1,1,0,3,3
Maine,Maine > a. Western Mountains > 05,a. Western Mountains,Twitchell Pond,-,-70.67463,44.35647,2,2,0,2.25,2.25
New Jersey,New Jersey > b. North Central > 00,b. North Central,* bouldering North Central NJ,Cedar Lake Boulders,-74.50037666666667,40.88208,3,3,0,2.3333333333333335,2
New Jersey,New Jersey > b. North Central > 01,b. North Central,* bouldering North Central NJ,Jungle Habitat,-74.39030541666666,40.95893083333333,24,24,0,2.691666666666667,2.85
New Jersey,New Jersey > b. North Central > 02,b. North Central,* bouldering North Central NJ,Veteran's Park,-74.67999,40.866,2,2,0,2,2
Maine,Maine > b. Southern Coast > 00,b. Southern Coast,Cliff walk,-,-70.63446,43.13335,1,1,0,3,3
Maine,Maine > b. Southern Coast > 01,b. Southern Coast,Clifford Park,00. Routes not yet assigned to a sub-area,-70.44912000000001,43.486792,5,5,0,2.64,2.6
Maine,Maine > b. Southern Coast > 02,b. Southern Coast,Kenyon Hill Preserve,Amigos Traverse,-70.670979375,43.249388125,16,16,0,2.56875,2.45
Georgia,Georgia > big cheese > 00,big cheese,-,-,-83.93738,34.73996,2,2,0,3,3
Maine,Maine > c. Greater Portland > 00,c. Greater Portland,ACDC Boulder,-,-70.27462166666666,43.82571333333333,6,6,0,2.4333333333333336,2.3
Maine,Maine > c. Greater Portland > 01,c. Greater Portland,Little Hill Boulders,Leaner Boulder,-70.38021428571429,43.94735857142857,7,7,0,2.2857142857142856,2
Maine,Maine > c. Greater Portland > 02,c. Greater Portland,South Freeport Boulders,1. Dead Man's Area,-70.11273,43.826118421052634,19,19,0,2.2157894736842105,2
New Jersey,New Jersey > c. NorthEast > 00,c. NorthEast,* bouldering Northeast NJ,39th St - Union City,-74.14665714285714,40.841927142857145,7,7,0,2.9285714285714284,3
New Jersey,New Jersey > c. NorthEast > 01,c. NorthEast,* bouldering Northeast NJ,Ramapo bouldering,-74.221029,40.889766,10,10,0,2.1,2
New Jersey,New Jersey > c. NorthEast > 02,c. NorthEast,* bouldering Northeast NJ,The Embankment,-74.04551,40.72526,1,1,0,2,2
New Jersey,New Jersey > c. NorthEast > 03,c. NorthEast,Watchung Reservation,-,-74.55319,40.31299,1,1,0,2,2
New Jersey,New Jersey > d. Mid-state > 00,d. Mid-state,* bouldering mid-state NJ,Cliffwood Beach Caves,-74.21565,40.44979,1,1,0,4,4
New Jersey,New Jersey > d. Mid-state > 01,d. Mid-state,* bouldering mid-state NJ,Sourland Mountain Preserve,-74.69842047619048,40.446894761904765,21,21,0,2.5238095238095237,2.5
Maine,Maine > d. Midcoast > 00,d. Midcoast,Birch Point Boulder,-,-69.619745,43.993085,2,2,0,2.5,2.5
Maine,Maine > d. Midcoast > 01,d. Midcoast,Lisbon Falls Area Boulder,"Crocodile Blocs (South side of river, downriver of bridge)",-70.06012571428572,43.99296714285714,7,7,0,2.0714285714285716,2
Maine,Maine > d. Midcoast > 02,d. Midcoast,Ocean point,-,-69.55901166666666,43.857926666666664,6,6,0,3.05,3
Maine,Maine > d. Midcoast > 03,d. Midcoast,Whiskeag Crag,Dump Cave,-69.82146,43.94219,1,1,0,2,2
Maine,Maine > e. Penobscot Bay to Schoodic Point > 00,e. Penobscot Bay to Schoodic Point,Bluff Head,-,-68.7088,44.383799999999994,4,4,0,2.625,2.25
Maine,Maine > e. Penobscot Bay to Schoodic Point > 01,e. Penobscot Bay to Schoodic Point,Chunk O’ Pork Rock,-,-68.48021,44.69834,1,1,0,2,2
New Jersey,New Jersey > e. South > 00,e. South,* bouldering South NJ,Atlantic City,-74.41817,39.37632,1,1,0,2.5,2.5
Maine,Maine > f. Downeast > 00,f. Downeast,McClellan Park,-,-67.85355,44.48539,4,4,0,2,2
Maine,Maine > g. Capital Region > 00,g. Capital Region,Belgrade Lakes Bouldering,Castle Island boulders,-69.89180999999999,44.5678825,4,4,0,2.3,2.25
Maine,Maine > g. Capital Region > 01,g. Capital Region,Lewiston-Auburn Buildering,Bates College Campus,-70.20334,44.10593,1,1,0,3,3
Maine,Maine > h. Bangor Area > 00,h. Bangor Area,Deadham Bouldering,Bald Mountain,-68.58248,44.682114999999996,6,6,0,2.1666666666666665,2
Maine,Maine > h. Bangor Area > 01,h. Bangor Area,Prospect Mountain,Scree Field Boulders,-68.86554,44.57845,2,2,0,3,3
Maine,Maine > i. Moose & Kennebec River Valleys > 00,i. Moose & Kennebec River Valleys,Mt Kineo,The Main Face,-69.7306,45.7001,1,1,0,3,3
Maine,Maine > j. The Maine Highlands (inc. BSP / Katahdin ) > 00,j. The Maine Highlands (inc. BSP / Katahdin ),Katahdin,07. Bouldering Areas In & Around Katahdin,-68.70622,45.65212,1,1,0,2.7,2.7
