state_abbr,county_name,county_fips,total_precip_in,avg_temp_july_day,avg_temp_jan_day,pct_temp_60_80,pct_temp_75_90,pct_temp_below_40,pct_temp_below_50,pct_temp_below_60,avg_daytime_temp,avg_night_temp
AL,Autauga,1001,52.5,91.54045806451613,62.623748387096775,0.38082191780821917,0.4136986301369863,0,0.01643835616438356,0.136986301369863,77.25378520547945,54.483055342465754
AL,Baldwin,1003,54.3,91.73625161290323,67.1936,0.4191780821917808,0.44931506849315067,0,0,0.07945205479452055,78.99865589041096,58.71625095890411
AL,Barbour,1005,52.3,92.1029870967742,64.89697419354839,0.36712328767123287,0.42191780821917807,0,0.005479452054794521,0.1095890410958904,78.20631068493151,54.988465753424656
AL,Bibb,1007,48.2,91.96316774193548,61.66272258064516,0.36712328767123287,0.39452054794520547,0,0.024657534246575342,0.14520547945205478,76.85119178082192,53.79291561643836
AL,Blount,1009,56.4,88.6328193548387,58.39775483870968,0.4246575342465753,0.4410958904109589,0.005479452054794521,0.057534246575342465,0.1863013698630137,73.12274575342465,51.93563616438356
AL,Bullock,1011,51.4,91.44250322580645,63.75246451612903,0.3780821917808219,0.4438356164383562,0,0.00821917808219178,0.12602739726027398,77.30143835616438,54.098821917808216
AL,Butler,1013,54.6,91.88512903225806,64.25913548387096,0.36712328767123287,0.43561643835616437,0,0.005479452054794521,0.11506849315068493,78.11020054794521,54.245716712328765
AL,Calhoun,1015,53.5,89.4555935483871,59.24032903225807,0.4246575342465753,0.4301369863013699,0,0.043835616438356165,0.16986301369863013,74.1351594520548,51.2697495890411
AL,Chambers,1017,60.8,90.39542580645161,60.968735483870965,0.4383561643835616,0.4328767123287671,0,0.030136986301369864,0.15616438356164383,75.24025589041096,51.28930301369863
AL,Cherokee,1019,49.1,90.03542580645161,57.92853548387097,0.4054794520547945,0.42191780821917807,0,0.049315068493150684,0.18904109589041096,73.99986356164383,50.31524164383562
AL,Chilton,1021,52.5,91.16925161290322,61.42210322580645,0.3863013698630137,0.4054794520547945,0,0.021917808219178082,0.14520547945205478,76.40491506849315,53.77196164383562
AL,Choctaw,1023,57.9,93.55425161290323,64.12465806451613,0.3506849315068493,0.40273972602739727,0,0.01643835616438356,0.11232876712328767,78.9119698630137,54.37824602739726
AL,Clarke,1025,59.3,92.62910967741935,65.01112903225807,0.3698630136986301,0.410958904109589,0,0.005479452054794521,0.1095890410958904,78.7093095890411,54.77087287671233
AL,Clay,1027,58,89.06278709677419,59.6988064516129,0.4465753424657534,0.4383561643835616,0,0.0410958904109589,0.1643835616438356,73.90807835616438,51.49236767123288
AL,Cleburne,1029,51.6,88.39893548387097,58.6746064516129,0.44931506849315067,0.44931506849315067,0,0.04657534246575343,0.18356164383561643,73.05925260273973,51.02487068493151
AL,Coffee,1031,54.5,91.77799999999999,66.28367096774194,0.38082191780821917,0.4520547945205479,0,0.005479452054794521,0.09041095890410959,78.83045698630137,56.4451194520548
AL,Colbert,1033,49.7,89.0271935483871,57.7328,0.36164383561643837,0.4191780821917808,0.0136986301369863,0.0547945205479452,0.20821917808219179,73.28731506849316,51.31188931506849
AL,Conecuh,1035,54.6,92.3895935483871,65.80115483870968,0.36712328767123287,0.43561643835616437,0,0.0027397260273972603,0.09863013698630137,78.93486684931507,55.435398356164384
AL,Coosa,1037,57.6,90.62890322580645,61.216032258064516,0.40821917808219177,0.4246575342465753,0,0.021917808219178082,0.14794520547945206,75.74872876712328,53.10824
AL,Covington,1039,53.9,92.80167741935485,67.14575483870968,0.3506849315068493,0.4410958904109589,0,0.0027397260273972603,0.08767123287671233,79.8162898630137,56.48104547945206
AL,Crenshaw,1041,54.4,91.60705806451612,64.84907096774194,0.36712328767123287,0.4438356164383562,0,0.005479452054794521,0.10410958904109589,78.1865008219178,55.03388493150685
AL,Cullman,1043,60.9,88.46687096774194,58.424987096774196,0.4191780821917808,0.4465753424657534,0.005479452054794521,0.06027397260273973,0.1863013698630137,73.05833534246575,50.57987616438356
AL,Dale,1045,54.8,91.87281935483871,66.28158064516128,0.37534246575342467,0.4520547945205479,0,0.005479452054794521,0.09041095890410959,78.84275616438356,56.86350849315068
AL,Dallas,1047,57.2,92.32101935483871,63.030954838709675,0.3561643835616438,0.4246575342465753,0,0.0136986301369863,0.13972602739726028,77.76357479452055,54.30244876712329
AL,DeKalb,1049,49.9,87.56489677419354,56.26150322580645,0.4191780821917808,0.44931506849315067,0.010958904109589041,0.0684931506849315,0.2328767123287671,71.6197506849315,49.75100821917808
AL,Elmore,1051,57.8,91.34030967741936,62.55662580645161,0.4,0.42191780821917807,0,0.0136986301369863,0.13424657534246576,76.76251835616438,54.32662301369863
AL,Escambia,1053,52.2,92.2108129032258,66.6576064516129,0.3726027397260274,0.4383561643835616,0,0.0027397260273972603,0.09041095890410959,79.19255287671233,56.327019726027395
AL,Etowah,1055,50.6,89.07109032258064,57.96407096774193,0.4301369863013699,0.43561643835616437,0.0027397260273972603,0.0547945205479452,0.1863013698630137,73.24727123287671,51.41063287671233
AL,Fayette,1057,53.6,90.4419935483871,60.131154838709676,0.37534246575342467,0.3917808219178082,0.0027397260273972603,0.043835616438356165,0.15616438356164383,75.29010849315068,51.04395561643835
AL,Franklin,1059,52.3,88.66173548387097,57.77646451612903,0.37534246575342467,0.4273972602739726,0.010958904109589041,0.057534246575342465,0.20273972602739726,73.19938630136986,50.93911178082192
AL,Geneva,1061,55.4,92.34981935483871,67.11747741935484,0.36164383561643837,0.4438356164383562,0,0.0027397260273972603,0.09041095890410959,79.46810082191782,56.03363945205479
AL,Greene,1063,51.7,91.49812903225806,62.00390967741936,0.3698630136986301,0.40273972602739727,0,0.024657534246575342,0.14246575342465753,76.90088164383562,54.17602958904109
AL,Hale,1065,52.4,91.91445161290322,61.987593548387096,0.37534246575342467,0.4,0,0.024657534246575342,0.14520547945205478,77.12250356164384,54.52459835616438
AL,Henry,1067,57.6,91.79948387096775,65.82153548387097,0.37534246575342467,0.4383561643835616,0,0.005479452054794521,0.0958904109589041,78.58075506849315,56.6611095890411
AL,Houston,1069,56,92.07018064516129,67.32523225806452,0.3643835616438356,0.4575342465753425,0,0.0027397260273972603,0.09315068493150686,79.39109041095891,57.5963402739726
AL,Jackson,1071,51.8,87.20385161290322,56.31219354838709,0.4273972602739726,0.44931506849315067,0.01643835616438356,0.0684931506849315,0.2191780821917808,71.74648054794521,50.24433150684931
AL,Jefferson,1073,51.2,90.7353935483871,59.9962129032258,0.3835616438356164,0.4,0,0.043835616438356165,0.1643835616438356,75.17687616438356,54.08356876712329
AL,Lamar,1075,51.4,91.05410967741935,60.58649677419355,0.37534246575342467,0.38904109589041097,0.005479452054794521,0.043835616438356165,0.1506849315068493,75.89107178082192,51.96587616438356
AL,Lauderdale,1077,49.9,88.76352258064516,57.243954838709676,0.3698630136986301,0.4246575342465753,0.019178082191780823,0.06301369863013699,0.2136986301369863,72.87147561643836,50.64619506849315
AL,Lawrence,1079,49.7,88.84231612903226,57.96767096774194,0.3698630136986301,0.4273972602739726,0.010958904109589041,0.057534246575342465,0.20273972602739726,73.22097150684931,50.85505917808219
AL,Lee,1081,58.5,90.92549677419355,62.18408387096774,0.4410958904109589,0.41643835616438357,0,0.019178082191780823,0.136986301369863,75.99974246575343,53.955438356164386
AL,Limestone,1083,49.9,88.83796129032258,57.85787096774194,0.38082191780821917,0.4328767123287671,0.010958904109589041,0.06027397260273973,0.20273972602739726,72.99565589041096,51.06874136986301
AL,Lowndes,1085,52.4,92.23363225806452,63.39931612903226,0.37534246575342467,0.4191780821917808,0,0.0136986301369863,0.1232876712328767,77.73971616438357,54.778871780821916
AL,Macon,1087,57,92.11268387096774,63.32737419354839,0.3835616438356164,0.4328767123287671,0,0.00821917808219178,0.12876712328767123,77.41892164383562,53.958678356164384
AL,Madison,1089,51.6,87.80638709677419,57.2324,0.40273972602739727,0.4438356164383562,0.01643835616438356,0.0684931506849315,0.2191780821917808,72.19629315068494,51.112281643835615
AL,Marengo,1091,58.9,93.05141290322581,63.0522064516129,0.36164383561643837,0.40821917808219177,0,0.021917808219178082,0.13424657534246576,77.89638520547945,54.31344109589041
AL,Marion,1093,54.8,89.35595483870968,58.570380645161286,0.37534246575342467,0.4191780821917808,0.00821917808219178,0.052054794520547946,0.1917808219178082,73.91599342465753,50.919938082191784
AL,Marshall,1095,52.2,87.67353548387096,57.46965161290323,0.4328767123287671,0.4438356164383562,0.00821917808219178,0.06027397260273973,0.20273972602739726,72.1644701369863,52.068678356164384
AL,Mobile,1097,57,92.63334838709677,67.22001935483871,0.39452054794520547,0.4246575342465753,0,0,0.0821917808219178,79.56758904109589,58.80469260273973
AL,Monroe,1099,53.8,92.3682258064516,65.3203806451613,0.3643835616438356,0.4191780821917808,0,0.005479452054794521,0.1095890410958904,78.72565753424658,54.891132602739724
AL,Montgomery,1101,56.1,92.10954838709678,63.593077419354834,0.3726027397260274,0.4246575342465753,0,0.010958904109589041,0.12602739726027398,77.70917534246576,55.38012109589041
AL,Morgan,1103,51.8,88.96129032258065,58.54692258064516,0.40273972602739727,0.4301369863013699,0.010958904109589041,0.06027397260273973,0.18904109589041096,73.30789424657534,51.45453315068493
AL,Perry,1105,54.3,91.84750322580645,62.16730322580645,0.3780821917808219,0.4054794520547945,0,0.024657534246575342,0.13972602739726028,77.18366410958905,54.31684876712329
AL,Pickens,1107,53.2,91.20763225806452,61.20436129032258,0.37534246575342467,0.39452054794520547,0,0.038356164383561646,0.14520547945205478,76.4146301369863,53.45139397260274
AL,Pike,1109,54.5,91.64050322580646,64.74774838709678,0.37534246575342467,0.44931506849315067,0,0.005479452054794521,0.10136986301369863,78.05633369863014,55.496312328767125
AL,Randolph,1111,57.7,89.14965161290323,59.26465806451613,0.46301369863013697,0.43561643835616437,0,0.04657534246575343,0.16712328767123288,73.58736273972603,51.57853589041096
AL,Russell,1113,50.5,92.84336774193548,63.83584516129032,0.3917808219178082,0.42191780821917807,0,0.00821917808219178,0.11232876712328767,78.01979616438356,54.02038136986302
AL,St. Clair,1115,57.4,89.85769032258065,59.40128387096774,0.42191780821917807,0.41643835616438357,0,0.04657534246575343,0.16712328767123288,74.3338005479452,51.67607616438356
AL,Shelby,1117,52.1,91.09208387096774,60.751574193548386,0.38904109589041097,0.4,0,0.03287671232876712,0.14794520547945206,75.83214520547945,54.05316602739726
AL,Sumter,1119,59.4,91.74693548387097,62.62003225806452,0.36712328767123287,0.410958904109589,0,0.021917808219178082,0.136986301369863,77.36908383561644,54.03205917808219
AL,Talladega,1121,58.7,90.94326451612903,60.781303225806454,0.39452054794520547,0.410958904109589,0,0.030136986301369864,0.14520547945205478,75.61607616438356,51.80497589041096
AL,Tallapoosa,1123,60.4,90.51707096774193,61.42547096774194,0.4191780821917808,0.4383561643835616,0,0.01643835616438356,0.14794520547945206,75.6381002739726,52.36028821917808
AL,Tuscaloosa,1125,48.7,91.211,61.17410967741935,0.36712328767123287,0.4,0,0.03287671232876712,0.1506849315068493,76.29879397260274,53.46858520547945
AL,Walker,1127,53.5,90.55963225806451,59.65038064516129,0.37534246575342467,0.3972602739726027,0,0.043835616438356165,0.1643835616438356,75.02763397260274,51.05737917808219
AL,Washington,1129,60.8,93.23605806451613,66.11865161290322,0.3424657534246575,0.3917808219178082,0,0.0027397260273972603,0.10410958904109589,79.88379726027398,55.58305753424658
AL,Wilcox,1131,59.6,92.86403870967742,63.683367741935484,0.3561643835616438,0.41643835616438357,0,0.010958904109589041,0.13150684931506848,78.04222465753425,54.14749095890411
AL,Winston,1133,57.7,88.59258064516129,58.28296129032258,0.3863013698630137,0.4383561643835616,0.010958904109589041,0.052054794520547946,0.19726027397260273,73.28809917808219,50.29971726027397
AZ,Apache,4001,10.8,92.9079935483871,41.06584516129032,0.3589041095890411,0.2821917808219178,0.08767123287671233,0.273972602739726,0.4054794520547945,65.36249698630137,36.8063106849315
AZ,Cochise,4003,9,98.85356774193548,57.09809677419355,0.35342465753424657,0.3315068493150685,0,0.03287671232876712,0.1506849315068493,77.40874301369863,46.64112109589041
AZ,Coconino,4005,14.3,94.9739870967742,41.317729032258065,0.32602739726027397,0.30684931506849317,0.07123287671232877,0.25205479452054796,0.40273972602739727,66.37708547945205,38.58036109589041
AZ,Gila,4007,17.9,98.94594838709678,49.52009677419355,0.29041095890410956,0.3315068493150685,0.010958904109589041,0.10136986301369863,0.27945205479452057,73.24861753424658,46.094991232876716
AZ,Graham,4009,11.1,100.31632903225807,53.29928387096774,0.30684931506849317,0.3150684931506849,0.00821917808219178,0.06301369863013699,0.2191780821917808,75.93761041095891,46.98279561643836
AZ,Greenlee,4011,12.8,96.17987096774193,49.06208387096774,0.3095890410958904,0.3287671232876712,0.01643835616438356,0.1095890410958904,0.3150684931506849,71.5855506849315,42.998261369863016
AZ,La Paz,4012,4.8,110.98957419354838,62.00965806451613,0.3698630136986301,0.1917808219178082,0,0,0.052054794520547946,85.00970904109589,56.40942520547945
AZ,Maricopa,4013,6.4,109.38507741935484,61.21504516129032,0.3506849315068493,0.21095890410958903,0,0.0027397260273972603,0.07671232876712329,84.65367890410958,58.722617534246574
AZ,Mohave,4015,10.5,102.35021290322581,49.64017419354839,0.27671232876712326,0.29863013698630136,0.005479452054794521,0.08767123287671233,0.2876712328767123,74.16096109589041,49.200035616438356
AZ,Navajo,4017,9.8,95.67180645161291,43.21812258064516,0.2958904109589041,0.30684931506849317,0.06301369863013699,0.2328767123287671,0.3917808219178082,67.59665205479452,38.29104931506849
AZ,Pima,4019,8.6,106.21138709677419,62.209748387096774,0.3506849315068493,0.2273972602739726,0,0.005479452054794521,0.07671232876712329,83.80521315068493,53.203748493150684
AZ,Pinal,4021,9.7,108.00970322580645,60.73897419354839,0.34794520547945207,0.19452054794520549,0,0.00821917808219178,0.08493150684931507,84.05554136986301,55.39779068493151
AZ,Santa Cruz,4023,11.9,97.83726451612903,58.282612903225804,0.3780821917808219,0.31232876712328766,0.0027397260273972603,0.03561643835616438,0.13150684931506848,77.91273808219178,47.439098082191784
AZ,Yavapai,4025,15.1,99.26843870967743,49.42725161290323,0.3095890410958904,0.3287671232876712,0.0136986301369863,0.09315068493150686,0.2684931506849315,73.23863616438356,45.87760547945206
AZ,Yuma,4027,4,110.52285161290322,64.8473870967742,0.37534246575342467,0.20821917808219179,0,0,0.024657534246575342,86.49543890410959,58.72167068493151
AR,Arkansas,5001,52.9,90.73963225806452,57.24790322580645,0.3506849315068493,0.3589041095890411,0.0136986301369863,0.06575342465753424,0.2054794520547945,74.61761863013699,55.31102082191781
AR,Ashley,5003,51,92.32235483870967,60.96757419354839,0.3561643835616438,0.3452054794520548,0.00821917808219178,0.03287671232876712,0.16986301369863013,76.99935397260273,54.71830794520548
AR,Baxter,5005,50.3,90.1120129032258,51.82096129032258,0.3452054794520548,0.3698630136986301,0.024657534246575342,0.1232876712328767,0.27945205479452057,71.31928876712328,48.735201643835616
AR,Benton,5007,50.4,89.57526451612904,52.0605935483871,0.3315068493150685,0.3698630136986301,0.04657534246575343,0.1232876712328767,0.2876712328767123,70.82621698630138,48.78972438356164
AR,Boone,5009,44,89.77221935483871,51.64235483870968,0.3643835616438356,0.3698630136986301,0.03287671232876712,0.13972602739726028,0.2876712328767123,70.49494301369863,48.62867123287671
AR,Bradley,5011,57.3,91.77190322580645,60.885064516129034,0.36712328767123287,0.3643835616438356,0.00821917808219178,0.03561643835616438,0.16712328767123288,76.49156657534246,53.827401643835614
AR,Calhoun,5013,59.1,91.66785161290323,60.71116129032258,0.38082191780821917,0.3698630136986301,0.00821917808219178,0.03287671232876712,0.16712328767123288,76.2001391780822,52.997083835616436
AR,Carroll,5015,46.8,89.57491612903226,52.11209677419355,0.3287671232876712,0.3726027397260274,0.0410958904109589,0.12602739726027398,0.28493150684931506,70.82988109589041,48.70707726027397
AR,Chicot,5017,45.3,92.9924193548387,59.90534193548387,0.3315068493150685,0.3315068493150685,0.00821917808219178,0.049315068493150684,0.1863013698630137,76.86609479452055,55.512650410958905
AR,Clark,5019,61.5,90.90383870967742,58.9131935483871,0.3780821917808219,0.33424657534246577,0.010958904109589041,0.04657534246575343,0.19452054794520549,74.77909589041096,51.90987890410959
AR,Clay,5021,48.5,89.17287741935483,52.1824129032258,0.3095890410958904,0.3726027397260274,0.019178082191780823,0.12054794520547946,0.2821917808219178,71.41340164383561,51.316199452054796
AR,Cleburne,5023,59.3,89.70643225806451,53.59564516129032,0.36164383561643837,0.3726027397260274,0.019178082191780823,0.0821917808219178,0.2547945205479452,72.13298739726028,51.07834794520548
AR,Cleveland,5025,54.5,90.6607806451613,59.28527096774194,0.3726027397260274,0.3726027397260274,0.00821917808219178,0.043835616438356165,0.1863013698630137,75.3195791780822,52.99463780821918
AR,Columbia,5027,58.5,92.01443870967742,61.556812903225804,0.38904109589041097,0.34794520547945207,0.00821917808219178,0.0273972602739726,0.14520547945205478,76.80634958904109,53.51659835616439
AR,Conway,5029,54.8,92.53730967741936,55.83176774193549,0.3287671232876712,0.3150684931506849,0.0136986301369863,0.06575342465753424,0.22465753424657534,74.25156273972603,50.452041643835614
AR,Craighead,5031,51.2,89.44456129032258,53.0676064516129,0.32602739726027397,0.36712328767123287,0.019178082191780823,0.10410958904109589,0.25753424657534246,72.06467616438356,52.28963452054794
AR,Crawford,5033,44.4,91.19665806451613,54.10382580645161,0.3095890410958904,0.3452054794520548,0.021917808219178082,0.10410958904109589,0.26301369863013696,72.75982630136987,50.83607780821918
AR,Crittenden,5035,48.9,89.72605806451612,55.1624,0.3287671232876712,0.38082191780821917,0.019178082191780823,0.08767123287671233,0.24383561643835616,72.72492602739726,53.392161643835614
AR,Cross,5037,47.3,90.06863870967742,55.06810322580645,0.3315068493150685,0.3835616438356164,0.01643835616438356,0.0958904109589041,0.2356164383561644,73.018912876712335,53.812848767123285
AR,Dallas,5039,57.7,90.97862580645162,59.046916129032255,0.38082191780821917,0.36164383561643837,0.00821917808219178,0.043835616438356165,0.18356164383561643,75.08013479452055,52.33268164383561
AR,Desha,5041,46.5,91.26923870967742,58.57032258064516,0.3424657534246575,0.3726027397260274,0.00821917808219178,0.0547945205479452,0.2,75.43091780821918,55.448432328767126
AR,Drew,5043,53.7,92.17063225806451,59.92978709677419,0.3424657534246575,0.3452054794520548,0.00821917808219178,0.038356164383561646,0.18356164383561643,76.49478684931506,55.088836712328764
AR,Faulkner,5045,56.4,92.26707741935483,55.6088,0.33424657534246577,0.3095890410958904,0.0136986301369863,0.06301369863013699,0.23013698630136986,74.33344547945205,51.687374246575345
AR,Franklin,5047,49.1,91.4814064516129,54.25014838709677,0.3150684931506849,0.3424657534246575,0.019178082191780823,0.09863013698630137,0.25753424657534246,72.82521808219178,51.213180273972604
AR,Fulton,5049,44.1,90.36105161290322,50.70165161290323,0.3452054794520548,0.3643835616438356,0.0273972602739726,0.13972602739726028,0.27671232876712326,71.09842136986302,48.103554520547945
AR,Garland,5051,66.1,91.23573548387097,56.87809032258065,0.3506849315068493,0.32054794520547947,0.01643835616438356,0.06301369863013699,0.2273972602739726,74.12334356164384,50.30033369863013
AR,Grant,5053,56.7,91.62023870967742,58.48485161290323,0.3561643835616438,0.3287671232876712,0.00821917808219178,0.04657534246575343,0.19726027397260273,75.41713424657534,52.60055123287671
AR,Greene,5055,49.6,89.24708387096774,52.510187096774196,0.3232876712328767,0.3589041095890411,0.01643835616438356,0.11232876712328767,0.2684931506849315,71.6615797260274,51.623634520547945
AR,Hempstead,5057,60.6,90.89286451612904,60.38803225806451,0.410958904109589,0.3643835616438356,0.00821917808219178,0.04657534246575343,0.16712328767123288,75.34283123287672,52.702692602739724
AR,Hot Spring,5059,62.5,90.89402580645161,57.728445161290324,0.34794520547945207,0.3232876712328767,0.010958904109589041,0.0547945205479452,0.2219178082191781,74.3730602739726,51.87380493150685
AR,Howard,5061,63.1,90.85883870967741,58.921787096774196,0.38904109589041097,0.3452054794520548,0.0136986301369863,0.04657534246575343,0.20273972602739726,74.65812109589041,51.216168767123285
AR,Independence,5063,54.9,90.05615483870967,53.12810967741935,0.35342465753424657,0.3424657534246575,0.021917808219178082,0.09315068493150686,0.2547945205479452,71.92159342465753,50.57361808219178
AR,Izard,5065,49.4,90.23940645161291,52.093748387096774,0.3424657534246575,0.36164383561643837,0.0273972602739726,0.1178082191780822,0.26301369863013696,71.68733205479452,48.60059123287671
AR,Jackson,5067,53,89.74899354838709,53.137864516129035,0.34794520547945207,0.3589041095890411,0.019178082191780823,0.10136986301369863,0.25753424657534246,71.94326246575342,52.64829808219178
AR,Jefferson,5069,50.3,91.5201935483871,58.03531612903226,0.3561643835616438,0.33424657534246577,0.00821917808219178,0.052054794520547946,0.2,75.20585369863014,54.35689753424658
AR,Johnson,5071,53.2,89.94002580645162,53.095651612903225,0.33972602739726027,0.3506849315068493,0.0273972602739726,0.1095890410958904,0.27671232876712326,71.56851726027398,51.10513095890411
AR,Lafayette,5073,57.6,92.25981935483871,61.55483870967742,0.3972602739726027,0.3287671232876712,0.00821917808219178,0.03287671232876712,0.15342465753424658,76.75197479452055,53.59349534246575
AR,Lawrence,5075,50.8,89.25811612903226,51.8769935483871,0.3315068493150685,0.3561643835616438,0.021917808219178082,0.1178082191780822,0.27945205479452057,71.32396383561644,51.16935397260274
AR,Lee,5077,47.1,90.45023870967742,56.029709677419355,0.3315068493150685,0.3643835616438356,0.019178082191780823,0.07671232876712329,0.22465753424657534,73.66974849315069,54.072862465753424
AR,Lincoln,5079,51.4,91.63254838709678,58.856754838709676,0.3452054794520548,0.3561643835616438,0.00821917808219178,0.0410958904109589,0.1917808219178082,75.95189205479453,54.986902465753424
AR,Little River,5081,62.8,92.12406451612904,61.154483870967745,0.3780821917808219,0.3232876712328767,0.010958904109589041,0.043835616438356165,0.17534246575342466,76.10446794520549,54.064745205479454
AR,Logan,5083,50.9,92.32630322580644,55.00823870967742,0.3150684931506849,0.32054794520547947,0.01643835616438356,0.08493150684931507,0.24383561643835616,73.7030805479452,51.224424109589044
AR,Lonoke,5085,55.1,90.48153548387097,56.09131612903226,0.3315068493150685,0.3424657534246575,0.010958904109589041,0.06575342465753424,0.2273972602739726,73.82082520547945,53.930706849315065
AR,Madison,5087,44.5,88.27096129032259,51.981045161290325,0.3506849315068493,0.3726027397260274,0.052054794520547946,0.1232876712328767,0.3041095890410959,70.15307123287671,49.331657534246574
AR,Marion,5089,44.8,90.41685161290323,52.14664516129032,0.3232876712328767,0.36164383561643837,0.024657534246575342,0.11506849315068493,0.2876712328767123,71.39970191780822,48.34754082191781
AR,Miller,5091,55.9,92.79343225806451,61.8296,0.3972602739726027,0.31232876712328766,0.00821917808219178,0.030136986301369864,0.1506849315068493,76.85039287671233,54.11026794520548
AR,Mississippi,5093,52,89.30067741935484,53.699638709677416,0.33424657534246577,0.38082191780821917,0.01643835616438356,0.10136986301369863,0.2465753424657534,72.25999342465754,52.56830904109589
AR,Monroe,5095,49.9,90.79026451612903,56.20355483870968,0.3424657534246575,0.3561643835616438,0.0136986301369863,0.06575342465753424,0.2191780821917808,74.02623232876712,54.62220767123288
AR,Montgomery,5097,69.7,90.75623870967742,56.49167096774193,0.3917808219178082,0.3506849315068493,0.01643835616438356,0.07397260273972603,0.23013698630136986,73.17580876712329,50.45118849315068
AR,Nevada,5099,58.6,90.92543870967742,60.48929677419355,0.40821917808219177,0.3589041095890411,0.00821917808219178,0.043835616438356165,0.16712328767123288,75.48408931506849,52.58872054794521
AR,Newton,5101,48,87.28763870967742,50.38392258064516,0.3698630136986301,0.37534246575342467,0.0410958904109589,0.13424657534246576,0.30684931506849317,68.9831106849315,48.88432547945205
AR,Ouachita,5103,60,91.38769032258064,60.76231612903226,0.4,0.36164383561643837,0.00821917808219178,0.03287671232876712,0.1643835616438356,76.05558684931506,52.74766301369863
AR,Perry,5105,55.8,91.90458064516129,56.47506451612903,0.3287671232876712,0.3178082191780822,0.010958904109589041,0.06575342465753424,0.23013698630136986,74.28663561643836,51.09841917808219
AR,Phillips,5107,49.6,91.05486451612903,56.94074193548387,0.34794520547945207,0.3589041095890411,0.01643835616438356,0.06575342465753424,0.21095890410958903,74.47233643835617,54.45676547945205
AR,Pike,5109,73.3,90.27825161290322,57.99176774193548,0.3917808219178082,0.34794520547945207,0.0136986301369863,0.052054794520547946,0.21643835616438356,73.76055726027397,50.652482739726025
AR,Poinsett,5111,50.1,89.49519354838709,53.75416129032258,0.33424657534246577,0.3863013698630137,0.019178082191780823,0.10136986301369863,0.24383561643835616,72.37486301369863,53.0466898630137
AR,Polk,5113,66.1,88.78210322580645,55.21094193548387,0.3972602739726027,0.3452054794520548,0.021917808219178082,0.08493150684931507,0.25205479452054796,71.77203561643836,50.73896657534247
AR,Pope,5115,55.4,90.85401935483871,53.557206451612906,0.32054794520547947,0.34794520547945207,0.0273972602739726,0.0958904109589041,0.2684931506849315,72.4384991780822,50.47639835616438
AR,Prairie,5117,51.5,91.22708387096775,55.704606451612904,0.3315068493150685,0.34794520547945207,0.0136986301369863,0.06301369863013699,0.23013698630136986,73.95022794520548,54.48769095890411
AR,Pulaski,5119,58,91.14486451612903,57.04310967741936,0.3424657534246575,0.32054794520547947,0.010958904109589041,0.057534246575342465,0.2136986301369863,74.34981808219177,53.1770098630137
AR,Randolph,5121,50.7,89.59007096774194,51.463109677419354,0.3287671232876712,0.34794520547945207,0.021917808219178082,0.1178082191780822,0.27945205479452057,71.37061589041096,49.86972931506849
AR,St. Francis,5123,45.1,89.67798064516128,55.75849032258064,0.33424657534246577,0.3780821917808219,0.019178082191780823,0.0821917808219178,0.2328767123287671,73.07205479452055,53.683327671232874
AR,Saline,5125,63,90.54250322580646,56.89545161290322,0.3424657534246575,0.3287671232876712,0.010958904109589041,0.06027397260273973,0.2191780821917808,74.10323780821918,52.253777534246574
AR,Scott,5127,59.2,91.3144129032258,55.60961290322581,0.336986301369863,0.33424657534246577,0.019178082191780823,0.07123287671232877,0.24383561643835616,73.29319342465753,50.31717479452055
AR,Searcy,5129,53.8,89.14727096774193,51.62238064516129,0.3561643835616438,0.36712328767123287,0.03561643835616438,0.13150684931506848,0.29041095890410956,70.49550520547945,48.39512493150685
AR,Sebastian,5131,49.4,92.81352258064516,55.99092258064516,0.3232876712328767,0.31232876712328766,0.01643835616438356,0.07671232876712329,0.2273972602739726,74.39507452054795,51.3794904109589
AR,Sevier,5133,62.7,91.0880193548387,59.74334193548387,0.39452054794520547,0.3315068493150685,0.00821917808219178,0.043835616438356165,0.1863013698630137,75.25438465753425,52.11774191780822
AR,Sharp,5135,51.1,89.8308064516129,51.374445161290325,0.3424657534246575,0.3452054794520548,0.021917808219178082,0.1232876712328767,0.27123287671232876,71.41384547945205,48.72627068493151
AR,Stone,5137,59.6,89.87731612903225,52.381167741935485,0.3643835616438356,0.3643835616438356,0.024657534246575342,0.1095890410958904,0.2684931506849315,71.37369808219178,49.184797260273974
AR,Union,5139,58.3,92.24489677419355,61.487367741935486,0.3698630136986301,0.3506849315068493,0.00821917808219178,0.0273972602739726,0.15616438356164383,76.93363671232876,54.03302082191781
AR,Van Buren,5141,61.1,89.72263225806452,52.76770322580645,0.3780821917808219,0.3561643835616438,0.024657534246575342,0.10136986301369863,0.27123287671232876,71.39579123287672,48.95058520547945
AR,Washington,5143,46.8,89.13275483870967,52.29041290322581,0.3506849315068493,0.3561643835616438,0.04657534246575343,0.12054794520547946,0.29315068493150687,70.7958191780822,49.276306301369864
AR,White,5145,53.6,91.14776774193548,54.7110064516129,0.33972602739726027,0.33424657534246577,0.0136986301369863,0.07123287671232877,0.23835616438356164,73.23434082191781,52.53721095890411
AR,Woodruff,5147,48.2,91.45492903225806,54.966258064516126,0.33424657534246577,0.3315068493150685,0.01643835616438356,0.07397260273972603,0.23013698630136986,73.51930301369863,53.78048821917808
AR,Yell,5149,51.9,92.37722580645162,56.14926451612903,0.3232876712328767,0.32054794520547947,0.01643835616438356,0.0684931506849315,0.2410958904109589,74.16942356164384,50.79094465753425
CA,Alameda,6001,26.6,83.43023870967743,55.86724516129032,0.5150684931506849,0.2328767123287671,0,0.03561643835616438,0.3013698630136986,67.83486356164384,48.98953424657534
CA,Alpine,6003,54.9,76.67286451612904,33.084645161290325,0.3287671232876712,0.06301369863013699,0.27671232876712326,0.4794520547945205,0.6520547945205479,51.9659205479452,30.24579397260274
CA,Amador,6005,45.6,91.20507741935484,50.382412903225806,0.3287671232876712,0.26301369863013696,0.01643835616438356,0.136986301369863,0.40821917808219177,67.29766465753424,45.607704109589044
CA,Butte,6007,45.3,93.8295935483871,52.47186451612903,0.3232876712328767,0.28493150684931506,0,0.07671232876712329,0.3506849315068493,70.17791123287671,49.11814794520548
CA,Calaveras,6009,42.6,93.35671612903226,51.561703225806454,0.33424657534246577,0.26301369863013696,0.0136986301369863,0.09041095890410959,0.3835616438356164,68.92180219178083,47.01437205479452
CA,Colusa,6011,27,94.31303870967741,54.67401935483871,0.33424657534246577,0.29041095890410956,0,0.043835616438356165,0.3013698630136986,72.48192602739726,48.66445917808219
CA,Contra Costa,6013,28.1,87.77671612903225,55.96287741935484,0.4876712328767123,0.25753424657534246,0,0.024657534246575342,0.2876712328767123,69.58700821917809,48.998198904109586
CA,Del Norte,6015,93.8,78.96316129032257,48.22293548387097,0.4,0.1863013698630137,0.021917808219178082,0.22465753424657534,0.5095890410958904,61.40212712328767,43.676417534246575
CA,El Dorado,6017,56.4,86.93344516129032,45.68162580645161,0.3506849315068493,0.2410958904109589,0.057534246575342465,0.2547945205479452,0.4794520547945205,62.53930301369863,42.35477369863014
CA,Fresno,6019,31.9,90.07578064516129,48.270896774193545,0.3232876712328767,0.26575342465753427,0.0136986301369863,0.14794520547945206,0.4246575342465753,66.35032712328767,43.8631194520548
CA,Glenn,6021,31.2,93.65313548387097,53.19813548387097,0.31232876712328766,0.29315068493150687,0.0027397260273972603,0.0821917808219178,0.3424657534246575,71.01830410958904,48.77556109589041
CA,Humboldt,6023,74.8,80.72390967741936,50.77725161290323,0.4,0.20821917808219179,0.01643835616438356,0.18904109589041096,0.473972602739726,63.01730904109589,44.58582191780822
CA,Imperial,6025,3.6,110.52836774193548,65.63979354838709,0.40273972602739727,0.23013698630136986,0,0,0.010958904109589041,86.21205972602739,59.58443287671233
CA,Inyo,6027,12.6,98.51307741935484,47.53765806451613,0.26301369863013696,0.29863013698630136,0.0136986301369863,0.14520547945205478,0.3726027397260274,70.25921205479452,47.563416438356164
CA,Kern,6029,16.6,95.91004516129033,52.53492258064516,0.36164383561643837,0.29863013698630136,0,0.07945205479452055,0.3013698630136986,71.28728821917808,49.24645095890411
CA,Kings,6031,11.9,99.74735483870968,57.51987741935484,0.3835616438356164,0.2547945205479452,0,0.010958904109589041,0.1863013698630137,76.24518849315068,50.59977479452055
CA,Lake,6033,49.8,92.25738064516129,51.183877419354836,0.31232876712328766,0.25753424657534246,0.00821917808219178,0.12876712328767123,0.3972602739726027,67.85463890410959,45.81766301369863
CA,Lassen,6035,20.1,87.3387935483871,36.98298064516129,0.29041095890410956,0.21643835616438356,0.17534246575342466,0.410958904109589,0.536986301369863,58.79888821917808,33.57463506849315
CA,Los Angeles,6037,31,89.56005161290322,54.8762,0.4986301369863014,0.27945205479452057,0,0.0410958904109589,0.26575342465753427,69.73968767123287,50.4626098630137
CA,Madera,6039,35,91.23956774193549,48.594954838709675,0.32602739726027397,0.27671232876712326,0.01643835616438356,0.14246575342465753,0.40273972602739727,67.12550082191781,45.01707232876712
CA,Marin,6041,47.2,76.78307096774193,56.63276774193548,0.5780821917808219,0.14246575342465753,0,0.021917808219178082,0.3452054794520548,65.07981315068493,47.46495890410959
CA,Mariposa,6043,45,90.1328,46.90370967741936,0.3287671232876712,0.2410958904109589,0.03287671232876712,0.18904109589041096,0.4273972602739726,65.51905260273972,45.41086301369863
CA,Mendocino,6045,59.9,87.37136774193549,52.218935483870965,0.3698630136986301,0.27945205479452057,0.00821917808219178,0.12602739726027398,0.4054794520547945,66.23708,44.463022465753426
CA,Merced,6047,16.2,97.18676774193548,56.25685806451613,0.3726027397260274,0.2876712328767123,0,0.010958904109589041,0.2328767123287671,74.30921205479451,49.26601917808219
CA,Modoc,6049,18,87.64212258064516,37.401161290322584,0.29315068493150687,0.2273972602739726,0.18356164383561643,0.4,0.5342465753424658,59.07929369863014,33.950603287671235
CA,Mono,6051,28.8,79.82942580645161,31.726167741935484,0.37534246575342467,0.12054794520547946,0.27671232876712326,0.44931506849315067,0.589041095890411,53.402404383561645,31.058363287671234
CA,Monterey,6053,31.7,88.65772903225806,56.078309677419355,0.5150684931506849,0.2876712328767123,0,0.0410958904109589,0.27123287671232876,69.72839452054795,46.36622904109589
CA,Napa,6055,40.4,90.41615483870967,55.567516129032256,0.410958904109589,0.30684931506849317,0,0.04657534246575343,0.29863013698630136,70.40539178082192,47.26210136986301
CA,Nevada,6057,55.1,87.29797419354838,44.90303870967742,0.3232876712328767,0.24383561643835616,0.06027397260273973,0.26575342465753427,0.4849315068493151,62.66401095890411,40.952785753424656
CA,Orange,6059,25.5,82.54365161290322,60.10955483870968,0.663013698630137,0.29863013698630136,0,0.0027397260273972603,0.15342465753424658,70.44097753424657,53.173700821917805
CA,Placer,6061,51.7,87.69258064516129,45.71187741935484,0.3232876712328767,0.25753424657534246,0.052054794520547946,0.2356164383561644,0.4821917808219178,63.334853698630134,42.1501506849315
CA,Plumas,6063,45.3,85.49228387096774,38.10989677419355,0.3232876712328767,0.2191780821917808,0.16986301369863013,0.4,0.5315068493150685,58.58185753424657,36.01076493150685
CA,Riverside,6065,10.8,103.47509677419355,58.795903225806455,0.3972602739726027,0.2493150684931507,0,0.005479452054794521,0.1178082191780822,78.94162301369863,55.25200054794521
CA,Sacramento,6067,23,93.67136774193548,56.650129032258064,0.4246575342465753,0.2876712328767123,0,0.024657534246575342,0.23835616438356164,73.07190684931507,48.816344657534245
CA,San Benito,6069,22.4,92.32618709677419,54.32958064516129,0.4328767123287671,0.26575342465753427,0,0.06301369863013699,0.30684931506849317,69.87722246575342,46.68411397260274
CA,San Bernardino,6071,9,103.5811806451613,54.429567741935486,0.3095890410958904,0.2493150684931507,0,0.021917808219178082,0.22465753424657534,76.65859671232877,53.21490849315069
CA,San Diego,6073,23.2,90.9540064516129,57.069993548387096,0.536986301369863,0.3041095890410959,0,0.0273972602739726,0.1917808219178082,71.8768991780822,52.08325095890411
CA,San Francisco,6075,34.4,66.58978709677419,58.046754838709674,0.6356164383561644,0.03561643835616438,0,0.019178082191780823,0.33972602739726027,62.8897901369863,51.362777534246575
CA,San Joaquin,6077,21,93.4682,56.15948387096774,0.4246575342465753,0.29315068493150687,0,0.01643835616438356,0.2328767123287671,73.09633753424657,48.983552328767125
CA,San Luis Obispo,6079,31.5,91.71906451612904,56.37548387096774,0.4958904109589041,0.29041095890410956,0,0.019178082191780823,0.23013698630136986,71.04322794520547,46.18277698630137
CA,San Mateo,6081,40.9,75.49299354838709,57.18641290322581,0.6054794520547945,0.13150684931506848,0,0.0136986301369863,0.32054794520547947,65.42655232876713,48.29793479452055
CA,Santa Barbara,6083,38.4,84.86123870967742,55.57930322580645,0.5808219178082191,0.26301369863013696,0,0.030136986301369864,0.2493150684931507,68.51213205479452,48.60316547945205
CA,Santa Clara,6085,32.5,86.37515483870968,54.74363870967742,0.4876712328767123,0.26301369863013696,0,0.049315068493150684,0.3041095890410959,68.3621698630137,48.32337643835616
CA,Santa Cruz,6087,55.3,78.8890129032258,55.46729677419355,0.5863013698630137,0.2,0,0.03561643835616438,0.31232876712328766,66.1261704109589,47.826551780821916
CA,Shasta,6089,54.7,92.48969677419355,45.96428387096774,0.24383561643835616,0.2684931506849315,0.04657534246575343,0.24383561643835616,0.46301369863013697,65.77722684931507,43.17896164383561
CA,Sierra,6091,53.3,84.14594193548388,37.669535483870966,0.3561643835616438,0.2,0.16712328767123288,0.40821917808219177,0.5342465753424658,58.05255397260274,34.86343506849315
CA,Siskiyou,6093,39.1,87.76632258064517,41.13517419354839,0.2684931506849315,0.26301369863013696,0.13150684931506848,0.38904109589041097,0.5342465753424658,60.52126136986301,38.03482794520548
CA,Solano,6095,27.2,90.67094193548387,56.666038709677416,0.4684931506849315,0.29863013698630136,0,0.024657534246575342,0.2356164383561644,71.66606246575343,48.56910849315069
CA,Sonoma,6097,54.7,84.99165161290323,55.754948387096775,0.5013698630136987,0.2493150684931507,0,0.049315068493150684,0.3150684931506849,67.92245205479452,46.58156821917808
CA,Stanislaus,6099,20.7,94.73406451612904,55.595329032258064,0.3863013698630137,0.29041095890410956,0,0.024657534246575342,0.25753424657534246,72.82060712328767,49.82272712328767
CA,Sutter,6101,23.3,95.60636774193549,56.460258064516125,0.3835616438356164,0.2684931506849315,0,0.024657534246575342,0.2328767123287671,73.9673402739726,48.597750684931505
CA,Tehama,6103,40.7,94.24643870967742,50.60230322580645,0.28493150684931506,0.2684931506849315,0.00821917808219178,0.13150684931506848,0.4,69.07149808219178,47.982091506849315
CA,Trinity,6105,59.1,88.31474193548387,43.6905935483871,0.273972602739726,0.2684931506849315,0.08767123287671233,0.3315068493150685,0.5068493150684932,62.25416328767123,40.75148164383562
CA,Tulare,6107,34.7,87.25907096774193,47.33710322580645,0.37534246575342467,0.273972602739726,0.0273972602739726,0.18356164383561643,0.44931506849315067,64.3074306849315,42.390615890410956
CA,Tuolumne,6109,55.8,82.57512258064516,40.923993548387095,0.3863013698630137,0.16986301369863013,0.11506849315068493,0.3424657534246575,0.5260273972602739,58.723820821917805,38.56452109589041
CA,Ventura,6111,40.6,84.45809677419355,53.63721935483871,0.5232876712328767,0.24383561643835616,0.0027397260273972603,0.07671232876712329,0.30684931506849317,66.91388,48.59125095890411
CA,Yolo,6113,26.6,94.89774838709677,56.1303935483871,0.3972602739726027,0.27945205479452057,0,0.0273972602739726,0.24383561643835616,73.32634301369863,48.49459342465754
CA,Yuba,6115,38.1,95.2712193548387,54.606606451612905,0.3424657534246575,0.29041095890410956,0,0.049315068493150684,0.3150684931506849,71.78329424657534,48.70689479452055
CO,Adams,8001,24.5,87.0358129032258,33.979477419354836,0.32054794520547947,0.273972602739726,0.14520547945205478,0.28493150684931506,0.4191780821917808,63.67574410958904,35.85689205479452
CO,Alamosa,8003,6.3,85.5210258064516,35.785109677419356,0.3452054794520548,0.23835616438356164,0.21095890410958903,0.3589041095890411,0.4767123287671233,59.43658136986301,24.770011506849315
CO,Arapahoe,8005,24.3,85.8150064516129,34.85747096774193,0.33424657534246577,0.2684931506849315,0.14246575342465753,0.273972602739726,0.4246575342465753,63.196406575342465,36.337334246575345
CO,Archuleta,8007,22.8,84.42430322580645,32.91858064516129,0.3561643835616438,0.21095890410958903,0.22465753424657534,0.40273972602739727,0.5178082191780822,57.31875561643836,30.356412602739727
CO,Baca,8009,21.3,90.37597419354839,46.56774838709677,0.35342465753424657,0.29315068493150687,0.0684931506849315,0.16986301369863013,0.3041095890410959,69.75309150684932,39.535253698630136
CO,Bent,8011,21,91.30210322580645,43.36514193548387,0.32054794520547947,0.3013698630136986,0.08767123287671233,0.19452054794520549,0.3150684931506849,69.30090684931507,37.70916602739726
CO,Boulder,8013,24.8,79.31474193548387,33.08801290322581,0.3506849315068493,0.16986301369863013,0.2273972602739726,0.3863013698630137,0.547945205479452,56.15255780821918,32.98812109589041
CO,Broomfield,8014,19,87.57029677419355,37.96334193548387,0.33972602739726027,0.25753424657534246,0.12602739726027398,0.2465753424657534,0.410958904109589,64.4756197260274,37.86777315068493
CO,Chaffee,8015,18.6,75.96395483870968,28.821606451612904,0.3287671232876712,0.07123287671232877,0.34794520547945207,0.4958904109589041,0.663013698630137,50.049137534246576,25.264276712328765
CO,Cheyenne,8017,20.2,88.76996774193549,38.631954838709675,0.31232876712328766,0.29315068493150687,0.12876712328767123,0.2602739726027397,0.38082191780821917,65.97057150684931,35.781987397260274
CO,Clear Creek,8019,25.9,70.23606451612903,24.7784,0.2410958904109589,0.0136986301369863,0.3972602739726027,0.5534246575342465,0.7589041095890411,45.63054684931507,24.510367671232878
CO,Conejos,8021,16.3,80.0528,32.458129032258064,0.3863013698630137,0.16712328767123288,0.2684931506849315,0.4136986301369863,0.5616438356164384,54.75914082191781,25.565167671232878
CO,Costilla,8023,10.9,81.70549032258064,34.15314838709678,0.36164383561643837,0.18904109589041096,0.2493150684931507,0.40273972602739727,0.5424657534246575,55.75841698630137,26.86510794520548
CO,Crowley,8025,13.5,92.07534838709677,42.542135483870965,0.30684931506849317,0.2821917808219178,0.09315068493150686,0.2054794520547945,0.35342465753424657,68.53335232876712,35.33050794520548
CO,Custer,8027,20.4,78.10113548387096,32.99830322580645,0.3643835616438356,0.14520547945205478,0.2410958904109589,0.4328767123287671,0.5945205479452055,53.963195616438355,27.77158301369863
CO,Delta,8029,17.5,88.80887096774194,35.24615483870968,0.29863013698630136,0.25753424657534246,0.2191780821917808,0.40273972602739727,0.4986301369863014,59.78756657534247,33.6329698630137
CO,Denver,8031,22.5,87.03883225806452,38.33965806451613,0.34794520547945207,0.26301369863013696,0.1232876712328767,0.23835616438356164,0.3917808219178082,64.77304383561643,38.809173150684934
CO,Dolores,8033,22.8,82.82050322580645,30.84323870967742,0.3643835616438356,0.17534246575342466,0.26575342465753427,0.42191780821917807,0.547945205479452,54.9643802739726,30.171791780821916
CO,Douglas,8035,26.7,81.17245806451614,37.25826451612903,0.3835616438356164,0.22465753424657534,0.15616438356164383,0.3095890410958904,0.473972602739726,59.88678849315068,33.45514465753425
CO,Eagle,8037,22.5,77.88873548387097,28.639864516129034,0.3698630136986301,0.1095890410958904,0.3698630136986301,0.4821917808219178,0.6,51.040459178082195,26.527319452054794
CO,Elbert,8039,26,84.15174838709677,35.77895483870968,0.3780821917808219,0.2465753424657534,0.1643835616438356,0.2958904109589041,0.4383561643835616,61.95346465753425,34.461852602739725
CO,El Paso,8041,22.5,83.20471612903226,38.20163870967742,0.4,0.23013698630136986,0.15342465753424658,0.28493150684931506,0.4410958904109589,61.1844701369863,34.65525150684932
CO,Fremont,8043,17.6,83.72590322580645,38.15791612903226,0.36712328767123287,0.2219178082191781,0.14794520547945206,0.3287671232876712,0.4767123287671233,59.80430410958904,33.01143232876712
CO,Garfield,8045,23.4,82.24229677419355,30.458851612903224,0.3698630136986301,0.19452054794520549,0.3232876712328767,0.4465753424657534,0.5452054794520548,54.15332,31.49140876712329
CO,Gilpin,8047,26.3,72.97264516129032,29.248322580645162,0.32054794520547947,0.0684931506849315,0.32054794520547947,0.5068493150684932,0.6657534246575343,49.611979178082194,28.171799452054795
CO,Grand,8049,22.3,74.19734193548388,25.525167741935483,0.35342465753424657,0.07123287671232877,0.4054794520547945,0.5041095890410959,0.6356164383561644,48.38654904109589,23.349954520547946
CO,Gunnison,8051,23.5,77.66553548387097,26.59953548387097,0.35342465753424657,0.10684931506849316,0.39452054794520547,0.4876712328767123,0.6273972602739726,50.35223287671233,24.66478301369863
CO,Hinsdale,8053,27.6,72.54186451612904,25.350393548387096,0.26301369863013696,0.01643835616438356,0.3972602739726027,0.5397260273972603,0.736986301369863,46.88299178082192,22.374413698630136
CO,Huerfano,8055,15.2,85.40791612903226,39.47923225806451,0.3452054794520548,0.2191780821917808,0.13150684931506848,0.3041095890410959,0.473972602739726,60.64028328767123,33.65694191780822
CO,Jackson,8057,24.7,73.8360064516129,25.052290322580646,0.3561643835616438,0.07671232876712329,0.40821917808219177,0.5041095890410959,0.6246575342465753,48.22668438356165,22.35984109589041
CO,Jefferson,8059,24.6,79.88185806451612,36.15341290322581,0.38082191780821917,0.19726027397260273,0.1726027397260274,0.3424657534246575,0.5041095890410959,58.14491616438356,32.834923835616436
CO,Kiowa,8061,19.2,89.64424516129031,41.12065806451613,0.3178082191780822,0.2958904109589041,0.10410958904109589,0.2273972602739726,0.34794520547945207,67.51955287671232,36.14259397260274
CO,Kit Carson,8063,23.4,86.3713806451613,34.24872258064516,0.336986301369863,0.29041095890410956,0.1643835616438356,0.29315068493150687,0.4054794520547945,63.72241589041096,36.22763287671233
CO,Lake,8065,21.8,71.10726451612904,23.938670967741935,0.2410958904109589,0.00821917808219178,0.42191780821917807,0.5643835616438356,0.7589041095890411,45.211191232876715,20.733780273972602
CO,La Plata,8067,21.1,85.3056064516129,33.151187096774194,0.3506849315068493,0.20821917808219179,0.21643835616438356,0.39452054794520547,0.5068493150684932,57.64878191780822,30.99178794520548
CO,Larimer,8069,23.8,77.32742580645161,30.73465806451613,0.3452054794520548,0.14246575342465753,0.27123287671232876,0.4273972602739726,0.5726027397260274,53.97675232876713,30.233928767123288
CO,Las Animas,8071,17.9,88.95403225806452,43.851490322580645,0.3780821917808219,0.26301369863013696,0.08767123287671233,0.20273972602739726,0.3698630136986301,66.05790356164384,36.089496438356164
CO,Lincoln,8073,21.1,87.05810967741935,36.50911612903226,0.3452054794520548,0.29863013698630136,0.12876712328767123,0.26575342465753427,0.3972602739726027,64.41328547945206,34.812398904109585
CO,Logan,8075,24,85.95366451612904,30.715729032258064,0.3232876712328767,0.273972602739726,0.21095890410958903,0.32602739726027397,0.4273972602739726,62.28421095890411,35.131023561643836
CO,Mesa,8077,16,88.49625161290322,34.52058064516129,0.2958904109589041,0.2410958904109589,0.21095890410958903,0.40821917808219177,0.5041095890410959,59.21125589041096,34.77144273972603
CO,Mineral,8079,28.3,74.05711612903227,26.7638,0.27123287671232876,0.038356164383561646,0.3726027397260274,0.5123287671232877,0.726027397260274,48.42049260273973,23.069297534246576
CO,Moffat,8081,14.9,85.7781935483871,28.736890322580646,0.3150684931506849,0.2356164383561644,0.3452054794520548,0.44931506849315067,0.5287671232876713,55.50599287671233,30.45229095890411
CO,Montezuma,8083,16.9,89.74847096774194,35.76165161290323,0.3287671232876712,0.2191780821917808,0.18082191780821918,0.36712328767123287,0.4712328767123288,60.84262794520548,34.93622410958904
CO,Montrose,8085,14.8,89.47144516129032,35.810658064516126,0.3150684931506849,0.2547945205479452,0.18904109589041096,0.3917808219178082,0.4794520547945205,60.448112328767124,33.95103232876712
CO,Morgan,8087,24.5,86.58592903225806,30.999490322580645,0.32054794520547947,0.28493150684931506,0.18904109589041096,0.29863013698630136,0.41643835616438357,63.11416383561644,33.63270849315069
CO,Otero,8089,17.2,92.23967096774193,43.884006451612905,0.32602739726027397,0.3013698630136986,0.08493150684931507,0.18904109589041096,0.3232876712328767,69.32078082191781,36.82681095890411
CO,Ouray,8091,22.6,80.8038064516129,30.874651612903225,0.3698630136986301,0.15616438356164383,0.2876712328767123,0.4438356164383562,0.5726027397260274,53.62886904109589,28.102122191780822
CO,Park,8093,19.3,75.43109677419355,28.617567741935485,0.3506849315068493,0.08493150684931507,0.3452054794520548,0.4767123287671233,0.6383561643835617,50.258889315068494,23.389110684931506
CO,Phillips,8095,22.8,86.07803870967741,31.93525806451613,0.30684931506849317,0.2876712328767123,0.2054794520547945,0.32602739726027397,0.4301369863013699,62.91074410958904,35.67298136986302
CO,Pitkin,8097,29.8,74.46124516129032,26.614167741935482,0.3178082191780822,0.043835616438356165,0.40273972602739727,0.5260273972602739,0.6767123287671233,48.06351068493151,24.637595616438357
CO,Prowers,8099,20.5,89.66509032258065,42.79518064516129,0.336986301369863,0.29863013698630136,0.08767123287671233,0.2054794520547945,0.3232876712328767,68.57534904109589,37.8373901369863
CO,Pueblo,8101,15.8,90.67448387096773,44.10552258064516,0.3561643835616438,0.27945205479452057,0.08767123287671233,0.20273972602739726,0.36164383561643837,67.16318739726027,37.378883287671236
CO,Rio Blanco,8103,18.8,85.1301935483871,30.121206451612903,0.33424657534246577,0.21643835616438356,0.32602739726027397,0.4328767123287671,0.5232876712328767,55.75799780821918,30.834413698630136
CO,Rio Grande,8105,14.8,79.51959354838709,32.03698709677419,0.3835616438356164,0.15616438356164383,0.28493150684931506,0.4273972602739726,0.5726027397260274,54.13466410958904,24.87330191780822
CO,Routt,8107,27.4,78.10270322580645,27.53530322580645,0.3589041095890411,0.12602739726027398,0.3780821917808219,0.4794520547945205,0.5835616438356165,51.467,26.866720547945206
CO,Saguache,8109,13.1,79.84603225806451,29.736587096774194,0.37534246575342467,0.1506849315068493,0.3095890410958904,0.4438356164383562,0.5753424657534246,53.18010684931507,24.724444383561643
CO,San Juan,8111,41.6,69.91537419354839,24.066412903225807,0.22465753424657534,0.0027397260273972603,0.40821917808219177,0.5698630136986301,0.7753424657534247,44.865990684931504,21.77390904109589
CO,San Miguel,8113,19,84.448980645161285,32.57112258064516,0.3452054794520548,0.21095890410958903,0.25205479452054796,0.41643835616438357,0.5260273972602739,56.41627506849315,30.977955068493152
CO,Sedgwick,8115,22.6,86.30762580645161,30.60447741935484,0.30684931506849317,0.27123287671232876,0.2273972602739726,0.3315068493150685,0.4328767123287671,62.25922301369863,35.7713304109589
CO,Summit,8117,23,71.44078709677419,24.413290322580643,0.26301369863013696,0.01643835616438356,0.4273972602739726,0.5424657534246575,0.736986301369863,45.70779397260274,22.47992821917808
CO,Teller,8119,21.4,75.75329677419354,31.314838709677417,0.3589041095890411,0.10136986301369863,0.27123287671232876,0.4410958904109589,0.6164383561643836,52.42593150684932,27.595212602739725
CO,Washington,8121,24.6,85.57943870967742,31.178154838709677,0.3452054794520548,0.27945205479452057,0.2,0.3178082191780822,0.4136986301369863,62.43137205479452,34.60229698630137
CO,Weld,8123,21.5,85.63965161290322,32.755709677419354,0.34794520547945207,0.25753424657534246,0.17534246575342466,0.3178082191780822,0.4301369863013699,62.104250410958905,34.012878356164386
CO,Yuma,8125,23.1,86.20694193548387,32.761574193548384,0.3232876712328767,0.3041095890410959,0.17534246575342466,0.30684931506849317,0.4136986301369863,63.675176986301366,36.16837589041096
CT,Fairfield,9001,61.3,83.87373548387097,45.141103225806454,0.3726027397260274,0.27123287671232876,0.07945205479452055,0.2684931506849315,0.473972602739726,61.93091780821918,45.43641808219178
CT,Hartford,9003,67.4,85.38869677419355,43.41205806451613,0.33424657534246577,0.2958904109589041,0.10684931506849316,0.29863013698630136,0.473972602739726,62.39491835616438,44.00249369863014
CT,Litchfield,9005,64.7,82.65391612903225,41.587322580645164,0.3589041095890411,0.2465753424657534,0.15616438356164383,0.3452054794520548,0.5232876712328767,59.7541901369863,41.29357260273973
CT,Middlesex,9007,62.2,84.58427096774193,44.79985806451613,0.33972602739726027,0.29315068493150687,0.09041095890410959,0.27123287671232876,0.4767123287671233,62.36195123287671,44.89207342465753
CT,New Haven,9009,64.2,84.6027935483871,44.913548387096775,0.3506849315068493,0.29315068493150687,0.08767123287671233,0.27123287671232876,0.4712328767123288,62.22517589041096,45.00846684931507
CT,New London,9011,59.8,83.72166451612904,45.408083870967744,0.3589041095890411,0.2684931506849315,0.08767123287671233,0.25205479452054796,0.473972602739726,62.194176438356166,44.257329315068496
CT,Tolland,9013,67.2,82.65443870967742,42.38210967741936,0.3589041095890411,0.25753424657534246,0.12602739726027398,0.33424657534246577,0.5068493150684932,60.50130356164384,42.82648712328767
CT,Windham,9015,66.8,82.90016774193549,43.7198,0.3726027397260274,0.26575342465753427,0.11506849315068493,0.3013698630136986,0.4876712328767123,61.14786356164384,42.36289095890411
DE,Kent,10001,49.9,87.37171612903227,51.33676129032258,0.3917808219178082,0.33424657534246577,0.021917808219178082,0.1506849315068493,0.3452054794520548,67.36166575342466,48.190191232876714
DE,New Castle,10003,50,86.92862580645162,49.20736129032258,0.36712328767123287,0.3424657534246575,0.0273972602739726,0.1780821917808219,0.3780821917808219,66.46595123287672,47.949084931506846
DE,Sussex,10005,51.1,87.38321290322581,52.66086451612903,0.4191780821917808,0.3232876712328767,0.021917808219178082,0.136986301369863,0.32602739726027397,67.71595013698631,48.81555068493151
FL,Alachua,12001,55.1,93.03387741935484,71.06377419354838,0.30684931506849317,0.5452054794520548,0,0,0.0273972602739726,82.07955561643836,60.16371726027397
FL,Baker,12003,59.3,93.2656129032258,69.74872903225807,0.3178082191780822,0.5205479452054794,0,0.0027397260273972603,0.0547945205479452,80.96038465753425,58.603595616438355
FL,Bay,12005,62.7,91.24096129032257,68.67372258064516,0.41643835616438357,0.5232876712328767,0,0,0.057534246575342465,79.70021698630137,59.994137534246576
FL,Bradford,12007,57.7,93.52550967741935,70.4966,0.3287671232876712,0.536986301369863,0,0.0027397260273972603,0.03561643835616438,81.69329534246576,59.864384657534245
FL,Brevard,12009,62.4,92.08074838709678,74.49823225806452,0.2684931506849315,0.6465753424657534,0,0,0.00821917808219178,83.1282010958904,65.62564219178083
FL,Broward,12011,70.9,93.84056774193549,78.97831612903225,0.1726027397260274,0.6109589041095891,0,0,0,86.24967726027397,69.37151616438356
FL,Calhoun,12013,66.1,93.18618064516129,69.38478064516129,0.35342465753424657,0.4904109589041096,0,0,0.057534246575342465,80.68715452054795,58.47129808219178
FL,Charlotte,12015,48.6,94.00326451612904,76.71066451612903,0.18356164383561643,0.5726027397260274,0,0,0.0027397260273972603,85.84048547945206,65.59285753424658
FL,Citrus,12017,45.3,91.26186451612904,71.67014193548387,0.29041095890410956,0.589041095890411,0,0,0.019178082191780823,82.55901150684932,61.53856219178082
FL,Clay,12019,56.7,93.02766451612904,70.45223870967742,0.336986301369863,0.536986301369863,0,0.0027397260273972603,0.0273972602739726,81.38686630136986,60.77354739726027
FL,Collier,12021,50.1,94.08252258064516,79.38645161290323,0.13972602739726028,0.5095890410958904,0,0,0,87.06204438356164,66.39090849315069
FL,Columbia,12023,59.9,92.93046451612904,69.80749032258065,0.32054794520547947,0.5315068493150685,0,0.0027397260273972603,0.052054794520547946,81.11174739726027,58.85996
FL,DeSoto,12027,49.3,94.18274193548388,76.69748387096774,0.2,0.5397260273972603,0,0,0.0027397260273972603,85.82876328767124,64.15582136986302
FL,Dixie,12029,58.3,91.72144516129032,68.87102580645161,0.36712328767123287,0.5397260273972603,0,0,0.0410958904109589,80.87036493150686,60.44020712328767
FL,Duval,12031,55.5,93.07504516129032,69.99306451612904,0.3589041095890411,0.5150684931506849,0,0.0027397260273972603,0.0410958904109589,80.55458082191781,62.53424328767123
FL,Escambia,12033,56.8,92.0812129032258,67.3781870967742,0.4328767123287671,0.44931506849315067,0,0,0.07945205479452055,78.98043397260274,59.85212
FL,Flagler,12035,62.3,91.83438064516129,71.9649935483871,0.32054794520547947,0.5780821917808219,0,0,0.019178082191780823,81.7880295890411,61.817986301369864
FL,Franklin,12037,72.8,91.05085806451612,68.20543225806452,0.4191780821917808,0.5150684931506849,0,0,0.043835616438356165,79.55113260273973,61.09575232876713
FL,Gadsden,12039,63.1,92.58312258064517,68.51630967741936,0.3589041095890411,0.4931506849315068,0,0,0.0684931506849315,80.25741315068493,58.36368273972603
FL,Gilchrist,12041,58.1,92.96750967741936,70.63543225806451,0.3287671232876712,0.547945205479452,0,0,0.03287671232876712,82.01168328767123,59.59101150684931
FL,Glades,12043,50.9,93.49943870967742,76.77650967741936,0.21095890410958903,0.5835616438356165,0,0,0.0027397260273972603,85.30505205479452,65.76007506849315
FL,Gulf,12045,68,90.81296774193548,68.4937806451613,0.4246575342465753,0.5315068493150685,0,0,0.052054794520547946,79.45659068493151,60.49664328767123
FL,Hamilton,12047,62,93.34283870967742,68.94517419354838,0.3315068493150685,0.5068493150684932,0,0.0027397260273972603,0.0547945205479452,80.82496547945206,58.88886356164384
FL,Hardee,12049,48.8,93.8517741935484,76.31228387096775,0.20273972602739726,0.5452054794520548,0,0,0.005479452054794521,85.62608821917809,63.54048273972603
FL,Hendry,12051,52.9,93.56789677419354,78.31974838709678,0.18082191780821918,0.5534246575342465,0,0,0.0027397260273972603,86.19678684931507,65.51181315068493
FL,Hernando,12053,45.4,92.04950967741935,72.37736774193549,0.2547945205479452,0.5698630136986301,0,0,0.01643835616438356,83.4310005479452,62.26952
FL,Highlands,12055,50.4,93.78378064516129,76.73034838709677,0.21095890410958903,0.5424657534246575,0,0,0.0027397260273972603,85.73220931506849,64.63980438356164
FL,Hillsborough,12057,43.7,93.20963870967742,73.85870967741936,0.2410958904109589,0.547945205479452,0,0,0.00821917808219178,84.55310082191781,64.85177534246576
FL,Holmes,12059,56.1,92.94788387096774,68.14214193548386,0.3643835616438356,0.4602739726027397,0,0.0027397260273972603,0.07397260273972603,80.16749698630137,56.80693917808219
FL,Indian River,12061,64.8,91.97803225806452,75.95524516129032,0.2410958904109589,0.6602739726027397,0,0,0.0027397260273972603,83.82352383561644,65.91456438356164
FL,Jackson,12063,54.6,93.08450967741935,68.77382580645161,0.33972602739726027,0.4684931506849315,0,0,0.07671232876712329,80.55703178082192,58.07779835616439
FL,Jefferson,12065,74.6,92.6987870967742,68.04256129032258,0.36164383561643837,0.4931506849315068,0,0,0.057534246575342465,80.2378498630137,58.7965901369863
FL,Lafayette,12067,68.1,92.6590129032258,69.7748,0.33424657534246577,0.5315068493150685,0,0,0.0410958904109589,81.31610904109588,58.81073369863014
FL,Lake,12069,49.3,93.36414838709678,73.56664516129032,0.2547945205479452,0.5287671232876713,0,0,0.0136986301369863,84.1351901369863,62.585915616438356
FL,Lee,12071,47.2,93.57265806451613,77.27638709677419,0.1726027397260274,0.5589041095890411,0,0,0.0027397260273972603,85.89698575342466,67.43853808219178
FL,Leon,12073,67.2,92.70569677419356,68.4549935483871,0.3561643835616438,0.4958904109589041,0,0,0.06027397260273973,80.43636767123287,59.25371123287671
FL,Levy,12075,58.5,92.45718064516129,70.70458709677419,0.3150684931506849,0.5534246575342465,0,0,0.024657534246575342,82.12261260273972,60.73845479452055
FL,Liberty,12077,73.4,93.20075483870967,69.7918129032258,0.336986301369863,0.4876712328767123,0,0,0.049315068493150684,81.27623287671233,58.780740273972604
FL,Madison,12079,76.8,92.95496774193549,68.38647741935483,0.3589041095890411,0.4931506849315068,0,0,0.057534246575342465,80.51256438356164,58.83523342465753
FL,Manatee,12081,40.4,93.18141935483871,74.54276774193548,0.23013698630136986,0.5780821917808219,0,0,0.00821917808219178,84.61001534246576,64.56639890410959
FL,Marion,12083,56,92.79877419354838,72.38625161290322,0.2684931506849315,0.5452054794520548,0,0,0.01643835616438356,83.14428767123287,61.132447671232875
FL,Martin,12085,50.7,93.07347741935484,76.96469677419356,0.21643835616438356,0.6191780821917808,0,0,0.0027397260273972603,84.8511709589041,67.80974739726027
FL,Miami-Dade,12086,68.4,93.08723870967742,79.42605161290322,0.15342465753424658,0.6493150684931507,0,0,0,86.07303561643836,70.03657917808219
FL,Monroe,12087,54.3,93.04792903225807,79.11488387096774,0.14520547945205478,0.6438356164383562,0,0,0,86.08300712328767,71.12743342465754
FL,Nassau,12089,54.2,93.71671612903225,69.6860193548387,0.36164383561643837,0.5013698630136987,0,0.0027397260273972603,0.0410958904109589,80.64168602739726,60.184853698630135
FL,Okaloosa,12091,57.6,92.51443225806452,67.93398064516128,0.4054794520547945,0.4684931506849315,0,0.0027397260273972603,0.07123287671232877,79.52677589041096,58.62638904109589
FL,Okeechobee,12093,47,92.97662580645161,76.36912903225806,0.2136986301369863,0.5945205479452055,0,0,0.0027397260273972603,85.03992931506849,64.70693205479452
FL,Orange,12095,54.6,93.56551612903226,74.31515483870967,0.24383561643835616,0.5561643835616439,0,0,0.00821917808219178,84.34628328767123,64.60174794520547
FL,Osceola,12097,49.9,93.52841290322581,75.84654838709677,0.2219178082191781,0.5643835616438356,0,0,0.005479452054794521,84.80473589041095,63.8222197260274
FL,Palm Beach,12099,55.4,92.88064516129032,77.82765161290322,0.2,0.6438356164383562,0,0,0.0027397260273972603,85.36221315068494,67.91272712328767
FL,Pasco,12101,44.1,92.70279354838709,72.69956774193548,0.2493150684931507,0.536986301369863,0,0,0.010958904109589041,83.7896197260274,63.52505698630137
FL,Pinellas,12103,34.2,91.09086451612903,70.83929677419354,0.3287671232876712,0.6136986301369863,0,0,0.0136986301369863,82.10921863013698,67.73881260273973
FL,Polk,12105,48.7,93.52446451612903,75.32164516129032,0.2191780821917808,0.5452054794520548,0,0,0.005479452054794521,85.02139671232877,64.07708493150685
FL,Putnam,12107,59.3,93.47272903225807,71.41785161290322,0.3095890410958904,0.5205479452054794,0,0,0.01643835616438356,82.43878630136986,60.87647780821918
FL,St. Johns,12109,61.9,92.32578064516129,70.81810322580645,0.3589041095890411,0.5561643835616439,0,0,0.01643835616438356,80.95111835616439,63.57479123287671
FL,St. Lucie,12111,55.9,92.34854193548387,76.61729677419355,0.22465753424657534,0.6575342465753424,0,0,0.0027397260273972603,84.24357972602739,66.56792493150685
FL,Santa Rosa,12113,57.6,92.45555483870967,67.73290322580645,0.40821917808219177,0.4520547945205479,0,0.0027397260273972603,0.07945205479452055,79.4098104109589,59.40635123287671
FL,Sarasota,12115,39.8,93.40183225806452,75.1064,0.2136986301369863,0.589041095890411,0,0,0.00821917808219178,84.86811068493151,65.2826904109589
FL,Seminole,12117,56.1,93.34115483870968,73.72893548387097,0.25205479452054796,0.5534246575342465,0,0,0.0136986301369863,84.00163506849314,64.83487506849315
FL,Sumter,12119,48.1,93.54263870967742,73.2825935483871,0.25205479452054796,0.5095890410958904,0,0,0.0136986301369863,84.31365150684931,62.27712931506849
FL,Suwannee,12121,63.9,92.89777419354839,69.68549677419355,0.33424657534246577,0.5205479452054794,0,0,0.04657534246575343,81.15216602739726,58.729610410958905
FL,Taylor,12123,68.9,91.54382580645161,68.5116064516129,0.37534246575342467,0.5342465753424658,0,0,0.04657534246575343,80.18931890410958,59.98112821917808
FL,Union,12125,58,93.93498064516129,70.4637935483871,0.3178082191780822,0.5287671232876713,0,0.0027397260273972603,0.03561643835616438,81.8322701369863,59.56620602739726
FL,Volusia,12127,61.7,92.4521870967742,73.05596774193549,0.2876712328767123,0.5753424657534246,0,0,0.0136986301369863,82.85042410958904,62.8026898630137
FL,Wakulla,12129,75.9,92.74895483870968,68.93292258064515,0.36164383561643837,0.4986301369863014,0,0,0.04657534246575343,80.84073150684931,59.7038295890411
FL,Walton,12131,59.1,91.90597419354839,67.62089677419355,0.41643835616438357,0.4657534246575342,0,0.0027397260273972603,0.06575342465753424,79.32916547945206,58.63823452054795
FL,Washington,12133,60.5,93.21869677419355,69.36730322580645,0.36164383561643837,0.4657534246575342,0,0,0.06027397260273973,80.70017863013699,57.90884
GA,Appling,13001,58.4,93.27472903225807,66.38510967741935,0.410958904109589,0.4520547945205479,0,0.00821917808219178,0.0821917808219178,78.8481610958904,56.44616493150685
GA,Atkinson,13003,57.7,92.91467096774194,66.94038064516128,0.3972602739726027,0.4712328767123288,0,0.005479452054794521,0.07945205479452055,79.17373917808219,56.73570849315068
GA,Bacon,13005,59.1,92.40666451612903,66.54803870967741,0.410958904109589,0.4657534246575342,0,0.005479452054794521,0.0821917808219178,78.69396767123288,57.262891506849314
GA,Baker,13007,49.2,92.72532258064516,67.18297419354839,0.3726027397260274,0.4575342465753425,0,0.0027397260273972603,0.08493150684931507,79.6023906849315,55.56033315068493
GA,Baldwin,13009,50.9,93.4942129032258,62.235006451612904,0.4191780821917808,0.3972602739726027,0,0.01643835616438356,0.11506849315068493,77.30653260273972,53.60824547945205
GA,Banks,13011,55.1,89.21915483870968,56.66592258064516,0.4136986301369863,0.4191780821917808,0,0.04657534246575343,0.21643835616438356,72.85915671232877,50.49448219178082
GA,Barrow,13013,51.7,90.11584516129032,57.51830967741935,0.4273972602739726,0.3917808219178082,0,0.04657534246575343,0.19452054794520549,73.34422465753424,52.19321369863014
GA,Bartow,13015,49.9,89.66764516129032,57.72078064516129,0.40821917808219177,0.4191780821917808,0,0.049315068493150684,0.19452054794520549,73.50340876712329,51.42150191780822
GA,Ben Hill,13017,54.2,92.92082580645162,65.5394,0.4,0.4465753424657534,0,0.005479452054794521,0.09041095890410959,78.56881095890411,56.18866136986301
GA,Berrien,13019,51.7,93.02087096774193,66.84904516129032,0.38904109589041097,0.473972602739726,0,0.005479452054794521,0.07397260273972603,79.36228547945205,56.15474739726027
GA,Bibb,13021,53.2,92.5119935483871,62.31072258064516,0.43561643835616437,0.4,0,0.01643835616438356,0.11506849315068493,77.0320695890411,53.91516767123288
GA,Bleckley,13023,51.2,91.91224516129031,62.44032258064516,0.43561643835616437,0.4246575342465753,0,0.010958904109589041,0.11506849315068493,76.96943452054795,54.24369479452055
GA,Brantley,13025,58.9,93.90246451612903,68.2053741935484,0.3835616438356164,0.4794520547945205,0,0.0027397260273972603,0.0547945205479452,79.89640712328767,57.25465589041096
GA,Brooks,13027,66.1,92.30238064516129,67.39537419354839,0.38082191780821917,0.4767123287671233,0,0.0027397260273972603,0.07123287671232877,79.6643501369863,57.92567616438356
GA,Bryan,13029,55.8,94.43967741935484,67.32325806451612,0.410958904109589,0.4657534246575342,0,0.0027397260273972603,0.06575342465753424,79.47829424657535,56.835191780821916
GA,Bulloch,13031,56.8,93.95425806451613,65.1852064516129,0.4054794520547945,0.4273972602739726,0,0.005479452054794521,0.09315068493150686,78.60134904109589,55.65869698630137
GA,Burke,13033,57.7,92.34947096774194,62.53909032258065,0.4191780821917808,0.410958904109589,0,0.010958904109589041,0.1178082191780822,76.87582465753425,53.84098794520548
GA,Butts,13035,50,91.33496774193549,60.350058064516126,0.4465753424657534,0.3726027397260274,0,0.03287671232876712,0.14794520547945206,75.31950027397261,51.68492328767123
GA,Calhoun,13037,52.8,92.90468387096774,66.55518064516129,0.3917808219178082,0.4520547945205479,0,0.0027397260273972603,0.08493150684931507,79.16322520547945,55.38454465753425
GA,Camden,13039,57.6,93.47214838709677,68.64858064516129,0.4,0.4958904109589041,0,0.0027397260273972603,0.04657534246575343,79.81427780821917,58.467091506849314
GA,Candler,13043,53.9,93.64483225806451,64.73131612903225,0.410958904109589,0.42191780821917807,0,0.00821917808219178,0.09315068493150686,78.45106630136986,55.80662739726027
GA,Carroll,13045,53.2,89.24911612903226,58.49605806451613,0.46301369863013697,0.4136986301369863,0,0.04657534246575343,0.18356164383561643,73.1318,51.701927123287675
GA,Catoosa,13047,46.3,88.8822064516129,56.33936774193548,0.40273972602739727,0.4465753424657534,0,0.06301369863013699,0.21095890410958903,72.85777589041096,51.66639068493151
GA,Charlton,13049,55.5,94.7542129032258,69.33525161290322,0.32054794520547947,0.4931506849315068,0,0.0027397260273972603,0.0547945205479452,80.97004547945205,57.900101369863016
GA,Chatham,13051,51.3,92.73763225806451,65.81985161290322,0.4328767123287671,0.4575342465753425,0,0.005479452054794521,0.07397260273972603,77.99874849315069,59.00724438356164
GA,Chattahoochee,13053,52.1,93.02487741935484,63.30501935483871,0.4054794520547945,0.40821917808219177,0,0.00821917808219178,0.11232876712328767,77.9615994520548,55.03078301369863
GA,Chattooga,13055,52,89.06574838709678,57.07934193548387,0.410958904109589,0.43561643835616437,0,0.06301369863013699,0.2054794520547945,73.20155616438356,49.73037479452055
GA,Cherokee,13057,50.9,88.98736129032258,56.10815483870968,0.4136986301369863,0.410958904109589,0.0027397260273972603,0.06027397260273973,0.2219178082191781,72.37641150684931,50.95804876712329
GA,Clarke,13059,52.1,91.12593548387096,58.80873548387097,0.4410958904109589,0.39452054794520547,0,0.043835616438356165,0.15616438356164383,74.54342410958904,52.45706410958904
GA,Clay,13061,55.3,92.12011612903225,65.55972258064516,0.38082191780821917,0.4410958904109589,0,0.005479452054794521,0.09315068493150686,78.44239178082192,55.76227835616439
GA,Clayton,13063,49.1,91.0989935483871,59.458477419354836,0.4383561643835616,0.36712328767123287,0,0.038356164383561646,0.17534246575342466,74.27424273972603,53.40115178082192
GA,Clinch,13065,59.2,93.65243870967741,68.25414838709678,0.38082191780821917,0.4931506849315068,0,0.0027397260273972603,0.06301369863013699,80.04354356164383,57.343916164383565
GA,Cobb,13067,51.7,90.12832903225807,58.23616129032258,0.4301369863013699,0.3972602739726027,0,0.049315068493150684,0.1863013698630137,73.53362904109589,52.5520301369863
GA,Coffee,13069,55.2,92.33872903225806,66.16696129032258,0.39452054794520547,0.46301369863013697,0,0.005479452054794521,0.09041095890410959,78.54863123287672,56.76673753424657
GA,Colquitt,13071,51.9,91.96723225806451,66.2836129032258,0.3835616438356164,0.4712328767123288,0,0.005479452054794521,0.08767123287671233,78.90193917808219,57.64353479452055
GA,Columbia,13073,58.2,92.03435483870967,60.609083870967744,0.43561643835616437,0.3726027397260274,0,0.021917808219178082,0.13150684931506848,76.1697512328767,52.750163287671235
GA,Cook,13075,52.6,93.16190967741936,67.46313548387097,0.3835616438356164,0.4767123287671233,0,0.0027397260273972603,0.0684931506849315,79.86536821917808,57.08906082191781
GA,Coweta,13077,52.1,90.09093548387096,60.18712903225806,0.44931506849315067,0.39452054794520547,0,0.03561643835616438,0.1643835616438356,74.2463402739726,52.1131704109589
GA,Crawford,13079,53,91.36678709677419,62.13554193548387,0.4410958904109589,0.4054794520547945,0,0.019178082191780823,0.12054794520547946,76.42738301369863,53.90187726027397
GA,Crisp,13081,51.9,92.40184516129032,63.887406451612904,0.4191780821917808,0.4273972602739726,0,0.005479452054794521,0.10684931506849316,77.83333095890411,55.99319616438356
GA,Dade,13083,49.6,87.0282064516129,54.32046451612903,0.40821917808219177,0.4328767123287671,0.01643835616438356,0.09041095890410959,0.2547945205479452,70.79324493150685,50.22196712328767
GA,Dawson,13085,60.7,88.04061935483871,54.8042,0.4301369863013699,0.4246575342465753,0.00821917808219178,0.06575342465753424,0.2547945205479452,71.26672383561643,49.94879616438356
GA,Decatur,13087,52.3,92.72108387096775,67.9761935483871,0.36712328767123287,0.4767123287671233,0,0.0027397260273972603,0.07123287671232877,80.14769698630137,57.66663890410959
GA,DeKalb,13089,52.9,90.83950322580645,58.43288387096774,0.4328767123287671,0.3698630136986301,0,0.04657534246575343,0.1780821917808219,74.13151013698631,53.863110684931506
GA,Dodge,13091,49.6,92.34836774193548,63.84136129032258,0.410958904109589,0.4273972602739726,0,0.00821917808219178,0.1095890410958904,77.83738465753424,54.38774410958904
GA,Dooly,13093,50.1,91.82189677419355,62.97103225806451,0.42191780821917807,0.4246575342465753,0,0.00821917808219178,0.11506849315068493,77.28547506849316,55.30391945205479
GA,Dougherty,13095,52.5,92.95554838709677,66.3286129032258,0.39452054794520547,0.4383561643835616,0,0.005479452054794521,0.08767123287671233,79.21825095890411,56.062824109589044
GA,Douglas,13097,54,89.85089677419354,58.9833935483871,0.4410958904109589,0.40821917808219177,0,0.043835616438356165,0.18082191780821918,73.55649150684931,52.385448767123286
GA,Early,13099,55.3,92.5190193548387,67.0864129032258,0.36712328767123287,0.4547945205479452,0,0.0027397260273972603,0.08767123287671233,79.56660767123287,56.46218246575342
GA,Echols,13101,63.4,93.64454193548387,68.54255483870968,0.34794520547945207,0.4904109589041096,0,0.0027397260273972603,0.057534246575342465,80.46896493150685,58.30881479452055
GA,Effingham,13103,54.8,94.6272258064516,66.17276774193549,0.410958904109589,0.4410958904109589,0,0.005479452054794521,0.0821917808219178,78.92440219178083,56.60988109589041
GA,Elbert,13105,49.1,91.02554193548387,58.46342580645161,0.43561643835616437,0.3917808219178082,0,0.038356164383561646,0.1643835616438356,74.32069753424658,50.89923068493151
GA,Emanuel,13107,57.8,93.34016774193549,63.55115483870968,0.410958904109589,0.4054794520547945,0,0.00821917808219178,0.1095890410958904,77.73347287671233,55.02295178082192
GA,Evans,13109,54.6,94.14407096774194,66.56917419354839,0.4,0.4410958904109589,0,0.0027397260273972603,0.07123287671232877,79.43373808219178,56.122692602739725
GA,Fannin,13111,59.6,84.64976774193549,53.15110322580645,0.4712328767123288,0.3917808219178082,0.01643835616438356,0.09041095890410959,0.27945205479452057,68.98004328767124,46.907057534246576
GA,Fayette,13113,49.3,90.20387096774193,60.09196129032258,0.4465753424657534,0.38904109589041097,0,0.03561643835616438,0.1726027397260274,74.06540328767123,52.6496098630137
GA,Floyd,13115,50.3,90.20729677419355,57.8466064516129,0.40273972602739727,0.410958904109589,0,0.04657534246575343,0.1917808219178082,74.06937808219178,50.9158301369863
GA,Forsyth,13117,57.7,89.45298064516129,55.75692258064516,0.41643835616438357,0.40273972602739727,0,0.057534246575342465,0.2273972602739726,72.28308767123288,51.48830410958904
GA,Franklin,13119,54.8,90.29056129032259,57.16847096774193,0.4191780821917808,0.40273972602739727,0,0.04657534246575343,0.19452054794520549,73.59887287671233,51.06012109589041
GA,Fulton,13121,51.5,90.42904516129032,58.48641935483871,0.4383561643835616,0.38904109589041097,0,0.04657534246575343,0.18082191780821918,73.77163342465754,53.161130410958904
GA,Gilmer,13123,58.7,85.44054838709677,53.65266451612903,0.4520547945205479,0.41643835616438357,0.0136986301369863,0.08493150684931507,0.2684931506849315,69.68388273972603,48.36521534246575
GA,Glascock,13125,57.9,92.30307741935484,60.91316774193548,0.43561643835616437,0.3726027397260274,0,0.021917808219178082,0.13424657534246576,76.12243342465753,53.49156602739726
GA,Glynn,13127,56.7,93.29348387096775,68.06270967741935,0.41643835616438357,0.4876712328767123,0,0.0027397260273972603,0.052054794520547946,79.56291397260274,58.8037605479452
GA,Gordon,13129,50.9,89.29127096774194,57.53015483870968,0.40273972602739727,0.4383561643835616,0,0.0547945205479452,0.19452054794520549,73.47714356164384,50.82763506849315
GA,Grady,13131,58.6,92.2378129032258,67.48647741935484,0.3863013698630137,0.5013698630136987,0,0.0027397260273972603,0.07397260273972603,79.50596493150685,58.25907561643836
GA,Greene,13133,51.6,90.96916129032257,59.23278064516129,0.4465753424657534,0.4,0,0.03561643835616438,0.14520547945205478,74.88337753424658,52.278277260273974
GA,Gwinnett,13135,54.6,90.29572903225807,57.255045161290326,0.4273972602739726,0.3972602739726027,0,0.057534246575342465,0.19452054794520549,73.36545479452055,52.863765479452056
GA,Habersham,13137,59.2,87.41834193548387,54.92567096774194,0.473972602739726,0.410958904109589,0,0.057534246575342465,0.2356164383561644,70.9854405479452,48.71213205479452
GA,Hall,13139,57.9,89.09611612903225,55.74467096774194,0.4136986301369863,0.40821917808219177,0,0.0547945205479452,0.2465753424657534,72.13037369863014,51.3251797260274
GA,Hancock,13141,54.4,91.73102580645161,60.56855483870967,0.4520547945205479,0.3972602739726027,0,0.021917808219178082,0.136986301369863,75.69191780821917,53.3732098630137
GA,Haralson,13143,52.2,89.07747741935484,58.32186451612903,0.44931506849315067,0.4246575342465753,0,0.04657534246575343,0.1863013698630137,73.05985424657534,51.55939671232877
GA,Harris,13145,52.5,90.90668387096774,61.510825806451614,0.4520547945205479,0.410958904109589,0,0.024657534246575342,0.136986301369863,75.65698301369864,53.85922465753425
GA,Hart,13147,51.9,90.18337419354839,57.14977419354839,0.41643835616438357,0.4,0,0.0410958904109589,0.19726027397260273,73.40836876712329,51.61922082191781
GA,Heard,13149,55.3,90.87904516129032,59.996967741935485,0.43561643835616437,0.4,0,0.03287671232876712,0.1643835616438356,74.54928273972602,51.514066301369866
GA,Henry,13151,51.6,90.99436129032259,59.39878709677419,0.4410958904109589,0.36164383561643837,0,0.038356164383561646,0.16712328767123288,74.55208383561644,52.586215342465756
GA,Houston,13153,49.5,91.82874838709678,62.326690322580646,0.4301369863013699,0.4136986301369863,0,0.0136986301369863,0.1178082191780822,76.9567309589041,54.84443616438356
GA,Irwin,13155,52,92.95717419354838,65.59949677419355,0.39452054794520547,0.44931506849315067,0,0.005479452054794521,0.09315068493150686,78.5994997260274,56.65597589041096
GA,Jackson,13157,53.5,90.12234838709678,57.55442580645161,0.4054794520547945,0.40821917808219177,0,0.04657534246575343,0.19726027397260273,73.62582849315069,51.94430575342466
GA,Jasper,13159,51.7,91.5183935483871,60.313070967741936,0.4465753424657534,0.38904109589041097,0,0.0273972602739726,0.14246575342465753,75.42940383561644,51.3978504109589
GA,Jeff Davis,13161,57.5,92.5511870967742,65.78745161290323,0.41643835616438357,0.4547945205479452,0,0.00821917808219178,0.09041095890410959,78.3107994520548,56.61431452054794
GA,Jefferson,13163,56.5,92.90503225806452,61.74627741935484,0.42191780821917807,0.4,0,0.021917808219178082,0.12054794520547946,76.69024219178083,53.70520383561644
GA,Jenkins,13165,58.3,92.68549032258065,63.33637419354839,0.42191780821917807,0.4328767123287671,0,0.00821917808219178,0.1095890410958904,77.32606630136986,54.54899452054794
GA,Johnson,13167,55,93.25458064516128,62.437012903225806,0.40821917808219177,0.41643835616438357,0,0.0136986301369863,0.1178082191780822,77.1907802739726,53.60136109589041
GA,Jones,13169,54,92.64827096774194,61.81938064516129,0.4410958904109589,0.39452054794520547,0,0.021917808219178082,0.1178082191780822,76.77336273972602,52.50916547945206
GA,Lamar,13171,55.8,90.96097419354838,61.07830322580645,0.4438356164383562,0.37534246575342467,0,0.03287671232876712,0.14794520547945206,75.37867835616439,52.48349698630137
GA,Lanier,13173,57.8,93.80706451612903,67.56428387096774,0.38082191780821917,0.473972602739726,0,0.0027397260273972603,0.0684931506849315,79.96430410958904,57.19308109589041
GA,Laurens,13175,54.6,93.00501935483871,63.66676129032258,0.410958904109589,0.4191780821917808,0,0.00821917808219178,0.10684931506849316,77.95621424657534,54.02286191780822
GA,Lee,13177,52.2,93.04241290322581,64.80453548387096,0.39452054794520547,0.4191780821917808,0,0.005479452054794521,0.0958904109589041,78.51404164383561,55.927710684931505
GA,Liberty,13179,53.5,94.10127741935484,67.53443870967742,0.410958904109589,0.4657534246575342,0,0,0.06301369863013699,79.4540904109589,57.300415342465755
GA,Lincoln,13181,47,92.23490967741935,60.18399354838709,0.4246575342465753,0.3726027397260274,0,0.0273972602739726,0.13972602739726028,75.82826410958904,51.74797753424657
GA,Long,13183,53.1,94.79845806451613,67.97294193548387,0.4054794520547945,0.4575342465753425,0,0.0027397260273972603,0.057534246575342465,79.98285150684931,56.758072876712326
GA,Lowndes,13185,64.5,93.52550967741935,67.9014064516129,0.3643835616438356,0.473972602739726,0,0.0027397260273972603,0.06575342465753424,80.22747890410959,58.363342465753426
GA,Lumpkin,13187,62.5,86.79769032258065,54.20828387096774,0.4657534246575342,0.410958904109589,0.00821917808219178,0.06575342465753424,0.2602739726027397,70.30129753424657,49.40096493150685
GA,McDuffie,13189,55.2,92.12627096774193,60.451206451612904,0.4438356164383562,0.3698630136986301,0,0.021917808219178082,0.13424657534246576,75.86214849315068,52.82154191780822
GA,McIntosh,13191,55.7,93.28872258064516,67.81883870967742,0.4246575342465753,0.4904109589041096,0,0.0027397260273972603,0.057534246575342465,79.13337479452055,58.55754520547945
GA,Macon,13193,50.2,92.02674838709677,62.97254193548387,0.4301369863013699,0.41643835616438357,0,0.0136986301369863,0.1095890410958904,77.30634027397261,54.93325753424658
GA,Madison,13195,53,90.7485741935484,58.21218064516129,0.4246575342465753,0.3972602739726027,0,0.043835616438356165,0.17534246575342466,74.18272383561644,51.0454498630137
GA,Marion,13197,52.2,91.9156129032258,62.936716129032256,0.42191780821917807,0.40821917808219177,0,0.0136986301369863,0.1178082191780822,77.1562301369863,55.009321095890414
GA,Meriwether,13199,58.6,90.36256129032257,60.736535483870966,0.4465753424657534,0.3972602739726027,0,0.03287671232876712,0.16164383561643836,74.74128109589041,52.45667945205479
GA,Miller,13201,49.4,92.66087096774193,67.60876129032258,0.36164383561643837,0.4575342465753425,0,0.0027397260273972603,0.0821917808219178,79.98672767123287,56.802905205479455
GA,Mitchell,13205,49.7,92.12081290322581,66.84045161290322,0.3917808219178082,0.4602739726027397,0,0.005479452054794521,0.0821917808219178,79.1675402739726,57.03378356164384
GA,Monroe,13207,54.7,92.26777419354839,61.79017419354839,0.4465753424657534,0.38082191780821917,0,0.021917808219178082,0.12054794520547946,76.70963780821918,51.98608054794521
GA,Montgomery,13209,58.4,93.29888387096774,65.3607935483871,0.42191780821917807,0.4246575342465753,0,0.00821917808219178,0.08767123287671233,78.47697643835616,55.68382794520548
GA,Morgan,13211,53.3,90.69323870967742,58.973,0.44931506849315067,0.3972602739726027,0,0.0410958904109589,0.15616438356164383,74.42446136986301,51.2002301369863
GA,Murray,13213,51.8,88.02070322580646,55.91224516129032,0.4273972602739726,0.4438356164383562,0.00821917808219178,0.0684931506849315,0.2191780821917808,72.12483068493151,50.29455397260274
GA,Muscogee,13215,50.6,92.79064516129033,62.922896774193546,0.41643835616438357,0.40821917808219177,0,0.00821917808219178,0.12054794520547946,77.58442301369863,55.45064657534247
GA,Newton,13217,52.5,90.21356774193548,58.95645161290322,0.4438356164383562,0.3835616438356164,0,0.0410958904109589,0.1589041095890411,74.42933369863013,51.99307835616438
GA,Oconee,13219,54.6,90.76384516129032,58.550812903225804,0.4438356164383562,0.39452054794520547,0,0.043835616438356165,0.16164383561643836,74.08720547945205,51.85670246575342
GA,Oglethorpe,13221,54.6,91.24316774193548,58.84293548387097,0.44931506849315067,0.3917808219178082,0,0.038356164383561646,0.15342465753424658,74.61262794520547,51.50279287671233
GA,Paulding,13223,50.1,89.52091612903226,58.423593548387096,0.4246575342465753,0.4191780821917808,0,0.052054794520547946,0.19452054794520549,73.14070630136986,51.66075890410959
GA,Peach,13225,54,91.13075483870968,62.11957419354839,0.4547945205479452,0.42191780821917807,0,0.01643835616438356,0.12054794520547946,76.38290575342465,54.50562191780822
GA,Pickens,13227,54.5,86.6043935483871,54.35402580645162,0.4246575342465753,0.4136986301369863,0.00821917808219178,0.07397260273972603,0.26301369863013696,70.61485753424658,50.362357260273974
GA,Pierce,13229,57.7,94.12711612903226,67.69347741935483,0.3835616438356164,0.4657534246575342,0,0.005479452054794521,0.0684931506849315,79.70199726027397,57.2395901369863
GA,Pike,13231,53.8,90.22982580645161,60.571748387096775,0.46301369863013697,0.38904109589041097,0,0.03287671232876712,0.1589041095890411,74.38079780821917,52.753995068493154
GA,Polk,13233,49.4,90.16641935483871,58.4595935483871,0.4246575342465753,0.4136986301369863,0,0.04657534246575343,0.1726027397260274,74.02709534246576,51.39846684931507
GA,Pulaski,13235,50,92.58027741935484,63.17373548387097,0.41643835616438357,0.42191780821917807,0,0.005479452054794521,0.1095890410958904,77.72987780821917,54.313840547945205
GA,Putnam,13237,51.4,91.66396129032258,60.410909677419355,0.4465753424657534,0.3835616438356164,0,0.024657534246575342,0.13972602739726028,75.61885753424657,52.182448219178085
GA,Quitman,13239,52.8,92.14183225806451,64.82706451612903,0.3835616438356164,0.4273972602739726,0,0.005479452054794521,0.10136986301369863,78.18213643835617,55.16220767123288
GA,Rabun,13241,62.3,84.57585161290322,53.12874838709678,0.4986301369863014,0.3643835616438356,0.005479452054794521,0.08493150684931507,0.2821917808219178,68.50955287671233,47.2067501369863
GA,Randolph,13243,51.1,92.19252258064516,64.6564129032258,0.3917808219178082,0.4328767123287671,0,0.00821917808219178,0.10410958904109589,78.03525150684932,55.27305315068493
GA,Richmond,13245,61.7,92.75168387096774,61.68861935483871,0.42191780821917807,0.3835616438356164,0,0.021917808219178082,0.12054794520547946,76.7447008219178,54.00435890410959
GA,Rockdale,13247,52.9,90.68969677419355,58.818316129032254,0.4328767123287671,0.36712328767123287,0,0.0410958904109589,0.1643835616438356,74.66244602739727,52.93514904109589
GA,Schley,13249,51.6,91.95695483870968,62.99936774193549,0.4246575342465753,0.410958904109589,0,0.0136986301369863,0.1178082191780822,77.1620887671233,55.11172383561644
GA,Screven,13251,57.4,92.72294193548387,64.15862580645161,0.4273972602739726,0.4438356164383562,0,0.00821917808219178,0.0958904109589041,77.68997698630137,55.01394684931507
GA,Seminole,13253,49.7,92.56297419354838,68.08187096774193,0.3561643835616438,0.4712328767123288,0,0,0.07671232876712329,80.23083726027397,57.78838794520548
GA,Spalding,13255,51.7,90.0674193548387,59.83276129032258,0.4520547945205479,0.38904109589041097,0,0.038356164383561646,0.16986301369863013,74.02173972602739,52.40252164383562
GA,Stephens,13257,57.7,90.1746064516129,56.75621290322581,0.41643835616438357,0.41643835616438357,0,0.0410958904109589,0.2,73.31262356164383,51.324469589041094
GA,Stewart,13259,47.8,92.48714193548388,64.15305161290323,0.3917808219178082,0.42191780821917807,0,0.00821917808219178,0.10410958904109589,78.08440383561644,54.85666630136986
GA,Sumter,13261,51.6,92.37734193548387,63.62896129032258,0.4191780821917808,0.40821917808219177,0,0.00821917808219178,0.10684931506849316,77.6605704109589,55.374982465753426
GA,Talbot,13263,53.8,90.96318064516129,62.00774193548387,0.4520547945205479,0.41643835616438357,0,0.0273972602739726,0.13150684931506848,75.9977106849315,54.01465095890411
GA,Taliaferro,13265,51.9,91.37810967741936,59.63911612903226,0.4410958904109589,0.38082191780821917,0,0.0273972602739726,0.14246575342465753,75.24202136986301,52.29985753424658
GA,Tattnall,13267,54.8,94.4194129032258,66.5402,0.40821917808219177,0.44931506849315067,0,0.005479452054794521,0.0684931506849315,79.39533150684932,56.07836328767123
GA,Taylor,13269,51.5,91.5602,62.35723225806451,0.43561643835616437,0.42191780821917807,0,0.01643835616438356,0.12602739726027398,76.5432093150685,54.589733698630134
GA,Telfair,13271,55.2,92.52047096774193,65.49550322580644,0.40821917808219177,0.4520547945205479,0,0.00821917808219178,0.09315068493150686,78.41113095890411,55.1656202739726
GA,Terrell,13273,49.9,92.55449677419355,64.88843870967742,0.39452054794520547,0.4246575342465753,0,0.00821917808219178,0.10136986301369863,78.26503506849315,55.50511506849315
GA,Thomas,13275,63.5,91.96630322580646,67.02056774193548,0.3863013698630137,0.4904109589041096,0,0.0027397260273972603,0.07123287671232877,79.39925698630137,57.98120493150685
GA,Tift,13277,48.9,91.87067096774193,65.41775483870968,0.4054794520547945,0.4520547945205479,0,0.005479452054794521,0.09863013698630137,78.15233534246575,56.842214246575345
GA,Toombs,13279,54.2,93.66997419354838,65.90462580645162,0.4136986301369863,0.4383561643835616,0,0.00821917808219178,0.0821917808219178,78.84000438356165,55.973391232876715
GA,Towns,13281,55.1,83.48243870967742,51.97663225806452,0.5205479452054794,0.34794520547945207,0.01643835616438356,0.10136986301369863,0.2958904109589041,67.73216493150684,45.849135890410956
GA,Treutlen,13283,60.6,93.16109677419355,64.28427741935484,0.410958904109589,0.4246575342465753,0,0.00821917808219178,0.09863013698630137,78.30737698630136,55.04417205479452
GA,Troup,13285,58.8,90.84745806451613,60.8454064516129,0.44931506849315067,0.4191780821917808,0,0.0273972602739726,0.1506849315068493,75.15799342465753,51.912206575342466
GA,Turner,13287,50.6,91.96990322580645,64.45487096774194,0.4246575342465753,0.4301369863013699,0,0.005479452054794521,0.09863013698630137,77.83661534246575,56.69610356164384
GA,Twiggs,13289,48.9,92.01188387096775,62.01743870967742,0.4438356164383562,0.4054794520547945,0,0.01643835616438356,0.1178082191780822,76.59108931506849,54.24947945205479
GA,Union,13291,55.4,84.07585806451613,52.4493935483871,0.4904109589041096,0.36164383561643837,0.01643835616438356,0.08767123287671233,0.29315068493150687,68.28446410958904,46.12193698630137
GA,Upson,13293,55.5,90.99343225806452,61.879883870967745,0.44931506849315067,0.4054794520547945,0,0.0273972602739726,0.13424657534246576,75.72997424657534,53.21450904109589
GA,Walker,13295,49.9,88.05554193548387,55.33827741935484,0.40821917808219177,0.4410958904109589,0.00821917808219178,0.07397260273972603,0.2356164383561644,71.90866301369863,51.08913808219178
GA,Walton,13297,57.4,90.14934838709678,58.28865161290322,0.4465753424657534,0.39452054794520547,0,0.043835616438356165,0.16712328767123288,73.78007616438356,52.069531506849316
GA,Ware,13299,56.8,93.7323935483871,68.36156774193549,0.3780821917808219,0.4876712328767123,0,0.0027397260273972603,0.0547945205479452,80.08706904109589,57.41013150684932
GA,Warren,13301,55.8,91.769,60.27498064516129,0.4520547945205479,0.3917808219178082,0,0.021917808219178082,0.136986301369863,75.58798136986302,52.81475123287671
GA,Washington,13303,54.7,92.84981290322581,61.86885161290323,0.4191780821917808,0.3972602739726027,0,0.01643835616438356,0.12602739726027398,76.72594630136986,53.68589205479452
GA,Wayne,13305,56,94.36105806451613,67.79810967741936,0.3972602739726027,0.4684931506849315,0,0.0027397260273972603,0.057534246575342465,79.78472821917808,56.99715726027397
GA,Webster,13307,51.7,92.12627096774193,63.768606451612904,0.4136986301369863,0.41643835616438357,0,0.010958904109589041,0.1095890410958904,77.62760821917809,55.192837260273976
GA,Wheeler,13309,58.1,92.84261290322581,65.38605161290323,0.4246575342465753,0.4438356164383562,0,0.00821917808219178,0.08493150684931507,78.47521589041096,54.96924767123288
GA,White,13311,63.4,85.7705870967742,53.766064516129035,0.4794520547945205,0.4054794520547945,0.005479452054794521,0.07123287671232877,0.26301369863013696,69.75359452054795,47.893309589041095
GA,Whitfield,13313,48.4,88.83134193548386,56.242574193548386,0.4136986301369863,0.4438356164383562,0.0027397260273972603,0.06301369863013699,0.2136986301369863,72.82696383561644,51.388046575342464
GA,Wilcox,13315,49.9,92.3292064516129,64.19822580645162,0.42191780821917807,0.4273972602739726,0,0.00821917808219178,0.09863013698630137,77.93941753424657,54.96028219178082
GA,Wilkes,13317,51.5,91.90196774193548,59.558,0.4383561643835616,0.3780821917808219,0,0.0273972602739726,0.14246575342465753,75.27361260273973,51.99164821917808
GA,Wilkinson,13319,49.7,93.29876774193548,62.7224,0.4191780821917808,0.4191780821917808,0,0.01643835616438356,0.11232876712328767,77.47349863013699,53.477930410958905
GA,Worth,13321,50.8,92.01490322580645,65.02041935483871,0.41643835616438357,0.4410958904109589,0,0.005479452054794521,0.0958904109589041,78.06884,56.858256438356165
ID,Ada,16001,13,93.59466451612903,39.494329032258065,0.2356164383561644,0.25753424657534246,0.14520547945205478,0.3863013698630137,0.4958904109589041,62.97562301369863,39.82114301369863
ID,Adams,16003,28.2,86.35703870967743,31.915632258064516,0.29041095890410956,0.18082191780821918,0.336986301369863,0.5013698630136987,0.5616438356164384,55.20406136986301,33.82870136986301
ID,Bannock,16005,26.2,86.82138064516128,29.84725806451613,0.32054794520547947,0.18082191780821918,0.33972602739726027,0.4575342465753425,0.5506849315068493,55.121231780821915,32.30935342465754
ID,Bear Lake,16007,28.2,81.30827096774193,26.214741935483872,0.3287671232876712,0.136986301369863,0.4136986301369863,0.4958904109589041,0.5917808219178082,50.90198246575343,26.309672328767125
ID,Benewah,16009,25.5,86.74014838709677,35.753406451612904,0.25753424657534246,0.2356164383561644,0.24383561643835616,0.4602739726027397,0.5534246575342465,58.0557101369863,37.08218904109589
ID,Bingham,16011,16.1,86.78799354838709,26.809612903225805,0.3013698630136986,0.20821917808219179,0.36164383561643837,0.4465753424657534,0.5424657534246575,54.88277369863014,30.911996164383563
ID,Blaine,16013,20.2,84.20749032258064,27.625825806451612,0.3041095890410959,0.16164383561643836,0.3698630136986301,0.4794520547945205,0.5726027397260274,53.00621205479452,29.90435616438356
ID,Boise,16015,30.7,83.98156129032257,31.366458064516127,0.3041095890410959,0.1780821917808219,0.33424657534246577,0.4904109589041096,0.5698630136986301,54.49385534246575,32.9115298630137
ID,Bonner,16017,30.3,83.13945161290323,33.6330064516129,0.2684931506849315,0.22465753424657534,0.3315068493150685,0.4794520547945205,0.5753424657534246,55.66629643835616,34.772611506849316
ID,Bonneville,16019,24,82.95242580645161,26.240929032258066,0.3232876712328767,0.16712328767123288,0.38904109589041097,0.4849315068493151,0.5753424657534246,52.574547397260275,30.214163287671234
ID,Boundary,16021,33.7,79.60129032258065,31.33272258064516,0.29863013698630136,0.18082191780821918,0.38904109589041097,0.4958904109589041,0.6054794520547945,52.835695342465755,34.37487068493151
ID,Butte,16023,15.2,85.28714193548387,23.935361290322582,0.3178082191780822,0.17534246575342466,0.39452054794520547,0.4767123287671233,0.5616438356164384,52.069304657534246,27.892138630136987
ID,Camas,16025,24,81.53118064516129,28.36045806451613,0.32054794520547947,0.14246575342465753,0.37534246575342467,0.4931506849315068,0.5945205479452055,51.972232876712326,29.522706849315068
ID,Canyon,16027,11,93.69151612903225,39.99774838709678,0.2273972602739726,0.26575342465753427,0.1232876712328767,0.35342465753424657,0.4876712328767123,63.70072219178082,40.717523287671234
ID,Caribou,16029,28.3,82.18370967741936,26.99541935483871,0.3315068493150685,0.15342465753424658,0.39452054794520547,0.4904109589041096,0.5753424657534246,52.09504219178082,27.983272876712327
ID,Cassia,16031,18.6,88.14548387096774,32.234929032258066,0.2958904109589041,0.19726027397260273,0.2876712328767123,0.4328767123287671,0.5397260273972603,57.03213643835616,34.63714794520548
ID,Clark,16033,20.1,81.77168387096775,23.97263870967742,0.3178082191780822,0.13150684931506848,0.40821917808219177,0.5123287671232877,0.5945205479452055,49.97386794520548,28.298243287671234
ID,Clearwater,16035,33.9,83.13149677419355,33.34065161290323,0.29863013698630136,0.1863013698630137,0.28493150684931506,0.4821917808219178,0.5753424657534246,55.66055123287671,35.50422520547945
ID,Custer,16037,26,77.53645806451613,24.739670967741937,0.29863013698630136,0.09041095890410959,0.4191780821917808,0.5342465753424658,0.663013698630137,48.3252602739726,25.592966575342466
ID,Elmore,16039,20.3,88.5875870967742,33.7212064516129,0.27671232876712326,0.22465753424657534,0.2684931506849315,0.4383561643835616,0.536986301369863,58.125678356164386,35.23539890410959
ID,Franklin,16041,30.1,85.2471935483871,28.9328,0.3287671232876712,0.18904109589041096,0.36712328767123287,0.4684931506849315,0.5452054794520548,54.50676602739726,31.456005479452056
ID,Fremont,16043,27.6,81.96527096774193,25.663245161290323,0.336986301369863,0.15616438356164383,0.3835616438356164,0.5041095890410959,0.5753424657534246,51.49638191780822,26.61239780821918
ID,Gem,16045,20.1,90.84275483870968,36.82696129032258,0.25753424657534246,0.23835616438356164,0.19726027397260273,0.42191780821917807,0.5287671232876713,60.13162301369863,37.865248219178085
ID,Gooding,16047,10.5,92.91972258064516,34.61673548387097,0.2602739726027397,0.2356164383561644,0.21643835616438356,0.4136986301369863,0.5068493150684932,61.01896876712329,38.270110136986304
ID,Idaho,16049,31.3,81.33445806451613,31.677741935483873,0.32054794520547947,0.15616438356164383,0.32054794520547947,0.5095890410958904,0.5972602739726027,53.47002520547945,31.929647123287673
ID,Jefferson,16051,10.3,87.82009032258064,23.91550322580645,0.28493150684931506,0.21643835616438356,0.36164383561643837,0.4575342465753425,0.5397260273972603,54.52582630136986,28.170867397260274
ID,Jerome,16053,10.3,91.43983225806451,33.57041290322581,0.2684931506849315,0.2356164383561644,0.24383561643835616,0.4136986301369863,0.5068493150684932,60.01854356164384,37.09095232876712
ID,Kootenai,16055,27.1,85.1603870967742,35.00826451612903,0.27123287671232876,0.24383561643835616,0.2684931506849315,0.4520547945205479,0.5534246575342465,57.42765315068493,36.769156712328765
ID,Latah,16057,21.8,87.37595483870967,36.34978709677419,0.2465753424657534,0.2356164383561644,0.20273972602739726,0.44931506849315067,0.5589041095890411,58.78462630136986,37.33234465753425
ID,Lemhi,16059,23.6,79.25963870967742,25.87396129032258,0.31232876712328766,0.1232876712328767,0.4054794520547945,0.5178082191780822,0.6356164383561644,49.79456821917808,28.454384657534245
ID,Lewis,16061,19.2,84.61678709677419,35.790393548387094,0.29315068493150687,0.20821917808219179,0.2273972602739726,0.4410958904109589,0.5616438356164384,57.28466904109589,37.75792383561644
ID,Lincoln,16063,10.8,91.0772193548387,30.557793548387096,0.2684931506849315,0.2356164383561644,0.3013698630136986,0.4273972602739726,0.5205479452054794,58.41548821917808,34.39378794520548
ID,Madison,16065,21,84.3002193548387,26.196858064516128,0.32054794520547947,0.19726027397260273,0.3780821917808219,0.4684931506849315,0.5589041095890411,53.3372,30.103500273972603
ID,Minidoka,16067,11.2,90.43874193548388,31.470916129032258,0.26301369863013696,0.23835616438356164,0.2958904109589041,0.4191780821917808,0.5205479452054794,58.623642191780824,34.220159452054794
ID,Nez Perce,16069,17.7,88.79917419354838,38.88569677419355,0.2493150684931507,0.2493150684931507,0.13150684931506848,0.4136986301369863,0.5342465753424658,60.731259726027396,40.43338465753425
ID,Oneida,16071,23,88.81636129032258,29.732,0.30684931506849317,0.19452054794520549,0.3452054794520548,0.4547945205479452,0.536986301369863,55.84126136986301,34.42964493150685
ID,Owyhee,16073,13.8,90.14435483870967,34.64617419354839,0.273972602739726,0.2054794520547945,0.2328767123287671,0.4273972602739726,0.5315068493150685,58.98192602739726,35.109117808219175
ID,Payette,16075,13.4,94.05645161290323,39.344232258064515,0.2136986301369863,0.2602739726027397,0.14246575342465753,0.37534246575342467,0.5013698630136987,63.265013698630135,39.66410904109589
ID,Power,16077,20,89.06168387096774,30.073129032258063,0.27671232876712326,0.20821917808219179,0.33424657534246577,0.4438356164383562,0.5397260273972603,56.48328931506849,33.40580493150685
ID,Shoshone,16079,33.4,81.8654,31.779296774193547,0.2958904109589041,0.1780821917808219,0.34794520547945207,0.5041095890410959,0.5972602739726027,53.78392547945205,34.55575835616438
ID,Teton,16081,28.3,81.69109032258065,26.50761935483871,0.3424657534246575,0.14246575342465753,0.3917808219178082,0.5013698630136987,0.5835616438356165,51.54685589041096,28.544034520547946
ID,Twin Falls,16083,12.8,90.07694193548387,34.87396129032258,0.2821917808219178,0.2273972602739726,0.2273972602739726,0.4054794520547945,0.5068493150684932,59.578835616438354,35.22963890410959
ID,Valley,16085,33.4,79.67967741935485,28.08987741935484,0.33424657534246577,0.12876712328767123,0.4,0.5287671232876713,0.6136986301369863,50.59571616438356,27.25616164383562
ID,Washington,16087,22.1,90.76390322580646,34.59583225806452,0.27945205479452057,0.2219178082191781,0.2602739726027397,0.4520547945205479,0.5287671232876713,58.72632109589041,37.94913808219178
IL,Adams,17001,29.3,87.13510322580645,40.44809677419355,0.31232876712328766,0.3506849315068493,0.11232876712328767,0.2547945205479452,0.4,65.43902904109589,44.750904109589044
IL,Alexander,17003,53,89.14338064516129,50.155380645161294,0.30684931506849317,0.3863013698630137,0.03561643835616438,0.1506849315068493,0.3150684931506849,70.13336493150685,49.83418301369863
IL,Bond,17005,37.6,87.40864516129032,44.296032258064514,0.3315068493150685,0.3835616438356164,0.07123287671232877,0.2191780821917808,0.37534246575342467,66.85814904109588,45.82706246575342
IL,Boone,17007,37.1,83.07070322580645,33.34448387096774,0.2821917808219178,0.3041095890410959,0.2191780821917808,0.3726027397260274,0.5013698630136987,59.89857479452055,40.34993863013699
IL,Brown,17009,30,86.29926451612903,40.73627096774194,0.33424657534246577,0.3726027397260274,0.1095890410958904,0.25205479452054796,0.39452054794520547,65.26297424657534,43.77154630136986
IL,Bureau,17011,36.3,83.62864516129032,35.74730967741935,0.29315068493150687,0.34794520547945207,0.1643835616438356,0.3095890410958904,0.4657534246575342,62.27972328767123,41.952293698630136
IL,Calhoun,17013,31.4,88.49102580645162,44.15917419354839,0.3232876712328767,0.3726027397260274,0.0684931506849315,0.22465753424657534,0.3589041095890411,67.29230904109589,45.626680547945206
IL,Carroll,17015,34.3,83.41885806451613,33.084645161290325,0.26575342465753427,0.33424657534246577,0.19726027397260273,0.3561643835616438,0.4849315068493151,61.03107561643836,40.407809863013696
IL,Cass,17017,33.1,86.55486451612903,41.594580645161294,0.3178082191780822,0.3863013698630137,0.09315068493150686,0.2465753424657534,0.3863013698630137,65.83370739726027,43.79797424657534
IL,Champaign,17019,34.1,84.80747096774193,40.386374193548384,0.29041095890410956,0.35342465753424657,0.10410958904109589,0.25205479452054796,0.4191780821917808,64.72779726027397,43.732720547945206
IL,Christian,17021,33.2,85.99657419354838,42.312548387096776,0.3013698630136986,0.3835616438356164,0.08493150684931507,0.2328767123287671,0.3917808219178082,65.86109698630138,45.02112109589041
IL,Clark,17023,36,86.2740064516129,43.83203870967742,0.3150684931506849,0.3917808219178082,0.07123287671232877,0.2136986301369863,0.3780821917808219,66.53665917808219,44.70014410958904
IL,Clay,17025,41.3,88.57905161290323,46.000690322580645,0.30684931506849317,0.3917808219178082,0.06301369863013699,0.19726027397260273,0.3643835616438356,67.94966904109589,46.27942465753425
IL,Clinton,17027,35.3,88.7908129032258,45.67256774193549,0.3178082191780822,0.3835616438356164,0.052054794520547946,0.20273972602739726,0.3506849315068493,67.98181753424657,47.079359452054796
IL,Coles,17029,35.3,85.54651612903226,42.365445161290324,0.31232876712328766,0.3698630136986301,0.09041095890410959,0.2356164383561644,0.3972602739726027,65.51619232876712,45.03880054794521
IL,Cook,17031,39.1,82.64212903225807,36.79467741935484,0.2958904109589041,0.29315068493150687,0.15616438356164383,0.33424657534246577,0.4958904109589041,60.750260821917806,44.59654794520548
IL,Crawford,17033,37.1,86.85052903225807,44.90181935483871,0.31232876712328766,0.40821917808219177,0.0684931506849315,0.1917808219178082,0.3698630136986301,67.1630197260274,45.733166575342466
IL,Cumberland,17035,37.1,86.79205806451613,43.88911612903226,0.3178082191780822,0.38904109589041097,0.07671232876712329,0.21643835616438356,0.3780821917808219,66.63900273972602,45.21295671232877
IL,DeKalb,17037,34.3,82.4238064516129,33.80075483870968,0.29863013698630136,0.3150684931506849,0.2054794520547945,0.3589041095890411,0.4849315068493151,60.26777698630137,40.75325698630137
IL,De Witt,17039,37.5,85.22001935483871,40.35501935483871,0.3041095890410959,0.3589041095890411,0.1095890410958904,0.26301369863013696,0.4054794520547945,64.75084219178082,43.75131232876712
IL,Douglas,17041,36.6,84.90623870967742,41.25751612903226,0.3095890410958904,0.3643835616438356,0.09315068493150686,0.2356164383561644,0.40821917808219177,65.05396712328768,44.45461424657534
IL,DuPage,17043,35.6,83.59926451612903,35.849445161290326,0.2876712328767123,0.29863013698630136,0.18356164383561643,0.32602739726027397,0.4821917808219178,61.16423616438356,42.62216
IL,Edgar,17045,35.3,85.31001935483872,42.0192064516129,0.2958904109589041,0.3863013698630137,0.09041095890410959,0.2356164383561644,0.40821917808219177,65.47932438356165,44.1543002739726
IL,Edwards,17047,46.5,88.02232903225807,47.268354838709676,0.3013698630136986,0.40821917808219177,0.06575342465753424,0.1726027397260274,0.3561643835616438,68.39636,46.92945150684932
IL,Effingham,17049,35,87.93308387096774,44.25428387096774,0.3095890410958904,0.38904109589041097,0.07123287671232877,0.21643835616438356,0.37534246575342467,66.90449534246575,45.683526027397264
IL,Fayette,17051,36.7,87.77050322580645,44.25910322580645,0.31232876712328766,0.3780821917808219,0.07397260273972603,0.2191780821917808,0.38082191780821917,66.83816164383562,45.71378082191781
IL,Ford,17053,34.7,84.6009935483871,39.36769032258064,0.28493150684931506,0.3561643835616438,0.11506849315068493,0.27945205479452057,0.4301369863013699,64.07890958904109,42.61495506849315
IL,Franklin,17055,48.4,89.2832,47.99358064516129,0.31232876712328766,0.3917808219178082,0.057534246575342465,0.17534246575342466,0.33424657534246577,68.99655890410959,47.54531780821918
IL,Fulton,17057,34.3,85.58013548387098,39.1239935483871,0.31232876712328766,0.3589041095890411,0.12602739726027398,0.273972602739726,0.410958904109589,64.53330356164383,42.97686356164384
IL,Gallatin,17059,43.6,88.27113548387096,49.13483870967742,0.31232876712328766,0.410958904109589,0.0547945205479452,0.15616438356164383,0.336986301369863,69.10657095890411,47.68815397260274
IL,Greene,17061,32.5,86.75367741935484,43.00461935483871,0.3150684931506849,0.3780821917808219,0.09041095890410959,0.23013698630136986,0.3863013698630137,66.29054739726027,44.55529589041096
IL,Grundy,17063,36,83.63247741935484,36.71042580645161,0.2821917808219178,0.3150684931506849,0.15616438356164383,0.30684931506849317,0.4657534246575342,62.41592657534247,42.18016383561644
IL,Hamilton,17065,44.7,88.91466451612904,47.831522580645164,0.3041095890410959,0.3972602739726027,0.057534246575342465,0.1726027397260274,0.3452054794520548,68.8207210958904,46.83059452054795
IL,Hancock,17067,31.4,85.93369032258065,38.770148387096775,0.3178082191780822,0.36164383561643837,0.13972602739726028,0.27123287671232876,0.4054794520547945,64.72717589041096,43.98718630136986
IL,Hardin,17069,44.3,88.12405806451613,49.863316129032256,0.3315068493150685,0.41643835616438357,0.049315068493150684,0.1506849315068493,0.32054794520547947,69.30908328767123,47.60706520547945
IL,Henderson,17071,34.7,84.62758709677419,37.30854838709677,0.2958904109589041,0.36164383561643837,0.16164383561643836,0.2876712328767123,0.4328767123287671,63.645553424657535,43.253619726027395
IL,Henry,17073,35.5,84.11034838709678,35.539670967741934,0.28493150684931506,0.35342465753424657,0.1780821917808219,0.31232876712328766,0.4547945205479452,62.56592821917808,42.3597101369863
IL,Iroquois,17075,36.3,84.38325161290322,38.7540064516129,0.29315068493150687,0.3452054794520548,0.1232876712328767,0.2821917808219178,0.4328767123287671,63.72033479452055,42.39355506849315
IL,Jackson,17077,46.6,89.18634838709677,48.34341935483871,0.3178082191780822,0.3863013698630137,0.043835616438356165,0.1726027397260274,0.32602739726027397,69.18355671232877,47.701350684931505
IL,Jasper,17079,36.8,86.94697419354839,45.08123870967742,0.3232876712328767,0.39452054794520547,0.06575342465753424,0.19726027397260273,0.3643835616438356,67.08104328767124,46.20606849315068
IL,Jefferson,17081,39.3,89.17415483870968,46.967987096774195,0.3150684931506849,0.39452054794520547,0.057534246575342465,0.18904109589041096,0.3506849315068493,68.41923232876712,46.58985808219178
IL,Jersey,17083,33.8,87.66906451612904,44.36356129032258,0.3315068493150685,0.3726027397260274,0.0684931506849315,0.2219178082191781,0.3643835616438356,67.04762739726027,45.70068273972603
IL,Jo Daviess,17085,33.9,82.61721935483871,31.497393548387098,0.273972602739726,0.3095890410958904,0.2219178082191781,0.37534246575342467,0.4986301369863014,59.83178246575343,39.76707397260274
IL,Johnson,17087,50.8,88.47076129032259,49.69098064516129,0.32054794520547947,0.4,0.0410958904109589,0.15616438356164383,0.3232876712328767,69.50662465753425,47.93980876712329
IL,Kane,17089,36.2,83.00108387096775,34.76787741935484,0.2958904109589041,0.3041095890410959,0.2,0.3452054794520548,0.4876712328767123,60.51982630136986,41.30081205479452
IL,Kankakee,17091,36.2,83.68792903225807,37.69247096774193,0.2876712328767123,0.336986301369863,0.136986301369863,0.29863013698630136,0.4657534246575342,62.6014794520548,42.3863698630137
IL,Kendall,17093,35.6,83.09758709677419,35.915,0.2876712328767123,0.3178082191780822,0.16986301369863013,0.31232876712328766,0.4821917808219178,61.469910684931506,42.10638356164384
IL,Knox,17095,36.5,84.00136129032258,36.941348387096774,0.3150684931506849,0.35342465753424657,0.1643835616438356,0.29863013698630136,0.4328767123287671,63.0874695890411,41.96493808219178
IL,Lake,17097,35,81.50731612903226,35.0145935483871,0.31232876712328766,0.273972602739726,0.19452054794520549,0.36712328767123287,0.5068493150684932,59.32729424657534,42.16255835616438
IL,LaSalle,17099,34.9,83.43674193548387,36.08396774193548,0.29041095890410956,0.33972602739726027,0.16164383561643836,0.3095890410958904,0.4657534246575342,62.22378520547945,41.92842520547945
IL,Lawrence,17101,38.8,87.0772129032258,46.43396774193548,0.3178082191780822,0.4054794520547945,0.0684931506849315,0.18082191780821918,0.3561643835616438,67.90590191780822,46.50626410958904
IL,Lee,17103,36.1,82.89157419354838,34.03423225806451,0.2876712328767123,0.3232876712328767,0.19726027397260273,0.3452054794520548,0.4794520547945205,61.01137424657534,40.863732602739724
IL,Livingston,17105,35.7,84.16713548387096,38.59316774193548,0.29863013698630136,0.3424657534246575,0.12876712328767123,0.29041095890410956,0.4246575342465753,63.80990575342466,42.486321643835616
IL,Logan,17107,35.3,85.90105806451614,41.25002580645161,0.3013698630136986,0.36164383561643837,0.09863013698630137,0.25205479452054796,0.3972602739726027,65.44170191780822,44.36341095890411
IL,McDonough,17109,32.7,85.11323870967742,38.614187096774195,0.3178082191780822,0.3643835616438356,0.14794520547945206,0.27945205479452057,0.4136986301369863,64.25733643835616,42.99485369863014
IL,McHenry,17111,35.1,83.38686451612904,34.160870967741936,0.27671232876712326,0.29315068493150687,0.2219178082191781,0.3643835616438356,0.4986301369863014,59.99330904109589,40.43321698630137
IL,McLean,17113,36.6,85.14221290322581,39.35863225806452,0.3041095890410959,0.35342465753424657,0.1095890410958904,0.273972602739726,0.4136986301369863,64.35561643835617,43.141901369863014
IL,Macon,17115,32.4,85.58605806451612,41.648348387096775,0.30684931506849317,0.36164383561643837,0.09863013698630137,0.24383561643835616,0.4,65.33035342465753,44.80156547945205
IL,Macoupin,17117,35.9,85.80710967741935,42.827290322580644,0.3287671232876712,0.3863013698630137,0.08493150684931507,0.23013698630136986,0.3917808219178082,65.87815506849316,45.22007780821918
IL,Madison,17119,35.6,87.80563225806452,45.185406451612906,0.3452054794520548,0.3835616438356164,0.06027397260273973,0.2219178082191781,0.3589041095890411,67.46227342465754,47.463627397260275
IL,Marion,17121,42.6,88.70087096774193,45.78265806451613,0.31232876712328766,0.3863013698630137,0.06301369863013699,0.20821917808219179,0.3589041095890411,67.8290394520548,46.54417260273973
IL,Marshall,17123,35.4,84.09705161290323,36.965445161290326,0.3095890410958904,0.34794520547945207,0.15342465753424658,0.3041095890410959,0.4383561643835616,63.118932602739726,42.145707397260274
IL,Mason,17125,31.7,86.81209032258064,40.87847096774193,0.29315068493150687,0.3698630136986301,0.10410958904109589,0.25205479452054796,0.39452054794520547,65.74075835616438,43.79871397260274
IL,Massac,17127,52.2,88.20447741935484,50.53332258064516,0.33972602739726027,0.4054794520547945,0.038356164383561646,0.14520547945205478,0.3013698630136986,69.73569808219177,48.578384657534244
IL,Menard,17129,31.8,85.9766,41.567987096774196,0.30684931506849317,0.3835616438356164,0.10136986301369863,0.2465753424657534,0.3917808219178082,65.54871561643836,44.23794849315068
IL,Mercer,17131,33.1,84.61696129032258,36.14807096774194,0.2876712328767123,0.34794520547945207,0.16986301369863013,0.29863013698630136,0.4465753424657534,63.151939178082195,42.478189589041094
IL,Monroe,17133,32.2,90.8334064516129,47.00630967741935,0.30684931506849317,0.3452054794520548,0.04657534246575343,0.1917808219178082,0.32054794520547947,69.48903397260274,48.136393424657534
IL,Montgomery,17135,35.9,86.19416774193549,42.704367741935485,0.31232876712328766,0.37534246575342467,0.0821917808219178,0.2356164383561644,0.3917808219178082,65.93291452054794,45.1277501369863
IL,Morgan,17137,33.6,86.36522580645162,42.11147096774194,0.32054794520547947,0.38904109589041097,0.09041095890410959,0.2410958904109589,0.3863013698630137,65.93587342465753,44.19420109589041
IL,Moultrie,17139,33.7,85.4168,41.96387096774193,0.3232876712328767,0.36712328767123287,0.09041095890410959,0.2328767123287671,0.39452054794520547,65.39021698630137,44.85686246575342
IL,Ogle,17141,33.6,82.76325161290322,33.42031612903226,0.2876712328767123,0.32054794520547947,0.2054794520547945,0.3589041095890411,0.4821917808219178,60.59960328767123,40.655376438356164
IL,Peoria,17143,35.8,84.85717419354839,37.83043225806452,0.31232876712328766,0.35342465753424657,0.13424657534246576,0.29041095890410956,0.42191780821917807,63.840624109589044,43.053479452054795
IL,Perry,17145,42.2,89.07805806451613,47.31666451612903,0.3178082191780822,0.3863013698630137,0.0547945205479452,0.18356164383561643,0.34794520547945207,68.66443178082191,47.39405863013699
IL,Piatt,17147,34.6,84.74719999999999,40.74637419354839,0.30684931506849317,0.36164383561643837,0.10410958904109589,0.25205479452054796,0.4136986301369863,64.78358739726028,44.14159671232877
IL,Pike,17149,31,87.7941935483871,42.30186451612903,0.32602739726027397,0.3589041095890411,0.10410958904109589,0.2465753424657534,0.3835616438356164,66.20138575342466,44.97354684931507
IL,Pope,17151,52,88.57841290322581,50.076354838709676,0.3315068493150685,0.4054794520547945,0.043835616438356165,0.14520547945205478,0.3150684931506849,69.64009589041096,47.678256438356165
IL,Pulaski,17153,55.1,88.89712903225806,50.266690322580644,0.32602739726027397,0.40273972602739727,0.03561643835616438,0.1506849315068493,0.31232876712328766,69.9555002739726,49.67408164383561
IL,Putnam,17155,33.9,84.07156129032258,36.835206451612905,0.3041095890410959,0.3424657534246575,0.15342465753424658,0.3013698630136986,0.4410958904109589,63.04040821917808,42.43330301369863
IL,Randolph,17157,36.4,89.49037419354839,47.35806451612903,0.32602739726027397,0.38082191780821917,0.049315068493150684,0.1917808219178082,0.33424657534246577,68.92321260273972,46.90505534246575
IL,Richland,17159,38.9,87.46264516129033,46.028851612903225,0.3178082191780822,0.40821917808219177,0.06301369863013699,0.18904109589041096,0.36164383561643837,67.65510520547946,46.212262465753426
IL,Rock Island,17161,32.1,84.64187096774194,35.45449032258065,0.27945205479452057,0.3424657534246575,0.18082191780821918,0.3178082191780822,0.4547945205479452,62.69481315068493,42.91836602739726
IL,St. Clair,17163,35.9,89.9644129032258,46.51583870967742,0.3178082191780822,0.3589041095890411,0.052054794520547946,0.19452054794520549,0.3287671232876712,68.86966136986301,48.12653041095891
IL,Saline,17165,45.1,89.1279935483871,48.99623870967742,0.29315068493150687,0.40273972602739727,0.049315068493150684,0.15616438356164383,0.336986301369863,69.4435704109589,47.59864712328767
IL,Sangamon,17167,35.7,85.89960645161291,42.02489677419355,0.31232876712328766,0.3835616438356164,0.09041095890410959,0.2328767123287671,0.3917808219178082,65.67163342465753,44.69325479452055
IL,Schuyler,17169,30.2,86.21263225806452,40.31199354838709,0.3150684931506849,0.3780821917808219,0.11506849315068493,0.2547945205479452,0.40273972602739727,65.19311945205479,43.58077589041096
IL,Scott,17171,31,87.22307096774193,42.4161935483871,0.3150684931506849,0.3698630136986301,0.0958904109589041,0.24383561643835616,0.3863013698630137,66.22493863013699,44.2436295890411
IL,Shelby,17173,34.1,86.51236129032259,43.054845161290324,0.31232876712328766,0.3726027397260274,0.0821917808219178,0.2273972602739726,0.3863013698630137,66.08969698630138,45.048895342465755
IL,Stark,17175,35.1,83.5731935483871,36.283245161290324,0.3013698630136986,0.3506849315068493,0.1643835616438356,0.3041095890410959,0.44931506849315067,62.650552876712325,41.73375890410959
IL,Stephenson,17177,32.9,82.64944516129032,32.30257419354839,0.27671232876712326,0.32054794520547947,0.2191780821917808,0.38082191780821917,0.4986301369863014,59.934229589041095,40.129835616438356
IL,Tazewell,17179,34.8,85.9176064516129,39.69790322580645,0.3041095890410959,0.34794520547945207,0.11232876712328767,0.2684931506849315,0.4,64.98100547945205,43.77027890410959
IL,Union,17181,47.6,88.21098064516129,49.34137419354839,0.3232876712328767,0.4054794520547945,0.038356164383561646,0.15616438356164383,0.3315068493150685,69.28263561643836,48.26605753424658
IL,Vermilion,17183,34.1,85.02527096774193,40.59610322580645,0.29041095890410956,0.3589041095890411,0.1095890410958904,0.2465753424657534,0.4191780821917808,64.87073205479452,43.704349589041094
IL,Wabash,17185,44,87.94347741935483,47.26876129032258,0.30684931506849317,0.4054794520547945,0.06575342465753424,0.16986301369863013,0.3561643835616438,68.40235178082192,46.911668493150685
IL,Warren,17187,34.6,84.48956774193549,37.09469677419355,0.3041095890410959,0.35342465753424657,0.1643835616438356,0.29315068493150687,0.4301369863013699,63.43893808219178,42.410948493150684
IL,Washington,17189,36.5,89.0271935483871,46.349309677419356,0.3178082191780822,0.3835616438356164,0.0547945205479452,0.2,0.3506849315068493,68.28558849315068,47.093098630136986
IL,Wayne,17191,44,88.20685806451613,46.89575483870968,0.31232876712328766,0.4,0.06027397260273973,0.18356164383561643,0.3561643835616438,68.19824657534247,46.69240383561644
IL,White,17193,44.7,88.0744129032258,48.47592258064516,0.30684931506849317,0.4136986301369863,0.0547945205479452,0.16712328767123288,0.3424657534246575,68.91314246575342,47.19498849315068
IL,Whiteside,17195,34.8,83.84905806451613,34.21638064516129,0.27671232876712326,0.3452054794520548,0.1917808219178082,0.336986301369863,0.4684931506849315,61.79581917808219,41.62147835616438
IL,Will,17197,38.2,83.89986451612903,37.13133548387097,0.29041095890410956,0.3178082191780822,0.1506849315068493,0.3095890410958904,0.473972602739726,61.97818630136986,42.77740876712329
IL,Williamson,17199,51.3,89.01186451612904,48.72838709677419,0.3178082191780822,0.39452054794520547,0.04657534246575343,0.1643835616438356,0.32602739726027397,69.2149309589041,47.460895342465754
IL,Winnebago,17201,33.5,83.02425161290323,33.04394193548387,0.2684931506849315,0.31232876712328766,0.21095890410958903,0.3726027397260274,0.4986301369863014,60.118293150684934,40.84007616438356
IL,Woodford,17203,37,85.16491612903226,38.48098709677419,0.3013698630136986,0.33972602739726027,0.1232876712328767,0.28493150684931506,0.4136986301369863,64.22760931506849,42.76803397260274
IN,Adams,18001,35.3,83.72654193548387,40.741264516129036,0.3150684931506849,0.3095890410958904,0.12054794520547946,0.28493150684931506,0.4602739726027397,62.555409315068495,42.67733863013699
IN,Allen,18003,35.3,83.5857935483871,39.47418064516129,0.28493150684931506,0.31232876712328766,0.13424657534246576,0.30684931506849317,0.4794520547945205,62.089347397260276,42.495119452054794
IN,Bartholomew,18005,36.8,85.53861935483872,45.951393548387095,0.33424657534246577,0.4,0.07945205479452055,0.1780821917808219,0.3835616438356164,66.60121260273972,44.937990684931506
IN,Benton,18007,36.4,84.51889032258065,39.05843870967742,0.2876712328767123,0.3561643835616438,0.12054794520547946,0.2876712328767123,0.4438356164383562,63.633367671232875,42.808960547945205
IN,Blackford,18009,35.1,83.84772258064517,41.328470967741936,0.30684931506849317,0.32602739726027397,0.11506849315068493,0.273972602739726,0.4520547945205479,63.18674082191781,43.18649698630137
IN,Boone,18011,33.2,83.65715483870967,41.24601935483871,0.32054794520547947,0.3506849315068493,0.1095890410958904,0.27123287671232876,0.4410958904109589,63.60612602739726,43.154580273972606
IN,Brown,18013,40.4,85.5360064516129,45.13698064516129,0.32602739726027397,0.40821917808219177,0.07945205479452055,0.18356164383561643,0.3917808219178082,66.28022082191781,45.22581315068493
IN,Carroll,18015,34.5,83.30069677419355,39.877670967741935,0.29315068493150687,0.34794520547945207,0.1178082191780822,0.29315068493150687,0.46301369863013697,63.04361863013699,43.18723671232877
IN,Cass,18017,33.8,82.86991612903226,39.30486451612903,0.2958904109589041,0.32602739726027397,0.13424657534246576,0.3095890410958904,0.4657534246575342,62.30850849315068,42.760488767123285
IN,Clark,18019,40.9,85.24370967741935,48.77803225806451,0.3643835616438356,0.4054794520547945,0.06027397260273973,0.1589041095890411,0.3424657534246575,67.42502082191781,46.64605260273973
IN,Clay,18021,38.7,85.4663870967742,44.04316129032258,0.3178082191780822,0.38904109589041097,0.07397260273972603,0.19452054794520549,0.39452054794520547,65.98201260273973,44.91649424657534
IN,Clinton,18023,34.5,83.6072193548387,40.723787096774196,0.30684931506849317,0.3506849315068493,0.11506849315068493,0.2876712328767123,0.44931506849315067,63.46175616438356,43.15266684931507
IN,Crawford,18025,48.6,86.3672,49.30868387096774,0.3561643835616438,0.4136986301369863,0.06027397260273973,0.14794520547945206,0.3315068493150685,68.20424821917808,45.580674520547944
IN,Daviess,18027,39.5,86.94232903225806,46.74728387096774,0.3095890410958904,0.4136986301369863,0.0684931506849315,0.18082191780821918,0.3643835616438356,67.91279123287671,46.64549041095891
IN,Dearborn,18029,38.3,85.11306451612903,46.07721935483871,0.34794520547945207,0.3726027397260274,0.07671232876712329,0.1726027397260274,0.3863013698630137,66.09687232876712,44.49725698630137
IN,Decatur,18031,38.7,84.56278709677419,45.045006451612906,0.3424657534246575,0.3917808219178082,0.08493150684931507,0.19726027397260273,0.40821917808219177,65.56324383561643,44.53690136986302
IN,DeKalb,18033,33.6,83.12992903225806,38.76567741935484,0.2821917808219178,0.3178082191780822,0.1506849315068493,0.3150684931506849,0.4904109589041096,61.54779890410959,41.82789150684931
IN,Delaware,18035,35.3,84.24018064516129,42.32073548387097,0.3013698630136986,0.3315068493150685,0.10684931506849316,0.26301369863013696,0.4438356164383562,63.92987452054795,43.92208547945206
IN,Dubois,18037,47.1,87.22516129032257,48.35032903225807,0.3315068493150685,0.41643835616438357,0.06301369863013699,0.15616438356164383,0.34794520547945207,68.18625808219178,46.36790082191781
IN,Elkhart,18039,37,82.7096,38.23369032258064,0.2958904109589041,0.3095890410958904,0.14794520547945206,0.33424657534246577,0.4931506849315068,61.08662904109589,43.0296898630137
IN,Fayette,18041,37.7,84.06337419354838,43.573129032258066,0.35342465753424657,0.3698630136986301,0.09315068493150686,0.23013698630136986,0.4273972602739726,64.38705479452055,43.38004383561644
IN,Floyd,18043,45.7,85.77685806451613,49.062025806451615,0.37534246575342467,0.4,0.06027397260273973,0.15616438356164383,0.3315068493150685,67.58479178082192,47.17344767123288
IN,Fountain,18045,33.9,84.62061935483871,40.858090322580644,0.3041095890410959,0.37534246575342467,0.11232876712328767,0.2602739726027397,0.4246575342465753,64.49731835616439,43.246730410958904
IN,Franklin,18047,42,84.95989032258065,44.942754838709675,0.3424657534246575,0.3835616438356164,0.0821917808219178,0.20273972602739726,0.4136986301369863,65.50799616438356,44.09279945205479
IN,Fulton,18049,38.2,83.24065806451613,38.75330967741935,0.29863013698630136,0.3287671232876712,0.136986301369863,0.3095890410958904,0.4684931506849315,61.98248164383562,42.67824602739726
IN,Gibson,18051,45.6,87.61227741935484,47.61569677419355,0.3178082191780822,0.4,0.06301369863013699,0.1726027397260274,0.34794520547945207,68.36423123287672,47.17524273972603
IN,Grant,18053,36.2,83.06408387096774,40.6926064516129,0.3232876712328767,0.32054794520547947,0.12054794520547946,0.27945205479452057,0.4547945205479452,62.71697041095891,43.173773698630136
IN,Greene,18055,39.9,86.10561935483871,45.69370322580645,0.3315068493150685,0.4246575342465753,0.07123287671232877,0.18356164383561643,0.36712328767123287,66.8774410958904,45.89829315068493
IN,Hamilton,18057,32,84.938,42.05114193548387,0.3013698630136986,0.3506849315068493,0.1095890410958904,0.24383561643835616,0.4383561643835616,64.19071178082191,43.40621534246576
IN,Hancock,18059,37.8,84.30858064516129,42.796167741935484,0.32054794520547947,0.36712328767123287,0.10136986301369863,0.22465753424657534,0.4328767123287671,64.4054098630137,44.008130410958906
IN,Harrison,18061,46.1,85.8547806451613,49.72053548387097,0.3835616438356164,0.4054794520547945,0.06027397260273973,0.1506849315068493,0.3178082191780822,67.94346520547946,46.298026301369866
IN,Hendricks,18063,37.6,83.84243870967742,42.22376774193548,0.33424657534246577,0.3643835616438356,0.10684931506849316,0.24383561643835616,0.4328767123287671,64.12017150684932,44.53362191780822
IN,Henry,18065,35.5,83.62312903225806,42.31887741935484,0.33424657534246577,0.336986301369863,0.10410958904109589,0.26301369863013696,0.4465753424657534,63.56323671232877,43.04970191780822
IN,Howard,18067,34.5,83.44324516129032,40.113529032258064,0.3013698630136986,0.33972602739726027,0.1232876712328767,0.30684931506849317,0.46301369863013697,62.82806739726028,42.92697150684931
IN,Huntington,18069,36.9,83.41456129032258,39.825470967741936,0.3013698630136986,0.32054794520547947,0.12602739726027398,0.29863013698630136,0.4657534246575342,62.400579726027395,42.71598191780822
IN,Jackson,18071,38.8,85.69696129032258,46.81609032258064,0.33424657534246577,0.410958904109589,0.07123287671232877,0.17534246575342466,0.37534246575342467,66.97634246575342,45.54168109589041
IN,Jasper,18073,35.6,83.28548387096774,38.23461935483871,0.29041095890410956,0.336986301369863,0.13150684931506848,0.30684931506849317,0.4657534246575342,62.31005698630137,41.851937534246574
IN,Jay,18075,33.6,83.63677419354839,41.664432258064515,0.3178082191780822,0.3178082191780822,0.11506849315068493,0.27671232876712326,0.4520547945205479,63.155080547945204,42.972977534246574
IN,Jefferson,18077,41,84.38952258064516,47.16029677419355,0.35342465753424657,0.38082191780821917,0.07397260273972603,0.1726027397260274,0.38082191780821917,66.33709095890411,45.099571506849315
IN,Jennings,18079,37.2,84.96302580645161,46.7474,0.34794520547945207,0.40273972602739727,0.07123287671232877,0.1726027397260274,0.38082191780821917,66.63937753424658,44.96802849315068
IN,Johnson,18081,37.9,84.83685161290323,44.13949032258065,0.3178082191780822,0.3863013698630137,0.09315068493150686,0.2054794520547945,0.41643835616438357,65.46201972602739,44.83446356164384
IN,Knox,18083,40.7,87.02170322580645,46.45295483870968,0.31232876712328766,0.410958904109589,0.0684931506849315,0.1780821917808219,0.36164383561643837,67.8413090410959,46.60212767123288
IN,Kosciusko,18085,34.2,82.79710322580645,38.550548387096775,0.29863013698630136,0.32602739726027397,0.14246575342465753,0.32054794520547947,0.4821917808219178,61.459840547945205,42.58658904109589
IN,LaGrange,18087,35.1,82.55956129032258,37.64630967741935,0.3232876712328767,0.3013698630136986,0.16712328767123288,0.3424657534246575,0.4958904109589041,60.60934301369863,42.17172109589041
IN,Lake,18089,37.7,82.39872258064516,37.7703935483871,0.32054794520547947,0.3041095890410959,0.14520547945205478,0.3150684931506849,0.4767123287671233,61.31480493150685,42.68549534246576
IN,LaPorte,18091,40.6,81.57815483870968,37.92850322580645,0.3287671232876712,0.3041095890410959,0.15342465753424658,0.336986301369863,0.4849315068493151,60.630331506849316,42.12954684931507
IN,Lawrence,18093,43.5,86.06520645161291,46.92565806451613,0.33972602739726027,0.42191780821917807,0.06575342465753424,0.1780821917808219,0.3698630136986301,67.13115232876713,45.341387945205476
IN,Madison,18095,33.5,84.59205161290322,41.96596129032258,0.3041095890410959,0.3452054794520548,0.10684931506849316,0.25753424657534246,0.4410958904109589,63.95687945205479,43.707185205479455
IN,Marion,18097,36.3,85.53414838709678,43.33698064516129,0.3041095890410959,0.36712328767123287,0.10136986301369863,0.21643835616438356,0.42191780821917807,65.09811397260275,46.05714684931507
IN,Marshall,18099,36.3,82.87386451612903,38.07134193548387,0.3013698630136986,0.3178082191780822,0.14520547945205478,0.3178082191780822,0.4767123287671233,61.46082191780822,42.41203342465754
IN,Martin,18101,41.8,87.05799354838709,48.027954838709675,0.3315068493150685,0.4191780821917808,0.06575342465753424,0.17534246575342466,0.3452054794520548,68.17871287671232,46.15297095890411
IN,Miami,18103,34.5,83.5161741935484,39.72902580645162,0.29863013698630136,0.32602739726027397,0.13150684931506848,0.3095890410958904,0.46301369863013697,62.51594739726028,43.06759342465754
IN,Monroe,18105,42.5,85.57636129032258,45.26861290322581,0.3232876712328767,0.40821917808219177,0.0821917808219178,0.18904109589041096,0.38082191780821917,66.37309589041097,45.09729315068493
IN,Montgomery,18107,35.5,83.4435935483871,41.04110967741936,0.32054794520547947,0.3506849315068493,0.11506849315068493,0.273972602739726,0.4520547945205479,63.40468876712329,42.47122136986302
IN,Morgan,18109,39.4,84.7531806451613,43.89550322580645,0.3287671232876712,0.38904109589041097,0.0958904109589041,0.19726027397260273,0.40821917808219177,65.49309808219178,44.70408438356164
IN,Newton,18111,36.5,83.68624516129033,38.18903870967742,0.2821917808219178,0.3424657534246575,0.12876712328767123,0.29863013698630136,0.4602739726027397,62.79581534246575,42.19085534246575
IN,Noble,18113,34.3,82.70118064516129,38.25772903225806,0.3095890410958904,0.3150684931506849,0.15342465753424658,0.33424657534246577,0.4904109589041096,61.104811506849316,42.207977534246574
IN,Ohio,18115,37.5,85.00610967741936,46.95021935483871,0.36164383561643837,0.3780821917808219,0.07397260273972603,0.1643835616438356,0.3698630136986301,66.47387123287672,44.586137534246575
IN,Orange,18117,44.4,85.68186451612902,47.929012903225804,0.3506849315068493,0.4191780821917808,0.06575342465753424,0.1726027397260274,0.3561643835616438,67.36250410958904,45.55609589041096
IN,Owen,18119,42.3,85.24237419354839,44.54495483870968,0.3287671232876712,0.38904109589041097,0.0821917808219178,0.1917808219178082,0.39452054794520547,65.98622410958905,44.77917643835617
IN,Parke,18121,34.7,85.28615483870968,42.55101935483871,0.3150684931506849,0.38082191780821917,0.09863013698630137,0.2191780821917808,0.4,65.45061808219178,43.92307178082192
IN,Perry,18123,47.7,87.22655483870967,50.120948387096774,0.3506849315068493,0.4054794520547945,0.06027397260273973,0.136986301369863,0.31232876712328766,68.98718410958904,47.162652602739726
IN,Pike,18125,47.3,87.39941290322581,47.57017419354839,0.3287671232876712,0.41643835616438357,0.06575342465753424,0.1726027397260274,0.3452054794520548,68.26170520547946,46.63196328767123
IN,Porter,18127,39.1,81.8979741935484,38.042832258064514,0.3287671232876712,0.3095890410958904,0.14246575342465753,0.3150684931506849,0.4794520547945205,60.982993424657536,42.46954465753425
IN,Posey,18129,43.6,87.43645806451613,48.160748387096774,0.3150684931506849,0.40273972602739727,0.057534246575342465,0.16712328767123288,0.3424657534246575,68.51594410958904,47.691541917808216
IN,Pulaski,18131,37.9,82.98697419354839,38.196761290322584,0.29041095890410956,0.32602739726027397,0.13424657534246576,0.3095890410958904,0.4712328767123288,61.95268054794521,41.71954630136986
IN,Putnam,18133,38.8,83.54584516129033,42.550845161290326,0.33424657534246577,0.3726027397260274,0.10684931506849316,0.2273972602739726,0.4273972602739726,64.37355232876712,43.99573753424657
IN,Randolph,18135,36.9,83.04590967741936,42.251812903225805,0.3452054794520548,0.3150684931506849,0.11232876712328767,0.2684931506849315,0.4438356164383562,63.06345808219178,42.74091561643836
IN,Ripley,18137,38.7,84.65632903225806,45.872367741935484,0.35342465753424657,0.38904109589041097,0.07671232876712329,0.17534246575342466,0.38904109589041097,65.9811693150685,44.4297397260274
IN,Rush,18139,39,83.88058709677419,43.37536129032258,0.33972602739726027,0.38082191780821917,0.09863013698630137,0.2356164383561644,0.4273972602739726,64.3751994520548,43.67728054794521
IN,St. Joseph,18141,40.2,82.32747741935484,37.92101290322581,0.3041095890410959,0.30684931506849317,0.15616438356164383,0.3287671232876712,0.4876712328767123,60.90050904109589,42.89220438356164
IN,Scott,18143,37.6,84.89596129032259,47.81898064516129,0.36164383561643837,0.3972602739726027,0.0684931506849315,0.1643835616438356,0.3561643835616438,67.0038898630137,45.70667945205479
IN,Shelby,18145,37.7,84.97667096774194,44.11005161290323,0.32054794520547947,0.39452054794520547,0.09315068493150686,0.2,0.4136986301369863,65.6009106849315,44.911769863013696
IN,Spencer,18147,47.5,87.28868387096774,49.43108387096774,0.33972602739726027,0.40821917808219177,0.057534246575342465,0.14794520547945206,0.32602739726027397,68.78615123287672,47.914002191780824
IN,Starke,18149,39.2,82.13249677419354,37.9274,0.30684931506849317,0.3232876712328767,0.14520547945205478,0.3178082191780822,0.4849315068493151,61.29708602739726,41.62447178082192
IN,Steuben,18151,33.9,82.20728387096774,37.37863225806451,0.31232876712328766,0.29315068493150687,0.1643835616438356,0.34794520547945207,0.5041095890410959,60.36252109589041,41.37206246575342
IN,Sullivan,18153,37.3,86.30925161290322,45.175012903225806,0.3178082191780822,0.4054794520547945,0.06575342465753424,0.18356164383561643,0.3698630136986301,67.00955123287672,45.794198904109585
IN,Switzerland,18155,40.5,84.77338709677419,47.47854838709677,0.3589041095890411,0.38082191780821917,0.07397260273972603,0.1643835616438356,0.3589041095890411,66.67303506849315,44.66493808219178
IN,Tippecanoe,18157,34.9,84.30950967741936,40.32256129032258,0.2876712328767123,0.36712328767123287,0.1178082191780822,0.273972602739726,0.4520547945205479,63.956465205479454,43.58184109589041
IN,Tipton,18159,33.4,84.30329677419356,41.04192258064516,0.3041095890410959,0.33972602739726027,0.11506849315068493,0.273972602739726,0.44931506849315067,63.55954301369863,42.70366794520548
IN,Union,18161,37.7,83.93156774193548,43.65941290322581,0.3561643835616438,0.3698630136986301,0.0958904109589041,0.24383561643835616,0.4301369863013699,64.30483178082191,43.677196712328765
IN,Vanderburgh,18163,43.3,87.60606451612904,48.29092903225806,0.3287671232876712,0.41643835616438357,0.057534246575342465,0.1643835616438356,0.33424657534246577,68.53892,47.98320602739726
IN,Vermillion,18165,33.6,85.26043225806451,42.022051612903226,0.3041095890410959,0.37534246575342467,0.08767123287671233,0.2328767123287671,0.4054794520547945,65.50758684931508,43.95263123287671
IN,Vigo,18167,36,85.96661290322581,44.0204,0.30684931506849317,0.38904109589041097,0.06575342465753424,0.2,0.3917808219178082,66.3451095890411,45.224289315068496
IN,Wabash,18169,34.8,83.4723935483871,39.70556774193548,0.29041095890410956,0.32602739726027397,0.12876712328767123,0.3013698630136986,0.4657534246575342,62.44496821917808,42.946865205479455
IN,Warren,18171,35.1,84.72147741935484,40.02381935483871,0.2876712328767123,0.36712328767123287,0.12054794520547946,0.27123287671232876,0.4383561643835616,64.14617534246575,43.28888
IN,Warrick,18173,47.7,87.54364516129033,48.53810967741936,0.3315068493150685,0.4054794520547945,0.06027397260273973,0.15342465753424658,0.3315068493150685,68.58874794520548,47.62198794520548
IN,Washington,18175,41.8,85.42765806451612,47.824438709677416,0.34794520547945207,0.4136986301369863,0.0684931506849315,0.1726027397260274,0.36164383561643837,67.22360328767124,45.71401260273973
IN,Wayne,18177,35.3,83.03557419354838,42.80389032258064,0.34794520547945207,0.336986301369863,0.10136986301369863,0.2602739726027397,0.4438356164383562,63.383335342465756,42.82175287671233
IN,Wells,18179,36.2,83.65732903225806,40.51916774193548,0.3041095890410959,0.32054794520547947,0.1232876712328767,0.2876712328767123,0.46301369863013697,62.6367298630137,42.80273698630137
IN,White,18181,34.9,83.85387741935484,39.0236,0.27671232876712326,0.33972602739726027,0.1232876712328767,0.29863013698630136,0.4684931506849315,62.90973808219178,42.59461260273972
IN,Whitley,18183,36,82.63330322580646,38.89783225806452,0.30684931506849317,0.30684931506849317,0.136986301369863,0.3150684931506849,0.4821917808219178,61.61800383561644,42.2726394520548
IA,Adair,19001,29.6,82.89244516129033,33.96681935483871,0.29315068493150687,0.3561643835616438,0.18082191780821918,0.3287671232876712,0.4301369863013699,62.751397260273976,40.83996767123288
IA,Adams,19003,28.5,82.46776129032258,34.551993548387095,0.3095890410958904,0.35342465753424657,0.1726027397260274,0.32602739726027397,0.4273972602739726,62.70968657534247,40.97946520547945
IA,Allamakee,19005,28.6,81.89872903225806,28.9598,0.273972602739726,0.3041095890410959,0.2493150684931507,0.3972602739726027,0.5095890410958904,58.81667616438356,38.38652328767123
IA,Appanoose,19007,28.4,84.50896129032257,36.34264516129032,0.3150684931506849,0.34794520547945207,0.16164383561643836,0.29863013698630136,0.410958904109589,63.83459780821918,41.61923945205479
IA,Audubon,19009,26.4,82.24961290322581,32.2092064516129,0.2821917808219178,0.3506849315068493,0.21095890410958903,0.3452054794520548,0.4465753424657534,61.80555890410959,38.46153643835616
IA,Benton,19011,25,84.50611612903226,31.472483870967743,0.25753424657534246,0.32602739726027397,0.2136986301369863,0.3424657534246575,0.46301369863013697,61.993730410958904,39.55034904109589
IA,Black Hawk,19013,24,83.07447741935484,29.84969677419355,0.2602739726027397,0.32602739726027397,0.2356164383561644,0.3643835616438356,0.4794520547945205,60.826077808219175,39.318637260273974
IA,Boone,19015,30,81.9998193548387,31.11811612903226,0.3095890410958904,0.3452054794520548,0.2219178082191781,0.3506849315068493,0.4438356164383562,61.40439561643836,39.78375232876712
IA,Bremer,19017,25.2,82.19050322580645,28.947548387096774,0.27945205479452057,0.3150684931506849,0.2547945205479452,0.3780821917808219,0.4849315068493151,59.897682191780824,38.44824602739726
IA,Buchanan,19019,27.6,82.09632258064516,29.838896774193547,0.29315068493150687,0.32054794520547947,0.2356164383561644,0.36712328767123287,0.4821917808219178,60.19201917808219,38.257830684931506
IA,Buena Vista,19021,32.3,81.60910322580645,27.44838064516129,0.2602739726027397,0.30684931506849317,0.273972602739726,0.3726027397260274,0.4767123287671233,59.42963780821918,37.926675068493154
IA,Butler,19023,25.3,82.86805806451613,28.974432258064517,0.2821917808219178,0.3287671232876712,0.2547945205479452,0.3726027397260274,0.4767123287671233,60.29324328767123,38.79100547945205
IA,Calhoun,19025,27.8,81.79543225806452,28.954516129032257,0.27671232876712326,0.3150684931506849,0.2410958904109589,0.36164383561643837,0.4602739726027397,60.38779506849315,38.306243287671236
IA,Carroll,19027,24.8,82.4166064516129,30.74888387096774,0.273972602739726,0.33424657534246577,0.21643835616438356,0.35342465753424657,0.4438356164383562,61.40998301369863,38.79248493150685
IA,Cass,19029,28.5,82.53854193548386,33.56408387096774,0.28493150684931506,0.34794520547945207,0.18082191780821918,0.33424657534246577,0.4328767123287671,62.563008767123286,40.1518695890411
IA,Cedar,19031,29.2,84.38836129032258,33.58423225806452,0.2684931506849315,0.33972602739726027,0.19452054794520549,0.336986301369863,0.4547945205479452,62.206998356164384,41.059666301369866
IA,Cerro Gordo,19033,27.8,81.57368387096774,27.208806451612904,0.273972602739726,0.3178082191780822,0.27945205479452057,0.38904109589041097,0.4931506849315068,58.712616438356164,37.37613150684931
IA,Cherokee,19035,30,81.46667096774193,27.27738064516129,0.2684931506849315,0.30684931506849317,0.27945205479452057,0.3780821917808219,0.4794520547945205,59.212567671232875,37.91464219178082
IA,Chickasaw,19037,26,81.02334838709677,27.96248387096774,0.27671232876712326,0.30684931506849317,0.2684931506849315,0.38904109589041097,0.4986301369863014,58.74239287671233,37.50393643835616
IA,Clarke,19039,28.4,84.53549677419355,35.503903225806454,0.28493150684931506,0.3424657534246575,0.16164383561643836,0.3041095890410959,0.41643835616438357,63.83349808219178,41.63408328767123
IA,Clay,19041,30.3,81.8172064516129,26.470632258064516,0.26575342465753427,0.29863013698630136,0.29041095890410956,0.3863013698630137,0.4849315068493151,58.766152876712326,37.199460273972605
IA,Clayton,19043,27.3,81.73638064516129,29.68990322580645,0.2876712328767123,0.3095890410958904,0.2410958904109589,0.3780821917808219,0.4931506849315068,59.465657534246574,38.15161095890411
IA,Clinton,19045,31.5,83.55304516129033,33.3225935483871,0.26575342465753427,0.3424657534246575,0.1917808219178082,0.34794520547945207,0.4684931506849315,61.56176,41.175630684931505
IA,Crawford,19047,26.9,82.47484516129032,30.806251612903225,0.27671232876712326,0.32602739726027397,0.2191780821917808,0.3506849315068493,0.4547945205479452,61.21596273972603,38.71053808219178
IA,Dallas,19049,28.8,83.63056129032258,32.94192258064516,0.29315068493150687,0.36164383561643837,0.18904109589041096,0.32054794520547947,0.4246575342465753,62.812138630136985,40.58650794520548
IA,Davis,19051,26.4,85.03694193548387,36.82545161290323,0.3041095890410959,0.3561643835616438,0.15616438356164383,0.29315068493150687,0.41643835616438357,64.18775287671232,42.23584547945205
IA,Decatur,19053,29.9,84.52045806451613,36.37533548387097,0.29041095890410956,0.3506849315068493,0.15342465753424658,0.2958904109589041,0.4136986301369863,64.03361369863013,41.96813369863014
IA,Delaware,19055,28.8,81.54395483870968,29.849638709677418,0.29315068493150687,0.3095890410958904,0.23835616438356164,0.3726027397260274,0.4849315068493151,59.519978082191784,37.32352712328767
IA,Des Moines,19057,33,84.58746451612903,37.06583870967742,0.29863013698630136,0.3643835616438356,0.1589041095890411,0.2821917808219178,0.43561643835616437,63.68111452054794,43.14366191780822
IA,Dickinson,19059,29.3,81.51074193548388,25.13607741935484,0.26575342465753427,0.2958904109589041,0.32602739726027397,0.3972602739726027,0.4931506849315068,57.69250465753424,36.97396219178082
IA,Dubuque,19061,31.6,82.36005161290322,30.69250322580645,0.2821917808219178,0.3095890410958904,0.2465753424657534,0.3835616438356164,0.4986301369863014,59.39963452054794,39.249808219178085
IA,Emmet,19063,30.3,80.89235483870968,25.6442,0.27671232876712326,0.2958904109589041,0.3150684931506849,0.39452054794520547,0.4876712328767123,57.73716931506849,37.14954356164384
IA,Fayette,19065,26.1,80.57067741935484,28.586212903225807,0.2958904109589041,0.3095890410958904,0.25205479452054796,0.3863013698630137,0.4931506849315068,58.89649753424658,37.56607342465753
IA,Floyd,19067,24.9,81.86406451612903,27.933045161290323,0.2821917808219178,0.31232876712328766,0.26301369863013696,0.3835616438356164,0.4904109589041096,59.21430849315068,37.87571780821918
IA,Franklin,19069,26.4,82.13987096774194,28.494935483870968,0.2821917808219178,0.3232876712328767,0.2602739726027397,0.38082191780821917,0.4767123287671233,59.82703835616439,37.93777589041096
IA,Fremont,19071,30.7,83.35934193548387,36.08809032258065,0.25205479452054796,0.3643835616438356,0.1506849315068493,0.29041095890410956,0.4246575342465753,64.52187726027397,41.93758301369863
IA,Greene,19073,27.4,81.8230129032258,31.21821935483871,0.30684931506849317,0.3424657534246575,0.2191780821917808,0.35342465753424657,0.4328767123287671,61.55435780821918,39.09079178082192
IA,Grundy,19075,23.8,82.86718709677419,29.837909677419354,0.2876712328767123,0.336986301369863,0.2356164383561644,0.36164383561643837,0.4712328767123288,60.76028164383562,38.92633589041096
IA,Guthrie,19077,27,82.73543870967742,32.808432258064514,0.2821917808219178,0.35342465753424657,0.19726027397260273,0.33424657534246577,0.4301369863013699,62.440638356164385,39.25249095890411
IA,Hamilton,19079,28.8,82.17865806451613,29.40027741935484,0.3013698630136986,0.336986301369863,0.2410958904109589,0.36712328767123287,0.4575342465753425,60.5411994520548,38.485784657534246
IA,Hancock,19081,28.6,80.63669677419355,26.78377419354839,0.2876712328767123,0.29863013698630136,0.29315068493150687,0.3917808219178082,0.4904109589041096,58.38667342465754,37.031838356164386
IA,Hardin,19083,25.9,82.51485161290323,29.767070967741937,0.29041095890410956,0.33972602739726027,0.2328767123287671,0.36164383561643837,0.4657534246575342,60.70668109589041,38.91070301369863
IA,Harrison,19085,27.9,83.1402064516129,32.494651612903226,0.2876712328767123,0.35342465753424657,0.18082191780821918,0.336986301369863,0.4301369863013699,62.58215287671233,39.78375726027397
IA,Henry,19087,29.8,84.78529032258065,36.81366451612903,0.29863013698630136,0.3589041095890411,0.16164383561643836,0.28493150684931506,0.4328767123287671,63.81107945205479,42.63650575342466
IA,Howard,19089,28,80.43904516129032,26.872903225806454,0.27945205479452057,0.2958904109589041,0.2958904109589041,0.40821917808219177,0.5123287671232877,57.49674356164383,36.758761095890414
IA,Humboldt,19091,29.4,81.36290967741935,27.703632258064516,0.3013698630136986,0.31232876712328766,0.273972602739726,0.37534246575342467,0.4684931506849315,59.411968219178085,37.90701808219178
IA,Ida,19093,28.5,82.38443870967743,28.584993548387096,0.273972602739726,0.32054794520547947,0.25753424657534246,0.36164383561643837,0.4602739726027397,60.38464876712329,38.399458630136984
IA,Iowa,19095,24.7,84.7660129032258,32.563806451612905,0.25753424657534246,0.336986301369863,0.2,0.3315068493150685,0.4547945205479452,62.46527123287671,40.32074904109589
IA,Jackson,19097,29.6,83.172606451612907,31.973522580645163,0.27671232876712326,0.32602739726027397,0.21095890410958903,0.3643835616438356,0.4876712328767123,60.51943178082192,39.888132602739724
IA,Jasper,19099,28,83.41856774193549,32.82614193548387,0.29863013698630136,0.35342465753424657,0.1917808219178082,0.3232876712328767,0.4383561643835616,62.56572602739726,40.70763561643836
IA,Jefferson,19101,29.2,84.8394064516129,36.13338064516129,0.29041095890410956,0.3506849315068493,0.16712328767123288,0.2958904109589041,0.4328767123287671,63.69748219178082,42.22550904109589
IA,Johnson,19103,26.1,85.25601935483871,33.88744516129032,0.2547945205479452,0.33424657534246577,0.1917808219178082,0.32602739726027397,0.4602739726027397,62.76788821917808,41.53435342465753
IA,Jones,19105,27.1,83.41752258064516,31.91551612903226,0.273972602739726,0.32054794520547947,0.20821917808219179,0.3561643835616438,0.4767123287671233,60.79454575342466,39.27002739726027
IA,Keokuk,19107,26.4,84.37779354838709,34.580329032258064,0.273972602739726,0.3561643835616438,0.18082191780821918,0.3178082191780822,0.4438356164383562,63.2163397260274,41.23773808219178
IA,Kossuth,19109,29.9,80.85089677419354,26.4884,0.2821917808219178,0.3013698630136986,0.29863013698630136,0.38082191780821917,0.4821917808219178,58.514621369863015,37.70387452054795
IA,Lee,19111,34.3,85.469,37.83176774193549,0.3095890410958904,0.36164383561643837,0.14520547945205478,0.27945205479452057,0.4136986301369863,64.32494246575342,43.8677501369863
IA,Linn,19113,25.1,84.54078064516129,32.01567741935484,0.2547945205479452,0.3287671232876712,0.2054794520547945,0.3506849315068493,0.4684931506849315,61.764844383561645,40.03544164383562
IA,Louisa,19115,28.9,85.01690967741935,36.183664516129035,0.273972602739726,0.33972602739726027,0.1726027397260274,0.2958904109589041,0.4465753424657534,63.521841643835614,42.384081643835614
IA,Lucas,19117,24.9,84.40409677419355,35.44705806451613,0.3095890410958904,0.3452054794520548,0.1643835616438356,0.3095890410958904,0.41643835616438357,63.58740602739726,41.39502849315068
IA,Lyon,19119,25.5,81.5094064516129,24.449696774193548,0.2602739726027397,0.27671232876712326,0.3178082191780822,0.3972602739726027,0.4876712328767123,58.078242191780824,36.17915616438356
IA,Madison,19121,28.6,84.06192258064516,34.45409677419355,0.2821917808219178,0.3643835616438356,0.16986301369863013,0.3095890410958904,0.4246575342465753,63.476210410958906,40.96274739726027
IA,Mahaska,19123,25.5,84.21823225806452,34.55489677419355,0.28493150684931506,0.3643835616438356,0.1643835616438356,0.3150684931506849,0.42191780821917807,63.64443397260274,41.683837260273975
IA,Marion,19125,25.1,83.54712258064517,34.258012903225804,0.3013698630136986,0.3643835616438356,0.16986301369863013,0.3150684931506849,0.4273972602739726,63.234127671232876,41.81064109589041
IA,Marshall,19127,27,82.94783870967741,30.96447741935484,0.3095890410958904,0.3315068493150685,0.21643835616438356,0.34794520547945207,0.4547945205479452,61.336133698630135,39.546063561643834
IA,Mills,19129,28.1,83.34198064516129,34.882787096774194,0.2684931506849315,0.3643835616438356,0.16164383561643836,0.3095890410958904,0.4246575342465753,63.92519452054795,42.32624493150685
IA,Mitchell,19131,27,80.96534193548386,26.96487741935484,0.27123287671232876,0.3095890410958904,0.29315068493150687,0.40273972602739727,0.5013698630136987,58.01734794520548,37.089556712328765
IA,Monona,19133,27.6,83.16453548387096,31.14018064516129,0.273972602739726,0.33424657534246577,0.2,0.3424657534246575,0.4328767123287671,62.151977534246576,39.02859561643836
IA,Monroe,19135,25.7,84.146232258064515,35.239361290322584,0.3041095890410959,0.36164383561643837,0.16164383561643836,0.30684931506849317,0.41643835616438357,63.61070739726028,41.78906082191781
IA,Montgomery,19137,26.3,82.90127096774194,34.722470967741934,0.2821917808219178,0.3643835616438356,0.1643835616438356,0.3150684931506849,0.4246575342465753,63.513729315068495,40.975559452054796
IA,Muscatine,19139,30,84.8845806451613,35.4272,0.25753424657534246,0.33972602739726027,0.18082191780821918,0.31232876712328766,0.4520547945205479,63.12011616438356,42.21688876712329
IA,O'Brien,19141,30.9,80.96371612903226,25.69587741935484,0.26301369863013696,0.29315068493150687,0.29863013698630136,0.39452054794520547,0.4904109589041096,58.19880273972603,37.21263726027397
IA,Osceola,19143,29.7,80.8686064516129,24.306683870967742,0.2684931506849315,0.28493150684931506,0.32602739726027397,0.3972602739726027,0.4904109589041096,57.26860219178082,36.28575068493151
IA,Page,19145,29.5,82.81696129032258,36.003432258064514,0.28493150684931506,0.3698630136986301,0.15342465753424658,0.2958904109589041,0.4191780821917808,63.9381594520548,41.398283287671234
IA,Palo Alto,19147,30,81.58349677419355,26.620729032258065,0.2684931506849315,0.30684931506849317,0.29315068493150687,0.3863013698630137,0.4821917808219178,58.70862684931507,37.700215342465754
IA,Plymouth,19149,29.8,82.0369806451613,27.04401935483871,0.26575342465753427,0.2958904109589041,0.27671232876712326,0.3780821917808219,0.4657534246575342,59.67400383561644,38.18968712328767
IA,Pocahontas,19151,31.3,82.01985161290322,27.479096774193547,0.26301369863013696,0.3178082191780822,0.27671232876712326,0.3726027397260274,0.473972602739726,59.547525479452055,37.837010410958904
IA,Polk,19153,26.5,84.14100645161291,33.14909677419355,0.29315068493150687,0.3424657534246575,0.18082191780821918,0.3150684931506849,0.4301369863013699,62.86321424657534,41.464138630136986
IA,Pottawattamie,19155,25,83.38872258064517,33.44301935483871,0.25753424657534246,0.3506849315068493,0.1726027397260274,0.3287671232876712,0.43561643835616437,63.07024876712329,41.357805479452054
IA,Poweshiek,19157,26.1,84.00780645161291,32.15752903225807,0.27123287671232876,0.3424657534246575,0.19452054794520549,0.336986301369863,0.4547945205479452,62.25003561643835,40.18300712328767
IA,Ringgold,19159,29.7,83.82472903225806,36.017774193548384,0.29863013698630136,0.3452054794520548,0.16164383561643836,0.31232876712328766,0.41643835616438357,63.63468438356164,41.755689315068494
IA,Sac,19161,28.3,82.28694838709677,28.550793548387098,0.2602739726027397,0.3232876712328767,0.25205479452054796,0.36712328767123287,0.4712328767123288,60.30864931506849,38.50141260273973
IA,Scott,19163,32.2,83.9547935483871,34.496483870967744,0.27671232876712326,0.3424657534246575,0.18904109589041096,0.3287671232876712,0.4575342465753425,62.225580273972604,42.62484767123288
IA,Shelby,19165,25.5,82.3270129032258,32.29816129032258,0.29315068493150687,0.3452054794520548,0.19452054794520549,0.3424657534246575,0.4438356164383562,61.85283726027397,38.9893605479452
IA,Sioux,19167,30,81.47137419354839,25.39289677419355,0.25753424657534246,0.2958904109589041,0.3013698630136986,0.38904109589041097,0.4849315068493151,58.69845808219178,37.22738246575342
IA,Story,19169,31.5,82.30094193548388,30.933935483870968,0.3095890410958904,0.3452054794520548,0.21643835616438356,0.3506849315068493,0.4547945205479452,61.23508219178082,39.942132602739726
IA,Tama,19171,24.6,83.46031612903226,30.770077419354838,0.27123287671232876,0.3287671232876712,0.2191780821917808,0.3506849315068493,0.4712328767123288,61.48957260273973,39.13772
IA,Taylor,19173,29.3,83.16267741935484,35.71444516129032,0.3041095890410959,0.3589041095890411,0.1589041095890411,0.30684931506849317,0.4191780821917808,63.478745205479456,41.533327671232875
IA,Union,19175,29.9,82.90010967741935,34.88661935483871,0.3150684931506849,0.34794520547945207,0.16712328767123288,0.3232876712328767,0.4246575342465753,62.95884602739726,41.26215397260274
IA,Van Buren,19177,29.6,85.5850129032258,37.09312903225806,0.29315068493150687,0.36164383561643837,0.14794520547945206,0.2876712328767123,0.41643835616438357,64.27185479452055,42.84951726027397
IA,Wapello,19179,25.1,84.62874838709678,35.74794838709678,0.29041095890410956,0.3506849315068493,0.1643835616438356,0.29041095890410956,0.4273972602739726,63.89636493150685,42.242256438356165
IA,Warren,19181,26.2,84.44810967741935,34.73623225806452,0.29315068493150687,0.3589041095890411,0.16986301369863013,0.3013698630136986,0.4191780821917808,63.53469808219178,41.62179890410959
IA,Washington,19183,25.8,84.94061290322581,35.13170967741935,0.2684931506849315,0.3424657534246575,0.18356164383561643,0.3013698630136986,0.4465753424657534,63.277204383561646,41.51037643835616
IA,Wayne,19185,29.5,84.23030967741936,35.96522580645161,0.3178082191780822,0.3424657534246575,0.1643835616438356,0.3013698630136986,0.4136986301369863,63.55080931506849,41.38277863013699
IA,Webster,19187,29.2,81.78794193548387,29.08394193548387,0.2958904109589041,0.3150684931506849,0.24383561643835616,0.3643835616438356,0.4657534246575342,60.29512712328767,38.43392
IA,Winnebago,19189,28.2,80.4565806451613,26.398574193548388,0.2876712328767123,0.3013698630136986,0.3095890410958904,0.3917808219178082,0.4931506849315068,57.91202575342466,37.06526904109589
IA,Winneshiek,19191,27.6,80.69255483870968,27.91463870967742,0.26575342465753427,0.3013698630136986,0.2602739726027397,0.3972602739726027,0.5150684931506849,58.13758794520548,37.379430684931506
IA,Woodbury,19193,26.6,82.89894838709677,29.20628387096774,0.2602739726027397,0.3178082191780822,0.2410958904109589,0.3561643835616438,0.4547945205479452,61.01681369863014,38.74717424657534
IA,Worth,19195,26.3,80.8597806451613,26.63716129032258,0.273972602739726,0.29863013698630136,0.3013698630136986,0.39452054794520547,0.5013698630136987,57.816709589041096,36.9431402739726
IA,Wright,19197,26.3,81.46074838709677,27.747935483870968,0.29041095890410956,0.3178082191780822,0.2602739726027397,0.3780821917808219,0.4767123287671233,59.49809698630137,37.55613643835616
KS,Allen,20001,30.2,90.24649032258064,47.23310967741936,0.29315068493150687,0.3315068493150685,0.07397260273972603,0.18904109589041096,0.33424657534246577,69.57839780821918,46.0889501369863
KS,Anderson,20003,32.8,90.2434129032258,45.561664516129035,0.273972602739726,0.336986301369863,0.0821917808219178,0.20273972602739726,0.34794520547945207,69.10502739726027,45.84298136986301
KS,Atchison,20005,32,87.17029032258064,41.521245161290324,0.23013698630136986,0.3561643835616438,0.10136986301369863,0.23835616438356164,0.39452054794520547,67.13624657534247,43.768587397260276
KS,Barber,20007,33.5,91.68678064516129,49.31350322580645,0.29863013698630136,0.2876712328767123,0.052054794520547946,0.12876712328767123,0.29863013698630136,71.5255194520548,45.247087671232876
KS,Barton,20009,26,91.51038064516129,43.64338709677419,0.26301369863013696,0.31232876712328766,0.07945205479452055,0.2,0.34794520547945207,69.56112273972603,42.90524328767123
KS,Bourbon,20011,32.4,90.72331612903226,47.60716129032258,0.29315068493150687,0.3506849315068493,0.06301369863013699,0.17534246575342466,0.3232876712328767,69.84121260273973,46.08853095890411
KS,Brown,20013,33.2,85.77203870967742,39.65528387096774,0.2547945205479452,0.3726027397260274,0.12602739726027398,0.25205479452054796,0.40273972602739727,66.14334191780821,42.59239835616438
KS,Butler,20015,28.8,90.65503225806451,47.73490322580645,0.2684931506849315,0.3178082191780822,0.07397260273972603,0.16986301369863013,0.33424657534246577,70.31533753424658,45.727381917808216
KS,Chase,20017,28.6,90.79618709677419,45.35321290322581,0.25753424657534246,0.3178082191780822,0.08767123287671233,0.1863013698630137,0.3561643835616438,69.42189643835617,44.910112876712326
KS,Chautauqua,20019,28.5,91.11554193548388,50.28457419354839,0.3013698630136986,0.3041095890410959,0.04657534246575343,0.13150684931506848,0.28493150684931506,71.80866684931507,46.64746794520548
KS,Cherokee,20021,37.4,91.2802129032258,49.78661290322581,0.3178082191780822,0.36164383561643837,0.049315068493150684,0.15342465753424658,0.2958904109589041,70.66253041095891,47.72294575342466
KS,Cheyenne,20023,24.6,88.25510967741936,33.753954838709674,0.3041095890410959,0.28493150684931506,0.1589041095890411,0.29041095890410956,0.39452054794520547,65.10397260273973,37.11089534246575
KS,Clark,20025,29.3,91.6862,49.91870967741936,0.31232876712328766,0.29863013698630136,0.06027397260273973,0.136986301369863,0.28493150684931506,71.87247561643835,42.24159068493151
KS,Clay,20027,25.1,90.02416129032258,40.939554838709675,0.2356164383561644,0.31232876712328766,0.09041095890410959,0.2273972602739726,0.3863013698630137,68.16173863013698,43.89960767123288
KS,Cloud,20029,24.6,90.29648387096775,40.16671612903226,0.2356164383561644,0.3178082191780822,0.10136986301369863,0.23013698630136986,0.3780821917808219,68.16961424657534,43.58704383561644
KS,Coffey,20031,31.4,91.15084516129032,46.00696129032258,0.2465753424657534,0.32054794520547947,0.07945205479452055,0.1917808219178082,0.34794520547945207,69.78894356164383,45.96930191780822
KS,Comanche,20033,29.6,91.71807741935484,50.0175935483871,0.30684931506849317,0.3041095890410959,0.0547945205479452,0.1232876712328767,0.2821917808219178,71.8455397260274,44.450279452054794
KS,Cowley,20035,32.1,91.04783870967742,49.70857419354839,0.273972602739726,0.30684931506849317,0.06301369863013699,0.14794520547945206,0.31232876712328766,71.48696,46.20637424657534
KS,Crawford,20037,37.2,91.20652903225806,48.52051612903226,0.3041095890410959,0.3506849315068493,0.052054794520547946,0.16712328767123288,0.3095890410958904,70.20262794520548,47.249644383561645
KS,Decatur,20039,23.7,88.66957419354839,36.27430322580645,0.2876712328767123,0.29863013698630136,0.13424657534246576,0.2684931506849315,0.3780821917808219,66.3303594520548,38.5221495890411
KS,Dickinson,20041,27.8,91.48367096774193,42.808303225806455,0.2273972602739726,0.2958904109589041,0.09315068493150686,0.20821917808219179,0.3726027397260274,69.38279452054795,44.09924493150685
KS,Doniphan,20043,35,85.49716129032258,40.39043870967742,0.24383561643835616,0.36712328767123287,0.1178082191780822,0.25205479452054796,0.4054794520547945,66.39374410958904,42.92588657534247
KS,Douglas,20045,35,88.8777935483871,43.70551612903226,0.2465753424657534,0.3287671232876712,0.09041095890410959,0.2054794520547945,0.3698630136986301,68.24150575342466,45.289636712328765
KS,Edwards,20047,22.2,91.30651612903226,45.51852258064516,0.273972602739726,0.3178082191780822,0.07671232876712329,0.18904109589041096,0.336986301369863,70.09341972602739,43.1207698630137
KS,Elk,20049,27.9,91.1682064516129,48.90014193548387,0.29041095890410956,0.3013698630136986,0.06575342465753424,0.15342465753424658,0.30684931506849317,71.05623726027397,45.58532
KS,Ellis,20051,23.1,91.22754838709677,41.088258064516126,0.2684931506849315,0.3095890410958904,0.09863013698630137,0.2219178082191781,0.34794520547945207,68.96720657534246,41.55198849315069
KS,Ellsworth,20053,25.5,91.46236129032258,42.85870322580645,0.25205479452054796,0.3178082191780822,0.0821917808219178,0.2,0.3589041095890411,69.49710191780822,43.16953753424657
KS,Finney,20055,24.6,90.17071612903226,43.50403225806451,0.29863013698630136,0.3315068493150685,0.09041095890410959,0.20821917808219179,0.34794520547945207,68.83189095890411,40.33863068493151
KS,Ford,20057,26.9,91.13754838709677,46.16187741935484,0.29863013698630136,0.30684931506849317,0.07397260273972603,0.18082191780821918,0.3232876712328767,70.13008054794521,41.89565041095891
KS,Franklin,20059,37.4,89.74916774193548,44.67490322580645,0.2684931506849315,0.3287671232876712,0.08767123287671233,0.20821917808219179,0.3506849315068493,68.78096328767123,45.26934849315069
KS,Geary,20061,27.1,89.84735483870968,42.5696,0.24383561643835616,0.3150684931506849,0.08767123287671233,0.2191780821917808,0.3835616438356164,68.36769808219178,44.17629479452055
KS,Gove,20063,22.9,89.79376129032258,39.06389677419355,0.26575342465753427,0.3013698630136986,0.11506849315068493,0.2465753424657534,0.3780821917808219,67.24053808219178,40.06023232876712
KS,Graham,20065,20.1,89.92254838709677,39.035387096774194,0.273972602739726,0.2958904109589041,0.11506849315068493,0.25205479452054796,0.3643835616438356,67.70802027397261,40.521446575342466
KS,Grant,20067,24.3,89.74835483870967,45.85332258064516,0.33424657534246577,0.32054794520547947,0.07397260273972603,0.1917808219178082,0.3150684931506849,69.60579232876712,40.22448109589041
KS,Gray,20069,27.9,90.20961935483871,45.45256129032258,0.3041095890410959,0.32602739726027397,0.07397260273972603,0.1917808219178082,0.33424657534246577,69.45111561643836,41.127750684931506
KS,Greeley,20071,22.5,88.65349032258065,41.016025806451616,0.3178082191780822,0.2821917808219178,0.10684931506849316,0.2465753424657534,0.35342465753424657,67.16384821917808,37.05133753424658
KS,Greenwood,20073,28.7,91.21727096774194,47.4507935483871,0.273972602739726,0.31232876712328766,0.07123287671232877,0.17534246575342466,0.3315068493150685,70.28669534246575,45.4265698630137
KS,Hamilton,20075,23.1,89.09042580645162,43.335006451612905,0.33424657534246577,0.30684931506849317,0.09315068493150686,0.20821917808219179,0.3287671232876712,68.62146356164384,37.66635068493151
KS,Harper,20077,37.4,91.63777419354838,49.31147096774193,0.2821917808219178,0.2821917808219178,0.049315068493150684,0.13972602739726028,0.3095890410958904,71.31700547945205,46.405799452054794
KS,Harvey,20079,25.1,91.07466451612903,46.029374193548385,0.25205479452054796,0.29863013698630136,0.07671232876712329,0.18904109589041096,0.3452054794520548,69.88234136986301,46.060682739726026
KS,Haskell,20081,28.3,89.81222580645161,45.88578064516129,0.3232876712328767,0.33424657534246577,0.07671232876712329,0.18904109589041096,0.3232876712328767,69.42622630136987,41.084057534246575
KS,Hodgeman,20083,20.4,92.50212258064516,44.38870322580645,0.28493150684931506,0.2958904109589041,0.08493150684931507,0.2,0.336986301369863,69.94640164383561,41.43909643835617
KS,Jackson,20085,29.9,87.50154838709678,41.227612903225804,0.2273972602739726,0.35342465753424657,0.09863013698630137,0.2328767123287671,0.39452054794520547,67.19494630136987,43.360012054794524
KS,Jefferson,20087,32.1,88.82652258064516,42.91949677419355,0.2273972602739726,0.3452054794520548,0.09041095890410959,0.2191780821917808,0.3780821917808219,68.17697698630137,44.79572164383562
KS,Jewell,20089,24.4,89.0253935483871,38.97302580645161,0.24383561643835616,0.3178082191780822,0.12054794520547946,0.25205479452054796,0.3917808219178082,67.1252394520548,41.14855671232877
KS,Johnson,20091,36.8,88.82228387096774,44.36408387096774,0.2547945205479452,0.33424657534246577,0.09315068493150686,0.21643835616438356,0.3698630136986301,68.10585972602739,46.35154794520548
KS,Kearny,20093,26.7,89.56545161290323,43.67851612903226,0.32602739726027397,0.3178082191780822,0.0958904109589041,0.20273972602739726,0.33424657534246577,68.71963506849315,39.34520328767123
KS,Kingman,20095,31.2,91.03158064516128,47.41386451612903,0.2684931506849315,0.3041095890410959,0.06027397260273973,0.16164383561643836,0.33424657534246577,70.52908876712328,45.17699123287671
KS,Kiowa,20097,27.1,91.0624129032258,47.187935483870966,0.28493150684931506,0.3095890410958904,0.06575342465753424,0.16712328767123288,0.32054794520547947,70.56291397260274,43.5056197260274
KS,Labette,20099,33.5,91.10845806451613,49.253987096774196,0.30684931506849317,0.34794520547945207,0.052054794520547946,0.16164383561643836,0.3041095890410959,70.59582191780822,46.88305589041096
KS,Lane,20101,21.3,91.17418709677419,41.6061935483871,0.27671232876712326,0.2958904109589041,0.10136986301369863,0.2191780821917808,0.36164383561643837,68.5677594520548,40.07968219178082
KS,Leavenworth,20103,35.4,88.29749677419355,43.66789032258065,0.25753424657534246,0.336986301369863,0.0958904109589041,0.2219178082191781,0.3780821917808219,67.78167726027397,45.646041643835616
KS,Lincoln,20105,24,92.58712903225806,42.03163225806452,0.2356164383561644,0.3013698630136986,0.08493150684931507,0.20273972602739726,0.3561643835616438,70.12948383561644,42.60016547945205
KS,Linn,20107,36.7,90.03710967741935,46.08436129032258,0.26575342465753427,0.3287671232876712,0.07671232876712329,0.20821917808219179,0.3424657534246575,69.18736876712329,45.177144109589044
KS,Logan,20109,22.5,90.05807096774194,39.25649677419355,0.273972602739726,0.2821917808219178,0.12054794520547946,0.2356164383561644,0.36164383561643837,67.69855671232877,38.11270136986301
KS,Lyon,20111,33.8,90.7489806451613,45.175535483870966,0.24383561643835616,0.3178082191780822,0.08767123287671233,0.1863013698630137,0.3561643835616438,69.50506136986301,45.330252602739726
KS,McPherson,20113,25.7,91.70669677419355,44.257187096774196,0.2465753424657534,0.3013698630136986,0.07945205479452055,0.21643835616438356,0.36164383561643837,69.65861863013698,44.46692821917808
KS,Marion,20115,25.8,91.23457419354838,44.38696129032258,0.2410958904109589,0.3013698630136986,0.08493150684931507,0.20273972602739726,0.36712328767123287,69.28750794520548,44.77331287671233
KS,Marshall,20117,29.6,85.9145870967742,38.95247096774194,0.2410958904109589,0.3506849315068493,0.12054794520547946,0.2493150684931507,0.4136986301369863,66.04914520547945,41.85586794520548
KS,Meade,20119,29.8,90.38427741935485,48.76084516129033,0.3232876712328767,0.3041095890410959,0.06301369863013699,0.1643835616438356,0.28493150684931506,70.88778191780823,41.40511835616439
KS,Miami,20121,35.2,89.28627741935483,44.76676129032258,0.26301369863013696,0.32602739726027397,0.08493150684931507,0.2136986301369863,0.3561643835616438,68.50756547945205,45.76029479452055
KS,Mitchell,20123,22.1,90.6912064516129,40.42591612903226,0.24383561643835616,0.30684931506849317,0.0958904109589041,0.2328767123287671,0.36712328767123287,68.67540931506849,42.40784657534247
KS,Montgomery,20125,28.2,91.2681935483871,49.82661935483871,0.3041095890410959,0.3150684931506849,0.052054794520547946,0.13972602739726028,0.2958904109589041,71.32509808219179,46.94443835616438
KS,Morris,20127,26.2,89.78563225806451,42.93006451612903,0.27123287671232876,0.3178082191780822,0.09315068493150686,0.2191780821917808,0.3835616438356164,68.02348383561643,43.58764547945206
KS,Morton,20129,22.4,90.06167096774193,47.890341935483875,0.33972602739726027,0.32602739726027397,0.0684931506849315,0.1589041095890411,0.29041095890410956,70.49264,40.66212273972603
KS,Nemaha,20131,30.5,85.67814838709677,39.084335483870966,0.2493150684931507,0.36164383561643837,0.1232876712328767,0.25753424657534246,0.40821917808219177,65.96793808219178,42.609145753424656
KS,Neosho,20133,33.1,90.8784064516129,48.36234838709677,0.31232876712328766,0.35342465753424657,0.0547945205479452,0.17534246575342466,0.31232876712328766,70.12130739726028,46.92442136986301
KS,Ness,20135,21.6,92.35109677419355,42.30511612903226,0.26301369863013696,0.29863013698630136,0.08767123287671233,0.2136986301369863,0.3589041095890411,69.17919232876713,40.75791726027397
KS,Norton,20137,24.6,88.94462580645161,37.2159935483871,0.2821917808219178,0.2958904109589041,0.13424657534246576,0.26575342465753427,0.3698630136986301,66.93226465753425,38.990923835616435
KS,Osage,20139,35.6,90.22593548387097,44.417793548387095,0.2602739726027397,0.3315068493150685,0.09041095890410959,0.20273972602739726,0.3506849315068493,68.98335726027398,45.355881643835616
KS,Osborne,20141,23.2,90.96016129032259,40.2422,0.25205479452054796,0.32054794520547947,0.10136986301369863,0.22465753424657534,0.3561643835616438,68.90836876712329,41.08775616438356
KS,Ottawa,20143,25.4,92.81189677419354,42.09474838709677,0.23013698630136986,0.27945205479452057,0.09315068493150686,0.2054794520547945,0.3561643835616438,70.04736438356164,43.778652602739726
KS,Pawnee,20145,24.3,91.68573548387097,44.26334193548387,0.27123287671232876,0.31232876712328766,0.07945205479452055,0.19452054794520549,0.33972602739726027,69.81463178082191,42.76755068493151
KS,Phillips,20147,25.1,88.73553548387096,37.92966451612903,0.26301369863013696,0.30684931506849317,0.1232876712328767,0.2602739726027397,0.3780821917808219,67.01245095890411,40.07676767123288
KS,Pottawatomie,20149,28,87.60594838709677,40.947509677419355,0.2356164383561644,0.3561643835616438,0.09863013698630137,0.23013698630136986,0.39452054794520547,67.17907178082191,42.99723068493151
KS,Pratt,20151,26.3,91.13528387096774,46.69821935483871,0.28493150684931506,0.30684931506849317,0.06575342465753424,0.1726027397260274,0.3287671232876712,70.35897150684931,44.725822465753424
KS,Rawlins,20153,24.3,89.02411612903227,36.01672903225806,0.2876712328767123,0.29041095890410956,0.13424657534246576,0.273972602739726,0.3835616438356164,66.2445709589041,37.93673534246575
KS,Reno,20155,25.6,91.67214838709677,45.884851612903226,0.26301369863013696,0.30684931506849317,0.0684931506849315,0.18356164383561643,0.3424657534246575,70.14077698630138,44.71493369863014
KS,Republic,20157,23.8,88.77513548387097,38.7090064516129,0.23835616438356164,0.3095890410958904,0.12054794520547946,0.2465753424657534,0.3917808219178082,66.98491835616439,41.96458301369863
KS,Rice,20159,24.5,91.22934838709678,44.004548387096776,0.2465753424657534,0.3178082191780822,0.07945205479452055,0.21095890410958903,0.36712328767123287,69.32076602739726,43.80599287671233
KS,Riley,20161,26.9,88.82907741935485,41.25786451612903,0.2328767123287671,0.3315068493150685,0.0958904109589041,0.23013698630136986,0.38904109589041097,67.74540109589041,43.79987287671233
KS,Rooks,20163,21.9,90.7443935483871,39.92807096774194,0.26301369863013696,0.32054794520547947,0.11232876712328767,0.23013698630136986,0.3506849315068493,68.95072054794521,40.50294356164384
KS,Rush,20165,23.1,91.57761935483872,42.54916129032258,0.27123287671232876,0.3013698630136986,0.0958904109589041,0.2136986301369863,0.35342465753424657,69.0710098630137,41.909478356164385
KS,Russell,20167,25.6,91.97663870967742,41.692825806451616,0.25753424657534246,0.3013698630136986,0.08767123287671233,0.21643835616438356,0.3452054794520548,69.62031561643836,42.674345205479455
KS,Saline,20169,26.1,92.03389032258065,42.91310967741936,0.2273972602739726,0.29315068493150687,0.0821917808219178,0.20821917808219179,0.36164383561643837,69.98194794520548,44.21131342465753
KS,Scott,20171,23.6,90.20143225806451,41.38583870967742,0.2876712328767123,0.3041095890410959,0.10136986301369863,0.2219178082191781,0.3589041095890411,68.2126909589041,39.119705205479455
KS,Sedgwick,20173,30.2,90.63151612903226,47.61308387096774,0.2602739726027397,0.3095890410958904,0.0684931506849315,0.16986301369863013,0.3424657534246575,70.2525397260274,46.52351452054795
KS,Seward,20175,28.8,89.75892258064516,48.482890322580644,0.3287671232876712,0.3178082191780822,0.06301369863013699,0.1643835616438356,0.2876712328767123,70.54762136986301,41.44870301369863
KS,Shawnee,20177,30.3,88.81665161290323,43.22050322580645,0.23835616438356164,0.33424657534246577,0.09041095890410959,0.2191780821917808,0.3698630136986301,68.29532328767124,44.41132054794521
KS,Sheridan,20179,22.4,88.63241290322581,37.3554064516129,0.29863013698630136,0.2958904109589041,0.12876712328767123,0.26575342465753427,0.37534246575342467,66.30043506849314,39.73303671232877
KS,Sherman,20181,23.5,87.61233548387096,34.712135483870966,0.3150684931506849,0.2821917808219178,0.1589041095890411,0.28493150684931506,0.4,64.8085506849315,37.33214739726027
KS,Smith,20183,26.1,89.2103870967742,38.58230967741935,0.2356164383561644,0.32054794520547947,0.12054794520547946,0.25753424657534246,0.38904109589041097,67.28450246575342,40.187687123287674
KS,Stafford,20185,26,91.12645806451613,45.379051612903226,0.27945205479452057,0.3178082191780822,0.07123287671232877,0.19726027397260273,0.33972602739726027,69.97661698630137,43.903651506849315
KS,Stanton,20187,22.4,89.90930967741936,46.179470967741935,0.3315068493150685,0.3178082191780822,0.07397260273972603,0.18082191780821918,0.30684931506849317,69.86978575342465,40.043100273972605
KS,Stevens,20189,24.5,89.75636774193548,48.440387096774195,0.3287671232876712,0.30684931506849317,0.07123287671232877,0.15616438356164383,0.29041095890410956,70.64224712328767,40.49736109589041
KS,Sumner,20191,33.2,91.32312258064516,49.421851612903225,0.27945205479452057,0.3013698630136986,0.057534246575342465,0.14520547945205478,0.3150684931506849,71.29750136986301,46.71812657534247
KS,Thomas,20193,23.1,88.74134193548387,36.834683870967744,0.2958904109589041,0.29041095890410956,0.12876712328767123,0.2684931506849315,0.3780821917808219,66.24890082191781,38.08192876712329
KS,Trego,20195,19.4,90.93815483870968,40.14058709677419,0.26301369863013696,0.29863013698630136,0.10410958904109589,0.2328767123287671,0.36712328767123287,68.21498904109589,41.191485479452055
KS,Wabaunsee,20197,28.7,88.90461935483872,42.61349677419355,0.23835616438356164,0.3287671232876712,0.09863013698630137,0.2328767123287671,0.3780821917808219,67.97543616438357,44.07080493150685
KS,Wallace,20199,22.6,88.95414838709678,38.6811935483871,0.2876712328767123,0.27945205479452057,0.12054794520547946,0.25753424657534246,0.3863013698630137,66.5085693150685,37.354802739726026
KS,Washington,20201,26.6,87.82572258064516,38.84371612903226,0.2219178082191781,0.3287671232876712,0.12876712328767123,0.2493150684931507,0.4,66.77502849315069,42.045972602739724
KS,Wichita,20203,24.1,88.8750064516129,40.968122580645165,0.3013698630136986,0.29863013698630136,0.1095890410958904,0.2356164383561644,0.3643835616438356,67.32470410958904,38.4702898630137
KS,Wilson,20205,33.4,91.53767096774193,48.49461935483871,0.3041095890410959,0.3178082191780822,0.0547945205479452,0.1643835616438356,0.30684931506849317,70.57490246575342,46.58686465753425
KS,Woodson,20207,29.7,90.40622580645162,47.1794,0.29041095890410956,0.336986301369863,0.07123287671232877,0.18082191780821918,0.3315068493150685,69.77312821917808,46.313644383561645
KS,Wyandotte,20209,37.4,88.56209677419355,44.43997419354839,0.26301369863013696,0.33972602739726027,0.09315068493150686,0.21643835616438356,0.3726027397260274,68.08441260273973,46.91305424657534
KY,Adair,21001,41.8,86.07983870967742,52.819148387096774,0.4,0.4136986301369863,0.038356164383561646,0.12602739726027398,0.29041095890410956,68.94703671232877,47.08089808219178
KY,Allen,21003,45.5,86.96781935483871,53.733722580645164,0.4054794520547945,0.4136986301369863,0.03287671232876712,0.1178082191780822,0.27123287671232876,69.9907901369863,48.227325479452055
KY,Anderson,21005,41.3,85.49094838709678,50.16292903225806,0.37534246575342467,0.38904109589041097,0.057534246575342465,0.15342465753424658,0.3232876712328767,67.7692301369863,46.190228493150684
KY,Ballard,21007,57.4,88.61,51.02187741935484,0.3315068493150685,0.410958904109589,0.03287671232876712,0.13972602739726028,0.29315068493150687,70.2935501369863,49.5665501369863
KY,Barren,21009,45.4,86.7861935483871,53.18449032258064,0.4054794520547945,0.41643835616438357,0.038356164383561646,0.1232876712328767,0.27671232876712326,69.63867561643836,47.9270805479452
KY,Bath,21011,42.3,84.70945806451613,50.10445806451613,0.40821917808219177,0.38904109589041097,0.0547945205479452,0.1589041095890411,0.336986301369863,67.31192657534247,45.08611342465753
KY,Bell,21013,45.2,84.7526,51.660587096774194,0.4575342465753425,0.4191780821917808,0.043835616438356165,0.1232876712328767,0.29863013698630136,68.22031506849315,47.03239671232877
KY,Boone,21015,38.9,85.1157935483871,47.01263870967742,0.3589041095890411,0.3726027397260274,0.07671232876712329,0.16986301369863013,0.37534246575342467,66.40035726027398,45.65030246575343
KY,Bourbon,21017,43.7,84.9295806451613,49.44211612903226,0.3917808219178082,0.3726027397260274,0.06575342465753424,0.1726027397260274,0.3424657534246575,67.02426191780822,44.97444438356165
KY,Boyd,21019,34.1,86.00522580645162,49.23796129032258,0.3917808219178082,0.4054794520547945,0.06027397260273973,0.15342465753424658,0.3424657534246575,67.61974136986301,44.89995890410959
KY,Boyle,21021,42.6,85.36053548387096,51.01456129032258,0.4136986301369863,0.3863013698630137,0.052054794520547946,0.14794520547945206,0.31232876712328766,67.74047452054795,46.945296438356166
KY,Bracken,21023,40.4,84.80056129032258,48.24865806451613,0.3780821917808219,0.3835616438356164,0.0684931506849315,0.16986301369863013,0.3589041095890411,66.64322410958904,44.57780328767123
KY,Breathitt,21025,41.1,85.595,51.81422580645162,0.4383561643835616,0.41643835616438357,0.057534246575342465,0.12876712328767123,0.3013698630136986,68.40514794520548,46.4050498630137
KY,Breckinridge,21027,48.9,86.13592903225806,50.73991612903226,0.38082191780821917,0.4191780821917808,0.052054794520547946,0.13972602739726028,0.3095890410958904,68.49589753424658,46.61633534246575
KY,Bullitt,21029,46.3,87.17087096774193,50.96369677419355,0.38904109589041097,0.4136986301369863,0.057534246575342465,0.136986301369863,0.2876712328767123,69.05673315068493,47.802796712328764
KY,Butler,21031,48.4,86.92485161290323,52.10338709677419,0.4054794520547945,0.4191780821917808,0.03561643835616438,0.12876712328767123,0.273972602739726,69.65014136986301,46.737063561643836
KY,Caldwell,21033,53.5,87.52750322580646,51.978780645161294,0.3698630136986301,0.4191780821917808,0.03561643835616438,0.12602739726027398,0.29041095890410956,69.7395693150685,48.59351452054795
KY,Calloway,21035,52.4,88.37158709677419,52.733735483870966,0.35342465753424657,0.4136986301369863,0.030136986301369864,0.1178082191780822,0.26575342465753427,70.48758520547945,49.377471232876715
KY,Campbell,21037,39.9,85.4874064516129,47.56425161290323,0.3643835616438356,0.37534246575342467,0.06575342465753424,0.16164383561643836,0.3643835616438356,66.78519232876712,45.67410191780822
KY,Carlisle,21039,62,88.06192903225806,51.50578709677419,0.33424657534246577,0.4136986301369863,0.03287671232876712,0.12876712328767123,0.27671232876712326,70.46024,49.185344657534245
KY,Carroll,21041,41.3,85.12043870967742,48.553787096774194,0.3589041095890411,0.39452054794520547,0.06575342465753424,0.16164383561643836,0.3506849315068493,67.19945863013699,45.02820767123288
KY,Carter,21043,37,83.3350129032258,48.55628387096774,0.4465753424657534,0.3780821917808219,0.06301369863013699,0.17534246575342466,0.34794520547945207,66.3062295890411,43.06753917808219
KY,Casey,21045,45.4,84.8341806451613,51.882451612903225,0.4383561643835616,0.4,0.0410958904109589,0.12876712328767123,0.3013698630136986,67.89221698630136,46.15095397260274
KY,Christian,21047,54.2,87.91781290322581,52.604367741935484,0.3863013698630137,0.4136986301369863,0.038356164383561646,0.12054794520547946,0.27123287671232876,70.02530575342466,48.667590684931504
KY,Clark,21049,40.9,85.02445806451612,50.5233935483871,0.39452054794520547,0.39452054794520547,0.0547945205479452,0.16164383561643836,0.32602739726027397,67.51703780821917,45.37912383561644
KY,Clay,21051,46.5,85.92097419354839,52.43011612903226,0.42191780821917807,0.4246575342465753,0.049315068493150684,0.11506849315068493,0.29315068493150687,68.82353205479453,45.93485534246575
KY,Clinton,21053,44.4,85.7192,53.93282580645161,0.42191780821917807,0.4273972602739726,0.038356164383561646,0.10410958904109589,0.28493150684931506,69.33797205479452,46.89628712328767
KY,Crittenden,21055,46.6,87.94771612903226,50.77051612903226,0.3643835616438356,0.41643835616438357,0.04657534246575343,0.13972602739726028,0.3041095890410959,69.39354520547946,48.202702465753426
KY,Cumberland,21057,45.5,87.33478709677419,54.58210322580645,0.3917808219178082,0.4328767123287671,0.038356164383561646,0.10136986301369863,0.27123287671232876,70.35901095890411,47.282557260273975
KY,Daviess,21059,46.4,87.05427741935483,50.12588387096774,0.3452054794520548,0.4191780821917808,0.0547945205479452,0.14246575342465753,0.3232876712328767,68.92184164383562,48.221580273972606
KY,Edmonson,21061,48.4,86.82637419354839,52.21876129032258,0.4054794520547945,0.4191780821917808,0.04657534246575343,0.1232876712328767,0.28493150684931506,69.29150739726028,46.82379890410959
KY,Elliott,21063,36.8,84.50530322580646,49.48345806451613,0.4301369863013699,0.3863013698630137,0.057534246575342465,0.1643835616438356,0.33972602739726027,66.94791726027397,43.38341698630137
KY,Estill,21065,44.7,85.28092903225806,51.63236774193548,0.40821917808219177,0.410958904109589,0.052054794520547946,0.13150684931506848,0.31232876712328766,68.28764493150685,44.91159232876712
KY,Fayette,21067,43.8,85.03653548387096,49.85187741935484,0.3917808219178082,0.3780821917808219,0.06575342465753424,0.16712328767123288,0.336986301369863,67.13211397260274,46.733685479452056
KY,Fleming,21069,44.2,84.29801290322581,48.97754193548387,0.4136986301369863,0.38904109589041097,0.06301369863013699,0.17534246575342466,0.34794520547945207,66.70507506849314,45.36823506849315
KY,Floyd,21071,43.4,85.8748129032258,51.59950322580645,0.4465753424657534,0.4054794520547945,0.04657534246575343,0.13150684931506848,0.3095890410958904,68.14231835616438,46.14504109589041
KY,Franklin,21073,42.1,85.32796129032258,49.783070967741935,0.37534246575342467,0.3863013698630137,0.057534246575342465,0.15616438356164383,0.3315068493150685,67.64018246575343,45.74127397260274
KY,Fulton,21075,55.8,88.22253548387097,51.86503225806452,0.3232876712328767,0.40821917808219177,0.024657534246575342,0.12876712328767123,0.27945205479452057,70.7504591780822,49.69128767123288
KY,Gallatin,21077,40.8,85.1890129032258,48.29969677419355,0.3561643835616438,0.3917808219178082,0.06575342465753424,0.15616438356164383,0.35342465753424657,67.30076164383561,44.45484109589041
KY,Garrard,21079,41.5,86.0265935483871,51.22690322580645,0.3863013698630137,0.4,0.052054794520547946,0.13972602739726028,0.31232876712328766,68.25072767123288,46.64845424657534
KY,Grant,21081,41.5,85.12560645161291,48.27449677419355,0.36712328767123287,0.3780821917808219,0.07123287671232877,0.16164383561643836,0.34794520547945207,67.11395123287672,45.4082295890411
KY,Graves,21083,58.6,88.19553548387097,52.07847741935484,0.3506849315068493,0.42191780821917807,0.03287671232876712,0.1232876712328767,0.273972602739726,70.26318684931506,49.05652383561644
KY,Grayson,21085,47.6,86.126,51.01729032258064,0.38904109589041097,0.42191780821917807,0.04657534246575343,0.13972602739726028,0.3041095890410959,68.50075506849315,45.399441643835615
KY,Green,21087,43.5,86.42474193548387,52.49474193548387,0.4,0.42191780821917807,0.0410958904109589,0.12602739726027398,0.29315068493150687,68.94419616438356,46.64201863013699
KY,Greenup,21089,37.1,85.05308387096774,48.49334193548387,0.39452054794520547,0.40821917808219177,0.06301369863013699,0.15616438356164383,0.34794520547945207,67.27928493150685,44.12516493150685
KY,Hancock,21091,49.2,86.60166451612903,50.22122580645161,0.37534246575342467,0.4136986301369863,0.057534246575342465,0.136986301369863,0.31232876712328766,68.6965901369863,47.96345534246576
KY,Hardin,21093,48.5,85.9379870967742,50.44854838709677,0.38904109589041097,0.4054794520547945,0.052054794520547946,0.14794520547945206,0.31232876712328766,68.05677150684932,46.27646082191781
KY,Harlan,21095,44.4,84.12463225806451,50.35256774193549,0.473972602739726,0.3780821917808219,0.049315068493150684,0.136986301369863,0.32602739726027397,66.94132383561644,45.734951780821916
KY,Harrison,21097,44.4,85.17269677419355,49.09756129032258,0.3780821917808219,0.3835616438356164,0.06027397260273973,0.1643835616438356,0.3452054794520548,67.19338301369864,44.618695342465756
KY,Hart,21099,46.7,86.08889677419354,52.02006451612903,0.40273972602739727,0.41643835616438357,0.04657534246575343,0.13424657534246576,0.2958904109589041,68.59536109589041,46.55087452054794
KY,Henderson,21101,43.5,87.13208387096775,48.90478709677419,0.3315068493150685,0.41643835616438357,0.06027397260273973,0.1589041095890411,0.3287671232876712,68.6425309589041,47.67603232876712
KY,Henry,21103,41.1,84.7611935483871,48.75892903225807,0.3835616438356164,0.38082191780821917,0.06301369863013699,0.1643835616438356,0.3452054794520548,66.94445534246576,45.47761589041096
KY,Hickman,21105,58.9,87.80307741935484,51.875541935483874,0.336986301369863,0.42191780821917807,0.030136986301369864,0.12602739726027398,0.27945205479452057,70.49263506849316,48.99761698630137
KY,Hopkins,21107,48,88.18618709677419,51.732064516129036,0.35342465753424657,0.4136986301369863,0.038356164383561646,0.1232876712328767,0.27671232876712326,70.1621402739726,47.99211232876712
KY,Jackson,21109,46.3,84.43574193548388,51.223303225806454,0.4575342465753425,0.3972602739726027,0.057534246575342465,0.13972602739726028,0.32054794520547947,67.37674136986301,44.9617901369863
KY,Jefferson,21111,44.3,86.62390322580646,50.35343870967742,0.38082191780821917,0.4136986301369863,0.06027397260273973,0.13972602739726028,0.3041095890410959,68.52282849315068,48.5664602739726
KY,Jessamine,21113,43.2,85.65678064516129,50.58430322580645,0.3698630136986301,0.38904109589041097,0.057534246575342465,0.15342465753424658,0.32602739726027397,67.78808328767123,47.07232712328767
KY,Johnson,21115,36.6,85.34247741935484,51.33513548387097,0.4410958904109589,0.40273972602739727,0.052054794520547946,0.136986301369863,0.3150684931506849,67.93709369863014,45.0380904109589
KY,Kenton,21117,39,85.3830064516129,47.291174193548386,0.3643835616438356,0.37534246575342467,0.07397260273972603,0.16164383561643836,0.36712328767123287,66.60093643835616,46.033746849315065
KY,Knott,21119,42.6,84.97440645161291,51.36834838709677,0.4684931506849315,0.3917808219178082,0.0547945205479452,0.14246575342465753,0.3041095890410959,67.66749315068493,46.05032657534247
KY,Knox,21121,45,85.68784516129033,52.682870967741934,0.4383561643835616,0.41643835616438357,0.04657534246575343,0.12054794520547946,0.27945205479452057,68.91603726027397,46.528046575342465
KY,Larue,21123,46.9,85.70990967741935,51.140967741935484,0.40821917808219177,0.4191780821917808,0.049315068493150684,0.136986301369863,0.3095890410958904,68.10752657534246,47.661139178082195
KY,Laurel,21125,45.1,85.11643225806452,52.369032258064514,0.4383561643835616,0.41643835616438357,0.049315068493150684,0.12602739726027398,0.29863013698630136,68.29066301369863,46.43111287671233
KY,Lawrence,21127,35.6,85.8542,50.51828387096774,0.42191780821917807,0.40273972602739727,0.057534246575342465,0.1506849315068493,0.32054794520547947,67.86941863013699,43.812985753424655
KY,Lee,21129,44.8,85.73046451612903,51.778051612903226,0.4054794520547945,0.4191780821917808,0.052054794520547946,0.12876712328767123,0.3095890410958904,68.57480164383561,45.420982465753426
KY,Leslie,21131,45.1,85.78893548387097,52.583464516129034,0.4438356164383562,0.4136986301369863,0.04657534246575343,0.1178082191780822,0.2876712328767123,68.7923008219178,46.63355616438356
KY,Letcher,21133,42.7,83.543,50.49157419354839,0.4876712328767123,0.35342465753424657,0.0547945205479452,0.14246575342465753,0.32602739726027397,66.71068219178082,44.83382246575342
KY,Lewis,21135,42.7,84.20452903225807,48.36490322580645,0.41643835616438357,0.39452054794520547,0.0684931506849315,0.16986301369863013,0.34794520547945207,66.6449501369863,45.011312328767126
KY,Lincoln,21137,44,85.22727741935483,51.51321935483871,0.42191780821917807,0.40273972602739727,0.04657534246575343,0.13972602739726028,0.3095890410958904,67.89185698630136,46.38559506849315
KY,Livingston,21139,51.8,87.99823225806452,50.893903225806454,0.336986301369863,0.4136986301369863,0.043835616438356165,0.13150684931506848,0.3013698630136986,69.67759506849315,48.55287890410959
KY,Logan,21141,51,87.70994193548387,52.4975870967742,0.40273972602739727,0.410958904109589,0.03561643835616438,0.12876712328767123,0.27671232876712326,69.73543178082191,48.28589205479452
KY,Lyon,21143,52.6,87.97535483870968,52.56726451612903,0.3643835616438356,0.410958904109589,0.030136986301369864,0.1178082191780822,0.27123287671232876,70.48049863013699,49.0938898630137
KY,McCracken,21145,55.1,88.14647096774193,51.305929032258064,0.33972602739726027,0.410958904109589,0.038356164383561646,0.13424657534246576,0.29041095890410956,70.22466684931507,49.26029863013699
KY,McCreary,21147,42.2,85.06533548387097,52.884703225806454,0.4520547945205479,0.4136986301369863,0.038356164383561646,0.11232876712328767,0.29315068493150687,68.51894246575343,46.34776054794521
KY,McLean,21149,48.5,86.89291612903226,50.49662580645161,0.3561643835616438,0.42191780821917807,0.0547945205479452,0.14246575342465753,0.32054794520547947,69.07860438356164,47.44489260273973
KY,Madison,21151,42.6,85.89734193548387,51.245251612903225,0.39452054794520547,0.3972602739726027,0.052054794520547946,0.136986301369863,0.3178082191780822,68.13741643835617,45.61942630136986
KY,Magoffin,21153,39.9,85.11782580645162,51.35476129032258,0.4547945205479452,0.40273972602739727,0.0547945205479452,0.12876712328767123,0.31232876712328766,67.82256931506849,46.062566575342466
KY,Marion,21155,45.3,86.11897419354838,51.42269677419355,0.4054794520547945,0.40273972602739727,0.049315068493150684,0.14246575342465753,0.3013698630136986,68.32990794520548,47.2614898630137
KY,Marshall,21157,52.6,87.54770967741936,52.253541935483874,0.3726027397260274,0.4191780821917808,0.0273972602739726,0.1232876712328767,0.2684931506849315,70.18621095890411,48.823105753424656
KY,Martin,21159,41,85.91034838709678,50.97681935483871,0.42191780821917807,0.40821917808219177,0.052054794520547946,0.13972602739726028,0.3178082191780822,67.91535561643836,46.13476876712329
KY,Mason,21161,41.3,84.6752,48.2738,0.4,0.39452054794520547,0.06575342465753424,0.17534246575342466,0.3506849315068493,66.5240394520548,44.87583890410959
KY,Meade,21163,48.3,86.27615483870967,50.5539935483871,0.38082191780821917,0.41643835616438357,0.0547945205479452,0.136986301369863,0.3150684931506849,68.35817534246576,46.23573150684931
KY,Menifee,21165,41.4,84.84312258064516,50.13993548387097,0.4191780821917808,0.39452054794520547,0.057534246575342465,0.1506849315068493,0.3315068493150685,67.34966739726028,46.00975506849315
KY,Mercer,21167,40.4,85.77052903225807,50.766974193548386,0.3835616438356164,0.3835616438356164,0.052054794520547946,0.1506849315068493,0.31232876712328766,68.0366509589041,46.8902805479452
KY,Metcalfe,21169,46.9,86.15131612903225,53.000541935483874,0.39452054794520547,0.4136986301369863,0.038356164383561646,0.1232876712328767,0.29041095890410956,69.16541863013698,48.088513424657535
KY,Monroe,21171,45.5,86.3019935483871,53.817625806451616,0.4,0.4246575342465753,0.038356164383561646,0.11506849315068493,0.27671232876712326,69.7100789041096,47.746567671232874
KY,Montgomery,21173,40.8,84.93045161290323,50.215883870967744,0.39452054794520547,0.3863013698630137,0.0547945205479452,0.15616438356164383,0.3315068493150685,67.45622246575343,44.961770410958906
KY,Morgan,21175,39,84.50048387096774,50.411270967741935,0.4328767123287671,0.38904109589041097,0.0547945205479452,0.15616438356164383,0.33424657534246577,67.19017753424657,45.04149808219178
KY,Muhlenberg,21177,51.8,87.72190322580646,51.82949677419355,0.38082191780821917,0.410958904109589,0.038356164383561646,0.12602739726027398,0.27945205479452057,69.89259890410959,47.52331342465754
KY,Nelson,21179,45.4,86.99487741935484,51.34372903225807,0.37534246575342467,0.4136986301369863,0.052054794520547946,0.136986301369863,0.2958904109589041,69.00465643835616,47.08428109589041
KY,Nicholas,21181,45.1,84.7815741935484,49.120787096774194,0.38904109589041097,0.3917808219178082,0.06027397260273973,0.17534246575342466,0.34794520547945207,66.91841698630137,44.8141704109589
KY,Ohio,21183,49.6,87.0495741935484,51.40272258064516,0.38904109589041097,0.4191780821917808,0.04657534246575343,0.13424657534246576,0.2876712328767123,69.49816219178082,47.12661315068493
KY,Oldham,21185,42.6,85.2584,48.89468387096774,0.3698630136986301,0.4,0.06301369863013699,0.1589041095890411,0.34794520547945207,67.19261369863014,46.59527287671233
KY,Owen,21187,42.2,84.70260645161291,48.713929032258065,0.37534246575342467,0.38904109589041097,0.0684931506849315,0.1589041095890411,0.3452054794520548,67.12888876712329,45.07015506849315
KY,Owsley,21189,44.9,85.55621290322581,52.08933548387097,0.42191780821917807,0.42191780821917807,0.052054794520547946,0.12602739726027398,0.2958904109589041,68.59662849315069,45.08934849315069
KY,Pendleton,21191,40.2,85.34172258064517,48.05327096774194,0.38082191780821917,0.37534246575342467,0.0684931506849315,0.1643835616438356,0.3506849315068493,66.97374356164383,44.61120438356164
KY,Perry,21193,44.1,85.73336774193548,51.98116129032258,0.4273972602739726,0.4136986301369863,0.052054794520547946,0.12602739726027398,0.3013698630136986,68.48596547945205,45.97685698630137
KY,Pike,21195,42.2,85.58663870967742,50.55271612903226,0.4410958904109589,0.4,0.057534246575342465,0.14246575342465753,0.32054794520547947,67.60956767123288,46.321046575342464
KY,Powell,21197,43.4,85.26194193548388,51.18434193548387,0.40273972602739727,0.4,0.0547945205479452,0.13424657534246576,0.3150684931506849,68.12378575342466,45.462397260273974
KY,Pulaski,21199,41.9,85.44327741935484,52.666845161290325,0.4328767123287671,0.4136986301369863,0.038356164383561646,0.12876712328767123,0.29863013698630136,68.51028273972602,46.38939232876712
KY,Robertson,21201,43.8,84.98015483870968,48.683793548387094,0.3863013698630137,0.3835616438356164,0.06575342465753424,0.16986301369863013,0.34794520547945207,66.88126794520548,44.51796438356164
KY,Rockcastle,21203,43.6,84.76705806451614,51.68178064516129,0.4383561643835616,0.4054794520547945,0.052054794520547946,0.13424657534246576,0.30684931506849317,67.83060273972603,45.92183616438356
KY,Rowan,21205,42,83.81892258064516,49.22054193548387,0.4273972602739726,0.3863013698630137,0.0547945205479452,0.16986301369863013,0.34794520547945207,66.53153534246576,45.794307397260276
KY,Russell,21207,42.3,85.76007741935484,52.920993548387095,0.42191780821917807,0.4191780821917808,0.038356164383561646,0.13150684931506848,0.2958904109589041,68.67756438356164,46.14843397260274
KY,Scott,21209,43.4,84.67682580645162,48.82465806451613,0.38904109589041097,0.37534246575342467,0.0684931506849315,0.16712328767123288,0.34794520547945207,66.83235232876713,45.78291068493151
KY,Shelby,21211,44.7,85.20556129032258,49.349735483870965,0.37534246575342467,0.39452054794520547,0.06301369863013699,0.16164383561643836,0.3424657534246575,67.29432109589041,46.07170465753425
KY,Simpson,21213,45.9,87.25297419354838,52.82930967741935,0.39452054794520547,0.4054794520547945,0.03561643835616438,0.12602739726027398,0.28493150684931506,69.69731616438357,48.58097863013699
KY,Spencer,21215,43.4,87.22701935483872,51.021993548387094,0.36164383561643837,0.3863013698630137,0.052054794520547946,0.136986301369863,0.29863013698630136,69.29183287671233,46.46632876712329
KY,Taylor,21217,43,85.55894193548387,51.577961290322584,0.4136986301369863,0.4,0.04657534246575343,0.14246575342465753,0.2958904109589041,68.24167835616439,46.945232328767126
KY,Todd,21219,52.5,88.09107741935485,52.124174193548384,0.3835616438356164,0.410958904109589,0.0410958904109589,0.12876712328767123,0.27671232876712326,69.83031890410959,48.28273095890411
KY,Trigg,21221,53.1,87.80714193548387,53.03538064516129,0.37534246575342467,0.40821917808219177,0.03287671232876712,0.1178082191780822,0.2602739726027397,70.38190794520548,48.53539671232877
KY,Trimble,21223,43.4,84.40456129032258,47.994567741935484,0.36164383561643837,0.3780821917808219,0.0684931506849315,0.17534246575342466,0.36712328767123287,66.49909589041096,45.43770520547945
KY,Union,21225,42.7,88.02395483870967,49.54744516129032,0.3287671232876712,0.4136986301369863,0.0547945205479452,0.15616438356164383,0.3232876712328767,69.12227287671233,47.69840657534247
KY,Warren,21227,45.9,87.27486451612903,52.89736129032258,0.3917808219178082,0.4246575342465753,0.03561643835616438,0.12054794520547946,0.2821917808219178,69.78950575342466,47.90280273972603
KY,Washington,21229,45,85.90297419354839,50.972058064516126,0.3863013698630137,0.39452054794520547,0.052054794520547946,0.14246575342465753,0.3095890410958904,68.20162958904109,47.182339178082195
KY,Wayne,21231,42.8,85.6134064516129,53.152206451612905,0.4273972602739726,0.42191780821917807,0.038356164383561646,0.11506849315068493,0.29863013698630136,68.7445589041096,46.39009260273973
KY,Webster,21233,44.6,87.86863225806452,50.36052258064516,0.35342465753424657,0.4136986301369863,0.057534246575342465,0.1506849315068493,0.3095890410958904,69.41337479452055,47.50707890410959
KY,Whitley,21235,44.9,85.16729677419355,52.70029032258064,0.4575342465753425,0.41643835616438357,0.038356164383561646,0.1232876712328767,0.2821917808219178,68.65076164383562,46.46823726027397
KY,Wolfe,21237,41.6,85.73046451612903,51.04707741935484,0.410958904109589,0.4,0.06027397260273973,0.12876712328767123,0.32054794520547947,68.20535780821918,46.35781095890411
KY,Woodford,21239,43.1,85.30781290322581,50.0495870967742,0.38082191780821917,0.3835616438356164,0.06027397260273973,0.15342465753424658,0.3315068493150685,67.50233205479452,46.518237808219176
LA,Acadia,22001,48.2,94.39183225806451,66.69372258064516,0.3698630136986301,0.3452054794520548,0,0.010958904109589041,0.0821917808219178,80.62615671232876,60.97285917808219
LA,Allen,22003,43.4,95.92798709677419,66.55326451612903,0.36164383561643837,0.3178082191780822,0,0.01643835616438356,0.08493150684931507,81.15063726027397,59.05164767123288
LA,Ascension,22005,40.5,95.0112064516129,68.6237870967742,0.3452054794520548,0.36164383561643837,0,0.0027397260273972603,0.0684931506849315,81.32166684931506,60.95532273972603
LA,Assumption,22007,48.5,93.99751612903226,68.56427096774193,0.35342465753424657,0.3835616438356164,0,0.0027397260273972603,0.07945205479452055,80.56395068493151,61.70476876712329
LA,Avoyelles,22009,42.5,95.51828387096774,66.03910322580646,0.336986301369863,0.3287671232876712,0.0027397260273972603,0.01643835616438356,0.10410958904109589,80.57024821917808,58.26163506849315
LA,Beauregard,22011,39.6,96.37316774193549,66.43370967741936,0.3506849315068493,0.3232876712328767,0,0.01643835616438356,0.08767123287671233,81.0187293150685,58.7544701369863
LA,Bienville,22013,48.1,94.9526193548387,63.047212903225805,0.36712328767123287,0.31232876712328766,0.00821917808219178,0.024657534246575342,0.12054794520547946,79.10464383561644,55.253514520547945
LA,Bossier,22015,54.9,94.22303870967743,62.53183225806452,0.3698630136986301,0.31232876712328766,0.00821917808219178,0.021917808219178082,0.136986301369863,78.2269589041096,55.7582197260274
LA,Caddo,22017,54.5,94.71536774193548,62.68558709677419,0.3726027397260274,0.3178082191780822,0.00821917808219178,0.019178082191780823,0.13424657534246576,78.40785643835616,56.184612602739726
LA,Calcasieu,22019,43.1,94.52990967741935,67.08652903225807,0.3835616438356164,0.3424657534246575,0,0.00821917808219178,0.0821917808219178,80.46638575342466,61.20545863013699
LA,Caldwell,22021,43.7,94.48827741935483,63.90738064516129,0.34794520547945207,0.32054794520547947,0.00821917808219178,0.021917808219178082,0.1178082191780822,79.5055506849315,56.155699178082195
LA,Cameron,22023,42.6,94.20503870967742,66.94723225806452,0.38904109589041097,0.3315068493150685,0,0.005479452054794521,0.0821917808219178,79.90504712328767,64.50651068493151
LA,Catahoula,22025,39.6,95.24102580645162,65.13933548387097,0.33424657534246577,0.3232876712328767,0.0027397260273972603,0.021917808219178082,0.11232876712328767,80.32992109589041,57.15918191780822
LA,Claiborne,22027,54.5,93.55332258064516,62.27118064516129,0.3589041095890411,0.3424657534246575,0.00821917808219178,0.024657534246575342,0.13972602739726028,78.07914191780822,54.13159178082192
LA,Concordia,22029,38.2,94.91209032258064,65.44481290322581,0.33424657534246577,0.32602739726027397,0.0027397260273972603,0.021917808219178082,0.1095890410958904,80.36109808219177,57.50975287671233
LA,De Soto,22031,50.1,95.97919999999999,63.55568387096774,0.36164383561643837,0.29863013698630136,0.00821917808219178,0.024657534246575342,0.12054794520547946,79.38044821917808,56.49673753424658
LA,East Baton Rouge,22033,48.5,95.57570967741935,67.90535483870968,0.33972602739726027,0.3287671232876712,0,0.00821917808219178,0.0684931506849315,81.55765424657534,60.73932767123288
LA,East Carroll,22035,45.4,92.55786451612903,61.88632903225806,0.3506849315068493,0.3561643835616438,0.00821917808219178,0.03561643835616438,0.1589041095890411,77.65327178082192,56.16552767123288
LA,East Feliciana,22037,46.5,95.66843870967742,67.3317935483871,0.32602739726027397,0.3232876712328767,0,0.0136986301369863,0.09041095890410959,81.25418410958905,58.46149424657534
LA,Evangeline,22039,46.2,95.9149806451613,66.52086451612904,0.3506849315068493,0.33424657534246577,0,0.01643835616438356,0.08767123287671233,81.17738575342466,59.14540054794521
LA,Franklin,22041,46.5,94.4577935483871,64.08163225806452,0.33972602739726027,0.3315068493150685,0.00821917808219178,0.024657534246575342,0.1232876712328767,79.61186410958904,56.54084
LA,Grant,22043,38.5,96.38396774193548,65.42901935483872,0.32054794520547947,0.3178082191780822,0.0027397260273972603,0.019178082191780823,0.1095890410958904,80.82422575342466,57.53757150684932
LA,Iberia,22045,46.2,94.05813548387097,67.69156129032258,0.37534246575342467,0.3452054794520548,0,0.010958904109589041,0.07945205479452055,80.22159068493151,62.60432
LA,Iberville,22047,47,94.98647096774194,68.23266451612903,0.3506849315068493,0.34794520547945207,0,0.005479452054794521,0.0684931506849315,81.27124712328767,61.172871232876716
LA,Jackson,22049,50.9,94.84595483870967,63.03205806451613,0.3561643835616438,0.3095890410958904,0.00821917808219178,0.024657534246575342,0.1232876712328767,79.32687726027397,55.1156197260274
LA,Jefferson,22051,40.3,93.7701935483871,68.20072903225807,0.3726027397260274,0.38904109589041097,0,0,0.07671232876712329,80.22179780821918,64.96668931506849
LA,Jefferson Davis,22053,44.7,94.45651612903225,66.55512258064516,0.3698630136986301,0.3424657534246575,0,0.00821917808219178,0.09041095890410959,80.27416547945205,61.400652602739726
LA,Lafayette,22055,48.5,94.61491612903225,67.96858709677419,0.3589041095890411,0.3452054794520548,0,0.010958904109589041,0.07123287671232877,81.13487123287672,61.547379726027394
LA,Lafourche,22057,41.2,93.66312258064517,69.18283225806452,0.3643835616438356,0.39452054794520547,0,0,0.07123287671232877,80.70062739726028,64.11169917808219
LA,LaSalle,22059,39.6,95.6543870967742,65.23572258064516,0.3287671232876712,0.32054794520547947,0.0027397260273972603,0.019178082191780823,0.11506849315068493,80.49034794520549,56.875245479452055
LA,Lincoln,22061,49.3,93.64297419354838,62.48636774193548,0.3506849315068493,0.3424657534246575,0.00821917808219178,0.024657534246575342,0.136986301369863,78.39022136986301,54.93185205479452
LA,Livingston,22063,44.8,95.27516774193549,68.04511612903225,0.33424657534246577,0.3452054794520548,0,0.0027397260273972603,0.07671232876712329,81.41242630136986,59.94536493150685
LA,Madison,22065,47.5,92.89289677419355,63.70525806451613,0.3561643835616438,0.3726027397260274,0.00821917808219178,0.0273972602739726,0.12602739726027398,78.74584712328767,56.483999452054796
LA,Morehouse,22067,48.1,92.66888387096775,61.83273548387097,0.3506849315068493,0.35342465753424657,0.00821917808219178,0.03287671232876712,0.15342465753424658,77.6883495890411,55.18464109589041
LA,Natchitoches,22069,41.9,97.01147096774193,64.61332903225806,0.3287671232876712,0.2958904109589041,0.005479452054794521,0.019178082191780823,0.11232876712328767,80.70667835616439,57.394883287671234
LA,Orleans,22071,41.1,93.53468387096774,66.51674193548386,0.3835616438356164,0.38904109589041097,0,0,0.09041095890410959,79.38240602739727,65.28787342465753
LA,Ouachita,22073,48.7,94.41981935483871,62.591,0.3452054794520548,0.3452054794520548,0.00821917808219178,0.0273972602739726,0.13150684931506848,78.97505863013699,56.2438202739726
LA,Plaquemines,22075,45.7,93.14669677419354,69.32915483870968,0.38904109589041097,0.4328767123287671,0,0,0.07123287671232877,80.03397150684931,66.61608602739726
LA,Pointe Coupee,22077,43.9,95.42323225806452,67.19365806451613,0.3424657534246575,0.3287671232876712,0,0.0136986301369863,0.08767123287671233,80.91052219178083,59.442918356164384
LA,Rapides,22079,40.5,96.15385806451613,65.67765161290322,0.3232876712328767,0.32054794520547947,0.0027397260273972603,0.01643835616438356,0.1095890410958904,80.86646410958905,57.85574246575342
LA,Red River,22081,48.5,96.28450322580645,63.39176774193548,0.35342465753424657,0.2958904109589041,0.00821917808219178,0.024657534246575342,0.11506849315068493,79.74747068493151,56.05380931506849
LA,Richland,22083,47.5,93.63943225806452,62.96586451612903,0.35342465753424657,0.3561643835616438,0.00821917808219178,0.024657534246575342,0.13424657534246576,78.68380876712328,56.453557260273975
LA,Sabine,22085,44.9,97.28861290322581,64.40812903225806,0.33972602739726027,0.30684931506849317,0.0027397260273972603,0.024657534246575342,0.11506849315068493,80.30081534246575,57.279402191780825
LA,St. Bernard,22087,41.9,92.7216064516129,66.70545161290323,0.40821917808219177,0.4273972602739726,0,0,0.08767123287671233,78.96581205479453,65.69435780821918
LA,St. Charles,22089,38.5,94.07822580645161,68.31290967741936,0.35342465753424657,0.38904109589041097,0,0,0.0821917808219178,80.35554520547946,63.836338630136986
LA,St. Helena,22091,46.5,95.7146,67.28615483870968,0.3287671232876712,0.32602739726027397,0,0.010958904109589041,0.0821917808219178,81.33951397260275,58.23520712328767
LA,St. James,22093,44.8,94.542219354838707,68.52716774193549,0.33424657534246577,0.3726027397260274,0,0.0027397260273972603,0.0821917808219178,80.85056493150685,61.50791287671233
LA,St. John the Baptist,22095,40.5,93.80404516129032,67.58390967741936,0.34794520547945207,0.37534246575342467,0,0,0.09041095890410959,80.07893205479452,63.37494191780822
LA,St. Landry,22097,45.5,95.1218193548387,67.08484516129032,0.36164383561643837,0.3315068493150685,0,0.010958904109589041,0.07945205479452055,80.8292805479452,59.860582465753424
LA,St. Martin,22099,47.1,94.21862580645161,68.41063225806451,0.3561643835616438,0.34794520547945207,0,0.010958904109589041,0.07123287671232877,80.94078191780822,61.52150410958904
LA,St. Mary,22101,44,92.3728129032258,67.98902580645161,0.3780821917808219,0.4054794520547945,0,0.005479452054794521,0.07945205479452055,79.59698575342466,62.716309589041096
LA,St. Tammany,22103,44.9,94.55023225806451,67.06005161290322,0.3698630136986301,0.3726027397260274,0,0,0.07671232876712329,80.48451397260274,60.7106805479452
LA,Tangipahoa,22105,44.5,95.38543225806451,67.55743225806452,0.336986301369863,0.3424657534246575,0,0.0027397260273972603,0.07945205479452055,81.23745150684931,59.065470684931505
LA,Tensas,22107,44,93.94345806451612,64.84732903225806,0.3424657534246575,0.3424657534246575,0.0027397260273972603,0.024657534246575342,0.1178082191780822,79.82032383561643,56.70724383561644
LA,Terrebonne,22109,41.6,92.82693548387097,68.44761935483871,0.3863013698630137,0.4191780821917808,0,0,0.07397260273972603,79.95331671232877,64.01829643835616
LA,Union,22111,51.1,92.5593741935484,62.165154838709675,0.3589041095890411,0.35342465753424657,0.00821917808219178,0.021917808219178082,0.14520547945205478,77.75830794520547,54.867717808219176
LA,Vermilion,22113,48.7,95.1206,66.88945806451613,0.3726027397260274,0.32054794520547947,0,0.00821917808219178,0.08767123287671233,80.16670794520547,62.93410465753425
LA,Vernon,22115,38.2,97.31329032258064,65.59328387096774,0.32054794520547947,0.3095890410958904,0.0027397260273972603,0.019178082191780823,0.1095890410958904,81.16700493150685,58.256718356164384
LA,Washington,22117,47.1,95.69613548387096,67.45587741935483,0.3424657534246575,0.33972602739726027,0,0.0027397260273972603,0.07671232876712329,81.36889589041095,58.02312273972603
LA,Webster,22119,53.5,94.00814193548388,62.461690322580644,0.3780821917808219,0.3287671232876712,0.00821917808219178,0.024657534246575342,0.136986301369863,78.18574136986301,54.98952109589041
LA,West Baton Rouge,22121,50.1,95.76906451612903,68.08030322580645,0.3424657534246575,0.3315068493150685,0,0.00821917808219178,0.06575342465753424,81.67981753424658,61.154407671232875
LA,West Carroll,22123,44.8,92.85625806451613,61.70778064516129,0.34794520547945207,0.3424657534246575,0.00821917808219178,0.038356164383561646,0.15616438356164383,77.68176109589041,55.813472328767126
LA,West Feliciana,22125,45,95.60456774193548,66.88591612903225,0.3315068493150685,0.3178082191780822,0,0.01643835616438356,0.0958904109589041,80.9116909589041,58.25135287671233
LA,Winn,22127,43.1,96.13730967741935,64.33874193548387,0.3315068493150685,0.3095890410958904,0.00821917808219178,0.019178082191780823,0.1178082191780822,80.36932876712329,56.50584602739726
ME,Androscoggin,23001,62.1,80.55616129032258,36.00511612903226,0.36164383561643837,0.2054794520547945,0.2328767123287671,0.4191780821917808,0.5315068493150685,56.652982465753425,38.594381369863015
ME,Aroostook,23003,46.1,79.6766,27.370167741935482,0.32054794520547947,0.12876712328767123,0.36712328767123287,0.46301369863013697,0.6054794520547945,51.473164383561645,33.49263890410959
ME,Cumberland,23005,62.1,79.9646,37.45928387096774,0.36712328767123287,0.20273972602739726,0.20273972602739726,0.40821917808219177,0.5315068493150685,57.04435178082192,39.52051342465754
ME,Franklin,23007,61.1,77.97391612903226,30.08892258064516,0.3452054794520548,0.1232876712328767,0.35342465753424657,0.4821917808219178,0.5972602739726027,52.105393424657535,33.59684657534247
ME,Hancock,23009,56.7,79.3174129032258,35.363677419354836,0.36164383561643837,0.1726027397260274,0.24383561643835616,0.4273972602739726,0.5643835616438356,55.18297917808219,38.19158082191781
ME,Kennebec,23011,59.6,81.37324516129033,35.970974193548386,0.3643835616438356,0.2136986301369863,0.2191780821917808,0.4191780821917808,0.5260273972602739,56.723483287671236,38.665814246575344
ME,Knox,23013,58.7,77.29038064516129,38.363,0.3780821917808219,0.136986301369863,0.19452054794520549,0.40821917808219177,0.5589041095890411,55.61314958904109,40.46752547945206
ME,Lincoln,23015,59.8,79.71974193548387,38.52308387096774,0.3835616438356164,0.1917808219178082,0.18904109589041096,0.4,0.5315068493150685,56.848965479452055,39.780995616438354
ME,Oxford,23017,60.1,78.72678064516128,32.70861935483871,0.3506849315068493,0.16164383561643836,0.30684931506849317,0.46301369863013697,0.5726027397260274,53.949880547945206,35.16206739726027
ME,Penobscot,23019,55.1,81.39275483870968,32.75495483870968,0.3424657534246575,0.19726027397260273,0.2958904109589041,0.43561643835616437,0.5616438356164384,54.90597150684931,36.00157753424658
ME,Piscataquis,23021,56.3,79.82332903225806,29.48853548387097,0.3315068493150685,0.1506849315068493,0.3424657534246575,0.46301369863013697,0.5945205479452055,52.69843178082192,33.93785534246575
ME,Sagadahoc,23023,60.6,79.52563225806452,38.245651612903224,0.3835616438356164,0.1917808219178082,0.1863013698630137,0.3972602739726027,0.5287671232876713,56.93990246575343,39.47158794520548
ME,Somerset,23025,52.5,78.86050322580645,29.65227741935484,0.3424657534246575,0.14246575342465753,0.33972602739726027,0.4712328767123288,0.5945205479452055,52.47182904109589,34.29177479452055
ME,Waldo,23027,58.9,80.52062580645162,35.69023225806452,0.3698630136986301,0.21095890410958903,0.23013698630136986,0.4301369863013699,0.5342465753424658,56.05306465753424,38.68944602739726
ME,Washington,23029,57.7,78.91316774193548,34.797548387096775,0.3643835616438356,0.14520547945205478,0.26301369863013696,0.4246575342465753,0.5698630136986301,54.74916931506849,37.18999178082192
ME,York,23031,64.2,80.87063870967742,38.46124516129032,0.35342465753424657,0.2136986301369863,0.18082191780821918,0.4,0.5205479452054794,57.92562191780822,39.179509589041096
MD,Allegany,24001,35.5,85.63825806451612,44.93311612903226,0.3561643835616438,0.32054794520547947,0.07945205479452055,0.23013698630136986,0.4191780821917808,64.50635287671233,42.58967616438356
MD,Anne Arundel,24003,43.2,87.4688,50.557070967741936,0.3917808219178082,0.3452054794520548,0.019178082191780823,0.1643835616438356,0.3561643835616438,67.22115726027397,49.37248547945205
MD,Baltimore,24005,43.2,86.86022580645161,48.63385806451613,0.3561643835616438,0.3424657534246575,0.03287671232876712,0.1863013698630137,0.4,66.07154410958904,47.89299397260274
MD,Calvert,24009,44.6,86.6294193548387,52.01205161290323,0.4191780821917808,0.34794520547945207,0.01643835616438356,0.13424657534246576,0.33972602739726027,67.66619616438356,49.674259178082195
MD,Caroline,24011,49.6,88.35631612903227,51.90956774193548,0.3835616438356164,0.336986301369863,0.019178082191780823,0.13972602739726028,0.33424657534246577,68.1950608219178,48.14735616438356
MD,Carroll,24013,35.9,88.20221290322581,47.83750322580645,0.33424657534246577,0.3452054794520548,0.038356164383561646,0.2,0.40273972602739727,66.22277369863014,46.59788164383561
MD,Cecil,24015,43.8,86.01950967741935,48.27925806451613,0.3726027397260274,0.33424657534246577,0.0273972602739726,0.19452054794520549,0.39452054794520547,65.68176767123288,47.05979616438356
MD,Charles,24017,40.9,87.58736774193548,52.28338709677419,0.3917808219178082,0.3698630136986301,0.019178082191780823,0.1232876712328767,0.3232876712328767,68.62950191780821,48.95078739726027
MD,Dorchester,24019,45.3,87.5978193548387,52.30190967741935,0.40273972602739727,0.336986301369863,0.01643835616438356,0.13424657534246576,0.33424657534246577,67.85057041095891,51.281397808219175
MD,Frederick,24021,33.7,88.44997419354839,47.69083225806452,0.3424657534246575,0.3452054794520548,0.0410958904109589,0.19452054794520549,0.39452054794520547,66.3324997260274,46.579990136986304
MD,Garrett,24023,42.8,78.91043870967742,40.82737419354839,0.4794520547945205,0.2,0.14794520547945206,0.3150684931506849,0.4547945205479452,59.539526575342464,40.55619397260274
MD,Harford,24025,44.9,85.66305161290323,47.73182580645161,0.3643835616438356,0.33424657534246577,0.03287671232876712,0.20821917808219179,0.40821917808219177,65.3154602739726,47.40585479452055
MD,Howard,24027,39.7,87.13765806451613,49.01063870967742,0.36712328767123287,0.3452054794520548,0.03287671232876712,0.1780821917808219,0.3835616438356164,66.62006575342465,46.67568602739726
MD,Kent,24029,44.1,87.2042,49.783941935483874,0.3698630136986301,0.33972602739726027,0.024657534246575342,0.1726027397260274,0.3726027397260274,66.79816219178082,48.523753424657535
MD,Montgomery,24031,38.1,87.60705161290322,48.96285161290323,0.3643835616438356,0.3561643835616438,0.03287671232876712,0.16986301369863013,0.37534246575342467,67.01568109589041,47.62270301369863
MD,Prince George's,24033,41.2,87.47518709677419,51.047077419354835,0.37534246575342467,0.36164383561643837,0.021917808219178082,0.14794520547945206,0.35342465753424657,67.90931452054795,48.44064273972603
MD,Queen Anne's,24035,44.4,88.34389032258065,51.106593548387096,0.3835616438356164,0.3424657534246575,0.019178082191780823,0.15342465753424658,0.3452054794520548,67.80718301369863,48.41620219178082
MD,St. Mary's,24037,42.1,86.72243870967742,52.56447741935484,0.410958904109589,0.3424657534246575,0.01643835616438356,0.1178082191780822,0.3287671232876712,67.91873863013699,49.819950684931506
MD,Somerset,24039,42.1,87.9795935483871,53.283954838709676,0.3972602739726027,0.3287671232876712,0.019178082191780823,0.12602739726027398,0.30684931506849317,68.61632,51.038151232876714
MD,Talbot,24041,44.6,87.95567096774194,51.65303870967742,0.3917808219178082,0.336986301369863,0.01643835616438356,0.13972602739726028,0.3424657534246575,67.79617095890411,50.63655397260274
MD,Washington,24043,33.1,88.14774838709677,47.22846451612903,0.3232876712328767,0.3424657534246575,0.043835616438356165,0.20821917808219179,0.40821917808219177,66.13391780821918,45.573750684931504
MD,Wicomico,24045,47.8,88.17381935483871,53.482593548387094,0.410958904109589,0.32602739726027397,0.01643835616438356,0.11506849315068493,0.3013698630136986,68.80710027397261,49.37309698630137
MD,Worcester,24047,45.6,86.77742580645162,53.083748387096776,0.4328767123287671,0.3095890410958904,0.01643835616438356,0.12054794520547946,0.3150684931506849,67.87520328767123,50.55185534246576
MD,Baltimore,24510,43.1,87.77259354838709,49.994425806451616,0.3561643835616438,0.3424657534246575,0.021917808219178082,0.1726027397260274,0.37534246575342467,67.06641643835617,50.20861753424658
MA,Barnstable,25001,51.8,81.59191612903226,46.11403225806451,0.3698630136986301,0.20821917808219179,0.06575342465753424,0.273972602739726,0.5178082191780822,60.391493698630136,47.104110684931506
MA,Berkshire,25003,61.7,80.79445806451614,37.44918064516129,0.3561643835616438,0.19726027397260273,0.21095890410958903,0.3917808219178082,0.547945205479452,56.98096219178082,39.33372767123288
MA,Bristol,25005,56.3,83.92982580645162,45.29392903225806,0.3726027397260274,0.27945205479452057,0.08767123287671233,0.2602739726027397,0.46301369863013697,62.09574849315069,44.961992328767124
MA,Dukes,25007,46,80.2621806451613,47.06774193548387,0.41643835616438357,0.2,0.057534246575342465,0.2465753424657534,0.4958904109589041,60.79523616438356,47.11923068493151
MA,Essex,25009,61.3,82.31934838709678,42.436516129032256,0.3561643835616438,0.25205479452054796,0.1178082191780822,0.32054794520547947,0.5068493150684932,60.28318301369863,43.58660493150685
MA,Franklin,25011,63.5,82.30297419354838,38.21882580645161,0.3287671232876712,0.2465753424657534,0.1917808219178082,0.3863013698630137,0.5315068493150685,58.61593917808219,39.08300493150685
MA,Hampden,25013,63.3,83.78605806451613,40.84223870967742,0.336986301369863,0.27945205479452057,0.14520547945205478,0.3452054794520548,0.5013698630136987,60.59557917808219,41.67618356164384
MA,Hampshire,25015,63,82.96316774193548,39.32536129032258,0.3315068493150685,0.2684931506849315,0.16986301369863013,0.3643835616438356,0.5232876712328767,59.520234520547945,39.94298082191781
MA,Middlesex,25017,63.9,84.0914193548387,42.517109677419356,0.3178082191780822,0.26301369863013696,0.1095890410958904,0.29863013698630136,0.4931506849315068,61.55121150684931,42.80063123287671
MA,Nantucket,25019,40.4,79.57417419354839,47.17016774193549,0.42191780821917807,0.13972602739726028,0.06301369863013699,0.2958904109589041,0.5287671232876713,58.83842904109589,48.485258082191784
MA,Norfolk,25021,59.5,84.60697419354838,44.41448387096774,0.3424657534246575,0.26301369863013696,0.09863013698630137,0.2602739726027397,0.4657534246575342,62.28802301369863,44.02205698630137
MA,Plymouth,25023,56,84.24738064516129,45.80274838709677,0.3589041095890411,0.27945205479452057,0.0821917808219178,0.26301369863013696,0.4657534246575342,62.25958301369863,44.49320821917808
MA,Suffolk,25025,57.8,84.21637419354839,44.72965806451613,0.3452054794520548,0.26575342465753427,0.0958904109589041,0.2465753424657534,0.473972602739726,62.02189424657534,46.603217534246575
MA,Worcester,25027,62.9,83.25894838709678,40.636574193548384,0.336986301369863,0.26301369863013696,0.14520547945205478,0.34794520547945207,0.5150684931506849,60.10797643835616,41.33551506849315
MI,Alcona,26001,31,79.64936774193548,32.313374193548384,0.3424657534246575,0.2328767123287671,0.273972602739726,0.4575342465753425,0.5534246575342465,56.05152109589041,36.605238356164385
MI,Alger,26003,36.8,75.1019870967742,28.9112,0.336986301369863,0.1780821917808219,0.33424657534246577,0.5095890410958904,0.6,52.59753315068493,33.89979890410959
MI,Allegan,26005,42.4,80.83643870967742,36.981470967741934,0.33424657534246577,0.2684931506849315,0.17534246575342466,0.38082191780821917,0.5068493150684932,59.61328712328767,41.75589643835617
MI,Alpena,26007,30.3,79.2716,31.9568,0.33972602739726027,0.21643835616438356,0.2876712328767123,0.4602739726027397,0.5616438356164384,55.30142904109589,37.361726575342466
MI,Antrim,26009,36,79.02894838709678,31.628793548387097,0.3150684931506849,0.22465753424657534,0.28493150684931506,0.4602739726027397,0.5561643835616439,55.592757808219176,37.76592273972603
MI,Arenac,26011,32.1,80.52045161290323,34.201167741935485,0.32602739726027397,0.2602739726027397,0.23013698630136986,0.42191780821917807,0.536986301369863,57.526539726027394,38.35679123287671
MI,Baraga,26013,33.5,74.63915483870967,26.355316129032257,0.32054794520547947,0.1780821917808219,0.36164383561643837,0.5150684931506849,0.5945205479452055,51.76233808219178,32.77595287671233
MI,Barry,26015,41.2,82.1640258064516,36.24916129032258,0.3041095890410959,0.2958904109589041,0.18904109589041096,0.3643835616438356,0.5095890410958904,59.80231671232877,40.915237260273976
MI,Bay,26017,34.2,80.78063870967742,34.801148387096774,0.3150684931506849,0.2602739726027397,0.2273972602739726,0.40273972602739727,0.5397260273972603,57.833333698630135,40.20767452054795
MI,Benzie,26019,29.9,78.78606451612903,32.94581290322581,0.3315068493150685,0.2328767123287671,0.2493150684931507,0.4547945205479452,0.547945205479452,56.25200657534246,39.53971671232877
MI,Berrien,26021,43.4,81.12078064516129,37.91927096774194,0.3315068493150685,0.2876712328767123,0.1589041095890411,0.3589041095890411,0.4958904109589041,60.118258630136985,42.99646136986301
MI,Branch,26023,36.7,82.33996129032258,37.2456064516129,0.3095890410958904,0.29315068493150687,0.17534246575342466,0.35342465753424657,0.5041095890410959,60.21323945205479,41.50494684931507
MI,Calhoun,26025,37.1,82.78723225806452,36.98762580645161,0.3013698630136986,0.2958904109589041,0.16712328767123288,0.3589041095890411,0.5095890410958904,60.12591726027397,41.27547397260274
MI,Cass,26027,42.7,81.80629032258065,37.50410967741936,0.3150684931506849,0.29863013698630136,0.16712328767123288,0.35342465753424657,0.5013698630136987,60.146230136986304,42.74250849315069
MI,Charlevoix,26029,34.6,78.11861290322581,31.907387096774194,0.33972602739726027,0.2054794520547945,0.2958904109589041,0.4575342465753425,0.5616438356164384,55.14944493150685,38.17663835616438
MI,Cheboygan,26031,34.6,79.09914838709678,31.86244516129032,0.3232876712328767,0.2273972602739726,0.28493150684931506,0.4547945205479452,0.5506849315068493,55.84118739726027,35.85336109589041
MI,Chippewa,26033,32.8,76.10429677419354,28.919793548387098,0.3452054794520548,0.18904109589041096,0.3424657534246575,0.4958904109589041,0.5863013698630137,52.93137643835617,34.129666301369866
MI,Clare,26035,31,80.89938064516129,32.91230967741935,0.3095890410958904,0.25753424657534246,0.2493150684931507,0.4383561643835616,0.5260273972602739,57.532265205479455,35.82330356164383
MI,Clinton,26037,38,82.09864516129032,36.22872258064516,0.3041095890410959,0.2821917808219178,0.18356164383561643,0.3835616438356164,0.5150684931506849,59.39962465753425,41.2394197260274
MI,Crawford,26039,33.3,79.41757419354839,30.93561935483871,0.32054794520547947,0.2328767123287671,0.2821917808219178,0.4657534246575342,0.5506849315068493,55.71638082191781,35.64843726027397
MI,Delta,26041,30.7,77.80291612903225,29.68984516129032,0.32602739726027397,0.2,0.3013698630136986,0.473972602739726,0.5945205479452055,54.02754191780822,34.09974684931507
MI,Dickinson,26043,30.8,78.28932258064516,28.11867741935484,0.27945205479452057,0.21643835616438356,0.3150684931506849,0.4684931506849315,0.5863013698630137,54.155968219178085,33.24682794520548
MI,Eaton,26045,38.8,82.45777419354839,36.34461935483871,0.29863013698630136,0.2821917808219178,0.18356164383561643,0.38082191780821917,0.5150684931506849,59.72605589041096,40.90474794520548
MI,Emmet,26047,33,76.7827806451613,31.509529032258065,0.3643835616438356,0.1863013698630137,0.3095890410958904,0.4602739726027397,0.5589041095890411,54.476797260273976,36.871386849315066
MI,Genesee,26049,38.9,81.37690322580644,36.65596129032258,0.3424657534246575,0.27123287671232876,0.18356164383561643,0.3835616438356164,0.5150684931506849,58.865626301369865,40.872609315068495
MI,Gladwin,26051,32.6,80.94867741935484,34.13694838709677,0.3041095890410959,0.2684931506849315,0.2328767123287671,0.4246575342465753,0.5287671232876713,58.04455506849315,37.54507506849315
MI,Gogebic,26053,31,76.17205806451614,26.296787096774192,0.3178082191780822,0.19726027397260273,0.3698630136986301,0.5150684931506849,0.5835616438356165,52.40147616438356,32.58615890410959
MI,Grand Traverse,26055,33.3,80.02098064516129,32.23156129032258,0.31232876712328766,0.2410958904109589,0.26301369863013696,0.4520547945205479,0.5424657534246575,56.42342575342466,38.07505424657534
MI,Gratiot,26057,36.1,81.44710322580646,35.48718064516129,0.30684931506849317,0.27123287671232876,0.21643835616438356,0.3835616438356164,0.5178082191780822,58.89548657534247,40.33826082191781
MI,Hillsdale,26059,34.6,82.60607096774194,37.20867741935484,0.32054794520547947,0.2958904109589041,0.17534246575342466,0.3561643835616438,0.5041095890410959,60.14251178082192,40.92770904109589
MI,Houghton,26061,31.8,75.1676,27.776212903225808,0.31232876712328766,0.18082191780821918,0.3589041095890411,0.5150684931506849,0.5945205479452055,52.3227101369863,34.16199232876712
MI,Huron,26063,34.3,79.5722,34.336051612903226,0.3452054794520548,0.23013698630136986,0.2493150684931507,0.41643835616438357,0.5534246575342465,56.64293698630137,40.99262739726027
MI,Ingham,26065,39.8,82.29763225806451,36.52996129032258,0.3041095890410959,0.28493150684931506,0.18082191780821918,0.3726027397260274,0.5178082191780822,59.457929863013696,40.96598246575343
MI,Ionia,26067,38.7,81.66832903225807,35.457741935483874,0.3013698630136986,0.28493150684931506,0.2054794520547945,0.3972602739726027,0.5205479452054794,59.16492438356164,40.85884547945206
MI,Iosco,26069,32.1,80.42470322580645,33.17690967741935,0.32602739726027397,0.2493150684931507,0.2410958904109589,0.4383561643835616,0.547945205479452,56.96161589041096,37.07544767123288
MI,Iron,26071,30.2,76.31472258064517,26.199354838709677,0.31232876712328766,0.20273972602739726,0.3561643835616438,0.5013698630136987,0.5808219178082191,52.793920547945206,31.596282191780823
MI,Isabella,26073,34.7,81.0148129032258,34.093283870967745,0.3178082191780822,0.26301369863013696,0.2356164383561644,0.4136986301369863,0.5205479452054794,58.1151002739726,38.935671232876714
MI,Jackson,26075,36.7,82.51891612903226,36.96945161290323,0.3150684931506849,0.29041095890410956,0.17534246575342466,0.36164383561643837,0.5123287671232877,59.80947726027397,40.95195726027397
MI,Kalamazoo,26077,41.2,82.17674193548388,37.13946451612903,0.3095890410958904,0.29863013698630136,0.16712328767123288,0.35342465753424657,0.5095890410958904,60.20212383561644,41.711641095890414
MI,Kalkaska,26079,35.9,79.53892903225807,30.846606451612903,0.3150684931506849,0.2328767123287671,0.27945205479452057,0.4712328767123288,0.547945205479452,55.68204273972603,36.01729917808219
MI,Kent,26081,39.5,80.73070322580645,35.261832258064516,0.3178082191780822,0.27671232876712326,0.21095890410958903,0.3972602739726027,0.5178082191780822,58.82936493150685,41.44120712328767
MI,Keweenaw,26083,28.3,69.02849677419354,27.761058064516128,0.336986301369863,0.038356164383561646,0.3863013698630137,0.5397260273972603,0.6493150684931507,48.84843397260274,35.00671506849315
MI,Lake,26085,29.2,80.3071806451613,33.08987096774194,0.32054794520547947,0.2602739726027397,0.2410958904109589,0.4301369863013699,0.5287671232876713,57.32170465753425,37.17056164383562
MI,Lapeer,26087,39.4,81.33457419354839,36.36871612903226,0.3287671232876712,0.2684931506849315,0.2054794520547945,0.38904109589041097,0.5232876712328767,58.51886246575342,40.5420898630137
MI,Leelanau,26089,32.9,78.07146451612903,32.80204516129032,0.3452054794520548,0.2219178082191781,0.26301369863013696,0.4575342465753425,0.5589041095890411,55.57006301369863,40.326918356164384
MI,Lenawee,26091,34.8,82.9521935483871,38.109606451612905,0.3041095890410959,0.30684931506849317,0.1589041095890411,0.3315068493150685,0.5041095890410959,60.7711901369863,41.27460109589041
MI,Livingston,26093,41.5,82.03355483870968,37.01857419354839,0.33424657534246577,0.2821917808219178,0.1780821917808219,0.37534246575342467,0.5123287671232877,59.31570520547945,40.84884438356164
MI,Luce,26095,32.5,76.30682580645161,28.665006451612904,0.3232876712328767,0.19452054794520549,0.336986301369863,0.5068493150684932,0.5945205479452055,53.22326246575342,33.13539068493151
MI,Mackinac,26097,29.5,75.87134193548387,29.60001935483871,0.3506849315068493,0.16986301369863013,0.3232876712328767,0.4904109589041096,0.5945205479452055,53.01396931506849,34.69182356164384
MI,Macomb,26099,40.4,81.82812258064516,37.899296774193544,0.3178082191780822,0.2821917808219178,0.15616438356164383,0.3643835616438356,0.5205479452054794,59.3675994520548,42.74168
MI,Manistee,26101,28.7,79.11157419354839,33.22701935483871,0.336986301369863,0.24383561643835616,0.23835616438356164,0.44931506849315067,0.5424657534246575,56.672284383561646,38.9181298630137
MI,Marquette,26103,36.2,75.74969677419355,27.443851612903227,0.3178082191780822,0.18904109589041096,0.35342465753424657,0.5123287671232877,0.5972602739726027,52.24084712328767,33.484827397260275
MI,Mason,26105,28.8,78.78722580645162,34.19176129032258,0.3506849315068493,0.2410958904109589,0.2191780821917808,0.4246575342465753,0.5342465753424658,56.97709589041096,40.069513424657536
MI,Mecosta,26107,36.6,80.11446451612903,33.39389677419355,0.32054794520547947,0.26575342465753427,0.24383561643835616,0.4246575342465753,0.5260273972602739,57.542591780821915,37.97798246575343
MI,Menominee,26109,32.1,79.35347096774193,29.878264516129033,0.2876712328767123,0.2273972602739726,0.2876712328767123,0.4657534246575342,0.5808219178082191,55.091899178082194,35.01587287671233
MI,Midland,26111,34.3,81.0707870967742,35.02922580645161,0.3178082191780822,0.2684931506849315,0.21643835616438356,0.39452054794520547,0.5232876712328767,58.457544109589044,39.66734904109589
MI,Missaukee,26113,30.6,80.06737419354839,31.39833548387097,0.3178082191780822,0.2493150684931507,0.273972602739726,0.46301369863013697,0.536986301369863,56.2604098630137,36.00049753424658
MI,Monroe,26115,38.4,83.01583225806452,39.16150322580645,0.31232876712328766,0.30684931506849317,0.13424657534246576,0.336986301369863,0.5095890410958904,60.78279397260274,42.91532821917808
MI,Montcalm,26117,39.8,80.38202580645161,34.32687741935484,0.3232876712328767,0.2684931506849315,0.2356164383561644,0.4136986301369863,0.5205479452054794,58.219549589041094,39.74273698630137
MI,Montmorency,26119,30.6,79.34389032258065,31.109987096774194,0.3232876712328767,0.2273972602739726,0.2821917808219178,0.46301369863013697,0.5534246575342465,55.50715178082192,35.59196164383562
MI,Muskegon,26121,35.5,80.13414838709677,35.87185806451613,0.3452054794520548,0.273972602739726,0.19726027397260273,0.40821917808219177,0.5178082191780822,58.50681479452055,41.91738849315068
MI,Newaygo,26123,34.8,80.40995483870968,34.14815483870968,0.32602739726027397,0.27945205479452057,0.2328767123287671,0.410958904109589,0.5232876712328767,58.02053863013699,39.27276438356164
MI,Oakland,26125,40.6,81.69788387096774,36.8500129032258,0.33424657534246577,0.27671232876712326,0.1780821917808219,0.3726027397260274,0.5178082191780822,58.94604438356164,42.017981369863016
MI,Oceana,26127,33.8,79.34365806451613,34.6046,0.3506849315068493,0.26575342465753427,0.2219178082191781,0.4191780821917808,0.5315068493150685,57.35758136986301,40.41926575342466
MI,Ogemaw,26129,33.6,80.34596774193548,32.32730967741936,0.32054794520547947,0.2465753424657534,0.25753424657534246,0.44931506849315067,0.5397260273972603,56.81254136986301,35.591236712328765
MI,Ontonagon,26131,30.9,75.98834193548387,27.221116129032257,0.31232876712328766,0.19452054794520549,0.3561643835616438,0.5013698630136987,0.5753424657534246,52.9858498630137,33.18253589041096
MI,Osceola,26133,30.8,80.10656774193548,32.03030967741935,0.32602739726027397,0.2602739726027397,0.2602739726027397,0.4465753424657534,0.5342465753424658,56.68980109589041,36.22595616438356
MI,Oscoda,26135,31.4,79.83697419354839,31.585303225806452,0.3232876712328767,0.2356164383561644,0.273972602739726,0.4547945205479452,0.5452054794520548,56.144420821917805,35.73666684931507
MI,Otsego,26137,36.3,78.57494193548388,30.526148387096775,0.31232876712328766,0.21095890410958903,0.3041095890410959,0.473972602739726,0.5643835616438356,54.94147835616438,36.385988493150684
MI,Ottawa,26139,38,80.00437419354839,36.20067741935484,0.33972602739726027,0.26301369863013696,0.19452054794520549,0.4054794520547945,0.5150684931506849,58.92649095890411,42.503951780821914
MI,Presque Isle,26141,31.6,78.76876129032257,31.488451612903226,0.3315068493150685,0.2191780821917808,0.2958904109589041,0.4547945205479452,0.5534246575342465,55.29531397260274,36.84949095890411
MI,Roscommon,26143,30.9,80.24342580645161,31.805135483870966,0.3095890410958904,0.2547945205479452,0.27123287671232876,0.4547945205479452,0.5397260273972603,56.53358082191781,35.15387123287671
MI,Saginaw,26145,37.3,81.74990967741935,35.92173548387097,0.32054794520547947,0.2684931506849315,0.19726027397260273,0.38082191780821917,0.5150684931506849,58.944175342465755,40.8574202739726
MI,St. Clair,26147,42.5,81.08553548387097,37.35081935483871,0.3178082191780822,0.2547945205479452,0.18904109589041096,0.38082191780821917,0.5397260273972603,58.40162575342466,41.26467397260274
MI,St. Joseph,26149,37.9,82.6766193548387,37.505793548387096,0.31232876712328766,0.30684931506849317,0.16164383561643836,0.34794520547945207,0.5013698630136987,60.55181205479452,42.19712328767123
MI,Sanilac,26151,37.9,80.30694838709677,35.16062580645161,0.3315068493150685,0.23835616438356164,0.2191780821917808,0.41643835616438357,0.5424657534246575,57.374185753424655,40.3228498630137
MI,Schoolcraft,26153,31.5,76.46389032258064,29.40312258064516,0.3287671232876712,0.1863013698630137,0.3178082191780822,0.4958904109589041,0.5972602739726027,53.320832328767125,34.0570597260274
MI,Shiawassee,26155,40.9,81.74003870967742,36.57054838709677,0.32602739726027397,0.273972602739726,0.1780821917808219,0.3780821917808219,0.5150684931506849,59.225626301369864,40.79205315068493
MI,Tuscola,26157,37.1,80.63570967741936,35.30154838709677,0.33424657534246577,0.2547945205479452,0.21643835616438356,0.3972602739726027,0.5287671232876713,58.12044109589041,40.41183397260274
MI,Van Buren,26159,43.7,81.77690967741935,37.48634193548387,0.3178082191780822,0.29041095890410956,0.16712328767123288,0.3643835616438356,0.4986301369863014,60.20615287671233,41.7588898630137
MI,Washtenaw,26161,36.5,82.62029677419355,37.918864516129034,0.3178082191780822,0.3041095890410959,0.14794520547945206,0.3561643835616438,0.5095890410958904,60.26218958904109,41.02459835616438
MI,Wayne,26163,37.5,82.87926451612903,38.94277419354839,0.3013698630136986,0.3041095890410959,0.13424657534246576,0.3315068493150685,0.5123287671232877,60.56208931506849,44.066499726027395
MI,Wexford,26165,30.6,79.7049935483871,31.297129032258066,0.32602739726027397,0.2410958904109589,0.27945205479452057,0.4657534246575342,0.536986301369863,55.95745260273973,36.91480383561644
MN,Aitkin,27001,29.3,77.68632258064517,23.289858064516128,0.3013698630136986,0.21643835616438356,0.3835616438356164,0.4821917808219178,0.5643835616438356,52.76535726027397,32.070900273972605
MN,Anoka,27003,33.2,83.02105806451613,26.5046,0.2410958904109589,0.28493150684931506,0.3178082191780822,0.4438356164383562,0.536986301369863,56.98407890410959,36.824251506849315
MN,Becker,27005,23.8,76.90912903225806,20.553451612903224,0.29315068493150687,0.2356164383561644,0.40273972602739727,0.4821917808219178,0.5671232876712329,51.775332602739724,32.13211506849315
MN,Beltrami,27007,19.4,76.3034,20.80469677419355,0.29315068493150687,0.2219178082191781,0.3863013698630137,0.4821917808219178,0.5780821917808219,51.90925260273973,30.899322191780822
MN,Benton,27009,27.5,81.48263870967742,24.09138064516129,0.23835616438356164,0.27671232876712326,0.3589041095890411,0.4547945205479452,0.5452054794520548,55.394565479452055,33.767698630136984
MN,Big Stone,27011,25.3,80.84427741935484,21.508670967741935,0.24383561643835616,0.28493150684931506,0.3561643835616438,0.4465753424657534,0.5260273972602739,55.337626301369866,34.37873698630137
MN,Blue Earth,27013,33.5,81.38723870967742,25.528129032258065,0.26301369863013696,0.28493150684931506,0.3232876712328767,0.4,0.5041095890410959,57.495328219178084,37.30972876712329
MN,Brown,27015,35,80.88062580645162,24.109322580645163,0.26575342465753427,0.2876712328767123,0.3506849315068493,0.42191780821917807,0.5068493150684932,56.6909402739726,36.23579945205479
MN,Carlton,27017,30.1,78.22963225806451,24.12743870967742,0.3013698630136986,0.20821917808219179,0.3698630136986301,0.4904109589041096,0.5698630136986301,52.66753095890411,32.09935506849315
MN,Carver,27019,34.8,82.45957419354839,25.288787096774193,0.2410958904109589,0.27671232876712326,0.3424657534246575,0.4383561643835616,0.5232876712328767,56.778888767123284,36.887345205479456
MN,Cass,27021,24,77.19463225806452,22.343696774193546,0.29315068493150687,0.23013698630136986,0.3917808219178082,0.473972602739726,0.5698630136986301,52.66427616438356,32.41680109589041
MN,Chippewa,27023,25.9,81.43752258064517,22.3290064516129,0.2465753424657534,0.27945205479452057,0.3561643835616438,0.4301369863013699,0.5123287671232877,56.26200767123288,34.825812602739724
MN,Chisago,27025,31.7,83.02907096774193,26.857109677419356,0.2493150684931507,0.2821917808219178,0.32054794520547947,0.4465753424657534,0.536986301369863,56.81471123287671,35.48885863013699
MN,Clay,27027,22.9,78.62336774193548,17.960348387096776,0.23835616438356164,0.26301369863013696,0.4054794520547945,0.4794520547945205,0.5698630136986301,52.34329917808219,32.467442739726025
MN,Clearwater,27029,21.7,76.81047741935484,20.990851612903224,0.27945205479452057,0.2273972602739726,0.4,0.4794520547945205,0.5753424657534246,52.031233424657536,31.192485479452056
MN,Cook,27031,27.4,72.71884516129032,22.568232258064516,0.3452054794520548,0.1232876712328767,0.4191780821917808,0.5397260273972603,0.6136986301369863,48.84585479452055,29.653554520547946
MN,Cottonwood,27033,31.8,80.18263225806452,23.88031612903226,0.26575342465753427,0.28493150684931506,0.35342465753424657,0.42191780821917807,0.5068493150684932,56.48069534246575,36.17557095890411
MN,Crow Wing,27035,27.1,78.89290322580645,23.17338064516129,0.28493150684931506,0.2410958904109589,0.3835616438356164,0.4684931506849315,0.5616438356164384,53.53495342465754,33.37306465753424
MN,Dakota,27037,34,81.86476129032258,26.593787096774193,0.24383561643835616,0.28493150684931506,0.32602739726027397,0.4328767123287671,0.5260273972602739,57.03833534246575,37.848283835616435
MN,Dodge,27039,31.7,80.18599999999999,25.44921935483871,0.26575342465753427,0.2876712328767123,0.3424657534246575,0.4383561643835616,0.5260273972602739,56.256765479452056,36.988278356164386
MN,Douglas,27041,24.4,78.76498709677419,21.368851612903224,0.27945205479452057,0.23835616438356164,0.3835616438356164,0.46301369863013697,0.5561643835616439,53.241213150684935,34.39070082191781
MN,Faribault,27043,29.1,80.7881870967742,25.812064516129034,0.2602739726027397,0.2876712328767123,0.3150684931506849,0.39452054794520547,0.5013698630136987,57.6950197260274,37.4604898630137
MN,Fillmore,27045,28.1,80.62235483870968,26.743767741935482,0.27123287671232876,0.2876712328767123,0.2958904109589041,0.4273972602739726,0.5178082191780822,57.020813698630135,36.71589150684932
MN,Freeborn,27047,27,80.40856129032258,26.185361290322582,0.2602739726027397,0.29315068493150687,0.3232876712328767,0.40821917808219177,0.5150684931506849,57.29258410958904,37.26071452054794
MN,Goodhue,27049,32.5,80.67554193548388,26.073122580645162,0.26575342465753427,0.27671232876712326,0.3287671232876712,0.4328767123287671,0.5287671232876713,56.49658958904109,37.13023671232877
MN,Grant,27051,22.7,79.51372903225807,20.007006451612902,0.2547945205479452,0.2602739726027397,0.38082191780821917,0.4602739726027397,0.5561643835616439,53.455802739726025,33.83045698630137
MN,Hennepin,27053,34.8,83.3778064516129,26.243367741935483,0.24383561643835616,0.26575342465753427,0.33424657534246577,0.4410958904109589,0.5232876712328767,57.05001315068493,38.48216493150685
MN,Houston,27055,28.6,81.25386451612903,28.359354838709677,0.27123287671232876,0.2876712328767123,0.2547945205479452,0.410958904109589,0.5150684931506849,58.02421260273972,38.05316821917808
MN,Hubbard,27057,21.6,77.0508064516129,22.1292064516129,0.29315068493150687,0.22465753424657534,0.38904109589041097,0.4821917808219178,0.5698630136986301,52.33682410958904,31.787057534246575
MN,Isanti,27059,31.8,82.96862580645161,26.135367741935482,0.24383561643835616,0.27671232876712326,0.3424657534246575,0.4520547945205479,0.536986301369863,56.42699616438356,35.401225753424654
MN,Itasca,27061,24,75.79684516129032,22.350664516129033,0.3041095890410959,0.2219178082191781,0.3698630136986301,0.4958904109589041,0.5698630136986301,52.08984438356164,31.358327123287673
MN,Jackson,27063,29.3,80.61997419354839,24.65245806451613,0.27671232876712326,0.28493150684931506,0.3424657534246575,0.4,0.4931506849315068,57.074552328767126,36.54565095890411
MN,Kanabec,27065,31.7,80.64674193548387,25.154425806451613,0.27671232876712326,0.26575342465753427,0.3506849315068493,0.4575342465753425,0.547945205479452,54.902573698630135,33.93524657534247
MN,Kandiyohi,27067,29.9,80.62241290322581,22.385909677419356,0.2547945205479452,0.273972602739726,0.3780821917808219,0.4383561643835616,0.5315068493150685,55.15597917808219,34.87239068493151
MN,Kittson,27069,15.9,76.87434838709677,15.607225806451613,0.27123287671232876,0.2273972602739726,0.4410958904109589,0.5068493150684932,0.5698630136986301,49.805077260273976,29.796262465753426
MN,Koochiching,27071,22.8,75.52138709677419,21.51732258064516,0.3150684931506849,0.21095890410958903,0.38082191780821917,0.4958904109589041,0.5726027397260274,51.593621369863016,30.06600109589041
MN,Lac qui Parle,27073,23.5,81.83892258064516,23.144290322580645,0.23835616438356164,0.28493150684931506,0.3452054794520548,0.4246575342465753,0.5095890410958904,56.80212602739726,35.31726684931507
MN,Lake,27075,28.4,74.44550967741935,22.951516129032257,0.31232876712328766,0.16986301369863013,0.40821917808219177,0.5205479452054794,0.6082191780821918,50.222386301369866,30.209034520547945
MN,Lake of the Woods,27077,20.5,75.25742580645161,19.488432258064517,0.3232876712328767,0.18904109589041096,0.410958904109589,0.4958904109589041,0.5780821917808219,50.370153972602736,30.58895287671233
MN,Le Sueur,27079,32.5,81.13970967741935,25.485567741935483,0.2684931506849315,0.29041095890410956,0.33972602739726027,0.4301369863013699,0.5150684931506849,56.73327726027397,36.841758356164384
MN,Lincoln,27081,28.1,78.58992258064517,22.72082580645161,0.26575342465753427,0.27671232876712326,0.36164383561643837,0.4273972602739726,0.5315068493150685,54.929800547945206,35.35515561643835
MN,Lyon,27083,28.3,80.60243870967741,23.971245161290323,0.2602739726027397,0.2821917808219178,0.3452054794520548,0.4273972602739726,0.5123287671232877,56.536682739726025,36.37774301369863
MN,McLeod,27085,32.5,81.65735483870968,23.888503225806453,0.24383561643835616,0.2876712328767123,0.36712328767123287,0.4301369863013699,0.5260273972602739,56.20285424657534,35.45244931506849
MN,Mahnomen,27087,25,76.71083870967742,19.483148387096772,0.2821917808219178,0.2356164383561644,0.4054794520547945,0.4794520547945205,0.5726027397260274,51.46350356164383,31.593328219178083
MN,Marshall,27089,17.9,76.80803870967742,16.65018064516129,0.2821917808219178,0.2356164383561644,0.43561643835616437,0.4986301369863014,0.5671232876712329,50.30672,29.863883287671232
MN,Martin,27091,29.5,80.44427096774193,25.079232258064515,0.273972602739726,0.2876712328767123,0.33424657534246577,0.4,0.4958904109589041,57.20705698630137,37.25056547945206
MN,Meeker,27093,31.2,81.17309677419355,23.467825806451614,0.2547945205479452,0.28493150684931506,0.3726027397260274,0.4383561643835616,0.5287671232876713,55.604869589041094,35.385666849315065
MN,Mille Lacs,27095,29,80.1904129032258,24.043129032258065,0.2684931506849315,0.25753424657534246,0.3643835616438356,0.4602739726027397,0.5589041095890411,54.34326684931507,33.58696876712329
MN,Morrison,27097,25,80.18872903225807,23.15648387096774,0.25753424657534246,0.2493150684931507,0.36712328767123287,0.4547945205479452,0.5506849315068493,54.32405863013699,33.489048767123286
MN,Mower,27099,27.7,80.68854838709677,25.91234193548387,0.25753424657534246,0.29315068493150687,0.32054794520547947,0.42191780821917807,0.5232876712328767,56.80870465753425,37.076818630136984
MN,Murray,27101,29.1,79.52754838709677,23.543425806451612,0.26301369863013696,0.2876712328767123,0.3506849315068493,0.4273972602739726,0.5178082191780822,55.83716328767123,35.746199452054796
MN,Nicollet,27103,32.8,81.76907096774194,24.71185806451613,0.26301369863013696,0.2821917808219178,0.3452054794520548,0.4246575342465753,0.5123287671232877,56.89472,36.47475068493151
MN,Nobles,27105,27.6,80.19087741935483,24.15031612903226,0.27123287671232876,0.29041095890410956,0.34794520547945207,0.4191780821917808,0.5041095890410959,56.494222465753424,35.82303726027397
MN,Norman,27107,21.6,77.85006451612904,17.13577419354839,0.2547945205479452,0.2547945205479452,0.41643835616438357,0.4821917808219178,0.5698630136986301,51.514258630136986,31.21138301369863
MN,Olmsted,27109,30.1,80.66067741935484,26.47771612903226,0.27123287671232876,0.29315068493150687,0.32054794520547947,0.4328767123287671,0.5232876712328767,56.58925753424658,37.45146520547945
MN,Otter Tail,27111,25.5,77.85784516129033,20.569129032258065,0.27945205479452057,0.24383561643835616,0.4054794520547945,0.473972602739726,0.5671232876712329,52.3943304109589,33.50026301369863
MN,Pennington,27113,20.2,76.19267096774193,17.73395483870968,0.28493150684931506,0.2328767123287671,0.4246575342465753,0.4904109589041096,0.5671232876712329,50.63898027397261,30.720594520547944
MN,Pine,27115,32.2,80.51116129032258,25.58236129032258,0.29041095890410956,0.25753424657534246,0.35342465753424657,0.4575342465753425,0.5424657534246575,54.81747561643836,33.03403835616438
MN,Pipestone,27117,22.9,79.59681935483871,22.970096774193546,0.26575342465753427,0.2821917808219178,0.3561643835616438,0.42191780821917807,0.5178082191780822,55.80192273972603,35.12716219178082
MN,Polk,27119,19.8,77.61385806451612,17.175490322580643,0.27671232876712326,0.24383561643835616,0.4191780821917808,0.4821917808219178,0.5671232876712329,51.103513424657535,30.924009315068492
MN,Pope,27121,25,79.97911612903226,21.531548387096773,0.25205479452054796,0.2684931506849315,0.38082191780821917,0.4465753424657534,0.536986301369863,54.561446575342465,34.323883835616435
MN,Ramsey,27123,34.9,83.41107741935484,26.824883870967742,0.2356164383561644,0.27123287671232876,0.31232876712328766,0.4383561643835616,0.5342465753424658,57.269425753424656,39.126619178082194
MN,Red Lake,27125,20.1,77.11461935483871,17.63222580645161,0.27671232876712326,0.2356164383561644,0.42191780821917807,0.4904109589041096,0.5698630136986301,51.005795616438355,30.817898082191782
MN,Redwood,27127,30.4,81.45407096774194,23.648754838709678,0.25205479452054796,0.28493150684931506,0.34794520547945207,0.4246575342465753,0.5013698630136987,56.84048328767123,35.894164383561645
MN,Renville,27129,30.7,81.15962580645161,23.14341935483871,0.2493150684931507,0.28493150684931506,0.36164383561643837,0.4328767123287671,0.5205479452054794,56.15875671232877,35.27081205479452
MN,Rice,27131,33.7,80.92429032258065,25.663012903225805,0.2684931506849315,0.2876712328767123,0.33972602739726027,0.4301369863013699,0.5205479452054794,56.62228876712329,36.779389589041095
MN,Rock,27133,22.7,80.50088387096774,23.75832258064516,0.26301369863013696,0.29315068493150687,0.34794520547945207,0.410958904109589,0.5041095890410959,56.89724,35.354460273972606
MN,Roseau,27135,17.5,75.8831870967742,17.622587096774193,0.2958904109589041,0.2,0.43561643835616437,0.5013698630136987,0.5726027397260274,49.93224602739726,29.884393424657535
MN,St. Louis,27137,27.6,75.4875935483871,22.300032258064515,0.3041095890410959,0.2,0.3972602739726027,0.5041095890410959,0.589041095890411,51.26911342465753,30.03590904109589
MN,Scott,27139,32.2,82.37230322580645,25.949851612903228,0.2547945205479452,0.2821917808219178,0.33972602739726027,0.43561643835616437,0.5150684931506849,57.05426904109589,37.21150301369863
MN,Sherburne,27141,31.5,82.61675483870968,25.363690322580645,0.23835616438356164,0.2821917808219178,0.34794520547945207,0.4465753424657534,0.536986301369863,56.237295890410955,35.50070904109589
MN,Sibley,27143,32,82.24827741935484,23.927058064516128,0.2547945205479452,0.28493150684931506,0.36164383561643837,0.4301369863013699,0.5178082191780822,56.49922301369863,36.066071780821915
MN,Stearns,27145,26.8,80.56249032258064,23.085529032258066,0.2465753424657534,0.2602739726027397,0.37534246575342467,0.44931506849315067,0.5452054794520548,54.860473424657535,34.306470684931504
MN,Steele,27147,32.3,80.41587741935484,25.55309677419355,0.26575342465753427,0.2821917808219178,0.3315068493150685,0.4273972602739726,0.5178082191780822,56.69954575342466,37.07025479452055
MN,Stevens,27149,24.3,80.16294838709678,20.87536129032258,0.24383561643835616,0.26301369863013696,0.36712328767123287,0.4465753424657534,0.5397260273972603,54.75452493150685,34.035908493150686
MN,Swift,27151,23,80.72199354838709,21.733032258064515,0.23835616438356164,0.27123287671232876,0.3589041095890411,0.43561643835616437,0.5315068493150685,55.5818,34.51131068493151
MN,Todd,27153,24.7,79.1631935483871,22.37429677419355,0.273972602739726,0.24383561643835616,0.3835616438356164,0.4575342465753425,0.5506849315068493,53.702210410958905,33.22251068493151
MN,Traverse,27155,26.2,80.64087741935484,20.204135483870967,0.22465753424657534,0.26301369863013696,0.37534246575342467,0.4575342465753425,0.547945205479452,54.33445917808219,33.46030794520548
MN,Wabasha,27157,31.6,80.98624516129033,27.26234193548387,0.2684931506849315,0.28493150684931506,0.3150684931506849,0.4328767123287671,0.5260273972602739,57.01254849315068,37.632806575342464
MN,Wadena,27159,21.1,78.13562580645161,21.778554838709677,0.2684931506849315,0.25205479452054796,0.3917808219178082,0.46301369863013697,0.5643835616438356,52.97946356164383,32.53287890410959
MN,Waseca,27161,32.4,80.53996129032258,25.709116129032257,0.273972602739726,0.2876712328767123,0.3315068493150685,0.42191780821917807,0.5123287671232877,56.99544109589041,37.09033095890411
MN,Washington,27163,33.4,82.15578064516129,26.780232258064515,0.2547945205479452,0.2684931506849315,0.3150684931506849,0.4410958904109589,0.5315068493150685,56.82535835616439,37.68499178082192
MN,Watonwan,27165,34.2,80.74533548387096,24.55816129032258,0.26575342465753427,0.29041095890410956,0.3424657534246575,0.40273972602739727,0.5013698630136987,57.02159780821918,36.6479994520548
MN,Wilkin,27167,23.3,79.83952903225807,18.526651612903226,0.2410958904109589,0.2602739726027397,0.39452054794520547,0.473972602739726,0.5561643835616439,52.994973150684935,32.731776438356164
MN,Winona,27169,32.6,80.55883225806451,27.41127741935484,0.27671232876712326,0.29041095890410956,0.2876712328767123,0.4301369863013699,0.5232876712328767,57.03970630136986,37.94201205479452
MN,Wright,27171,33.6,82.13702580645162,25.079406451612904,0.2465753424657534,0.29041095890410956,0.3506849315068493,0.4383561643835616,0.5287671232876713,56.250231232876715,36.157807671232874
MN,Yellow Medicine,27173,26.3,81.85326451612903,23.856916129032257,0.2465753424657534,0.2821917808219178,0.33972602739726027,0.42191780821917807,0.5068493150684932,57.13137315068493,35.857128767123285
MS,Adams,28001,41.6,93.60395483870967,65.43290967741936,0.33972602739726027,0.3424657534246575,0.0027397260273972603,0.024657534246575342,0.11506849315068493,79.66921753424657,56.934724383561644
MS,Alcorn,28003,54.1,89.22403225806451,57.43945806451613,0.35342465753424657,0.41643835616438357,0.01643835616438356,0.0684931506849315,0.2136986301369863,73.28274356164384,50.8525095890411
MS,Amite,28005,49.1,94.6804129032258,66.002,0.3287671232876712,0.33424657534246577,0,0.01643835616438356,0.10136986301369863,80.47194849315069,57.126555068493154
MS,Attala,28007,50.4,92.21807096774194,61.73361935483871,0.34794520547945207,0.3863013698630137,0.0027397260273972603,0.038356164383561646,0.1506849315068493,76.83284164383562,53.45442684931507
MS,Benton,28009,52.2,90.3244129032258,57.66010322580645,0.34794520547945207,0.3835616438356164,0.01643835616438356,0.06575342465753424,0.2054794520547945,73.77638246575343,50.19815780821918
MS,Bolivar,28011,46.9,91.38083870967742,58.44385806451613,0.3424657534246575,0.3589041095890411,0.010958904109589041,0.0547945205479452,0.2,75.48995287671232,55.038811506849314
MS,Calhoun,28013,45.7,91.08296774193548,59.65241290322581,0.35342465753424657,0.3972602739726027,0.010958904109589041,0.04657534246575343,0.18356164383561643,75.46520657534246,52.71571671232877
MS,Carroll,28015,44.9,91.73352258064516,60.65588387096774,0.3424657534246575,0.39452054794520547,0.00821917808219178,0.043835616438356165,0.17534246575342466,76.26228602739727,53.35241863013699
MS,Chickasaw,28017,48.5,91.36550967741935,60.04463870967742,0.34794520547945207,0.3835616438356164,0.010958904109589041,0.0410958904109589,0.17534246575342466,75.79438465753425,52.99205863013699
MS,Choctaw,28019,55.4,91.54173548387097,61.357651612903226,0.336986301369863,0.3972602739726027,0.005479452054794521,0.0410958904109589,0.16712328767123288,76.14993643835616,53.501902465753425
MS,Claiborne,28021,41.8,93.53178064516129,64.7198193548387,0.3452054794520548,0.33424657534246577,0.0027397260273972603,0.024657534246575342,0.11506849315068493,79.61351123287672,56.03483780821918
MS,Clarke,28023,63.9,91.97785806451613,63.558006451612904,0.3589041095890411,0.3972602739726027,0,0.01643835616438356,0.1178082191780822,78.40799452054794,54.286855342465756
MS,Clay,28025,52.5,91.03593548387097,60.90230967741935,0.3452054794520548,0.39452054794520547,0.005479452054794521,0.0410958904109589,0.16712328767123288,75.99239452054795,53.805283835616436
MS,Coahoma,28027,43.6,91.55810967741935,57.68774193548387,0.3287671232876712,0.3506849315068493,0.0136986301369863,0.06301369863013699,0.21095890410958903,75.06415178082192,54.281297534246576
MS,Copiah,28029,47.7,93.94142580645162,64.41434193548388,0.3315068493150685,0.3424657534246575,0,0.024657534246575342,0.1178082191780822,79.62511013698631,56.223359452054794
MS,Covington,28031,59.3,93.6837935483871,64.57367096774193,0.34794520547945207,0.3561643835616438,0,0.021917808219178082,0.1095890410958904,79.49024328767123,56.03256931506849
MS,DeSoto,28033,53.8,90.49970967741936,56.53370967741935,0.34794520547945207,0.35342465753424657,0.019178082191780823,0.07397260273972603,0.2136986301369863,73.78991945205479,52.942733698630136
MS,Forrest,28035,49.6,93.96331612903226,66.20812903225807,0.3424657534246575,0.36712328767123287,0,0.00821917808219178,0.09315068493150686,80.37530575342466,57.415960547945204
MS,Franklin,28037,48.7,94.50476774193548,65.33594193548387,0.3178082191780822,0.3315068493150685,0,0.021917808219178082,0.1095890410958904,80.22175342465754,56.90966739726027
MS,George,28039,51.4,93.56046451612903,67.67228387096775,0.3698630136986301,0.38904109589041097,0,0.005479452054794521,0.07945205479452055,80.58387890410958,57.87945315068493
MS,Greene,28041,56,93.6720064516129,66.40142580645161,0.3452054794520548,0.37534246575342467,0,0.005479452054794521,0.08767123287671233,80.33023178082192,56.59925863013699
MS,Grenada,28043,42.9,91.95381935483871,59.37416774193549,0.3315068493150685,0.3780821917808219,0.010958904109589041,0.04657534246575343,0.19452054794520549,75.91481205479452,53.21485424657534
MS,Hancock,28045,48.9,94.25607741935484,66.95123870967743,0.38082191780821917,0.3835616438356164,0,0,0.07671232876712329,80.25732438356164,59.66877643835616
MS,Harrison,28047,50.4,93.80590322580645,67.11387741935484,0.3972602739726027,0.38082191780821917,0,0,0.0684931506849315,80.1452904109589,59.80164602739726
MS,Hinds,28049,44.5,93.18583225806452,63.992735483870966,0.336986301369863,0.3726027397260274,0.0027397260273972603,0.024657534246575342,0.1232876712328767,79.04700438356164,55.86473534246576
MS,Holmes,28051,42.9,92.71080645161291,61.64652258064516,0.3315068493150685,0.3726027397260274,0.00821917808219178,0.0410958904109589,0.1589041095890411,77.43419452054795,54.05501534246575
MS,Humphreys,28053,42.4,93.43005161290323,60.822296774193546,0.32054794520547947,0.3287671232876712,0.00821917808219178,0.0410958904109589,0.1726027397260274,77.69505643835616,55.839318356164384
MS,Issaquena,28055,42.9,92.35928387096774,61.98056774193548,0.35342465753424657,0.3589041095890411,0.00821917808219178,0.03561643835616438,0.15616438356164383,77.66544273972603,56.21349643835617
MS,Itawamba,28057,53.1,90.44286451612903,59.111251612903224,0.35342465753424657,0.39452054794520547,0.010958904109589041,0.049315068493150684,0.18356164383561643,75.06472876712328,52.38266246575343
MS,Jackson,28059,55.2,93.11354193548387,67.73301935483872,0.4,0.4136986301369863,0,0,0.0684931506849315,79.90084054794521,59.11066794520548
MS,Jasper,28061,55.3,92.20651612903225,63.512716129032256,0.36164383561643837,0.3643835616438356,0,0.021917808219178082,0.1232876712328767,78.4547797260274,54.10883287671233
MS,Jefferson,28063,44.3,93.82111612903226,65.05473548387097,0.32602739726027397,0.33424657534246577,0.0027397260273972603,0.024657534246575342,0.11506849315068493,79.74444767123288,56.562706301369865
MS,Jefferson Davis,28065,54.8,94.01249677419355,64.76766451612903,0.3452054794520548,0.36712328767123287,0,0.019178082191780823,0.10410958904109589,79.73903780821918,56.332942465753426
MS,Jones,28067,59,93.22212258064516,64.74519354838709,0.34794520547945207,0.3589041095890411,0,0.0136986301369863,0.09863013698630137,79.50719287671232,56.03334849315068
MS,Kemper,28069,63.1,91.51287741935484,62.39038709677419,0.36712328767123287,0.4,0,0.021917808219178082,0.136986301369863,77.15998301369864,54.298676164383565
MS,Lafayette,28071,47.9,90.8875806451613,58.895832258064516,0.336986301369863,0.3835616438356164,0.0136986301369863,0.04657534246575343,0.19726027397260273,74.9242005479452,51.96756273972603
MS,Lamar,28073,51.1,94.09669032258064,66.06830967741935,0.3424657534246575,0.3561643835616438,0,0.00821917808219178,0.09041095890410959,80.34647123287671,57.46363835616438
MS,Lauderdale,28075,61.4,91.48436774193549,63.109283870967744,0.3726027397260274,0.39452054794520547,0,0.019178082191780823,0.1178082191780822,77.86404438356165,54.32148931506849
MS,Lawrence,28077,51.8,95.0724064516129,65.25093548387096,0.3315068493150685,0.33424657534246577,0,0.01643835616438356,0.09863013698630137,80.66688602739725,56.59341479452055
MS,Leake,28079,52.1,93.02528387096774,62.86558709677419,0.3452054794520548,0.3643835616438356,0,0.024657534246575342,0.13972602739726028,78.28976657534247,53.83882301369863
MS,Lee,28081,50.2,91.2024064516129,59.417367741935486,0.3452054794520548,0.36712328767123287,0.010958904109589041,0.043835616438356165,0.18356164383561643,75.58384383561643,53.21141698630137
MS,Leflore,28083,44.5,93.21672258064515,59.76703225806452,0.3287671232876712,0.32602739726027397,0.00821917808219178,0.04657534246575343,0.18356164383561643,76.98307506849315,55.12560602739726
MS,Lincoln,28085,51.2,94.04187741935483,65.232180645161293,0.33424657534246577,0.3452054794520548,0,0.019178082191780823,0.10684931506849316,79.83487671232876,56.38470849315068
MS,Lowndes,28087,55,91.21152258064517,61.174864516129034,0.3589041095890411,0.39452054794520547,0,0.0410958904109589,0.15342465753424658,76.48534301369862,53.956991780821916
MS,Madison,28089,46.1,93.03666451612904,63.000006451612904,0.3315068493150685,0.3589041095890411,0.0027397260273972603,0.024657534246575342,0.14246575342465753,78.42943178082191,54.93939232876712
MS,Marion,28091,51.5,95.32870322580645,66.52196774193548,0.3424657534246575,0.34794520547945207,0,0.00821917808219178,0.08493150684931507,81.07144712328767,57.45013095890411
MS,Marshall,28093,51.5,90.10806451612903,57.59123870967742,0.3452054794520548,0.3972602739726027,0.01643835616438356,0.07123287671232877,0.20821917808219179,73.7876312328767,50.78782301369863
MS,Monroe,28095,51.1,91.47769032258064,60.61192903225807,0.3452054794520548,0.3835616438356164,0.00821917808219178,0.0410958904109589,0.16712328767123288,76.23462027397261,52.89011452054795
MS,Montgomery,28097,50,91.68422580645161,60.070129032258066,0.3506849315068493,0.40821917808219177,0.010958904109589041,0.043835616438356165,0.18356164383561643,75.59965424657534,51.96848
MS,Neshoba,28099,56.2,92.41194838709677,62.60104516129032,0.3643835616438356,0.3780821917808219,0,0.021917808219178082,0.136986301369863,77.60922849315068,54.18257369863014
MS,Newton,28101,53.1,92.17597419354838,63.124148387096774,0.3726027397260274,0.3561643835616438,0,0.021917808219178082,0.12054794520547946,78.16137972602739,53.82116328767123
MS,Noxubee,28103,57.2,91.05318064516129,61.32867741935484,0.36164383561643837,0.3972602739726027,0,0.038356164383561646,0.15616438356164383,76.46335342465754,54.21368164383561
MS,Oktibbeha,28105,56.8,91.30303225806452,61.14089677419355,0.33972602739726027,0.38904109589041097,0.0027397260273972603,0.0410958904109589,0.16712328767123288,76.05270191780822,53.889257534246575
MS,Panola,28107,46.5,91.10869032258064,58.459883870967744,0.336986301369863,0.3780821917808219,0.01643835616438356,0.057534246575342465,0.20273972602739726,74.92385534246576,52.47080328767123
MS,Pearl River,28109,49.5,94.74265806451612,67.00976774193549,0.3452054794520548,0.36164383561643837,0,0.0027397260273972603,0.08493150684931507,80.72994520547945,58.293719452054795
MS,Perry,28111,53,93.84927741935483,66.54345161290323,0.336986301369863,0.3698630136986301,0,0.005479452054794521,0.08767123287671233,80.56620438356164,56.765031232876716
MS,Pike,28113,51.3,94.54547096774193,65.80556774193548,0.336986301369863,0.33972602739726027,0,0.01643835616438356,0.10136986301369863,80.24005917808219,57.199674520547944
MS,Pontotoc,28115,48.2,91.0211870967742,59.3024,0.34794520547945207,0.3917808219178082,0.010958904109589041,0.043835616438356165,0.18904109589041096,75.28653808219178,52.855470684931504
MS,Prentiss,28117,54.7,89.40745806451613,58.04048387096774,0.3506849315068493,0.4191780821917808,0.010958904109589041,0.0547945205479452,0.20273972602739726,73.7571594520548,51.85121369863014
MS,Quitman,28119,43.4,92.37287096774193,57.84434193548387,0.3232876712328767,0.3452054794520548,0.0136986301369863,0.06575342465753424,0.2136986301369863,75.37733698630137,53.60060657534247
MS,Rankin,28121,49.1,93.3178129032258,63.86969677419355,0.34794520547945207,0.36164383561643837,0,0.024657534246575342,0.1178082191780822,79.10182301369863,55.53682465753425
MS,Scott,28123,51.8,93.34736774193549,63.37504516129032,0.3424657534246575,0.3506849315068493,0,0.021917808219178082,0.12876712328767123,78.88851561643835,54.22072876712329
MS,Sharkey,28125,43.2,93.14588387096774,61.44614193548387,0.3452054794520548,0.34794520547945207,0.00821917808219178,0.038356164383561646,0.16712328767123288,77.6012197260274,56.074319452054795
MS,Simpson,28127,53.3,93.4961870967742,64.1349935483871,0.33972602739726027,0.3506849315068493,0,0.024657534246575342,0.1178082191780822,79.29836821917809,55.44896
MS,Smith,28129,52.8,92.88813548387097,63.66507741935484,0.34794520547945207,0.3424657534246575,0,0.021917808219178082,0.1232876712328767,78.83463397260275,54.55188931506849
MS,Stone,28131,55,94.41987741935485,67.28969677419354,0.3589041095890411,0.3643835616438356,0,0.005479452054794521,0.07397260273972603,80.85658136986301,58.32587287671233
MS,Sunflower,28133,44.6,91.98232903225806,59.10393548387097,0.3287671232876712,0.3287671232876712,0.010958904109589041,0.049315068493150684,0.19452054794520549,76.1784898630137,55.447875068493154
MS,Tallahatchie,28135,42.3,92.1514129032258,58.51405806451613,0.33424657534246577,0.3506849315068493,0.010958904109589041,0.052054794520547946,0.2,75.72374082191781,53.937926575342466
MS,Tate,28137,47.4,90.64074838709678,57.668812903225806,0.34794520547945207,0.36164383561643837,0.01643835616438356,0.0684931506849315,0.20273972602739726,74.33687287671233,51.76234794520548
MS,Tippah,28139,52.2,89.91534838709677,57.55814193548387,0.35342465753424657,0.40273972602739727,0.01643835616438356,0.06575342465753424,0.20821917808219179,73.44614410958904,50.407347397260274
MS,Tishomingo,28141,49.7,88.5896193548387,57.4983935483871,0.3561643835616438,0.4383561643835616,0.0136986301369863,0.06027397260273973,0.2136986301369863,73.23064712328767,51.09893698630137
MS,Tunica,28143,47.8,90.89634838709678,56.84046451612903,0.3424657534246575,0.3589041095890411,0.019178082191780823,0.07123287671232877,0.21095890410958903,74.25685424657534,53.45032876712329
MS,Union,28145,50,90.79984516129032,58.72657419354839,0.33972602739726027,0.39452054794520547,0.010958904109589041,0.043835616438356165,0.19452054794520549,74.7697704109589,52.06446191780822
MS,Walthall,28147,51,94.91865161290323,66.38406451612903,0.336986301369863,0.33972602739726027,0,0.010958904109589041,0.08767123287671233,80.71108712328767,57.481204383561646
MS,Warren,28149,42.1,92.78954193548387,64.11530967741936,0.3424657534246575,0.3589041095890411,0.0027397260273972603,0.024657534246575342,0.1232876712328767,79.00967287671233,56.22322630136986
MS,Washington,28151,42.9,92.98278064516128,59.98872258064516,0.3315068493150685,0.3287671232876712,0.00821917808219178,0.04657534246575343,0.18356164383561643,76.9449002739726,55.72690958904109
MS,Wayne,28153,58.6,93.82500645161291,65.02413548387096,0.3424657534246575,0.38082191780821917,0,0.00821917808219178,0.09863013698630137,79.80616547945205,55.53528602739726
MS,Webster,28155,51.2,91.38205806451613,60.65623225806451,0.3424657534246575,0.3972602739726027,0.010958904109589041,0.0410958904109589,0.17534246575342466,75.74516328767123,52.58540164383562
MS,Wilkinson,28157,43,94.70764516129033,66.38429677419354,0.33972602739726027,0.31232876712328766,0,0.019178082191780823,0.0958904109589041,80.68111835616439,57.38782630136986
MS,Winston,28159,58.6,91.12506451612903,61.677703225806454,0.3506849315068493,0.39452054794520547,0,0.0410958904109589,0.1589041095890411,76.21915506849315,54.163375342465756
MS,Yalobusha,28161,47.1,91.13389032258064,58.96713548387097,0.3452054794520548,0.3917808219178082,0.010958904109589041,0.052054794520547946,0.1917808219178082,75.31843506849314,52.90860273972603
MS,Yazoo,28163,42,92.67492258064516,62.462735483870965,0.3452054794520548,0.3698630136986301,0.00821917808219178,0.038356164383561646,0.13972602739726028,78.00595835616438,55.55090410958904
MO,Adair,29001,31.8,86.67285161290323,39.44898064516129,0.30684931506849317,0.35342465753424657,0.13972602739726028,0.26575342465753427,0.40273972602739727,65.00528328767123,42.49058739726027
MO,Andrew,29003,35.1,85.56921935483871,39.770774193548384,0.2547945205479452,0.3589041095890411,0.12602739726027398,0.25753424657534246,0.40821917808219177,65.8626208219178,43.56802794520548
MO,Atchison,29005,33.2,84.10355483870968,37.381767741935484,0.25205479452054796,0.36164383561643837,0.14246575342465753,0.27671232876712326,0.410958904109589,65.0320810958904,42.372359452054795
MO,Audrain,29007,28.9,88.61017419354839,43.16627096774194,0.3041095890410959,0.35342465753424657,0.10410958904109589,0.23835616438356164,0.3863013698630137,66.42600109589041,44.52669808219178
MO,Barry,29009,48.2,89.47591612903226,50.41585806451613,0.3452054794520548,0.3698630136986301,0.049315068493150684,0.1506849315068493,0.29863013698630136,69.7046098630137,46.74645315068493
MO,Barton,29011,35.7,91.38275483870967,48.861064516129034,0.3095890410958904,0.34794520547945207,0.049315068493150684,0.17534246575342466,0.31232876712328766,70.22260547945206,47.04791616438356
MO,Bates,29013,34.3,90.34566451612903,46.87403870967742,0.29041095890410956,0.336986301369863,0.0684931506849315,0.1863013698630137,0.3315068493150685,69.46949534246575,45.90256383561644
MO,Benton,29015,31.2,90.2034064516129,46.83618064516129,0.31232876712328766,0.35342465753424657,0.052054794520547946,0.19726027397260273,0.3232876712328767,69.02260219178082,45.78304383561644
MO,Bollinger,29017,54.1,89.97892903225807,49.58054193548387,0.31232876712328766,0.36712328767123287,0.03287671232876712,0.1589041095890411,0.3287671232876712,69.87186684931507,46.063898082191784
MO,Boone,29019,30.1,89.96104516129033,45.27343225806452,0.29863013698630136,0.3561643835616438,0.0821917808219178,0.22465753424657534,0.3506849315068493,67.97019397260274,46.53523671232877
MO,Buchanan,29021,33.8,86.55933548387097,41.26930322580645,0.2493150684931507,0.36164383561643837,0.11232876712328767,0.23835616438356164,0.40273972602739727,66.57211671232876,44.53560438356164
MO,Butler,29023,45.4,89.34091612903225,50.900290322580645,0.29863013698630136,0.3643835616438356,0.021917808219178082,0.12876712328767123,0.3095890410958904,70.78784493150685,49.84961863013699
MO,Caldwell,29025,34,87.09858064516129,41.01869677419355,0.26575342465753427,0.3643835616438356,0.1232876712328767,0.2328767123287671,0.40273972602739727,66.10129095890412,43.94307890410959
MO,Callaway,29027,36.1,89.61103225806451,45.23452903225807,0.3232876712328767,0.3698630136986301,0.07945205479452055,0.2219178082191781,0.3424657534246575,67.96408383561644,45.49466904109589
MO,Camden,29029,34.5,89.81663870967742,47.53266451612903,0.336986301369863,0.3643835616438356,0.0547945205479452,0.18356164383561643,0.3095890410958904,69.19108219178082,47.03999616438356
MO,Cape Girardeau,29031,51.2,89.4663935483871,49.44513548387097,0.28493150684931506,0.38082191780821917,0.03287671232876712,0.1643835616438356,0.3315068493150685,69.80297863013699,47.977544657534246
MO,Carroll,29033,34.7,88.42192903225806,42.615296774193546,0.273972602739726,0.3506849315068493,0.10410958904109589,0.2356164383561644,0.38082191780821917,67.07461753424657,44.360235068493154
MO,Carter,29035,39.4,90.13547096774194,50.002670967741935,0.3150684931506849,0.3178082191780822,0.024657534246575342,0.14794520547945206,0.3041095890410959,70.87732219178082,45.93689205479452
MO,Cass,29037,36.2,89.41175483870968,45.46144516129032,0.2876712328767123,0.33424657534246577,0.07671232876712329,0.21095890410958903,0.3452054794520548,68.56407561643836,45.970436164383564
MO,Cedar,29039,30.6,92.3696193548387,48.9285935483871,0.30684931506849317,0.336986301369863,0.04657534246575343,0.1780821917808219,0.3095890410958904,70.47154301369864,47.89189917808219
MO,Chariton,29041,32.4,88.33773548387097,43.09229677419355,0.2876712328767123,0.3643835616438356,0.10136986301369863,0.2356164383561644,0.3835616438356164,66.84309315068494,44.3198805479452
MO,Christian,29043,48.8,89.73354838709677,48.79870322580645,0.336986301369863,0.37534246575342467,0.04657534246575343,0.1726027397260274,0.31232876712328766,69.44090246575342,46.002012602739725
MO,Clark,29045,32.1,86.23243225806452,38.71969032258065,0.31232876712328766,0.3589041095890411,0.136986301369863,0.2684931506849315,0.40273972602739727,64.91849369863014,43.785729315068494
MO,Clay,29047,38.6,87.46345806451613,43.33698064516129,0.27945205479452057,0.35342465753424657,0.10136986301369863,0.2356164383561644,0.3835616438356164,67.04969863013699,45.2455095890411
MO,Clinton,29049,34.2,86.54731612903225,41.37556129032258,0.26575342465753427,0.36164383561643837,0.12054794520547946,0.24383561643835616,0.4054794520547945,66.13690136986301,44.05379616438356
MO,Cole,29051,29.8,90.32110322580645,46.598464516129035,0.336986301369863,0.3589041095890411,0.0547945205479452,0.1863013698630137,0.31232876712328766,69.03248,46.30960547945205
MO,Cooper,29053,27.9,90.1116064516129,46.35035483870968,0.3041095890410959,0.3589041095890411,0.06301369863013699,0.2054794520547945,0.33424657534246577,68.88800164383562,46.67690904109589
MO,Crawford,29055,40.7,89.32401935483871,47.092825806451614,0.33972602739726027,0.3561643835616438,0.052054794520547946,0.1917808219178082,0.30684931506849317,69.20773095890411,44.32396876712329
MO,Dade,29057,38.8,91.61588387096774,49.03049677419355,0.32054794520547947,0.34794520547945207,0.049315068493150684,0.1780821917808219,0.30684931506849317,70.13659506849315,47.225440547945205
MO,Dallas,29059,36.8,90.43038064516129,48.22189032258065,0.3232876712328767,0.36712328767123287,0.052054794520547946,0.1780821917808219,0.31232876712328766,69.51800164383562,46.30943287671233
MO,Daviess,29061,34,86.51509032258065,39.73181290322581,0.273972602739726,0.3452054794520548,0.13150684931506848,0.2547945205479452,0.40821917808219177,65.5123901369863,43.70300821917808
MO,DeKalb,29063,34.3,85.92933548387097,40.085193548387096,0.25753424657534246,0.3589041095890411,0.12602739726027398,0.25205479452054796,0.40821917808219177,65.6887309589041,43.80635287671233
MO,Dent,29065,38,88.95734193548387,47.50647741935484,0.3452054794520548,0.3561643835616438,0.04657534246575343,0.1863013698630137,0.30684931506849317,69.13082410958904,45.36057150684932
MO,Douglas,29067,43.1,89.26067096774193,49.10412258064516,0.33424657534246577,0.3835616438356164,0.043835616438356165,0.16986301369863013,0.30684931506849317,69.75234191780822,46.44284493150685
MO,Dunklin,29069,49.9,89.88085806451613,52.46269032258065,0.3041095890410959,0.3452054794520548,0.01643835616438356,0.1178082191780822,0.27123287671232876,71.826716164383555,51.86904602739726
MO,Franklin,29071,38,89.06981290322581,46.70286451612903,0.33424657534246577,0.3643835616438356,0.057534246575342465,0.20273972602739726,0.3150684931506849,68.78266958904109,45.10815726027397
MO,Gasconade,29073,39.4,88.91210967741935,46.45161935483871,0.3452054794520548,0.3726027397260274,0.06027397260273973,0.19452054794520549,0.32054794520547947,68.51562356164384,44.77568
MO,Gentry,29075,32.5,85.69243225806451,38.84481935483871,0.2547945205479452,0.3561643835616438,0.13424657534246576,0.26301369863013696,0.410958904109589,65.32238904109589,43.44932657534247
MO,Greene,29077,46,90.51132258064516,48.59350322580645,0.3315068493150685,0.3726027397260274,0.052054794520547946,0.1780821917808219,0.3095890410958904,69.48624767123287,46.80752
MO,Grundy,29079,32.8,86.33514838709678,39.77675483870968,0.2958904109589041,0.3287671232876712,0.13972602739726028,0.2547945205479452,0.40273972602739727,65.24375616438356,43.61169150684932
MO,Harrison,29081,32.2,85.22530322580646,38.108038709677416,0.29041095890410956,0.3424657534246575,0.14246575342465753,0.27123287671232876,0.410958904109589,64.70243945205479,43.190215342465756
MO,Henry,29083,30.8,90.65131612903225,47.01513548387097,0.3013698630136986,0.3424657534246575,0.06301369863013699,0.18904109589041096,0.32602739726027397,69.38518630136986,46.02277917808219
MO,Hickory,29085,31,90.87184516129032,47.875593548387094,0.3178082191780822,0.35342465753424657,0.049315068493150684,0.18082191780821918,0.32054794520547947,69.76075506849315,46.93455068493151
MO,Holt,29087,35.2,84.94392258064516,39.2684,0.25205479452054796,0.3726027397260274,0.12876712328767123,0.25753424657534246,0.40821917808219177,65.76575123287671,42.85233808219178
MO,Howard,29089,28.5,89.1351935483871,44.8421870967742,0.29315068493150687,0.3561643835616438,0.07671232876712329,0.22465753424657534,0.3589041095890411,67.7371408219178,45.89069863013699
MO,Howell,29091,41.9,89.53909032258065,49.249109677419355,0.336986301369863,0.3698630136986301,0.030136986301369864,0.15616438356164383,0.3041095890410959,70.1419605479452,47.56482684931507
MO,Iron,29093,44.1,88.34789677419354,47.905206451612905,0.37534246575342467,0.3835616438356164,0.0410958904109589,0.18082191780821918,0.3150684931506849,68.68787616438357,46.56337095890411
MO,Jackson,29095,37.3,88.51709677419355,44.490083870967744,0.27123287671232876,0.3424657534246575,0.0958904109589041,0.2191780821917808,0.3726027397260274,67.90084219178082,46.64537205479452
MO,Jasper,29097,41.5,91.73433548387096,49.850890322580646,0.30684931506849317,0.3561643835616438,0.04657534246575343,0.1589041095890411,0.3013698630136986,70.57338849315069,47.82549150684932
MO,Jefferson,29099,34.8,89.87058064516128,47.09450967741935,0.3232876712328767,0.3561643835616438,0.049315068493150684,0.1917808219178082,0.3150684931506849,69.13569150684931,46.887173698630136
MO,Johnson,29101,31,89.14326451612904,45.0864064516129,0.3013698630136986,0.35342465753424657,0.07945205479452055,0.2136986301369863,0.3506849315068493,68.04876767123288,45.538579178082195
MO,Knox,29103,27.5,87.50108387096775,40.04925161290323,0.29863013698630136,0.3589041095890411,0.13150684931506848,0.2547945205479452,0.3972602739726027,65.5052,43.02519726027397
MO,Laclede,29105,38.8,89.68297419354839,47.77107741935484,0.32602739726027397,0.36712328767123287,0.049315068493150684,0.18356164383561643,0.3095890410958904,69.11888,46.96921424657534
MO,Lafayette,29107,35.4,88.62143870967742,43.76630967741936,0.29041095890410956,0.35342465753424657,0.0958904109589041,0.2273972602739726,0.3643835616438356,67.57635890410958,45.29067232876712
MO,Lawrence,29109,50.5,90.70810322580645,49.23378064516129,0.33972602739726027,0.3561643835616438,0.052054794520547946,0.16986301369863013,0.29863013698630136,69.62575506849315,47.27457808219178
MO,Lewis,29111,26.8,87.59915483870968,40.25903870967742,0.29863013698630136,0.3561643835616438,0.1232876712328767,0.25205479452054796,0.3972602739726027,65.70442794520548,44.22440164383562
MO,Lincoln,29113,33.8,88.94596129032259,44.70753548387097,0.3178082191780822,0.36164383561643837,0.06027397260273973,0.2219178082191781,0.34794520547945207,67.62754794520548,45.436605479452055
MO,Linn,29115,36,87.23497419354838,41.222503225806456,0.3013698630136986,0.35342465753424657,0.12876712328767123,0.23835616438356164,0.4,65.71267342465754,43.46866301369863
MO,Livingston,29117,35.2,87.78867741935484,41.17918709677419,0.273972602739726,0.3506849315068493,0.12054794520547946,0.23835616438356164,0.40273972602739727,66.22132876712328,44.07787671232877
MO,McDonald,29119,50.2,90.35048387096774,51.62209032258065,0.3452054794520548,0.36712328767123287,0.04657534246575343,0.13972602739726028,0.27671232876712326,70.8054109589041,47.68273424657534
MO,Macon,29121,34.3,88.4232064516129,41.695206451612904,0.29315068493150687,0.3424657534246575,0.11506849315068493,0.2410958904109589,0.39452054794520547,66.18094465753424,43.108998356164385
MO,Madison,29123,47.7,89.23703870967742,48.67949677419355,0.33424657534246577,0.3780821917808219,0.030136986301369864,0.1780821917808219,0.32602739726027397,69.51882520547946,46.05354684931507
MO,Maries,29125,35.9,89.27036774193549,46.80627741935484,0.34794520547945207,0.36712328767123287,0.052054794520547946,0.18904109589041096,0.32054794520547947,68.76113369863013,45.608
MO,Marion,29127,26.9,88.81641935483871,41.52507741935484,0.3041095890410959,0.3424657534246575,0.10410958904109589,0.2493150684931507,0.38904109589041097,66.21872986301369,45.135532054794524
MO,Mercer,29129,34.9,84.79254838709677,37.67963870967742,0.3013698630136986,0.33972602739726027,0.13972602739726028,0.28493150684931506,0.4136986301369863,64.29913589041095,42.48169095890411
MO,Miller,29131,34,89.79474838709677,47.02912903225806,0.3506849315068493,0.3561643835616438,0.052054794520547946,0.18904109589041096,0.31232876712328766,68.96858246575343,47.06508273972603
MO,Mississippi,29133,57.3,89.07863870967742,50.98111612903226,0.3041095890410959,0.4054794520547945,0.0273972602739726,0.14246575342465753,0.29863013698630136,70.6405704109589,50.01998739726027
MO,Moniteau,29135,30.3,89.98990322580646,46.428451612903224,0.3287671232876712,0.3561643835616438,0.0547945205479452,0.19452054794520549,0.3287671232876712,68.81301315068494,47.03273698630137
MO,Monroe,29137,25.3,88.97110322580644,42.50538064516129,0.29863013698630136,0.35342465753424657,0.10410958904109589,0.23835616438356164,0.3835616438356164,66.44718191780822,44.22832219178082
MO,Montgomery,29139,34.4,89.20905161290322,44.39985161290323,0.3150684931506849,0.3698630136986301,0.07945205479452055,0.2273972602739726,0.35342465753424657,67.58060986301369,44.89006136986301
MO,Morgan,29141,33.2,89.78458709677419,46.63556774193548,0.3315068493150685,0.34794520547945207,0.0547945205479452,0.19452054794520549,0.32054794520547947,68.8564695890411,46.6742904109589
MO,New Madrid,29143,50.8,89.64163225806452,51.42705161290323,0.29315068493150687,0.37534246575342467,0.021917808219178082,0.12876712328767123,0.29315068493150687,71.13118136986301,51.12390520547945
MO,Newton,29145,43.9,90.94245161290323,50.83281935483871,0.33972602739726027,0.3589041095890411,0.043835616438356165,0.14794520547945206,0.2876712328767123,70.53024767123287,47.45185095890411
MO,Nodaway,29147,32.7,84.61986451612903,38.250703225806454,0.26301369863013696,0.3589041095890411,0.136986301369863,0.2684931506849315,0.4136986301369863,65.07543397260274,43.17826630136986
MO,Oregon,29149,43.6,90.07067096774193,50.02264516129032,0.3315068493150685,0.35342465753424657,0.024657534246575342,0.1506849315068493,0.2876712328767123,70.86010630136987,46.227885479452056
MO,Osage,29151,36.7,89.62345806451613,46.43890322580645,0.34794520547945207,0.3643835616438356,0.057534246575342465,0.18904109589041096,0.32054794520547947,68.74351342465754,45.62059506849315
MO,Ozark,29153,45.6,90.2628064516129,50.65084516129032,0.33972602739726027,0.3698630136986301,0.03287671232876712,0.14794520547945206,0.2876712328767123,70.8468997260274,48.17656547945205
MO,Pemiscot,29155,47.7,89.44676774193549,52.76729677419355,0.32054794520547947,0.3643835616438356,0.019178082191780823,0.11506849315068493,0.25753424657534246,71.79551452054794,52.0282202739726
MO,Perry,29157,44.6,89.18489677419355,48.26810967741935,0.34794520547945207,0.3863013698630137,0.0410958904109589,0.17534246575342466,0.32602739726027397,69.02565479452055,46.37960821917808
MO,Pettis,29159,30,89.42667741935483,45.64353548387097,0.3150684931506849,0.35342465753424657,0.06575342465753424,0.2136986301369863,0.3424657534246575,68.30647342465754,45.775883287671235
MO,Phelps,29161,38.1,89.05872258064517,47.3288,0.3424657534246575,0.3643835616438356,0.049315068493150684,0.1917808219178082,0.30684931506849317,69.15743452054795,44.78730849315068
MO,Pike,29163,31.2,88.76114193548386,42.94910967741936,0.3150684931506849,0.3589041095890411,0.09041095890410959,0.24383561643835616,0.3780821917808219,66.49774958904109,45.222622465753425
MO,Platte,29165,37.5,87.58684516129033,43.498051612903225,0.26301369863013696,0.35342465753424657,0.10136986301369863,0.23013698630136986,0.3863013698630137,67.23287945205479,45.45540931506849
MO,Polk,29167,36.8,91.42032258064516,48.67647741935484,0.3232876712328767,0.3506849315068493,0.04657534246575343,0.18082191780821918,0.30684931506849317,70.07592273972602,46.85482794520548
MO,Pulaski,29169,36.2,89.35763870967742,47.650477419354836,0.35342465753424657,0.3698630136986301,0.04657534246575343,0.1863013698630137,0.2958904109589041,69.27488328767123,46.300748493150685
MO,Putnam,29171,31.5,85.08333548387097,37.15049677419355,0.32602739726027397,0.34794520547945207,0.1506849315068493,0.29315068493150687,0.4054794520547945,64.0562197260274,41.668727123287674
MO,Ralls,29173,27.8,89.02446451612903,42.27672258064516,0.30684931506849317,0.3452054794520548,0.10136986301369863,0.2410958904109589,0.3863013698630137,66.38207616438356,45.19451287671233
MO,Randolph,29175,32.6,88.95542580645161,43.541948387096774,0.2958904109589041,0.3589041095890411,0.0958904109589041,0.2328767123287671,0.3780821917808219,66.93546027397261,45.022516712328766
MO,Ray,29177,35.3,87.8487741935484,42.616864516129034,0.273972602739726,0.3561643835616438,0.1095890410958904,0.2356164383561644,0.3863013698630137,66.9434295890411,44.5539594520548
MO,Reynolds,29179,43,88.90003225806451,48.56499354838709,0.35342465753424657,0.3589041095890411,0.038356164383561646,0.1780821917808219,0.3095890410958904,69.5076701369863,45.596238356164385
MO,Ripley,29181,46,90.09122580645162,50.99145161290323,0.3150684931506849,0.33972602739726027,0.024657534246575342,0.13150684931506848,0.2958904109589041,71.19476821917809,48.422267945205476
MO,St. Charles,29183,34.1,89.2332064516129,46.07274838709677,0.32054794520547947,0.3643835616438356,0.057534246575342465,0.2054794520547945,0.3287671232876712,68.58239616438357,46.585513424657535
MO,St. Clair,29185,29.3,91.60241290322581,47.93232258064516,0.3041095890410959,0.3315068493150685,0.0547945205479452,0.18356164383561643,0.32602739726027397,69.9743189041096,46.90645589041096
MO,Ste. Genevieve,29186,40.9,89.59314838709678,47.672425806451614,0.3561643835616438,0.3780821917808219,0.038356164383561646,0.1863013698630137,0.32054794520547947,69.03183890410959,46.64901150684931
MO,St. Francois,29187,43.2,89.0613935483871,47.695593548387095,0.3698630136986301,0.3780821917808219,0.043835616438356165,0.18904109589041096,0.3178082191780822,68.70582684931507,46.6577698630137
MO,St. Louis,29189,35.1,90.19934193548387,46.65751612903226,0.3150684931506849,0.3589041095890411,0.052054794520547946,0.19726027397260273,0.32602739726027397,69.1422208219178,49.311951232876716
MO,Saline,29195,32.7,89.06685161290322,44.30294193548387,0.28493150684931506,0.3643835616438356,0.07671232876712329,0.2219178082191781,0.3643835616438356,67.83398575342466,45.27780109589041
MO,Schuyler,29197,28.5,85.7344129032258,37.83112903225806,0.3041095890410959,0.3643835616438356,0.1506849315068493,0.27123287671232876,0.4054794520547945,64.55144657534247,42.185243287671234
MO,Scotland,29199,31.3,86.35146451612903,38.270445161290326,0.2958904109589041,0.3589041095890411,0.13972602739726028,0.27123287671232876,0.4054794520547945,64.91539671232877,42.75566082191781
MO,Scott,29201,55.2,89.7416193548387,50.43345161290323,0.29315068493150687,0.37534246575342467,0.030136986301369864,0.14794520547945206,0.3178082191780822,70.49007068493151,49.610509589041094
MO,Shannon,29203,39.2,89.66880645161291,48.92238064516129,0.33424657534246577,0.3506849315068493,0.038356164383561646,0.1726027397260274,0.3041095890410959,70.1776991780822,44.644151780821915
MO,Shelby,29205,27,88.65656774193549,41.47885806451613,0.29315068493150687,0.3424657534246575,0.11232876712328767,0.24383561643835616,0.3917808219178082,66.15759397260274,43.27556
MO,Stoddard,29207,49.9,89.465,50.4612064516129,0.2876712328767123,0.36164383561643837,0.021917808219178082,0.14520547945205478,0.32054794520547947,70.48764438356164,50.13014246575342
MO,Stone,29209,48.5,90.60846451612903,50.07629677419355,0.32602739726027397,0.3726027397260274,0.04657534246575343,0.15616438356164383,0.2958904109589041,70.19681369863014,46.571675616438355
MO,Sullivan,29211,34.5,85.89258064516129,38.81421935483871,0.3150684931506849,0.3506849315068493,0.14246575342465753,0.2684931506849315,0.4054794520547945,64.64823232876712,42.32847397260274
MO,Taney,29213,46.8,91.29995483870968,50.844954838709675,0.3287671232876712,0.34794520547945207,0.03561643835616438,0.15342465753424658,0.28493150684931506,71.00876657534246,46.88304602739726
MO,Texas,29215,42.3,88.37553548387096,47.79621935483871,0.3452054794520548,0.3643835616438356,0.04657534246575343,0.18904109589041096,0.31232876712328766,68.9151693150685,46.453462465753425
MO,Vernon,29217,31,91.34605806451613,48.02464516129032,0.3013698630136986,0.33424657534246577,0.052054794520547946,0.18356164383561643,0.3178082191780822,69.99567726027398,46.89476821917808
MO,Warren,29219,35.9,88.90787096774193,45.66803870967742,0.3315068493150685,0.3726027397260274,0.06301369863013699,0.20821917808219179,0.336986301369863,68.1472498630137,45.11523890410959
MO,Washington,29221,42.4,88.52505161290323,47.034529032258064,0.3780821917808219,0.3698630136986301,0.052054794520547946,0.19452054794520549,0.30684931506849317,68.36704219178083,46.02535835616438
MO,Wayne,29223,48.1,89.66061935483872,50.014051612903224,0.3178082191780822,0.336986301369863,0.0273972602739726,0.14520547945205478,0.31232876712328766,70.33683890410958,46.822822465753426
MO,Webster,29225,44.7,89.22350967741936,47.65372903225806,0.3232876712328767,0.36712328767123287,0.052054794520547946,0.18904109589041096,0.3315068493150685,68.59313205479452,46.63838410958904
MO,Worth,29227,31,84.72112903225806,37.641316129032255,0.2821917808219178,0.3698630136986301,0.14246575342465753,0.2684931506849315,0.41643835616438357,64.48722356164383,42.86631397260274
MO,Wright,29229,45.6,88.60111612903226,47.723290322580645,0.35342465753424657,0.3780821917808219,0.049315068493150684,0.1863013698630137,0.3178082191780822,68.68027178082191,46.4233704109589
MO,St. Louis,29510,36.4,90.67854838709678,46.60636129032258,0.2958904109589041,0.3506849315068493,0.052054794520547946,0.19726027397260273,0.32602739726027397,69.28332602739727,49.906587397260274
MT,Beaverhead,30001,22.1,77.37921935483871,25.631309677419356,0.3150684931506849,0.10136986301369863,0.4,0.5260273972602739,0.6465753424657534,48.9062904109589,25.974290410958904
MT,Big Horn,30003,24.4,83.16889032258065,35.61776774193548,0.3178082191780822,0.23013698630136986,0.2465753424657534,0.3917808219178082,0.5232876712328767,58.10730356164384,33.75040876712329
MT,Blaine,30005,13.4,83.48197419354838,30.35056129032258,0.3150684931506849,0.21643835616438356,0.29863013698630136,0.4410958904109589,0.5287671232876713,55.487213698630136,32.49787506849315
MT,Broadwater,30007,19.6,81.07804516129032,31.021496774193547,0.3178082191780822,0.17534246575342466,0.29863013698630136,0.4602739726027397,0.5835616438356165,54.35218794520548,32.397834520547946
MT,Carbon,30009,22.8,78.80255483870968,32.24247741935484,0.33424657534246577,0.1643835616438356,0.29041095890410956,0.4438356164383562,0.5780821917808219,53.98448,32.06688109589041
MT,Carter,30011,17.1,83.97441935483872,34.27630322580645,0.27945205479452057,0.26301369863013696,0.25753424657534246,0.3972602739726027,0.5287671232876713,57.935736438356166,33.59772931506849
MT,Cascade,30013,18.9,82.77045161290323,36.13216129032258,0.31232876712328766,0.20273972602739726,0.24383561643835616,0.4191780821917808,0.5561643835616439,56.5768597260274,33.30356493150685
MT,Chouteau,30015,15.8,85.96225806451613,35.58873548387097,0.29041095890410956,0.2273972602739726,0.2273972602739726,0.4054794520547945,0.5150684931506849,58.39599890410959,34.39735835616438
MT,Custer,30017,17.1,85.99512258064516,33.000393548387095,0.25205479452054796,0.2493150684931507,0.2547945205479452,0.40821917808219177,0.5178082191780822,58.59426520547945,35.05673534246576
MT,Daniels,30019,12.8,80.51690967741935,23.150212903225807,0.2958904109589041,0.23013698630136986,0.38082191780821917,0.473972602739726,0.5506849315068493,53.06297863013699,29.479664657534247
MT,Dawson,30021,18.3,82.9584064516129,28.562464516129033,0.26575342465753427,0.2410958904109589,0.30684931506849317,0.4328767123287671,0.5315068493150685,56.08369917808219,33.81285150684931
MT,Deer Lodge,30023,24.3,76.22443225806451,27.292012903225807,0.3178082191780822,0.09041095890410959,0.3780821917808219,0.5232876712328767,0.6410958904109589,49.74591890410959,26.036846575342466
MT,Fallon,30025,18.3,83.1780064516129,31.24771612903226,0.26575342465753427,0.24383561643835616,0.29863013698630136,0.4273972602739726,0.5397260273972603,56.4652695890411,33.922858630136986
MT,Fergus,30027,19,82.93610967741935,36.11509032258064,0.3287671232876712,0.20273972602739726,0.23013698630136986,0.4136986301369863,0.5315068493150685,57.015882191780825,34.95987068493151
MT,Flathead,30029,28.4,79.08863870967743,29.304529032258063,0.29863013698630136,0.14520547945205478,0.3972602739726027,0.5123287671232877,0.6219178082191781,51.462211506849314,30.374072328767124
MT,Gallatin,30031,27.5,78.51798064516129,27.932929032258063,0.33972602739726027,0.12054794520547946,0.3561643835616438,0.5013698630136987,0.6027397260273972,51.20745479452055,28.263106301369863
MT,Garfield,30033,17,85.92370322580645,33.38158709677419,0.26301369863013696,0.2410958904109589,0.26301369863013696,0.410958904109589,0.5150684931506849,58.207373698630136,35.55457095890411
MT,Glacier,30035,21.7,77.99818709677419,32.485651612903226,0.3178082191780822,0.12602739726027398,0.32602739726027397,0.4958904109589041,0.6136986301369863,52.05700547945205,31.432107397260275
MT,Golden Valley,30037,22,82.39169677419355,37.301174193548384,0.32602739726027397,0.2219178082191781,0.2273972602739726,0.3835616438356164,0.5232876712328767,57.74493643835616,32.54446301369863
MT,Granite,30039,23.4,77.93222580645161,28.710412903225805,0.32054794520547947,0.1232876712328767,0.35342465753424657,0.5178082191780822,0.6273972602739726,51.067059726027395,28.84510794520548
MT,Hill,30041,12,85.0770064516129,29.719167741935482,0.2958904109589041,0.2219178082191781,0.2876712328767123,0.43561643835616437,0.5178082191780822,56.358892054794524,31.176990684931507
MT,Jefferson,30043,20.9,78.89435483870967,29.802722580645163,0.3315068493150685,0.13424657534246576,0.3287671232876712,0.4849315068493151,0.6109589041095891,52.26483397260274,30.168487671232878
MT,Judith Basin,30045,24,78.20089032258065,34.140954838709675,0.3178082191780822,0.13150684931506848,0.26575342465753427,0.4383561643835616,0.6027397260273972,53.81306082191781,31.272607671232876
MT,Lake,30047,21.9,83.4611870967742,30.62410322580645,0.3041095890410959,0.19726027397260273,0.3315068493150685,0.4767123287671233,0.5643835616438356,54.70880493150685,33.62241150684932
MT,Lewis and Clark,30049,20.9,79.1154064516129,31.234767741935485,0.3095890410958904,0.13972602739726028,0.3150684931506849,0.4931506849315068,0.6164383561643836,52.80059287671233,30.533665753424657
MT,Liberty,30051,11.5,84.20214838709677,33.625864516129035,0.29863013698630136,0.23013698630136986,0.26301369863013696,0.4273972602739726,0.5205479452054794,56.84121315068493,32.567438904109586
MT,Lincoln,30053,24.6,81.70415483870967,30.93678064516129,0.2876712328767123,0.2054794520547945,0.3780821917808219,0.4931506849315068,0.5945205479452055,53.70206246575342,32.95456219178082
MT,McCone,30055,15.2,84.46744516129033,27.781787096774192,0.25753424657534246,0.25205479452054796,0.3178082191780822,0.4273972602739726,0.5260273972602739,56.39698301369863,33.63836493150685
MT,Madison,30057,23.6,78.37595483870967,27.258277419354837,0.3150684931506849,0.10410958904109589,0.3726027397260274,0.5123287671232877,0.6246575342465753,50.34327726027397,28.170191780821916
MT,Meagher,30059,23.9,77.44309032258064,30.06912258064516,0.3232876712328767,0.12602739726027398,0.32054794520547947,0.4767123287671233,0.6191780821917808,52.051728767123286,27.902297534246575
MT,Mineral,30061,29.9,82.13162580645161,30.143329032258062,0.2958904109589041,0.1643835616438356,0.36164383561643837,0.4986301369863014,0.6027397260273972,53.194467397260276,33.212953424657535
MT,Missoula,30063,26.1,81.28481290322581,30.241109677419356,0.3178082191780822,0.16986301369863013,0.32602739726027397,0.4958904109589041,0.5945205479452055,53.48685150684931,31.31563506849315
MT,Musselshell,30065,18.9,85.01493548387097,38.34732258064516,0.3013698630136986,0.23013698630136986,0.19452054794520549,0.3698630136986301,0.5041095890410959,59.30120657534247,34.99544164383562
MT,Park,30067,29.4,75.1991870967742,27.442225806451614,0.32054794520547947,0.07397260273972603,0.3698630136986301,0.5095890410958904,0.6438356164383562,49.49356383561644,27.986256438356165
MT,Petroleum,30069,15.9,86.80425161290323,36.79374838709678,0.26301369863013696,0.2219178082191781,0.2,0.3780821917808219,0.5041095890410959,59.852529315068494,36.262838904109586
MT,Phillips,30071,14,85.29312258064516,27.652593548387095,0.26301369863013696,0.2465753424657534,0.32602739726027397,0.4328767123287671,0.5260273972602739,56.317955616438354,32.2847698630137
MT,Pondera,30073,15.4,81.5530129032258,34.717477419354836,0.32602739726027397,0.19726027397260273,0.2547945205479452,0.4438356164383562,0.5589041095890411,55.39545808219178,32.8236701369863
MT,Powder River,30075,17.5,85.69934193548387,34.914954838709676,0.27671232876712326,0.25753424657534246,0.22465753424657534,0.38904109589041097,0.5123287671232877,59.22599616438356,34.349843287671234
MT,Powell,30077,23.1,78.5498,29.44463870967742,0.32602739726027397,0.13972602739726028,0.35342465753424657,0.5041095890410959,0.6191780821917808,51.88526082191781,28.81874904109589
MT,Prairie,30079,17.6,84.47557419354838,30.074929032258066,0.26301369863013696,0.2547945205479452,0.28493150684931506,0.4273972602739726,0.5260273972602739,57.2082898630137,34.21085369863014
MT,Ravalli,30081,27.2,80.02388387096774,29.45770322580645,0.3315068493150685,0.14246575342465753,0.3561643835616438,0.5123287671232877,0.6109589041095891,51.934225753424656,30.094539726027396
MT,Richland,30083,16.9,82.60769677419354,26.053322580645162,0.26301369863013696,0.2356164383561644,0.336986301369863,0.4547945205479452,0.536986301369863,55.47171397260274,32.68576054794521
MT,Roosevelt,30085,13.3,82.67290322580645,23.039135483870968,0.26575342465753427,0.2328767123287671,0.36712328767123287,0.46301369863013697,0.536986301369863,54.4668405479452,31.006133698630137
MT,Rosebud,30087,19.6,85.47230967741936,35.16248387096774,0.27671232876712326,0.24383561643835616,0.23013698630136986,0.4,0.5150684931506849,58.99801260273973,35.6529397260274
MT,Sanders,30089,23.1,83.43302580645161,31.45651612903226,0.3041095890410959,0.2,0.3506849315068493,0.4849315068493151,0.5726027397260274,54.6566098630137,34.218403835616435
MT,Sheridan,30091,13.1,80.61823225806452,21.905832258064518,0.28493150684931506,0.2328767123287671,0.3780821917808219,0.4712328767123288,0.5452054794520548,53.072516164383565,30.039188493150686
MT,Silver Bow,30093,21,77.5764064516129,27.695270967741934,0.336986301369863,0.11506849315068493,0.3643835616438356,0.5123287671232877,0.6191780821917808,50.43545698630137,27.8528098630137
MT,Stillwater,30095,24.9,79.96808387096775,34.74424516129032,0.3178082191780822,0.1726027397260274,0.26301369863013696,0.42191780821917807,0.5643835616438356,55.40900493150685,32.85802301369863
MT,Sweet Grass,30097,26.2,78.33385806451614,33.10357419354839,0.32602739726027397,0.14246575342465753,0.273972602739726,0.4383561643835616,0.6027397260273972,53.66666904109589,31.451029589041095
MT,Teton,30099,16.8,80.68837419354838,35.22571612903226,0.3232876712328767,0.1726027397260274,0.2493150684931507,0.4410958904109589,0.5808219178082191,54.99436383561644,32.346862465753425
MT,Toole,30101,11.1,83.43807741935484,33.87827096774193,0.3232876712328767,0.23013698630136986,0.26575342465753427,0.4383561643835616,0.5287671232876713,56.3053802739726,32.59289534246575
MT,Treasure,30103,19,86.51003870967742,37.05509677419355,0.27123287671232876,0.2493150684931507,0.19726027397260273,0.3698630136986301,0.5041095890410959,60.08851178082192,35.22582191780822
MT,Valley,30105,13.5,83.91205806451613,23.94801935483871,0.26301369863013696,0.23835616438356164,0.3643835616438356,0.4438356164383562,0.5342465753424658,54.85921589041096,31.614597808219177
MT,Wheatland,30107,22.7,79.87570322580645,34.88516774193548,0.3150684931506849,0.18082191780821918,0.25205479452054796,0.4328767123287671,0.5780821917808219,55.27679123287671,31.251081643835615
MT,Wibaux,30109,17.2,81.76036129032258,28.51409677419355,0.27671232876712326,0.23835616438356164,0.31232876712328766,0.4410958904109589,0.5424657534246575,55.279503561643835,33.33745917808219
MT,Yellowstone,30111,20.4,85.52874838709677,38.14566451612903,0.27945205479452057,0.2465753424657534,0.19726027397260273,0.36712328767123287,0.5068493150684932,59.79875616438356,35.633312328767126
NE,Adams,31001,22.9,84.80886451612903,34.573825806451616,0.3095890410958904,0.3315068493150685,0.16986301369863013,0.32054794520547947,0.4246575342465753,63.55276712328767,39.69019671232877
NE,Antelope,31003,30.1,82.51473548387096,30.836212903225807,0.28493150684931506,0.3150684931506849,0.22465753424657534,0.3589041095890411,0.4465753424657534,61.07785095890411,38.26184
NE,Arthur,31005,25.5,84.52661290322581,30.777858064516128,0.3150684931506849,0.273972602739726,0.22465753424657534,0.3589041095890411,0.4438356164383562,60.99713698630137,36.45337753424658
NE,Banner,31007,24.5,84.18229032258064,33.07500645161291,0.3452054794520548,0.25205479452054796,0.19452054794520549,0.3452054794520548,0.4520547945205479,61.033117260273976,34.740349589041095
NE,Blaine,31009,27.6,84.93985806451613,32.11607096774193,0.2958904109589041,0.29315068493150687,0.2,0.36164383561643837,0.4410958904109589,61.930158356164384,36.80858410958904
NE,Boone,31011,28,83.05444516129032,31.79114193548387,0.27671232876712326,0.3150684931506849,0.20821917808219179,0.3506849315068493,0.4465753424657534,61.79152876712329,37.95338410958904
NE,Box Butte,31013,21.7,83.72090967741936,31.81941935483871,0.3287671232876712,0.25753424657534246,0.2191780821917808,0.36164383561643837,0.4657534246575342,60.423099726027395,34.06428438356164
NE,Boyd,31015,31.5,84.22014838709677,29.168832258064516,0.273972602739726,0.30684931506849317,0.23835616438356164,0.36164383561643837,0.4520547945205479,60.92831780821918,37.56164
NE,Brown,31017,31.7,84.35207096774194,31.105283870967742,0.2958904109589041,0.2958904109589041,0.21643835616438356,0.3643835616438356,0.4410958904109589,61.26030684931507,36.893085479452054
NE,Buffalo,31019,24.8,84.3363935483871,33.79814193548387,0.32602739726027397,0.336986301369863,0.18356164383561643,0.32054794520547947,0.4273972602739726,63.0791304109589,38.21743178082192
NE,Burt,31021,26.1,83.08887741935484,31.29736129032258,0.273972602739726,0.3287671232876712,0.21643835616438356,0.3424657534246575,0.4383561643835616,62.047335890410956,39.560172602739726
NE,Butler,31023,22.8,83.19391612903226,33.315451612903225,0.27123287671232876,0.33972602739726027,0.18356164383561643,0.32602739726027397,0.4246575342465753,63.22697205479452,39.39557863013699
NE,Cass,31025,28.1,83.00967741935484,35.309387096774195,0.27123287671232876,0.3589041095890411,0.15342465753424658,0.3013698630136986,0.41643835616438357,64.09714630136986,41.896932602739724
NE,Cedar,31027,28.9,82.49644516129032,28.762032258064515,0.2547945205479452,0.29863013698630136,0.26575342465753427,0.36712328767123287,0.4684931506849315,60.300867397260276,38.65078794520548
NE,Chase,31029,23,86.21646451612904,31.517251612903227,0.30684931506849317,0.2821917808219178,0.20821917808219179,0.32054794520547947,0.4191780821917808,63.20271890410959,36.36593205479452
NE,Cherry,31031,29.7,83.64873548387096,31.901174193548385,0.32602739726027397,0.2958904109589041,0.20273972602739726,0.3643835616438356,0.4465753424657534,60.73500767123288,36.02474575342466
NE,Cheyenne,31033,25,84.3646129032258,31.39833548387097,0.3315068493150685,0.2465753424657534,0.22465753424657534,0.3452054794520548,0.4520547945205479,60.88817534246575,35.04404657534246
NE,Clay,31035,22.5,84.65592258064517,34.89654838709677,0.27945205479452057,0.3315068493150685,0.16164383561643836,0.29863013698630136,0.42191780821917807,64.15284767123288,39.87372767123288
NE,Colfax,31037,25,82.95707096774194,32.02485161290323,0.2684931506849315,0.33972602739726027,0.2054794520547945,0.336986301369863,0.43561643835616437,62.38680602739726,39.470828493150684
NE,Cuming,31039,25,82.9440064516129,30.680832258064516,0.2684931506849315,0.3095890410958904,0.22465753424657534,0.3589041095890411,0.4383561643835616,61.53294520547945,38.68760164383561
NE,Custer,31041,28.9,84.79585806451612,32.45075483870968,0.3013698630136986,0.30684931506849317,0.1917808219178082,0.3452054794520548,0.4410958904109589,62.34460712328767,37.3027802739726
NE,Dakota,31043,28.9,83.60257419354839,29.31561935483871,0.25753424657534246,0.3178082191780822,0.2328767123287671,0.36164383561643837,0.43561643835616437,61.420827397260275,38.55964383561644
NE,Dawes,31045,27.5,84.46541290322581,33.74332903225807,0.32054794520547947,0.26301369863013696,0.19452054794520549,0.34794520547945207,0.4575342465753425,61.09904164383562,34.90925863013699
NE,Dawson,31047,24.2,84.59286451612903,33.03087741935484,0.2958904109589041,0.31232876712328766,0.19726027397260273,0.3232876712328767,0.4383561643835616,62.937625753424655,37.961570410958906
NE,Deuel,31049,23.9,85.57647741935483,30.60447741935484,0.3095890410958904,0.2684931506849315,0.23013698630136986,0.336986301369863,0.4410958904109589,61.50381479452055,35.45652767123288
NE,Dixon,31051,29.3,82.53645161290322,28.641490322580644,0.27123287671232876,0.3041095890410959,0.25753424657534246,0.3698630136986301,0.4465753424657534,60.50964767123288,38.03143506849315
NE,Dodge,31053,25.9,83.25227096774194,32.416845161290325,0.27671232876712326,0.32602739726027397,0.18904109589041096,0.336986301369863,0.4301369863013699,62.67075726027397,39.97249589041096
NE,Douglas,31055,24.5,83.99456774193548,34.087187096774194,0.2602739726027397,0.336986301369863,0.1726027397260274,0.3150684931506849,0.42191780821917807,63.68784602739726,42.42512657534247
NE,Dundy,31057,26,87.24287096774194,32.87352258064516,0.29863013698630136,0.2958904109589041,0.16712328767123288,0.2958904109589041,0.4054794520547945,64.55784273972603,36.57777479452055
NE,Fillmore,31059,23,84.41048387096774,35.43724516129032,0.26301369863013696,0.34794520547945207,0.15342465753424658,0.2821917808219178,0.41643835616438357,64.74612767123288,39.9732701369863
NE,Franklin,31061,26.4,86.0621870967742,36.10638064516129,0.2821917808219178,0.3232876712328767,0.1643835616438356,0.29315068493150687,0.40821917808219177,64.71620328767123,39.398493150684935
NE,Frontier,31063,25.7,86.12797419354838,33.608735483870966,0.29315068493150687,0.3095890410958904,0.18082191780821918,0.30684931506849317,0.41643835616438357,63.997593972602736,37.80435890410959
NE,Furnas,31065,23.6,87.21987741935484,36.22959354838709,0.28493150684931506,0.3150684931506849,0.14246575342465753,0.27945205479452057,0.3780821917808219,66.07586410958903,37.42935232876712
NE,Gage,31067,27.5,85.24521935483871,37.32434193548387,0.2328767123287671,0.3643835616438356,0.13972602739726028,0.26575342465753427,0.4191780821917808,65.56614849315068,41.37792602739726
NE,Garden,31069,23.1,84.88034193548387,31.05558064516129,0.3232876712328767,0.2684931506849315,0.21095890410958903,0.35342465753424657,0.4410958904109589,61.14080657534247,35.839301369863016
NE,Garfield,31071,33.1,84.40270322580645,31.942690322580646,0.29863013698630136,0.3041095890410959,0.21643835616438356,0.35342465753424657,0.4438356164383562,61.340971506849314,36.688304657534246
NE,Gosper,31073,26.3,84.62538064516129,34.08196129032258,0.30684931506849317,0.3287671232876712,0.18082191780821918,0.3095890410958904,0.41643835616438357,63.54726356164384,38.05149643835617
NE,Grant,31075,24.8,83.32130967741935,30.85746451612903,0.33424657534246577,0.2547945205479452,0.2136986301369863,0.3589041095890411,0.4520547945205479,60.20943726027397,35.81068383561644
NE,Greeley,31077,29.1,85.34532258064516,32.36290322580645,0.27123287671232876,0.3287671232876712,0.19726027397260273,0.33972602739726027,0.4410958904109589,62.50263726027397,36.993007671232874
NE,Hall,31079,20.7,84.75254193548388,34.04601935483871,0.3013698630136986,0.33972602739726027,0.18356164383561643,0.32054794520547947,0.4273972602739726,63.361666301369866,39.577935890410956
NE,Hamilton,31081,20.6,83.76788387096774,34.13247741935484,0.29863013698630136,0.336986301369863,0.17534246575342466,0.3232876712328767,0.4273972602739726,63.521353424657534,39.784541369863014
NE,Harlan,31083,26.1,85.90430967741935,35.830690322580644,0.29863013698630136,0.3178082191780822,0.15616438356164383,0.29041095890410956,0.3972602739726027,64.94626301369863,39.25284602739726
NE,Hayes,31085,22.9,86.61472903225807,32.1818,0.29315068493150687,0.28493150684931506,0.19726027397260273,0.30684931506849317,0.42191780821917807,63.64144547945205,37.49132164383562
NE,Hitchcock,31087,29.8,88.2482,34.74418709677419,0.28493150684931506,0.2876712328767123,0.1506849315068493,0.2876712328767123,0.3917808219178082,65.52070958904109,37.76761424657534
NE,Holt,31089,31.8,83.60222580645161,29.99358064516129,0.2821917808219178,0.3095890410958904,0.24383561643835616,0.3698630136986301,0.44931506849315067,60.66052712328767,37.2419895890411
NE,Hooker,31091,26,83.81509032258064,31.5284,0.32054794520547947,0.26575342465753427,0.21095890410958903,0.36164383561643837,0.4410958904109589,60.86410465753425,36.40525095890411
NE,Howard,31093,25.5,85.10029032258065,33.4368064516129,0.28493150684931506,0.336986301369863,0.18904109589041096,0.3287671232876712,0.4273972602739726,63.26876164383562,38.46484054794521
NE,Jefferson,31095,25,86.71065161290323,37.10950322580645,0.23013698630136986,0.33972602739726027,0.14520547945205478,0.26575342465753427,0.4054794520547945,65.9710695890411,40.87360547945205
NE,Johnson,31097,29.7,84.35044516129032,37.21343870967742,0.25205479452054796,0.36164383561643837,0.136986301369863,0.27945205479452057,0.41643835616438357,65.1927002739726,41.29250739726027
NE,Kearney,31099,23.8,84.1478,34.13381290322581,0.32054794520547947,0.33424657534246577,0.18082191780821918,0.32054794520547947,0.41643835616438357,63.24569205479452,38.96163561643836
NE,Keith,31101,24.4,85.62530967741935,30.434174193548387,0.30684931506849317,0.2876712328767123,0.23013698630136986,0.3424657534246575,0.4383561643835616,61.684865205479454,36.76406739726028
NE,Keya Paha,31103,34.6,84.54943225806451,29.842903225806452,0.27671232876712326,0.29315068493150687,0.2410958904109589,0.3698630136986301,0.4547945205479452,60.764784109589044,36.93055506849315
NE,Kimball,31105,23.9,82.68016129032257,32.1813935483871,0.3589041095890411,0.22465753424657534,0.2136986301369863,0.3589041095890411,0.4547945205479452,59.92963835616438,34.03936547945205
NE,Knox,31107,29.8,83.83965161290322,29.45485806451613,0.27123287671232876,0.3095890410958904,0.2356164383561644,0.36164383561643837,0.4520547945205479,61.08902575342466,38.67216109589041
NE,Lancaster,31109,24.5,84.18554193548387,35.88201935483871,0.25205479452054796,0.35342465753424657,0.14246575342465753,0.2876712328767123,0.4191780821917808,64.94499068493151,41.30461917808219
NE,Lincoln,31111,24.1,85.2188,31.36808387096774,0.2958904109589041,0.28493150684931506,0.21095890410958903,0.3287671232876712,0.4328767123287671,62.59466904109589,36.59794465753425
NE,Logan,31113,25.6,84.9123935483871,32.15723870967742,0.3013698630136986,0.2958904109589041,0.2054794520547945,0.34794520547945207,0.4328767123287671,62.482092602739726,36.6361095890411
NE,Loup,31115,31,84.32965806451612,31.59685806451613,0.2958904109589041,0.3041095890410959,0.20821917808219179,0.3589041095890411,0.4438356164383562,61.42197643835616,36.660875616438354
NE,McPherson,31117,27.8,84.63246451612903,31.570961290322582,0.3178082191780822,0.2876712328767123,0.21095890410958903,0.34794520547945207,0.43561643835616437,61.578670136986304,36.32880273972603
NE,Madison,31119,28.5,82.81092258064517,31.379754838709676,0.27671232876712326,0.32054794520547947,0.2191780821917808,0.3506849315068493,0.4410958904109589,61.60451123287671,38.818957260273976
NE,Merrick,31121,21.9,84.04369032258064,33.602000000000004,0.28493150684931506,0.3287671232876712,0.1780821917808219,0.3287671232876712,0.42191780821917807,63.4812602739726,39.706066301369866
NE,Morrill,31123,21.9,84.99136129032259,31.890374193548386,0.3178082191780822,0.25753424657534246,0.2054794520547945,0.34794520547945207,0.44931506849315067,61.27987506849315,35.11093260273972
NE,Nance,31125,23.3,83.99247741935484,33.041387096774194,0.27671232876712326,0.33972602739726027,0.1863013698630137,0.3315068493150685,0.4246575342465753,63.21247835616438,39.005511232876714
NE,Nemaha,31127,31.6,84.33412903225806,37.4103935483871,0.2547945205479452,0.36164383561643837,0.136986301369863,0.26575342465753427,0.410958904109589,65.35395561643836,41.941153424657536
NE,Nuckolls,31129,22.2,87.15757419354838,36.95458709677419,0.25753424657534246,0.31232876712328766,0.1506849315068493,0.26575342465753427,0.4,65.66383671232877,39.596813698630136
NE,Otoe,31131,30.6,83.85602580645161,36.361574193548385,0.25753424657534246,0.3643835616438356,0.14520547945205478,0.2876712328767123,0.41643835616438357,64.77531726027398,41.56560931506849
NE,Pawnee,31133,31.4,85.05412903225806,38.20187096774193,0.25205479452054796,0.36164383561643837,0.12602739726027398,0.25753424657534246,0.4136986301369863,65.63326630136986,41.54835890410959
NE,Perkins,31135,23.1,86.31726451612903,30.598903225806453,0.29863013698630136,0.28493150684931506,0.2328767123287671,0.336986301369863,0.4301369863013699,62.519956712328764,36.08149753424657
NE,Phelps,31137,25.2,83.73182580645161,33.81143870967742,0.3178082191780822,0.33424657534246577,0.18904109589041096,0.32054794520547947,0.4246575342465753,62.964196712328764,38.52191287671233
NE,Pierce,31139,28.1,82.85998709677419,30.672354838709676,0.273972602739726,0.3178082191780822,0.2273972602739726,0.35342465753424657,0.4438356164383562,61.30877369863014,38.86414465753425
NE,Platte,31141,28,82.83966451612903,32.44831612903226,0.27671232876712326,0.3315068493150685,0.18904109589041096,0.3424657534246575,0.43561643835616437,62.43445424657534,39.194708493150685
NE,Polk,31143,22,84.0501935483871,34.21475483870968,0.27123287671232876,0.3287671232876712,0.1726027397260274,0.30684931506849317,0.42191780821917807,64.06872602739726,40.017180273972606
NE,Red Willow,31145,26.2,87.91113548387096,34.79783870967742,0.2958904109589041,0.3041095890410959,0.14246575342465753,0.29041095890410956,0.38904109589041097,65.54526849315069,38.13391671232877
NE,Richardson,31147,32.2,85.00355483870968,38.58492258064516,0.2547945205479452,0.3589041095890411,0.12876712328767123,0.2602739726027397,0.4054794520547945,65.77038191780822,42.42090520547945
NE,Rock,31149,33.3,83.36125806451614,30.076264516129033,0.2876712328767123,0.2958904109589041,0.2547945205479452,0.3643835616438356,0.4602739726027397,60.377917260273975,36.81339726027397
NE,Saline,31151,24.6,84.44816774193548,35.95326451612903,0.2328767123287671,0.36164383561643837,0.14520547945205478,0.2876712328767123,0.42191780821917807,65.06276,40.70218136986301
NE,Sarpy,31153,25,83.59769677419355,34.731470967741934,0.27123287671232876,0.33972602739726027,0.1589041095890411,0.31232876712328766,0.41643835616438357,64.00486301369862,42.332596712328765
NE,Saunders,31155,24.5,83.07482580645161,33.56176129032258,0.27123287671232876,0.33972602739726027,0.18082191780821918,0.3232876712328767,0.4246575342465753,63.370424657534244,40.14495068493151
NE,Scotts Bluff,31157,24.1,85.53066451612904,33.731832258064514,0.3232876712328767,0.2602739726027397,0.1726027397260274,0.32054794520547947,0.4410958904109589,62.21562849315068,35.65074520547945
NE,Seward,31159,21.7,84.21457419354839,35.12718064516129,0.2547945205479452,0.34794520547945207,0.14794520547945206,0.29315068493150687,0.41643835616438357,64.80996109589042,39.95309041095891
NE,Sheridan,31161,27.2,83.0992129032258,31.741612903225807,0.32054794520547947,0.25753424657534246,0.2136986301369863,0.36712328767123287,0.4657534246575342,60.00930684931507,34.160744657534245
NE,Sherman,31163,27.7,85.35890967741935,33.696412903225806,0.2958904109589041,0.32602739726027397,0.18082191780821918,0.3232876712328767,0.4301369863013699,63.153265753424655,37.20098904109589
NE,Sioux,31165,23.4,83.82995483870968,33.01775483870968,0.3178082191780822,0.2410958904109589,0.20273972602739726,0.36164383561643837,0.4767123287671233,60.17338301369863,33.084635616438355
NE,Stanton,31167,26.4,83.10478709677419,31.09866451612903,0.27945205479452057,0.3232876712328767,0.21643835616438356,0.35342465753424657,0.43561643835616437,61.81649205479452,38.66579945205479
NE,Thayer,31169,22.9,87.26040645161291,37.33758064516129,0.24383561643835616,0.3315068493150685,0.13972602739726028,0.2547945205479452,0.4054794520547945,66.17298520547945,40.54150301369863
NE,Thomas,31171,28.1,85.07892258064516,32.62581935483871,0.30684931506849317,0.3013698630136986,0.20273972602739726,0.34794520547945207,0.43561643835616437,62.18435287671233,36.87764493150685
NE,Thurston,31173,26.6,83.68107741935484,30.004264516129034,0.2493150684931507,0.3232876712328767,0.2273972602739726,0.3506849315068493,0.4410958904109589,61.702569315068494,38.377444383561645
NE,Valley,31175,28.8,85.5216064516129,32.70478709677419,0.2958904109589041,0.32054794520547947,0.1917808219178082,0.33972602739726027,0.4410958904109589,62.42468,36.90778136986302
NE,Washington,31177,24.9,83.3733935483871,32.866729032258064,0.26575342465753427,0.3287671232876712,0.1780821917808219,0.3315068493150685,0.4301369863013699,62.872791232876715,41.05285095890411
NE,Wayne,31179,29.1,82.93785161290323,30.569929032258063,0.27671232876712326,0.31232876712328766,0.2273972602739726,0.3561643835616438,0.4410958904109589,61.40600328767123,38.28004712328767
NE,Webster,31181,24.9,86.91770967741935,36.24631612903226,0.26575342465753427,0.3232876712328767,0.16164383561643836,0.29315068493150687,0.41643835616438357,64.90833479452054,39.02268273972603
NE,Wheeler,31183,32.7,84.4083935483871,31.927593548387097,0.27671232876712326,0.3315068493150685,0.2136986301369863,0.35342465753424657,0.44931506849315067,61.66945917808219,37.671114520547945
NE,York,31185,21.3,83.94910322580645,34.483883870967745,0.27671232876712326,0.336986301369863,0.16712328767123288,0.30684931506849317,0.42191780821917807,64.13522739726028,39.67144219178082
NV,Churchill,32001,9.9,94.49733548387097,38.85358709677419,0.28493150684931506,0.2356164383561644,0.0958904109589041,0.31232876712328766,0.4547945205479452,64.29049589041095,37.30537424657534
NV,Clark,32003,8.9,103.31663870967742,50.401051612903224,0.27945205479452057,0.2958904109589041,0,0.06575342465753424,0.29315068493150687,74.44167232876713,52.36802082191781
NV,Douglas,32005,24.2,87.27091612903226,37.170006451612906,0.3315068493150685,0.2219178082191781,0.1506849315068493,0.3863013698630137,0.5095890410958904,59.441808767123284,33.7358904109589
NV,Elko,32007,16,87.59085161290322,31.833470967741935,0.32054794520547947,0.2,0.30684931506849317,0.4438356164383562,0.5397260273972603,56.4872197260274,31.100463561643835
NV,Esmeralda,32009,10.8,92.59206451612903,38.7882064516129,0.336986301369863,0.27123287671232876,0.1095890410958904,0.29315068493150687,0.4657534246575342,63.454053150684935,39.105344657534246
NV,Eureka,32011,13.5,90.20764516129033,33.130574193548384,0.33424657534246577,0.23013698630136986,0.23013698630136986,0.410958904109589,0.5013698630136987,58.95390520547945,31.80482575342466
NV,Humboldt,32013,13.3,91.47989677419355,36.372954838709674,0.28493150684931506,0.19726027397260273,0.18356164383561643,0.39452054794520547,0.5150684931506849,60.31111506849315,35.93166849315068
NV,Lander,32015,13.1,90.41917419354839,35.16364516129032,0.33424657534246577,0.22465753424657534,0.20273972602739726,0.3780821917808219,0.4931506849315068,59.984486575342466,33.6336602739726
NV,Lincoln,32017,13.8,95.52124516129032,40.903787096774195,0.30684931506849317,0.2821917808219178,0.06575342465753424,0.27123287671232876,0.42191780821917807,65.83030465753424,40.61414410958904
NV,Lyon,32019,13.7,91.76191612903226,37.707219354838706,0.3095890410958904,0.2547945205479452,0.1178082191780822,0.3452054794520548,0.473972602739726,62.48798082191781,36.612635616438354
NV,Mineral,32021,12.2,90.29323225806452,36.27691612903226,0.33424657534246577,0.25205479452054796,0.13972602739726028,0.33972602739726027,0.4849315068493151,61.23258191780822,37.408955616438355
NV,Nye,32023,12.7,92.64078064516129,38.51193548387097,0.3424657534246575,0.273972602739726,0.11506849315068493,0.3041095890410959,0.46301369863013697,63.1706197260274,37.05607671232877
NV,Pershing,32027,11.4,93.31839354838709,38.20982580645161,0.2821917808219178,0.2356164383561644,0.1232876712328767,0.3561643835616438,0.4794520547945205,62.80553534246575,37.21896438356164
NV,Storey,32029,16.3,88.38639354838709,38.35969032258065,0.31232876712328766,0.23013698630136986,0.136986301369863,0.3780821917808219,0.5095890410958904,60.347731506849314,37.03460493150685
NV,Washoe,32031,15.3,88.84132903225806,36.60201935483871,0.2958904109589041,0.21643835616438356,0.1726027397260274,0.4,0.5205479452054794,59.474889315068495,35.876465205479455
NV,White Pine,32033,15.8,87.38954193548388,32.61078064516129,0.3424657534246575,0.17534246575342466,0.2493150684931507,0.40821917808219177,0.5150684931506849,57.303152328767126,30.606331506849315
NV,Carson City,32510,20.7,86.92932258064516,37.59736129032258,0.32602739726027397,0.2273972602739726,0.15342465753424658,0.3972602739726027,0.5123287671232877,59.46850794520548,35.100319999999996
NH,Belknap,33001,57.6,81.39554193548388,36.197832258064516,0.33972602739726027,0.22465753424657534,0.22465753424657534,0.4191780821917808,0.5452054794520548,56.89231342465754,39.64613369863014
NH,Carroll,33003,66.2,80.4162258064516,35.55256129032258,0.3424657534246575,0.20273972602739726,0.2410958904109589,0.4410958904109589,0.5561643835616439,56.00220109589041,36.88837095890411
NH,Cheshire,33005,59.9,81.52293548387097,37.1565935483871,0.3561643835616438,0.23835616438356164,0.1917808219178082,0.38904109589041097,0.5315068493150685,58.07089424657534,39.92656383561644
NH,Coos,33007,55.7,76.82394838709678,30.438529032258064,0.35342465753424657,0.1232876712328767,0.36712328767123287,0.4821917808219178,0.5972602739726027,51.70264712328767,32.9687698630137
NH,Grafton,33009,58.1,78.16518064516129,33.35981290322581,0.3589041095890411,0.15616438356164383,0.3095890410958904,0.4547945205479452,0.5753424657534246,53.90048657534246,36.81456109589041
NH,Hillsborough,33011,60.4,81.87991612903225,38.52128387096774,0.33972602739726027,0.23013698630136986,0.16986301369863013,0.37534246575342467,0.5260273972602739,58.693748493150686,40.320877260273974
NH,Merrimack,33013,56.3,81.2970064516129,36.95023225806452,0.34794520547945207,0.23013698630136986,0.2054794520547945,0.4054794520547945,0.536986301369863,57.56736767123288,39.20509424657534
NH,Rockingham,33015,60.6,82.90910967741935,40.72291612903226,0.3315068493150685,0.2465753424657534,0.13424657534246576,0.33972602739726027,0.5178082191780822,59.9802701369863,41.43035780821918
NH,Strafford,33017,61.4,82.38455483870968,39.092812903225806,0.336986301369863,0.2356164383561644,0.1726027397260274,0.37534246575342467,0.5205479452054794,58.802798904109586,40.90887068493151
NH,Sullivan,33019,55.2,80.20156129032259,35.1356,0.35342465753424657,0.2054794520547945,0.23835616438356164,0.4273972602739726,0.547945205479452,56.27980054794521,39.37545315068493
NJ,Atlantic,34001,47.3,86.6264,50.50736774193548,0.3863013698630137,0.3095890410958904,0.024657534246575342,0.16164383561643836,0.37534246575342467,66.27077205479452,47.23572767123288
NJ,Bergen,34003,59.7,85.28342580645162,46.37183870967742,0.3643835616438356,0.30684931506849317,0.06027397260273973,0.23835616438356164,0.4520547945205479,63.43590520547945,46.24536767123288
NJ,Burlington,34005,46.1,87.40132903225806,49.82778064516129,0.37534246575342467,0.3095890410958904,0.03287671232876712,0.17534246575342466,0.3835616438356164,66.2558197260274,46.18609095890411
NJ,Camden,34007,47.8,87.5538064516129,49.65486451612903,0.3643835616438356,0.3178082191780822,0.03287671232876712,0.1726027397260274,0.3835616438356164,66.40245315068493,47.03502520547945
NJ,Cape May,34009,44.2,85.34154838709678,50.30332903225806,0.3972602739726027,0.3041095890410959,0.021917808219178082,0.17534246575342466,0.39452054794520547,65.44256,49.22552164383562
NJ,Cumberland,34011,46.1,86.45075483870967,49.802,0.38082191780821917,0.32602739726027397,0.021917808219178082,0.16986301369863013,0.3863013698630137,66.14800219178082,48.260849863013696
NJ,Essex,34013,58.4,86.15375483870967,47.09764516129032,0.3589041095890411,0.3041095890410959,0.049315068493150684,0.21095890410958903,0.43561643835616437,64.22160767123287,46.43123616438356
NJ,Gloucester,34015,45.2,87.22545161290323,49.25915483870968,0.36712328767123287,0.3232876712328767,0.03287671232876712,0.17534246575342466,0.3835616438356164,66.27904219178082,47.8309802739726
NJ,Hudson,34017,56.3,86.22110967741935,47.733974193548384,0.36712328767123287,0.3150684931506849,0.0410958904109589,0.20273972602739726,0.43561643835616437,64.38311452054795,49.9168301369863
NJ,Hunterdon,34019,56.2,85.29335483870967,46.282535483870966,0.3589041095890411,0.31232876712328766,0.0684931506849315,0.23013698630136986,0.4465753424657534,63.67862410958904,43.84750136986301
NJ,Mercer,34021,51.2,87.1898,48.38301935483871,0.36164383561643837,0.30684931506849317,0.0410958904109589,0.19726027397260273,0.410958904109589,65.25807232876713,45.39178794520548
NJ,Middlesex,34023,56.9,87.5650129032258,48.59089032258065,0.3506849315068493,0.3041095890410959,0.0410958904109589,0.1917808219178082,0.4054794520547945,65.32732547945206,46.238961643835616
NJ,Monmouth,34025,56.1,86.35152258064517,49.082406451612904,0.3863013698630137,0.2876712328767123,0.038356164383561646,0.19726027397260273,0.4054794520547945,64.74600438356164,46.791344657534246
NJ,Morris,34027,62.3,84.49072903225806,45.491929032258064,0.3561643835616438,0.2876712328767123,0.07945205479452055,0.2547945205479452,0.4657534246575342,62.7288997260274,44.205666849315065
NJ,Ocean,34029,48.4,85.784,49.559290322580644,0.3917808219178082,0.29315068493150687,0.03287671232876712,0.18904109589041096,0.410958904109589,65.06864821917809,46.99890191780822
NJ,Passaic,34031,60.3,84.52574193548388,45.141451612903225,0.3643835616438356,0.29863013698630136,0.0821917808219178,0.2602739726027397,0.4575342465753425,62.64182904109589,44.1122197260274
NJ,Salem,34033,45.9,86.67203870967742,49.23877419354839,0.37534246575342467,0.33972602739726027,0.0273972602739726,0.1780821917808219,0.3780821917808219,66.29901479452055,48.59475726027397
NJ,Somerset,34035,55.5,86.3222,47.329903225806454,0.3561643835616438,0.3095890410958904,0.043835616438356165,0.2136986301369863,0.4328767123287671,64.48443232876713,44.036614794520546
NJ,Sussex,34037,58.3,83.8652,43.85154838709678,0.35342465753424657,0.29315068493150687,0.10410958904109589,0.2876712328767123,0.4849315068493151,61.73499397260274,42.390196712328766
NJ,Union,34039,57.9,86.60549677419355,47.97192258064516,0.3561643835616438,0.3013698630136986,0.0410958904109589,0.20273972602739726,0.4191780821917808,64.81736328767123,47.07052712328767
NJ,Warren,34041,58.8,84.53125806451614,45.24300645161291,0.3561643835616438,0.30684931506849317,0.07397260273972603,0.2547945205479452,0.4547945205479452,63.006469589041096,42.653588493150686
NM,Bernalillo,35001,9.8,96.33049032258064,45.64858709677419,0.29315068493150687,0.27671232876712326,0.03287671232876712,0.19726027397260273,0.3698630136986301,69.15636931506849,40.70009534246575
NM,Catron,35003,12,90.13012903225807,43.17323870967742,0.4,0.27671232876712326,0.07671232876712329,0.2191780821917808,0.3835616438356164,65.47346082191781,33.44561698630137
NM,Chaves,35005,8.4,98.25445806451613,57.22415483870968,0.3287671232876712,0.27671232876712326,0.010958904109589041,0.06027397260273973,0.19452054794520549,76.71624602739726,45.922289863013695
NM,Cibola,35006,9.7,91.65618064516129,41.60195483870967,0.36712328767123287,0.27123287671232876,0.09041095890410959,0.2547945205479452,0.40273972602739727,65.22800493150685,33.957650410958905
NM,Colfax,35007,16.3,85.30781290322581,42.342625806451615,0.3863013698630137,0.26575342465753427,0.0958904109589041,0.2602739726027397,0.4301369863013699,62.76655178082192,33.80173589041096
NM,Curry,35009,18.6,95.51485806451613,53.297251612903224,0.3589041095890411,0.28493150684931506,0.038356164383561646,0.09041095890410959,0.24383561643835616,73.64635835616438,43.4289298630137
NM,De Baca,35011,12.3,98.08061290322581,54.66461290322581,0.3589041095890411,0.2821917808219178,0.019178082191780823,0.07945205479452055,0.2054794520547945,75.43321095890411,43.41596
NM,Doña Ana,35013,6.2,100.91230322580645,56.96896129032258,0.3232876712328767,0.29863013698630136,0,0.04657534246575343,0.16986301369863013,77.91072602739726,48.2644695890411
NM,Eddy,35015,7.5,99.9032,59.61263870967742,0.33424657534246577,0.2821917808219178,0.00821917808219178,0.049315068493150684,0.16164383561643836,78.61023561643836,49.708064657534244
NM,Grant,35017,11.3,95.3942,50.99656129032258,0.3315068493150685,0.32054794520547947,0.005479452054794521,0.0958904109589041,0.2958904109589041,72.05706684931506,41.71265698630137
NM,Guadalupe,35019,12.9,95.6165870967742,51.33490322580645,0.35342465753424657,0.27671232876712326,0.03287671232876712,0.10684931506849316,0.27671232876712326,72.07773479452055,41.54303287671233
NM,Harding,35021,16.6,91.9796,50.39536129032258,0.35342465753424657,0.2821917808219178,0.04657534246575343,0.12054794520547946,0.29041095890410956,70.61535561643835,40.4542695890411
NM,Hidalgo,35023,6.4,100.22534193548387,56.210754838709676,0.3287671232876712,0.3150684931506849,0,0.03287671232876712,0.16712328767123288,77.50583452054795,44.53467726027397
NM,Lea,35025,11.3,98.23349677419354,58.70956129032258,0.33424657534246577,0.273972602739726,0.0136986301369863,0.0547945205479452,0.1726027397260274,77.57510246575342,48.227744657534245
NM,Lincoln,35027,10.4,93.0798064516129,50.77243225806451,0.3643835616438356,0.31232876712328766,0.024657534246575342,0.12876712328767123,0.3041095890410959,70.57888712328767,42.26743671232877
NM,Los Alamos,35028,14.4,88.96361290322581,39.04641935483871,0.336986301369863,0.2356164383561644,0.136986301369863,0.3232876712328767,0.4575342465753425,62.036481643835614,38.337420273972604
NM,Luna,35029,6.2,101.29680645161291,56.62382580645161,0.3095890410958904,0.2876712328767123,0,0.024657534246575342,0.17534246575342466,78.01291178082192,46.985996164383565
NM,McKinley,35031,9,91.47716774193549,39.063374193548384,0.36164383561643837,0.26575342465753427,0.12876712328767123,0.2876712328767123,0.410958904109589,63.98729205479452,34.885301369863015
NM,Mora,35033,17.5,87.4560258064516,44.17670967741935,0.37534246575342467,0.26301369863013696,0.08767123287671233,0.2356164383561644,0.41643835616438357,63.72272164383562,34.47326904109589
NM,Otero,35035,9,94.76774193548387,53.517896774193545,0.35342465753424657,0.32054794520547947,0.0027397260273972603,0.07671232876712329,0.2602739726027397,73.17385589041096,45.245065753424655
NM,Quay,35037,16.8,95.92113548387097,53.27989032258064,0.3506849315068493,0.29041095890410956,0.03287671232876712,0.08767123287671233,0.2410958904109589,73.67981369863014,43.034182465753425
NM,Rio Arriba,35039,14.7,87.90991612903225,35.59216129032258,0.3315068493150685,0.2219178082191781,0.1863013698630137,0.36164383561643837,0.4712328767123288,60.43170520547945,31.966386849315068
NM,Roosevelt,35041,15.3,96.04231612903226,54.946748387096775,0.36712328767123287,0.28493150684931506,0.0273972602739726,0.07671232876712329,0.21643835616438356,74.61051726027397,44.35242849315068
NM,Sandoval,35043,10.5,93.48161290322581,41.09487741935484,0.3424657534246575,0.2821917808219178,0.0958904109589041,0.27671232876712326,0.4,65.73246849315069,36.66943671232877
NM,San Juan,35045,8.1,95.13685806451613,39.54397419354839,0.30684931506849317,0.26575342465753427,0.0958904109589041,0.27671232876712326,0.4054794520547945,66.10747013698631,37.58223397260274
NM,San Miguel,35047,15.7,92.49410967741936,48.13148387096774,0.3452054794520548,0.27945205479452057,0.057534246575342465,0.1643835616438356,0.3452054794520548,68.67524164383562,39.40815397260274
NM,Santa Fe,35049,12.4,91.89163225806452,41.31563870967742,0.3561643835616438,0.273972602739726,0.0958904109589041,0.2821917808219178,0.40273972602739727,64.99093260273973,37.27049369863014
NM,Sierra,35051,9.6,97.46501290322581,52.42169677419355,0.3287671232876712,0.3150684931506849,0.005479452054794521,0.08767123287671233,0.27945205479452057,73.6642104109589,44.720200547945204
NM,Socorro,35053,8.9,96.16941935483871,48.26224516129032,0.3013698630136986,0.3013698630136986,0.019178082191780823,0.13424657534246576,0.336986301369863,70.69324383561644,41.533396712328766
NM,Taos,35055,15.9,83.81973548387097,34.608548387096775,0.3452054794520548,0.2054794520547945,0.2191780821917808,0.3835616438356164,0.5205479452054794,57.479636164383564,30.090224657534247
NM,Torrance,35057,11.6,93.00403225806451,45.31843225806452,0.3452054794520548,0.29041095890410956,0.0684931506849315,0.2136986301369863,0.3698630136986301,67.38428164383562,37.15630958904109
NM,Union,35059,16.5,89.37947096774194,47.225967741935484,0.38082191780821917,0.28493150684931506,0.06301369863013699,0.1726027397260274,0.33424657534246577,68.01565260273972,38.06809589041096
NM,Valencia,35061,7.4,98.49054838709677,48.650464516129034,0.273972602739726,0.29041095890410956,0.01643835616438356,0.13972602739726028,0.33424657534246577,71.8880295890411,42.018632328767126
NY,Albany,36001,51.2,83.52668387096774,38.20448387096774,0.34794520547945207,0.2684931506849315,0.18356164383561643,0.36712328767123287,0.5041095890410959,59.318624657534244,39.91473808219178
NY,Allegany,36003,34,79.5122193548387,37.45336129032258,0.38082191780821917,0.21095890410958903,0.2,0.3835616438356164,0.5315068493150685,57.61492712328767,38.858749589041096
NY,Bronx,36005,61.9,85.60574193548388,47.142412903225804,0.3698630136986301,0.3041095890410959,0.04657534246575343,0.22465753424657534,0.4465753424657534,63.63829917808219,50.32232821917808
NY,Broome,36007,47.9,80.57863225806452,38.15414193548387,0.3698630136986301,0.23835616438356164,0.19452054794520549,0.3726027397260274,0.5232876712328767,58.15321589041096,39.55618794520548
NY,Cattaraugus,36009,40.8,78.55473548387097,36.633374193548384,0.410958904109589,0.20821917808219179,0.2136986301369863,0.40273972602739727,0.5260273972602739,56.98841369863014,38.95833150684931
NY,Cayuga,36011,43.3,80.79689677419356,37.29641290322581,0.34794520547945207,0.2356164383561644,0.2,0.3835616438356164,0.5260273972602739,57.96446246575343,41.27343232876712
NY,Chautauqua,36013,45.9,79.58387096774193,37.85470322580645,0.3972602739726027,0.2356164383561644,0.1863013698630137,0.36712328767123287,0.5205479452054794,58.09557643835616,40.307103561643835
NY,Chemung,36015,41.7,81.85593548387097,38.98156129032258,0.34794520547945207,0.2465753424657534,0.16986301369863013,0.3561643835616438,0.5150684931506849,59.154479452054794,39.45712876712329
NY,Chenango,36017,48.8,79.89759354838709,37.24049677419355,0.3726027397260274,0.21643835616438356,0.2219178082191781,0.3972602739726027,0.5287671232876713,57.243140821917805,37.995642191780824
NY,Clinton,36019,51.4,79.4492193548387,32.87491612903226,0.3726027397260274,0.19452054794520549,0.2821917808219178,0.44931506849315067,0.5424657534246575,55.113306849315066,38.29611890410959
NY,Columbia,36021,54.2,84.10361290322581,40.465051612903224,0.35342465753424657,0.2876712328767123,0.15342465753424658,0.33972602739726027,0.5013698630136987,60.48934465753425,41.05572109589041
NY,Cortland,36023,47.5,79.14693548387096,36.15381935483871,0.3863013698630137,0.1917808219178082,0.23013698630136986,0.40273972602739727,0.536986301369863,56.16218904109589,38.69240493150685
NY,Delaware,36025,52,79.36328387096775,38.09236129032258,0.39452054794520547,0.18904109589041096,0.20821917808219179,0.4,0.5315068493150685,57.088508493150684,35.52538630136986
NY,Dutchess,36027,60.5,83.81050322580646,43.10942580645161,0.36164383561643837,0.27671232876712326,0.11506849315068493,0.29863013698630136,0.4821917808219178,61.39178575342466,41.472063561643836
NY,Erie,36029,44.9,80.00756774193549,37.52414193548387,0.3726027397260274,0.2191780821917808,0.1917808219178082,0.3863013698630137,0.5260273972602739,58.06780712328767,41.70833698630137
NY,Essex,36031,54.9,78.59764516129032,32.300774193548385,0.3726027397260274,0.16712328767123288,0.3150684931506849,0.4602739726027397,0.5561643835616439,53.97084438356164,35.19240602739726
NY,Franklin,36033,49.5,78.92890322580645,30.95594193548387,0.3561643835616438,0.18356164383561643,0.3150684931506849,0.4520547945205479,0.5616438356164384,54.19859616438356,34.56455123287671
NY,Fulton,36035,49.8,78.87321935483871,33.23410322580645,0.3863013698630137,0.1726027397260274,0.29863013698630136,0.4438356164383562,0.5506849315068493,54.5741895890411,36.73535123287671
NY,Genesee,36037,35.9,80.402,36.93258064516129,0.36164383561643837,0.23013698630136986,0.2,0.3863013698630137,0.5232876712328767,58.109300821917806,41.669762739726025
NY,Greene,36039,55.4,81.21832903225807,38.88952903225807,0.3780821917808219,0.2219178082191781,0.1863013698630137,0.38082191780821917,0.5205479452054794,58.24400493150685,38.16642520547945
NY,Hamilton,36041,53.4,76.75769677419355,31.30996129032258,0.3972602739726027,0.12876712328767123,0.3287671232876712,0.4684931506849315,0.5671232876712329,52.76726575342466,33.17875835616439
NY,Herkimer,36043,53.9,78.01293548387096,32.247354838709676,0.39452054794520547,0.16986301369863013,0.3041095890410959,0.4547945205479452,0.547945205479452,54.20323671232877,35.23862904109589
NY,Jefferson,36045,44.9,79.56505806451612,33.40411612903226,0.3835616438356164,0.21643835616438356,0.23835616438356164,0.4246575342465753,0.536986301369863,56.112721095890414,39.11280109589041
NY,Kings,36047,55.6,84.93161290322581,47.543290322580646,0.3726027397260274,0.29041095890410956,0.0410958904109589,0.2219178082191781,0.4575342465753425,63.413698630136984,50.755294794520545
NY,Lewis,36049,57,78.11658064516129,31.783535483870967,0.40273972602739727,0.1726027397260274,0.29863013698630136,0.4520547945205479,0.5397260273972603,54.461874520547944,35.54576821917808
NY,Livingston,36051,31.2,80.86198709677419,37.219419354838706,0.3452054794520548,0.2465753424657534,0.19726027397260273,0.3835616438356164,0.5232876712328767,58.37655890410959,40.21290684931507
NY,Madison,36053,48.2,80.34596774193548,35.74069032258065,0.36712328767123287,0.2191780821917808,0.2356164383561644,0.40273972602739727,0.5315068493150685,56.79110410958904,38.80446849315069
NY,Monroe,36055,36.4,80.79892903225806,37.24874193548387,0.3589041095890411,0.2356164383561644,0.18904109589041096,0.37534246575342467,0.5232876712328767,58.46730849315068,42.610087671232876
NY,Montgomery,36057,45.4,82.62070322580645,36.354490322580645,0.3589041095890411,0.26301369863013696,0.21095890410958903,0.40273972602739727,0.5068493150684932,58.31738082191781,39.688608767123284
NY,Nassau,36059,53.9,84.76862580645161,47.253141935483875,0.37534246575342467,0.2876712328767123,0.04657534246575343,0.23013698630136986,0.4520547945205479,63.24855726027397,49.26443123287671
NY,New York,36061,58.7,85.82574838709678,47.5317935483871,0.36712328767123287,0.30684931506849317,0.043835616438356165,0.2136986301369863,0.4438356164383562,63.99865424657534,50.69017917808219
NY,Niagara,36063,39.3,81.36906451612903,37.469967741935484,0.3506849315068493,0.2465753424657534,0.1917808219178082,0.37534246575342467,0.5150684931506849,58.71224657534247,43.22192493150685
NY,Oneida,36065,53.2,80.39677419354838,34.01106451612903,0.3698630136986301,0.2219178082191781,0.2602739726027397,0.4273972602739726,0.5287671232876713,56.44141589041096,38.28842082191781
NY,Onondaga,36067,45.2,81.46324516129032,36.818774193548386,0.33424657534246577,0.2465753424657534,0.2136986301369863,0.3863013698630137,0.5232876712328767,58.12867178082192,41.11990465753425
NY,Ontario,36069,37.1,80.7998,37.311393548387095,0.3424657534246575,0.2465753424657534,0.20273972602739726,0.3780821917808219,0.5315068493150685,58.24369917808219,41.04418136986301
NY,Orange,36071,61.6,83.92587741935483,43.3251935483871,0.3506849315068493,0.2958904109589041,0.10136986301369863,0.3013698630136986,0.4821917808219178,61.641196712328764,42.704195616438355
NY,Orleans,36073,37,81.0158,37.19770322580645,0.3589041095890411,0.2328767123287671,0.19452054794520549,0.36712328767123287,0.5178082191780822,58.59372767123288,42.93377698630137
NY,Oswego,36075,53.9,80.40275483870968,34.92767096774194,0.36164383561643837,0.2191780821917808,0.2356164383561644,0.41643835616438357,0.5287671232876713,57.10743561643836,39.41974301369863
NY,Otsego,36077,49.8,79.61627096774194,37.189864516129035,0.3835616438356164,0.19452054794520549,0.2273972602739726,0.4136986301369863,0.5260273972602739,56.9771994520548,37.291516712328765
NY,Putnam,36079,65.8,82.23991612903225,43.653316129032255,0.3972602739726027,0.2493150684931507,0.10684931506849316,0.2958904109589041,0.4794520547945205,60.98657863013699,42.91401150684931
NY,Queens,36081,58,85.22669677419356,47.37734193548387,0.36712328767123287,0.29315068493150687,0.043835616438356165,0.22465753424657534,0.4520547945205479,63.50659342465753,50.55465150684932
NY,Rensselaer,36083,53.2,83.29506451612903,37.97414193548387,0.3452054794520548,0.2547945205479452,0.18356164383561643,0.37534246575342467,0.5068493150684932,59.171473424657535,40.945995068493154
NY,Richmond,36085,56.4,86.04273548387097,48.32634838709677,0.38082191780821917,0.3013698630136986,0.0410958904109589,0.20273972602739726,0.4246575342465753,64.3967402739726,49.69349698630137
NY,Rockland,36087,66.5,84.47963870967742,45.30496129032258,0.3643835616438356,0.3013698630136986,0.07945205479452055,0.25205479452054796,0.4602739726027397,62.818865205479455,44.65983890410959
NY,St. Lawrence,36089,45.3,80.63356129032258,31.45953548387097,0.3643835616438356,0.21095890410958903,0.28493150684931506,0.43561643835616437,0.5287671232876713,55.64062794520548,36.67708547945205
NY,Saratoga,36091,49.5,82.45492903225806,36.04285806451613,0.3561643835616438,0.2493150684931507,0.2136986301369863,0.4,0.5123287671232877,57.935539178082195,39.35832602739726
NY,Schenectady,36093,48.9,83.74390322580645,37.17232903225806,0.336986301369863,0.2684931506849315,0.20273972602739726,0.37534246575342467,0.5041095890410959,59.164850410958906,40.29704821917808
NY,Schoharie,36095,47.7,80.37412903225807,36.77876774193548,0.3643835616438356,0.21643835616438356,0.21643835616438356,0.41643835616438357,0.5287671232876713,57.106868493150685,37.46650136986301
NY,Schuyler,36097,37.3,80.76716774193548,37.80418709677419,0.3452054794520548,0.2328767123287671,0.1863013698630137,0.38082191780821917,0.5342465753424658,57.99288273972603,40.48654136986301
NY,Seneca,36099,37.5,81.69997419354839,38.23043870967742,0.3424657534246575,0.24383561643835616,0.1917808219178082,0.3780821917808219,0.5205479452054794,58.763455342465754,42.214191232876715
NY,Steuben,36101,35.1,80.92806451612903,38.08701935483871,0.3452054794520548,0.2465753424657534,0.1917808219178082,0.3780821917808219,0.5315068493150685,58.37358520547945,38.967765479452055
NY,Suffolk,36103,50.3,83.37798064516129,47.04381935483871,0.3726027397260274,0.26575342465753427,0.052054794520547946,0.2328767123287671,0.46301369863013697,62.463185205479455,47.00582082191781
NY,Sullivan,36105,56.7,80.76885161290322,39.228335483870964,0.37534246575342467,0.20273972602739726,0.18356164383561643,0.3698630136986301,0.5260273972602739,58.047247671232874,38.835546849315065
NY,Tioga,36107,44.9,80.77407741935484,38.1460129032258,0.3643835616438356,0.2356164383561644,0.18904109589041096,0.3726027397260274,0.5232876712328767,58.25001150684931,39.70673698630137
NY,Tompkins,36109,41.9,80.31548387096774,37.51293548387097,0.3589041095890411,0.2219178082191781,0.19726027397260273,0.3835616438356164,0.5315068493150685,57.54396767123288,40.3260898630137
NY,Ulster,36111,63.2,82.12036129032258,41.04738064516129,0.36164383561643837,0.2410958904109589,0.15616438356164383,0.3452054794520548,0.5178082191780822,59.53779068493151,40.222809315068496
NY,Warren,36113,53.8,79.99595483870968,34.11023870967742,0.3506849315068493,0.18904109589041096,0.27123287671232876,0.4383561643835616,0.5506849315068493,55.50849808219178,36.14034520547945
NY,Washington,36115,51.2,83.39075483870968,37.033206451612905,0.33424657534246577,0.26301369863013696,0.1917808219178082,0.3863013698630137,0.5095890410958904,58.917604383561645,39.244482191780826
NY,Wayne,36117,39.4,81.10254838709677,37.51218064516129,0.3561643835616438,0.23013698630136986,0.19452054794520549,0.3726027397260274,0.5232876712328767,58.3552597260274,41.90196273972603
NY,Westchester,36119,63.3,84.8426,45.52281935483871,0.3698630136986301,0.3013698630136986,0.07123287671232877,0.2410958904109589,0.4602739726027397,62.80319287671233,45.55035068493151
NY,Wyoming,36121,38.1,78.58777419354838,36.042567741935486,0.38082191780821917,0.18904109589041096,0.21643835616438356,0.410958904109589,0.5452054794520548,56.5624597260274,39.540865753424654
NY,Yates,36123,34.7,80.48398709677419,37.96374838709677,0.3506849315068493,0.2356164383561644,0.1863013698630137,0.3863013698630137,0.5315068493150685,58.17292219178082,41.585887671232875
NC,Alamance,37001,46.6,89.07556129032258,55.39332258064516,0.4547945205479452,0.3561643835616438,0.005479452054794521,0.07671232876712329,0.2191780821917808,71.38032109589041,48.93666356164383
NC,Alexander,37003,51.3,87.19874193548387,53.68692258064516,0.46301369863013697,0.3972602739726027,0.0027397260273972603,0.08767123287671233,0.25205479452054796,70.0753408219178,47.847604383561645
NC,Alleghany,37005,52,80.63576774193548,48.0434,0.4876712328767123,0.21643835616438356,0.04657534246575343,0.1589041095890411,0.410958904109589,63.40979287671233,41.539339178082194
NC,Anson,37007,44.6,91.39970967741935,59.45911612903226,0.4383561643835616,0.3726027397260274,0,0.03561643835616438,0.18356164383561643,74.3234197260274,50.94433917808219
NC,Ashe,37009,47.7,79.46071612903226,46.86027741935484,0.4767123287671233,0.1863013698630137,0.06575342465753424,0.16986301369863013,0.4438356164383562,62.37854082191781,42.12099561643836
NC,Avery,37011,56.2,78.01688387096775,46.54463870967742,0.5068493150684932,0.1589041095890411,0.0684931506849315,0.1863013698630137,0.4465753424657534,61.56189808219178,42.23750739726027
NC,Beaufort,37013,47.7,90.53269032258065,59.61496129032258,0.43561643835616437,0.36712328767123287,0.0027397260273972603,0.0410958904109589,0.19726027397260273,73.47505260273972,52.927914520547944
NC,Bertie,37015,47.8,90.69509677419354,58.571774193548386,0.42191780821917807,0.36712328767123287,0.005479452054794521,0.0547945205479452,0.21095890410958903,73.05646630136987,51.04732876712329
NC,Bladen,37017,52.6,91.49133548387097,62.200632258064516,0.4054794520547945,0.38904109589041097,0,0.019178082191780823,0.15342465753424658,75.47634684931506,52.605014246575344
NC,Brunswick,37019,54.2,91.2968193548387,62.9838064516129,0.4602739726027397,0.4136986301369863,0,0.01643835616438356,0.12876712328767123,75.71879452054795,53.87813698630137
NC,Buncombe,37021,43.2,82.85847741935484,51.957993548387094,0.5205479452054794,0.3178082191780822,0.030136986301369864,0.10684931506849316,0.32054794520547947,66.87951726027397,45.06992821917808
NC,Burke,37023,53.8,87.33141935483872,53.779187096774194,0.4602739726027397,0.4136986301369863,0.005479452054794521,0.08493150684931507,0.24383561643835616,70.26030191780822,46.92308
NC,Cabarrus,37025,50.3,89.85513548387097,57.14077419354839,0.4410958904109589,0.37534246575342467,0.0027397260273972603,0.052054794520547946,0.2136986301369863,72.4446290410959,49.92533698630137
NC,Caldwell,37027,55.4,86.85569677419355,53.44868387096774,0.4684931506849315,0.410958904109589,0.005479452054794521,0.09041095890410959,0.2493150684931507,69.82999835616438,47.05754246575342
NC,Camden,37029,44.4,89.94333548387097,58.29254193548387,0.4465753424657534,0.35342465753424657,0.005479452054794521,0.06301369863013699,0.2273972602739726,71.97785205479452,52.10400273972603
NC,Carteret,37031,60.4,87.79889677419355,60.62017419354839,0.5287671232876713,0.410958904109589,0,0.0273972602739726,0.17534246575342466,72.53197589041096,56.656000547945204
NC,Caswell,37033,42,90.1106193548387,55.03407741935484,0.4438356164383562,0.36712328767123287,0.005479452054794521,0.07123287671232877,0.2136986301369863,71.66018904109589,47.5609802739726
NC,Catawba,37035,47,88.37913548387097,54.82214193548387,0.4273972602739726,0.410958904109589,0.0027397260273972603,0.07397260273972603,0.2356164383561644,71.36933369863014,48.65595726027397
NC,Chatham,37037,49.6,89.05146451612903,56.8791935483871,0.4547945205479452,0.3561643835616438,0.0027397260273972603,0.06301369863013699,0.21095890410958903,71.91352054794521,49.20949917808219
NC,Cherokee,37039,65.8,84.32733548387097,53.0172064516129,0.4657534246575342,0.410958904109589,0.01643835616438356,0.09315068493150686,0.27123287671232876,69.17342246575342,45.48421917808219
NC,Chowan,37041,47.8,90.50029032258064,59.264832258064516,0.4328767123287671,0.36712328767123287,0.005479452054794521,0.04657534246575343,0.2054794520547945,73.02106301369864,52.52512383561644
NC,Clay,37043,59.9,82.10276774193548,51.475245161290324,0.536986301369863,0.32602739726027397,0.019178082191780823,0.10136986301369863,0.3150684931506849,67.13004767123287,45.036418630136986
NC,Cleveland,37045,49.1,89.26305161290323,56.03929032258065,0.42191780821917807,0.40273972602739727,0.0027397260273972603,0.06575342465753424,0.2356164383561644,72.14526684931506,48.29637150684932
NC,Columbus,37047,57.9,90.90662580645161,62.18164516129032,0.4328767123287671,0.42191780821917807,0,0.024657534246575342,0.15342465753424658,75.16185479452055,52.97540493150685
NC,Craven,37049,53.4,90.42236774193549,61.60744516129032,0.4575342465753425,0.38904109589041097,0,0.038356164383561646,0.16164383561643836,74.28147726027397,53.44499287671233
NC,Cumberland,37051,50.6,91.31981290322581,60.23857419354839,0.410958904109589,0.3698630136986301,0,0.03561643835616438,0.1726027397260274,74.69995506849315,53.01432438356164
NC,Currituck,37053,43.4,88.64954193548387,57.53189677419355,0.4465753424657534,0.3452054794520548,0.005479452054794521,0.07123287671232877,0.25205479452054796,70.69379616438356,54.29330082191781
NC,Dare,37055,51.6,87.28386451612903,58.38213548387097,0.4767123287671233,0.38082191780821917,0.0027397260273972603,0.052054794520547946,0.23013698630136986,70.99972219178082,55.93051178082192
NC,Davidson,37057,45,89.12131612903225,55.39111612903226,0.4547945205479452,0.3726027397260274,0.005479452054794521,0.07397260273972603,0.2191780821917808,71.43663890410959,49.243763287671236
NC,Davie,37059,46.8,88.81856774193548,54.76878064516129,0.44931506849315067,0.3780821917808219,0.005479452054794521,0.07671232876712329,0.2273972602739726,71.04824328767123,46.98752
NC,Duplin,37061,56,90.51968387096774,61.76317419354839,0.42191780821917807,0.410958904109589,0,0.030136986301369864,0.1726027397260274,74.68620109589041,51.56770630136986
NC,Durham,37063,48.4,89.89130967741936,57.00281290322581,0.46301369863013697,0.3589041095890411,0.005479452054794521,0.06301369863013699,0.20821917808219179,72.09474356164384,50.087307397260275
NC,Edgecombe,37065,48,90.58744516129032,58.31541935483871,0.4328767123287671,0.3698630136986301,0.0027397260273972603,0.06301369863013699,0.20821917808219179,72.84874136986302,51.03351068493151
NC,Forsyth,37067,45.4,88.74813548387097,53.863032258064514,0.4520547945205479,0.3780821917808219,0.005479452054794521,0.09315068493150686,0.24383561643835616,70.53061260273972,49.663666301369865
NC,Franklin,37069,47.6,90.12745806451613,56.519948387096775,0.4547945205479452,0.36712328767123287,0.00821917808219178,0.07123287671232877,0.21643835616438356,71.9556701369863,49.505813698630135
NC,Gaston,37071,49.2,89.88004516129033,57.315490322580644,0.4438356164383562,0.3835616438356164,0.0027397260273972603,0.049315068493150684,0.21095890410958903,72.73734849315069,50.19058794520548
NC,Gates,37073,47.1,90.12414838709677,57.90281290322581,0.4465753424657534,0.3506849315068493,0.005479452054794521,0.06027397260273973,0.21643835616438356,72.17219287671233,49.61102246575342
NC,Graham,37075,64.9,81.90604516129032,51.182832258064515,0.5095890410958904,0.34794520547945207,0.03287671232876712,0.1232876712328767,0.32602739726027397,67.01600657534246,44.818638356164385
NC,Granville,37077,48.6,89.08537419354839,55.87758064516129,0.46301369863013697,0.3589041095890411,0.00821917808219178,0.07397260273972603,0.2191780821917808,71.24644547945205,49.04084164383562
NC,Greene,37079,49.3,91.0179935483871,60.44418064516129,0.4246575342465753,0.38082191780821917,0,0.043835616438356165,0.1780821917808219,74.20994575342466,51.869549041095894
NC,Guilford,37081,45.1,88.70429677419355,54.461329032258064,0.4547945205479452,0.36712328767123287,0.005479452054794521,0.08767123287671233,0.2356164383561644,70.68078191780822,50.31429479452055
NC,Halifax,37083,45.7,90.383,56.59572258064516,0.4301369863013699,0.3506849315068493,0.00821917808219178,0.07945205479452055,0.2328767123287671,71.80393753424657,49.65668821917808
NC,Harnett,37085,49.5,90.40634193548387,58.86256129032258,0.4410958904109589,0.3643835616438356,0,0.04657534246575343,0.18904109589041096,73.63803890410959,51.31530191780822
NC,Haywood,37087,50,78.57691612903226,49.68407096774194,0.5506849315068493,0.2219178082191781,0.038356164383561646,0.14520547945205478,0.37534246575342467,64.0724591780822,41.949556712328764
NC,Henderson,37089,51.8,82.82404516129033,52.54688387096774,0.5287671232876713,0.32602739726027397,0.019178082191780823,0.09315068493150686,0.3041095890410959,67.05159726027398,45.391087671232874
NC,Hertford,37091,48.1,89.85269677419355,57.60093548387097,0.4410958904109589,0.3589041095890411,0.005479452054794521,0.06575342465753424,0.2219178082191781,72.12692657534247,49.65103178082192
NC,Hoke,37093,49.1,91.80656774193548,59.973974193548386,0.41643835616438357,0.36164383561643837,0,0.0410958904109589,0.17534246575342466,74.69256767123288,52.7417698630137
NC,Hyde,37095,54.1,89.77541290322581,59.42363870967742,0.4547945205479452,0.36712328767123287,0.0027397260273972603,0.043835616438356165,0.2,73.00870465753425,54.58112821917808
NC,Iredell,37097,46.2,88.56621935483871,54.88049677419355,0.44931506849315067,0.38082191780821917,0.0027397260273972603,0.07671232876712329,0.2328767123287671,71.05773643835616,47.702948493150686
NC,Jackson,37099,50.5,80.08589677419354,49.56323870967742,0.5315068493150685,0.2493150684931507,0.024657534246575342,0.12876712328767123,0.36164383561643837,65.12782630136986,44.26841041095891
NC,Johnston,37101,49.6,90.63343225806452,58.783593548387095,0.4410958904109589,0.3506849315068493,0.0027397260273972603,0.04657534246575343,0.18904109589041096,73.54626849315069,51.07322410958904
NC,Jones,37103,55.9,90.58506451612904,62.27675483870968,0.44931506849315067,0.40821917808219177,0,0.03561643835616438,0.15342465753424658,74.79711068493151,52.489020273972606
NC,Lee,37105,50.9,90.12316129032259,58.310483870967744,0.4465753424657534,0.3561643835616438,0,0.049315068493150684,0.2,73.09782191780822,49.763657534246576
NC,Lenoir,37107,46.6,90.50824516129032,60.91473548387097,0.43561643835616437,0.38904109589041097,0,0.0410958904109589,0.17534246575342466,74.17374849315068,52.06849589041096
NC,Lincoln,37109,49.3,89.28076129032257,56.095032258064514,0.4328767123287671,0.38904109589041097,0.0027397260273972603,0.06027397260273973,0.2219178082191781,72.07970246575343,48.46854520547945
NC,McDowell,37111,56.7,85.7732,53.2184,0.4849315068493151,0.3972602739726027,0.005479452054794521,0.08767123287671233,0.2547945205479452,69.19896767123288,45.88383890410959
NC,Macon,37113,58.9,81.47456774193549,50.675174193548386,0.5315068493150685,0.2958904109589041,0.021917808219178082,0.11506849315068493,0.3315068493150685,66.1787698630137,44.86692767123288
NC,Madison,37115,49,83.0493935483871,51.638116129032255,0.4931506849315068,0.36164383561643837,0.03287671232876712,0.1178082191780822,0.3315068493150685,67.16967726027397,43.8908
NC,Martin,37117,45.8,90.5584129032258,59.007722580645165,0.4191780821917808,0.3726027397260274,0.005479452054794521,0.0547945205479452,0.2054794520547945,73.19688602739726,51.682694246575345
NC,Mecklenburg,37119,50.8,90.35930967741936,57.91802580645161,0.4410958904109589,0.38082191780821917,0,0.043835616438356165,0.2054794520547945,73.01347835616438,51.78233534246576
NC,Mitchell,37121,54.2,79.78454193548387,48.157670967741936,0.5287671232876713,0.2219178082191781,0.052054794520547946,0.15342465753424658,0.3835616438356164,63.549556712328766,42.819489315068495
NC,Montgomery,37123,49.2,90.78201935483871,57.75602580645161,0.4520547945205479,0.36164383561643837,0,0.0547945205479452,0.19726027397260273,73.20767616438356,50.361321643835616
NC,Moore,37125,47.7,90.71896129032258,58.57136774193548,0.44931506849315067,0.3561643835616438,0,0.049315068493150684,0.19452054794520549,73.45780219178083,50.797202739726025
NC,Nash,37127,45.5,90.58454193548387,57.41431612903226,0.4301369863013699,0.3726027397260274,0.0027397260273972603,0.07123287671232877,0.21643835616438356,72.53877643835617,50.84624164383562
NC,New Hanover,37129,59.2,89.98386451612903,62.75625161290323,0.4684931506849315,0.4547945205479452,0,0.021917808219178082,0.14520547945205478,74.84954739726028,55.281520547945206
NC,Northampton,37131,47.4,90.05017419354839,56.72601935483871,0.4328767123287671,0.34794520547945207,0.00821917808219178,0.07397260273972603,0.2328767123287671,71.77894958904109,49.37589315068493
NC,Onslow,37133,58.9,90.25032258064516,62.80758064516129,0.4520547945205479,0.4301369863013699,0,0.030136986301369864,0.14794520547945206,74.94825150684932,53.14974356164384
NC,Orange,37135,47,89.03834193548387,56.04602580645161,0.4547945205479452,0.3589041095890411,0.005479452054794521,0.0684931506849315,0.2191780821917808,71.55601589041096,49.22259232876712
NC,Pamlico,37137,55.3,89.60644516129032,60.81683870967742,0.4904109589041096,0.3780821917808219,0.0027397260273972603,0.03561643835616438,0.16986301369863013,73.43072821917808,54.73502575342466
NC,Pasquotank,37139,44.1,90.0396064516129,58.745561290322584,0.44931506849315067,0.3506849315068493,0.005479452054794521,0.06027397260273973,0.2191780821917808,72.30720273972602,52.23264602739726
NC,Pender,37141,57.7,91.60589677419355,63.67483225806452,0.4301369863013699,0.40821917808219177,0,0.019178082191780823,0.13424657534246576,75.97958739726027,52.238282739726024
NC,Perquimans,37143,45.4,90.32876774193548,59.12658064516129,0.4383561643835616,0.3726027397260274,0.005479452054794521,0.049315068493150684,0.21095890410958903,72.74435616438356,51.96009150684932
NC,Person,37145,44,88.75429032258064,55.69914838709677,0.46301369863013697,0.36164383561643837,0.005479452054794521,0.0684931506849315,0.20821917808219179,71.45079726027397,48.08576164383562
NC,Pitt,37147,48.8,91.1834193548387,60.03598709677419,0.43561643835616437,0.3698630136986301,0.0027397260273972603,0.043835616438356165,0.1780821917808219,74.0170104109589,52.230007671232876
NC,Polk,37149,53.4,87.3158,55.15218064516129,0.4547945205479452,0.40821917808219177,0.0027397260273972603,0.06575342465753424,0.2356164383561644,70.90037205479452,48.482432328767125
NC,Randolph,37151,48.7,88.8243741935484,55.892735483870965,0.4575342465753425,0.3698630136986301,0.0027397260273972603,0.07397260273972603,0.2191780821917808,71.3991101369863,49.2558602739726
NC,Richmond,37153,47.2,91.45376774193548,59.336774193548386,0.4301369863013699,0.36712328767123287,0,0.038356164383561646,0.18356164383561643,74.23106246575342,51.4795901369863
NC,Robeson,37155,52.2,91.58284516129032,60.99445806451613,0.410958904109589,0.3726027397260274,0,0.03561643835616438,0.1726027397260274,74.99612164383562,53.296431232876714
NC,Rockingham,37157,42.4,88.92976129032259,53.950012903225804,0.4410958904109589,0.3643835616438356,0.00821917808219178,0.09041095890410959,0.24383561643835616,70.57299397260275,48.16341808219178
NC,Rowan,37159,46.7,88.91518709677419,55.80029677419355,0.4602739726027397,0.37534246575342467,0.0027397260273972603,0.07123287671232877,0.2191780821917808,71.46278575342465,48.618384109589044
NC,Rutherford,37161,51.4,88.35991612903226,55.22476129032258,0.43561643835616437,0.4191780821917808,0.0027397260273972603,0.07123287671232877,0.2356164383561644,71.59253863013699,47.96521095890411
NC,Sampson,37163,53.6,90.6175806451613,60.783045161290325,0.42191780821917807,0.3972602739726027,0,0.03561643835616438,0.1726027397260274,74.52198684931507,52.176140821917805
NC,Scotland,37165,48.6,92.13707096774193,60.361787096774194,0.4054794520547945,0.36164383561643837,0,0.03561643835616438,0.16986301369863013,75.07983397260274,52.48045917808219
NC,Stanly,37167,49.6,90.32853548387097,57.89114193548387,0.4410958904109589,0.3698630136986301,0,0.049315068493150684,0.19452054794520549,73.11896328767124,50.10947945205479
NC,Stokes,37169,46.1,87.74205161290323,52.7202064516129,0.4438356164383562,0.3972602739726027,0.010958904109589041,0.09863013698630137,0.27123287671232876,69.55963835616438,47.29204547945206
NC,Surry,37171,53,87.28136774193548,52.83976129032258,0.46301369863013697,0.4054794520547945,0.010958904109589041,0.09315068493150686,0.2547945205479452,69.54488328767123,45.36911287671233
NC,Swain,37173,58.3,79.5479870967742,49.74945161290323,0.5452054794520548,0.27123287671232876,0.03561643835616438,0.12602739726027398,0.3589041095890411,65.00195945205479,44.43742301369863
NC,Transylvania,37175,62.5,80.75874838709677,52.01083225806452,0.5616438356164384,0.27671232876712326,0.010958904109589041,0.10684931506849316,0.32054794520547947,66.15891068493151,44.527960547945206
NC,Tyrrell,37177,49.6,89.9541935483871,59.62512258064516,0.4602739726027397,0.3780821917808219,0.005479452054794521,0.04657534246575343,0.1917808219178082,73.08574465753425,53.22046136986302
NC,Union,37179,48.4,90.74352258064516,58.867438709677415,0.43561643835616437,0.3780821917808219,0,0.0410958904109589,0.19452054794520549,73.52011671232877,51.704062465753424
NC,Vance,37181,47,90.1454,55.67342580645161,0.4465753424657534,0.3589041095890411,0.00821917808219178,0.0684931506849315,0.2136986301369863,71.81025479452055,48.70575068493151
NC,Wake,37183,49.9,89.43364516129033,57.44363870967742,0.4575342465753425,0.3698630136986301,0.005479452054794521,0.0684931506849315,0.21643835616438356,72.1447194520548,51.540770410958906
NC,Warren,37185,42.7,91.45765806451612,56.10333548387097,0.4301369863013699,0.33424657534246577,0.00821917808219178,0.0684931506849315,0.21643835616438356,72.50585369863013,49.678288219178086
NC,Washington,37187,49.7,90.84455483870967,59.64875483870968,0.4301369863013699,0.37534246575342467,0.005479452054794521,0.038356164383561646,0.1917808219178082,73.56175835616439,52.26357150684932
NC,Watauga,37189,53,79.31735483870968,47.015716129032256,0.4876712328767123,0.18904109589041096,0.0684931506849315,0.18082191780821918,0.43561643835616437,62.43272328767123,42.50705369863014
NC,Wayne,37191,51.1,90.29996774193549,59.99795483870968,0.4438356164383562,0.3835616438356164,0.0027397260273972603,0.0410958904109589,0.1780821917808219,73.8187391780822,51.585494246575344
NC,Wilkes,37193,56.7,86.51613548387097,52.80033548387097,0.4821917808219178,0.40273972602739727,0.0136986301369863,0.0958904109589041,0.2602739726027397,69.12510356164384,45.98505808219178
NC,Wilson,37195,47.1,90.93188387096774,58.901,0.4301369863013699,0.3506849315068493,0.0027397260273972603,0.049315068493150684,0.1917808219178082,73.51550082191781,51.71929589041096
NC,Yadkin,37197,48.1,88.00705806451613,53.668225806451616,0.4602739726027397,0.40273972602739727,0.00821917808219178,0.08767123287671233,0.2356164383561644,70.32215780821917,45.87690520547945
NC,Yancey,37199,53.7,79.84057419354839,48.49398064516129,0.5232876712328767,0.22465753424657534,0.052054794520547946,0.14520547945205478,0.38904109589041097,63.69378356164383,42.77633369863014
ND,Adams,38001,22.6,81.52165806451613,28.450864516129034,0.28493150684931506,0.2410958904109589,0.2958904109589041,0.4301369863013699,0.5260273972602739,56.05838575342466,31.679925479452056
ND,Barnes,38003,21.5,78.12192258064516,18.207412903225805,0.27671232876712326,0.23835616438356164,0.4136986301369863,0.4904109589041096,0.5698630136986301,51.19165917808219,31.75794684931507
ND,Benson,38005,16,77.0854129032258,17.526548387096774,0.28493150684931506,0.2356164383561644,0.4383561643835616,0.5013698630136987,0.5616438356164384,50.13891068493151,30.191710136986302
ND,Billings,38007,17.1,80.77709677419355,26.764554838709678,0.2821917808219178,0.23835616438356164,0.32602739726027397,0.4547945205479452,0.5424657534246575,54.31830356164384,31.911114520547944
ND,Bottineau,38009,15.3,78.48372258064516,17.24592258064516,0.26575342465753427,0.2273972602739726,0.4301369863013699,0.4876712328767123,0.5561643835616439,50.68897589041096,28.28054410958904
ND,Bowman,38011,19.5,81.96829032258064,30.705625806451614,0.27945205479452057,0.2328767123287671,0.29315068493150687,0.4328767123287671,0.536986301369863,56.14899232876712,32.57865808219178
ND,Burke,38013,13.7,77.98442580645161,19.994406451612903,0.26575342465753427,0.2191780821917808,0.42191780821917807,0.4931506849315068,0.5780821917808219,50.32731397260274,29.552
ND,Burleigh,38015,24.8,78.82949677419354,20.13381935483871,0.27945205479452057,0.23835616438356164,0.4,0.473972602739726,0.5616438356164384,51.96604876712329,31.70629917808219
ND,Cass,38017,21.3,79.12196774193548,17.998612903225805,0.2410958904109589,0.2684931506849315,0.4054794520547945,0.4821917808219178,0.5643835616438356,52.21709698630137,31.89805095890411
ND,Cavalier,38019,13.6,75.69407096774194,15.43407741935484,0.29041095890410956,0.20821917808219179,0.4520547945205479,0.5315068493150685,0.5753424657534246,48.26628931506849,28.260265753424658
ND,Dickey,38021,23.4,79.85607741935483,19.732187096774194,0.26575342465753427,0.26301369863013696,0.39452054794520547,0.4767123287671233,0.5561643835616439,52.82222739726027,32.05929150684931
ND,Divide,38023,13.1,78.96496129032258,20.41996129032258,0.27123287671232876,0.2273972602739726,0.40821917808219177,0.4876712328767123,0.5671232876712329,51.243267397260276,29.746666301369864
ND,Dunn,38025,18.7,80.33476129032258,24.46281935483871,0.27945205479452057,0.2273972602739726,0.3561643835616438,0.4684931506849315,0.5506849315068493,53.45879123287671,31.714105753424658
ND,Eddy,38027,19,77.2749935483871,18.30554193548387,0.27945205479452057,0.2356164383561644,0.4273972602739726,0.5013698630136987,0.5643835616438356,50.48339123287671,31.423373698630137
ND,Emmons,38029,23.8,79.81792903225806,20.63967741935484,0.27945205479452057,0.26301369863013696,0.38082191780821917,0.4602739726027397,0.5506849315068493,53.14097041095891,31.77588273972603
ND,Foster,38031,22.6,77.69613548387096,18.948083870967743,0.273972602739726,0.2356164383561644,0.4273972602739726,0.4986301369863014,0.5643835616438356,51.03328383561644,31.385682191780823
ND,Golden Valley,38033,16.6,81.24596774193549,27.881425806451613,0.273972602739726,0.23835616438356164,0.3178082191780822,0.4465753424657534,0.547945205479452,54.77875835616438,32.62722356164384
ND,Grand Forks,38035,18.2,77.7896193548387,16.894690322580644,0.2684931506849315,0.25205479452054796,0.4383561643835616,0.4931506849315068,0.5671232876712329,50.593334246575346,30.81531890410959
ND,Grant,38037,27.1,80.37244516129033,24.201470967741937,0.29041095890410956,0.2356164383561644,0.3424657534246575,0.4465753424657534,0.5315068493150685,54.28810301369863,31.417643287671233
ND,Griggs,38039,20.6,76.92834838709678,17.36373548387097,0.2876712328767123,0.2273972602739726,0.43561643835616437,0.5013698630136987,0.5671232876712329,50.128490410958904,31.032660273972603
ND,Hettinger,38041,21.8,80.31194193548387,25.962277419354837,0.28493150684931506,0.2410958904109589,0.3232876712328767,0.4438356164383562,0.5424657534246575,54.59466520547945,31.114937534246575
ND,Kidder,38043,23.1,77.53924516129032,18.76622580645161,0.273972602739726,0.23013698630136986,0.4191780821917808,0.4876712328767123,0.5726027397260274,50.81469479452055,31.184540821917807
ND,LaMoure,38045,22.9,78.98708387096774,19.4324,0.2876712328767123,0.2547945205479452,0.4054794520547945,0.4849315068493151,0.5561643835616439,52.07548876712329,32.1821205479452
ND,Logan,38047,21.7,77.84536129032259,19.660477419354837,0.27945205479452057,0.2356164383561644,0.410958904109589,0.4849315068493151,0.5698630136986301,51.37420383561644,31.68752
ND,McHenry,38049,17,78.68491612903226,19.30094193548387,0.25205479452054796,0.23835616438356164,0.410958904109589,0.4849315068493151,0.5616438356164384,51.75691342465753,29.6034898630137
ND,McIntosh,38051,22.7,78.34941935483872,20.06298064516129,0.28493150684931506,0.2410958904109589,0.4,0.4794520547945205,0.5589041095890411,51.989744657534246,31.645464109589042
ND,McKenzie,38053,14.8,80.9348,24.35058064516129,0.26575342465753427,0.23835616438356164,0.36164383561643837,0.4657534246575342,0.5534246575342465,53.81738575342466,32.17311561643836
ND,McLean,38055,19.4,78.76928387096774,20.39290322580645,0.27123287671232876,0.2328767123287671,0.3917808219178082,0.4849315068493151,0.5671232876712329,51.81121917808219,31.504309589041096
ND,Mercer,38057,22,79.90769677419355,22.271,0.2684931506849315,0.2273972602739726,0.3726027397260274,0.4602739726027397,0.5561643835616439,52.87015178082192,30.97126301369863
ND,Morton,38059,26.6,80.15098709677419,22.436309677419356,0.2821917808219178,0.23835616438356164,0.3726027397260274,0.46301369863013697,0.547945205479452,53.365171506849315,31.691593424657533
ND,Mountrail,38061,16.4,78.27323870967741,20.385470967741934,0.26575342465753427,0.2191780821917808,0.4,0.4904109589041096,0.5780821917808219,50.93726739726027,30.5027501369863
ND,Nelson,38063,18.9,76.20242580645161,16.332393548387095,0.29041095890410956,0.23013698630136986,0.4465753424657534,0.5150684931506849,0.5698630136986301,49.37217479452055,30.64662684931507
ND,Oliver,38065,24.3,79.18688387096773,21.851077419354837,0.273972602739726,0.2273972602739726,0.3780821917808219,0.4684931506849315,0.5589041095890411,52.56355506849315,31.66621095890411
ND,Pembina,38067,15.5,76.83230967741936,15.90445806451613,0.26575342465753427,0.23013698630136986,0.4438356164383562,0.5150684931506849,0.5671232876712329,49.68743123287671,29.9026498630137
ND,Pierce,38069,16,77.68167741935484,17.369425806451613,0.2684931506849315,0.23835616438356164,0.4301369863013699,0.4958904109589041,0.5589041095890411,50.450808767123284,28.898797260273973
ND,Ramsey,38071,15.2,76.47242580645161,16.545954838709676,0.2876712328767123,0.2328767123287671,0.4465753424657534,0.5205479452054794,0.5671232876712329,49.284724383561645,29.849364931506848
ND,Ransom,38073,22.3,79.72903225806452,18.701135483870967,0.2547945205479452,0.2547945205479452,0.40273972602739727,0.4794520547945205,0.5589041095890411,52.60223287671233,32.05389643835616
ND,Renville,38075,14.6,79.08347096774193,19.609148387096774,0.25753424657534246,0.22465753424657534,0.4054794520547945,0.4876712328767123,0.5671232876712329,51.22651506849315,29.708037808219178
ND,Richland,38077,25.3,79.92395483870968,18.798393548387097,0.24383561643835616,0.2602739726027397,0.3917808219178082,0.4767123287671233,0.5561643835616439,53.062835616438356,32.575265205479454
ND,Rolette,38079,14.9,75.89625161290323,16.46710322580645,0.3041095890410959,0.21643835616438356,0.4328767123287671,0.5150684931506849,0.5616438356164384,49.09373698630137,27.899772602739727
ND,Sargent,38081,23.8,78.98690967741935,18.622167741935485,0.2684931506849315,0.25205479452054796,0.38904109589041097,0.4794520547945205,0.5616438356164384,52.341173698630136,32.48616767123288
ND,Sheridan,38083,20,77.4338,19.66088387096774,0.27945205479452057,0.2356164383561644,0.40821917808219177,0.4849315068493151,0.5671232876712329,51.099553424657536,30.920157808219177
ND,Sioux,38085,26.3,81.3060064516129,23.066251612903226,0.2821917808219178,0.25205479452054796,0.3424657534246575,0.4410958904109589,0.5315068493150685,54.739375342465756,32.59358082191781
ND,Slope,38087,19.2,81.1634,29.10147741935484,0.2821917808219178,0.2356164383561644,0.30684931506849317,0.4383561643835616,0.536986301369863,55.336580821917806,32.59448328767123
ND,Stark,38089,22.2,80.44862580645162,25.660748387096774,0.28493150684931506,0.2410958904109589,0.3424657534246575,0.4602739726027397,0.547945205479452,53.967648767123286,31.681843835616437
ND,Steele,38091,20.3,77.01457419354838,17.295161290322582,0.27671232876712326,0.2273972602739726,0.43561643835616437,0.4958904109589041,0.5726027397260274,50.112157260273975,31.014053698630136
ND,Stutsman,38093,23.1,77.96770322580645,19.32190322580645,0.27671232876712326,0.2356164383561644,0.4136986301369863,0.4876712328767123,0.5671232876712329,51.24308,31.94967397260274
ND,Towner,38095,12.4,76.26774838709677,16.037077419354837,0.3013698630136986,0.2356164383561644,0.44931506849315067,0.5150684931506849,0.5616438356164384,48.97098684931507,28.185173698630138
ND,Traill,38097,19.1,78.03267741935484,16.920006451612903,0.2547945205479452,0.25205479452054796,0.4273972602739726,0.4876712328767123,0.5726027397260274,50.94040876712329,30.55539397260274
ND,Walsh,38099,16.6,76.93711612903226,16.024129032258063,0.2684931506849315,0.2328767123287671,0.4438356164383562,0.5150684931506849,0.5698630136986301,49.69769863013698,30.14932383561644
ND,Ward,38101,17.6,78.2644129032258,20.438251612903226,0.2684931506849315,0.21643835616438356,0.4,0.4904109589041096,0.5671232876712329,51.11914630136986,31.00635068493151
ND,Wells,38103,21.6,77.42845806451614,18.90865806451613,0.27671232876712326,0.2410958904109589,0.42191780821917807,0.4931506849315068,0.5671232876712329,50.8002504109589,30.541960547945205
ND,Williams,38105,15.4,79.66963225806452,21.57132258064516,0.27671232876712326,0.2356164383561644,0.3917808219178082,0.4821917808219178,0.5561643835616439,52.1369205479452,30.853163287671233
OH,Adams,39001,42.3,84.60395483870968,47.93429677419355,0.39452054794520547,0.3972602739726027,0.0684931506849315,0.17534246575342466,0.35342465753424657,66.64830356164384,44.423772602739724
OH,Allen,39003,33.3,83.24054193548388,41.561193548387095,0.31232876712328766,0.32054794520547947,0.11232876712328767,0.27945205479452057,0.46301369863013697,62.72606904109589,44.10013260273973
OH,Ashland,39005,43.1,82.54098064516128,41.72708387096774,0.3698630136986301,0.3041095890410959,0.1178082191780822,0.2821917808219178,0.4684931506849315,61.75126301369863,42.507596164383564
OH,Ashtabula,39007,44.1,80.41831612903226,40.47556129032258,0.3643835616438356,0.25753424657534246,0.1506849315068493,0.32054794520547947,0.4986301369863014,59.95747671232877,42.737917260273974
OH,Athens,39009,40.2,85.00489032258065,45.91870322580645,0.38904109589041097,0.37534246575342467,0.07671232876712329,0.19452054794520549,0.3726027397260274,65.78255780821918,42.57608493150685
OH,Auglaize,39011,34.2,82.88390967741935,41.74281935483871,0.33972602739726027,0.3041095890410959,0.1095890410958904,0.27671232876712326,0.46301369863013697,62.59837753424657,43.347407123287674
OH,Belmont,39013,41.9,82.48338064516129,43.23676129032258,0.3863013698630137,0.3013698630136986,0.0958904109589041,0.24383561643835616,0.4438356164383562,62.64530082191781,43.31478520547945
OH,Brown,39015,43.8,84.23507096774193,47.34308387096774,0.39452054794520547,0.3726027397260274,0.07123287671232877,0.1780821917808219,0.3643835616438356,65.97525150684932,44.32704602739726
OH,Butler,39017,40,85.8074,45.72894838709677,0.3506849315068493,0.3643835616438356,0.07397260273972603,0.18904109589041096,0.3835616438356164,66.07592821917808,44.785311232876715
OH,Carroll,39019,40.7,83.20007096774194,42.56361935483871,0.3452054794520548,0.30684931506849317,0.10410958904109589,0.2684931506849315,0.4657534246575342,62.534938630136985,43.24914191780822
OH,Champaign,39021,39.9,82.11885161290323,42.14207096774194,0.38082191780821917,0.29315068493150687,0.1095890410958904,0.2602739726027397,0.4465753424657534,62.58426849315069,42.66821534246575
OH,Clark,39023,39.2,82.71517419354839,43.248722580645165,0.37534246575342467,0.3095890410958904,0.09863013698630137,0.2493150684931507,0.4328767123287671,63.38064273972603,43.18930301369863
OH,Clermont,39025,40.7,84.97690322580645,47.15030967741936,0.3780821917808219,0.3698630136986301,0.07397260273972603,0.16986301369863013,0.36712328767123287,66.26016438356164,45.32233260273973
OH,Clinton,39027,41.1,83.7446,45.46783225806452,0.38082191780821917,0.3506849315068493,0.0821917808219178,0.2219178082191781,0.40273972602739727,64.85688931506849,44.86165589041096
OH,Columbiana,39029,39.4,83.16691612903226,41.99493548387097,0.3424657534246575,0.3041095890410959,0.11232876712328767,0.2821917808219178,0.4712328767123288,62.30395671232877,42.542476712328764
OH,Coshocton,39031,41.1,83.29581935483871,43.075109677419356,0.3863013698630137,0.3150684931506849,0.10136986301369863,0.25205479452054796,0.4383561643835616,63.03213808219178,43.14409095890411
OH,Crawford,39033,40.3,83.01612258064516,43.36467741935484,0.35342465753424657,0.31232876712328766,0.1095890410958904,0.27123287671232876,0.4410958904109589,62.701559452054795,43.46686301369863
OH,Cuyahoga,39035,49.1,81.77603870967742,41.90661935483871,0.36712328767123287,0.27945205479452057,0.13150684931506848,0.30684931506849317,0.4849315068493151,60.97971397260274,44.74536109589041
OH,Darke,39037,34.1,82.6744129032258,42.44836129032258,0.3452054794520548,0.32054794520547947,0.10684931506849316,0.26301369863013696,0.4520547945205479,62.982073424657536,42.79988164383562
OH,Defiance,39039,32.1,83.87298064516129,39.82216129032258,0.26575342465753427,0.3232876712328767,0.13150684931506848,0.29863013698630136,0.4849315068493151,62.31530904109589,42.314276164383564
OH,Delaware,39041,40.1,82.45986451612903,42.15681935483871,0.37534246575342467,0.3095890410958904,0.11506849315068493,0.26301369863013696,0.4410958904109589,62.78274191780822,43.77263616438356
OH,Erie,39043,42.4,81.75647096774193,42.04231612903226,0.37534246575342467,0.2821917808219178,0.1178082191780822,0.30684931506849317,0.4821917808219178,61.14491452054794,45.21596
OH,Fairfield,39045,39.9,83.59386451612903,44.50367096774193,0.3835616438356164,0.32054794520547947,0.09041095890410959,0.22465753424657534,0.41643835616438357,64.1908597260274,43.25243123287671
OH,Fayette,39047,37.9,82.76865161290323,44.183503225806454,0.3863013698630137,0.33424657534246577,0.10136986301369863,0.2356164383561644,0.41643835616438357,64.06771506849316,43.67715726027397
OH,Franklin,39049,39.3,84.39823225806451,44.05401935483871,0.35342465753424657,0.33972602739726027,0.09041095890410959,0.23013698630136986,0.4136986301369863,64.63174630136986,45.36010301369863
OH,Fulton,39051,34.5,83.46246451612903,39.29551612903226,0.28493150684931506,0.3150684931506849,0.136986301369863,0.31232876712328766,0.4876712328767123,61.88850191780822,42.155683835616436
OH,Gallia,39053,37.7,86.39948387096774,47.80986451612903,0.38082191780821917,0.3835616438356164,0.06301369863013699,0.15616438356164383,0.35342465753424657,67.34532273972603,45.05491178082192
OH,Geauga,39055,50.4,80.74249032258065,40.16445161290323,0.3643835616438356,0.26575342465753427,0.1506849315068493,0.3232876712328767,0.5013698630136987,59.956934246575344,41.02192054794521
OH,Greene,39057,40.2,83.19589032258065,44.29585806451613,0.36712328767123287,0.3315068493150685,0.08767123287671233,0.23835616438356164,0.42191780821917807,64.22123287671234,44.27692219178082
OH,Guernsey,39059,43.3,83.17196774193549,43.7864,0.4,0.32602739726027397,0.09315068493150686,0.2356164383561644,0.4273972602739726,63.43265041095891,42.693775342465756
OH,Hamilton,39061,39,86.05103870967741,46.93117419354839,0.36164383561643837,0.36164383561643837,0.0684931506849315,0.16986301369863013,0.36712328767123287,66.77496931506849,45.19815232876712
OH,Hancock,39063,32.5,83.95868387096775,42.158445161290324,0.3178082191780822,0.3178082191780822,0.1095890410958904,0.27945205479452057,0.4547945205479452,63.043889863013696,44.62610739726028
OH,Hardin,39065,36.5,82.9351806451613,42.294200000000004,0.3506849315068493,0.3095890410958904,0.11232876712328767,0.27671232876712326,0.4520547945205479,62.65073041095891,43.78714465753425
OH,Harrison,39067,42.3,82.8127806451613,42.97535483870968,0.36712328767123287,0.3095890410958904,0.09863013698630137,0.2493150684931507,0.4602739726027397,62.708774246575345,43.25893589041096
OH,Henry,39069,32.1,83.99061935483871,40.503664516129035,0.273972602739726,0.32054794520547947,0.12602739726027398,0.29315068493150687,0.4767123287671233,62.80322246575342,43.01714410958904
OH,Highland,39071,39.9,83.56965161290323,46.31232258064516,0.38082191780821917,0.3698630136986301,0.07671232876712329,0.19452054794520549,0.3917808219178082,65.36137260273972,43.8583605479452
OH,Hocking,39073,37.9,84.38696774193548,45.341890322580646,0.3972602739726027,0.33972602739726027,0.08767123287671233,0.20821917808219179,0.3917808219178082,64.95266410958904,42.84688383561644
OH,Holmes,39075,39,82.5624064516129,41.90307741935484,0.3835616438356164,0.3013698630136986,0.1095890410958904,0.273972602739726,0.46301369863013697,61.97517808219178,43.21013863013699
OH,Huron,39077,41.9,82.45963225806452,42.14723870967742,0.3589041095890411,0.2958904109589041,0.11506849315068493,0.29315068493150687,0.4575342465753425,61.89983452054795,43.36060383561644
OH,Jackson,39079,38.3,84.911,46.892967741935486,0.410958904109589,0.37534246575342467,0.07123287671232877,0.18082191780821918,0.3561643835616438,66.24546849315068,44.274865753424656
OH,Jefferson,39081,39.2,83.07877419354838,42.99341290322581,0.3589041095890411,0.3150684931506849,0.0958904109589041,0.2547945205479452,0.4547945205479452,62.985811506849316,43.66421698630137
OH,Knox,39083,42.7,82.53331612903226,41.83525806451613,0.3835616438356164,0.3013698630136986,0.11232876712328767,0.273972602739726,0.44931506849315067,62.144792328767124,42.39768767123288
OH,Lake,39085,51.2,79.38563870967742,41.1543935483871,0.40821917808219177,0.2328767123287671,0.14520547945205478,0.336986301369863,0.5041095890410959,59.37400054794521,43.97825041095891
OH,Lawrence,39087,37.9,86.52258064516128,48.491193548387095,0.3780821917808219,0.4,0.06027397260273973,0.15342465753424658,0.34794520547945207,67.67574356164384,46.254229589041095
OH,Licking,39089,40.7,82.99092258064516,42.70669032258065,0.3835616438356164,0.3041095890410959,0.10136986301369863,0.2602739726027397,0.4383561643835616,62.98664493150685,42.804586301369866
OH,Logan,39091,38.3,81.99122580645161,41.800535483870966,0.3780821917808219,0.29315068493150687,0.11232876712328767,0.273972602739726,0.4547945205479452,62.34273315068493,42.987831232876715
OH,Lorain,39093,45,82.15525806451613,41.97861935483871,0.3561643835616438,0.28493150684931506,0.12054794520547946,0.29315068493150687,0.4767123287671233,61.38018191780822,44.63812547945206
OH,Lucas,39095,36,83.48865161290323,40.54233548387097,0.3013698630136986,0.31232876712328766,0.13150684931506848,0.30684931506849317,0.4876712328767123,61.93393095890411,44.51992712328767
OH,Madison,39097,38.9,82.9120129032258,42.84023870967742,0.3698630136986301,0.3178082191780822,0.10136986301369863,0.25205479452054796,0.4273972602739726,63.54865917808219,43.652800547945205
OH,Mahoning,39099,37.8,82.7460064516129,41.51648387096774,0.34794520547945207,0.3095890410958904,0.12602739726027398,0.29041095890410956,0.4767123287671233,61.90468712328767,41.70249808219178
OH,Marion,39101,38.3,82.68654838709678,42.45114838709677,0.3643835616438356,0.3095890410958904,0.1095890410958904,0.26575342465753427,0.4465753424657534,62.56838410958904,43.78285917808219
OH,Medina,39103,43.8,82.58046451612903,41.33845806451613,0.3643835616438356,0.3013698630136986,0.12054794520547946,0.2958904109589041,0.473972602739726,61.44566739726027,43.45582136986302
OH,Meigs,39105,39.9,85.62066451612903,46.82329032258065,0.38082191780821917,0.3863013698630137,0.07671232876712329,0.1780821917808219,0.3561643835616438,66.66267890410958,43.542280547945204
OH,Mercer,39107,32.6,83.48772258064517,41.40093548387097,0.31232876712328766,0.3232876712328767,0.11232876712328767,0.27671232876712326,0.46301369863013697,62.91952219178082,43.089178630136985
OH,Miami,39109,36.6,83.89487096774194,43.679445161290325,0.336986301369863,0.33424657534246577,0.09041095890410959,0.2465753424657534,0.4383561643835616,64.08016712328767,43.884586301369865
OH,Monroe,39111,43.1,83.67172903225807,44.41512258064516,0.3863013698630137,0.33972602739726027,0.09041095890410959,0.2273972602739726,0.4246575342465753,63.821164383561644,43.40420821917808
OH,Montgomery,39113,37.2,84.36809677419355,44.71549032258064,0.3643835616438356,0.3561643835616438,0.08493150684931507,0.2328767123287671,0.410958904109589,64.76822575342466,44.925602739726024
OH,Morgan,39115,39.1,83.78338709677419,44.84543870967742,0.3972602739726027,0.3452054794520548,0.08493150684931507,0.2136986301369863,0.40273972602739727,64.45650027397261,42.31192383561644
OH,Morrow,39117,43,82.2488,41.75303870967742,0.38082191780821917,0.3013698630136986,0.12054794520547946,0.27945205479452057,0.4520547945205479,61.97382684931507,42.87632
OH,Muskingum,39119,39,83.76114838709677,44.16887096774194,0.38082191780821917,0.3315068493150685,0.09041095890410959,0.2219178082191781,0.4246575342465753,63.90850136986301,43.26068164383562
OH,Noble,39121,41.5,83.39725806451612,44.52352903225806,0.38904109589041097,0.33972602739726027,0.08767123287671233,0.2136986301369863,0.4191780821917808,64.04066575342466,42.94680602739726
OH,Ottawa,39123,38.3,82.9859870967742,41.23585806451613,0.3506849315068493,0.29315068493150687,0.1232876712328767,0.3095890410958904,0.4794520547945205,61.51644931506849,45.50890630136986
OH,Paulding,39125,32.4,83.90131612903225,39.70591612903226,0.2684931506849315,0.32602739726027397,0.13424657534246576,0.2876712328767123,0.4821917808219178,62.431544657534246,42.30148876712329
OH,Perry,39127,40.1,83.63172258064516,44.28023870967742,0.3972602739726027,0.32054794520547947,0.09041095890410959,0.2219178082191781,0.41643835616438357,64.02378520547946,41.99604109589041
OH,Pickaway,39129,35.8,83.98876129032259,44.89049677419355,0.37534246575342467,0.33972602739726027,0.08767123287671233,0.2191780821917808,0.4054794520547945,64.73237369863014,43.97511397260274
OH,Pike,39131,38.3,85.00024516129032,47.065477419354835,0.3972602739726027,0.37534246575342467,0.0684931506849315,0.1780821917808219,0.3506849315068493,66.44958356164383,44.62031780821918
OH,Portage,39133,40.9,81.82794838709677,41.10596774193549,0.35342465753424657,0.3041095890410959,0.13150684931506848,0.30684931506849317,0.4904109589041096,61.25766849315068,41.93716876712329
OH,Preble,39135,37,83.17121290322581,43.36165806451613,0.3452054794520548,0.336986301369863,0.09863013698630137,0.25753424657534246,0.4438356164383562,63.68714082191781,43.05101863013699
OH,Putnam,39137,32.2,83.86978709677419,40.98507741935484,0.29863013698630136,0.3178082191780822,0.1178082191780822,0.28493150684931506,0.4684931506849315,62.76795232876712,43.34355068493151
OH,Richland,39139,44.7,82.24595483870968,41.66298064516129,0.3698630136986301,0.2958904109589041,0.1178082191780822,0.2821917808219178,0.46301369863013697,61.59966849315069,43.15881643835616
OH,Ross,39141,36.8,84.03480645161291,45.990993548387095,0.38904109589041097,0.3506849315068493,0.07945205479452055,0.20821917808219179,0.38904109589041097,65.32603835616439,43.72763616438356
OH,Sandusky,39143,39.1,83.83146451612903,41.78776129032258,0.33424657534246577,0.30684931506849317,0.11232876712328767,0.29041095890410956,0.4547945205479452,62.52908493150685,43.980676712328766
OH,Scioto,39145,39.7,85.8902,48.01024516129032,0.38082191780821917,0.4054794520547945,0.06575342465753424,0.16712328767123288,0.3452054794520548,67.40672493150684,45.26691232876712
OH,Seneca,39147,39.6,83.4416193548387,42.11443225806452,0.3315068493150685,0.30684931506849317,0.11232876712328767,0.28493150684931506,0.4520547945205479,62.695523287671236,43.96179890410959
OH,Shelby,39149,35.3,82.81405806451613,42.33194193548387,0.34794520547945207,0.3178082191780822,0.10684931506849316,0.26301369863013696,0.4547945205479452,62.94189643835617,42.88697205479452
OH,Stark,39151,37.4,82.78369032258064,41.94813548387097,0.3561643835616438,0.3095890410958904,0.1178082191780822,0.27671232876712326,0.473972602739726,61.95317369863014,43.671392328767126
OH,Summit,39153,39.9,82.94934838709678,41.72505161290323,0.3424657534246575,0.3041095890410959,0.12054794520547946,0.29315068493150687,0.4794520547945205,61.78086191780822,44.07916383561644
OH,Trumbull,39155,39.9,82.53302580645162,41.35547096774194,0.34794520547945207,0.3041095890410959,0.1178082191780822,0.3041095890410959,0.4849315068493151,61.65768273972603,41.70854904109589
OH,Tuscarawas,39157,42.5,83.22817419354838,42.883670967741935,0.3726027397260274,0.32054794520547947,0.10136986301369863,0.2602739726027397,0.44931506849315067,62.81515178082192,43.38960109589041
OH,Union,39159,38,82.72481290322581,42.05445161290323,0.36164383561643837,0.29863013698630136,0.1095890410958904,0.25753424657534246,0.4465753424657534,62.88577095890411,43.36847452054794
OH,Van Wert,39161,36,83.86996129032258,40.4622064516129,0.29315068493150687,0.32054794520547947,0.12602739726027398,0.29315068493150687,0.4684931506849315,62.652831232876714,42.97367287671233
OH,Vinton,39163,39.2,85.85356129032257,46.426941935483875,0.3698630136986301,0.3863013698630137,0.07671232876712329,0.1863013698630137,0.36164383561643837,66.43740767123288,43.84772821917808
OH,Warren,39165,41,84.67003225806451,45.926135483870965,0.3726027397260274,0.36712328767123287,0.07397260273972603,0.20273972602739726,0.3917808219178082,65.54052438356165,45.141602739726025
OH,Washington,39167,42.3,84.97789032258065,45.7214,0.3726027397260274,0.36712328767123287,0.0821917808219178,0.2,0.38904109589041097,65.51748931506849,43.54883452054794
OH,Wayne,39169,37.6,82.28636774193548,41.4558064516129,0.3835616438356164,0.3041095890410959,0.11506849315068493,0.28493150684931506,0.4657534246575342,61.60773643835616,42.98987780821918
OH,Williams,39171,32.5,83.45572903225806,38.76109032258064,0.27945205479452057,0.31232876712328766,0.15616438356164383,0.31232876712328766,0.4931506849315068,61.544849863013695,41.28360109589041
OH,Wood,39173,33.6,83.94515483870968,41.06555483870968,0.31232876712328766,0.31232876712328766,0.1178082191780822,0.2958904109589041,0.46301369863013697,62.66536712328767,44.23525095890411
OH,Wyandot,39175,37.5,83.34134193548387,42.65617419354839,0.3452054794520548,0.30684931506849317,0.1095890410958904,0.27671232876712326,0.4465753424657534,62.812039999999996,44.01661753424658
OK,Adair,40001,48,90.27546451612903,52.76050322580645,0.33972602739726027,0.35342465753424657,0.038356164383561646,0.1178082191780822,0.273972602739726,71.62646246575342,49.517673972602736
OK,Alfalfa,40003,35.1,93.6356,51.650948387096776,0.3013698630136986,0.26575342465753427,0.03287671232876712,0.10410958904109589,0.273972602739726,72.83923835616439,46.761494246575346
OK,Atoka,40005,45.3,92.12644516129032,57.713232258064515,0.3589041095890411,0.29863013698630136,0.01643835616438356,0.07123287671232877,0.20821917808219179,75.24047780821918,50.98178410958904
OK,Beaver,40007,30.7,91.60694193548387,51.176096774193546,0.32602739726027397,0.3095890410958904,0.0547945205479452,0.13972602739726028,0.273972602739726,72.17430849315069,42.897801643835614
OK,Beckham,40009,26.8,95.41132903225807,55.850058064516126,0.33424657534246577,0.24383561643835616,0.0273972602739726,0.08493150684931507,0.23013698630136986,75.17932712328768,47.2196805479452
OK,Blaine,40011,35.2,93.05350322580645,54.111374193548386,0.3315068493150685,0.27671232876712326,0.030136986301369864,0.0958904109589041,0.25205479452054796,73.28699452054795,47.7683797260274
OK,Bryan,40013,43.4,93.51569677419354,59.384329032258066,0.38082191780821917,0.2821917808219178,0.010958904109589041,0.057534246575342465,0.18356164383561643,76.40996,52.465235616438356
OK,Caddo,40015,29.7,93.4866064516129,55.90986451612903,0.3424657534246575,0.2821917808219178,0.0273972602739726,0.09315068493150686,0.2328767123287671,74.16491123287672,48.77365260273972
OK,Canadian,40017,34.9,92.5892193548387,54.66635483870968,0.336986301369863,0.29041095890410956,0.030136986301369864,0.10136986301369863,0.25205479452054796,73.2098805479452,48.98258575342466
OK,Carter,40019,35.1,95.01933548387096,59.300774193548385,0.3863013698630137,0.28493150684931506,0.01643835616438356,0.0684931506849315,0.18356164383561643,76.22202520547945,51.247286575342464
OK,Cherokee,40021,44.6,91.45463870967743,53.845090322580646,0.336986301369863,0.33424657534246577,0.03561643835616438,0.10684931506849316,0.2493150684931507,72.7166805479452,49.62957479452055
OK,Choctaw,40023,44,92.19292903225806,59.26332258064516,0.37534246575342467,0.30684931506849317,0.010958904109589041,0.0547945205479452,0.18356164383561643,75.84710246575342,52.33209479452055
OK,Cimarron,40025,19.9,91.20722580645162,48.7548064516129,0.3424657534246575,0.29315068493150687,0.057534246575342465,0.14520547945205478,0.28493150684931506,70.76361643835617,40.19737753424658
OK,Cleveland,40027,40,92.66528387096774,55.76336774193548,0.35342465753424657,0.29863013698630136,0.021917808219178082,0.0958904109589041,0.23013698630136986,73.81962684931507,50.584945753424655
OK,Coal,40029,42.3,91.96096129032259,57.393703225806455,0.3561643835616438,0.29863013698630136,0.021917808219178082,0.07671232876712329,0.2136986301369863,74.9310898630137,50.78129369863014
OK,Comanche,40031,28.4,96.19978709677419,57.538283870967746,0.34794520547945207,0.26301369863013696,0.019178082191780823,0.07671232876712329,0.21095890410958903,75.84084438356165,51.125182465753426
OK,Cotton,40033,27.8,98.48816774193548,59.296303225806454,0.33424657534246577,0.26575342465753427,0.019178082191780823,0.06575342465753424,0.2,77.62294794520548,51.41076109589041
OK,Craig,40035,35.8,91.11693548387096,51.53702580645161,0.32054794520547947,0.3506849315068493,0.049315068493150684,0.12876712328767123,0.27671232876712326,71.64811671232877,47.35840876712329
OK,Creek,40037,40.5,91.25942580645162,54.78736129032258,0.3287671232876712,0.3178082191780822,0.024657534246575342,0.11506849315068493,0.2410958904109589,73.20798684931506,49.16025315068493
OK,Custer,40039,34.8,93.11435483870967,54.73945806451613,0.336986301369863,0.2684931506849315,0.030136986301369864,0.09863013698630137,0.24383561643835616,73.70067397260274,47.34368328767123
OK,Delaware,40041,49.1,90.71855483870968,52.75214193548387,0.336986301369863,0.3589041095890411,0.038356164383561646,0.12054794520547946,0.26575342465753427,71.79058794520547,48.809662465753426
OK,Dewey,40043,33.1,92.2069806451613,53.87650322580645,0.336986301369863,0.25753424657534246,0.03287671232876712,0.10410958904109589,0.24383561643835616,73.1115512328767,46.13392054794521
OK,Ellis,40045,29.4,92.69030967741935,53.510464516129034,0.3232876712328767,0.2821917808219178,0.038356164383561646,0.1095890410958904,0.2493150684931507,73.16183287671232,45.101751232876715
OK,Garfield,40047,33.9,93.06784516129032,52.58149032258065,0.3013698630136986,0.27123287671232876,0.03287671232876712,0.1178082191780822,0.273972602739726,72.83111123287671,47.3295298630137
OK,Garvin,40049,36.4,93.64750322580645,57.85276129032258,0.3698630136986301,0.2821917808219178,0.024657534246575342,0.07397260273972603,0.2054794520547945,75.19595616438356,50.55058301369863
OK,Grady,40051,32.1,93.52748387096774,56.38250967741936,0.3424657534246575,0.2876712328767123,0.024657534246575342,0.08767123287671233,0.2273972602739726,74.46742465753425,49.45139452054794
OK,Grant,40053,32.9,92.8971935483871,51.36846451612903,0.29041095890410956,0.28493150684931506,0.03561643835616438,0.1232876712328767,0.2876712328767123,72.45741150684931,46.81022246575343
OK,Greer,40055,24.8,97.3260064516129,57.489451612903224,0.3232876712328767,0.23835616438356164,0.024657534246575342,0.07945205479452055,0.2136986301369863,76.64548383561643,47.707194520547944
OK,Harmon,40057,20.8,98.8947935483871,58.328135483870966,0.3232876712328767,0.2328767123287671,0.019178082191780823,0.07945205479452055,0.19726027397260273,77.63044876712328,48.0801495890411
OK,Harper,40059,30.6,92.57929032258065,52.03405806451613,0.3232876712328767,0.27945205479452057,0.04657534246575343,0.12054794520547946,0.2602739726027397,72.88905150684931,44.653541369863014
OK,Haskell,40061,45.7,92.79923870967743,55.52541935483871,0.3315068493150685,0.3232876712328767,0.019178082191780823,0.09315068493150686,0.2356164383561644,74.0106191780822,51.2150197260274
OK,Hughes,40063,41.5,91.52176129032259,55.873922580645164,0.3506849315068493,0.3041095890410959,0.024657534246575342,0.09041095890410959,0.2356164383561644,73.79677917808219,50.60278301369863
OK,Jackson,40065,23.9,98.60853548387097,58.66281935483871,0.30684931506849317,0.23835616438356164,0.019178082191780823,0.06027397260273973,0.21095890410958903,77.70101863013699,49.730453698630136
OK,Jefferson,40067,32.8,97.64774193548386,60.187709677419356,0.3589041095890411,0.273972602739726,0.01643835616438356,0.057534246575342465,0.1726027397260274,77.64533698630137,51.49026191780822
OK,Johnston,40069,37.7,92.94724516129033,58.299393548387094,0.35342465753424657,0.29315068493150687,0.01643835616438356,0.0684931506849315,0.2136986301369863,75.47116876712329,51.00893205479452
OK,Kay,40071,33.5,92.14630322580645,51.68410322580645,0.31232876712328766,0.28493150684931506,0.038356164383561646,0.1232876712328767,0.27123287671232876,72.56317753424658,47.34782082191781
OK,Kingfisher,40073,35.3,93.74615483870967,54.06805806451613,0.32602739726027397,0.27123287671232876,0.0273972602739726,0.10136986301369863,0.25205479452054796,73.54814739726028,47.89802410958904
OK,Kiowa,40075,25.2,96.57761290322581,56.57272903225807,0.3315068493150685,0.2493150684931507,0.021917808219178082,0.08493150684931507,0.2273972602739726,75.67518520547945,49.63187780821918
OK,Latimer,40077,50.9,92.0057870967742,55.882748387096775,0.3506849315068493,0.3178082191780822,0.01643835616438356,0.08767123287671233,0.2328767123287671,73.88651287671233,50.89740109589041
OK,Le Flore,40079,55.6,91.87891612903226,55.91874838709678,0.3643835616438356,0.3150684931506849,0.019178082191780823,0.07671232876712329,0.22465753424657534,73.68389698630136,50.61689205479452
OK,Lincoln,40081,39,91.6484,54.61212258064516,0.3315068493150685,0.31232876712328766,0.024657534246575342,0.11232876712328767,0.24383561643835616,73.12194684931507,49.184471780821916
OK,Logan,40083,33.8,92.55745806451613,54.08669677419355,0.3232876712328767,0.29315068493150687,0.0273972602739726,0.11232876712328767,0.25205479452054796,73.26961589041096,48.58678301369863
OK,Love,40085,35.4,95.99290322580646,60.21592903225807,0.38082191780821917,0.26575342465753427,0.01643835616438356,0.06027397260273973,0.16986301369863013,76.9867095890411,51.69429808219178
OK,McClain,40087,37.1,93.19070967741935,56.63108387096774,0.3589041095890411,0.29041095890410956,0.021917808219178082,0.0821917808219178,0.2191780821917808,74.53232328767123,50.100390684931504
OK,McCurtain,40089,58.1,91.05904516129033,58.69667096774194,0.3726027397260274,0.32602739726027397,0.0136986301369863,0.057534246575342465,0.20821917808219179,74.84964602739726,51.069762191780825
OK,McIntosh,40091,45.6,91.92310322580646,54.844903225806455,0.3452054794520548,0.32054794520547947,0.024657534246575342,0.1095890410958904,0.23835616438356164,73.41410904109588,51.12393479452055
OK,Major,40093,31.6,93.55024516129032,53.09234193548387,0.32602739726027397,0.26301369863013696,0.030136986301369864,0.11232876712328767,0.25753424657534246,73.27663835616438,47.04257534246575
OK,Marshall,40095,38.2,94.29863870967742,59.64538709677419,0.3726027397260274,0.2821917808219178,0.0136986301369863,0.0547945205479452,0.1780821917808219,76.56577589041096,52.528418082191784
OK,Mayes,40097,44.3,91.2047870967742,53.172935483870965,0.33424657534246577,0.3506849315068493,0.03287671232876712,0.11506849315068493,0.25753424657534246,72.30693643835616,48.997099178082195
OK,Murray,40099,37.2,93.08665806451613,58.352000000000004,0.36164383561643837,0.29315068493150687,0.01643835616438356,0.0684931506849315,0.20821917808219179,75.23608383561644,50.661285479452054
OK,Muskogee,40101,44.1,92.06576774193549,54.63575483870968,0.33424657534246577,0.32054794520547947,0.024657534246575342,0.10410958904109589,0.2410958904109589,73.40943397260274,50.62518191780822
OK,Noble,40103,32.2,92.59705806451613,53.39038709677419,0.32054794520547947,0.29315068493150687,0.03287671232876712,0.11506849315068493,0.2547945205479452,73.30011232876713,47.21353095890411
OK,Nowata,40105,30.7,91.18376774193548,51.44110322580645,0.3095890410958904,0.32602739726027397,0.0410958904109589,0.12054794520547946,0.27671232876712326,71.94020493150686,46.97609863013699
OK,Okfuskee,40107,46.8,91.6866064516129,55.164258064516126,0.33424657534246577,0.3041095890410959,0.024657534246575342,0.09863013698630137,0.2410958904109589,73.3928394520548,49.82374301369863
OK,Oklahoma,40109,37.4,92.24901935483871,54.6993935483871,0.336986301369863,0.29041095890410956,0.024657534246575342,0.1095890410958904,0.2493150684931507,73.12390465753424,50.75193643835616
OK,Okmulgee,40111,45.2,91.69444516129032,54.97688387096774,0.3452054794520548,0.31232876712328766,0.021917808219178082,0.10684931506849316,0.2410958904109589,73.31205643835617,49.95196712328767
OK,Osage,40113,31.6,91.22127741935483,52.56906451612903,0.3095890410958904,0.32602739726027397,0.030136986301369864,0.1178082191780822,0.25753424657534246,72.73031123287672,47.875802739726026
OK,Ottawa,40115,39.1,91.67644516129032,51.68195483870968,0.32602739726027397,0.3424657534246575,0.0410958904109589,0.13150684931506848,0.27123287671232876,71.54653753424658,47.853482739726026
OK,Pawnee,40117,33.6,91.91270967741936,54.01446451612903,0.3232876712328767,0.3013698630136986,0.0273972602739726,0.1178082191780822,0.2410958904109589,73.45165753424658,48.50431342465753
OK,Payne,40119,35,91.9076,54.13425161290323,0.3315068493150685,0.2958904109589041,0.0273972602739726,0.1178082191780822,0.24383561643835616,73.29206904109589,48.01075835616438
OK,Pittsburg,40121,46.9,91.47124516129033,55.6866064516129,0.35342465753424657,0.3095890410958904,0.019178082191780823,0.09315068493150686,0.23013698630136986,73.85576493150685,51.3104295890411
OK,Pontotoc,40123,38.6,91.81370967741935,57.07504516129032,0.35342465753424657,0.2958904109589041,0.021917808219178082,0.08493150684931507,0.23013698630136986,74.31089863013699,50.544793424657534
OK,Pottawatomie,40125,40.2,92.28902580645162,55.93918709677419,0.34794520547945207,0.2958904109589041,0.021917808219178082,0.08767123287671233,0.23013698630136986,73.86160383561644,50.39691726027397
OK,Pushmataha,40127,52.4,91.2744064516129,57.36803870967742,0.36712328767123287,0.32602739726027397,0.01643835616438356,0.07123287671232877,0.21095890410958903,74.40213150684932,50.767677808219176
OK,Roger Mills,40129,30.3,92.68374838709677,54.5922064516129,0.33424657534246577,0.2684931506849315,0.03287671232876712,0.09863013698630137,0.24383561643835616,73.66051178082192,46.80279068493151
OK,Rogers,40131,38.9,91.33136774193548,52.97690967741936,0.3287671232876712,0.336986301369863,0.03561643835616438,0.11232876712328767,0.2602739726027397,72.47539671232877,48.54166465753425
OK,Seminole,40133,40.6,91.96758064516129,55.94046451612903,0.3452054794520548,0.30684931506849317,0.0273972602739726,0.08767123287671233,0.23013698630136986,73.85122794520548,50.34025917808219
OK,Sequoyah,40135,44.3,92.16813548387097,54.79241290322581,0.31232876712328766,0.3178082191780822,0.021917808219178082,0.0958904109589041,0.2547945205479452,73.45180054794521,50.80982246575343
OK,Stephens,40137,32.8,95.44669032258065,58.371567741935486,0.36712328767123287,0.27671232876712326,0.01643835616438356,0.07397260273972603,0.2,75.94614191780822,50.96205315068493
OK,Texas,40139,24.8,91.1588,50.23881935483871,0.3232876712328767,0.2958904109589041,0.0547945205479452,0.136986301369863,0.27671232876712326,71.83944438356164,41.0251802739726
OK,Tillman,40141,23.7,99.50150967741935,59.02938064516129,0.3178082191780822,0.2328767123287671,0.019178082191780823,0.06027397260273973,0.2054794520547945,78.19283287671233,51.13796493150685
OK,Tulsa,40143,40.3,91.72986451612904,54.01283870967742,0.3452054794520548,0.3150684931506849,0.0273972602739726,0.10684931506849316,0.24383561643835616,73.02668493150685,50.37751671232877
OK,Wagoner,40145,41.6,91.62087741935484,54.223554838709674,0.3424657534246575,0.3232876712328767,0.0273972602739726,0.10684931506849316,0.2410958904109589,73.08164657534246,50.24594410958904
OK,Washington,40147,31.8,91.34814838709677,51.95125806451613,0.3041095890410959,0.3150684931506849,0.038356164383561646,0.11506849315068493,0.2602739726027397,72.4438202739726,47.46178794520548
OK,Washita,40149,30,95.01550322580646,55.361909677419355,0.3232876712328767,0.25753424657534246,0.030136986301369864,0.08767123287671233,0.24383561643835616,74.59842027397261,48.43151452054794
OK,Woods,40151,33,92.97314193548387,51.72416774193548,0.32054794520547947,0.273972602739726,0.03561643835616438,0.10684931506849316,0.25753424657534246,72.84942684931507,45.83933205479452
OK,Woodward,40153,30.1,92.59682580645162,52.80631612903226,0.33424657534246577,0.27671232876712326,0.038356164383561646,0.10684931506849316,0.2465753424657534,72.95204657534246,45.56026301369863
OR,Baker,41001,22.6,86.43815483870968,34.27020645161291,0.28493150684931506,0.18904109589041096,0.30684931506849317,0.4794520547945205,0.5561643835616439,56.290156712328766,34.327168219178084
OR,Benton,41003,55.5,84.21596774193549,46.175174193548386,0.27671232876712326,0.273972602739726,0.019178082191780823,0.31232876712328766,0.5232876712328767,62.41332767123288,42.38786410958904
OR,Clackamas,41005,57,79.44515483870968,42.27265806451613,0.29315068493150687,0.20273972602739726,0.08767123287671233,0.4136986301369863,0.5917808219178082,58.174529863013696,40.46441863013699
OR,Clatsop,41007,93,74.96553548387097,45.96016129032258,0.3780821917808219,0.13150684931506848,0.01643835616438356,0.32602739726027397,0.5589041095890411,59.095424657534245,42.394324383561646
OR,Columbia,41009,50,80.08223870967741,45.54029677419355,0.3452054794520548,0.21095890410958903,0.0273972602739726,0.3424657534246575,0.5260273972602739,60.97209479452055,41.451627397260275
OR,Coos,41011,78.7,75.80270967741936,49.28121935483871,0.4438356164383562,0.16986301369863013,0.00821917808219178,0.20273972602739726,0.5095890410958904,61.22606246575342,43.8465298630137
OR,Crook,41013,14.3,86.47049677419355,38.785012903225805,0.2547945205479452,0.22465753424657534,0.1780821917808219,0.42191780821917807,0.5643835616438356,58.70672821917808,33.290555616438354
OR,Curry,41015,107.3,79.82466451612903,49.06986451612903,0.36712328767123287,0.2054794520547945,0.019178082191780823,0.2191780821917808,0.5150684931506849,62.11112493150685,44.33310191780822
OR,Deschutes,41017,17.6,84.5230129032258,38.51443225806452,0.2602739726027397,0.23013698630136986,0.19726027397260273,0.44931506849315067,0.5780821917808219,57.60874794520548,32.0964898630137
OR,Douglas,41019,49.2,85.14877419354839,45.18290967741935,0.2465753424657534,0.27945205479452057,0.043835616438356165,0.3178082191780822,0.5397260273972603,62.02620931506849,41.2754394520548
OR,Gilliam,41021,10.3,89.05129032258064,42.52094193548387,0.2493150684931507,0.25753424657534246,0.07671232876712329,0.3698630136986301,0.5041095890410959,62.231631232876715,40.746081643835616
OR,Grant,41023,22.5,84.9010129032258,35.53026451612903,0.273972602739726,0.1917808219178082,0.2684931506849315,0.4657534246575342,0.5780821917808219,56.3435797260274,33.41626958904109
OR,Harney,41025,14.9,88.61638709677419,35.568238709677416,0.2876712328767123,0.2136986301369863,0.2356164383561644,0.4383561643835616,0.5397260273972603,58.208478356164385,33.00828602739726
OR,Hood River,41027,57,78.39476774193548,37.38652903225807,0.3013698630136986,0.1726027397260274,0.25205479452054796,0.4904109589041096,0.6164383561643836,54.933701369863016,38.468948493150684
OR,Jackson,41029,29.4,87.29309677419354,43.28669677419355,0.23013698630136986,0.27671232876712326,0.10136986301369863,0.34794520547945207,0.536986301369863,61.522046575342465,39.77084164383562
OR,Jefferson,41031,15.6,86.78781935483872,41.1777935483871,0.2410958904109589,0.2493150684931507,0.13150684931506848,0.4,0.5534246575342465,59.91383287671233,36.862909589041095
OR,Josephine,41033,61.1,88.0407935483871,45.56329032258064,0.22465753424657534,0.273972602739726,0.043835616438356165,0.3095890410958904,0.5178082191780822,63.041389589041096,41.457441643835615
OR,Klamath,41035,22.8,84.41843870967742,37.5408064516129,0.26575342465753427,0.2136986301369863,0.2219178082191781,0.4438356164383562,0.5863013698630137,57.17546575342466,30.941861369863012
OR,Lake,41037,14,86.91074193548387,37.20629677419355,0.2821917808219178,0.22465753424657534,0.2054794520547945,0.4246575342465753,0.5589041095890411,58.030258630136984,31.504107397260274
OR,Lane,41039,58.4,81.8721935483871,44.144077419354836,0.29041095890410956,0.24383561643835616,0.06575342465753424,0.3643835616438356,0.5643835616438356,59.84197589041096,40.75791726027397
OR,Lincoln,41041,83.4,74.2548258064516,48.076206451612904,0.4054794520547945,0.1178082191780822,0.010958904109589041,0.2684931506849315,0.5534246575342465,59.89798301369863,43.061705205479456
OR,Linn,41043,58,82.12262580645161,43.403116129032256,0.2876712328767123,0.24383561643835616,0.07671232876712329,0.3972602739726027,0.5643835616438356,59.526961095890414,40.771123835616436
OR,Malheur,41045,14.2,91.17836774193549,36.25914838709677,0.26301369863013696,0.2136986301369863,0.21643835616438356,0.41643835616438357,0.5315068493150685,59.67361917808219,36.021249315068495
OR,Marion,41047,52.1,82.07083225806451,44.454954838709675,0.29041095890410956,0.25205479452054796,0.038356164383561646,0.39452054794520547,0.5589041095890411,60.20266630136986,41.43205917808219
OR,Morrow,41049,12.7,87.61152258064516,42.03232903225806,0.26301369863013696,0.25205479452054796,0.09863013698630137,0.38904109589041097,0.5178082191780822,61.31070191780822,39.50124602739726
OR,Multnomah,41051,58.1,82.04325161290323,44.79445806451613,0.3013698630136986,0.23835616438356164,0.03561643835616438,0.3643835616438356,0.5342465753424658,61.10764219178082,43.80712219178082
OR,Polk,41053,66.5,83.69402580645162,46.12233548387097,0.27123287671232876,0.25753424657534246,0.021917808219178082,0.32054794520547947,0.5315068493150685,62.107796164383565,42.543369315068496
OR,Sherman,41055,10.7,88.98707096774194,43.20105161290323,0.23835616438356164,0.25753424657534246,0.08767123287671233,0.36164383561643837,0.5068493150684932,62.41132054794521,40.70711287671233
OR,Tillamook,41057,109.6,74.96745161290323,45.77557419354839,0.37534246575342467,0.13424657534246576,0.021917808219178082,0.3424657534246575,0.5726027397260274,58.917569863013696,42.622145205479455
OR,Umatilla,41059,19.7,87.33130322580645,41.229529032258064,0.27123287671232876,0.24383561643835616,0.12054794520547946,0.4136986301369863,0.5287671232876713,60.40116438356164,38.97431452054794
OR,Union,41061,27.3,83.60443225806452,35.26101935483871,0.3013698630136986,0.1863013698630137,0.28493150684931506,0.4904109589041096,0.5753424657534246,55.59647616438356,34.60174465753425
OR,Wallowa,41063,23.5,83.64414838709678,34.760677419354835,0.31232876712328766,0.16712328767123288,0.28493150684931506,0.4986301369863014,0.5753424657534246,55.36227397260274,35.756067397260274
OR,Wasco,41065,16.1,86.63743225806452,41.14818064516129,0.2410958904109589,0.26301369863013696,0.1095890410958904,0.410958904109589,0.5452054794520548,60.29218794520548,38.54484931506849
OR,Washington,41067,52.8,82.46747096774193,45.59046451612903,0.2958904109589041,0.23835616438356164,0.03287671232876712,0.33972602739726027,0.5287671232876713,61.55285369863014,43.084794520547945
OR,Wheeler,41069,16.5,86.29717419354839,39.20116129032258,0.25753424657534246,0.23835616438356164,0.15616438356164383,0.4191780821917808,0.5643835616438356,58.869847671232876,37.16893424657534
OR,Yamhill,41071,56.2,82.81028387096774,45.92032903225807,0.29315068493150687,0.2410958904109589,0.021917808219178082,0.3424657534246575,0.5287671232876713,61.73478684931507,43.02406301369863
PA,Adams,42001,37.4,87.11228387096774,46.404935483870965,0.3232876712328767,0.3150684931506849,0.052054794520547946,0.22465753424657534,0.4328767123287671,64.86948931506849,44.29494684931507
PA,Allegheny,42003,37,83.66830322580645,43.16992903225807,0.3506849315068493,0.32054794520547947,0.0958904109589041,0.25205479452054796,0.44931506849315067,63.2559002739726,44.139076712328766
PA,Armstrong,42005,40.4,82.68341290322581,41.16751612903226,0.34794520547945207,0.32054794520547947,0.1178082191780822,0.28493150684931506,0.4767123287671233,62.103476164383565,40.43939616438356
PA,Beaver,42007,39.5,83.28949032258065,42.57825161290322,0.3506849315068493,0.3150684931506849,0.10136986301369863,0.26301369863013696,0.4602739726027397,62.75660493150685,43.53021808219178
PA,Bedford,42009,36.5,82.98314193548387,43.36531612903226,0.3726027397260274,0.2958904109589041,0.10136986301369863,0.27123287671232876,0.4575342465753425,62.307221369863015,41.57280931506849
PA,Berks,42011,49,84.85322580645162,45.51666451612903,0.3589041095890411,0.31232876712328766,0.06301369863013699,0.2410958904109589,0.43561643835616437,63.741742465753426,43.65519232876712
PA,Blair,42013,41,81.82069032258065,41.581632258064516,0.3726027397260274,0.29041095890410956,0.12054794520547946,0.2958904109589041,0.4712328767123288,61.22920383561644,42.01529863013699
PA,Bradford,42015,44,81.03623870967742,39.32948387096774,0.3506849315068493,0.23013698630136986,0.16986301369863013,0.3506849315068493,0.5232876712328767,58.96225424657534,39.3382104109589
PA,Bucks,42017,51.4,86.0156193548387,47.31997419354839,0.3561643835616438,0.31232876712328766,0.052054794520547946,0.21095890410958903,0.4301369863013699,64.58455671232876,45.403993424657536
PA,Butler,42019,39.7,82.34838064516128,41.27023225806452,0.3561643835616438,0.29863013698630136,0.12602739726027398,0.2821917808219178,0.4794520547945205,61.695906849315065,41.25446082191781
PA,Cambria,42021,44.4,79.60146451612903,39.347367741935486,0.410958904109589,0.2410958904109589,0.14794520547945206,0.3315068493150685,0.4876712328767123,59.514622465753426,39.86579780821918
PA,Cameron,42023,41.5,80.72989032258064,38.51083225806452,0.3506849315068493,0.26575342465753427,0.1726027397260274,0.35342465753424657,0.5123287671232877,59.42881424657534,39.809494794520546
PA,Carbon,42025,54.7,81.1894129032258,41.72145161290322,0.3726027397260274,0.2410958904109589,0.13972602739726028,0.31232876712328766,0.5095890410958904,60.01719232876712,40.546424657534246
PA,Centre,42027,44.4,82.20978064516129,40.48543225806451,0.33972602739726027,0.2821917808219178,0.12876712328767123,0.3287671232876712,0.5041095890410959,60.668920547945206,41.04960602739726
PA,Chester,42029,47.9,85.21403870967742,46.93349677419355,0.35342465753424657,0.3232876712328767,0.052054794520547946,0.2219178082191781,0.4301369863013699,64.49428547945206,44.77575397260274
PA,Clarion,42031,43.7,81.1499870967742,39.63205806451613,0.3643835616438356,0.27945205479452057,0.14520547945205478,0.32602739726027397,0.4958904109589041,60.385092602739725,39.60917698630137
PA,Clearfield,42033,43,81.04401935483871,39.53114193548387,0.3589041095890411,0.2684931506849315,0.15616438356164383,0.3287671232876712,0.4986301369863014,60.150160547945205,40.14069479452055
PA,Clinton,42035,41.5,82.32887096774193,39.821290322580644,0.3315068493150685,0.27945205479452057,0.14246575342465753,0.3424657534246575,0.5068493150684932,60.48088712328767,40.57912547945205
PA,Columbia,42037,50.5,83.10467096774194,42.417470967741934,0.33424657534246577,0.29863013698630136,0.10410958904109589,0.2958904109589041,0.4849315068493151,61.79168164383562,41.67826465753425
PA,Crawford,42039,44,79.95966451612902,39.07643870967742,0.3972602739726027,0.2547945205479452,0.1643835616438356,0.33972602739726027,0.5013698630136987,59.262558356164384,40.89192109589041
PA,Cumberland,42041,38.3,86.77556774193549,45.87683870967742,0.3232876712328767,0.32602739726027397,0.06301369863013699,0.23835616438356164,0.43561643835616437,64.68786684931507,43.9311002739726
PA,Dauphin,42043,43.5,84.98114193548388,44.75973548387097,0.33972602739726027,0.3095890410958904,0.0684931506849315,0.25205479452054796,0.4465753424657534,63.68108,43.66817205479452
PA,Delaware,42045,50.1,87.1538,48.172883870967745,0.35342465753424657,0.3315068493150685,0.043835616438356165,0.1917808219178082,0.4,65.91885479452054,48.13305479452055
PA,Elk,42047,41.7,80.01604516129032,38.40393548387097,0.3698630136986301,0.2493150684931507,0.1780821917808219,0.35342465753424657,0.5178082191780822,58.93218191780822,39.4815101369863
PA,Erie,42049,45,80.01395483870968,39.303064516129034,0.3835616438356164,0.25753424657534246,0.16986301369863013,0.3506849315068493,0.5123287671232877,59.007037260273975,41.20223123287671
PA,Fayette,42051,44.9,82.26209677419355,43.21127096774193,0.40273972602739727,0.29315068493150687,0.0958904109589041,0.2465753424657534,0.4328767123287671,62.45082191780822,42.48159232876712
PA,Forest,42053,42,81.07409677419355,38.79325806451613,0.3589041095890411,0.27671232876712326,0.1589041095890411,0.3424657534246575,0.5041095890410959,59.80884109589041,39.11457643835617
PA,Franklin,42055,35.7,87.07523870967742,45.73986451612903,0.3095890410958904,0.336986301369863,0.06027397260273973,0.22465753424657534,0.44931506849315067,64.86910465753425,44.16920328767123
PA,Fulton,42057,36.1,85.84270322580645,45.17141290322581,0.32054794520547947,0.3315068493150685,0.07671232876712329,0.2328767123287671,0.4465753424657534,64.44041863013699,42.175730410958906
PA,Greene,42059,39.7,83.45073548387097,44.634664516129035,0.3863013698630137,0.32602739726027397,0.07945205479452055,0.2273972602739726,0.41643835616438357,63.77438410958904,41.940211506849316
PA,Huntingdon,42061,39.9,84.00908387096774,43.056935483870966,0.3315068493150685,0.32054794520547947,0.09863013698630137,0.2684931506849315,0.4575342465753425,62.82898465753425,42.711637260273974
PA,Indiana,42063,42.4,81.46045806451613,40.9658,0.3726027397260274,0.29315068493150687,0.1232876712328767,0.2821917808219178,0.4657534246575342,61.52297863013698,40.827614246575344
PA,Jefferson,42065,44,80.61904516129032,39.4407935483871,0.3835616438356164,0.27671232876712326,0.1506849315068493,0.32054794520547947,0.4904109589041096,60.080774246575345,40.197170410958904
PA,Juniata,42067,43.4,85.06347741935484,43.758645161290325,0.31232876712328766,0.31232876712328766,0.08767123287671233,0.26575342465753427,0.4657534246575342,63.38637315068493,42.67348712328767
PA,Lackawanna,42069,53.4,80.96603870967742,40.35327741935484,0.37534246575342467,0.24383561643835616,0.16986301369863013,0.336986301369863,0.5150684931506849,59.42018904109589,40.552174794520546
PA,Lancaster,42071,40.9,85.78887741935483,46.497432258064514,0.3561643835616438,0.32054794520547947,0.052054794520547946,0.2191780821917808,0.4273972602739726,64.65883506849315,45.580324383561646
PA,Lawrence,42073,39.4,82.71587096774194,41.57768387096774,0.3506849315068493,0.3041095890410959,0.12876712328767123,0.28493150684931506,0.473972602739726,61.78928,41.87746794520548
PA,Lebanon,42075,42.1,85.46969677419355,45.4869935483871,0.34794520547945207,0.30684931506849317,0.06027397260273973,0.23013698630136986,0.4410958904109589,64.23876438356164,43.88675616438356
PA,Lehigh,42077,53.4,84.51174838709677,44.885387096774195,0.35342465753424657,0.3150684931506849,0.07945205479452055,0.2465753424657534,0.4465753424657534,63.1936597260274,43.6917397260274
PA,Luzerne,42079,52.4,81.9235806451613,41.52223225806451,0.36164383561643837,0.26575342465753427,0.14246575342465753,0.3095890410958904,0.5013698630136987,60.53229808219178,41.254342465753425
PA,Lycoming,42081,44.3,82.31574838709678,40.538445161290326,0.33424657534246577,0.27671232876712326,0.13424657534246576,0.3287671232876712,0.5041095890410959,60.42178301369863,40.286149589041095
PA,McKean,42083,40,79.17933548387097,37.324574193548386,0.38904109589041097,0.2356164383561644,0.20273972602739726,0.37534246575342467,0.5260273972602739,57.872810410958905,38.226520547945206
PA,Mercer,42085,40.8,81.25038064516129,40.34642580645161,0.3643835616438356,0.2821917808219178,0.136986301369863,0.31232876712328766,0.4904109589041096,60.589715616438355,41.621562191780825
PA,Mifflin,42087,43.9,84.34614838709678,42.73810322580645,0.3232876712328767,0.3150684931506849,0.10684931506849316,0.2821917808219178,0.4712328767123288,62.65329479452055,42.61632602739726
PA,Monroe,42089,55.4,82.00638064516129,41.91318064516129,0.36712328767123287,0.2465753424657534,0.14246575342465753,0.32054794520547947,0.5013698630136987,60.24864273972603,40.45723342465753
PA,Montgomery,42091,47.6,86.49023870967741,47.50938064516129,0.3424657534246575,0.3232876712328767,0.04657534246575343,0.2054794520547945,0.42191780821917807,65.05090465753425,45.14584876712329
PA,Montour,42093,51.9,84.03521290322581,43.23594838709678,0.3315068493150685,0.2958904109589041,0.08767123287671233,0.273972602739726,0.4657534246575342,62.72876164383562,42.31556328767123
PA,Northampton,42095,55,84.13113548387096,44.75851612903226,0.3561643835616438,0.31232876712328766,0.07945205479452055,0.25753424657534246,0.4520547945205479,62.88518410958904,43.246183013698634
PA,Northumberland,42097,49,83.64530967741935,43.28826451612903,0.336986301369863,0.3013698630136986,0.08767123287671233,0.27945205479452057,0.4657534246575342,62.49779452054795,42.50066246575342
PA,Perry,42099,43.1,85.37969677419355,44.85885161290322,0.33424657534246577,0.31232876712328766,0.0684931506849315,0.2547945205479452,0.4520547945205479,63.77396,43.26121917808219
PA,Philadelphia,42101,49.8,87.55177419354838,49.02306451612903,0.3561643835616438,0.32054794520547947,0.03561643835616438,0.18356164383561643,0.3917808219178082,66.1135901369863,49.34200876712329
PA,Pike,42103,55.9,81.78782580645161,41.24224516129032,0.3561643835616438,0.2328767123287671,0.15342465753424658,0.3424657534246575,0.5150684931506849,59.69716219178082,39.969226301369865
PA,Potter,42105,40.5,79.48916774193549,37.80563870967742,0.3863013698630137,0.2219178082191781,0.20273972602739726,0.36712328767123287,0.5232876712328767,58.0236602739726,38.843604931506846
PA,Schuylkill,42107,47.5,82.5660064516129,42.61233548387097,0.3643835616438356,0.27671232876712326,0.1178082191780822,0.3095890410958904,0.4821917808219178,61.36762630136986,41.979806575342465
PA,Snyder,42109,46.9,84.48352903225806,43.40491612903226,0.33424657534246577,0.3013698630136986,0.09041095890410959,0.27123287671232876,0.4575342465753425,63.04553205479452,42.10153095890411
PA,Somerset,42111,43.3,78.45991612903225,39.89985161290323,0.4657534246575342,0.19726027397260273,0.1506849315068493,0.34794520547945207,0.4767123287671233,58.81172,40.451986301369864
PA,Sullivan,42113,53.6,78.48476774193549,37.84703870967742,0.4054794520547945,0.17534246575342466,0.20821917808219179,0.38904109589041097,0.5315068493150685,57.00746904109589,39.14618739726028
PA,Susquehanna,42115,52.1,80.17792903225806,38.235141935483874,0.3726027397260274,0.2191780821917808,0.19726027397260273,0.3698630136986301,0.5232876712328767,57.926992876712326,39.15335780821918
PA,Tioga,42117,36.7,80.63954193548388,38.47663225806452,0.3643835616438356,0.2273972602739726,0.18904109589041096,0.3698630136986301,0.5260273972602739,58.35471726027397,38.941426301369866
PA,Union,42119,49.3,84.20325161290323,42.74704516129032,0.3150684931506849,0.3013698630136986,0.0958904109589041,0.2821917808219178,0.4767123287671233,62.57105698630137,41.90402410958904
PA,Venango,42121,41.9,80.58856129032259,39.146058064516126,0.3726027397260274,0.2684931506849315,0.15616438356164383,0.33972602739726027,0.5041095890410959,59.656087671232875,40.42342301369863
PA,Warren,42123,39.6,80.06365806451613,37.805929032258064,0.3780821917808219,0.2547945205479452,0.1780821917808219,0.36164383561643837,0.5123287671232877,58.69837917808219,38.86648712328767
PA,Washington,42125,38.9,83.21249677419355,43.45229677419355,0.37534246575342467,0.3150684931506849,0.09863013698630137,0.2493150684931507,0.43561643835616437,63.10739287671233,42.21080328767123
PA,Wayne,42127,52.7,80.31530967741935,39.13072903225807,0.3780821917808219,0.2136986301369863,0.18904109589041096,0.3643835616438356,0.5260273972602739,58.159429589041096,38.49142136986301
PA,Westmoreland,42129,42.2,82.30430967741935,42.81010322580645,0.36712328767123287,0.3041095890410959,0.10410958904109589,0.2602739726027397,0.4602739726027397,62.4326,42.57185863013699
PA,Wyoming,42131,52.8,81.39879354838709,40.12194838709677,0.36164383561643837,0.24383561643835616,0.16986301369863013,0.336986301369863,0.5150684931506849,59.514612602739724,40.38206739726027
PA,York,42133,38.9,86.58703225806451,47.10153548387097,0.3452054794520548,0.3315068493150685,0.043835616438356165,0.2136986301369863,0.41643835616438357,65.20621260273973,45.78001095890411
RI,Bristol,44001,55.2,83.28792258064516,45.21403225806451,0.3698630136986301,0.26575342465753427,0.09315068493150686,0.26301369863013696,0.4712328767123288,61.80170739726027,46.897958904109586
RI,Kent,44003,62.3,83.60460645161291,44.325296774193546,0.36164383561643837,0.2547945205479452,0.09863013698630137,0.2684931506849315,0.4821917808219178,61.60097534246575,43.29314082191781
RI,Newport,44005,52.4,81.34549032258064,45.23911612903226,0.3863013698630137,0.2191780821917808,0.08767123287671233,0.27945205479452057,0.5013698630136987,60.84241095890411,46.74992
RI,Providence,44007,65.8,83.36938709677419,43.85358064516129,0.3589041095890411,0.27123287671232876,0.10410958904109589,0.27945205479452057,0.4876712328767123,61.38887123287671,43.53462191780822
RI,Washington,44009,56.2,81.74387096774194,45.26048387096774,0.39452054794520547,0.23013698630136986,0.09041095890410959,0.26301369863013696,0.4876712328767123,61.1650498630137,43.99261095890411
SC,Abbeville,45001,47.8,90.8594193548387,58.483051612903225,0.43561643835616437,0.3835616438356164,0,0.030136986301369864,0.16986301369863013,74.26664821917808,51.42877095890411
SC,Aiken,45003,62.1,91.63696129032259,61.32072258064516,0.4191780821917808,0.3917808219178082,0,0.0273972602739726,0.13424657534246576,75.9384093150685,53.53466739726027
SC,Allendale,45005,56,91.98180645161291,63.88316774193549,0.4246575342465753,0.4383561643835616,0,0.010958904109589041,0.10684931506849316,76.97525369863014,54.62306082191781
SC,Anderson,45007,50.9,90.58982580645161,57.542174193548384,0.4410958904109589,0.4,0,0.03287671232876712,0.1863013698630137,73.65322794520547,51.53408328767123
SC,Bamberg,45009,58.5,91.48698064516128,63.15985806451613,0.4273972602739726,0.4410958904109589,0,0.0136986301369863,0.12054794520547946,76.57462301369863,53.97293534246575
SC,Barnwell,45011,59.4,92.15123870967741,62.85676129032258,0.4191780821917808,0.41643835616438357,0,0.01643835616438356,0.12054794520547946,76.81631123287671,53.79555397260274
SC,Beaufort,45013,52.4,91.21413548387098,64.35534838709677,0.4794520547945205,0.46301369863013697,0,0.005479452054794521,0.08767123287671233,76.65782246575343,59.591410958904106
SC,Berkeley,45015,57.2,91.75192903225806,64.1709935483871,0.4383561643835616,0.4328767123287671,0,0.00821917808219178,0.1232876712328767,76.60612054794521,55.2106794520548
SC,Calhoun,45017,62.7,92.55060645161291,62.107264516129035,0.40273972602739727,0.3972602739726027,0,0.024657534246575342,0.12876712328767123,76.59978849315068,53.77059561643836
SC,Charleston,45019,57.9,90.36267741935484,63.86656129032258,0.4904109589041096,0.4657534246575342,0,0.005479452054794521,0.10684931506849316,75.84521369863013,58.58744
SC,Cherokee,45021,52.6,89.70469032258065,57.07632258064516,0.4410958904109589,0.4,0,0.052054794520547946,0.2136986301369863,72.7044701369863,49.00810136986301
SC,Chester,45023,46,90.98971612903226,58.770470967741936,0.4328767123287671,0.40273972602739727,0,0.038356164383561646,0.1917808219178082,73.84734191780822,50.38189095890411
SC,Chesterfield,45025,48.3,91.67685161290322,60.08058064516129,0.41643835616438357,0.3726027397260274,0,0.03561643835616438,0.17534246575342466,74.76811835616438,51.760947397260274
SC,Clarendon,45027,54.8,91.6808,62.14396129032258,0.42191780821917807,0.4,0,0.0273972602739726,0.136986301369863,75.90905205479451,53.71231506849315
SC,Colleton,45029,57,91.84471612903226,64.68068387096774,0.43561643835616437,0.43561643835616437,0,0.00821917808219178,0.0958904109589041,77.12611342465753,55.53242082191781
SC,Darlington,45031,48.7,91.48349677419355,60.76370967741936,0.4054794520547945,0.39452054794520547,0,0.03287671232876712,0.16164383561643836,75.26277315068494,52.89854739726027
SC,Dillon,45033,54.4,91.17552258064516,61.0749935483871,0.4273972602739726,0.39452054794520547,0,0.030136986301369864,0.16712328767123288,74.87797260273973,53.09299178082192
SC,Dorchester,45035,58.4,92.05833548387096,64.14410967741935,0.4273972602739726,0.42191780821917807,0,0.00821917808219178,0.11506849315068493,76.88380383561643,55.61200054794521
SC,Edgefield,45037,57,91.46683225806451,59.87427741935484,0.42191780821917807,0.36712328767123287,0,0.0273972602739726,0.14794520547945206,75.36950082191781,52.50712876712329
SC,Fairfield,45039,48.2,92.26609032258065,59.428922580645164,0.4383561643835616,0.3698630136986301,0,0.030136986301369864,0.15616438356164383,74.94919342465754,51.26562191780822
SC,Florence,45041,50.3,91.45504516129033,62.27965806451613,0.40821917808219177,0.42191780821917807,0,0.024657534246575342,0.1506849315068493,75.57013424657534,53.186246575342466
SC,Georgetown,45043,62.5,90.3259806451613,63.649632258064514,0.4657534246575342,0.4602739726027397,0,0.01643835616438356,0.136986301369863,75.24533534246575,55.00283616438356
SC,Greenville,45045,56.8,88.70563225806451,56.60373548387097,0.4602739726027397,0.40821917808219177,0,0.0410958904109589,0.2136986301369863,72.24156438356164,51.22515397260274
SC,Greenwood,45047,49.8,90.54865806451613,58.691270967741936,0.4520547945205479,0.3835616438356164,0,0.030136986301369864,0.1643835616438356,74.29440273972602,51.31399506849315
SC,Hampton,45049,57,92.47750322580646,65.22213548387097,0.4136986301369863,0.44931506849315067,0,0.005479452054794521,0.09041095890410959,77.7739408219178,55.276771506849315
SC,Horry,45051,59.8,90.38990967741935,62.25916129032258,0.4547945205479452,0.4383561643835616,0,0.024657534246575342,0.15342465753424658,74.83985698630137,54.07018958904109
SC,Jasper,45053,51.5,93.21707096774193,65.76161290322581,0.41643835616438357,0.4520547945205479,0,0.0027397260273972603,0.0821917808219178,78.21715506849316,57.23601479452055
SC,Kershaw,45055,49,92.67770967741936,60.71255483870968,0.42191780821917807,0.3561643835616438,0,0.030136986301369864,0.15342465753424658,75.57073095890411,51.69983123287671
SC,Lancaster,45057,46.6,91.34106451612904,59.45232258064516,0.4410958904109589,0.3917808219178082,0,0.03561643835616438,0.18356164383561643,74.11353479452055,51.427133698630136
SC,Laurens,45059,51.2,90.6276258064516,58.335741935483874,0.44931506849315067,0.39452054794520547,0,0.030136986301369864,0.16986301369863013,73.96894794520549,50.83138301369863
SC,Lee,45061,50.6,91.91282580645161,61.07958064516129,0.40273972602739727,0.39452054794520547,0,0.030136986301369864,0.15616438356164383,75.54471726027397,52.572525479452054
SC,Lexington,45063,57.3,92.2221935483871,60.60449677419355,0.4301369863013699,0.38904109589041097,0,0.03287671232876712,0.14246575342465753,75.68016109589041,53.59020602739726
SC,McCormick,45065,48,91.8702064516129,59.76854193548387,0.4273972602739726,0.3698630136986301,0,0.030136986301369864,0.14520547945205478,75.54683287671233,51.764261369863014
SC,Marion,45067,58.6,90.84623870967742,62.19029677419355,0.4273972602739726,0.4273972602739726,0,0.024657534246575342,0.15616438356164383,75.06966520547945,53.24799397260274
SC,Marlboro,45069,51.1,91.38054838709678,60.21650967741935,0.41643835616438357,0.3780821917808219,0,0.03287671232876712,0.16986301369863013,74.79847671232876,52.29749534246575
SC,Newberry,45071,48,92.27108387096774,59.13505806451613,0.4438356164383562,0.3589041095890411,0,0.030136986301369864,0.15616438356164383,75.03280219178082,51.301217534246575
SC,Oconee,45073,59,88.7588193548387,56.13962580645161,0.473972602739726,0.40821917808219177,0,0.0410958904109589,0.20821917808219179,72.09086246575342,50.12285863013699
SC,Orangeburg,45075,60.6,91.8468064516129,62.54739354838709,0.40821917808219177,0.4191780821917808,0,0.021917808219178082,0.13424657534246576,76.46128219178082,54.27728821917808
SC,Pickens,45077,59.4,88.81293548387097,56.556935483870966,0.44931506849315067,0.42191780821917807,0,0.038356164383561646,0.20821917808219179,72.61605315068493,49.82019232876712
SC,Richland,45079,56.9,94.79027096774193,61.58387096774194,0.40273972602739727,0.3726027397260274,0,0.0273972602739726,0.12602739726027398,77.06958849315069,52.99566849315069
SC,Saluda,45081,51.4,91.32167096774194,59.209670967741935,0.4383561643835616,0.36164383561643837,0,0.03287671232876712,0.15616438356164383,74.9174,51.86444493150685
SC,Spartanburg,45083,51.6,89.68767741935484,57.038000000000004,0.4465753424657534,0.3972602739726027,0,0.0410958904109589,0.2054794520547945,72.80058520547945,50.28213150684932
SC,Sumter,45085,55.8,92.52912258064516,61.950374193548384,0.3972602739726027,0.38904109589041097,0,0.024657534246575342,0.13424657534246576,76.35636931506849,53.33412273972603
SC,Union,45087,47.1,91.27278064516129,58.68285161290323,0.43561643835616437,0.39452054794520547,0,0.030136986301369864,0.16712328767123288,74.32391287671233,49.55029589041096
SC,Williamsburg,45089,57.7,91.19050322580645,63.200270967741936,0.4383561643835616,0.4191780821917808,0,0.021917808219178082,0.136986301369863,75.72777479452054,52.90075178082192
SC,York,45091,47.6,90.43595483870968,58.283367741935486,0.4328767123287671,0.39452054794520547,0,0.0410958904109589,0.2054794520547945,73.20569863013698,50.789667397260274
SD,Aurora,46003,24.2,83.83901290322581,25.786748387096775,0.2547945205479452,0.29041095890410956,0.2958904109589041,0.3972602739726027,0.4684931506849315,59.62481698630137,35.91240109589041
SD,Beadle,46005,23.6,83.09392903225806,23.30907741935484,0.26301369863013696,0.27671232876712326,0.32054794520547947,0.40273972602739727,0.4794520547945205,58.08970794520548,35.22478630136986
SD,Bennett,46007,32,83.67410967741935,33.11181935483871,0.32054794520547947,0.2821917808219178,0.20821917808219179,0.36164383561643837,0.4575342465753425,60.289751780821916,35.40656657534247
SD,Bon Homme,46009,29.3,83.75336774193548,27.91562580645161,0.26301369863013696,0.30684931506849317,0.26301369863013696,0.3726027397260274,0.46301369863013697,60.45887780821918,38.521355616438356
SD,Brookings,46011,24.3,79.82489677419355,22.63523870967742,0.25205479452054796,0.273972602739726,0.3561643835616438,0.4246575342465753,0.5260273972602739,55.736989589041094,34.50838136986302
SD,Brown,46013,25.3,81.81569677419355,21.03132258064516,0.2191780821917808,0.27671232876712326,0.36164383561643837,0.46301369863013697,0.5397260273972603,54.951888767123286,32.95262410958904
SD,Brule,46015,24.7,84.37936129032258,26.967374193548387,0.2602739726027397,0.2958904109589041,0.27671232876712326,0.39452054794520547,0.46301369863013697,60.01087506849315,35.41304164383562
SD,Buffalo,46017,25.1,84.28477419354839,26.1356,0.2602739726027397,0.27945205479452057,0.27671232876712326,0.3917808219178082,0.4684931506849315,59.38172821917808,33.88754904109589
SD,Butte,46019,23.5,85.00454193548387,35.51923225806452,0.29315068493150687,0.2602739726027397,0.2191780821917808,0.36712328767123287,0.4958904109589041,59.65499287671233,34.005895342465756
SD,Campbell,46021,22.6,80.86622580645161,21.991883870967744,0.27945205479452057,0.26575342465753427,0.3452054794520548,0.4410958904109589,0.5287671232876713,54.751940821917806,33.09628383561644
SD,Charles Mix,46023,28.1,84.92307741935484,28.634754838709675,0.2684931506849315,0.2958904109589041,0.2493150684931507,0.3643835616438356,0.4602739726027397,61.07914794520548,38.13807397260274
SD,Clark,46025,24,81.08524516129032,21.67322580645161,0.25753424657534246,0.25753424657534246,0.3589041095890411,0.4465753424657534,0.5232876712328767,55.50468602739726,34.66925698630137
SD,Clay,46027,28.8,82.68016129032259,27.058129032258066,0.25205479452054796,0.29041095890410956,0.27945205479452057,0.3726027397260274,0.46301369863013697,60.10528383561644,38.103982465753425
SD,Codington,46029,22.8,80.83858709677419,21.08236129032258,0.25205479452054796,0.2493150684931507,0.3698630136986301,0.4602739726027397,0.5315068493150685,54.90992657534247,33.924742465753425
SD,Corson,46031,22.2,82.48105806451613,25.48272258064516,0.27123287671232876,0.2493150684931507,0.3232876712328767,0.4301369863013699,0.5150684931506849,56.29419068493151,33.58674684931507
SD,Custer,46033,24.4,81.86063870967742,35.96342580645161,0.3315068493150685,0.21095890410958903,0.2136986301369863,0.36164383561643837,0.4958904109589041,58.99307616438356,36.111333150684935
SD,Davison,46035,24.9,83.56436774193548,25.101006451612903,0.2547945205479452,0.28493150684931506,0.29863013698630136,0.3917808219178082,0.4684931506849315,59.512176438356164,36.98378082191781
SD,Day,46037,25.1,80.13141935483871,20.62324516129032,0.2547945205479452,0.2493150684931507,0.3726027397260274,0.46301369863013697,0.5506849315068493,54.028651506849315,34.57862082191781
SD,Deuel,46039,26,79.75016774193548,21.4628,0.26575342465753427,0.26575342465753427,0.3726027397260274,0.4438356164383562,0.5342465753424658,54.83311342465753,34.01009205479452
SD,Dewey,46041,19.2,83.7158,27.327490322580644,0.27671232876712326,0.27123287671232876,0.29041095890410956,0.41643835616438357,0.5041095890410959,57.68899835616438,35.080465753424654
SD,Douglas,46043,25.1,84.5523935483871,27.8672,0.26575342465753427,0.28493150684931506,0.25753424657534246,0.3780821917808219,0.4602739726027397,60.766081095890414,38.06299671232877
SD,Edmunds,46045,25,81.16072903225806,22.287374193548388,0.2465753424657534,0.273972602739726,0.3452054794520548,0.4465753424657534,0.5397260273972603,55.037258082191784,33.03198191780822
SD,Fall River,46047,24.2,86.23725161290322,35.647264516129034,0.3232876712328767,0.2547945205479452,0.17534246575342466,0.32602739726027397,0.4520547945205479,61.88519287671233,34.82950630136986
SD,Faulk,46049,27.9,82.73723870967741,23.717270967741936,0.25753424657534246,0.2821917808219178,0.3178082191780822,0.4328767123287671,0.4986301369863014,56.66423616438356,33.84658794520548
SD,Grant,46051,24.8,81.08942580645162,21.640767741935484,0.25205479452054796,0.26575342465753427,0.36164383561643837,0.44931506849315067,0.5287671232876713,55.27825589041096,33.9710197260274
SD,Gregory,46053,28.8,84.25295483870968,29.098632258064516,0.27123287671232876,0.3013698630136986,0.2493150684931507,0.37534246575342467,0.4575342465753425,60.57392,37.078352328767124
SD,Haakon,46055,22.1,86.17628387096774,33.51374193548387,0.29041095890410956,0.26301369863013696,0.2273972602739726,0.3589041095890411,0.4657534246575342,60.866782465753424,35.03626465753425
SD,Hamlin,46057,22.5,80.7102064516129,21.51627741935484,0.2547945205479452,0.2602739726027397,0.3726027397260274,0.4410958904109589,0.5260273972602739,55.41036109589041,33.62689917808219
SD,Hand,46059,27.4,83.07308387096774,24.398077419354838,0.2684931506849315,0.2684931506849315,0.31232876712328766,0.42191780821917807,0.4849315068493151,57.72608328767123,34.35012931506849
SD,Hanson,46061,25,83.36712258064516,24.282529032258065,0.2493150684931507,0.27945205479452057,0.30684931506849317,0.3917808219178082,0.4712328767123288,59.33356219178082,36.38523397260274
SD,Harding,46063,20.3,83.6694064516129,33.58550967741935,0.28493150684931506,0.26575342465753427,0.26301369863013696,0.4,0.5178082191780822,57.98789698630137,33.237576438356164
SD,Hughes,46065,21.3,85.23145806451613,28.122625806451612,0.26575342465753427,0.27945205479452057,0.26575342465753427,0.39452054794520547,0.473972602739726,59.54341260273973,34.739826849315065
SD,Hutchinson,46067,26.3,83.51727741935484,25.883251612903226,0.2493150684931507,0.2958904109589041,0.29041095890410956,0.3863013698630137,0.4684931506849315,59.78786739726027,37.486567671232876
SD,Hyde,46069,24.9,83.53417419354838,25.345690322580644,0.273972602739726,0.27945205479452057,0.27945205479452057,0.41643835616438357,0.4794520547945205,58.23223342465754,33.78688219178082
SD,Jackson,46071,27.4,85.81036129032258,34.30475483870968,0.29041095890410956,0.273972602739726,0.2054794520547945,0.36164383561643837,0.4547945205479452,61.54757698630137,36.21401205479452
SD,Jerauld,46073,24.5,83.21052258064516,25.173412903225806,0.27123287671232876,0.27945205479452057,0.30684931506849317,0.4,0.4712328767123288,58.69594301369863,35.049022465753424
SD,Jones,46075,23.3,86.07484516129033,31.66636129032258,0.2821917808219178,0.26301369863013696,0.23835616438356164,0.3780821917808219,0.4575342465753425,60.867625753424655,36.58814082191781
SD,Kingsbury,46077,23.9,81.36894838709678,22.395490322580645,0.25205479452054796,0.27945205479452057,0.3424657534246575,0.42191780821917807,0.5013698630136987,56.785171506849316,34.87452109589041
SD,Lake,46079,23.8,80.65504516129032,22.58013548387097,0.2602739726027397,0.28493150684931506,0.33424657534246577,0.4136986301369863,0.5013698630136987,56.804,35.069882739726026
SD,Lawrence,46081,30.4,79.0384129032258,34.5357935483871,0.33424657534246577,0.1917808219178082,0.2493150684931507,0.3863013698630137,0.5506849315068493,56.253742465753426,33.63657479452055
SD,Lincoln,46083,23.7,82.1056129032258,24.60083870967742,0.24383561643835616,0.29315068493150687,0.3013698630136986,0.3917808219178082,0.4904109589041096,58.74551452054794,36.7357901369863
SD,Lyman,46085,24.6,86.0909870967742,28.853135483870968,0.27123287671232876,0.27945205479452057,0.25753424657534246,0.38082191780821917,0.4602739726027397,60.678892054794524,35.934839452054796
SD,McCook,46087,22.5,82.15862580645161,22.787309677419355,0.2410958904109589,0.29315068493150687,0.32054794520547947,0.4054794520547945,0.4958904109589041,58.011030684931505,35.272197808219175
SD,McPherson,46089,24,79.79452903225807,20.980051612903225,0.273972602739726,0.27945205479452057,0.3780821917808219,0.4602739726027397,0.5452054794520548,53.61158410958904,32.4017698630137
SD,Marshall,46091,25.4,79.21109677419355,19.32143870967742,0.2602739726027397,0.25205479452054796,0.3863013698630137,0.473972602739726,0.5616438356164384,52.733396164383564,33.288676712328765
SD,Meade,46093,23.5,84.98683225806451,34.65215483870968,0.29863013698630136,0.2493150684931507,0.2191780821917808,0.3726027397260274,0.4767123287671233,60.317555616438355,34.309005479452054
SD,Mellette,46095,24.5,86.25780645161291,32.63807096774194,0.27945205479452057,0.27671232876712326,0.2191780821917808,0.3726027397260274,0.44931506849315067,61.62052876712329,36.954546849315065
SD,Miner,46097,22.3,82.25187741935484,22.962954838709678,0.26301369863013696,0.3013698630136986,0.32054794520547947,0.40273972602739727,0.4821917808219178,57.86924,35.19720931506849
SD,Minnehaha,46099,23,81.81604516129032,23.580529032258063,0.25205479452054796,0.28493150684931506,0.3315068493150685,0.4054794520547945,0.4958904109589041,57.73151780821918,36.05504493150685
SD,Moody,46101,22.5,80.16608387096774,22.596103225806452,0.25753424657534246,0.27671232876712326,0.3424657534246575,0.4136986301369863,0.5095890410958904,56.3615698630137,34.80877917808219
SD,Oglala Lakota,46102,27.3,84.97295483870968,34.418677419354836,0.3095890410958904,0.2821917808219178,0.19452054794520549,0.3424657534246575,0.46301369863013697,61.22339452054795,35.09829808219178
SD,Pennington,46103,24,82.63469677419354,35.10813548387097,0.3287671232876712,0.25205479452054796,0.2219178082191781,0.3643835616438356,0.4876712328767123,59.332250410958906,34.20902410958904
SD,Perkins,46105,22.4,83.56007096774194,31.361812903225808,0.28493150684931506,0.26301369863013696,0.26575342465753427,0.40821917808219177,0.4986301369863014,58.19748602739726,32.651575342465755
SD,Potter,46107,22,82.51287741935484,25.033883870967742,0.26301369863013696,0.273972602739726,0.30684931506849317,0.4301369863013699,0.5150684931506849,56.763201643835615,34.221658630136986
SD,Roberts,46109,27.3,80.58345161290323,21.028361290322582,0.2356164383561644,0.27123287671232876,0.3698630136986301,0.46301369863013697,0.547945205479452,54.510188493150686,33.8288
SD,Sanborn,46111,23.8,83.69843870967742,24.274167741935482,0.26301369863013696,0.27123287671232876,0.3150684931506849,0.3972602739726027,0.4684931506849315,59.15974136986301,35.66471616438356
SD,Spink,46115,26.9,82.92914193548387,22.31971612903226,0.25753424657534246,0.28493150684931506,0.33972602739726027,0.42191780821917807,0.4986301369863014,56.72127890410959,34.102044931506846
SD,Stanley,46117,20.4,86.04645161290323,30.469245161290324,0.2821917808219178,0.26301369863013696,0.2602739726027397,0.3863013698630137,0.4712328767123288,60.231308493150685,35.50951178082192
SD,Sully,46119,21,84.68390967741935,27.492509677419356,0.27671232876712326,0.273972602739726,0.27671232876712326,0.410958904109589,0.4794520547945205,58.785188493150685,34.710104657534245
SD,Todd,46121,28.9,84.2922064516129,31.472193548387096,0.3041095890410959,0.27945205479452057,0.22465753424657534,0.37534246575342467,0.4547945205479452,60.53194301369863,36.30249808219178
SD,Tripp,46123,28.4,86.1152,30.20824516129032,0.27671232876712326,0.2821917808219178,0.2410958904109589,0.3698630136986301,0.4547945205479452,61.25257424657534,37.169802191780825
SD,Turner,46125,23.6,82.47728387096774,24.624412903225807,0.24383561643835616,0.28493150684931506,0.29863013698630136,0.39452054794520547,0.4849315068493151,58.87062191780822,36.700539726027394
SD,Union,46127,29.5,82.91183870967743,26.938225806451612,0.2602739726027397,0.3041095890410959,0.273972602739726,0.3698630136986301,0.4547945205479452,60.18184054794521,38.02185315068493
SD,Walworth,46129,23.8,81.45169032258065,23.401574193548388,0.2821917808219178,0.27123287671232876,0.3315068493150685,0.4301369863013699,0.5205479452054794,55.54681095890411,34.040159452054795
SD,Yankton,46135,28.5,82.84721290322581,27.471548387096774,0.2465753424657534,0.29041095890410956,0.28493150684931506,0.3780821917808219,0.4712328767123288,59.90444821917808,38.22666849315068
SD,Ziebach,46137,22,85.14465161290323,31.095703225806453,0.29041095890410956,0.25753424657534246,0.25753424657534246,0.40273972602739727,0.4767123287671233,59.296186301369865,34.70872876712329
TN,Anderson,47001,52.1,85.27889677419354,51.97674838709678,0.39452054794520547,0.4520547945205479,0.021917808219178082,0.12054794520547946,0.29315068493150687,69.32116054794521,48.37954136986301
TN,Bedford,47003,51.4,88.00670967741935,55.831245161290326,0.39452054794520547,0.4328767123287671,0.0273972602739726,0.07671232876712329,0.2273972602739726,71.54813534246576,48.527062465753424
TN,Benton,47005,45.6,89.65649677419354,54.8424064516129,0.3698630136986301,0.4,0.021917808219178082,0.10684931506849316,0.23835616438356164,72.10614520547945,50.108616438356165
TN,Bledsoe,47007,52.7,84.78198064516128,52.83436129032258,0.4273972602739726,0.4246575342465753,0.030136986301369864,0.1095890410958904,0.29041095890410956,68.83761150684931,47.196788493150684
TN,Blount,47009,54.4,84.48817419354839,53.25863870967742,0.4465753424657534,0.4438356164383562,0.019178082191780823,0.10136986301369863,0.273972602739726,69.41890794520548,48.33755945205479
TN,Bradley,47011,50.1,88.1091935483871,55.639632258064516,0.4054794520547945,0.4465753424657534,0.005479452054794521,0.07671232876712329,0.2219178082191781,72.21073753424658,49.733180821917806
TN,Campbell,47013,51.7,84.40403870967742,51.59305806451613,0.4547945205479452,0.410958904109589,0.03561643835616438,0.12054794520547946,0.3041095890410959,68.16953534246575,47.40649589041096
TN,Cannon,47015,49.7,87.1107741935484,55.15531612903226,0.4410958904109589,0.4465753424657534,0.030136986301369864,0.08493150684931507,0.24383561643835616,70.48583945205479,48.22001698630137
TN,Carroll,47017,49.8,89.29521935483871,54.74572903225806,0.36164383561643837,0.3972602739726027,0.021917808219178082,0.10410958904109589,0.24383561643835616,71.98096876712329,50.20592493150685
TN,Carter,47019,51.5,81.44629032258065,49.69794838709677,0.5232876712328767,0.30684931506849317,0.043835616438356165,0.13424657534246576,0.3506849315068493,65.43935945205479,44.027585205479454
TN,Cheatham,47021,46.3,88.14827096774194,54.775748387096776,0.3863013698630137,0.410958904109589,0.0273972602739726,0.11232876712328767,0.2465753424657534,71.08956931506849,49.09445698630137
TN,Chester,47023,51.6,89.09449032258064,55.99510322580645,0.3561643835616438,0.41643835616438357,0.019178082191780823,0.08493150684931507,0.22465753424657534,72.68013315068494,50.25958465753425
TN,Claiborne,47025,45,85.36512258064516,51.040864516129034,0.4301369863013699,0.4273972602739726,0.038356164383561646,0.12876712328767123,0.29041095890410956,68.72764383561643,46.86392164383562
TN,Clay,47027,47.9,86.8226,54.47212903225807,0.40821917808219177,0.4410958904109589,0.03561643835616438,0.10136986301369863,0.2547945205479452,70.32401698630137,47.668373698630134
TN,Cocke,47029,49.3,84.51987741935484,52.59856129032258,0.4712328767123288,0.40821917808219177,0.030136986301369864,0.11506849315068493,0.29315068493150687,68.60149095890411,46.17344657534247
TN,Coffee,47031,52.8,86.48814838709677,55.015729032258065,0.44931506849315067,0.4410958904109589,0.0273972602739726,0.08493150684931507,0.23835616438356164,70.42845150684931,48.51406301369863
TN,Crockett,47033,46.6,89.61254193548388,54.50696774193548,0.34794520547945207,0.38904109589041097,0.024657534246575342,0.0958904109589041,0.2328767123287671,72.1694805479452,51.02842136986301
TN,Cumberland,47035,54.6,83.37089677419355,51.853070967741935,0.4767123287671233,0.3863013698630137,0.038356164383561646,0.12876712328767123,0.3150684931506849,67.4182991780822,46.03991616438356
TN,Davidson,47037,43.3,89.11701935483872,55.318477419354835,0.3780821917808219,0.3917808219178082,0.0273972602739726,0.0958904109589041,0.24383561643835616,71.57758136986301,49.98660602739726
TN,Decatur,47039,52.3,88.92169032258064,55.8302,0.3643835616438356,0.4273972602739726,0.019178082191780823,0.0821917808219178,0.22465753424657534,72.57023945205479,49.771281643835614
TN,DeKalb,47041,47.8,87.22609032258065,54.87910322580645,0.4328767123287671,0.4438356164383562,0.03287671232876712,0.08493150684931507,0.2410958904109589,70.54264054794521,48.571214246575344
TN,Dickson,47043,50.3,87.9197870967742,54.82231612903226,0.38904109589041097,0.41643835616438357,0.024657534246575342,0.10410958904109589,0.2465753424657534,70.85708821917808,49.41284493150685
TN,Dyer,47045,46.5,89.38208387096775,53.503903225806454,0.336986301369863,0.3780821917808219,0.024657534246575342,0.10684931506849316,0.24383561643835616,71.99986630136986,51.43521150684931
TN,Fayette,47047,54.4,90.15463225806452,56.65732903225806,0.3506849315068493,0.37534246575342467,0.01643835616438356,0.0821917808219178,0.21643835616438356,73.41770904109589,51.40634739726028
TN,Fentress,47049,50.7,84.54710967741936,52.56738064516129,0.4657534246575342,0.41643835616438357,0.038356164383561646,0.1232876712328767,0.29863013698630136,68.22452657534247,46.89694301369863
TN,Franklin,47051,52.5,86.71192903225807,55.108399999999996,0.4191780821917808,0.4383561643835616,0.024657534246575342,0.08767123287671233,0.2410958904109589,70.6827693150685,49.814077260273976
TN,Gibson,47053,49.4,89.17496774193549,54.15573548387097,0.33972602739726027,0.40273972602739727,0.024657534246575342,0.1095890410958904,0.24383561643835616,71.9851605479452,50.51703890410959
TN,Giles,47055,49.1,87.42635483870968,56.141948387096775,0.38904109589041097,0.44931506849315067,0.024657534246575342,0.07671232876712329,0.2356164383561644,71.5398701369863,49.00422520547945
TN,Grainger,47057,41.9,86.32754193548386,51.471935483870965,0.40273972602739727,0.44931506849315067,0.021917808219178082,0.12602739726027398,0.27671232876712326,69.5369090410959,47.40771397260274
TN,Greene,47059,48.4,85.59749677419354,52.532251612903224,0.4465753424657534,0.4246575342465753,0.0273972602739726,0.11506849315068493,0.27945205479452057,69.05491835616438,46.88374136986301
TN,Grundy,47061,57.2,83.79302580645161,52.40358064516129,0.4465753424657534,0.38904109589041097,0.030136986301369864,0.1178082191780822,0.3041095890410959,68.1422591780822,47.27367068493151
TN,Hamblen,47063,46,86.73550322580645,51.69083870967742,0.4054794520547945,0.4520547945205479,0.021917808219178082,0.12602739726027398,0.27671232876712326,69.74398301369862,48.3285101369863
TN,Hamilton,47065,51.6,87.76411612903226,55.11107096774194,0.410958904109589,0.44931506849315067,0.010958904109589041,0.08767123287671233,0.2356164383561644,71.6770202739726,50.61875616438356
TN,Hancock,47067,44,85.69521935483871,50.65827741935484,0.4273972602739726,0.4273972602739726,0.03561643835616438,0.12876712328767123,0.29315068493150687,68.75157643835617,45.812366575342466
TN,Hardeman,47069,51.1,89.66224516129033,56.641129032258064,0.35342465753424657,0.4054794520547945,0.01643835616438356,0.0821917808219178,0.21643835616438356,73.14343342465753,50.24343397260274
TN,Hardin,47071,46.8,89.46813548387097,56.92291612903226,0.3561643835616438,0.410958904109589,0.01643835616438356,0.07397260273972603,0.21095890410958903,73.22636657534247,50.53513753424657
TN,Hawkins,47073,43.7,86.06166451612903,51.022225806451615,0.41643835616438357,0.4328767123287671,0.030136986301369864,0.12602739726027398,0.29041095890410956,69.08649479452055,46.893796712328765
TN,Haywood,47075,48.5,89.67589032258064,55.083490322580644,0.3506849315068493,0.3863013698630137,0.024657534246575342,0.0958904109589041,0.23013698630136986,72.59529150684932,51.084507397260275
TN,Henderson,47077,51.9,88.88052258064516,55.48756129032258,0.36712328767123287,0.4191780821917808,0.019178082191780823,0.09041095890410959,0.2273972602739726,72.41978410958905,49.890436712328764
TN,Henry,47079,47.7,89.15888387096774,53.6391935483871,0.36712328767123287,0.410958904109589,0.021917808219178082,0.1178082191780822,0.25205479452054796,71.15742191780822,49.71494904109589
TN,Hickman,47081,47,88.15872258064516,55.37061935483871,0.38904109589041097,0.41643835616438357,0.019178082191780823,0.10410958904109589,0.24383561643835616,71.46671616438356,49.14525150684931
TN,Houston,47083,44.9,89.61753548387097,54.755658064516126,0.36712328767123287,0.40273972602739727,0.021917808219178082,0.1095890410958904,0.2493150684931507,71.65504547945206,49.259578630136986
TN,Humphreys,47085,46.6,89.06209032258064,55.031987096774195,0.3780821917808219,0.410958904109589,0.019178082191780823,0.1095890410958904,0.2410958904109589,71.7842312328767,49.5744701369863
TN,Jackson,47087,45,87.12110967741935,54.592264516129035,0.4191780821917808,0.43561643835616437,0.03287671232876712,0.08493150684931507,0.2493150684931507,70.60591178082191,47.767881643835615
TN,Jefferson,47089,47.7,86.68098064516128,52.71318064516129,0.40821917808219177,0.44931506849315067,0.019178082191780823,0.10684931506849316,0.2684931506849315,70.20913260273973,47.79622301369863
TN,Johnson,47091,48.9,81.11468387096774,48.302019354838706,0.5150684931506849,0.273972602739726,0.052054794520547946,0.1506849315068493,0.37534246575342467,64.49605589041096,42.883875068493154
TN,Knox,47093,46.9,86.68910967741935,52.86467096774194,0.4,0.4520547945205479,0.01643835616438356,0.1095890410958904,0.26575342465753427,70.5927002739726,48.79478904109589
TN,Lake,47095,48.3,89.29992258064516,52.52946451612903,0.32054794520547947,0.38082191780821917,0.021917808219178082,0.12054794520547946,0.2684931506849315,71.50769698630137,51.05957863013699
TN,Lauderdale,47097,47.8,89.54989032258065,54.334574193548384,0.33424657534246577,0.3726027397260274,0.019178082191780823,0.09863013698630137,0.24383561643835616,72.3765298630137,51.83090575342466
TN,Lawrence,47099,50.9,87.62876774193549,56.09358064516129,0.38082191780821917,0.4383561643835616,0.01643835616438356,0.0821917808219178,0.2410958904109589,71.38058246575342,49.01854630136986
TN,Lewis,47101,50.7,87.70442580645161,55.75169677419355,0.3863013698630137,0.4383561643835616,0.024657534246575342,0.09315068493150686,0.2410958904109589,71.37824493150686,49.20198849315069
TN,Lincoln,47103,49.5,87.8738,56.24402580645161,0.39452054794520547,0.43561643835616437,0.024657534246575342,0.07397260273972603,0.2328767123287671,71.69416219178082,49.863865753424655
TN,Loudon,47105,51.6,87.09916129032258,54.206309677419355,0.3917808219178082,0.4575342465753425,0.005479452054794521,0.09863013698630137,0.2547945205479452,71.1935501369863,49.85192657534247
TN,McMinn,47107,53.8,87.3544129032258,55.142774193548384,0.4191780821917808,0.4575342465753425,0.005479452054794521,0.08767123287671233,0.2328767123287671,71.6216493150685,48.78017698630137
TN,McNairy,47109,49.9,89.56725161290322,56.722419354838706,0.35342465753424657,0.410958904109589,0.01643835616438356,0.07397260273972603,0.21643835616438356,73.1505693150685,50.61318356164384
TN,Macon,47111,46,87.69949032258064,54.07874193548387,0.4,0.42191780821917807,0.03561643835616438,0.10136986301369863,0.26575342465753427,70.40381863013698,49.01388109589041
TN,Madison,47113,50.4,89.44107741935484,55.5318064516129,0.35342465753424657,0.4,0.021917808219178082,0.09863013698630137,0.2273972602739726,72.64340821917808,50.408683835616436
TN,Marion,47115,54.7,86.02949677419355,53.825406451612906,0.4136986301369863,0.4328767123287671,0.019178082191780823,0.09863013698630137,0.2602739726027397,70.07849698630137,49.88423287671233
TN,Marshall,47117,48.2,88.73332903225807,55.64729677419355,0.3698630136986301,0.4191780821917808,0.0273972602739726,0.08493150684931507,0.2356164383561644,71.91584328767124,48.77974794520548
TN,Maury,47119,49.1,88.6346193548387,55.58127741935484,0.37534246575342467,0.41643835616438357,0.0273972602739726,0.08767123287671233,0.23835616438356164,71.82719452054795,48.82380602739726
TN,Meigs,47121,54.5,87.65623225806452,55.20374193548387,0.4054794520547945,0.4547945205479452,0.0027397260273972603,0.08493150684931507,0.2328767123287671,71.8199205479452,48.5078197260274
TN,Monroe,47123,60.5,85.79915483870968,54.225470967741934,0.4246575342465753,0.4547945205479452,0.0136986301369863,0.09041095890410959,0.25753424657534246,70.41538301369863,47.96621698630137
TN,Montgomery,47125,46.5,88.96384516129032,54.31158064516129,0.3726027397260274,0.4054794520547945,0.03561643835616438,0.1095890410958904,0.2493150684931507,71.2724197260274,48.96736712328767
TN,Moore,47127,51.6,87.71992903225807,55.53743870967742,0.42191780821917807,0.4328767123287671,0.024657534246575342,0.0821917808219178,0.22465753424657534,71.27887506849315,48.59621205479452
TN,Morgan,47129,51.4,84.34910967741935,52.322696774193545,0.4438356164383562,0.4136986301369863,0.03287671232876712,0.11506849315068493,0.3013698630136986,68.39404219178083,46.892894246575345
TN,Obion,47131,52.5,88.70116129032259,52.8651935483871,0.33972602739726027,0.40821917808219177,0.024657534246575342,0.1178082191780822,0.2547945205479452,71.35026849315068,49.771158356164385
TN,Overton,47133,50.4,85.24434838709678,53.515690322580646,0.4712328767123288,0.4246575342465753,0.03561643835616438,0.11506849315068493,0.26575342465753427,69.10119068493151,47.84944383561644
TN,Perry,47135,49.6,88.59530967741935,55.56629677419355,0.38082191780821917,0.4301369863013699,0.019178082191780823,0.08493150684931507,0.23013698630136986,72.08711452054794,49.49468821917808
TN,Pickett,47137,48.6,85.98112903225807,53.815012903225806,0.4246575342465753,0.4301369863013699,0.038356164383561646,0.10136986301369863,0.2821917808219178,69.44937479452055,47.184346301369864
TN,Polk,47139,54.7,86.83665161290322,54.872367741935484,0.4328767123287671,0.4465753424657534,0.010958904109589041,0.0821917808219178,0.2356164383561644,71.10428493150685,48.84533698630137
TN,Putnam,47141,49.7,85.80252258064516,53.98125161290323,0.4520547945205479,0.42191780821917807,0.03287671232876712,0.10684931506849316,0.26575342465753427,69.5368597260274,47.65373698630137
TN,Rhea,47143,53.6,85.93148387096774,53.52649032258064,0.4054794520547945,0.4410958904109589,0.021917808219178082,0.10410958904109589,0.27945205479452057,69.98680547945206,47.54330082191781
TN,Roane,47145,51,86.85598709677419,53.911109677419354,0.38904109589041097,0.44931506849315067,0.0136986301369863,0.09863013698630137,0.2684931506849315,70.77935780821917,49.0521397260274
TN,Robertson,47147,46.8,87.99254193548387,53.477251612903224,0.3917808219178082,0.40273972602739727,0.03561643835616438,0.12054794520547946,0.2684931506849315,70.23895342465754,49.109458630136984
TN,Rutherford,47149,47.3,88.44213548387097,55.831245161290326,0.3780821917808219,0.4301369863013699,0.0273972602739726,0.07945205479452055,0.2410958904109589,71.63101424657535,48.83227342465754
TN,Scott,47151,51.1,84.45769032258065,52.332393548387095,0.4575342465753425,0.4191780821917808,0.03561643835616438,0.1178082191780822,0.29863013698630136,68.19857205479452,46.02262136986301
TN,Sequatchie,47153,56.9,84.28012903225806,52.35248387096774,0.4191780821917808,0.40273972602739727,0.0273972602739726,0.11232876712328767,0.3013698630136986,68.46178630136987,48.74373315068493
TN,Sevier,47155,54.8,82.94470322580645,51.72126451612903,0.4876712328767123,0.3972602739726027,0.03287671232876712,0.12602739726027398,0.30684931506849317,67.6605693150685,46.11077205479452
TN,Shelby,47157,54.1,90.5408193548387,56.08016774193548,0.36164383561643837,0.36712328767123287,0.019178082191780823,0.07945205479452055,0.2136986301369863,73.41825643835617,53.5085501369863
TN,Smith,47159,44.7,88.30423225806452,55.082793548387095,0.39452054794520547,0.4273972602739726,0.0273972602739726,0.08767123287671233,0.2410958904109589,71.37940383561644,48.22492876712329
TN,Stewart,47161,51.5,89.01749677419355,54.15846451612903,0.3589041095890411,0.40273972602739727,0.0273972602739726,0.1095890410958904,0.25753424657534246,71.15965589041096,49.01172109589041
TN,Sullivan,47163,47.2,85.543961290322585,51.84122580645161,0.4301369863013699,0.42191780821917807,0.038356164383561646,0.11232876712328767,0.29315068493150687,68.70179780821918,46.41485863013698
TN,Sumner,47165,46,88.0362064516129,54.00285161290323,0.3863013698630137,0.410958904109589,0.03287671232876712,0.11232876712328767,0.2602739726027397,70.51984219178082,49.187233424657535
TN,Tipton,47167,52.9,89.77790967741936,55.41335483870968,0.33972602739726027,0.3863013698630137,0.019178082191780823,0.08493150684931507,0.23835616438356164,72.8606608219178,52.49980547945206
TN,Trousdale,47169,45.9,88.3880193548387,55.018632258064514,0.38904109589041097,0.4136986301369863,0.030136986301369864,0.09863013698630137,0.2493150684931507,71.20473479452055,48.485095342465755
TN,Unicoi,47171,53.4,81.72889032258064,50.0855870967742,0.5260273972602739,0.3178082191780822,0.043835616438356165,0.1178082191780822,0.3424657534246575,65.7550005479452,43.56240109589041
TN,Union,47173,44,85.78957419354839,51.395696774193546,0.40821917808219177,0.44931506849315067,0.0273972602739726,0.12054794520547946,0.2821917808219178,69.35409808219178,46.71257863013699
TN,Van Buren,47175,53,84.53764516129033,53.24481935483871,0.4520547945205479,0.4246575342465753,0.03287671232876712,0.1095890410958904,0.2821917808219178,68.72479342465753,46.54394082191781
TN,Warren,47177,50.2,86.17239354838709,55.04603870967742,0.4602739726027397,0.44931506849315067,0.030136986301369864,0.08767123287671233,0.2356164383561644,70.3062487671233,48.18024438356164
TN,Washington,47179,50,85.33974838709678,52.36984516129032,0.4547945205479452,0.4301369863013699,0.038356164383561646,0.1095890410958904,0.27671232876712326,68.89766739726028,46.22864
TN,Wayne,47181,49.7,88.60698064516129,56.09253548387097,0.3589041095890411,0.4273972602739726,0.01643835616438356,0.08493150684931507,0.23835616438356164,71.86495506849315,49.42741753424657
TN,Weakley,47183,50.8,88.90758064516129,53.113129032258065,0.3561643835616438,0.4054794520547945,0.024657534246575342,0.11232876712328767,0.2493150684931507,71.25205260273972,49.88429205479452
TN,White,47185,50.3,85.7084,53.92458064516129,0.4575342465753425,0.43561643835616437,0.03287671232876712,0.09315068493150686,0.2602739726027397,69.62839342465753,47.549351780821915
TN,Williamson,47187,47.2,88.72345806451612,55.08378064516129,0.3780821917808219,0.4054794520547945,0.0273972602739726,0.0958904109589041,0.24383561643835616,71.5305002739726,49.280172602739725
TN,Wilson,47189,46.8,89.24389032258064,55.77335483870968,0.3780821917808219,0.410958904109589,0.0273972602739726,0.07945205479452055,0.2410958904109589,71.811423561643835,48.80337479452055
TX,Anderson,48001,40.1,97.0191935483871,63.699683870967746,0.39452054794520547,0.3095890410958904,0.010958904109589041,0.024657534246575342,0.1232876712328767,79.10859397260273,56.43056164383562
TX,Andrews,48003,11,99.28568387096774,60.498587096774195,0.31232876712328766,0.2876712328767123,0.0136986301369863,0.04657534246575343,0.1726027397260274,78.98497095890411,51.902521095890414
TX,Angelina,48005,46.5,98.10401290322581,64.83786451612903,0.336986301369863,0.3095890410958904,0.0027397260273972603,0.019178082191780823,0.1178082191780822,80.43608164383562,57.337248767123285
TX,Aransas,48007,24.8,92.89847096774194,70.75452258064516,0.38904109589041097,0.40273972602739727,0.0027397260273972603,0.00821917808219178,0.038356164383561646,81.31205534246575,66.10885095890411
TX,Archer,48009,26.7,100.40586451612903,60.90109032258064,0.336986301369863,0.26575342465753427,0.019178082191780823,0.052054794520547946,0.16712328767123288,79.13935178082191,53.688362739726024
TX,Armstrong,48011,22.2,95.49883225806451,55.09527741935484,0.3726027397260274,0.27945205479452057,0.0273972602739726,0.09315068493150686,0.22465753424657534,74.50328164383562,47.03636657534246
TX,Atascosa,48013,24.6,100.66947741935483,71.96284516129032,0.32602739726027397,0.3780821917808219,0.005479452054794521,0.01643835616438356,0.049315068493150684,84.4124295890411,61.33203068493151
TX,Austin,48015,37.9,98.71734838709678,67.6800064516129,0.33972602739726027,0.3452054794520548,0.010958904109589041,0.0136986301369863,0.10136986301369863,82.14584493150684,60.58408383561644
TX,Bailey,48017,15.8,96.03006451612903,56.257961290322584,0.3643835616438356,0.29041095890410956,0.0273972602739726,0.07397260273972603,0.20273972602739726,75.28593150684931,42.83168493150685
TX,Bandera,48019,25.9,97.95350967741936,68.25269677419355,0.32054794520547947,0.33972602739726027,0.00821917808219178,0.01643835616438356,0.1178082191780822,81.02366082191782,56.292272328767126
TX,Bastrop,48021,30.6,100.3991870967742,67.73574838709678,0.33972602739726027,0.336986301369863,0.00821917808219178,0.01643835616438356,0.09315068493150686,82.63267835616438,58.740321643835614
TX,Baylor,48023,25.7,100.46555483870968,60.75285161290323,0.336986301369863,0.2465753424657534,0.019178082191780823,0.04657534246575343,0.1643835616438356,79.33293808219177,53.10612438356164
TX,Bee,48025,23.4,99.41330967741935,72.31732903225806,0.30684931506849317,0.410958904109589,0.005479452054794521,0.01643835616438356,0.052054794520547946,84.03711232876712,61.81722191780822
TX,Bell,48027,29.1,100.08192258064516,65.89208387096774,0.36164383561643837,0.30684931506849317,0.010958904109589041,0.019178082191780823,0.1178082191780822,80.76508219178082,58.07543616438356
TX,Bexar,48029,23.7,99.48565806451613,69.74083225806451,0.34794520547945207,0.36164383561643837,0.005479452054794521,0.01643835616438356,0.07945205479452055,82.59689534246576,60.60389863013699
TX,Blanco,48031,23.9,99.34955483870968,67.12038064516129,0.3589041095890411,0.3178082191780822,0.010958904109589041,0.01643835616438356,0.11506849315068493,80.9708690410959,57.36339068493151
TX,Borden,48033,18.3,98.56922580645161,60.67812258064516,0.33972602739726027,0.29041095890410956,0.01643835616438356,0.052054794520547946,0.1726027397260274,78.58840876712328,52.57611561643836
TX,Bosque,48035,37.5,100.1826064516129,64.60949677419354,0.3698630136986301,0.2958904109589041,0.010958904109589041,0.03287671232876712,0.13150684931506848,79.88864,56.35098684931507
TX,Bowie,48037,59.8,92.9552,61.696748387096775,0.3835616438356164,0.31232876712328766,0.010958904109589041,0.03561643835616438,0.15616438356164383,76.7976405479452,54.67496493150685
TX,Brazoria,48039,40.1,94.32012258064516,69.82392258064516,0.3698630136986301,0.38904109589041097,0,0.00821917808219178,0.07123287671232877,80.94044657534246,63.34893808219178
TX,Brazos,48041,33.5,98.65823870967742,65.93452903225807,0.34794520547945207,0.33424657534246577,0.010958904109589041,0.0136986301369863,0.10684931506849316,81.22313534246575,59.59091287671233
TX,Brewster,48043,10.8,98.63431612903226,67.226,0.336986301369863,0.33972602739726027,0.0027397260273972603,0.024657534246575342,0.08767123287671233,81.8743901369863,53.91166630136986
TX,Briscoe,48045,22.4,96.22016774193548,57.38621290322581,0.34794520547945207,0.27671232876712326,0.0273972602739726,0.07945205479452055,0.2136986301369863,76.00830849315068,48.20145479452055
TX,Brooks,48047,20.3,101.02163870967742,77.57460645161291,0.25205479452054796,0.3178082191780822,0,0.00821917808219178,0.03561643835616438,87.25991616438357,63.30476164383562
TX,Brown,48049,28.9,100.07971612903226,64.08685806451614,0.36164383561643837,0.3095890410958904,0.010958904109589041,0.03287671232876712,0.12876712328767123,79.9588104109589,54.079692602739726
TX,Burleson,48051,34.1,98.65568387096774,66.17973548387097,0.3424657534246575,0.336986301369863,0.010958904109589041,0.0136986301369863,0.10684931506849316,81.28067123287671,59.14533643835617
TX,Burnet,48053,25.3,100.60583870967741,66.28744516129032,0.3561643835616438,0.3287671232876712,0.010958904109589041,0.019178082191780823,0.1178082191780822,81.07418410958904,57.140190684931504
TX,Caldwell,48055,29.2,100.39994193548387,68.3546,0.33972602739726027,0.3561643835616438,0.00821917808219178,0.0136986301369863,0.0958904109589041,82.59532219178082,59.117611506849315
TX,Calhoun,48057,29.3,93.52429032258064,70.54490967741935,0.3917808219178082,0.38904109589041097,0,0.0136986301369863,0.06301369863013699,80.77164602739727,65.18391726027397
TX,Callahan,48059,26,98.19157419354839,62.250625806451616,0.3561643835616438,0.2876712328767123,0.019178082191780823,0.04657534246575343,0.1643835616438356,78.46499287671233,53.68617315068493
TX,Cameron,48061,25.3,96.34332258064516,76.83753548387097,0.2602739726027397,0.40821917808219177,0,0.00821917808219178,0.0273972602739726,85.13008712328767,67.35340547945205
TX,Camp,48063,43.4,93.87883225806452,62.72687096774194,0.3780821917808219,0.3095890410958904,0.010958904109589041,0.0273972602739726,0.13972602739726028,77.97401698630136,55.77014904109589
TX,Carson,48065,23.9,94.29068387096774,53.55035483870968,0.3561643835616438,0.2876712328767123,0.03561643835616438,0.10410958904109589,0.2356164383561644,73.45910410958903,45.89987123287671
TX,Cass,48067,51.8,93.73372903225807,62.29893548387097,0.37534246575342467,0.2958904109589041,0.010958904109589041,0.030136986301369864,0.14520547945205478,77.66139397260274,54.641134794520546
TX,Castro,48069,18,94.22315483870968,54.797,0.35342465753424657,0.29315068493150687,0.03561643835616438,0.08767123287671233,0.2219178082191781,74.05874082191781,44.22991506849315
TX,Chambers,48071,38.4,93.18867741935485,67.019,0.41643835616438357,0.3589041095890411,0,0.00821917808219178,0.08493150684931507,79.44244712328768,64.5425501369863
TX,Cherokee,48073,43.4,97.08945161290323,63.59754838709677,0.3698630136986301,0.30684931506849317,0.010958904109589041,0.024657534246575342,0.12876712328767123,79.2848608219178,56.47719890410959
TX,Childress,48075,24,98.78365806451613,58.98391612903226,0.3315068493150685,0.24383561643835616,0.024657534246575342,0.06301369863013699,0.18904109589041096,77.90422136986301,49.66275397260274
TX,Clay,48077,27.6,99.48786451612904,60.84006451612903,0.33972602739726027,0.25753424657534246,0.01643835616438356,0.0547945205479452,0.16986301369863013,78.5620498630137,52.55345534246575
TX,Cochran,48079,16,95.98802580645162,56.95537419354839,0.3643835616438356,0.27945205479452057,0.021917808219178082,0.07945205479452055,0.2,75.65690410958904,45.165446575342465
TX,Coke,48081,22.7,99.97130967741936,63.199400000000004,0.32054794520547947,0.3013698630136986,0.010958904109589041,0.043835616438356165,0.14246575342465753,80.56094739726028,52.95366191780822
TX,Coleman,48083,23.6,99.7964193548387,63.76715483870968,0.34794520547945207,0.3041095890410959,0.010958904109589041,0.038356164383561646,0.13424657534246576,80.01807232876712,54.320310684931506
TX,Collin,48085,36.6,96.03209677419355,61.525225806451616,0.3835616438356164,0.27671232876712326,0.010958904109589041,0.049315068493150684,0.1506849315068493,77.60847890410959,57.04142246575343
TX,Collingsworth,48087,26.5,97.84231612903226,57.622129032258066,0.336986301369863,0.2493150684931507,0.024657534246575342,0.07397260273972603,0.2,76.86103506849315,47.62714630136986
TX,Colorado,48089,38.1,99.16508387096775,68.26878064516129,0.34794520547945207,0.35342465753424657,0.005479452054794521,0.0136986301369863,0.09315068493150686,82.49270739726028,61.14446082191781
TX,Comal,48091,24.2,100.03953548387096,68.81882580645161,0.33972602739726027,0.35342465753424657,0.00821917808219178,0.01643835616438356,0.09863013698630137,82.2643293150685,57.93132273972603
TX,Comanche,48093,27.7,100.69165806451613,63.922535483870966,0.3698630136986301,0.31232876712328766,0.010958904109589041,0.03287671232876712,0.13150684931506848,79.84282630136987,55.39608438356164
TX,Concho,48095,21.4,99.58494838709677,64.34704516129032,0.32602739726027397,0.31232876712328766,0.010958904109589041,0.038356164383561646,0.136986301369863,80.65987342465753,54.78024767123288
TX,Cooke,48097,37.2,96.84511612903226,60.7262,0.3726027397260274,0.25753424657534246,0.0136986301369863,0.052054794520547946,0.16164383561643836,77.34717808219177,53.66561369863014
TX,Coryell,48099,28.2,100.5687935483871,65.65372903225807,0.3589041095890411,0.3095890410958904,0.010958904109589041,0.021917808219178082,0.12054794520547946,80.63152712328767,57.1892
TX,Cottle,48101,26.5,98.96209032258065,59.72847741935484,0.3178082191780822,0.2465753424657534,0.019178082191780823,0.057534246575342465,0.1863013698630137,78.44804821917808,50.39879616438356
TX,Crane,48103,8.2,101.65465806451613,65.07227096774193,0.2958904109589041,0.28493150684931506,0.00821917808219178,0.03561643835616438,0.13150684931506848,82.44792438356164,54.253419726027396
TX,Crockett,48105,17,98.99013548387097,64.87241290322581,0.30684931506849317,0.3178082191780822,0.00821917808219178,0.03287671232876712,0.14246575342465753,80.54683835616439,55.04927616438356
TX,Crosby,48107,23.9,95.97722580645161,58.32947096774193,0.36164383561643837,0.27945205479452057,0.021917808219178082,0.07123287671232877,0.1917808219178082,76.4945698630137,48.950249863013696
TX,Culberson,48109,5.2,99.2618193548387,60.80772258064516,0.34794520547945207,0.3013698630136986,0.005479452054794521,0.043835616438356165,0.14246575342465753,78.96478136986302,49.82842301369863
TX,Dallam,48111,21,91.73677419354838,50.0931935483871,0.35342465753424657,0.31232876712328766,0.049315068493150684,0.13424657534246576,0.2821917808219178,71.16690520547945,40.95006849315069
TX,Dallas,48113,38.8,98.44787096774193,62.69330967741936,0.3643835616438356,0.2602739726027397,0.010958904109589041,0.0410958904109589,0.14520547945205478,78.90755123287671,58.48136821917808
TX,Dawson,48115,16.5,97.91083225806452,59.66605806451613,0.33424657534246577,0.2876712328767123,0.01643835616438356,0.06027397260273973,0.18356164383561643,77.76657808219178,50.17983232876713
TX,Deaf Smith,48117,18.7,94.91429677419355,54.00110967741936,0.35342465753424657,0.29315068493150687,0.030136986301369864,0.08493150684931507,0.23013698630136986,74.02698684931507,43.51218849315068
TX,Delta,48119,50.6,93.55494838709677,61.45769677419355,0.3835616438356164,0.2876712328767123,0.010958904109589041,0.0410958904109589,0.1589041095890411,77.24428219178083,55.47745424657534
TX,Denton,48121,30.7,98.51470322580646,61.803587096774194,0.3726027397260274,0.2602739726027397,0.010958904109589041,0.04657534246575343,0.15342465753424658,78.38983671232877,57.289950684931505
TX,DeWitt,48123,36.2,99.38456774193548,70.34092903225806,0.3315068493150685,0.3972602739726027,0.005479452054794521,0.0136986301369863,0.06575342465753424,83.4530098630137,60.90030191780822
TX,Dickens,48125,27.4,97.40392903225806,59.66367741935484,0.3315068493150685,0.2821917808219178,0.019178082191780823,0.057534246575342465,0.18356164383561643,77.6379989041096,50.04937424657534
TX,Dimmit,48127,20.2,103.45552903225807,74.2292193548387,0.2821917808219178,0.28493150684931506,0.0027397260273972603,0.010958904109589041,0.0410958904109589,86.6947506849315,61.447003835616435
TX,Donley,48129,23.7,96.33525161290322,56.414096774193546,0.3424657534246575,0.2821917808219178,0.024657534246575342,0.09041095890410959,0.22465753424657534,75.53147616438356,47.43089205479452
TX,Duval,48131,23.7,101.06170322580645,75.1802,0.2547945205479452,0.3095890410958904,0.005479452054794521,0.0136986301369863,0.0410958904109589,86.21217315068493,62.47819671232877
TX,Eastland,48133,26.8,98.89305161290322,62.645174193548385,0.3506849315068493,0.2958904109589041,0.019178082191780823,0.043835616438356165,0.16164383561643836,78.6383797260274,53.542286575342466
TX,Ector,48135,8.6,99.52827741935484,61.31967741935484,0.3013698630136986,0.27123287671232876,0.00821917808219178,0.043835616438356165,0.16986301369863013,79.68337589041096,53.89556493150685
TX,Edwards,48137,20.7,97.54485161290323,66.81734193548387,0.32602739726027397,0.33424657534246577,0.00821917808219178,0.01643835616438356,0.1232876712328767,80.58539780821918,56.959352328767125
TX,Ellis,48139,38.6,98.70352903225806,63.19980645161291,0.3698630136986301,0.26575342465753427,0.010958904109589041,0.038356164383561646,0.13972602739726028,79.00398191780822,57.02947342465753
TX,El Paso,48141,4.2,100.60067096774193,58.9437935483871,0.34794520547945207,0.3041095890410959,0,0.021917808219178082,0.13972602739726028,78.9898087671233,51.98834410958904
TX,Erath,48143,30.9,100.04615483870968,63.517709677419354,0.3643835616438356,0.29863013698630136,0.010958904109589041,0.038356164383561646,0.14246575342465753,79.11453643835617,55.19733479452055
TX,Falls,48145,33.6,99.61398064516129,65.2775870967742,0.3643835616438356,0.29863013698630136,0.010958904109589041,0.019178082191780823,0.12054794520547946,80.46702684931506,58.441950684931506
TX,Fannin,48147,45.5,93.63385806451613,60.255296774193546,0.3863013698630137,0.3013698630136986,0.010958904109589041,0.049315068493150684,0.17534246575342466,76.46825534246575,54.10371890410959
TX,Fayette,48149,34.3,99.70967096774193,67.66816129032259,0.33424657534246577,0.3424657534246575,0.010958904109589041,0.0136986301369863,0.10136986301369863,82.33664493150685,60.41637315068493
TX,Fisher,48151,29.1,99.48908387096775,61.4174,0.32602739726027397,0.26575342465753427,0.01643835616438356,0.049315068493150684,0.1643835616438356,79.526840000000007,53.26640821917808
TX,Floyd,48153,22.9,94.7889935483871,56.745238709677416,0.3424657534246575,0.2958904109589041,0.0273972602739726,0.07945205479452055,0.21643835616438356,75.14945205479452,47.27487397260274
TX,Foard,48155,23.8,99.82969032258065,60.22324516129032,0.3150684931506849,0.2410958904109589,0.019178082191780823,0.0547945205479452,0.18356164383561643,78.96928383561644,51.25828383561644
TX,Fort Bend,48157,37.6,97.63670967741936,69.5151935483871,0.33972602739726027,0.3726027397260274,0,0.0136986301369863,0.07671232876712329,82.53096602739726,62.4261594520548
TX,Franklin,48159,50.3,93.67531612903225,62.42969677419355,0.3780821917808219,0.3178082191780822,0.010958904109589041,0.0273972602739726,0.14246575342465753,77.76699726027397,55.34924
TX,Freestone,48161,37,97.89614193548387,64.00272258064516,0.37534246575342467,0.31232876712328766,0.010958904109589041,0.024657534246575342,0.12876712328767123,79.37545753424658,56.98487780821918
TX,Frio,48163,21.8,101.86293548387097,73.26052903225806,0.3095890410958904,0.3506849315068493,0.005479452054794521,0.0136986301369863,0.0410958904109589,85.40552657534246,61.337203835616435
TX,Gaines,48165,14.2,98.27106451612903,59.16368387096774,0.3315068493150685,0.29041095890410956,0.0136986301369863,0.057534246575342465,0.1780821917808219,77.80074849315068,49.646277808219175
TX,Galveston,48167,39.1,91.93849032258065,67.9739870967742,0.4410958904109589,0.38904109589041097,0,0.00821917808219178,0.07945205479452055,79.12435013698631,65.94133260273972
TX,Garza,48169,24.9,98.74992258064516,60.38454838709677,0.33424657534246577,0.27945205479452057,0.01643835616438356,0.057534246575342465,0.16986301369863013,78.70296767123287,52.133877808219175
TX,Gillespie,48171,24.6,97.85201290322581,65.81845806451614,0.3589041095890411,0.3095890410958904,0.010958904109589041,0.0273972602739726,0.13424657534246576,79.6646509589041,56.318246575342464
TX,Glasscock,48173,15.3,99.06916129032258,62.027193548387096,0.31232876712328766,0.28493150684931506,0.00821917808219178,0.049315068493150684,0.16712328767123288,79.50687726027397,52.94342904109589
TX,Goliad,48175,25.4,98.8650064516129,71.74684516129032,0.3150684931506849,0.410958904109589,0.005479452054794521,0.01643835616438356,0.0547945205479452,83.66903452054794,61.49010520547945
TX,Gonzales,48177,33,100.44604516129033,69.27962580645162,0.33424657534246577,0.3835616438356164,0.00821917808219178,0.0136986301369863,0.07671232876712329,83.32478575342466,60.108252602739725
TX,Gray,48179,25.1,94.1103935483871,54.581348387096774,0.34794520547945207,0.2958904109589041,0.030136986301369864,0.0958904109589041,0.2328767123287671,73.91186082191781,45.795377534246576
TX,Grayson,48181,42.3,95.17175483870967,60.51426451612903,0.38082191780821917,0.27945205479452057,0.010958904109589041,0.0547945205479452,0.16164383561643836,77.06398630136987,54.53154191780822
TX,Gregg,48183,47.1,95.38090322580645,62.69987096774194,0.3835616438356164,0.29863013698630136,0.010958904109589041,0.021917808219178082,0.136986301369863,78.38005753424657,56.15386465753425
TX,Grimes,48185,38.6,98.58513548387097,66.39521290322581,0.336986301369863,0.3315068493150685,0.00821917808219178,0.0136986301369863,0.11232876712328767,81.27810191780821,59.52970301369863
TX,Guadalupe,48187,25.6,99.84879354838709,69.30987741935483,0.33972602739726027,0.36164383561643837,0.00821917808219178,0.0136986301369863,0.08767123287671233,82.71754465753425,59.30952602739726
TX,Hale,48189,20.6,93.89874838709677,56.38738709677419,0.36712328767123287,0.3013698630136986,0.0273972602739726,0.0821917808219178,0.2054794520547945,74.80716109589041,45.902213698630135
TX,Hall,48191,23.1,98.22391612903226,58.88903870967742,0.33424657534246577,0.2547945205479452,0.024657534246575342,0.06301369863013699,0.19452054794520549,77.59007452054794,49.80420931506849
TX,Hamilton,48193,30.2,100.84773548387096,64.98267741935484,0.3506849315068493,0.31232876712328766,0.010958904109589041,0.03287671232876712,0.13150684931506848,80.2317890410959,56.187374246575345
TX,Hansford,48195,28.5,93.53067741935484,52.28925161290323,0.3287671232876712,0.29041095890410956,0.049315068493150684,0.12602739726027398,0.2493150684931507,73.00665315068493,42.54048438356164
TX,Hardeman,48197,23.2,99.37225806451613,59.49546451612903,0.3287671232876712,0.2465753424657534,0.019178082191780823,0.0547945205479452,0.18082191780821918,78.41174739726027,49.921983561643835
TX,Hardin,48199,42.4,98.3412064516129,67.9397870967742,0.3506849315068493,0.3315068493150685,0,0.010958904109589041,0.07671232876712329,82.37086465753424,59.13117808219178
TX,Harris,48201,44,96.6974,68.3932129032258,0.3424657534246575,0.3506849315068493,0,0.0136986301369863,0.0958904109589041,81.48237479452055,63.557422465753426
TX,Harrison,48203,49.9,94.79050322580645,62.37087741935484,0.37534246575342467,0.3232876712328767,0.010958904109589041,0.021917808219178082,0.13972602739726028,78.15223671232877,55.2282898630137
TX,Hartley,48205,18.7,92.5493870967742,51.27381935483871,0.3424657534246575,0.3041095890410959,0.0410958904109589,0.12054794520547946,0.2684931506849315,71.9214504109589,41.87999287671233
TX,Haskell,48207,26.6,99.81064516129032,61.73036774193548,0.3232876712328767,0.2602739726027397,0.019178082191780823,0.04657534246575343,0.1589041095890411,79.65236657534247,53.097272328767126
TX,Hays,48209,25.9,100.00376774193549,67.91632903225806,0.3506849315068493,0.33424657534246577,0.010958904109589041,0.019178082191780823,0.10410958904109589,81.67150301369863,57.65367890410959
TX,Hemphill,48211,27.4,93.36310322580646,54.32841935483871,0.3424657534246575,0.2821917808219178,0.030136986301369864,0.10410958904109589,0.2328767123287671,73.76415232876712,44.792353424657534
TX,Henderson,48213,41.7,96.64903225806452,62.97341290322581,0.39452054794520547,0.2958904109589041,0.010958904109589041,0.0273972602739726,0.136986301369863,78.6161090410959,56.859681643835614
TX,Hidalgo,48215,19.6,99.91893548387097,78.66918064516129,0.2356164383561644,0.3452054794520548,0,0.005479452054794521,0.03287671232876712,87.40665808219178,65.71580493150685
TX,Hill,48217,35.5,99.54145806451614,64.11374193548387,0.3698630136986301,0.2876712328767123,0.010958904109589041,0.03287671232876712,0.13424657534246576,79.50431287671233,57.11740712328767
TX,Hockley,48219,18.2,95.70490322580645,57.38429677419355,0.3506849315068493,0.2821917808219178,0.021917808219178082,0.07397260273972603,0.2,75.84302410958904,46.476295342465754
TX,Hood,48221,30.6,100.42281935483871,63.9788,0.36164383561643837,0.273972602739726,0.010958904109589041,0.03561643835616438,0.14246575342465753,79.59296164383562,56.05613205479452
TX,Hopkins,48223,48,93.79144516129033,62.12061935483871,0.3917808219178082,0.3041095890410959,0.010958904109589041,0.03561643835616438,0.14520547945205478,77.47581150684931,55.72631287671233
TX,Houston,48225,38.9,97.77426451612904,64.4054,0.3698630136986301,0.3095890410958904,0.010958904109589041,0.019178082191780823,0.1232876712328767,79.95000767123288,56.920921095890414
TX,Howard,48227,15.9,99.24335483870968,61.399632258064514,0.3315068493150685,0.29863013698630136,0.0136986301369863,0.049315068493150684,0.17534246575342466,79.04742356164384,53.75455342465754
TX,Hudspeth,48229,5.1,99.23557419354839,59.57994838709678,0.34794520547945207,0.33424657534246577,0,0.030136986301369864,0.1506849315068493,78.45031178082192,48.36452
TX,Hunt,48231,45,94.44594838709678,61.66655483870968,0.39452054794520547,0.3013698630136986,0.010958904109589041,0.0410958904109589,0.15342465753424658,77.23360547945205,55.85152383561644
TX,Hutchinson,48233,24.7,94.92747741935484,53.52910322580645,0.336986301369863,0.28493150684931506,0.03561643835616438,0.11232876712328767,0.2328767123287671,73.99372383561644,45.45089205479452
TX,Irion,48235,20.4,99.63383870967742,63.59685161290322,0.3013698630136986,0.2876712328767123,0.00821917808219178,0.0410958904109589,0.1506849315068493,80.48145643835616,53.12817315068493
TX,Jack,48237,28.7,100.49145161290322,61.8390064516129,0.3424657534246575,0.2684931506849315,0.01643835616438356,0.049315068493150684,0.16986301369863013,79.00077643835617,53.71703452054795
TX,Jackson,48239,35.2,95.5989935483871,70.24744516129033,0.3589041095890411,0.38082191780821917,0.005479452054794521,0.0136986301369863,0.07123287671232877,81.85668109589041,62.798527671232875
TX,Jasper,48241,38.7,98.74905161290323,66.39370322580645,0.3287671232876712,0.32602739726027397,0,0.0136986301369863,0.09315068493150686,81.7844,57.832554520547944
TX,Jeff Davis,48243,8.7,96.2055935483871,61.183864516129034,0.37534246575342467,0.3315068493150685,0.00821917808219178,0.038356164383561646,0.136986301369863,77.75478684931507,49.36724821917808
TX,Jefferson,48245,38.3,94.56753548387097,67.6566064516129,0.3972602739726027,0.33972602739726027,0,0.00821917808219178,0.0821917808219178,80.23569479452055,64.46953424657534
TX,Jim Hogg,48247,20.9,101.89475483870967,76.41441935483871,0.2547945205479452,0.3041095890410959,0.005479452054794521,0.010958904109589041,0.038356164383561646,87.16871780821918,62.89398191780822
TX,Jim Wells,48249,26.5,99.88816129032259,75.28564516129032,0.2602739726027397,0.33972602739726027,0.005479452054794521,0.00821917808219178,0.0410958904109589,85.76689260273973,62.8804498630137
TX,Johnson,48251,37.3,99.20903870967742,63.39130322580645,0.3698630136986301,0.2684931506849315,0.010958904109589041,0.038356164383561646,0.14246575342465753,78.88828876712329,56.443063013698634
TX,Jones,48253,30.3,99.65961935483871,62.08589677419355,0.336986301369863,0.273972602739726,0.01643835616438356,0.04657534246575343,0.15342465753424658,79.66700328767124,53.63163561643836
TX,Karnes,48255,31,100.0985870967742,70.80149677419355,0.3287671232876712,0.38082191780821917,0.005479452054794521,0.01643835616438356,0.057534246575342465,83.79911780821918,60.878095342465755
TX,Kaufman,48257,44,96.74466451612903,62.54518709677419,0.3863013698630137,0.2821917808219178,0.010958904109589041,0.038356164383561646,0.14246575342465753,78.26411780821918,56.81667890410959
TX,Kendall,48259,22.3,98.46012258064516,67.50424516129033,0.3506849315068493,0.336986301369863,0.010958904109589041,0.01643835616438356,0.1178082191780822,80.73406301369863,56.44388657534247
TX,Kenedy,48261,23.2,98.33737419354838,76.58710322580646,0.2821917808219178,0.36712328767123287,0.0027397260273972603,0.00821917808219178,0.030136986301369864,85.78494191780823,64.52770136986301
TX,Kent,48263,24.7,99.01452258064516,60.67144516129032,0.33424657534246577,0.27671232876712326,0.019178082191780823,0.052054794520547946,0.1643835616438356,79.13737917808218,51.549277260273975
TX,Kerr,48265,22,97.06047741935484,66.13961290322581,0.3506849315068493,0.3315068493150685,0.010958904109589041,0.019178082191780823,0.13150684931506848,79.64423452054794,55.54025698630137
TX,Kimble,48267,23.4,98.73366451612904,65.89794838709678,0.3178082191780822,0.3232876712328767,0.010958904109589041,0.021917808219178082,0.12876712328767123,80.55553260273973,54.84279890410959
TX,King,48269,28.3,98.76089677419355,60.746174193548384,0.3150684931506849,0.2602739726027397,0.019178082191780823,0.0547945205479452,0.1780821917808219,78.97933424657535,51.163021917808216
TX,Kinney,48271,18.8,99.40761935483872,71.47423225806452,0.29863013698630136,0.3424657534246575,0.005479452054794521,0.0136986301369863,0.07397260273972603,83.91297150684932,59.51508109589041
TX,Kleberg,48273,25.2,97.87767741935484,74.85869677419355,0.2876712328767123,0.3917808219178082,0.005479452054794521,0.00821917808219178,0.03561643835616438,84.66046465753425,64.7294690410959
TX,Knox,48275,28.6,99.74538064516129,61.05670322580645,0.3150684931506849,0.25753424657534246,0.019178082191780823,0.049315068493150684,0.16986301369863013,79.33372712328767,52.58257589041096
TX,Lamar,48277,46.9,92.92994193548387,60.20541935483871,0.37534246575342467,0.30684931506849317,0.010958904109589041,0.049315068493150684,0.1726027397260274,76.44390849315069,54.18304712328767
TX,Lamb,48279,17.5,94.82586451612903,56.48888387096774,0.3726027397260274,0.29315068493150687,0.030136986301369864,0.07945205479452055,0.19726027397260273,75.12996273972603,44.348414246575345
TX,Lampasas,48281,24.4,100.26534838709678,65.36689032258064,0.3561643835616438,0.31232876712328766,0.010958904109589041,0.024657534246575342,0.12876712328767123,80.52357643835616,56.43538465753425
TX,La Salle,48283,20,102.47400645161291,74.25349032258065,0.27945205479452057,0.3178082191780822,0.005479452054794521,0.0136986301369863,0.03287671232876712,86.36978410958903,62.11321095890411
TX,Lavaca,48285,37,99.23255483870967,69.44830322580646,0.3452054794520548,0.3589041095890411,0.005479452054794521,0.0136986301369863,0.07671232876712329,82.98287452054794,61.40759616438356
TX,Lee,48287,32.1,99.30618064516129,66.80073548387097,0.33424657534246577,0.33972602739726027,0.010958904109589041,0.01643835616438356,0.11232876712328767,81.7202608219178,59.0431704109589
TX,Leon,48289,36.8,98.07863870967742,64.36794838709677,0.38904109589041097,0.3095890410958904,0.010958904109589041,0.021917808219178082,0.11506849315068493,80.05104438356165,56.73122082191781
TX,Liberty,48291,43.8,96.89400645161291,67.58112258064516,0.3643835616438356,0.3506849315068493,0,0.0136986301369863,0.08493150684931507,81.31659232876713,60.74699123287671
TX,Limestone,48293,34.6,98.55732258064516,64.29914193548387,0.3780821917808219,0.30684931506849317,0.010958904109589041,0.021917808219178082,0.12876712328767123,79.66743232876712,57.70952328767123
TX,Lipscomb,48295,31.8,92.89440645161291,53.12195483870968,0.33972602739726027,0.2958904109589041,0.049315068493150684,0.1232876712328767,0.2465753424657534,72.99699232876712,44.088168767123285
TX,Live Oak,48297,24.2,100.2659870967742,72.88177419354838,0.31232876712328766,0.3917808219178082,0.005479452054794521,0.01643835616438356,0.043835616438356165,84.69714520547946,61.86822849315069
TX,Llano,48299,24.6,101.23113548387097,67.12810322580646,0.336986301369863,0.3315068493150685,0.010958904109589041,0.01643835616438356,0.10410958904109589,81.83349808219178,56.30182465753425
TX,Loving,48301,7.8,102.29348387096775,63.997206451612904,0.2876712328767123,0.2547945205479452,0.00821917808219178,0.03561643835616438,0.136986301369863,82.15184657534246,51.64298082191781
TX,Lubbock,48303,20.1,95.53924516129032,57.71381290322581,0.3726027397260274,0.28493150684931506,0.021917808219178082,0.07123287671232877,0.19452054794520549,75.94393753424657,48.39849808219178
TX,Lynn,48305,22,96.79291612903225,58.952909677419356,0.36164383561643837,0.2821917808219178,0.01643835616438356,0.06575342465753424,0.18082191780821918,76.97195945205479,49.38670301369863
TX,McCulloch,48307,24.1,99.93507741935484,65.03923225806452,0.3424657534246575,0.32054794520547947,0.010958904109589041,0.03287671232876712,0.12054794520547946,80.82939397260274,55.304703561643834
TX,McLennan,48309,34.9,99.80675483870968,64.74890967741935,0.3835616438356164,0.3041095890410959,0.010958904109589041,0.024657534246575342,0.1232876712328767,80.02015835616439,57.64041315068493
TX,McMullen,48311,24.3,101.3288,73.2478129032258,0.29863013698630136,0.3643835616438356,0.005479452054794521,0.01643835616438356,0.0410958904109589,85.37835890410959,61.40973643835616
TX,Madison,48313,36.7,97.90688387096775,65.09212903225806,0.3589041095890411,0.32054794520547947,0.010958904109589041,0.019178082191780823,0.1178082191780822,80.67006684931506,58.15909424657534
TX,Marion,48315,49.9,94.36355483870967,62.48241935483871,0.3780821917808219,0.3095890410958904,0.010958904109589041,0.024657534246575342,0.136986301369863,78.13646082191781,54.84814958904109
TX,Martin,48317,13.6,99.48507741935484,61.11198064516129,0.31232876712328766,0.27671232876712326,0.0136986301369863,0.04657534246575343,0.17534246575342466,79.17823178082192,53.39191506849315
TX,Mason,48319,24.2,100.16350322580645,66.57004516129032,0.3315068493150685,0.32602739726027397,0.010958904109589041,0.019178082191780823,0.11232876712328767,81.33118465753425,55.56008657534247
TX,Matagorda,48321,31.3,93.5235935483871,69.80127741935483,0.3835616438356164,0.3835616438356164,0,0.0136986301369863,0.07123287671232877,80.4894997260274,63.99226794520548
TX,Maverick,48323,22.2,101.31805806451612,73.30094193548386,0.2958904109589041,0.3178082191780822,0.005479452054794521,0.010958904109589041,0.052054794520547946,85.45841698630137,61.03175616438356
TX,Medina,48325,24.5,99.96486451612903,71.57857419354839,0.3232876712328767,0.3589041095890411,0.005479452054794521,0.0136986301369863,0.06027397260273973,83.53787123287671,59.1483298630137
TX,Menard,48327,21.5,98.58914193548387,64.75448387096775,0.33424657534246577,0.32054794520547947,0.010958904109589041,0.03561643835616438,0.12876712328767123,80.25995780821918,53.56214575342466
TX,Midland,48329,11.3,99.48525161290323,61.86304516129032,0.29863013698630136,0.273972602739726,0.00821917808219178,0.04657534246575343,0.1726027397260274,79.81146684931507,54.18959616438356
TX,Milam,48331,35.6,98.73546451612903,65.98789032258064,0.3589041095890411,0.32602739726027397,0.010958904109589041,0.019178082191780823,0.1178082191780822,80.87884712328767,58.72153753424657
TX,Mills,48333,25.4,100.02577419354839,64.82555483870968,0.3506849315068493,0.3232876712328767,0.010958904109589041,0.03287671232876712,0.13150684931506848,80.07867068493151,55.69189095890411
TX,Mitchell,48335,19.7,99.91016774193548,62.08363225806452,0.32602739726027397,0.29863013698630136,0.0136986301369863,0.049315068493150684,0.1643835616438356,79.86833205479452,53.76155616438356
TX,Montague,48337,30,98.35043870967742,60.66784516129032,0.36164383561643837,0.2602739726027397,0.01643835616438356,0.0547945205479452,0.1726027397260274,77.69177698630136,53.15915780821918
TX,Montgomery,48339,48.3,97.81218064516129,67.28952258064515,0.3424657534246575,0.34794520547945207,0.0027397260273972603,0.0136986301369863,0.10410958904109589,81.55470520547945,60.311090410958904
TX,Moore,48341,22.2,93.2347806451613,52.329432258064514,0.33424657534246577,0.2821917808219178,0.0410958904109589,0.1178082191780822,0.2547945205479452,72.77705698630137,43.478190684931505
TX,Morris,48343,49.9,93.4371935483871,62.427141935483874,0.3863013698630137,0.3150684931506849,0.010958904109589041,0.0273972602739726,0.136986301369863,77.69394684931507,55.31672164383561
TX,Motley,48345,26.3,96.93662580645162,59.05063225806452,0.3287671232876712,0.273972602739726,0.024657534246575342,0.06301369863013699,0.2,77.1486208219178,49.967624657534245
TX,Nacogdoches,48347,46.9,97.52650322580645,63.76947741935484,0.35342465753424657,0.30684931506849317,0.00821917808219178,0.024657534246575342,0.13150684931506848,79.72423835616438,56.70262301369863
TX,Navarro,48349,37.6,98.16945161290323,63.54726451612903,0.38082191780821917,0.2876712328767123,0.010958904109589041,0.024657534246575342,0.136986301369863,79.04215178082191,57.53130849315068
TX,Newton,48351,39,98.16323870967742,65.98167741935484,0.336986301369863,0.32054794520547947,0.0027397260273972603,0.0136986301369863,0.09863013698630137,81.33100712328768,57.997883287671236
TX,Nolan,48353,23,99.51997419354838,60.65390967741936,0.336986301369863,0.28493150684931506,0.019178082191780823,0.052054794520547946,0.1726027397260274,78.97578849315069,53.230161643835615
TX,Nueces,48355,27.7,96.28107741935484,73.68236774193548,0.3178082191780822,0.4246575342465753,0.005479452054794521,0.00821917808219178,0.038356164383561646,83.35234794520548,65.48978410958904
TX,Ochiltree,48357,30.9,93.17677419354838,52.03585806451613,0.3287671232876712,0.2958904109589041,0.052054794520547946,0.12054794520547946,0.25753424657534246,72.76170027397261,43.03862575342466
TX,Oldham,48359,19.1,94.83637419354838,53.573929032258064,0.3452054794520548,0.3013698630136986,0.03287671232876712,0.09315068493150686,0.24383561643835616,73.68570191780822,43.57588876712329
TX,Orange,48361,41.7,94.7722129032258,67.48345806451613,0.38904109589041097,0.33424657534246577,0,0.010958904109589041,0.07945205479452055,80.48707835616439,62.24171123287671
TX,Palo Pinto,48363,27.3,100.30314838709677,63.69033548387097,0.3561643835616438,0.29041095890410956,0.010958904109589041,0.0410958904109589,0.13972602739726028,79.66681589041096,54.965179178082195
TX,Panola,48365,47.8,96.12354838709678,63.01103870967742,0.37534246575342467,0.3150684931506849,0.010958904109589041,0.024657534246575342,0.13150684931506848,78.84190794520548,55.567286575342465
TX,Parker,48367,28.9,100.00945806451612,62.62432903225807,0.3589041095890411,0.27671232876712326,0.010958904109589041,0.043835616438356165,0.1589041095890411,78.8997002739726,55.889708493150685
TX,Parmer,48369,20,95.39083225806452,54.23749032258065,0.3561643835616438,0.29315068493150687,0.03287671232876712,0.07945205479452055,0.23013698630136986,74.27400109589041,43.52778191780822
TX,Pecos,48371,11.2,99.28638064516129,65.93778064516128,0.3315068493150685,0.31232876712328766,0.00821917808219178,0.03287671232876712,0.1095890410958904,81.48072767123287,53.56913369863014
TX,Polk,48373,41.8,98.65115483870967,65.56895483870967,0.35342465753424657,0.31232876712328766,0.0027397260273972603,0.019178082191780823,0.10410958904109589,81.14098630136986,58.518946301369866
TX,Potter,48375,20,94.85361935483871,53.69870967741935,0.36164383561643837,0.26301369863013696,0.03287671232876712,0.0958904109589041,0.23013698630136986,73.70491506849315,45.93253753424658
TX,Presidio,48377,8.3,97.83645161290323,64.59416774193548,0.3287671232876712,0.3452054794520548,0.0027397260273972603,0.0273972602739726,0.1178082191780822,80.34577095890411,52.25153369863014
TX,Rains,48379,44.8,94.22089032258064,62.347767741935485,0.410958904109589,0.30684931506849317,0.010958904109589041,0.03561643835616438,0.13424657534246576,77.49249479452055,55.538121643835616
TX,Randall,48381,22.8,94.61195483870968,54.232090322580646,0.3561643835616438,0.27671232876712326,0.03287671232876712,0.0958904109589041,0.2356164383561644,73.83033808219179,45.38934684931507
TX,Reagan,48383,13.3,98.7629870967742,62.8196,0.3041095890410959,0.2821917808219178,0.00821917808219178,0.043835616438356165,0.1643835616438356,79.84680109589041,53.50401315068493
TX,Real,48385,24.6,96.94394193548386,67.93734838709678,0.3287671232876712,0.34794520547945207,0.00821917808219178,0.01643835616438356,0.11232876712328767,80.78185424657534,55.672761643835614
TX,Red River,48387,53.2,92.61424516129033,60.90068387096774,0.38904109589041097,0.3150684931506849,0.010958904109589041,0.043835616438356165,0.16712328767123288,76.57903178082192,53.66313808219178
TX,Reeves,48389,6.5,102.20807096774193,64.9598,0.3095890410958904,0.27945205479452057,0.00821917808219178,0.03287671232876712,0.11232876712328767,82.37966739726028,51.57552767123288
TX,Refugio,48391,26.2,96.10438709677419,72.01910967741935,0.3643835616438356,0.42191780821917807,0.005479452054794521,0.01643835616438356,0.0410958904109589,82.59387726027397,62.70660931506849
TX,Roberts,48393,29.2,94.00930322580645,54.12995483870968,0.35342465753424657,0.29315068493150687,0.03561643835616438,0.1095890410958904,0.22465753424657534,73.87469205479452,44.75108657534246
TX,Robertson,48395,35.5,98.54030967741936,65.2082,0.37534246575342467,0.3150684931506849,0.010958904109589041,0.019178082191780823,0.11232876712328767,80.49109260273973,58.79748767123288
TX,Rockwall,48397,40.6,95.94221290322581,62.140070967741934,0.3835616438356164,0.29315068493150687,0.010958904109589041,0.049315068493150684,0.15342465753424658,77.76504438356164,57.14983671232877
TX,Runnels,48399,23.7,100.2673806451613,63.53495483870968,0.3315068493150685,0.30684931506849317,0.00821917808219178,0.0410958904109589,0.136986301369863,80.59564054794521,53.63390410958904
TX,Rusk,48401,44.9,96.32015483870968,62.8614064516129,0.3780821917808219,0.3013698630136986,0.010958904109589041,0.024657534246575342,0.12876712328767123,78.89015780821917,56.35250082191781
TX,Sabine,48403,40.3,98.29423225806451,64.51816129032258,0.336986301369863,0.29315068493150687,0.0027397260273972603,0.024657534246575342,0.1178082191780822,80.52859671232876,57.21827123287671
TX,San Augustine,48405,44,98.13664516129032,64.39790967741935,0.33972602739726027,0.3013698630136986,0.0027397260273972603,0.021917808219178082,0.12054794520547946,80.32119726027398,56.61637589041096
TX,San Jacinto,48407,47,98.52370322580646,66.02888387096775,0.3424657534246575,0.3232876712328767,0.0027397260273972603,0.01643835616438356,0.10684931506849316,81.4668701369863,59.32979945205479
TX,San Patricio,48409,27,96.02408387096774,72.79374838709677,0.33972602739726027,0.4191780821917808,0.005479452054794521,0.00821917808219178,0.0410958904109589,82.90911397260274,64.26841260273973
TX,San Saba,48411,22.3,101.07267741935483,65.64774838709677,0.3452054794520548,0.3232876712328767,0.010958904109589041,0.024657534246575342,0.1178082191780822,81.15381315068493,55.909592328767125
TX,Schleicher,48413,22.3,98.38289677419354,64.06903225806451,0.3095890410958904,0.31232876712328766,0.010958904109589041,0.043835616438356165,0.1506849315068493,79.91039287671232,54.019779726027394
TX,Scurry,48415,20.6,98.94931612903225,60.518329032258066,0.34794520547945207,0.273972602739726,0.01643835616438356,0.052054794520547946,0.16712328767123288,78.71004931506849,52.795572602739725
TX,Shackelford,48417,25.9,99.94343870967742,62.37081935483871,0.3424657534246575,0.26301369863013696,0.021917808219178082,0.04657534246575343,0.15616438356164383,79.67069205479451,53.94820876712329
TX,Shelby,48419,45.9,97.02424516129032,63.70421290322581,0.3561643835616438,0.30684931506849317,0.0027397260273972603,0.024657534246575342,0.12602739726027398,79.53410904109589,56.38227726027397
TX,Sherman,48421,25.6,92.2018129032258,51.415554838709674,0.33424657534246577,0.3013698630136986,0.052054794520547946,0.13150684931506848,0.25753424657534246,72.29097808219178,41.91501150684932
TX,Smith,48423,41.5,95.45313548387097,62.61858064516129,0.3835616438356164,0.2958904109589041,0.010958904109589041,0.0273972602739726,0.136986301369863,78.21408273972602,56.38687835616438
TX,Somervell,48425,39.7,100.48268387096775,64.4851806451613,0.36164383561643837,0.29041095890410956,0.010958904109589041,0.03561643835616438,0.136986301369863,79.85871561643836,55.82998794520548
TX,Starr,48427,22.5,102.45124516129032,78.47187741935484,0.2328767123287671,0.29041095890410956,0,0.00821917808219178,0.03287671232876712,88.59102849315069,64.19243287671233
TX,Stephens,48429,23.4,100.17662580645161,62.95309032258065,0.33972602739726027,0.27671232876712326,0.019178082191780823,0.0410958904109589,0.1506849315068493,79.76664438356164,54.422087123287675
TX,Sterling,48431,17.9,99.37742580645161,62.26746451612903,0.3013698630136986,0.2876712328767123,0.010958904109589041,0.049315068493150684,0.16164383561643836,79.99170356164383,51.81612602739726
TX,Stonewall,48433,29.6,99.0302,61.50130322580645,0.3232876712328767,0.2602739726027397,0.019178082191780823,0.052054794520547946,0.16164383561643836,79.54928328767123,52.00202904109589
TX,Sutton,48435,19.7,98.27344516129033,65.33396774193548,0.3178082191780822,0.3150684931506849,0.00821917808219178,0.0273972602739726,0.136986301369863,80.29083397260274,55.22802356164384
TX,Swisher,48437,21.5,93.95669677419355,55.39291612903226,0.36712328767123287,0.28493150684931506,0.03287671232876712,0.08493150684931507,0.2273972602739726,74.35314191780822,45.08677917808219
TX,Tarrant,48439,33.4,99.53930967741935,62.61921935483871,0.36164383561643837,0.25753424657534246,0.010958904109589041,0.0410958904109589,0.14794520547945206,78.98659835616438,58.31767671232877
TX,Taylor,48441,25.1,98.68367096774193,61.746335483870965,0.34794520547945207,0.27945205479452057,0.019178082191780823,0.049315068493150684,0.16164383561643836,78.96772547945206,53.561613150684934
TX,Terrell,48443,14,99.11689032258064,66.934864516129025,0.2958904109589041,0.32054794520547947,0.00821917808219178,0.01643835616438356,0.11506849315068493,81.79955452054794,56.87499890410959
TX,Terry,48445,19.2,97.10321290322581,58.064464516129036,0.3424657534246575,0.27945205479452057,0.019178082191780823,0.06575342465753424,0.1863013698630137,76.75926356164383,47.92045260273973
TX,Throckmorton,48447,25.1,100.68312258064516,61.96227741935484,0.33424657534246577,0.2602739726027397,0.021917808219178082,0.049315068493150684,0.15342465753424658,79.79621369863014,53.19723397260274
TX,Titus,48449,54.6,93.74783870967742,62.67374193548387,0.3863013698630137,0.3095890410958904,0.010958904109589041,0.0273972602739726,0.136986301369863,77.94950739726028,55.14208712328767
TX,Tom Green,48451,23.2,99.86214838709678,64.07768387096775,0.31232876712328766,0.29863013698630136,0.00821917808219178,0.038356164383561646,0.13972602739726028,80.81966410958904,53.97662410958904
TX,Travis,48453,27.1,100.32352903225807,67.60312903225807,0.34794520547945207,0.3150684931506849,0.010958904109589041,0.01643835616438356,0.10136986301369863,82.00243671232877,58.405822465753424
TX,Trinity,48455,42.7,98.2602064516129,65.00747096774194,0.34794520547945207,0.3178082191780822,0.005479452054794521,0.019178082191780823,0.11232876712328767,80.58695123287671,57.73136
TX,Tyler,48457,40.8,99.01458064516129,66.49345806451613,0.33972602739726027,0.33424657534246577,0.0027397260273972603,0.019178082191780823,0.09315068493150686,81.87309808219177,58.0391797260274
TX,Upshur,48459,44.9,94.30334193548387,62.694993548387096,0.3863013698630137,0.3150684931506849,0.010958904109589041,0.0273972602739726,0.136986301369863,78.06228109589041,55.873424657534244
TX,Upton,48461,10.6,99.86841935483871,63.30554193548387,0.30684931506849317,0.28493150684931506,0.00821917808219178,0.038356164383561646,0.15342465753424658,80.70282684931507,54.86069534246575
TX,Uvalde,48463,23.5,99.73516129032258,72.05330967741935,0.2958904109589041,0.3424657534246575,0.005479452054794521,0.0136986301369863,0.06301369863013699,84.21188,57.87409260273973
TX,Val Verde,48465,16.8,100.03384516129033,69.22225806451613,0.29315068493150687,0.3232876712328767,0.005479452054794521,0.01643835616438356,0.09315068493150686,83.0497802739726,58.93129917808219
TX,Van Zandt,48467,41.3,95.06973548387097,62.444270967741936,0.40821917808219177,0.29041095890410956,0.010958904109589041,0.030136986301369864,0.136986301369863,77.88487506849314,56.25247506849315
TX,Victoria,48469,31.4,96.18991612903226,70.97778064516129,0.3643835616438356,0.39452054794520547,0.005479452054794521,0.01643835616438356,0.06301369863013699,82.26454630136986,62.43617534246575
TX,Walker,48471,42.8,98.1616129032258,65.4934129032258,0.34794520547945207,0.32602739726027397,0.00821917808219178,0.01643835616438356,0.11232876712328767,80.87561205479452,59.304890410958905
TX,Waller,48473,42.6,97.58276774193548,67.52323225806451,0.336986301369863,0.3589041095890411,0.005479452054794521,0.0136986301369863,0.10410958904109589,81.66546191780822,60.5800498630137
TX,Ward,48475,6.7,102.24558064516128,65.4107870967742,0.29315068493150687,0.27945205479452057,0.00821917808219178,0.030136986301369864,0.12054794520547946,82.83102356164383,52.21708712328767
TX,Washington,48477,33.2,98.57572903225807,66.94258709677419,0.3452054794520548,0.3452054794520548,0.010958904109589041,0.0136986301369863,0.10136986301369863,81.69904547945205,59.87696493150685
TX,Webb,48479,20.7,103.59912258064516,74.86212258064516,0.25753424657534246,0.28493150684931506,0.005479452054794521,0.010958904109589041,0.0410958904109589,87.11418027397261,63.64030136986302
TX,Wharton,48481,34.8,97.92395483870968,69.8396,0.336986301369863,0.3726027397260274,0.0027397260273972603,0.0136986301369863,0.07123287671232877,82.78086520547946,62.32072383561644
TX,Wheeler,48483,27.6,94.03711612903226,55.44081935483871,0.33972602739726027,0.2684931506849315,0.030136986301369864,0.09315068493150686,0.23013698630136986,74.44453260273973,46.26398904109589
TX,Wichita,48485,25,100.09789032258064,60.179,0.336986301369863,0.2493150684931507,0.019178082191780823,0.057534246575342465,0.17534246575342466,78.96282849315068,52.99260602739726
TX,Wilbarger,48487,25.2,99.88194838709677,59.82927741935484,0.3150684931506849,0.2465753424657534,0.019178082191780823,0.057534246575342465,0.19452054794520549,78.73399671232876,51.78949095890411
TX,Willacy,48489,26.9,98.12166451612903,77.57954193548387,0.2493150684931507,0.37534246575342467,0,0.005479452054794521,0.0273972602739726,86.11592,65.68088493150685
TX,Williamson,48491,27.1,99.90813548387096,66.42912258064516,0.3589041095890411,0.3150684931506849,0.010958904109589041,0.01643835616438356,0.11506849315068493,81.17223726027397,57.62388767123288
TX,Wilson,48493,26.8,99.71611612903226,70.0497935483871,0.3452054794520548,0.3698630136986301,0.005479452054794521,0.01643835616438356,0.06575342465753424,83.11319452054795,60.95430684931507
TX,Winkler,48495,6.2,100.69514193548387,63.43572258064516,0.28493150684931506,0.2684931506849315,0.00821917808219178,0.03561643835616438,0.15616438356164383,81.09805753424658,52.385246575342464
TX,Wise,48497,28.6,100.02670322580644,61.88783870967742,0.36164383561643837,0.2547945205479452,0.010958904109589041,0.049315068493150684,0.15616438356164383,78.68891287671232,55.22306246575342
TX,Wood,48499,44.6,94.10435483870968,62.38434838709677,0.3780821917808219,0.3041095890410959,0.010958904109589041,0.024657534246575342,0.14246575342465753,77.81921205479452,55.37066739726028
TX,Yoakum,48501,16.1,97.00514193548388,57.84306451612903,0.3424657534246575,0.27671232876712326,0.021917808219178082,0.0684931506849315,0.1863013698630137,76.57371561643836,47.02668109589041
TX,Young,48503,26.1,100.91270967741936,62.371806451612905,0.3452054794520548,0.2684931506849315,0.019178082191780823,0.0410958904109589,0.15342465753424658,79.79374794520548,53.63440712328767
TX,Zapata,48505,18.7,103.93264516129032,77.04389677419354,0.23835616438356164,0.273972602739726,0,0.00821917808219178,0.03561643835616438,88.49615123287671,64.48034904109589
TX,Zavala,48507,24.2,101.9615870967742,73.73346451612903,0.29863013698630136,0.32054794520547947,0.005479452054794521,0.010958904109589041,0.04657534246575343,85.8139490410959,60.56690246575342
UT,Beaver,49001,15.9,90.61612903225806,35.14309032258065,0.3561643835616438,0.2219178082191781,0.19726027397260273,0.3589041095890411,0.4767123287671233,60.24941205479452,35.68701643835617
UT,Box Elder,49003,16.9,91.1457935483871,32.30861290322581,0.29863013698630136,0.22465753424657534,0.28493150684931506,0.4328767123287671,0.5123287671232877,58.26320821917808,37.99100164383562
UT,Cache,49005,35.6,83.72654193548387,28.730096774193548,0.3232876712328767,0.1726027397260274,0.3726027397260274,0.4712328767123288,0.5643835616438356,53.426179178082194,32.841068493150686
UT,Carbon,49007,16.7,85.75734838709677,30.417509677419357,0.33972602739726027,0.18356164383561643,0.2958904109589041,0.4410958904109589,0.5260273972602739,55.74974739726027,33.059657534246575
UT,Daggett,49009,17.1,80.68024516129033,29.031509677419354,0.3561643835616438,0.12876712328767123,0.3643835616438356,0.4602739726027397,0.5671232876712329,52.539198356164384,27.849727671232877
UT,Davis,49011,23.2,92.39598064516129,35.62456129032258,0.29041095890410956,0.25205479452054796,0.2136986301369863,0.4054794520547945,0.4958904109589041,60.49357589041096,41.480831780821916
UT,Duchesne,49013,20.6,81.51556129032258,27.26965806451613,0.36164383561643837,0.14246575342465753,0.3643835616438356,0.4684931506849315,0.5698630136986301,52.11415178082192,29.01142301369863
UT,Emery,49015,11,92.63456774193548,35.671129032258065,0.32054794520547947,0.2465753424657534,0.2,0.38082191780821917,0.4602739726027397,61.875324931506846,36.91603671232877
UT,Garfield,49017,14.6,89.31083870967743,34.974412903225804,0.36712328767123287,0.18904109589041096,0.19726027397260273,0.3863013698630137,0.4794520547945205,59.68908931506849,35.26057917808219
UT,Grand,49019,11.4,94.00396129032258,36.76425161290322,0.2876712328767123,0.2684931506849315,0.18356164383561643,0.3698630136986301,0.44931506849315067,63.10386684931507,38.63893260273973
UT,Iron,49021,18.3,89.70155483870968,35.826916129032256,0.3780821917808219,0.2054794520547945,0.17534246575342466,0.3424657534246575,0.4684931506849315,60.372847671232876,33.90733917808219
UT,Juab,49023,13.7,92.4449870967742,34.87669032258064,0.3178082191780822,0.2602739726027397,0.20273972602739726,0.3863013698630137,0.473972602739726,61.196739726027396,35.78529150684931
UT,Kane,49025,14.6,94.46255483870968,38.865374193548384,0.3452054794520548,0.273972602739726,0.10684931506849316,0.32602739726027397,0.4273972602739726,64.42110684931507,38.33285863013699
UT,Millard,49027,11.8,94.38091612903226,35.5743935483871,0.3013698630136986,0.26301369863013696,0.1863013698630137,0.3561643835616438,0.4575342465753425,62.61663397260274,36.73768383561644
UT,Morgan,49029,33.3,82.18347741935484,29.09723870967742,0.34794520547945207,0.14794520547945206,0.36164383561643837,0.4712328767123288,0.5643835616438356,53.12637808219178,31.99941808219178
UT,Piute,49031,17.9,83.24094838709678,31.39038064516129,0.3643835616438356,0.1506849315068493,0.2547945205479452,0.41643835616438357,0.5452054794520548,54.90554739726027,30.47409808219178
UT,Rich,49033,23.1,80.93956129032259,23.092612903225806,0.33424657534246577,0.13424657534246576,0.41643835616438357,0.5013698630136987,0.5917808219178082,49.85398301369863,27.240844383561644
UT,Salt Lake,49035,28,89.09298064516129,34.341567741935485,0.32602739726027397,0.2191780821917808,0.2410958904109589,0.4273972602739726,0.5068493150684932,58.48572767123288,39.48100712328767
UT,San Juan,49037,10.5,95.24990967741935,38.40364516129032,0.29315068493150687,0.273972602739726,0.12054794520547946,0.3287671232876712,0.4246575342465753,64.73702410958904,40.789967123287674
UT,Sanpete,49039,22.1,83.62214193548387,30.692096774193548,0.3589041095890411,0.1643835616438356,0.29041095890410956,0.4301369863013699,0.5424657534246575,55.20246356164384,30.39411397260274
UT,Sevier,49041,18.2,84.28198709677419,31.9388,0.3589041095890411,0.1643835616438356,0.26575342465753427,0.4191780821917808,0.5452054794520548,55.43626136986301,31.302319999999998
UT,Summit,49043,28.8,76.44856129032259,26.946645161290324,0.3506849315068493,0.06575342465753424,0.3780821917808219,0.5068493150684932,0.6273972602739726,49.23458575342466,25.975538082191783
UT,Tooele,49045,12.1,93.5028064516129,34.963554838709676,0.27671232876712326,0.23835616438356164,0.2219178082191781,0.38904109589041097,0.4876712328767123,60.985483835616435,39.073891506849314
UT,Uintah,49047,11.6,89.31229032258065,27.627045161290322,0.3150684931506849,0.24383561643835616,0.3150684931506849,0.4191780821917808,0.4958904109589041,57.26996821917808,32.483790684931506
UT,Utah,49049,25.6,86.54987096774194,32.4149870967742,0.3506849315068493,0.20273972602739726,0.25205479452054796,0.4246575342465753,0.5123287671232877,57.13375506849315,34.870689315068496
UT,Wasatch,49051,31.2,79.10762580645161,27.026309677419356,0.3726027397260274,0.1095890410958904,0.36712328767123287,0.4821917808219178,0.5972602739726027,50.69596383561644,28.514445479452053
UT,Washington,49053,20.5,95.66791612903226,41.210890322580646,0.3095890410958904,0.3013698630136986,0.07123287671232877,0.25753424657534246,0.41643835616438357,65.99615123287671,42.60424383561644
UT,Wayne,49055,10.4,92.72712258064516,37.156477419354836,0.32054794520547947,0.25205479452054796,0.18082191780821918,0.3780821917808219,0.4575342465753425,62.17043616438356,37.01076109589041
UT,Weber,49057,31.5,87.14288387096774,32.20392258064516,0.33424657534246577,0.2054794520547945,0.30684931506849317,0.4520547945205479,0.5287671232876713,56.51366246575343,36.792877260273976
VT,Addison,50001,59.6,80.60725806451613,33.548232258064516,0.336986301369863,0.2,0.273972602739726,0.4328767123287671,0.547945205479452,55.56423890410959,38.33408164383562
VT,Bennington,50003,62.5,78.26812903225806,34.448,0.36164383561643837,0.1643835616438356,0.26575342465753427,0.4410958904109589,0.5780821917808219,54.72162191780822,37.62619835616438
VT,Caledonia,50005,52.9,78.89865161290322,31.20138064516129,0.34794520547945207,0.16712328767123288,0.3452054794520548,0.4657534246575342,0.5808219178082191,53.20575561643836,35.302255342465756
VT,Chittenden,50007,54.7,80.37668387096774,33.73746451612903,0.3506849315068493,0.1917808219178082,0.26575342465753427,0.4328767123287671,0.5397260273972603,55.53521698630137,39.66614575342466
VT,Essex,50009,52.7,78.09498064516129,30.358748387096774,0.35342465753424657,0.15616438356164383,0.3506849315068493,0.4712328767123288,0.5808219178082191,52.49983506849315,33.56233095890411
VT,Franklin,50011,53.4,79.54914838709678,32.34687741935484,0.3424657534246575,0.17534246575342466,0.2958904109589041,0.4410958904109589,0.5534246575342465,54.90768767123288,38.767817534246575
VT,Grand Isle,50013,53.6,80.55470967741935,33.72538709677419,0.3561643835616438,0.2191780821917808,0.27671232876712326,0.4301369863013699,0.5315068493150685,56.15596547945206,42.02102904109589
VT,Lamoille,50015,58.3,78.17452903225806,31.232851612903225,0.3506849315068493,0.16164383561643836,0.32054794520547947,0.4575342465753425,0.5753424657534246,53.32288876712329,36.724156712328764
VT,Orange,50017,55.3,78.38547741935484,32.912716129032255,0.3589041095890411,0.16712328767123288,0.3041095890410959,0.4547945205479452,0.5753424657534246,54.00872821917808,36.26254301369863
VT,Orleans,50019,53.8,77.92874193548387,30.201277419354838,0.35342465753424657,0.1506849315068493,0.3424657534246575,0.4684931506849315,0.5808219178082191,52.537314520547945,35.66880438356164
VT,Rutland,50021,57.1,80.27814838709678,34.930690322580645,0.33972602739726027,0.19726027397260273,0.2465753424657534,0.4301369863013699,0.5534246575342465,55.91163890410959,38.06485589041096
VT,Washington,50023,59.4,79.259,32.77725161290323,0.33424657534246577,0.1780821917808219,0.3150684931506849,0.4520547945205479,0.5808219178082191,54.10043945205479,36.60561808219178
VT,Windham,50025,64.3,79.35631612903225,35.381503225806455,0.35342465753424657,0.1917808219178082,0.23835616438356164,0.4273972602739726,0.5698630136986301,55.74916547945205,37.580019726027395
VT,Windsor,50027,59,79.75864516129032,34.539045161290325,0.33972602739726027,0.18904109589041096,0.26575342465753427,0.4383561643835616,0.5643835616438356,55.53176,37.62259342465754
VA,Accomack,51001,41.5,86.91776774193548,53.542167741935486,0.4246575342465753,0.31232876712328766,0.019178082191780823,0.1232876712328767,0.32054794520547947,67.84930794520548,51.79802246575343
VA,Albemarle,51003,42.1,87.70303225806451,52.78628387096774,0.4054794520547945,0.3726027397260274,0.019178082191780823,0.11232876712328767,0.27671232876712326,69.38642410958904,47.41821808219178
VA,Alleghany,51005,36.6,83.38831612903226,47.324851612903224,0.44931506849315067,0.32054794520547947,0.0684931506849315,0.1726027397260274,0.3698630136986301,65.07700219178082,43.77677369863014
VA,Amelia,51007,48.4,88.98649032258065,54.22198709677419,0.410958904109589,0.36164383561643837,0.0136986301369863,0.09041095890410959,0.26575342465753427,70.66210136986301,47.35692438356164
VA,Amherst,51009,44.2,86.2939806451613,51.362367741935486,0.4273972602739726,0.38904109589041097,0.024657534246575342,0.12602739726027398,0.3095890410958904,68.30557095890411,46.03789917808219
VA,Appomattox,51011,48,87.5992129032258,52.21922580645161,0.4273972602739726,0.39452054794520547,0.01643835616438356,0.10410958904109589,0.27945205479452057,69.40067616438357,47.170054794520546
VA,Arlington,51013,41.2,88.6451870967742,51.06658709677419,0.3452054794520548,0.3589041095890411,0.019178082191780823,0.14246575342465753,0.3506849315068493,68.62409698630137,50.71824931506849
VA,Augusta,51015,33.2,84.51476774193549,48.727225806451614,0.42191780821917807,0.3315068493150685,0.0410958904109589,0.1780821917808219,0.3561643835616438,66.01179890410958,43.47472876712329
VA,Bath,51017,35.3,82.97925161290323,46.4936,0.4301369863013699,0.31232876712328766,0.07123287671232877,0.19452054794520549,0.3972602739726027,64.4198295890411,42.446036164383564
VA,Bedford,51019,42.4,86.58093548387097,51.793787096774196,0.43561643835616437,0.4,0.019178082191780823,0.11506849315068493,0.29315068493150687,68.72922684931507,46.53800821917808
VA,Bland,51021,41.7,81.53965806451613,46.99829677419355,0.4931506849315068,0.2821917808219178,0.07123287671232877,0.18904109589041096,0.38082191780821917,63.99082794520548,41.89837260273973
VA,Botetourt,51023,40.5,85.7678,50.129251612903225,0.43561643835616437,0.36712328767123287,0.030136986301369864,0.13424657534246576,0.3150684931506849,67.66231506849316,45.90012273972603
VA,Brunswick,51025,48.9,89.85501935483872,55.76749032258065,0.41643835616438357,0.36712328767123287,0.005479452054794521,0.07671232876712329,0.2328767123287671,71.55356986301369,49.29519890410959
VA,Buchanan,51027,40.4,83.29709677419355,48.381567741935484,0.473972602739726,0.336986301369863,0.06027397260273973,0.16712328767123288,0.3424657534246575,65.71573589041095,44.2029298630137
VA,Buckingham,51029,50.1,88.27206451612903,53.0721935483871,0.42191780821917807,0.3863013698630137,0.01643835616438356,0.09041095890410959,0.26301369863013696,70.21678136986301,46.81443397260274
VA,Campbell,51031,45,87.84157419354838,52.882264516129034,0.4410958904109589,0.3917808219178082,0.0136986301369863,0.10410958904109589,0.2602739726027397,69.80489205479452,46.62026575342466
VA,Caroline,51033,43.9,89.09228387096775,53.72692903225806,0.38904109589041097,0.3424657534246575,0.0136986301369863,0.10410958904109589,0.27945205479452057,70.15213424657534,47.846243287671236
VA,Carroll,51035,45.6,81.977,48.6374,0.4958904109589041,0.29041095890410956,0.052054794520547946,0.136986301369863,0.3726027397260274,64.68358136986302,43.86682301369863
VA,Charles City,51036,48.9,89.9190064516129,55.74867741935484,0.4191780821917808,0.35342465753424657,0.005479452054794521,0.08767123287671233,0.2493150684931507,71.3307002739726,49.253700273972605
VA,Charlotte,51037,44.2,88.5781806451613,53.43416774193548,0.43561643835616437,0.36712328767123287,0.0136986301369863,0.0958904109589041,0.2547945205479452,70.3014208219178,47.44852712328767
VA,Chesterfield,51041,46.4,89.38527741935484,54.92085161290323,0.4136986301369863,0.3561643835616438,0.00821917808219178,0.08767123287671233,0.2602739726027397,70.8389501369863,48.44089917808219
VA,Clarke,51043,30.6,88.6995935483871,49.01406451612903,0.3424657534246575,0.3287671232876712,0.0410958904109589,0.19452054794520549,0.3780821917808219,67.14403342465754,45.21325260273973
VA,Craig,51045,41.2,84.09170967741936,48.16469677419355,0.4602739726027397,0.3315068493150685,0.07123287671232877,0.1589041095890411,0.3506849315068493,65.64217260273972,45.19412328767123
VA,Culpeper,51047,33.1,89.75584516129032,52.54549032258065,0.3780821917808219,0.33972602739726027,0.019178082191780823,0.12876712328767123,0.29041095890410956,69.7898904109589,45.303844383561646
VA,Cumberland,51049,47.3,88.75173548387097,53.49513548387097,0.4191780821917808,0.3726027397260274,0.0136986301369863,0.09315068493150686,0.2602739726027397,70.47581863013698,46.50669808219178
VA,Dickenson,51051,39,82.71534838709677,48.37703870967742,0.4904109589041096,0.3452054794520548,0.06027397260273973,0.1726027397260274,0.33972602739726027,65.46906684931507,43.78702630136986
VA,Dinwiddie,51053,51.8,89.4460129032258,55.425025806451615,0.42191780821917807,0.3589041095890411,0.005479452054794521,0.08493150684931507,0.2493150684931507,71.11450301369862,48.398157808219175
VA,Essex,51057,44.5,88.66347741935483,54.24126451612903,0.39452054794520547,0.34794520547945207,0.0136986301369863,0.10410958904109589,0.28493150684931506,69.9526498630137,48.610774794520545
VA,Fairfax,51059,39.5,88.36270322580646,50.45267096774194,0.3561643835616438,0.36712328767123287,0.019178082191780823,0.1506849315068493,0.34794520547945207,68.30529479452055,48.44187068493151
VA,Fauquier,51061,34.7,89.04327741935484,51.23166451612903,0.3643835616438356,0.3452054794520548,0.021917808219178082,0.14520547945205478,0.33424657534246577,68.63339287671234,45.12622630136986
VA,Floyd,51063,43.4,81.40396129032258,48.01181290322581,0.5013698630136987,0.27123287671232876,0.06301369863013699,0.1589041095890411,0.3863013698630137,64.02756767123287,44.002503561643834
VA,Fluvanna,51065,46.3,88.93028387096774,53.003851612903226,0.3972602739726027,0.36712328767123287,0.021917808219178082,0.08767123287671233,0.25753424657534246,70.61905424657535,45.76882630136986
VA,Franklin,51067,47.7,86.96468387096775,51.77375483870968,0.4438356164383562,0.3917808219178082,0.021917808219178082,0.11506849315068493,0.28493150684931506,68.66368712328767,45.45499506849315
VA,Frederick,51069,31.2,87.64189032258065,48.436206451612904,0.3424657534246575,0.34794520547945207,0.043835616438356165,0.20821917808219179,0.4,66.31505698630137,44.13695123287671
VA,Giles,51071,40,82.25164516129033,46.721445161290326,0.473972602739726,0.2821917808219178,0.07945205479452055,0.1917808219178082,0.3835616438356164,64.0126202739726,42.937771506849316
VA,Gloucester,51073,46.9,88.04764516129032,55.057245161290325,0.42191780821917807,0.3287671232876712,0.005479452054794521,0.09863013698630137,0.2876712328767123,69.59099287671233,51.08331890410959
VA,Goochland,51075,44.2,88.64495483870968,53.284651612903225,0.4054794520547945,0.3452054794520548,0.019178082191780823,0.09863013698630137,0.27671232876712326,70.14223178082192,46.42895287671233
VA,Grayson,51077,42.1,79.72502580645161,47.21841935483871,0.4958904109589041,0.2,0.06027397260273973,0.16164383561643836,0.4246575342465753,62.803666301369866,41.90258410958904
VA,Greene,51079,40.3,86.19364516129032,51.023387096774194,0.4054794520547945,0.3726027397260274,0.030136986301369864,0.1506849315068493,0.32602739726027397,67.66306465753425,46.72457205479452
VA,Greensville,51081,50.9,90.04123225806451,56.252212903225804,0.43561643835616437,0.3506849315068493,0.00821917808219178,0.0684931506849315,0.2273972602739726,71.64841260273973,48.95773095890411
VA,Halifax,51083,41.8,89.36809032258064,54.34612903225806,0.4438356164383562,0.36712328767123287,0.010958904109589041,0.07671232876712329,0.22465753424657534,71.1363890410959,47.08089808219178
VA,Hanover,51085,42.9,88.53811612903226,54.068348387096776,0.40273972602739727,0.35342465753424657,0.00821917808219178,0.0958904109589041,0.27671232876712326,70.31261534246575,48.32053095890411
VA,Henrico,51087,45,89.2787870967742,54.86812903225806,0.410958904109589,0.34794520547945207,0.00821917808219178,0.09041095890410959,0.2602739726027397,70.81114136986301,48.903666849315066
VA,Henry,51089,49,87.86886451612904,52.96518064516129,0.44931506849315067,0.40273972602739727,0.010958904109589041,0.09315068493150686,0.25753424657534246,69.78030356164383,45.20205315068493
VA,Highland,51091,33.2,80.36054193548387,43.93765806451613,0.46301369863013697,0.2328767123287671,0.0958904109589041,0.24383561643835616,0.4410958904109589,61.73107342465753,38.503873424657534
VA,Isle of Wight,51093,49.1,89.39305806451613,56.60756774193548,0.43561643835616437,0.336986301369863,0.005479452054794521,0.07397260273972603,0.2493150684931507,71.10434904109589,50.58320493150685
VA,James City,51095,49.2,89.0658064516129,55.68033548387097,0.4328767123287671,0.3424657534246575,0.005479452054794521,0.09041095890410959,0.2602739726027397,70.65887616438356,50.56591506849315
VA,King and Queen,51097,43.8,88.57701935483871,54.67430967741936,0.3972602739726027,0.3424657534246575,0.005479452054794521,0.09863013698630137,0.28493150684931506,70.19146794520547,48.664868493150685
VA,King George,51099,42.9,89.06429677419355,53.25271612903226,0.36712328767123287,0.34794520547945207,0.0136986301369863,0.11232876712328767,0.3095890410958904,69.57517753424658,48.88091287671233
VA,King William,51101,44.3,88.91263225806452,54.91643870967742,0.40273972602739727,0.33972602739726027,0.005479452054794521,0.0958904109589041,0.2684931506849315,70.68118136986301,48.80723123287671
VA,Lancaster,51103,45,87.74187741935484,54.076825806451616,0.4246575342465753,0.33424657534246577,0.010958904109589041,0.1178082191780822,0.29863013698630136,68.92008602739726,50.103778630136986
VA,Lee,51105,43,85.38457419354839,50.048832258064515,0.43561643835616437,0.4054794520547945,0.049315068493150684,0.14794520547945206,0.3178082191780822,67.84585589041096,44.94841095890411
VA,Loudoun,51107,34.8,89.1972064516129,49.3011935483871,0.3424657534246575,0.336986301369863,0.03561643835616438,0.16164383561643836,0.3726027397260274,67.61382849315069,46.62051726027397
VA,Louisa,51109,41.5,88.28269032258065,52.68350967741935,0.3972602739726027,0.3589041095890411,0.024657534246575342,0.1095890410958904,0.29041095890410956,69.61987671232876,45.9316301369863
VA,Lunenburg,51111,46.2,88.56761290322581,53.75805161290322,0.4438356164383562,0.3589041095890411,0.010958904109589041,0.0958904109589041,0.2493150684931507,70.36143726027397,48.56126739726027
VA,Madison,51113,36.9,87.11530322580646,50.79873548387097,0.3835616438356164,0.3726027397260274,0.030136986301369864,0.15616438356164383,0.3315068493150685,67.84912547945206,44.539071232876715
VA,Mathews,51115,46.9,87.05903870967742,54.306935483870966,0.4246575342465753,0.3232876712328767,0.005479452054794521,0.11506849315068493,0.30684931506849317,68.44663671232877,52.32286301369863
VA,Mecklenburg,51117,42.3,90.37498709677419,55.21314838709677,0.4273972602739726,0.3452054794520548,0.010958904109589041,0.08493150684931507,0.2191780821917808,71.7940202739726,49.222967123287674
VA,Middlesex,51119,45.4,87.91038064516128,54.45923870967742,0.41643835616438357,0.3315068493150685,0.005479452054794521,0.10684931506849316,0.2958904109589041,69.34040328767124,50.376747397260274
VA,Montgomery,51121,39.9,83.8534129032258,48.911,0.4849315068493151,0.32602739726027397,0.0684931506849315,0.14794520547945206,0.34794520547945207,65.72478520547945,44.71925369863014
VA,Nelson,51125,43.1,86.8015806451613,51.64171612903226,0.4,0.3780821917808219,0.021917808219178082,0.12876712328767123,0.3095890410958904,68.62117260273972,46.59306849315068
VA,New Kent,51127,47.9,88.8296,55.20983870967742,0.40821917808219177,0.3424657534246575,0.005479452054794521,0.0958904109589041,0.273972602739726,70.56016219178082,48.889572602739726
VA,Northampton,51131,44.4,86.0477870967742,53.986709677419356,0.44931506849315067,0.30684931506849317,0.010958904109589041,0.12054794520547946,0.31232876712328766,67.62808547945205,53.19525643835617
VA,Northumberland,51133,44.8,87.25849032258064,53.38876129032258,0.410958904109589,0.336986301369863,0.010958904109589041,0.1232876712328767,0.3178082191780822,68.31873808219179,50.83257643835616
VA,Nottoway,51135,49.1,88.17492258064516,53.86924516129032,0.4273972602739726,0.36164383561643837,0.0136986301369863,0.09863013698630137,0.2684931506849315,70.12929150684931,47.75201205479452
VA,Orange,51137,38.6,88.62004516129032,52.37530322580645,0.3863013698630137,0.3589041095890411,0.024657534246575342,0.1232876712328767,0.29315068493150687,69.36825150684932,45.79921424657534
VA,Page,51139,32.6,87.702393548387093,49.77134193548387,0.3726027397260274,0.3561643835616438,0.038356164383561646,0.18356164383561643,0.3452054794520548,67.49387452054795,42.49909917808219
VA,Patrick,51141,56.2,85.64412258064516,51.58910967741935,0.4575342465753425,0.38904109589041097,0.019178082191780823,0.10684931506849316,0.3041095890410959,68.12506794520549,45.28287561643835
VA,Pittsylvania,51143,44.6,88.21783225806452,53.216367741935485,0.4328767123287671,0.3917808219178082,0.010958904109589041,0.09041095890410959,0.2547945205479452,70.0936909589041,45.897962739726026
VA,Powhatan,51145,45.4,88.90363225806452,53.85583225806452,0.4054794520547945,0.3561643835616438,0.01643835616438356,0.09315068493150686,0.2684931506849315,70.44206246575342,47.0951698630137
VA,Prince Edward,51147,47.9,88.05130322580645,53.22571612903226,0.4410958904109589,0.3780821917808219,0.01643835616438356,0.10410958904109589,0.26301369863013696,69.87876109589041,47.36061808219178
VA,Prince George,51149,48.8,90.53181935483872,56.114251612903224,0.4246575342465753,0.34794520547945207,0.005479452054794521,0.07945205479452055,0.2328767123287671,71.80098849315068,48.83686465753425
VA,Prince William,51153,37.5,89.24783870967742,51.11925161290323,0.3726027397260274,0.3452054794520548,0.021917808219178082,0.14520547945205478,0.3287671232876712,68.72039945205479,46.50231397260274
VA,Pulaski,51155,37.8,83.20024516129033,48.40258709677419,0.4904109589041096,0.32602739726027397,0.057534246575342465,0.14246575342465753,0.35342465753424657,65.47901863013699,43.33452109589041
VA,Rappahannock,51157,34.8,87.62435483870968,50.667045161290325,0.37534246575342467,0.36164383561643837,0.03287671232876712,0.1643835616438356,0.336986301369863,67.96259945205479,43.775821917808216
VA,Richmond,51159,44,88.45450322580645,54.14029032258065,0.39452054794520547,0.35342465753424657,0.0136986301369863,0.1095890410958904,0.2876712328767123,69.6974591780822,49.19570082191781
VA,Roanoke,51161,43.2,85.42887741935483,50.045,0.4520547945205479,0.3589041095890411,0.038356164383561646,0.13424657534246576,0.3232876712328767,67.17914575342466,46.60515068493151
VA,Rockbridge,51163,37.9,84.84457419354838,49.16189677419355,0.4246575342465753,0.3424657534246575,0.03287671232876712,0.16164383561643836,0.34794520547945207,66.4753605479452,44.42966575342466
VA,Rockingham,51165,32.8,85.83428387096774,49.08809677419355,0.40273972602739727,0.33972602739726027,0.03561643835616438,0.18082191780821918,0.35342465753424657,66.47412767123288,42.39170082191781
VA,Russell,51167,40.3,82.77927741935484,48.31833548387097,0.4712328767123288,0.34794520547945207,0.057534246575342465,0.1726027397260274,0.3452054794520548,65.55894356164383,44.63485095890411
VA,Scott,51169,40.5,85.02881290322581,50.11409677419355,0.4410958904109589,0.3972602739726027,0.0410958904109589,0.14794520547945206,0.3095890410958904,67.77567561643836,45.87633808219178
VA,Shenandoah,51171,33.1,87.67196774193549,49.73487741935484,0.3835616438356164,0.3424657534246575,0.038356164383561646,0.18356164383561643,0.34794520547945207,67.29711232876713,42.06645315068493
VA,Smyth,51173,41.6,80.83341935483871,47.52465161290323,0.5150684931506849,0.26575342465753427,0.06301369863013699,0.1780821917808219,0.3780821917808219,63.978459726027396,42.06444602739726
VA,Southampton,51175,50.2,89.85443870967742,56.76213548387097,0.4438356164383562,0.3506849315068493,0.005479452054794521,0.07123287671232877,0.23013698630136986,71.65426136986301,49.0607698630137
VA,Spotsylvania,51177,39.9,89.20597419354839,53.06075483870968,0.3835616438356164,0.3452054794520548,0.019178082191780823,0.10684931506849316,0.2821917808219178,69.97893972602739,46.511639452054794
VA,Stafford,51179,39,89.53009032258065,53.26955483870968,0.36712328767123287,0.34794520547945207,0.01643835616438356,0.11506849315068493,0.29863013698630136,69.89857589041095,47.12300328767123
VA,Surry,51181,49.3,89.66787741935484,56.11268387096774,0.4246575342465753,0.3452054794520548,0.005479452054794521,0.0821917808219178,0.2493150684931507,71.14325863013698,50.0648098630137
VA,Sussex,51183,48.5,90.1202,56.25906451612903,0.4301369863013699,0.34794520547945207,0.005479452054794521,0.07945205479452055,0.2328767123287671,71.61130794520548,48.794971506849315
VA,Tazewell,51185,42.6,80.80432903225807,46.55718064516129,0.4986301369863014,0.2602739726027397,0.0684931506849315,0.20273972602739726,0.38904109589041097,63.567058630136984,42.663328219178084
VA,Warren,51187,34.4,88.54821935483871,49.69771612903226,0.3643835616438356,0.3315068493150685,0.038356164383561646,0.18356164383561643,0.35342465753424657,67.5356295890411,44.55107452054794
VA,Washington,51191,40.7,83.36032903225806,49.46685161290323,0.473972602739726,0.3698630136986301,0.052054794520547946,0.15342465753424658,0.3315068493150685,66.48106136986301,44.132552328767126
VA,Westmoreland,51193,43.8,88.27624516129032,53.39131612903226,0.38904109589041097,0.3589041095890411,0.0136986301369863,0.11232876712328767,0.31232876712328766,69.14893260273972,49.99915178082192
VA,Wise,51195,40.1,81.96370322580646,47.69228387096774,0.5068493150684932,0.32054794520547947,0.06027397260273973,0.1780821917808219,0.35342465753424657,64.8046597260274,44.59424
VA,Wythe,51197,39.6,82.3059935483871,48.363451612903226,0.4958904109589041,0.29863013698630136,0.06027397260273973,0.15616438356164383,0.36164383561643837,64.94695342465754,42.34628164383562
VA,York,51199,46.1,88.45972903225807,55.45765806451613,0.4273972602739726,0.3315068493150685,0.005479452054794521,0.0958904109589041,0.27671232876712326,69.90718136986301,52.24512273972603
VA,Alexandria,51510,39.1,88.68949032258064,51.37363225806452,0.3561643835616438,0.3589041095890411,0.0136986301369863,0.13424657534246576,0.3315068493150685,68.91702849315068,51.28174794520548
VA,Bristol,51520,45.6,84.94409677419354,51.33629677419355,0.4328767123287671,0.41643835616438357,0.038356164383561646,0.1178082191780822,0.2958904109589041,68.36892602739726,46.200984109589044
VA,Buena Vista,51530,34.7,86.55660645161291,51.087083870967746,0.40821917808219177,0.3780821917808219,0.019178082191780823,0.14520547945205478,0.31232876712328766,68.19936109589041,44.69127726027397
VA,Charlottesville,51540,42.9,89.2688,53.62769677419355,0.40273972602739727,0.36164383561643837,0.01643835616438356,0.10136986301369863,0.25753424657534246,70.31997315068493,47.84814191780822
VA,Chesapeake,51550,49.5,90.21490322580645,57.99914193548387,0.43561643835616437,0.3452054794520548,0.005479452054794521,0.06301369863013699,0.2356164383561644,71.90730191780823,51.07482191780822
VA,Colonial Heights,51570,48.1,89.78650322580646,56.02663225806452,0.4246575342465753,0.36712328767123287,0.005479452054794521,0.07945205479452055,0.23835616438356164,71.6097989041096,48.74515342465754
VA,Covington,51580,32.7,84.64715483870968,48.493283870967744,0.4465753424657534,0.3506849315068493,0.052054794520547946,0.15616438356164383,0.336986301369863,66.48013424657535,43.13467671232877
VA,Danville,51590,43.5,89.48311612903225,54.07154193548387,0.4273972602739726,0.36164383561643837,0.00821917808219178,0.0821917808219178,0.2356164383561644,70.93812273972603,47.46259178082192
VA,Emporia,51595,50.9,89.99838064516129,56.37118709677419,0.44931506849315067,0.3506849315068493,0.00821917808219178,0.06575342465753424,0.2191780821917808,71.6359802739726,48.60179452054795
VA,Fairfax,51600,38.5,86.99818709677419,49.570903225806454,0.36164383561643837,0.3698630136986301,0.024657534246575342,0.1589041095890411,0.3643835616438356,67.47592383561644,47.85300438356165
VA,Falls Church,51610,42.6,87.79012903225806,50.527167741935486,0.3506849315068493,0.3726027397260274,0.019178082191780823,0.15342465753424658,0.3561643835616438,68.13471397260274,49.293655342465755
VA,Franklin,51620,49.5,89.53043870967741,57.04107741935484,0.4301369863013699,0.3506849315068493,0.005479452054794521,0.07397260273972603,0.23835616438356164,71.65887726027397,48.87837808219178
VA,Fredericksburg,51630,38.6,89.90152903225807,53.52474838709677,0.3835616438356164,0.3424657534246575,0.0136986301369863,0.10684931506849316,0.27671232876712326,70.18241369863014,46.79642410958904
VA,Galax,51640,43.2,82.01125806451613,48.737967741935485,0.4931506849315068,0.2684931506849315,0.0547945205479452,0.13972602739726028,0.3726027397260274,64.72462630136987,42.75628712328767
VA,Hampton,51650,45.2,87.70477419354839,55.57744516129032,0.43561643835616437,0.3178082191780822,0.005479452054794521,0.09315068493150686,0.2876712328767123,69.25233150684932,54.986779178082195
VA,Harrisonburg,51660,29.4,86.80088387096774,50.305129032258066,0.3726027397260274,0.34794520547945207,0.03287671232876712,0.16164383561643836,0.34794520547945207,67.63644438356164,42.57442301369863
VA,Hopewell,51670,46.5,90.32005806451613,56.147987096774195,0.4191780821917808,0.3561643835616438,0.005479452054794521,0.07945205479452055,0.2356164383561644,71.84880438356164,48.908410958904106
VA,Lexington,51678,36.2,87.07361290322581,51.40057419354839,0.3917808219178082,0.38904109589041097,0.019178082191780823,0.14520547945205478,0.31232876712328766,68.52442136986302,43.72302520547945
VA,Lynchburg,51680,46.5,87.6686,53.01447741935484,0.4465753424657534,0.3917808219178082,0.0136986301369863,0.10410958904109589,0.2547945205479452,69.73930301369863,46.6721106849315
VA,Manassas,51683,33.6,89.40263870967742,50.87044516129032,0.3698630136986301,0.3424657534246575,0.024657534246575342,0.15342465753424658,0.33424657534246577,68.58301260273973,46.00629808219178
VA,Manassas Park,51685,35.5,89.49362580645162,50.827825806451614,0.3726027397260274,0.3424657534246575,0.024657534246575342,0.15342465753424658,0.3287671232876712,68.67948767123288,46.494004383561645
VA,Martinsville,51690,50.3,88.13950322580645,53.05767741935484,0.4410958904109589,0.4,0.010958904109589041,0.09315068493150686,0.2547945205479452,70.02098575342465,44.56592328767123
VA,Newport News,51700,44,88.23432258064516,55.36568387096774,0.4246575342465753,0.33424657534246577,0.005479452054794521,0.09863013698630137,0.28493150684931506,69.69859835616438,53.277632328767126
VA,Norfolk,51710,51.1,88.72763870967742,56.434709677419356,0.42191780821917807,0.33424657534246577,0.005479452054794521,0.07945205479452055,0.27671232876712326,70.21742246575343,55.69822301369863
VA,Norton,51720,40.3,80.65742580645161,46.61222580645161,0.5123287671232877,0.27123287671232876,0.06575342465753424,0.19726027397260273,0.38904109589041097,63.7181501369863,44.75102739726027
VA,Petersburg,51730,49.3,89.75694838709677,55.82723870967742,0.4301369863013699,0.36164383561643837,0.005479452054794521,0.0821917808219178,0.2410958904109589,71.45240493150685,48.752417534246575
VA,Poquoson,51735,42.9,87.27834838709677,55.282535483870966,0.43561643835616437,0.3178082191780822,0.005479452054794521,0.09863013698630137,0.29315068493150687,68.93487068493151,54.47109643835616
VA,Portsmouth,51740,51,89.15087096774194,56.92401935483871,0.4383561643835616,0.34794520547945207,0.005479452054794521,0.07397260273972603,0.2602739726027397,70.72505205479452,54.07924876712329
VA,Radford,51750,40.5,84.3020193548387,48.86565161290323,0.473972602739726,0.33424657534246577,0.06575342465753424,0.14520547945205478,0.3506849315068493,66.07924712328767,43.421478356164386
VA,Richmond,51760,47,89.27176129032259,54.76883870967742,0.4,0.34794520547945207,0.00821917808219178,0.09041095890410959,0.27123287671232876,70.7309106849315,48.86686794520548
VA,Roanoke,51770,39.8,88.0385870967742,52.69454193548387,0.4273972602739726,0.39452054794520547,0.01643835616438356,0.10136986301369863,0.2602739726027397,69.85698356164383,48.901822465753426
VA,Salem,51775,41.1,87.81567741935484,52.23304516129032,0.4246575342465753,0.38082191780821917,0.019178082191780823,0.11232876712328767,0.2684931506849315,69.48713534246575,48.47237205479452
VA,Staunton,51790,29.3,86.47235483870968,51.011483870967744,0.39452054794520547,0.36712328767123287,0.0273972602739726,0.13972602739726028,0.31232876712328766,68.13068,46.075980273972604
VA,Suffolk,51800,47.2,89.81367741935485,57.46094193548387,0.4301369863013699,0.35342465753424657,0.005479452054794521,0.0684931506849315,0.2410958904109589,71.73370794520548,50.10817260273973
VA,Virginia Beach,51810,49.5,88.60489032258064,57.16330322580645,0.4383561643835616,0.34794520547945207,0.005479452054794521,0.07397260273972603,0.2602739726027397,70.58822246575342,54.768964383561645
VA,Waynesboro,51820,35.2,86.21727741935484,50.47235483870968,0.38904109589041097,0.36164383561643837,0.03287671232876712,0.16986301369863013,0.33972602739726027,67.28986794520549,44.82576438356164
VA,Williamsburg,51830,46.7,89.30061935483872,55.84808387096774,0.4246575342465753,0.33972602739726027,0.005479452054794521,0.09041095890410959,0.26301369863013696,70.7229808219178,51.520881643835615
VA,Winchester,51840,29.8,87.90788387096774,48.626077419354836,0.33972602739726027,0.33972602739726027,0.043835616438356165,0.20273972602739726,0.3917808219178082,66.56794958904109,44.56832
WA,Adams,53001,9.8,90.26849677419355,39.805787096774196,0.2219178082191781,0.2493150684931507,0.12602739726027398,0.36164383561643837,0.5041095890410959,62.56490739726027,38.89946410958904
WA,Asotin,53003,14,87.73369032258064,39.21950967741935,0.26301369863013696,0.23013698630136986,0.136986301369863,0.4136986301369863,0.5452054794520548,59.97320821917808,40.59434904109589
WA,Benton,53005,7.1,92.30563225806452,41.898896774193545,0.2219178082191781,0.2602739726027397,0.09041095890410959,0.3150684931506849,0.4821917808219178,64.53882684931507,42.32847397260274
WA,Chelan,53007,34.5,77.17123225806452,32.128903225806454,0.3232876712328767,0.13424657534246576,0.3917808219178082,0.5205479452054794,0.6164383561643836,52.1420197260274,35.537596712328764
WA,Clallam,53009,76.2,72.18337419354839,43.73884516129032,0.35342465753424657,0.08767123287671233,0.04657534246575343,0.4410958904109589,0.6109589041095891,56.400469589041094,40.80901260273973
WA,Clark,53011,62.7,81.79125161290322,44.5374064516129,0.3013698630136986,0.2356164383561644,0.03561643835616438,0.3589041095890411,0.5232876712328767,61.2474701369863,42.65055561643835
WA,Columbia,53013,22.8,85.8572193548387,40.124270967741936,0.27123287671232876,0.2328767123287671,0.14794520547945206,0.410958904109589,0.547945205479452,59.27907890410959,40.58928931506849
WA,Cowlitz,53015,72.7,79.65238709677419,43.63537419354839,0.29863013698630136,0.19726027397260273,0.0547945205479452,0.4,0.5726027397260274,59.390422465753424,41.3524301369863
WA,Douglas,53017,10.8,86.74473548387097,33.236948387096774,0.2493150684931507,0.2547945205479452,0.27945205479452057,0.4465753424657534,0.5287671232876713,58.46067561643836,39.37200602739726
WA,Ferry,53019,19.5,82.86271612903226,32.96741290322581,0.26575342465753427,0.2273972602739726,0.3287671232876712,0.4876712328767123,0.5835616438356165,55.24335068493151,36.94792876712329
WA,Franklin,53021,7.7,92.00625161290323,41.71158064516129,0.2219178082191781,0.26575342465753427,0.09315068493150686,0.30684931506849317,0.4794520547945205,64.41749698630137,41.08390465753425
WA,Garfield,53023,16.7,86.95638064516129,40.54947741935484,0.2602739726027397,0.23835616438356164,0.136986301369863,0.4136986301369863,0.547945205479452,59.92039671232877,41.08351506849315
WA,Grant,53025,8.3,89.92423225806452,37.075709677419354,0.23013698630136986,0.26301369863013696,0.16164383561643836,0.3643835616438356,0.4958904109589041,62.32900383561644,40.47737369863014
WA,Grays Harbor,53027,89.7,74.87123870967741,46.523212903225804,0.38082191780821917,0.12876712328767123,0.019178082191780823,0.3424657534246575,0.5589041095890411,59.163420273972605,42.02044219178082
WA,Island,53029,23.3,72.61543225806452,47.822870967741935,0.4054794520547945,0.06575342465753424,0.019178082191780823,0.28493150684931506,0.5698630136986301,58.56277753424658,42.49088821917808
WA,Jefferson,53031,98.7,72.30995483870967,41.934374193548386,0.33424657534246577,0.08493150684931507,0.10684931506849316,0.4465753424657534,0.6301369863013698,55.29568876712329,39.86709479452055
WA,King,53033,61.5,76.27129032258064,42.13225806451613,0.3232876712328767,0.14520547945205478,0.0821917808219178,0.4465753424657534,0.6164383561643836,56.68827232876713,41.20342958904109
WA,Kitsap,53035,45.7,78.38327096774194,47.65634193548387,0.37534246575342467,0.19726027397260273,0.01643835616438356,0.3013698630136986,0.5315068493150685,60.829559452054795,42.950790684931505
WA,Kittitas,53037,26.6,80.37343225806451,35.02992258064516,0.3041095890410959,0.1863013698630137,0.29863013698630136,0.4876712328767123,0.5863013698630137,55.19956876712329,36.916712328767126
WA,Klickitat,53039,19.4,85.58414193548387,40.40251612903226,0.25753424657534246,0.2465753424657534,0.13424657534246576,0.42191780821917807,0.536986301369863,59.75217315068493,40.390204383561645
WA,Lewis,53041,57.5,79.09525806451613,42.68189677419355,0.2821917808219178,0.1917808219178082,0.07397260273972603,0.4273972602739726,0.6027397260273972,58.27002356164384,40.003618630136984
WA,Lincoln,53043,12.6,87.98824516129032,35.39067741935484,0.2328767123287671,0.25753424657534246,0.20821917808219179,0.41643835616438357,0.5315068493150685,59.80040328767123,37.62252438356165
WA,Mason,53045,86.8,78.53836129032258,44.9343935483871,0.32602739726027397,0.1863013698630137,0.030136986301369864,0.38082191780821917,0.5726027397260274,59.62176438356165,41.49864438356165
WA,Okanogan,53047,19.5,79.69314838709677,31.348922580645162,0.3095890410958904,0.1780821917808219,0.36164383561643837,0.5041095890410959,0.6,53.110720547945206,35.284349041095894
WA,Pacific,53049,81.2,73.39268387096774,46.91067741935484,0.40273972602739727,0.09863013698630137,0.010958904109589041,0.3041095890410959,0.5534246575342465,58.93367123287671,41.62267178082192
WA,Pend Oreille,53051,31.1,83.02715483870968,32.46985806451613,0.25753424657534246,0.22465753424657534,0.3506849315068493,0.4876712328767123,0.5835616438356165,55.0255901369863,32.92868164383562
WA,Pierce,53053,49.5,75.7521935483871,42.34750322580645,0.3232876712328767,0.13424657534246576,0.08767123287671233,0.4465753424657534,0.6164383561643836,56.596654794520546,39.34192383561644
WA,San Juan,53055,21.5,74.05938064516128,47.524593548387095,0.4246575342465753,0.0821917808219178,0.021917808219178082,0.3041095890410959,0.5424657534246575,58.72936876712329,44.72916602739726
WA,Skagit,53057,63.9,73.68683870967742,39.07632258064516,0.3232876712328767,0.1095890410958904,0.18082191780821918,0.473972602739726,0.6383561643835617,54.449989589041095,38.804340273972606
WA,Skamania,53059,85.8,77.0814064516129,37.16007741935484,0.31232876712328766,0.14794520547945206,0.26301369863013696,0.5068493150684932,0.6219178082191781,54.45982301369863,38.180583561643836
WA,Snohomish,53061,68.8,75.13415483870968,40.54872258064516,0.3178082191780822,0.13150684931506848,0.1178082191780822,0.4465753424657534,0.6328767123287671,55.76409315068493,39.81570849315069
WA,Spokane,53063,18.1,87.5254129032258,36.11596129032258,0.2273972602739726,0.2602739726027397,0.20821917808219179,0.4328767123287671,0.536986301369863,59.40541917808219,37.54963671232877
WA,Stevens,53065,22.1,85.60005161290323,34.044451612903224,0.24383561643835616,0.23013698630136986,0.29041095890410956,0.4520547945205479,0.5616438356164384,57.38272219178082,36.14652438356164
WA,Thurston,53067,46.8,80.76263870967742,47.155593548387095,0.33424657534246577,0.2136986301369863,0.0136986301369863,0.29863013698630136,0.5232876712328767,61.70639123287671,41.61402684931507
WA,Wahkiakum,53069,77.1,76.3290064516129,46.47141935483871,0.37534246575342467,0.13150684931506848,0.0136986301369863,0.3095890410958904,0.547945205479452,59.765167671232874,41.84941753424658
WA,Walla Walla,53071,12.5,91.13075483870968,43.233509677419356,0.2328767123287671,0.2602739726027397,0.09315068493150686,0.3178082191780822,0.4931506849315068,63.643472328767125,42.09217095890411
WA,Whatcom,53073,62.3,71.99094838709678,36.653812903225806,0.3041095890410959,0.07945205479452055,0.28493150684931506,0.5123287671232877,0.6684931506849315,52.276694246575346,37.29890904109589
WA,Whitman,53075,14.2,89.23976774193548,40.287316129032256,0.23013698630136986,0.2602739726027397,0.12602739726027398,0.38904109589041097,0.5178082191780822,61.59395780821918,39.003819726027395
WA,Yakima,53077,20.5,83.27247741935484,37.43234193548387,0.27945205479452057,0.23013698630136986,0.18904109589041096,0.4602739726027397,0.5780821917808219,57.60073424657534,37.618066301369865
WV,Barbour,54001,43.8,82.94133548387097,45.7772,0.4246575342465753,0.3095890410958904,0.08493150684931507,0.21643835616438356,0.39452054794520547,63.98094520547945,42.46463780821918
WV,Berkeley,54003,34.2,88.27845161290323,47.95850967741936,0.3232876712328767,0.3506849315068493,0.043835616438356165,0.2054794520547945,0.4054794520547945,66.49297589041096,44.53505698630137
WV,Boone,54005,44.4,85.22855483870968,49.34735483870968,0.4410958904109589,0.3863013698630137,0.06575342465753424,0.16712328767123288,0.33424657534246577,66.90077698630137,46.20112712328767
WV,Braxton,54007,45.8,83.84528387096775,48.13612903225807,0.42191780821917807,0.3506849315068493,0.0684931506849315,0.2,0.3589041095890411,65.40164821917809,42.16184821917808
WV,Brooke,54009,38.8,83.3170129032258,43.60912903225807,0.3726027397260274,0.32602739726027397,0.09315068493150686,0.2356164383561644,0.4328767123287671,63.43693095890411,43.40619561643835
WV,Cabell,54011,39.3,87.28856774193548,49.61921290322581,0.3972602739726027,0.39452054794520547,0.0547945205479452,0.14794520547945206,0.32602739726027397,68.22219397260274,45.302310684931506
WV,Calhoun,54013,42.2,83.54340645161291,47.426,0.42191780821917807,0.36164383561643837,0.07945205479452055,0.20273972602739726,0.3726027397260274,65.31240273972602,42.06245369863014
WV,Clay,54015,45.7,83.99601935483871,48.34777419354839,0.4383561643835616,0.36164383561643837,0.07123287671232877,0.1917808219178082,0.3589041095890411,65.62934575342466,42.55210794520548
WV,Doddridge,54017,44.2,85.13913548387097,46.72283870967742,0.3972602739726027,0.36712328767123287,0.07397260273972603,0.2054794520547945,0.3643835616438356,65.72859232876712,43.60712
WV,Fayette,54019,46.5,81.79345806451613,46.1727935483871,0.4684931506849315,0.273972602739726,0.07945205479452055,0.21643835616438356,0.3780821917808219,63.68611506849315,42.6894602739726
WV,Gilmer,54021,42.3,84.39167096774193,47.697335483870965,0.4136986301369863,0.3780821917808219,0.07123287671232877,0.20273972602739726,0.3561643835616438,65.74964493150685,42.389644383561645
WV,Grant,54023,35,83.18915483870968,45.630122580645164,0.40273972602739727,0.27945205479452057,0.09315068493150686,0.2328767123287671,0.410958904109589,63.25155561643836,41.50650520547945
WV,Greenbrier,54025,42.7,80.85182580645161,44.72001935483871,0.4520547945205479,0.2410958904109589,0.08767123287671233,0.2356164383561644,0.4246575342465753,62.31718301369863,40.66777917808219
WV,Hampshire,54027,32.7,86.29827741935483,47.439877419354836,0.35342465753424657,0.33424657534246577,0.057534246575342465,0.2191780821917808,0.4,65.70664712328767,42.34314520547945
WV,Hancock,54029,39.6,83.15785806451613,42.581735483870965,0.3452054794520548,0.31232876712328766,0.09863013698630137,0.25205479452054796,0.46301369863013697,62.81310520547945,44.02609589041096
WV,Hardy,54031,34.2,85.5328129032258,47.66656129032258,0.38082191780821917,0.3150684931506849,0.06575342465753424,0.20821917808219179,0.3972602739726027,65.39000493150685,41.401375342465755
WV,Harrison,54033,43.6,84.92232258064516,46.696709677419356,0.4,0.34794520547945207,0.07397260273972603,0.20821917808219179,0.36712328767123287,65.43688383561644,43.57949863013699
WV,Jackson,54035,39.2,85.16822580645162,48.125329032258065,0.40821917808219177,0.40273972602739727,0.06575342465753424,0.1643835616438356,0.3589041095890411,66.76465260273973,43.29939890410959
WV,Jefferson,54037,31.7,89.01534838709678,48.549490322580645,0.3315068493150685,0.33972602739726027,0.0410958904109589,0.18904109589041096,0.38082191780821917,67.15773808219178,45.653024657534246
WV,Kanawha,54039,42.7,85.26908387096775,49.26037419354839,0.4383561643835616,0.38082191780821917,0.0547945205479452,0.16164383561643836,0.3315068493150685,66.9048997260274,44.97865095890411
WV,Lewis,54041,45.4,84.71677419354839,47.22515483870968,0.4,0.3506849315068493,0.07671232876712329,0.21095890410958903,0.36164383561643837,65.64622136986301,43.094450410958906
WV,Lincoln,54043,42.1,86.78549677419355,50.649916129032256,0.41643835616438357,0.4054794520547945,0.043835616438356165,0.14794520547945206,0.31232876712328766,68.32661863013699,45.40401808219178
WV,Logan,54045,42.7,85.37226451612904,49.55127741935484,0.4383561643835616,0.38082191780821917,0.06301369863013699,0.16712328767123288,0.33424657534246577,67.0366794520548,47.11121205479452
WV,McDowell,54047,41,83.41943870967742,48.22072903225806,0.4821917808219178,0.3506849315068493,0.06575342465753424,0.16986301369863013,0.33972602739726027,65.67250136986301,43.672033424657535
WV,Marion,54049,42.9,84.19854838709678,45.886012903225804,0.3863013698630137,0.3452054794520548,0.07671232876712329,0.20821917808219179,0.3972602739726027,64.88263178082192,43.423944109589044
WV,Marshall,54051,42.5,83.72694838709677,44.240870967741934,0.38904109589041097,0.33424657534246577,0.08767123287671233,0.2191780821917808,0.4191780821917808,63.869823561643834,42.26510410958904
WV,Mason,54053,37.4,86.14905161290322,48.373438709677416,0.3835616438356164,0.40273972602739727,0.06301369863013699,0.15616438356164383,0.3561643835616438,67.34924821917808,44.178410410958904
WV,Mercer,54055,38.7,81.7655870967742,46.87084516129032,0.4904109589041096,0.29863013698630136,0.07397260273972603,0.18904109589041096,0.3643835616438356,64.30196164383561,42.896800547945205
WV,Mineral,54057,32.3,86.06648387096774,45.14882580645161,0.3424657534246575,0.3287671232876712,0.07397260273972603,0.22465753424657534,0.4136986301369863,64.93810630136986,41.94292383561644
WV,Mingo,54059,41.9,85.74370322580646,49.83416774193548,0.4273972602739726,0.38904109589041097,0.052054794520547946,0.1589041095890411,0.33424657534246577,67.36844164383561,46.70304602739726
WV,Monongalia,54061,40.9,83.70650967741936,45.218735483870965,0.38904109589041097,0.3287671232876712,0.07671232876712329,0.2191780821917808,0.40821917808219177,64.22148438356164,43.41583671232877
WV,Monroe,54063,36.8,83.27334838709677,47.14067096774193,0.4657534246575342,0.3013698630136986,0.0684931506849315,0.18904109589041096,0.3726027397260274,64.59778301369863,41.78958849315068
WV,Morgan,54065,36.3,87.38332903225806,47.218535483870966,0.32602739726027397,0.3561643835616438,0.049315068493150684,0.2219178082191781,0.40821917808219177,65.9332301369863,43.268300821917805
WV,Nicholas,54067,50.8,81.03049032258065,46.117922580645164,0.473972602739726,0.26575342465753427,0.0821917808219178,0.22465753424657534,0.39452054794520547,63.008777534246576,40.00665643835617
WV,Ohio,54069,40.3,82.8009935483871,44.043103225806455,0.3835616438356164,0.3178082191780822,0.09315068493150686,0.2328767123287671,0.43561643835616437,63.26902794520548,43.48314684931507
WV,Pendleton,54071,34.8,81.85854838709677,45.05354193548387,0.43561643835616437,0.2602739726027397,0.09315068493150686,0.2328767123287671,0.42191780821917807,62.522664109589044,40.299104657534244
WV,Pleasants,54073,43,84.82541290322581,45.92712258064516,0.3835616438356164,0.3726027397260274,0.0821917808219178,0.2054794520547945,0.3780821917808219,65.54416876712328,44.15923178082192
WV,Pocahontas,54075,42.4,78.71087096774194,41.81998709677419,0.4986301369863014,0.18082191780821918,0.11506849315068493,0.29863013698630136,0.4465753424657534,59.754979178082195,39.03929205479452
WV,Preston,54077,47.4,80.93625161290322,42.87972258064516,0.4575342465753425,0.26575342465753427,0.10684931506849316,0.26575342465753427,0.4246575342465753,61.725535342465754,42.14569260273973
WV,Putnam,54079,39.4,86.26831612903226,49.60632258064516,0.42191780821917807,0.40273972602739727,0.0547945205479452,0.1589041095890411,0.3287671232876712,67.59716493150685,44.50883616438356
WV,Raleigh,54081,42.7,81.23203225806452,46.038722580645164,0.4904109589041096,0.26575342465753427,0.08493150684931507,0.2219178082191781,0.38904109589041097,63.44858410958904,42.65263178082192
WV,Randolph,54083,51.5,78.36718709677419,41.97269677419355,0.5095890410958904,0.18356164383561643,0.1232876712328767,0.3041095890410959,0.4520547945205479,59.55024273972603,38.819667397260275
WV,Ritchie,54085,43.1,84.8966,46.59074193548387,0.3917808219178082,0.3698630136986301,0.07123287671232877,0.2054794520547945,0.3698630136986301,65.73467780821917,43.58099287671233
WV,Roane,54087,41.5,84.37442580645161,47.87826451612903,0.4301369863013699,0.3835616438356164,0.07671232876712329,0.1863013698630137,0.3506849315068493,66.04686191780822,42.8190602739726
WV,Summers,54089,38.3,82.79524516129032,46.24374838709677,0.4575342465753425,0.31232876712328766,0.0821917808219178,0.20273972602739726,0.3698630136986301,64.42982575342465,42.90044
WV,Taylor,54091,41.9,83.43145806451614,46.16228387096774,0.4191780821917808,0.32602739726027397,0.07671232876712329,0.21095890410958903,0.3835616438356164,64.54706246575343,43.34716054794521
WV,Tucker,54093,48.7,78.86799354838709,41.564503225806455,0.4876712328767123,0.20821917808219179,0.136986301369863,0.30684931506849317,0.44931506849315067,59.624225205479455,39.94642794520548
WV,Tyler,54095,43.5,84.7085870967742,45.83735483870968,0.38904109589041097,0.36712328767123287,0.0821917808219178,0.20273972602739726,0.38082191780821917,65.35338356164384,43.32355342465753
WV,Upshur,54097,50.2,81.82939999999999,46.188296774193546,0.4520547945205479,0.29041095890410956,0.0821917808219178,0.21643835616438356,0.4,63.5971704109589,42.347026301369866
WV,Wayne,54099,40,86.26314838709678,50.40656774193548,0.4136986301369863,0.39452054794520547,0.049315068493150684,0.14794520547945206,0.32054794520547947,67.97826191780823,45.43059890410959
WV,Webster,54101,52.1,79.5434,44.99774193548387,0.4876712328767123,0.2273972602739726,0.09041095890410959,0.24383561643835616,0.4191780821917808,61.65023123287671,39.82776602739726
WV,Wetzel,54103,44,84.41135483870968,45.28609032258065,0.38082191780821917,0.36164383561643837,0.07945205479452055,0.21095890410958903,0.40273972602739727,64.89688876712329,42.50130849315069
WV,Wirt,54105,40.6,84.69639354838709,47.00538064516129,0.4,0.37534246575342467,0.07671232876712329,0.1917808219178082,0.36712328767123287,66.0005698630137,42.98729863013698
WV,Wood,54107,43.4,85.11869677419355,46.6304,0.3972602739726027,0.38082191780821917,0.07671232876712329,0.19726027397260273,0.36712328767123287,66.05711452054794,44.0722104109589
WV,Wyoming,54109,41.6,83.35812258064516,47.766490322580644,0.4767123287671233,0.3452054794520548,0.07397260273972603,0.1780821917808219,0.3424657534246575,65.51703561643835,43.60233643835616
WI,Adams,55001,28.5,83.3383806451613,29.637354838709676,0.2493150684931507,0.2821917808219178,0.24383561643835616,0.42191780821917807,0.5232876712328767,58.564582465753425,36.947721643835614
WI,Ashland,55003,35.9,76.6242064516129,26.165329032258065,0.3315068493150685,0.18356164383561643,0.36164383561643837,0.4986301369863014,0.5753424657534246,52.6528301369863,33.4201901369863
WI,Barron,55005,32.4,79.69674838709678,24.708896774193548,0.27671232876712326,0.2602739726027397,0.34794520547945207,0.4547945205479452,0.5506849315068493,54.808623561643834,35.19301753424658
WI,Bayfield,55007,36.8,77.36063870967742,25.658948387096775,0.31232876712328766,0.1917808219178082,0.3589041095890411,0.4904109589041096,0.5808219178082191,52.77651726027397,33.27936109589041
WI,Brown,55009,29.6,81.49552903225806,30.688380645161292,0.3095890410958904,0.26575342465753427,0.26575342465753427,0.4410958904109589,0.5452054794520548,56.575991780821916,38.54846410958904
WI,Buffalo,55011,33.5,81.92056129032258,28.08738064516129,0.26301369863013696,0.2821917808219178,0.27123287671232876,0.4246575342465753,0.5150684931506849,57.85568328767123,37.60027835616438
WI,Burnett,55013,32.4,81.08025161290323,25.972554838709677,0.2684931506849315,0.273972602739726,0.33424657534246577,0.4547945205479452,0.5452054794520548,55.63208164383562,33.80511890410959
WI,Calumet,55015,30.9,82.81161935483871,30.950251612903227,0.27945205479452057,0.27123287671232876,0.2493150684931507,0.4410958904109589,0.5342465753424658,57.31188109589041,39.22373041095891
WI,Chippewa,55017,33.8,80.61347096774193,26.471270967741937,0.27123287671232876,0.26575342465753427,0.32602739726027397,0.4410958904109589,0.5397260273972603,55.88511232876712,36.173637808219176
WI,Clark,55019,39.1,80.27524516129033,26.72112258064516,0.27945205479452057,0.2602739726027397,0.3041095890410959,0.4465753424657534,0.5424657534246575,55.790333698630135,35.750381369863014
WI,Columbia,55021,29.7,83.13933548387097,30.926270967741935,0.2547945205479452,0.2958904109589041,0.2410958904109589,0.40821917808219177,0.5150684931506849,58.871509589041096,38.68721698630137
WI,Crawford,55023,28.4,82.24531612903226,29.67010322580645,0.27123287671232876,0.29863013698630136,0.2410958904109589,0.3917808219178082,0.5068493150684932,59.042800547945205,38.9328602739726
WI,Dane,55025,31.1,83.44864516129032,31.669032258064515,0.2493150684931507,0.2958904109589041,0.2273972602739726,0.38904109589041097,0.5123287671232877,59.36826520547945,39.71149589041096
WI,Dodge,55027,31.2,82.42874193548387,31.143490322580643,0.2876712328767123,0.29041095890410956,0.23835616438356164,0.41643835616438357,0.5178082191780822,57.95428383561644,39.14196602739726
WI,Door,55029,29.4,78.12453548387097,30.539967741935484,0.336986301369863,0.19452054794520549,0.3095890410958904,0.46301369863013697,0.5835616438356165,54.31577863013699,38.90339945205479
WI,Douglas,55031,34.1,78.25756129032258,25.099787096774193,0.3178082191780822,0.2054794520547945,0.3643835616438356,0.4849315068493151,0.5671232876712329,53.08106739726028,32.897233424657536
WI,Dunn,55033,36.8,81.22953548387096,26.42435483870968,0.25753424657534246,0.2684931506849315,0.3150684931506849,0.4383561643835616,0.5342465753424658,56.45572712328767,36.43929808219178
WI,Eau Claire,55035,35.2,81.62030967741936,27.314077419354838,0.26301369863013696,0.273972602739726,0.2958904109589041,0.4383561643835616,0.5315068493150685,56.82688712328767,36.81745095890411
WI,Florence,55037,27.4,77.02369032258065,26.69011612903226,0.3013698630136986,0.2054794520547945,0.336986301369863,0.4876712328767123,0.5780821917808219,53.35407068493151,32.46428657534246
WI,Fond du Lac,55039,30.9,82.34036774193548,31.29387741935484,0.2876712328767123,0.2821917808219178,0.2547945205479452,0.4301369863013699,0.5287671232876713,57.51506904109589,39.53737424657534
WI,Forest,55041,27.4,76.46069677419355,26.16991612903226,0.32054794520547947,0.20821917808219179,0.3506849315068493,0.4876712328767123,0.5780821917808219,53.03397643835616,33.02478191780822
WI,Grant,55043,29.4,82.18446451612903,30.462451612903227,0.2684931506849315,0.3150684931506849,0.2356164383561644,0.3863013698630137,0.5041095890410959,59.297093698630135,40.07878465753425
WI,Green,55045,31.4,83.10652903225807,31.958948387096775,0.2547945205479452,0.2958904109589041,0.2273972602739726,0.3835616438356164,0.5068493150684932,59.70177315068493,39.927609315068494
WI,Green Lake,55047,29.5,83.03052258064515,30.713232258064515,0.26301369863013696,0.2876712328767123,0.2410958904109589,0.4191780821917808,0.5232876712328767,58.06712657534246,38.46410082191781
WI,Iowa,55049,31.3,82.04185806451613,30.77832258064516,0.2684931506849315,0.29863013698630136,0.23835616438356164,0.3917808219178082,0.5123287671232877,58.93857315068493,38.904849315068496
WI,Iron,55051,34.7,75.9128,25.73553548387097,0.3232876712328767,0.18904109589041096,0.37534246575342467,0.5150684931506849,0.5835616438356165,52.10075287671233,32.66593095890411
WI,Jackson,55053,39.1,81.90116774193548,28.48831612903226,0.2602739726027397,0.2821917808219178,0.25753424657534246,0.4273972602739726,0.5232876712328767,57.740098630136984,35.25191945205479
WI,Jefferson,55055,31.2,83.50276129032258,32.415916129032254,0.25753424657534246,0.2958904109589041,0.2273972602739726,0.3917808219178082,0.5178082191780822,59.18500547945205,39.8242597260274
WI,Juneau,55057,29.6,82.72196774193549,29.275670967741934,0.26301369863013696,0.2876712328767123,0.2493150684931507,0.4246575342465753,0.5178082191780822,58.40106849315069,36.98910191780822
WI,Kenosha,55059,34,81.77975483870968,34.325135483870966,0.3095890410958904,0.273972602739726,0.2136986301369863,0.3726027397260274,0.5123287671232877,58.89842082191781,40.88039123287671
WI,Kewaunee,55061,29.7,79.403,30.675432258064518,0.32054794520547947,0.2191780821917808,0.29315068493150687,0.4438356164383562,0.5698630136986301,55.180158356164384,38.43635123287671
WI,La Crosse,55063,31.7,81.90314193548387,28.9526,0.26575342465753427,0.29041095890410956,0.2465753424657534,0.410958904109589,0.5150684931506849,58.3368504109589,38.914357260273974
WI,Lafayette,55065,33.9,82.52634838709677,31.064,0.2684931506849315,0.31232876712328766,0.23013698630136986,0.38904109589041097,0.5041095890410959,59.36839342465753,38.836493698630136
WI,Langlade,55067,29.9,77.66071612903225,25.92447741935484,0.30684931506849317,0.2219178082191781,0.33972602739726027,0.4876712328767123,0.5808219178082191,53.455669589041094,33.82457863013698
WI,Lincoln,55069,28.9,78.26905806451613,26.082470967741937,0.2876712328767123,0.2356164383561644,0.336986301369863,0.4794520547945205,0.5698630136986301,53.87044383561644,33.500095342465755
WI,Manitowoc,55071,29.4,80.46912258064516,31.216767741935485,0.3178082191780822,0.24383561643835616,0.2684931506849315,0.4410958904109589,0.5534246575342465,56.04670301369863,38.799191780821914
WI,Marathon,55073,34.1,79.43476129032258,26.565045161290325,0.28493150684931506,0.24383561643835616,0.3287671232876712,0.4712328767123288,0.5616438356164384,54.567660273972606,35.37531561643836
WI,Marinette,55075,30.8,79.64112258064516,29.571858064516128,0.29041095890410956,0.24383561643835616,0.2958904109589041,0.4602739726027397,0.5616438356164384,55.36586410958904,34.67292602739726
WI,Marquette,55077,29.6,83.44405806451613,30.588103225806453,0.2493150684931507,0.27671232876712326,0.2493150684931507,0.41643835616438357,0.5205479452054794,58.75659068493151,37.83244383561644
WI,Menominee,55078,31.8,79.80527096774193,28.220929032258063,0.28493150684931506,0.2602739726027397,0.29041095890410956,0.4575342465753425,0.5643835616438356,55.30927506849315,34.85738410958904
WI,Milwaukee,55079,36,82.03117419354838,34.08196129032258,0.3095890410958904,0.273972602739726,0.20821917808219179,0.4,0.5287671232876713,58.40938794520548,42.162045479452054
WI,Monroe,55081,30.8,81.70909032258065,28.459748387096774,0.27671232876712326,0.2876712328767123,0.25205479452054796,0.42191780821917807,0.5178082191780822,57.72530410958904,36.601756712328765
WI,Oconto,55083,31.3,80.18309677419354,29.54114193548387,0.29315068493150687,0.2547945205479452,0.27945205479452057,0.4465753424657534,0.5561643835616439,55.83118630136986,35.227429589041094
WI,Oneida,55085,27.6,77.2403870967742,25.76596129032258,0.3178082191780822,0.2273972602739726,0.35342465753424657,0.4931506849315068,0.5671232876712329,53.07604712328767,33.061995068493154
WI,Outagamie,55087,30,83.0305806451613,30.848406451612902,0.25753424657534246,0.28493150684931506,0.25205479452054796,0.4301369863013699,0.536986301369863,57.63454465753425,38.895001095890414
WI,Ozaukee,55089,33.2,80.86489032258065,32.59707741935484,0.30684931506849317,0.2602739726027397,0.2328767123287671,0.4246575342465753,0.547945205479452,57.136393424657534,40.217443835616436
WI,Pepin,55091,33.2,81.6920193548387,27.45976129032258,0.26301369863013696,0.27671232876712326,0.3013698630136986,0.4273972602739726,0.5232876712328767,57.326818630136984,37.24671890410959
WI,Pierce,55093,36.3,81.21786451612903,25.594554838709676,0.2684931506849315,0.27123287671232876,0.3287671232876712,0.43561643835616437,0.536986301369863,56.207928767123285,36.354841095890414
WI,Polk,55095,33.7,81.31727096774193,25.389935483870968,0.26301369863013696,0.27671232876712326,0.3287671232876712,0.4547945205479452,0.5452054794520548,55.629862465753426,35.86868821917808
WI,Portage,55097,33.4,81.47456774193549,28.507825806451613,0.2547945205479452,0.2684931506849315,0.28493150684931506,0.44931506849315067,0.5424657534246575,56.52383616438356,36.70570301369863
WI,Price,55099,31.8,76.87150322580645,25.45647741935484,0.32602739726027397,0.20821917808219179,0.3561643835616438,0.4931506849315068,0.5698630136986301,52.940652602739725,33.008133150684934
WI,Racine,55101,35.4,81.8414193548387,34.03156129032258,0.3041095890410959,0.28493150684931506,0.21095890410958903,0.3780821917808219,0.5178082191780822,58.78870465753425,40.59990191780822
WI,Richland,55103,27.3,81.97583870967742,29.4818,0.26575342465753427,0.2958904109589041,0.2493150684931507,0.40821917808219177,0.5178082191780822,58.45857479452055,37.39598082191781
WI,Rock,55105,33,83.21255483870968,32.622625806451616,0.26301369863013696,0.29863013698630136,0.2273972602739726,0.38082191780821917,0.5095890410958904,59.594626301369864,40.17898794520548
WI,Rusk,55107,34.1,78.71272903225807,25.74790322580645,0.29041095890410956,0.2465753424657534,0.3315068493150685,0.4520547945205479,0.5589041095890411,54.5929095890411,33.95075616438356
WI,St. Croix,55109,35.2,80.41471612903226,25.139154838709675,0.26575342465753427,0.26575342465753427,0.33972602739726027,0.4465753424657534,0.5506849315068493,55.44916219178082,35.844819726027396
WI,Sauk,55111,27.6,82.45237419354838,29.936967741935483,0.2547945205479452,0.29863013698630136,0.24383561643835616,0.410958904109589,0.5205479452054794,58.495191232876714,38.04679178082192
WI,Sawyer,55113,36,77.53796774193549,25.53271612903226,0.31232876712328766,0.2136986301369863,0.3452054794520548,0.4849315068493151,0.5671232876712329,53.53002191780822,32.989753424657536
WI,Shawano,55115,33.1,80.6800129032258,28.68689677419355,0.27671232876712326,0.27123287671232876,0.29041095890410956,0.4465753424657534,0.5534246575342465,55.865958356164384,36.13770191780822
WI,Sheboygan,55117,31.4,80.5059935483871,31.714845161290324,0.3287671232876712,0.25753424657534246,0.2547945205479452,0.4273972602739726,0.536986301369863,56.61603068493151,39.378017534246574
WI,Taylor,55119,34.2,78.50015483870968,25.36473548387097,0.29315068493150687,0.2328767123287671,0.3424657534246575,0.4712328767123288,0.5698630136986301,54.00504931506849,34.1722498630137
WI,Trempealeau,55121,37.1,81.70165806451612,28.445929032258064,0.2684931506849315,0.2821917808219178,0.25753424657534246,0.4273972602739726,0.5205479452054794,57.795844383561644,36.88986520547945
WI,Vernon,55123,27.9,81.18093548387097,27.960393548387096,0.27945205479452057,0.2821917808219178,0.2602739726027397,0.4191780821917808,0.5150684931506849,57.471415342465754,37.76834904109589
WI,Vilas,55125,30.7,76.68935483870968,25.926451612903225,0.3178082191780822,0.21643835616438356,0.3698630136986301,0.5123287671232877,0.5753424657534246,52.65606520547945,32.479929315068496
WI,Walworth,55127,34.5,83.0250064516129,33.377929032258066,0.273972602739726,0.28493150684931506,0.23013698630136986,0.38082191780821917,0.5150684931506849,59.132593424657536,39.47134136986301
WI,Washburn,55129,31.2,79.7271741935484,25.232406451612903,0.27123287671232876,0.2602739726027397,0.3452054794520548,0.4602739726027397,0.5534246575342465,54.7512504109589,33.55563397260274
WI,Washington,55131,32.8,82.4166064516129,32.00656129032258,0.3041095890410959,0.27123287671232876,0.2493150684931507,0.42191780821917807,0.5287671232876713,57.77132,38.726851506849314
WI,Waukesha,55133,33.1,82.8752,33.05346451612903,0.27671232876712326,0.28493150684931506,0.22465753424657534,0.3863013698630137,0.5232876712328767,58.68690356164384,39.75869534246576
WI,Waupaca,55135,31.7,82.93065161290322,30.109593548387096,0.25753424657534246,0.27671232876712326,0.25753424657534246,0.4383561643835616,0.5315068493150685,57.561765479452056,37.8719304109589
WI,Waushara,55137,29.7,83.03725806451612,30.08735483870968,0.26301369863013696,0.27671232876712326,0.2547945205479452,0.4301369863013699,0.5287671232876713,57.87418630136986,37.677900273972604
WI,Winnebago,55139,30.5,83.41165806451613,31.054593548387096,0.26301369863013696,0.28493150684931506,0.2410958904109589,0.4273972602739726,0.5260273972602739,57.80232931506849,40.139284383561645
WI,Wood,55141,35.2,81.85094193548387,28.31789677419355,0.26301369863013696,0.273972602739726,0.27123287671232876,0.4410958904109589,0.5287671232876713,57.01835287671233,36.46942465753425
WY,Albany,56001,18.6,77.69584516129032,26.82668387096774,0.33424657534246577,0.14246575342465753,0.33972602739726027,0.4575342465753425,0.5835616438356165,52.03540054794521,29.43073917808219
WY,Big Horn,56003,16.9,81.97909032258065,29.45236129032258,0.3287671232876712,0.1917808219178082,0.31232876712328766,0.4383561643835616,0.5424657534246575,55.16363780821918,31.66570794520548
WY,Campbell,56005,17.9,84.58543225806451,33.77050322580645,0.31232876712328766,0.2356164383561644,0.25753424657534246,0.38904109589041097,0.5013698630136987,58.44296657534247,34.62009479452055
WY,Carbon,56007,16.7,80.32111612903226,26.507270967741935,0.3561643835616438,0.1589041095890411,0.3726027397260274,0.473972602739726,0.5589041095890411,52.106922191780825,29.067824657534246
WY,Converse,56009,19,83.18770322580646,30.211206451612902,0.3452054794520548,0.18356164383561643,0.27671232876712326,0.4,0.5123287671232877,56.73759726027397,33.411308493150685
WY,Crook,56011,24,82.71633548387096,35.00478064516129,0.3095890410958904,0.2273972602739726,0.23835616438356164,0.3835616438356164,0.5205479452054794,58.000146849315065,33.121380273972605
WY,Fremont,56013,20.4,79.52905806451614,22.963070967741935,0.3424657534246575,0.13424657534246576,0.3780821917808219,0.4657534246575342,0.5808219178082191,50.96993863013699,27.490975342465752
WY,Goshen,56015,22.2,84.9870064516129,33.66441935483871,0.336986301369863,0.2465753424657534,0.19452054794520549,0.3452054794520548,0.4547945205479452,61.04226520547945,34.19626630136986
WY,Hot Springs,56017,19.8,81.15271612903226,29.387096774193548,0.32602739726027397,0.1643835616438356,0.3041095890410959,0.4410958904109589,0.5589041095890411,54.353741369863016,30.65317589041096
WY,Johnson,56019,22.8,80.36443225806451,31.927651612903226,0.3424657534246575,0.16712328767123288,0.2684931506849315,0.40821917808219177,0.547945205479452,55.45276219178082,32.49451671232877
WY,Laramie,56021,22.3,81.55034193548387,32.66193548387097,0.3643835616438356,0.20821917808219179,0.2191780821917808,0.3698630136986301,0.4958904109589041,58.052869589041094,34.17038082191781
WY,Lincoln,56023,23,79.67677419354838,23.74641935483871,0.33972602739726027,0.12054794520547946,0.4136986301369863,0.5095890410958904,0.6027397260273972,49.69342301369863,24.63611123287671
WY,Natrona,56025,18,82.65327741935484,27.771103225806453,0.3150684931506849,0.1863013698630137,0.32602739726027397,0.4410958904109589,0.5506849315068493,54.720911780821915,32.18345698630137
WY,Niobrara,56027,22,84.80810967741935,32.8455935483871,0.3095890410958904,0.23013698630136986,0.2191780821917808,0.3698630136986301,0.4821917808219178,59.60338465753425,33.5717698630137
WY,Park,56029,26,75.02191612903226,26.782729032258064,0.3232876712328767,0.07945205479452055,0.3863013698630137,0.5205479452054794,0.6465753424657534,49.117585753424656,26.424364383561645
WY,Platte,56031,20.4,83.84574838709678,33.4742,0.3452054794520548,0.20821917808219179,0.20273972602739726,0.3698630136986301,0.4849315068493151,59.48629095890411,35.80254684931507
WY,Sheridan,56033,27,80.01656774193549,33.23584516129032,0.336986301369863,0.16712328767123288,0.26301369863013696,0.410958904109589,0.5589041095890411,55.53573479452055,32.21947178082192
WY,Sublette,56035,20.7,76.1401806451613,22.144593548387096,0.33972602739726027,0.08493150684931507,0.4246575342465753,0.5287671232876713,0.6356164383561644,47.4918701369863,21.221077260273972
WY,Sweetwater,56037,10.5,83.01507741935484,23.97385806451613,0.32602739726027397,0.1726027397260274,0.38082191780821917,0.4602739726027397,0.5643835616438356,52.08367506849315,27.929652602739726
WY,Teton,56039,34.1,74.83007096774193,23.76912258064516,0.3150684931506849,0.057534246575342465,0.4383561643835616,0.5397260273972603,0.6684931506849315,46.887277260273976,22.70384821917808
WY,Uinta,56041,16,81.0086,26.18001935483871,0.3506849315068493,0.14246575342465753,0.3726027397260274,0.4849315068493151,0.5726027397260274,51.85536602739726,26.430395616438357
WY,Washakie,56043,17.2,84.11418064516128,29.751451612903224,0.3095890410958904,0.2136986301369863,0.29041095890410956,0.4273972602739726,0.5397260273972603,56.40134246575342,31.612398356164384
WY,Weston,56045,18.8,83.99781935483871,33.748787096774194,0.30684931506849317,0.24383561643835616,0.2410958904109589,0.3780821917808219,0.4958904109589041,59.030718356164385,33.50385808219178
