route_id,tag,category
105852414,crack,feature_tags
105852414,great,good_tags
105856271,crux,feature_tags
105856279,best,good_tags
105856279,crack,feature_tags
105856279,crimp,feature_tags
105856279,easier,good_tags
105856279,nice,good_tags
105856279,pocket,feature_tags
105856304,crux,feature_tags
105856304,ledge,feature_tags
105856308,mantle,skill
105856308,tricky,other_tags
105898326,crack,feature_tags
105898326,crux,feature_tags
106006384,chimney,feature_tags
106006384,classic,good_tags
106006384,crux,feature_tags
106006384,fun,good_tags
106006384,good,good_tags
106006398,crack,feature_tags
106006398,crux,feature_tags
106006398,fun,good_tags
106006398,great,good_tags
106006398,thin,other_tags
106006448,dihedral,feature_tags
106006674,crack,feature_tags
106006674,fun,good_tags
106006674,nice,good_tags
106006674,traverse,feature_tags
106025512,crux,feature_tags
106025512,slab,feature_tags
106025512,thin,other_tags
106025518,dihedral,feature_tags
106025518,good,good_tags
106025518,thin,other_tags
106025523,crack,feature_tags
106025529,crack,feature_tags
106152571,crux,feature_tags
106152571,flake,feature_tags
106152571,great,good_tags
106152571,slab,feature_tags
106152571,traverse,feature_tags
106152581,crack,feature_tags
106152581,dirty,bad_tags
106152581,great,good_tags
106152581,roof,feature_tags
106152649,crux,feature_tags
106152649,easy,good_tags
106152649,great,good_tags
106152649,jug,feature_tags
106152649,roof,feature_tags
106152649,warm up,good_tags
106152658,crux,feature_tags
106152658,easier,good_tags
106152658,good,good_tags
106152658,ledge,feature_tags
106152658,roof,feature_tags
106152665,crux,feature_tags
106152665,easy,good_tags
106152665,great,good_tags
106152665,jug,feature_tags
106152673,good,good_tags
106152673,heel hook,skill
106152673,high first bolt,other_tags
106152673,pumpy,other_tags
106152673,roof,feature_tags
106152673,stick clip,other_tags
106152681,face,feature_tags
106152681,ledge,feature_tags
106152687,face,feature_tags
106153388,crack,feature_tags
106153388,face,feature_tags
106153388,great,good_tags
106153388,nice,good_tags
106154152,crack,feature_tags
106154152,crimp,feature_tags
106154152,easier,good_tags
106154152,roof,feature_tags
106154152,slab,feature_tags
106154365,crack,feature_tags
106154365,face,feature_tags
106154365,flake,feature_tags
106154365,ledge,feature_tags
106154365,thin,other_tags
106162636,best,good_tags
106162636,crack,feature_tags
106162636,crux,feature_tags
106162636,dihedral,feature_tags
106162636,great,good_tags
106175777,difficult,other_tags
106175783,good,good_tags
106178362,good,good_tags
106178362,roof,feature_tags
106183864,crux,feature_tags
106183864,interesting,good_tags
106183864,nice,good_tags
106183925,face,feature_tags
106183925,thin,other_tags
106246839,crack,feature_tags
106246839,flake,feature_tags
106246839,ledge,feature_tags
106246960,chimney,feature_tags
106246960,crack,feature_tags
106246960,face,feature_tags
106246960,fun,good_tags
106246960,run out,bad_tags
106246965,crack,feature_tags
106246965,difficult,other_tags
106246965,good,good_tags
106246965,jam,skill
106246965,roof,feature_tags
106246965,rust,bad_tags
106246965,tricky,other_tags
106247063,flake,feature_tags
106247063,slab,feature_tags
106247071,easier,good_tags
106247071,flake,feature_tags
106247071,mantle,skill
106247071,run out,bad_tags
106267861,crux,feature_tags
106267861,easy,good_tags
106267861,slab,feature_tags
106267861,traverse,feature_tags
106314487,crux,feature_tags
106314487,dirty,bad_tags
106314487,easy,good_tags
106314487,fun,good_tags
106314487,ledge,feature_tags
106319192,pocket,feature_tags
106329596,crimp,feature_tags
106329596,crux,feature_tags
106329596,easy,good_tags
106329596,great,good_tags
106329596,jug,feature_tags
106329596,pumpy,other_tags
106329596,roof,feature_tags
106337862,crux,feature_tags
106337862,great,good_tags
106337862,run out,bad_tags
106337872,crux,feature_tags
106337872,easy,good_tags
106337872,fun,good_tags
106337872,great,good_tags
106337872,jug,feature_tags
106337872,thin,other_tags
106337872,warm up,good_tags
106350799,crux,feature_tags
106350799,dirty,bad_tags
106350799,easier,good_tags
106350799,good,good_tags
106350799,great,good_tags
106350799,run out,bad_tags
106350799,thin,other_tags
106454046,crack,feature_tags
106454046,easy,good_tags
106454046,face,feature_tags
106454046,flake,feature_tags
106454046,good,good_tags
106454046,ledge,feature_tags
106454046,traverse,feature_tags
106472304,classic,good_tags
106472304,face,feature_tags
106472304,roof,feature_tags
106480783,crimp,feature_tags
106480783,dynamic,skill
106480783,face,feature_tags
106480783,flake,feature_tags
106480783,good,good_tags
106480783,roof,feature_tags
106480949,crimp,feature_tags
106480949,dyno,skill
106480949,flake,feature_tags
106480949,fun,good_tags
106480949,good,good_tags
106480949,jug,feature_tags
106480949,nice,good_tags
106480949,roof,feature_tags
106480968,flake,feature_tags
106480968,good,good_tags
106483034,crimp,feature_tags
106483034,easy,good_tags
106483034,face,feature_tags
106483034,good,good_tags
106483034,heel hook,skill
106483034,ledge,feature_tags
106483053,best,good_tags
106483053,classic,good_tags
106483053,crimp,feature_tags
106483053,exposed,feature_tags
106483053,face,feature_tags
106483053,good,good_tags
106483053,jug,feature_tags
106483053,nice,good_tags
106483053,pocket,feature_tags
106483053,thin,other_tags
106483075,easy,good_tags
106483075,fun,good_tags
106483075,great,good_tags
106483563,classic,good_tags
106483563,flake,feature_tags
106483563,good,good_tags
106483563,jug,feature_tags
106483563,thin,other_tags
106483605,bad,bad_tags
106483605,best,good_tags
106483605,classic,good_tags
106483605,crimp,feature_tags
106483605,crux,feature_tags
106483605,face,feature_tags
106483605,good,good_tags
106483605,jug,feature_tags
106483605,mantle,skill
106483605,nice,good_tags
106483632,crimp,feature_tags
106483632,dyno,skill
106483632,heel hook,skill
106483632,traverse,feature_tags
106483799,sloper,feature_tags
106492158,ledge,feature_tags
106492158,mantle,skill
106492158,sloper,feature_tags
106492158,warm up,good_tags
106492179,crimp,feature_tags
106492179,ledge,feature_tags
106492179,pocket,feature_tags
106492179,sloper,feature_tags
106493291,easy,good_tags
106493291,jug,feature_tags
106493315,crack,feature_tags
106493315,dynamic,skill
106493315,jug,feature_tags
106493315,mantle,skill
106493349,classic,good_tags
106493349,dynamic,skill
106493349,ledge,feature_tags
106493349,mantle,skill
106493349,sloper,feature_tags
106493349,thin,other_tags
106498082,crux,feature_tags
106498082,face,feature_tags
106498082,mantle,skill
106498082,roof,feature_tags
106498082,tough,other_tags
106498723,crack,feature_tags
106498723,excellent,good_tags
106498723,good,good_tags
106498723,jam,skill
106499444,arete,feature_tags
106499444,crimp,feature_tags
106499444,ledge,feature_tags
106499444,pocket,feature_tags
106499444,sloper,feature_tags
106511272,crack,feature_tags
106511272,face,feature_tags
106511272,good,good_tags
106511897,flake,feature_tags
106511897,good,good_tags
106511897,jug,feature_tags
106511897,ledge,feature_tags
106511897,mantle,skill
106511897,pocket,feature_tags
106512008,crack,feature_tags
106512008,dynamic,skill
106512008,ledge,feature_tags
106512008,mantle,skill
106512008,thin,other_tags
106536630,crimp,feature_tags
106536630,good,good_tags
106536630,heel hook,skill
106536630,ledge,feature_tags
106537530,beautiful,good_tags
106537530,crack,feature_tags
106537530,crimp,feature_tags
106537530,face,feature_tags
106537530,good,good_tags
106537530,jug,feature_tags
106544793,face,feature_tags
106544793,good,good_tags
106544793,heel hook,skill
106544793,ledge,feature_tags
106544793,sloper,feature_tags
106544793,tricky,other_tags
106546102,crimp,feature_tags
106546102,good,good_tags
106546137,crack,feature_tags
106546137,crimp,feature_tags
106546137,jug,feature_tags
106546137,nice,good_tags
106546137,thin,other_tags
106548959,fun,good_tags
106548959,jug,feature_tags
106548959,sloper,feature_tags
106558681,crimp,feature_tags
106558681,nice,good_tags
106558703,arete,feature_tags
106558703,fun,good_tags
106558703,great,good_tags
106564590,flake,feature_tags
106564590,good,good_tags
106566425,crimp,feature_tags
106566425,fun,good_tags
106566425,good,good_tags
106566425,slab,feature_tags
106566425,traverse,feature_tags
106575891,arete,feature_tags
106575891,face,feature_tags
106576073,chimney,feature_tags
106576073,crack,feature_tags
106576073,dihedral,feature_tags
106576073,flake,feature_tags
106576212,crack,feature_tags
106576212,easier,good_tags
106576212,face,feature_tags
106576212,thin,other_tags
106576220,crack,feature_tags
106576220,easier,good_tags
106576220,face,feature_tags
106576241,crack,feature_tags
106576241,good,good_tags
106576247,crack,feature_tags
106576247,crimp,feature_tags
106576247,crux,feature_tags
106576247,difficult,other_tags
106576247,flake,feature_tags
106576247,thin,other_tags
106585590,dynamic,skill
106585590,dyno,skill
106585590,mantle,skill
106585590,pocket,feature_tags
106585590,sandy,bad_tags
106585590,sloper,feature_tags
106586051,crimp,feature_tags
106586051,dyno,skill
106586051,ledge,feature_tags
106586051,sandy,bad_tags
106586051,sloper,feature_tags
106586171,crimp,feature_tags
106586171,face,feature_tags
106586171,flake,feature_tags
106586171,jug,feature_tags
106586171,ledge,feature_tags
106586171,mantle,skill
106586498,crimp,feature_tags
106586498,dyno,skill
106586498,good,good_tags
106586498,great,good_tags
106586498,jug,feature_tags
106586498,nice,good_tags
106586498,pocket,feature_tags
106586498,sloper,feature_tags
106586498,thin,other_tags
106586538,crack,feature_tags
106586538,face,feature_tags
106586538,heel hook,skill
106586538,ledge,feature_tags
106586546,best,good_tags
106586546,ledge,feature_tags
106586546,sloper,feature_tags
106586723,crimp,feature_tags
106586723,pocket,feature_tags
106590804,crimp,feature_tags
106590804,heel hook,skill
106590804,jug,feature_tags
106590804,sloper,feature_tags
106590893,crimp,feature_tags
106590957,sloper,feature_tags
106590957,smear,other_tags
106595425,crux,feature_tags
106595440,crack,feature_tags
106595440,excellent,good_tags
106595455,crack,feature_tags
106595455,crux,feature_tags
106595464,crux,feature_tags
106620923,arete,feature_tags
106620923,classic,good_tags
106620923,easy,good_tags
106620923,exposed,feature_tags
106620923,jug,feature_tags
106620923,ledge,feature_tags
106620923,sloper,feature_tags
106655432,crack,feature_tags
106655432,crimp,feature_tags
106655432,dyno,skill
106655432,easy,good_tags
106655432,good,good_tags
106655432,thin,other_tags
106655441,crimp,feature_tags
106655441,ledge,feature_tags
106655453,heel hook,skill
106655453,ledge,feature_tags
106655453,sloper,feature_tags
106655453,traverse,feature_tags
106655481,crimp,feature_tags
106655481,excellent,good_tags
106655481,face,feature_tags
106655481,flake,feature_tags
106655481,jug,feature_tags
106655481,nice,good_tags
106655481,sloper,feature_tags
106655536,crimp,feature_tags
106655536,face,feature_tags
106655536,flake,feature_tags
106655536,good,good_tags
106655536,ledge,feature_tags
106655536,mantle,skill
106655536,roof,feature_tags
106655536,traverse,feature_tags
106655560,heel hook,skill
106655560,mantle,skill
106655560,roof,feature_tags
106655655,arete,feature_tags
106655655,crack,feature_tags
106655655,jug,feature_tags
106655655,thin,other_tags
106655655,traverse,feature_tags
106656174,arete,feature_tags
106656174,bad,bad_tags
106656174,crimp,feature_tags
106656174,exposed,feature_tags
106656174,flake,feature_tags
106656174,sloper,feature_tags
106656274,arete,feature_tags
106656274,crimp,feature_tags
106656274,face,feature_tags
106656274,sloper,feature_tags
106657268,best,good_tags
106657268,face,feature_tags
106657268,flake,feature_tags
106657268,mantle,skill
106657268,nice,good_tags
106688423,arete,feature_tags
106688423,heel hook,skill
106688423,sloper,feature_tags
106693351,crimp,feature_tags
106693351,face,feature_tags
106693351,fun,good_tags
106693351,good,good_tags
106693351,traverse,feature_tags
106699542,flake,feature_tags
106699542,roof,feature_tags
106699542,traverse,feature_tags
106699565,good,good_tags
106699565,heel hook,skill
106699565,ledge,feature_tags
106699565,traverse,feature_tags
106699573,flake,feature_tags
106699573,good,good_tags
106699573,heel hook,skill
106699573,ledge,feature_tags
106699587,good,good_tags
106699587,traverse,feature_tags
106704056,classic,good_tags
106704056,crack,feature_tags
106704056,crimp,feature_tags
106704056,dynamic,skill
106704056,fun,good_tags
106704056,ledge,feature_tags
106705551,fun,good_tags
106705551,good,good_tags
106705551,slab,feature_tags
106705551,thin,other_tags
106705564,best,good_tags
106705564,cruise,feature_tags
106705564,face,feature_tags
106705564,fun,good_tags
106705564,great,good_tags
106705564,ledge,feature_tags
106705564,roof,feature_tags
106705564,slab,feature_tags
106705564,thin,other_tags
106705632,crux,feature_tags
106705632,easy,good_tags
106705632,interesting,good_tags
106705632,slab,feature_tags
106709760,crimp,feature_tags
106709760,face,feature_tags
106709760,ledge,feature_tags
106709760,sloper,feature_tags
106719016,crimp,feature_tags
106719016,thin,other_tags
106719016,traverse,feature_tags
106721598,crack,feature_tags
106721598,face,feature_tags
106734383,balance,skill
106734383,dyno,skill
106734383,jug,feature_tags
106734383,sloper,feature_tags
106734511,crack,feature_tags
106734511,crimp,feature_tags
106734511,great,good_tags
106734511,jug,feature_tags
106757872,heelhook,skill
106757872,sloper,feature_tags
106757872,traverse,feature_tags
106761755,crack,feature_tags
106761755,easy,good_tags
106761755,fun,good_tags
106761755,good,good_tags
106761755,heel hook,skill
106761755,jug,feature_tags
106761755,ledge,feature_tags
106761755,roof,feature_tags
106761764,arete,feature_tags
106761764,face,feature_tags
106761764,flake,feature_tags
106761764,heel hook,skill
106761764,jug,feature_tags
106761764,roof,feature_tags
106761764,sloper,feature_tags
106761764,thin,other_tags
106762488,face,feature_tags
106762488,heel hook,skill
106762488,ledge,feature_tags
106762636,crack,feature_tags
106762636,crux,feature_tags
106762636,easier,good_tags
106762636,easy,good_tags
106762636,flake,feature_tags
106762636,great,good_tags
106762652,crack,feature_tags
106762652,tricky,other_tags
106763789,good,good_tags
106763965,crux,feature_tags
106763965,easier,good_tags
106763965,fun,good_tags
106763978,chimney,feature_tags
106763978,good,good_tags
106763978,nice,good_tags
106763978,roof,feature_tags
106765610,dirty,bad_tags
106765610,mantle,skill
106771841,crack,feature_tags
106771841,dihedral,feature_tags
106771841,jug,feature_tags
106777558,crack,feature_tags
106777558,crimp,feature_tags
106777558,heel hook,skill
106777558,jug,feature_tags
106777558,ledge,feature_tags
106777558,toe hook,skill
106779712,classic,good_tags
106779712,crimp,feature_tags
106779712,easy,good_tags
106779712,good,good_tags
106779712,heel hook,skill
106779712,jug,feature_tags
106779712,nice,good_tags
106779712,sloper,feature_tags
106784419,good,good_tags
106784419,pocket,feature_tags
106791368,crimp,feature_tags
106791368,face,feature_tags
106791368,good,good_tags
106791368,great,good_tags
106791368,jug,feature_tags
106791368,sloper,feature_tags
106794156,arete,feature_tags
106794156,crimp,feature_tags
106794156,face,feature_tags
106794156,fun,good_tags
106794156,good,good_tags
106794156,great,good_tags
106794156,jug,feature_tags
106794156,ledge,feature_tags
106794156,nice,good_tags
106794156,scary,other_tags
106794156,sloper,feature_tags
106794198,crack,feature_tags
106794198,crimp,feature_tags
106794198,good,good_tags
106794198,jug,feature_tags
106800744,crack,feature_tags
106800744,crimp,feature_tags
106800744,good,good_tags
106800744,jam,skill
106800744,jug,feature_tags
106800744,nice,good_tags
106800744,thin,other_tags
106802314,arete,feature_tags
106802314,fun,good_tags
106802314,good,good_tags
106802314,heel hook,skill
106802314,jug,feature_tags
106815203,crimp,feature_tags
106815203,dihedral,feature_tags
106815203,jug,feature_tags
106815203,mantle,skill
106815203,nice,good_tags
106820883,arete,feature_tags
106820883,heel hook,skill
106820883,mantle,skill
106820892,face,feature_tags
106820892,good,good_tags
106820892,ledge,feature_tags
106820892,slab,feature_tags
106830441,crimp,feature_tags
106830441,face,feature_tags
106830441,fun,good_tags
106830441,heel hook,skill
106830441,jug,feature_tags
106830441,ledge,feature_tags
106835876,chimney,feature_tags
106835876,crack,feature_tags
106835876,jam,skill
106836047,arete,feature_tags
106836047,crack,feature_tags
106836047,crimp,feature_tags
106836047,face,feature_tags
106836047,good,good_tags
106836047,interesting,good_tags
106836047,jug,feature_tags
106836047,ledge,feature_tags
106836047,sloper,feature_tags
106836047,thin,other_tags
106836047,traverse,feature_tags
106836063,arete,feature_tags
106836063,crack,feature_tags
106836063,good,good_tags
106836063,heel hook,skill
106836063,ledge,feature_tags
106836063,sloper,feature_tags
106836063,traverse,feature_tags
106839884,arete,feature_tags
106839884,crimp,feature_tags
106839884,ledge,feature_tags
106839884,pocket,feature_tags
106839884,sloper,feature_tags
106841041,dirty,bad_tags
106841041,traverse,feature_tags
106854484,crack,feature_tags
106854484,face,feature_tags
106854484,great,good_tags
106854484,jam,skill
106854496,crack,feature_tags
106854496,face,feature_tags
106854501,crack,feature_tags
106854509,arete,feature_tags
106854509,crack,feature_tags
106854509,face,feature_tags
106857543,arete,feature_tags
106857543,face,feature_tags
106857543,good,good_tags
106857543,jug,feature_tags
106860773,easier,good_tags
106860773,ledge,feature_tags
106868765,balance,skill
106868765,face,feature_tags
106868765,jug,feature_tags
106868765,pocket,feature_tags
106868801,cool,good_tags
106868801,ledge,feature_tags
106868801,mantle,skill
106868801,pocket,feature_tags
106868801,sloper,feature_tags
106868824,face,feature_tags
106868824,fun,good_tags
106868824,good,good_tags
106868824,jug,feature_tags
106871002,arete,feature_tags
106871002,easy,good_tags
106871002,fun,good_tags
106871002,tricky,other_tags
106873730,arete,feature_tags
106873730,crux,feature_tags
106873730,face,feature_tags
106873730,jug,feature_tags
106873730,sloper,feature_tags
106873738,traverse,feature_tags
106873738,warm up,good_tags
106879092,arete,feature_tags
106879092,traverse,feature_tags
106887241,arete,feature_tags
106887241,run out,bad_tags
106894293,arete,feature_tags
106894293,crux,feature_tags
106894293,thin,other_tags
106898032,crack,feature_tags
106898032,face,feature_tags
106898032,fun,good_tags
106898032,slab,feature_tags
106898032,sloper,feature_tags
106898032,traverse,feature_tags
106906812,bad,bad_tags
106906812,crimp,feature_tags
106906812,thin,other_tags
106907144,crack,feature_tags
106907144,face,feature_tags
106907144,fun,good_tags
106907144,jug,feature_tags
106907144,slab,feature_tags
106912302,arete,feature_tags
106912302,crimp,feature_tags
106912302,crux,feature_tags
106912302,face,feature_tags
106912302,mantle,skill
106912302,pocket,feature_tags
106912302,sloper,feature_tags
106912302,thin,other_tags
106912386,arete,feature_tags
106912386,cool,good_tags
106912386,face,feature_tags
106912386,fun,good_tags
106912386,good,good_tags
106912386,jug,feature_tags
106912386,sloper,feature_tags
106912386,tricky,other_tags
106912400,arete,feature_tags
106912400,crimp,feature_tags
106912400,face,feature_tags
106912400,jug,feature_tags
106912400,ledge,feature_tags
106912400,pocket,feature_tags
106912400,sloper,feature_tags
106912400,traverse,feature_tags
106917630,crimp,feature_tags
106917630,easy,good_tags
106917630,face,feature_tags
106917630,flake,feature_tags
106917630,fun,good_tags
106917630,jug,feature_tags
106917630,thin,other_tags
106919169,crimp,feature_tags
106919169,face,feature_tags
106919169,jug,feature_tags
106919169,pocket,feature_tags
106919231,arete,feature_tags
106919231,crimp,feature_tags
106919231,fun,good_tags
106919231,good,good_tags
106919231,jug,feature_tags
106922238,crimp,feature_tags
106922238,face,feature_tags
106922238,fun,good_tags
106922238,heel hook,skill
106922238,roof,feature_tags
106922238,sloper,feature_tags
106922238,tough,other_tags
106935228,crimp,feature_tags
106935228,dynamic,skill
106935228,good,good_tags
106935228,jug,feature_tags
106936181,arete,feature_tags
106936181,crimp,feature_tags
106936181,good,good_tags
106936181,jug,feature_tags
106936181,roof,feature_tags
106936701,easy,good_tags
106936701,face,feature_tags
106936701,fun,good_tags
106936701,good,good_tags
106936701,slab,feature_tags
106936726,arete,feature_tags
106936726,bad,bad_tags
106936726,crack,feature_tags
106936726,crimp,feature_tags
106936726,face,feature_tags
106936726,jug,feature_tags
106936726,pocket,feature_tags
106936726,scary,other_tags
106936741,easy,good_tags
106936741,fun,good_tags
106936741,jug,feature_tags
106936741,pocket,feature_tags
106936741,sloper,feature_tags
106936741,traverse,feature_tags
106936787,face,feature_tags
106936787,fun,good_tags
106939064,crimp,feature_tags
106939064,difficult,other_tags
106941103,arete,feature_tags
106941103,easy,good_tags
106941103,fun,good_tags
106947245,face,feature_tags
106947245,jug,feature_tags
106947245,ledge,feature_tags
106947245,mantle,skill
106951522,flake,feature_tags
106951522,roof,feature_tags
106951522,slab,feature_tags
106951522,traverse,feature_tags
106951527,face,feature_tags
106951527,flake,feature_tags
106951527,ledge,feature_tags
106951527,mantle,skill
106951527,thin,other_tags
106953791,arete,feature_tags
106953791,good,good_tags
106953791,jug,feature_tags
106955170,classic,good_tags
106955170,crimp,feature_tags
106955222,crack,feature_tags
106955222,crimp,feature_tags
106958471,arete,feature_tags
106958471,arete,feature_tags
106958471,crux,feature_tags
106958471,crux,feature_tags
106958471,difficult,other_tags
106958471,difficult,other_tags
106958471,run out,bad_tags
106958525,crux,feature_tags
106958525,easy,good_tags
106958525,good,good_tags
106958525,run out,bad_tags
106958525,scary,other_tags
106960355,arete,feature_tags
106960355,crimp,feature_tags
106960355,crux,feature_tags
106960355,face,feature_tags
106960355,roof,feature_tags
106960355,smear,other_tags
106967478,ledge,feature_tags
106967785,crack,feature_tags
106967785,flake,feature_tags
106967785,fun,good_tags
106967785,good,good_tags
106967785,interesting,good_tags
106967785,scary,other_tags
106967785,thin,other_tags
106968353,great,good_tags
106968353,heel hook,skill
106968353,jug,feature_tags
106968353,nice,good_tags
106972986,face,feature_tags
106972986,flake,feature_tags
106972986,fun,good_tags
106972986,good,good_tags
106972986,jug,feature_tags
106972986,mantle,skill
106972986,sloper,feature_tags
106979655,good,good_tags
106979655,great,good_tags
106979655,jug,feature_tags
106979655,pocket,feature_tags
106979655,traverse,feature_tags
106979688,arete,feature_tags
106979688,crack,feature_tags
106980103,crimp,feature_tags
106980103,jug,feature_tags
106980153,fun,good_tags
106980153,jug,feature_tags
106980153,roof,feature_tags
106980221,pocket,feature_tags
106980221,roof,feature_tags
106980221,sloper,feature_tags
106980289,arete,feature_tags
106980289,face,feature_tags
106980311,crimp,feature_tags
106980311,face,feature_tags
106980311,jug,feature_tags
106980311,ledge,feature_tags
106980311,roof,feature_tags
106981872,arete,feature_tags
106981886,good,good_tags
107005043,crux,feature_tags
107005043,easier,good_tags
107005043,jam,skill
107005043,ledge,feature_tags
107046664,arete,feature_tags
107046664,crack,feature_tags
107046664,face,feature_tags
107046664,fun,good_tags
107046664,good,good_tags
107046664,heel hook,skill
107046664,jug,feature_tags
107062632,face,feature_tags
107062632,roof,feature_tags
107062638,jug,feature_tags
107062638,roof,feature_tags
107062644,crack,feature_tags
107062644,face,feature_tags
107062644,roof,feature_tags
107062644,slab,feature_tags
107062644,traverse,feature_tags
107062644,tricky,other_tags
107063313,arete,feature_tags
107063313,face,feature_tags
107063313,heel hook,skill
107063313,ledge,feature_tags
107063313,sloper,feature_tags
107064623,crimp,feature_tags
107064623,face,feature_tags
107064623,fun,good_tags
107064623,good,good_tags
107064623,mantle,skill
107064623,slab,feature_tags
107064623,sloper,feature_tags
107064623,thin,other_tags
107065771,crack,feature_tags
107065771,crimp,feature_tags
107065771,face,feature_tags
107065771,fun,good_tags
107065771,good,good_tags
107065771,jug,feature_tags
107065771,ledge,feature_tags
107065771,pocket,feature_tags
107065771,slab,feature_tags
107065771,thin,other_tags
107071891,arete,feature_tags
107071891,good,good_tags
107071891,jug,feature_tags
107071943,crack,feature_tags
107071943,crux,feature_tags
107071943,ledge,feature_tags
107071943,slab,feature_tags
107071951,crack,feature_tags
107071951,face,feature_tags
107071951,good,good_tags
107071951,ledge,feature_tags
107071951,slab,feature_tags
107076994,face,feature_tags
107078918,face,feature_tags
107078918,traverse,feature_tags
107079284,crack,feature_tags
107079284,roof,feature_tags
107079798,roof,feature_tags
107079818,crack,feature_tags
107079818,flake,feature_tags
107079818,thin,other_tags
107079826,crack,feature_tags
107079826,face,feature_tags
107079826,jug,feature_tags
107079826,ledge,feature_tags
107079826,thin,other_tags
107081046,easy,good_tags
107081046,good,good_tags
107081046,slab,feature_tags
107083548,crack,feature_tags
107083548,roof,feature_tags
107083548,traverse,feature_tags
107083585,crack,feature_tags
107083585,crux,feature_tags
107083590,crack,feature_tags
107083590,crimp,feature_tags
107083590,crux,feature_tags
107083590,jug,feature_tags
107083590,smear,other_tags
107083599,crack,feature_tags
107083605,face,feature_tags
107084236,face,feature_tags
107084260,face,feature_tags
107084267,dyno,skill
107084267,flake,feature_tags
107084303,arete,feature_tags
107084303,face,feature_tags
107084303,flake,feature_tags
107084303,sloper,feature_tags
107084424,arete,feature_tags
107084424,crux,feature_tags
107084439,face,feature_tags
107084536,arete,feature_tags
107084597,arete,feature_tags
107084597,fun,good_tags
107084597,jug,feature_tags
107084597,roof,feature_tags
107084650,classic,good_tags
107084650,mantle,skill
107084650,sloper,feature_tags
107084650,tough,other_tags
107084650,tricky,other_tags
107084683,fun,good_tags
107084683,jug,feature_tags
107084683,roof,feature_tags
107084683,warm up,good_tags
107084688,classic,good_tags
107084688,roof,feature_tags
107084688,tricky,other_tags
107084688,warm up,good_tags
107084892,crack,feature_tags
107084892,face,feature_tags
107084932,face,feature_tags
107085355,crimp,feature_tags
107085355,face,feature_tags
107085355,mantle,skill
107085359,crimp,feature_tags
107085359,good,good_tags
107085359,mantle,skill
107085359,sloper,feature_tags
107086612,crack,feature_tags
107086612,face,feature_tags
107086612,roof,feature_tags
107086634,face,feature_tags
107086634,fun,good_tags
107086634,jug,feature_tags
107086634,slab,feature_tags
107086643,dirty,bad_tags
107086643,face,feature_tags
107086643,slab,feature_tags
107086653,arete,feature_tags
107086653,face,feature_tags
107086653,good,good_tags
107086653,jug,feature_tags
107086653,mantle,skill
107086813,arete,feature_tags
107086813,face,feature_tags
107086813,jug,feature_tags
107086831,arete,feature_tags
107086831,crack,feature_tags
107086831,face,feature_tags
107087460,arete,feature_tags
107087460,crimp,feature_tags
107087460,face,feature_tags
107087460,good,good_tags
107087460,mantle,skill
107087460,scary,other_tags
107087460,thin,other_tags
107087467,arete,feature_tags
107087467,classic,good_tags
107087467,face,feature_tags
107087467,pocket,feature_tags
107087478,arete,feature_tags
107087478,slab,feature_tags
107087478,sloper,feature_tags
107087506,arete,feature_tags
107087506,crux,feature_tags
107087506,fun,good_tags
107087506,jug,feature_tags
107087506,mantle,skill
107087519,crimp,feature_tags
107087519,difficult,other_tags
107087519,good,good_tags
107087519,jug,feature_tags
107087519,thin,other_tags
107087636,best,good_tags
107087636,cool,good_tags
107087636,face,feature_tags
107087636,roof,feature_tags
107087662,good,good_tags
107087662,mantle,skill
107087692,arete,feature_tags
107087692,crimp,feature_tags
107087692,pumpy,other_tags
107087692,roof,feature_tags
107087692,sloper,feature_tags
107087692,thin,other_tags
107087692,traverse,feature_tags
107087708,crimp,feature_tags
107087708,difficult,other_tags
107087708,mantle,skill
107087708,pocket,feature_tags
107087708,roof,feature_tags
107087708,sloper,feature_tags
107087773,dyno,skill
107087773,face,feature_tags
107087820,arete,feature_tags
107087820,face,feature_tags
107087820,good,good_tags
107087826,arete,feature_tags
107087826,face,feature_tags
107087826,fun,good_tags
107087826,sloper,feature_tags
107090019,balance,skill
107090019,crack,feature_tags
107090019,crux,feature_tags
107090019,face,feature_tags
107090019,good,good_tags
107090019,jug,feature_tags
107090019,ledge,feature_tags
107090019,mantle,skill
107090019,scary,other_tags
107090019,thin,other_tags
107090044,bad,bad_tags
107090044,balance,skill
107090044,crack,feature_tags
107090044,easy,good_tags
107090044,heel hook,skill
107090044,jug,feature_tags
107090044,ledge,feature_tags
107090044,mantle,skill
107090044,scary,other_tags
107092156,crack,feature_tags
107092156,crimp,feature_tags
107092156,crux,feature_tags
107092156,jug,feature_tags
107092156,traverse,feature_tags
107094179,crack,feature_tags
107094179,face,feature_tags
107094185,arete,feature_tags
107094185,face,feature_tags
107094237,crack,feature_tags
107094237,face,feature_tags
107094237,thin,other_tags
107094936,crack,feature_tags
107094936,face,feature_tags
107094936,fun,good_tags
107094957,cool,good_tags
107094957,face,feature_tags
107106185,arete,feature_tags
107106185,face,feature_tags
107106185,fun,good_tags
107106185,jug,feature_tags
107115186,face,feature_tags
107115186,jug,feature_tags
107115186,nice,good_tags
107115186,traverse,feature_tags
107115203,face,feature_tags
107115203,jug,feature_tags
107125843,crack,feature_tags
107125843,roof,feature_tags
107125843,slab,feature_tags
107125857,crack,feature_tags
107127016,arete,feature_tags
107127016,crack,feature_tags
107127016,fun,good_tags
107127016,great,good_tags
107127016,ledge,feature_tags
107127016,nice,good_tags
107127016,pocket,feature_tags
107127028,arete,feature_tags
107127028,crimp,feature_tags
107127028,dihedral,feature_tags
107127028,flake,feature_tags
107127028,ledge,feature_tags
107127028,thin,other_tags
107131813,arete,feature_tags
107131813,choss,bad_tags
107131813,classic,good_tags
107131813,exposed,feature_tags
107131813,face,feature_tags
107131813,good,good_tags
107131813,high first bolt,other_tags
107131813,ledge,feature_tags
107131813,roof,feature_tags
107131813,rust,bad_tags
107137298,crimp,feature_tags
107137298,face,feature_tags
107137298,good,good_tags
107137298,jug,feature_tags
107142901,arete,feature_tags
107142901,crimp,feature_tags
107142901,dyno,skill
107142901,face,feature_tags
107142901,jug,feature_tags
107142901,ledge,feature_tags
107142901,nice,good_tags
107145710,jug,feature_tags
107145710,nice,good_tags
107145710,roof,feature_tags
107145720,arete,feature_tags
107145720,interesting,good_tags
107145720,jug,feature_tags
107145720,nice,good_tags
107145720,roof,feature_tags
107145741,great,good_tags
107145741,jug,feature_tags
107145741,nice,good_tags
107145741,roof,feature_tags
107145741,thin,other_tags
107145748,arete,feature_tags
107145748,fun,good_tags
107145748,heelhook,skill
107145748,mantle,skill
107145748,nice,good_tags
107145748,roof,feature_tags
107145748,tough,other_tags
107145748,traverse,feature_tags
107145759,ledge,feature_tags
107145759,mantle,skill
107145759,nice,good_tags
107145759,pumpy,other_tags
107145759,roof,feature_tags
107145759,sloper,feature_tags
107146515,best,good_tags
107146515,crack,feature_tags
107147617,arete,feature_tags
107147617,crack,feature_tags
107147617,face,feature_tags
107147617,great,good_tags
107150094,face,feature_tags
107150094,roof,feature_tags
107151198,easy,good_tags
107151371,arete,feature_tags
107151371,heel hook,skill
107151371,jug,feature_tags
107151371,roof,feature_tags
107151665,traverse,feature_tags
107155217,easier,good_tags
107155217,face,feature_tags
107155217,great,good_tags
107157417,crimp,feature_tags
107157417,dyno,skill
107157417,thin,other_tags
107157443,arete,feature_tags
107157443,fun,good_tags
107157443,jug,feature_tags
107157443,slab,feature_tags
107159882,bad,bad_tags
107159882,cool,good_tags
107159882,crimp,feature_tags
107159882,excellent,good_tags
107159882,face,feature_tags
107159882,good,good_tags
107159882,jug,feature_tags
107159882,thin,other_tags
107160143,crack,feature_tags
107160143,crux,feature_tags
107160143,face,feature_tags
107160150,arete,feature_tags
107160150,crux,feature_tags
107160150,easier,good_tags
107160150,face,feature_tags
107160150,smear,other_tags
107160572,fun,good_tags
107160572,traverse,feature_tags
107184896,arete,feature_tags
107184896,easy,good_tags
107184896,fun,good_tags
107184896,roof,feature_tags
107189522,nice,good_tags
107192642,chimney,feature_tags
107192642,fun,good_tags
107192642,good,good_tags
107192642,roof,feature_tags
107192642,smear,other_tags
107192649,crack,feature_tags
107192649,good,good_tags
107192649,great,good_tags
107193105,crack,feature_tags
107193105,face,feature_tags
107193105,jug,feature_tags
107193105,nice,good_tags
107193105,pocket,feature_tags
107193105,slab,feature_tags
107193609,crack,feature_tags
107193609,jug,feature_tags
107193609,pocket,feature_tags
107193609,thin,other_tags
107198434,crack,feature_tags
107198434,crux,feature_tags
107198434,face,feature_tags
107198434,fun,good_tags
107198434,jug,feature_tags
107198434,sloper,feature_tags
107198438,face,feature_tags
107198438,jug,feature_tags
107198452,crimp,feature_tags
107198452,crux,feature_tags
107198452,jug,feature_tags
107198452,thin,other_tags
107198452,traverse,feature_tags
107198503,best,good_tags
107198503,crack,feature_tags
107198503,jug,feature_tags
107198503,ledge,feature_tags
107198503,sloper,feature_tags
107198525,arete,feature_tags
107198525,crimp,feature_tags
107198525,fun,good_tags
107198525,jug,feature_tags
107198525,ledge,feature_tags
107198525,sloper,feature_tags
107231524,crack,feature_tags
107231524,nice,good_tags
107231524,thin,other_tags
107231524,tricky,other_tags
107235790,crack,feature_tags
107235790,crimp,feature_tags
107235790,face,feature_tags
107235790,flake,feature_tags
107235790,great,good_tags
107235790,thin,other_tags
107235790,tough,other_tags
107248823,crack,feature_tags
107248823,crimp,feature_tags
107248823,crux,feature_tags
107248823,good,good_tags
107248823,slab,feature_tags
107248823,thin,other_tags
107252831,dyno,skill
107252831,face,feature_tags
107252831,great,good_tags
107252831,jug,feature_tags
107252831,traverse,feature_tags
107252869,crimp,feature_tags
107252869,mantle,skill
107252869,thin,other_tags
107252894,crack,feature_tags
107252894,crux,feature_tags
107252894,face,feature_tags
107252894,fun,good_tags
107252894,jug,feature_tags
107252894,thin,other_tags
107252894,traverse,feature_tags
107264270,dyno,skill
107264270,traverse,feature_tags
107273600,crack,feature_tags
107273600,fun,good_tags
107273600,roof,feature_tags
107273600,sloper,feature_tags
107273600,thin,other_tags
107273622,arete,feature_tags
107273622,face,feature_tags
107273622,jug,feature_tags
107273622,ledge,feature_tags
107273622,pocket,feature_tags
107273622,sloper,feature_tags
107273622,tricky,other_tags
107273640,crimp,feature_tags
107273640,heel hook,skill
107273640,jug,feature_tags
107273640,ledge,feature_tags
107273640,nice,good_tags
107273640,roof,feature_tags
107273646,face,feature_tags
107273646,roof,feature_tags
107280379,crack,feature_tags
107280379,crimp,feature_tags
107280379,dyno,skill
107280379,good,good_tags
107280379,great,good_tags
107280379,jug,feature_tags
107280379,nice,good_tags
107282475,crack,feature_tags
107282475,crimp,feature_tags
107282475,jug,feature_tags
107282475,slab,feature_tags
107282475,sloper,feature_tags
107282499,easy,good_tags
107282499,flake,feature_tags
107282499,pocket,feature_tags
107282499,sloper,feature_tags
107282514,arete,feature_tags
107282514,crux,feature_tags
107282514,flake,feature_tags
107282514,good,good_tags
107282523,crack,feature_tags
107282523,crimp,feature_tags
107282523,good,good_tags
107282523,jug,feature_tags
107282523,ledge,feature_tags
107282523,sloper,feature_tags
107282538,crack,feature_tags
107282538,face,feature_tags
107282538,slab,feature_tags
107282550,crux,feature_tags
107282550,good,good_tags
107282550,jug,feature_tags
107282556,face,feature_tags
107282556,good,good_tags
107282556,interesting,good_tags
107282556,jug,feature_tags
107282556,thin,other_tags
107282573,best,good_tags
107282573,crimp,feature_tags
107282573,face,feature_tags
107282573,good,good_tags
107282573,jug,feature_tags
107282573,nice,good_tags
107282592,arete,feature_tags
107282592,classic,good_tags
107282592,good,good_tags
107282592,heel hook,skill
107282592,jug,feature_tags
107282592,ledge,feature_tags
107282592,mantle,skill
107284295,crack,feature_tags
107284295,crimp,feature_tags
107284295,face,feature_tags
107284295,jug,feature_tags
107284313,crimp,feature_tags
107284313,flake,feature_tags
107286613,crack,feature_tags
107286613,crimp,feature_tags
107286613,face,feature_tags
107286613,good,good_tags
107286613,ledge,feature_tags
107286613,pocket,feature_tags
107286613,scary,other_tags
107289867,crimp,feature_tags
107289878,arete,feature_tags
107289878,crimp,feature_tags
107289878,nice,good_tags
107289878,traverse,feature_tags
107289902,dyno,skill
107289902,ledge,feature_tags
107289902,roof,feature_tags
107289902,slab,feature_tags
107289902,traverse,feature_tags
107290137,crack,feature_tags
107290137,crimp,feature_tags
107290137,face,feature_tags
107290137,fun,good_tags
107290137,ledge,feature_tags
107290137,tricky,other_tags
107290510,dyno,skill
107290510,heel hook,skill
107290510,ledge,feature_tags
107290510,sloper,feature_tags
107290535,crimp,feature_tags
107290535,jug,feature_tags
107290535,tough,other_tags
107291084,crimp,feature_tags
107291084,dihedral,feature_tags
107291084,face,feature_tags
107291084,good,good_tags
107291098,arete,feature_tags
107291098,face,feature_tags
107291098,fun,good_tags
107291098,ledge,feature_tags
107291098,nice,good_tags
107291098,scary,other_tags
107291098,sloper,feature_tags
107293013,balance,skill
107293013,crack,feature_tags
107293013,face,feature_tags
107293013,fun,good_tags
107293013,ledge,feature_tags
107293050,mantle,skill
107293050,nice,good_tags
107293050,sloper,feature_tags
107293166,crimp,feature_tags
107293166,sloper,feature_tags
107296490,good,good_tags
107296490,jug,feature_tags
107296490,smear,other_tags
107303121,crack,feature_tags
107303121,crimp,feature_tags
107303121,crux,feature_tags
107303121,face,feature_tags
107303121,jug,feature_tags
107303121,pocket,feature_tags
107303121,traverse,feature_tags
107303121,warm up,good_tags
107303143,crack,feature_tags
107303143,easy,good_tags
107303143,face,feature_tags
107303143,jug,feature_tags
107303143,warm up,good_tags
107303156,cool,good_tags
107303156,crack,feature_tags
107303156,crux,feature_tags
107303156,heel hook,skill
107303156,ledge,feature_tags
107303156,mantle,skill
107303156,roof,feature_tags
107303156,tough,other_tags
107303179,crack,feature_tags
107303206,arete,feature_tags
107303206,crimp,feature_tags
107303206,crux,feature_tags
107303206,face,feature_tags
107303206,heel hook,skill
107303206,slab,feature_tags
107303206,tricky,other_tags
107303807,flake,feature_tags
107303807,traverse,feature_tags
107303811,crimp,feature_tags
107303811,face,feature_tags
107303811,fun,good_tags
107303811,good,good_tags
107303811,jug,feature_tags
107303811,ledge,feature_tags
107303811,slab,feature_tags
107303811,traverse,feature_tags
107305916,crack,feature_tags
107305916,crimp,feature_tags
107305916,good,good_tags
107305916,jug,feature_tags
107305916,slab,feature_tags
107305916,traverse,feature_tags
107305945,crimp,feature_tags
107305945,face,feature_tags
107305945,sloper,feature_tags
107306785,crack,feature_tags
107306793,crack,feature_tags
107306793,crimp,feature_tags
107306793,jug,feature_tags
107306813,crimp,feature_tags
107306813,flake,feature_tags
107306813,good,good_tags
107306813,jug,feature_tags
107306813,ledge,feature_tags
107306837,flake,feature_tags
107306837,jug,feature_tags
107306849,crimp,feature_tags
107306849,crux,feature_tags
107306849,slab,feature_tags
107306880,flake,feature_tags
107306880,ledge,feature_tags
107306934,face,feature_tags
107306934,flake,feature_tags
107306934,ledge,feature_tags
107306942,face,feature_tags
107306946,crack,feature_tags
107308267,best,good_tags
107308267,flake,feature_tags
107308267,great,good_tags
107308368,face,feature_tags
107308368,traverse,feature_tags
107308509,crimp,feature_tags
107308509,face,feature_tags
107308509,traverse,feature_tags
107308515,crimp,feature_tags
107308515,great,good_tags
107308515,nice,good_tags
107310244,flake,feature_tags
107310244,good,good_tags
107310244,jug,feature_tags
107310258,crack,feature_tags
107310258,jug,feature_tags
107310258,ledge,feature_tags
107310258,nice,good_tags
107310269,pocket,feature_tags
107310273,face,feature_tags
107310273,thin,other_tags
107310273,traverse,feature_tags
107310285,face,feature_tags
107310285,thin,other_tags
107310741,crack,feature_tags
107310741,ledge,feature_tags
107310741,roof,feature_tags
107310741,slab,feature_tags
107315741,crack,feature_tags
107315741,crimp,feature_tags
107315741,great,good_tags
107315741,traverse,feature_tags
107315774,arete,feature_tags
107315774,best,good_tags
107315774,crimp,feature_tags
107315774,easy,good_tags
107315774,good,good_tags
107315774,great,good_tags
107315774,heel hook,skill
107315774,jug,feature_tags
107315774,slab,feature_tags
107315774,thin,other_tags
107315784,crux,feature_tags
107315784,jug,feature_tags
107315966,crack,feature_tags
107315966,easy,good_tags
107315966,face,feature_tags
107315966,fun,good_tags
107315966,slab,feature_tags
107315966,thin,other_tags
107316126,jug,feature_tags
107316230,sloper,feature_tags
107316320,crack,feature_tags
107316320,good,good_tags
107317625,crack,feature_tags
107317625,crimp,feature_tags
107317625,dyno,skill
107317625,great,good_tags
107317625,heel hook,skill
107317625,pocket,feature_tags
107317625,sloper,feature_tags
107317640,crack,feature_tags
107317640,good,good_tags
107317640,ledge,feature_tags
107317640,pocket,feature_tags
107317640,slab,feature_tags
107317640,sloper,feature_tags
107319207,crack,feature_tags
107319207,good,good_tags
107319207,ledge,feature_tags
107319207,nice,good_tags
107319218,arete,feature_tags
107319218,good,good_tags
107319218,heel hook,skill
107319218,mantle,skill
107319218,smear,other_tags
107319237,crack,feature_tags
107319237,crimp,feature_tags
107319237,dyno,skill
107319237,sloper,feature_tags
107329189,crack,feature_tags
107329189,crimp,feature_tags
107329189,flake,feature_tags
107329189,heel hook,skill
107329189,jug,feature_tags
107329189,traverse,feature_tags
107333012,arete,feature_tags
107333012,crimp,feature_tags
107333012,great,good_tags
107333012,jug,feature_tags
107333012,ledge,feature_tags
107333030,arete,feature_tags
107333030,good,good_tags
107333030,pocket,feature_tags
107333030,slab,feature_tags
107333030,smear,other_tags
107333043,cool,good_tags
107333043,crack,feature_tags
107333043,face,feature_tags
107333043,jug,feature_tags
107336200,traverse,feature_tags
107336445,crack,feature_tags
107336445,flake,feature_tags
107343948,easy,good_tags
107343948,face,feature_tags
107343948,fun,good_tags
107343948,tough,other_tags
107343953,best,good_tags
107343953,crack,feature_tags
107343953,crux,feature_tags
107343953,easy,good_tags
107343953,fun,good_tags
107343953,warm up,good_tags
107343963,crack,feature_tags
107343963,face,feature_tags
107343963,warm up,good_tags
107343968,crux,feature_tags
107343968,flake,feature_tags
107343968,good,good_tags
107343968,mantle,skill
107343968,run out,bad_tags
107343968,slab,feature_tags
107349025,crimp,feature_tags
107349025,fun,good_tags
107349025,jug,feature_tags
107349025,ledge,feature_tags
107349025,roof,feature_tags
107349045,arete,feature_tags
107349045,jug,feature_tags
107349045,ledge,feature_tags
107349045,roof,feature_tags
107349052,arete,feature_tags
107349052,crimp,feature_tags
107349052,heel hook,skill
107349052,jug,feature_tags
107349052,pumpy,other_tags
107349085,arete,feature_tags
107349085,flake,feature_tags
107349085,good,good_tags
107349085,jug,feature_tags
107349085,ledge,feature_tags
107349085,mantle,skill
107349085,pocket,feature_tags
107349085,roof,feature_tags
107349085,sloper,feature_tags
107349085,thin,other_tags
107349098,crimp,feature_tags
107349098,face,feature_tags
107349098,jug,feature_tags
107349098,nice,good_tags
107349098,thin,other_tags
107349111,crack,feature_tags
107349111,crimp,feature_tags
107349111,good,good_tags
107349111,jug,feature_tags
107349169,crack,feature_tags
107349169,face,feature_tags
107349169,fun,good_tags
107349169,jug,feature_tags
107349169,slab,feature_tags
107349274,beautiful,good_tags
107349274,crimp,feature_tags
107349274,jug,feature_tags
107349274,nice,good_tags
107349274,roof,feature_tags
107349304,crack,feature_tags
107349304,flake,feature_tags
107349304,fun,good_tags
107349304,jug,feature_tags
107349304,ledge,feature_tags
107349304,thin,other_tags
107349370,crack,feature_tags
107349370,crimp,feature_tags
107349370,face,feature_tags
107349370,jug,feature_tags
107349370,thin,other_tags
107349392,bad,bad_tags
107349392,crimp,feature_tags
107349392,fun,good_tags
107349392,great,good_tags
107349392,scary,other_tags
107349398,easy,good_tags
107349398,face,feature_tags
107350543,arete,feature_tags
107350543,crack,feature_tags
107350543,face,feature_tags
107350543,fun,good_tags
107350543,good,good_tags
107350543,jug,feature_tags
107350543,sloper,feature_tags
107350551,arete,feature_tags
107350551,crimp,feature_tags
107350551,face,feature_tags
107350570,classic,good_tags
107350570,face,feature_tags
107350570,heel hook,skill
107350570,jug,feature_tags
107350570,ledge,feature_tags
107350570,roof,feature_tags
107350570,sloper,feature_tags
107350570,thin,other_tags
107361614,arete,feature_tags
107361614,crimp,feature_tags
107361614,jug,feature_tags
107361614,thin,other_tags
107361621,crimp,feature_tags
107361621,great,good_tags
107361621,jug,feature_tags
107361621,traverse,feature_tags
107369038,crack,feature_tags
107369038,crimp,feature_tags
107369038,jug,feature_tags
107369038,nice,good_tags
107369076,arete,feature_tags
107369076,easy,good_tags
107369076,fun,good_tags
107369076,great,good_tags
107369099,arete,feature_tags
107369099,jug,feature_tags
107369137,arete,feature_tags
107369189,crimp,feature_tags
107369207,jug,feature_tags
107372071,crack,feature_tags
107372071,crimp,feature_tags
107372071,dyno,skill
107372071,good,good_tags
107372071,ledge,feature_tags
107372071,run out,bad_tags
107372138,crimp,feature_tags
107372138,good,good_tags
107372184,crack,feature_tags
107372184,easy,good_tags
107372184,face,feature_tags
107372184,warm up,good_tags
107374233,crack,feature_tags
107374233,face,feature_tags
107374233,interesting,good_tags
107374233,jam,skill
107374233,jug,feature_tags
107374233,mantle,skill
107374233,roof,feature_tags
107374233,toe hook,skill
107382106,crimp,feature_tags
107382106,easy,good_tags
107382106,face,feature_tags
107382106,ledge,feature_tags
107382106,scary,other_tags
107382129,cool,good_tags
107382129,crimp,feature_tags
107382129,crux,feature_tags
107382129,difficult,other_tags
107382129,easy,good_tags
107382129,fun,good_tags
107382129,good,good_tags
107382129,ledge,feature_tags
107382129,sloper,feature_tags
107382136,crimp,feature_tags
107382136,dyno,skill
107382136,face,feature_tags
107382136,fun,good_tags
107382136,good,good_tags
107382136,jug,feature_tags
107382136,ledge,feature_tags
107382136,slab,feature_tags
107382136,tricky,other_tags
107387317,arete,feature_tags
107387317,face,feature_tags
107387317,flake,feature_tags
107387317,heel hook,skill
107387317,ledge,feature_tags
107387317,nice,good_tags
107387317,roof,feature_tags
107387317,sloper,feature_tags
107387317,thin,other_tags
107387317,traverse,feature_tags
107405123,crimp,feature_tags
107405123,tough,other_tags
107411831,face,feature_tags
107411831,jug,feature_tags
107411831,mantle,skill
107411831,thin,other_tags
107421861,arete,feature_tags
107421861,crack,feature_tags
107421861,crimp,feature_tags
107421861,crux,feature_tags
107421861,sloper,feature_tags
107421953,arete,feature_tags
107421953,traverse,feature_tags
107421965,crack,feature_tags
107421965,heel hook,skill
107421965,roof,feature_tags
107421965,tricky,other_tags
107421978,crack,feature_tags
107421978,crimp,feature_tags
107421978,face,feature_tags
107421978,jug,feature_tags
107421978,sloper,feature_tags
107421978,tough,other_tags
107421997,classic,good_tags
107421997,crimp,feature_tags
107421997,face,feature_tags
107421997,sloper,feature_tags
107422016,arete,feature_tags
107422016,crack,feature_tags
107422016,easier,good_tags
107422042,crux,feature_tags
107422042,tough,other_tags
107422042,traverse,feature_tags
107422238,crack,feature_tags
107422238,easier,good_tags
107422238,sloper,feature_tags
107422246,crack,feature_tags
107422246,face,feature_tags
107422246,heel hook,skill
107422246,jug,feature_tags
107422246,roof,feature_tags
107422252,arete,feature_tags
107422252,crimp,feature_tags
107422252,face,feature_tags
107422252,scary,other_tags
107422252,slab,feature_tags
107422252,sloper,feature_tags
107422252,spooky,other_tags
107422263,crux,feature_tags
107422263,sloper,feature_tags
107422271,crack,feature_tags
107422271,slab,feature_tags
107422271,traverse,feature_tags
107422300,crimp,feature_tags
107422300,flake,feature_tags
107422300,jug,feature_tags
107422300,tough,other_tags
107422630,crack,feature_tags
107422630,crux,feature_tags
107422630,flake,feature_tags
107422630,smear,other_tags
107422704,crack,feature_tags
107422704,sloper,feature_tags
107423059,roof,feature_tags
107423077,jug,feature_tags
107423077,roof,feature_tags
107423082,classic,good_tags
107423082,easier,good_tags
107423082,fun,good_tags
107423086,crimp,feature_tags
107423086,sloper,feature_tags
107423086,tough,other_tags
107423090,crack,feature_tags
107423090,difficult,other_tags
107423090,mantle,skill
107423090,roof,feature_tags
107423599,classic,good_tags
107423599,difficult,other_tags
107423629,crimp,feature_tags
107425394,crack,feature_tags
107425394,jug,feature_tags
107425417,crimp,feature_tags
107425417,face,feature_tags
107425422,crimp,feature_tags
107425437,arete,feature_tags
107425437,fun,good_tags
107425437,heelhook,skill
107425437,sloper,feature_tags
107425437,tricky,other_tags
107425459,arete,feature_tags
107425459,face,feature_tags
107425459,heel hook,skill
107425459,tricky,other_tags
107425468,crimp,feature_tags
107425468,dyno,skill
107425468,good,good_tags
107427352,crack,feature_tags
107427352,crimp,feature_tags
107427352,roof,feature_tags
107427352,tough,other_tags
107427360,crimp,feature_tags
107427360,fun,good_tags
107427369,arete,feature_tags
107427369,bad,bad_tags
107427369,crimp,feature_tags
107427369,jug,feature_tags
107427369,tough,other_tags
107427375,crack,feature_tags
107427375,crimp,feature_tags
107427375,pocket,feature_tags
107427375,sloper,feature_tags
107427381,crack,feature_tags
107427381,slab,feature_tags
107427381,smear,other_tags
107427386,crack,feature_tags
107427386,face,feature_tags
107427386,slab,feature_tags
107427386,sloper,feature_tags
107427386,smear,other_tags
107427386,traverse,feature_tags
107427399,arete,feature_tags
107427399,face,feature_tags
107427399,sloper,feature_tags
107427404,crack,feature_tags
107427404,crimp,feature_tags
107427409,crack,feature_tags
107427409,crimp,feature_tags
107427421,bad,bad_tags
107427421,classic,good_tags
107427421,crimp,feature_tags
107427421,good,good_tags
107427421,heel hook,skill
107427425,crack,feature_tags
107427425,easy,good_tags
107436862,crack,feature_tags
107436862,thin,other_tags
107436880,chimney,feature_tags
107436880,roof,feature_tags
107436886,easier,good_tags
107436886,easy,good_tags
107436886,face,feature_tags
107436886,traverse,feature_tags
107438199,arete,feature_tags
107438199,face,feature_tags
107438232,face,feature_tags
107438265,crack,feature_tags
107438265,crimp,feature_tags
107438265,sloper,feature_tags
107438265,traverse,feature_tags
107438283,tricky,other_tags
107438289,great,good_tags
107438289,sloper,feature_tags
107438300,dyno,skill
107438300,roof,feature_tags
107438359,crimp,feature_tags
107438359,good,good_tags
107438359,slab,feature_tags
107444647,crack,feature_tags
107444647,crimp,feature_tags
107444647,jug,feature_tags
107444647,thin,other_tags
107444647,tricky,other_tags
107444688,arete,feature_tags
107444786,arete,feature_tags
107444786,heel hook,skill
107444786,interesting,good_tags
107444797,heel hook,skill
107444797,nice,good_tags
107444809,crimp,feature_tags
107444809,dihedral,feature_tags
107444809,slab,feature_tags
107444825,thin,other_tags
107444829,classic,good_tags
107444829,face,feature_tags
107445525,crimp,feature_tags
107445525,sloper,feature_tags
107449080,crimp,feature_tags
107449080,good,good_tags
107449080,mantle,skill
107451376,crack,feature_tags
107453385,arete,feature_tags
107453385,sloper,feature_tags
107453429,arete,feature_tags
107453429,crimp,feature_tags
107453801,crack,feature_tags
107453801,rust,bad_tags
107459398,easy,good_tags
107459398,face,feature_tags
107459398,fun,good_tags
107459398,jug,feature_tags
107459398,pumpy,other_tags
107459398,roof,feature_tags
107459398,tough,other_tags
107459398,traverse,feature_tags
107459404,arete,feature_tags
107459404,crimp,feature_tags
107459404,fun,good_tags
107459404,heel hook,skill
107459404,roof,feature_tags
107459404,sloper,feature_tags
107459404,thin,other_tags
107459409,crimp,feature_tags
107459409,jug,feature_tags
107459409,ledge,feature_tags
107459409,roof,feature_tags
107459418,face,feature_tags
107459418,fun,good_tags
107459418,good,good_tags
107459418,pocket,feature_tags
107459418,warm up,good_tags
107468663,roof,feature_tags
107468694,chimney,feature_tags
107468694,crux,feature_tags
107468694,nice,good_tags
107468694,roof,feature_tags
107468694,thin,other_tags
107468800,crimp,feature_tags
107468800,jug,feature_tags
107468800,thin,other_tags
107469227,arete,feature_tags
107469227,fun,good_tags
107469227,interesting,good_tags
107469227,thin,other_tags
107469249,face,feature_tags
107469249,jug,feature_tags
107469249,thin,other_tags
107469286,arete,feature_tags
107469286,good,good_tags
107469286,nice,good_tags
107469321,cool,good_tags
107469321,crack,feature_tags
107469321,crimp,feature_tags
107469321,dyno,skill
107469321,face,feature_tags
107469321,mantle,skill
107469321,thin,other_tags
107470335,arete,feature_tags
107470335,fun,good_tags
107470335,great,good_tags
107470407,crack,feature_tags
107470407,crimp,feature_tags
107470407,face,feature_tags
107470407,jug,feature_tags
107475604,bad,bad_tags
107475604,crimp,feature_tags
107475604,thin,other_tags
107478030,heel hook,skill
107478030,sloper,feature_tags
107478030,traverse,feature_tags
107489647,choss,bad_tags
107489647,face,feature_tags
107489647,nice,good_tags
107489676,face,feature_tags
107489676,flake,feature_tags
107489676,thin,other_tags
107496443,crack,feature_tags
107496443,easy,good_tags
107496443,fun,good_tags
107496449,crack,feature_tags
107496449,crux,feature_tags
107496449,easy,good_tags
107496449,great,good_tags
107496449,slab,feature_tags
107496449,thin,other_tags
107496463,crimp,feature_tags
107496463,crux,feature_tags
107496463,face,feature_tags
107496463,jug,feature_tags
107496463,thin,other_tags
107497317,crimp,feature_tags
107497317,good,good_tags
107497317,ledge,feature_tags
107497317,tricky,other_tags
107497350,crimp,feature_tags
107497350,easy,good_tags
107497350,face,feature_tags
107497350,jug,feature_tags
107497350,nice,good_tags
107497350,slab,feature_tags
107497383,face,feature_tags
107497383,jug,feature_tags
107497383,slab,feature_tags
107497383,sloper,feature_tags
107497383,thin,other_tags
107497428,arete,feature_tags
107497428,best,good_tags
107497428,face,feature_tags
107497428,flake,feature_tags
107497428,good,good_tags
107497428,jug,feature_tags
107497428,nice,good_tags
107497428,thin,other_tags
107502701,crimp,feature_tags
107502701,roof,feature_tags
107502701,sloper,feature_tags
107502713,excellent,good_tags
107502713,face,feature_tags
107502713,roof,feature_tags
107503999,arete,feature_tags
107503999,cool,good_tags
107503999,easier,good_tags
107503999,excellent,good_tags
107503999,good,good_tags
107503999,jug,feature_tags
107503999,pocket,feature_tags
107504015,good,good_tags
107504015,jug,feature_tags
107504027,face,feature_tags
107504027,sloper,feature_tags
107505896,arete,feature_tags
107505896,crimp,feature_tags
107505901,arete,feature_tags
107505901,fun,good_tags
107505927,crack,feature_tags
107505927,good,good_tags
107505927,thin,other_tags
107505931,arete,feature_tags
107505931,good,good_tags
107505931,sloper,feature_tags
107505931,traverse,feature_tags
107505931,tricky,other_tags
107505938,ledge,feature_tags
107507022,arete,feature_tags
107507022,crimp,feature_tags
107507022,face,feature_tags
107508082,arete,feature_tags
107508082,good,good_tags
107508828,crimp,feature_tags
107508828,good,good_tags
107508828,jug,feature_tags
107508838,crimp,feature_tags
107508838,sloper,feature_tags
107508838,tough,other_tags
107508911,tough,other_tags
107509140,crack,feature_tags
107509140,easier,good_tags
107509140,great,good_tags
107509145,crack,feature_tags
107509145,fun,good_tags
107509201,crack,feature_tags
107511804,crack,feature_tags
107514242,flake,feature_tags
107514251,arete,feature_tags
107514251,crimp,feature_tags
107514251,flake,feature_tags
107514992,slab,feature_tags
107514992,thin,other_tags
107521449,arete,feature_tags
107521449,crack,feature_tags
107521449,fun,good_tags
107521449,thin,other_tags
107531118,arete,feature_tags
107531118,fun,good_tags
107531118,jug,feature_tags
107531118,nice,good_tags
107531125,face,feature_tags
107531125,fun,good_tags
107531125,jug,feature_tags
107531125,sloper,feature_tags
107533508,arete,feature_tags
107533508,fun,good_tags
107539709,jug,feature_tags
107542416,crimp,feature_tags
107542416,easy,good_tags
107542416,face,feature_tags
107542416,good,good_tags
107542416,heelhook,skill
107542416,jug,feature_tags
107542416,ledge,feature_tags
107542416,nice,good_tags
107542416,sloper,feature_tags
107542449,jug,feature_tags
107542449,ledge,feature_tags
107542449,scary,other_tags
107542464,arete,feature_tags
107542464,fun,good_tags
107542464,ledge,feature_tags
107542464,thin,other_tags
107542464,traverse,feature_tags
107542522,easy,good_tags
107542522,face,feature_tags
107542522,good,good_tags
107542522,interesting,good_tags
107542522,jug,feature_tags
107542522,nice,good_tags
107548638,bad,bad_tags
107548638,best,good_tags
107548638,crimp,feature_tags
107548638,face,feature_tags
107548638,fun,good_tags
107548638,jug,feature_tags
107548638,ledge,feature_tags
107548638,sloper,feature_tags
107548638,tough,other_tags
107549315,crack,feature_tags
107549315,traverse,feature_tags
107549408,arete,feature_tags
107549408,crimp,feature_tags
107549408,pocket,feature_tags
107549408,sloper,feature_tags
107549408,tricky,other_tags
107549429,best,good_tags
107549429,crimp,feature_tags
107549429,jug,feature_tags
107549429,ledge,feature_tags
107549429,powerful,skill
107549429,thin,other_tags
107549429,tough,other_tags
107550155,arete,feature_tags
107550155,jug,feature_tags
107550155,traverse,feature_tags
107554223,arete,feature_tags
107554223,crux,feature_tags
107554223,easy,good_tags
107554223,good,good_tags
107554223,jug,feature_tags
107554223,ledge,feature_tags
107554223,nice,good_tags
107554223,sloper,feature_tags
107554223,thin,other_tags
107554223,tricky,other_tags
107554243,arete,feature_tags
107554243,crimp,feature_tags
107554243,face,feature_tags
107554243,flake,feature_tags
107554243,good,good_tags
107554243,thin,other_tags
107558181,crack,feature_tags
107558181,face,feature_tags
107558181,sloper,feature_tags
107567955,crimp,feature_tags
107567955,heel hook,skill
107567955,jug,feature_tags
107567955,nice,good_tags
107567974,crimp,feature_tags
107567974,dyno,skill
107567974,face,feature_tags
107567974,sloper,feature_tags
107567974,thin,other_tags
107612757,beautiful,good_tags
107612757,jug,feature_tags
107612757,nice,good_tags
107612757,thin,other_tags
107612767,crack,feature_tags
107612767,crux,feature_tags
107612767,jug,feature_tags
107612767,scary,other_tags
107612767,traverse,feature_tags
107621586,pocket,feature_tags
107621586,sloper,feature_tags
107621596,arete,feature_tags
107621596,easy,good_tags
107621596,exposed,feature_tags
107621596,face,feature_tags
107622333,beautiful,good_tags
107622333,danger,bad_tags
107622333,face,feature_tags
107622333,heel hook,skill
107622333,jug,feature_tags
107622333,slab,feature_tags
107623934,arete,feature_tags
107623934,crack,feature_tags
107623934,face,feature_tags
107623934,jug,feature_tags
107623934,pocket,feature_tags
107623934,slab,feature_tags
107623934,thin,other_tags
107624713,arete,feature_tags
107624713,jug,feature_tags
107624713,nice,good_tags
107633928,arete,feature_tags
107633928,crack,feature_tags
107633928,easy,good_tags
107633928,jug,feature_tags
107633934,arete,feature_tags
107633934,crack,feature_tags
107633934,easy,good_tags
107633934,fun,good_tags
107633934,jug,feature_tags
107633934,nice,good_tags
107633934,pocket,feature_tags
107633947,arete,feature_tags
107633947,crack,feature_tags
107633947,easy,good_tags
107633947,jug,feature_tags
107633955,easy,good_tags
107633955,fun,good_tags
107633955,jug,feature_tags
107633955,slab,feature_tags
107633971,fun,good_tags
107633971,great,good_tags
107635618,crimp,feature_tags
107635618,face,feature_tags
107635618,fun,good_tags
107635618,good,good_tags
107635618,jug,feature_tags
107635627,easy,good_tags
107635627,face,feature_tags
107635627,fun,good_tags
107635627,slab,feature_tags
107635636,face,feature_tags
107635636,pocket,feature_tags
107635636,slab,feature_tags
107635661,chimney,feature_tags
107635661,crack,feature_tags
107635661,easy,good_tags
107635661,jug,feature_tags
107637202,face,feature_tags
107637202,good,good_tags
107637202,jug,feature_tags
107637202,nice,good_tags
107637202,pocket,feature_tags
107637265,crack,feature_tags
107637265,face,feature_tags
107637265,fun,good_tags
107637265,smear,other_tags
107637265,traverse,feature_tags
107637280,crimp,feature_tags
107637280,crux,feature_tags
107637280,dyno,skill
107637280,easy,good_tags
107637280,mantle,skill
107637280,sloper,feature_tags
107640110,bad,bad_tags
107640110,jug,feature_tags
107640110,roof,feature_tags
107640900,crimp,feature_tags
107640900,difficult,other_tags
107640900,face,feature_tags
107640900,good,good_tags
107693166,crack,feature_tags
107693166,fun,good_tags
107693166,great,good_tags
107693166,jug,feature_tags
107693166,nice,good_tags
107693166,traverse,feature_tags
107693166,warm up,good_tags
107707889,arete,feature_tags
107707889,crimp,feature_tags
107707889,easy,good_tags
107707889,face,feature_tags
107707889,flake,feature_tags
107707889,jug,feature_tags
107707889,mantle,skill
107707889,thin,other_tags
107716712,crimp,feature_tags
107716712,difficult,other_tags
107716712,flake,feature_tags
107717240,face,feature_tags
107717240,jug,feature_tags
107717240,ledge,feature_tags
107717240,pocket,feature_tags
107717444,arete,feature_tags
107717444,face,feature_tags
107717444,good,good_tags
107717444,jug,feature_tags
107717444,technical,skill
107726043,crack,feature_tags
107726043,dihedral,feature_tags
107726043,face,feature_tags
107726043,fun,good_tags
107726043,jug,feature_tags
107726043,nice,good_tags
107733426,crimp,feature_tags
107733426,good,good_tags
107733426,jug,feature_tags
107733426,ledge,feature_tags
107733426,thin,other_tags
107743193,arete,feature_tags
107743193,easier,good_tags
107743193,easy,good_tags
107743193,good,good_tags
107743193,slab,feature_tags
107743193,sloper,feature_tags
107743202,good,good_tags
107743202,jug,feature_tags
107743202,thin,other_tags
107745478,crimp,feature_tags
107745478,face,feature_tags
107745478,fun,good_tags
107745478,jug,feature_tags
107745478,ledge,feature_tags
107745478,tough,other_tags
107749149,arete,feature_tags
107749149,cool,good_tags
107749149,crack,feature_tags
107749149,face,feature_tags
107749149,jug,feature_tags
107749149,slab,feature_tags
107758716,arete,feature_tags
107758716,crack,feature_tags
107758716,fun,good_tags
107758716,slab,feature_tags
107760130,easy,good_tags
107760130,flake,feature_tags
107760130,good,good_tags
107760130,slab,feature_tags
107760170,exposed,feature_tags
107760170,face,feature_tags
107760170,flake,feature_tags
107760170,good,good_tags
107760170,nice,good_tags
107762550,arete,feature_tags
107762550,crack,feature_tags
107762550,crimp,feature_tags
107762550,difficult,other_tags
107762550,jug,feature_tags
107762550,nice,good_tags
107762550,roof,feature_tags
107762550,sloper,feature_tags
107764560,arete,feature_tags
107764560,crack,feature_tags
107764560,face,feature_tags
107764560,nice,good_tags
107764560,traverse,feature_tags
107764600,classic,good_tags
107764600,crux,feature_tags
107764600,difficult,other_tags
107764600,face,feature_tags
107764600,flake,feature_tags
107764600,fun,good_tags
107764600,scary,other_tags
107764600,thin,other_tags
107771068,crack,feature_tags
107771068,fun,good_tags
107771068,nice,good_tags
107771094,crack,feature_tags
107771094,fun,good_tags
107784671,crimp,feature_tags
107784677,crimp,feature_tags
107784677,fun,good_tags
107784681,fun,good_tags
107784685,fun,good_tags
107784693,crux,feature_tags
107784693,easy,good_tags
107784693,tough,other_tags
107784697,crux,feature_tags
107784697,easier,good_tags
107784704,arete,feature_tags
107784704,tough,other_tags
107784711,classic,good_tags
107784711,high first bolt,other_tags
107784711,stick clip,other_tags
107787228,fun,good_tags
107787241,arete,feature_tags
107787241,face,feature_tags
107787241,ledge,feature_tags
107787258,dirty,bad_tags
107787270,bad,bad_tags
107787275,crimp,feature_tags
107787275,good,good_tags
107794456,arete,feature_tags
107794456,beautiful,good_tags
107794456,crimp,feature_tags
107794456,face,feature_tags
107807731,cool,good_tags
107807731,crimp,feature_tags
107807731,crux,feature_tags
107807731,face,feature_tags
107807731,smear,other_tags
107807731,thin,other_tags
107807825,arete,feature_tags
107807825,crimp,feature_tags
107807825,jug,feature_tags
107807825,sloper,feature_tags
107807839,arete,feature_tags
107807839,crack,feature_tags
107807839,dyno,skill
107807839,face,feature_tags
107807839,nice,good_tags
107829767,jug,feature_tags
107829767,mantle,skill
107829767,sloper,feature_tags
107829813,crimp,feature_tags
107829813,excellent,good_tags
107829813,good,good_tags
107829813,heel hook,skill
107829813,jug,feature_tags
107830439,crack,feature_tags
107830439,crimp,feature_tags
107830445,arete,feature_tags
107830445,beautiful,good_tags
107830445,cool,good_tags
107830445,crimp,feature_tags
107830445,face,feature_tags
107830445,fun,good_tags
107830445,ledge,feature_tags
107830445,slab,feature_tags
107830445,thin,other_tags
107830445,warm up,good_tags
107830446,crimp,feature_tags
107834398,dihedral,feature_tags
107834398,dirty,bad_tags
107834398,ledge,feature_tags
107834398,slab,feature_tags
107834461,crack,feature_tags
107834461,rust,bad_tags
107834461,slab,feature_tags
107834461,traverse,feature_tags
107841727,arete,feature_tags
107841727,crimp,feature_tags
107841727,easy,good_tags
107841727,good,good_tags
107841727,great,good_tags
107841727,smear,other_tags
107841727,thin,other_tags
107841727,traverse,feature_tags
107844584,arete,feature_tags
107844584,careful,bad_tags
107844584,crimp,feature_tags
107846647,arete,feature_tags
107846647,crimp,feature_tags
107846647,jug,feature_tags
107846647,pocket,feature_tags
107847709,crack,feature_tags
107847709,crux,feature_tags
107847709,dihedral,feature_tags
107847709,face,feature_tags
107847709,good,good_tags
107847709,nice,good_tags
107847709,roof,feature_tags
107847755,chimney,feature_tags
107847755,crack,feature_tags
107847755,crux,feature_tags
107847755,roof,feature_tags
107847755,tough,other_tags
107847755,tricky,other_tags
107850464,classic,good_tags
107850464,easy,good_tags
107850464,fun,good_tags
107850464,run out,bad_tags
107850464,slab,feature_tags
107850464,traverse,feature_tags
107850494,easy,good_tags
107850494,ledge,feature_tags
107850494,scary,other_tags
107850494,slab,feature_tags
107851663,crimp,feature_tags
107851663,great,good_tags
107851663,thin,other_tags
107851663,tough,other_tags
107857785,arete,feature_tags
107857785,face,feature_tags
107857785,great,good_tags
107857785,jug,feature_tags
107857785,traverse,feature_tags
107858342,crimp,feature_tags
107858425,crimp,feature_tags
107858425,face,feature_tags
107858425,fun,good_tags
107858425,heel hook,skill
107858425,jug,feature_tags
107858425,slab,feature_tags
107858425,thin,other_tags
107858425,tough,other_tags
107858509,crack,feature_tags
107858509,fun,good_tags
107858509,good,good_tags
107858509,jug,feature_tags
107858509,mantle,skill
107858522,arete,feature_tags
107858522,balance,skill
107858522,cool,good_tags
107858522,jug,feature_tags
107858522,sloper,feature_tags
107858529,crack,feature_tags
107858529,crimp,feature_tags
107858529,face,feature_tags
107858529,slab,feature_tags
107907322,best,good_tags
107907322,crimp,feature_tags
107907322,face,feature_tags
107907322,flake,feature_tags
107907322,jug,feature_tags
107907384,face,feature_tags
107907384,jug,feature_tags
107907674,crack,feature_tags
107907674,ledge,feature_tags
107907718,nice,good_tags
107907718,roof,feature_tags
107907856,roof,feature_tags
107913421,best,good_tags
107913421,crimp,feature_tags
107913421,easy,good_tags
107913421,jug,feature_tags
107913421,ledge,feature_tags
107913421,roof,feature_tags
107915358,crimp,feature_tags
107915358,face,feature_tags
107915358,good,good_tags
107917238,balance,skill
107917238,burly,skill
107917238,crack,feature_tags
107917238,face,feature_tags
107917238,good,good_tags
107917238,ledge,feature_tags
107917238,mantle,skill
107917238,roof,feature_tags
107917874,crack,feature_tags
107917874,crimp,feature_tags
107917874,face,feature_tags
107917874,good,good_tags
107917874,jug,feature_tags
107919734,balance,skill
107919734,crack,feature_tags
107919734,crimp,feature_tags
107919734,easier,good_tags
107919734,face,feature_tags
107919734,good,good_tags
107919734,interesting,good_tags
107931780,arete,feature_tags
107931780,crimp,feature_tags
107931780,great,good_tags
107931780,jug,feature_tags
107931780,thin,other_tags
107936445,good,good_tags
107936445,roof,feature_tags
107936509,arete,feature_tags
107936509,crimp,feature_tags
107936509,jug,feature_tags
107936509,pocket,feature_tags
107936509,thin,other_tags
107936509,tough,other_tags
107957511,crack,feature_tags
107957511,crimp,feature_tags
107957511,nice,good_tags
107957511,traverse,feature_tags
107992161,crack,feature_tags
107992161,dihedral,feature_tags
107992161,easier,good_tags
107992161,roof,feature_tags
107992161,thin,other_tags
107992161,traverse,feature_tags
107992187,arete,feature_tags
107992187,thin,other_tags
107997692,best,good_tags
107997692,face,feature_tags
107997692,tough,other_tags
107997701,arete,feature_tags
107997701,crimp,feature_tags
107997701,easy,good_tags
107997701,heel hook,skill
107997701,sloper,feature_tags
107997701,techy,skill
108019092,easy,good_tags
108019092,mantle,skill
108019092,roof,feature_tags
108019320,arete,feature_tags
108019320,sloper,feature_tags
108019320,tough,other_tags
108019328,crimp,feature_tags
108019328,face,feature_tags
108019328,great,good_tags
108019328,sloper,feature_tags
108019342,arete,feature_tags
108019342,easier,good_tags
108019342,face,feature_tags
108019342,powerful,skill
108019342,thin,other_tags
108019342,tough,other_tags
108020499,easy,good_tags
108020499,face,feature_tags
108020499,good,good_tags
108020499,sloper,feature_tags
108020499,tough,other_tags
108020562,jug,feature_tags
108020570,jug,feature_tags
108020871,crimp,feature_tags
108020871,crux,feature_tags
108020871,great,good_tags
108020871,jug,feature_tags
108020871,ledge,feature_tags
108020871,pocket,feature_tags
108020889,balance,skill
108020889,cool,good_tags
108020889,crack,feature_tags
108020889,fun,good_tags
108020889,ledge,feature_tags
108020889,scary,other_tags
108020919,easier,good_tags
108020919,face,feature_tags
108020919,slab,feature_tags
108020936,heel hook,skill
108020936,jug,feature_tags
108020936,slab,feature_tags
108020936,thin,other_tags
108021847,crimp,feature_tags
108021847,sloper,feature_tags
108021847,techy,skill
108021847,tricky,other_tags
108037511,crack,feature_tags
108037511,crimp,feature_tags
108037511,easy,good_tags
108037511,jug,feature_tags
108037511,roof,feature_tags
108041728,crimp,feature_tags
108041778,cool,good_tags
108041778,crimp,feature_tags
108041778,face,feature_tags
108041778,jug,feature_tags
108041778,nice,good_tags
108041778,pocket,feature_tags
108041778,slab,feature_tags
108041885,crimp,feature_tags
108041885,easy,good_tags
108041885,face,feature_tags
108041885,good,good_tags
108041885,heelhook,skill
108041885,jug,feature_tags
108041885,ledge,feature_tags
108041885,roof,feature_tags
108042351,cool,good_tags
108042351,crack,feature_tags
108042351,face,feature_tags
108042351,heel hook,skill
108042351,jug,feature_tags
108042351,ledge,feature_tags
108042351,thin,other_tags
108055560,chimney,feature_tags
108055560,crack,feature_tags
108055560,easier,good_tags
108055560,easy,good_tags
108055560,flake,feature_tags
108055560,ledge,feature_tags
108055560,nice,good_tags
108055560,slab,feature_tags
108055560,tough,other_tags
108055560,traverse,feature_tags
108055590,crack,feature_tags
108055590,crux,feature_tags
108055590,flake,feature_tags
108055590,good,good_tags
108055590,slab,feature_tags
108055590,traverse,feature_tags
108060878,easy,good_tags
108060878,thin,other_tags
108060885,great,good_tags
108060893,crimp,feature_tags
108060893,thin,other_tags
108060902,classic,good_tags
108060937,careful,bad_tags
108060948,crimp,feature_tags
108060948,good,good_tags
108062217,face,feature_tags
108069825,arete,feature_tags
108069825,jug,feature_tags
108080013,dihedral,feature_tags
108080013,face,feature_tags
108080013,good,good_tags
108080013,jug,feature_tags
108080013,ledge,feature_tags
108080013,slab,feature_tags
108088504,best,good_tags
108088504,choss,bad_tags
108088504,cool,good_tags
108088504,mantle,skill
108088622,dyno,skill
108088622,easy,good_tags
108088622,face,feature_tags
108088622,flake,feature_tags
108088622,fun,good_tags
108088622,jug,feature_tags
108088622,pocket,feature_tags
108089831,crack,feature_tags
108089831,crimp,feature_tags
108089831,sloper,feature_tags
108089933,bad,bad_tags
108089933,crack,feature_tags
108089933,crimp,feature_tags
108089933,sloper,feature_tags
108090448,crimp,feature_tags
108090448,good,good_tags
108090448,jug,feature_tags
108090448,nice,good_tags
108090448,pocket,feature_tags
108090448,roof,feature_tags
108105901,crack,feature_tags
108105901,jug,feature_tags
108105901,roof,feature_tags
108105906,crack,feature_tags
108105906,flake,feature_tags
108105906,jug,feature_tags
108105906,roof,feature_tags
108105913,crack,feature_tags
108105913,jug,feature_tags
108105913,roof,feature_tags
108105922,crimp,feature_tags
108105922,hueco,feature_tags
108105922,jug,feature_tags
108105922,nice,good_tags
108105922,pocket,feature_tags
108105922,roof,feature_tags
108112163,classic,good_tags
108112163,crack,feature_tags
108112163,crimp,feature_tags
108112163,dyno,skill
108112163,flake,feature_tags
108112163,fun,good_tags
108112163,great,good_tags
108121891,crimp,feature_tags
108121891,jug,feature_tags
108121891,traverse,feature_tags
108121905,crimp,feature_tags
108121905,difficult,other_tags
108121905,good,good_tags
108125320,crimp,feature_tags
108125320,flake,feature_tags
108125320,good,good_tags
108125320,sloper,feature_tags
108125320,thin,other_tags
108125334,crimp,feature_tags
108125334,crux,feature_tags
108125334,dyno,skill
108125334,face,feature_tags
108125334,jug,feature_tags
108125334,nice,good_tags
108125334,thin,other_tags
108146594,crack,feature_tags
108146594,jug,feature_tags
108146594,thin,other_tags
108146594,traverse,feature_tags
108154774,crack,feature_tags
108154774,easy,good_tags
108154774,fun,good_tags
108154774,jug,feature_tags
108154774,nice,good_tags
108154799,cool,good_tags
108154799,crimp,feature_tags
108154799,face,feature_tags
108154799,jug,feature_tags
108154799,nice,good_tags
108170350,face,feature_tags
108170350,fun,good_tags
108170350,jug,feature_tags
108170350,pocket,feature_tags
108170350,sloper,feature_tags
108170372,arete,feature_tags
108170372,easy,good_tags
108170372,jug,feature_tags
108177686,crack,feature_tags
108177686,easy,good_tags
108177686,face,feature_tags
108177686,jug,feature_tags
108177686,ledge,feature_tags
108177696,crack,feature_tags
108177696,easy,good_tags
108177696,fun,good_tags
108177696,mantle,skill
108177734,crack,feature_tags
108177734,crimp,feature_tags
108177734,fun,good_tags
108177734,good,good_tags
108177734,jug,feature_tags
108177833,careful,bad_tags
108177833,crack,feature_tags
108177833,crux,feature_tags
108177833,face,feature_tags
108177833,flake,feature_tags
108177833,great,good_tags
108177833,ledge,feature_tags
108177833,nice,good_tags
108179239,arete,feature_tags
108179239,face,feature_tags
108179239,good,good_tags
108179239,heel hook,skill
108179239,jug,feature_tags
108179239,sloper,feature_tags
108183730,crack,feature_tags
108183730,crimp,feature_tags
108183730,face,feature_tags
108183730,good,good_tags
108183730,jug,feature_tags
108183730,thin,other_tags
108189465,arete,feature_tags
108189465,crimp,feature_tags
108189465,face,feature_tags
108189465,good,good_tags
108189465,nice,good_tags
108189465,pocket,feature_tags
108189465,slab,feature_tags
108189465,sloper,feature_tags
108189465,tricky,other_tags
108189488,crimp,feature_tags
108189488,face,feature_tags
108189488,jug,feature_tags
108189488,ledge,feature_tags
108189488,nice,good_tags
108189488,roof,feature_tags
108189488,sloper,feature_tags
108189503,jug,feature_tags
108189503,ledge,feature_tags
108205068,classic,good_tags
108205068,dyno,skill
108205068,face,feature_tags
108205068,good,good_tags
108205068,jug,feature_tags
108205068,smear,other_tags
108212304,arete,feature_tags
108212304,crimp,feature_tags
108212304,face,feature_tags
108212304,flake,feature_tags
108212304,roof,feature_tags
108212304,sloper,feature_tags
108212304,tough,other_tags
108215128,crack,feature_tags
108215128,face,feature_tags
108215128,interesting,good_tags
108215128,traverse,feature_tags
108215144,good,good_tags
108215144,thin,other_tags
108215144,tough,other_tags
108216935,flake,feature_tags
108216935,jug,feature_tags
108216935,tough,other_tags
108222454,face,feature_tags
108222454,great,good_tags
108222454,traverse,feature_tags
108235496,crimp,feature_tags
108235496,great,good_tags
108235496,heel hook,skill
108235496,jug,feature_tags
108235496,ledge,feature_tags
108235496,thin,other_tags
108259103,heel hook,skill
108259103,sloper,feature_tags
108259103,thin,other_tags
108259131,crack,feature_tags
108259131,crimp,feature_tags
108259131,roof,feature_tags
108259131,sloper,feature_tags
108260414,arete,feature_tags
108260414,crimp,feature_tags
108260414,fun,good_tags
108260414,jug,feature_tags
108260414,pumpy,other_tags
108260414,sloper,feature_tags
108260429,crimp,feature_tags
108260429,dyno,skill
108260429,flake,feature_tags
108270439,arete,feature_tags
108270439,jug,feature_tags
108273137,crack,feature_tags
108273137,fun,good_tags
108273137,jug,feature_tags
108273137,mantle,skill
108273137,slab,feature_tags
108276652,crimp,feature_tags
108276652,difficult,other_tags
108276652,face,feature_tags
108276652,good,good_tags
108276652,jug,feature_tags
108276693,balance,skill
108276693,dihedral,feature_tags
108276693,face,feature_tags
108276693,fun,good_tags
108276693,good,good_tags
108276693,jug,feature_tags
108278385,burly,skill
108278385,crimp,feature_tags
108278385,jug,feature_tags
108278385,pocket,feature_tags
108294283,best,good_tags
108294283,classic,good_tags
108294283,face,feature_tags
108294283,good,good_tags
108294283,jug,feature_tags
108294283,ledge,feature_tags
108294283,pocket,feature_tags
108294283,thin,other_tags
108294378,beautiful,good_tags
108294378,crimp,feature_tags
108294378,thin,other_tags
108294457,face,feature_tags
108294457,hueco,feature_tags
108294457,pocket,feature_tags
108294457,sandy,bad_tags
108332921,crack,feature_tags
108332921,fun,good_tags
108332921,jam,skill
108332921,pocket,feature_tags
108332921,warm up,good_tags
108332927,arete,feature_tags
108332927,great,good_tags
108332927,pocket,feature_tags
108333006,arete,feature_tags
108333006,careful,bad_tags
108333006,crimp,feature_tags
108333006,sloper,feature_tags
108348443,face,feature_tags
108348443,pocket,feature_tags
108348546,crimp,feature_tags
108348546,crux,feature_tags
108348546,face,feature_tags
108348546,jug,feature_tags
108348546,nice,good_tags
108348546,sloper,feature_tags
108348546,thin,other_tags
108348576,arete,feature_tags
108348576,good,good_tags
108348576,jug,feature_tags
108348576,sloper,feature_tags
108348595,face,feature_tags
108348595,slab,feature_tags
108348595,sloper,feature_tags
108348595,smear,other_tags
108348602,jug,feature_tags
108348602,nice,good_tags
108348602,slab,feature_tags
108348602,thin,other_tags
108361305,crux,feature_tags
108361305,easy,good_tags
108361305,face,feature_tags
108361305,good,good_tags
108361305,roof,feature_tags
108361305,thin,other_tags
108375912,flake,feature_tags
108375912,ledge,feature_tags
108375912,mantle,skill
108382370,arete,feature_tags
108382370,bad,bad_tags
108382370,beautiful,good_tags
108382370,difficult,other_tags
108382370,great,good_tags
108382370,jug,feature_tags
108382370,pocket,feature_tags
108390265,arete,feature_tags
108390265,jug,feature_tags
108390287,arete,feature_tags
108390287,dyno,skill
108390287,jug,feature_tags
108390305,arete,feature_tags
108390305,jug,feature_tags
108390305,tough,other_tags
108390314,arete,feature_tags
108390314,crimp,feature_tags
108390314,ledge,feature_tags
108390953,crimp,feature_tags
108390953,flake,feature_tags
108390953,nice,good_tags
108390953,thin,other_tags
108393055,face,feature_tags
108394455,crimp,feature_tags
108394455,face,feature_tags
108394455,flake,feature_tags
108394455,fun,good_tags
108394455,good,good_tags
108394455,mantle,skill
108394455,nice,good_tags
108394455,thin,other_tags
108394869,balance,skill
108394869,fun,good_tags
108394869,jug,feature_tags
108394869,ledge,feature_tags
108394869,sloper,feature_tags
108395879,crimp,feature_tags
108395879,great,good_tags
108395879,heel hook,skill
108395879,jug,feature_tags
108395879,ledge,feature_tags
108395879,mantle,skill
108395879,pocket,feature_tags
108395879,roof,feature_tags
108408664,crack,feature_tags
108408664,roof,feature_tags
108408664,thin,other_tags
108408664,traverse,feature_tags
108420303,crack,feature_tags
108420303,face,feature_tags
108420303,jug,feature_tags
108420303,mantle,skill
108420303,sloper,feature_tags
108420303,thin,other_tags
108420331,crack,feature_tags
108420331,crimp,feature_tags
108420331,easy,good_tags
108420331,face,feature_tags
108420331,good,good_tags
108420331,jug,feature_tags
108420331,nice,good_tags
108420331,thin,other_tags
108434163,crack,feature_tags
108434163,pocket,feature_tags
108434163,slab,feature_tags
108434163,sloper,feature_tags
108434187,classic,good_tags
108434187,crimp,feature_tags
108434187,dihedral,feature_tags
108434187,flake,feature_tags
108434187,nice,good_tags
108434187,slab,feature_tags
108434187,sloper,feature_tags
108459527,roof,feature_tags
108459541,fun,good_tags
108459541,jug,feature_tags
108459541,traverse,feature_tags
108459546,dihedral,feature_tags
108466707,best,good_tags
108466707,cool,good_tags
108466707,heel hook,skill
108466720,cool,good_tags
108466720,dihedral,feature_tags
108466734,crack,feature_tags
108466734,ledge,feature_tags
108466757,ledge,feature_tags
108505466,arete,feature_tags
108505466,face,feature_tags
108505466,fun,good_tags
108505466,mantle,skill
108505466,pocket,feature_tags
108505476,crimp,feature_tags
108505476,jug,feature_tags
108505476,mantle,skill
108505476,nice,good_tags
108505476,pocket,feature_tags
108505488,difficult,other_tags
108505488,great,good_tags
108505488,jug,feature_tags
108505488,pocket,feature_tags
108505488,sloper,feature_tags
108505488,traverse,feature_tags
108517311,crimp,feature_tags
108517311,face,feature_tags
108517311,jug,feature_tags
108517311,ledge,feature_tags
108517311,pocket,feature_tags
108517311,sloper,feature_tags
108520366,arete,feature_tags
108520366,crimp,feature_tags
108520366,jug,feature_tags
108520366,sloper,feature_tags
108520372,crack,feature_tags
108520372,fun,good_tags
108520372,good,good_tags
108520372,ledge,feature_tags
108520372,pocket,feature_tags
108520421,jug,feature_tags
108520421,pocket,feature_tags
108520436,face,feature_tags
108520441,face,feature_tags
108520441,hueco,feature_tags
108520441,jug,feature_tags
108520441,nice,good_tags
108520441,pocket,feature_tags
108520441,thin,other_tags
108520441,traverse,feature_tags
108520499,crimp,feature_tags
108520499,face,feature_tags
108520499,jug,feature_tags
108520499,ledge,feature_tags
108520499,nice,good_tags
108520499,pocket,feature_tags
108520499,sloper,feature_tags
108520526,face,feature_tags
108520526,jug,feature_tags
108520526,nice,good_tags
108520526,sloper,feature_tags
108520526,tough,other_tags
108520532,crimp,feature_tags
108520532,face,feature_tags
108520532,jug,feature_tags
108520532,pocket,feature_tags
108520532,sloper,feature_tags
108520541,arete,feature_tags
108520541,face,feature_tags
108520541,jug,feature_tags
108520541,ledge,feature_tags
108520541,pocket,feature_tags
108520556,difficult,other_tags
108520556,fun,good_tags
108520556,jug,feature_tags
108520556,sloper,feature_tags
108520562,crimp,feature_tags
108520628,sloper,feature_tags
108520628,thin,other_tags
108520753,bad,bad_tags
108520753,crack,feature_tags
108520753,crimp,feature_tags
108520753,sloper,feature_tags
108521524,arete,feature_tags
108521524,jug,feature_tags
108521524,ledge,feature_tags
108521524,pocket,feature_tags
108568513,careful,bad_tags
108568513,crack,feature_tags
108568513,face,feature_tags
108568635,crack,feature_tags
108568635,fun,good_tags
108568635,jug,feature_tags
108575818,crack,feature_tags
108575818,crimp,feature_tags
108575818,crux,feature_tags
108575818,good,good_tags
108575818,hueco,feature_tags
108575818,jug,feature_tags
108575818,pocket,feature_tags
108650632,good,good_tags
108650632,jug,feature_tags
108650632,nice,good_tags
108650632,roof,feature_tags
108650651,face,feature_tags
108650651,jug,feature_tags
108650651,roof,feature_tags
108650651,traverse,feature_tags
108650656,arete,feature_tags
108650656,crimp,feature_tags
108650656,face,feature_tags
108650656,jug,feature_tags
108650656,ledge,feature_tags
108650656,nice,good_tags
108650656,roof,feature_tags
108650656,thin,other_tags
108650656,traverse,feature_tags
108650663,arete,feature_tags
108650663,fun,good_tags
108650663,ledge,feature_tags
108650663,scary,other_tags
108650668,crimp,feature_tags
108650668,dyno,skill
108650668,face,feature_tags
108650668,fun,good_tags
108650668,good,good_tags
108650668,jug,feature_tags
108650668,pocket,feature_tags
108650668,slab,feature_tags
108650668,sloper,feature_tags
108652098,balance,skill
108652098,face,feature_tags
108652098,hueco,feature_tags
108652098,jug,feature_tags
108652098,pocket,feature_tags
108652116,crimp,feature_tags
108652116,easy,good_tags
108652116,face,feature_tags
108652116,good,good_tags
108652116,nice,good_tags
108652116,roof,feature_tags
108652116,slab,feature_tags
108652116,thin,other_tags
108698395,arete,feature_tags
108698395,ledge,feature_tags
108702692,arete,feature_tags
108702692,beautiful,good_tags
108702692,best,good_tags
108702692,crimp,feature_tags
108702692,difficult,other_tags
108702692,fun,good_tags
108702692,jug,feature_tags
108702692,mantle,skill
108702692,sloper,feature_tags
108702692,thin,other_tags
108703849,arete,feature_tags
108703849,burly,skill
108703849,crimp,feature_tags
108703849,face,feature_tags
108703849,jug,feature_tags
108703849,sloper,feature_tags
108703849,thin,other_tags
108723215,crimp,feature_tags
108723215,flake,feature_tags
108723215,pocket,feature_tags
108723215,slab,feature_tags
108723215,thin,other_tags
108728085,crimp,feature_tags
108728085,jug,feature_tags
108728085,pocket,feature_tags
108728169,arete,feature_tags
108728169,fun,good_tags
108728169,good,good_tags
108728169,hueco,feature_tags
108728169,slab,feature_tags
108728169,thin,other_tags
108730208,arete,feature_tags
108730208,crack,feature_tags
108730208,fun,good_tags
108730208,jug,feature_tags
108730208,slab,feature_tags
108731710,crimp,feature_tags
108731710,fun,good_tags
108731710,jug,feature_tags
108731710,pocket,feature_tags
108731710,roof,feature_tags
108731710,slab,feature_tags
108743924,crimp,feature_tags
108743924,flake,feature_tags
108743924,jug,feature_tags
108743924,nice,good_tags
108743924,sloper,feature_tags
108743924,thin,other_tags
108743930,crimp,feature_tags
108743930,jug,feature_tags
108743930,ledge,feature_tags
108743930,mantle,skill
108743930,sloper,feature_tags
108744018,face,feature_tags
108744018,heel hook,skill
108744018,jug,feature_tags
108744018,ledge,feature_tags
108744018,sloper,feature_tags
108745745,arete,feature_tags
108745745,crack,feature_tags
108745745,crux,feature_tags
108745745,dihedral,feature_tags
108745745,face,feature_tags
108745745,flake,feature_tags
108745745,good,good_tags
108745745,ledge,feature_tags
108745745,roof,feature_tags
108745785,crimp,feature_tags
108745785,dyno,skill
108745785,fun,good_tags
108745785,jug,feature_tags
108745785,ledge,feature_tags
108745785,roof,feature_tags
108745785,thin,other_tags
108748136,crimp,feature_tags
108748136,crux,feature_tags
108748136,difficult,other_tags
108748136,face,feature_tags
108748136,jug,feature_tags
108748136,pocket,feature_tags
108748136,thin,other_tags
108766639,arete,feature_tags
108766639,crimp,feature_tags
108766639,fun,good_tags
108766639,jug,feature_tags
108766639,thin,other_tags
108770714,jug,feature_tags
108770714,pocket,feature_tags
108770714,roof,feature_tags
108770720,stick clip,other_tags
108770728,crimp,feature_tags
108770728,dyno,skill
108770728,jug,feature_tags
108770728,pocket,feature_tags
108770767,crack,feature_tags
108770767,face,feature_tags
108770767,fun,good_tags
108770777,balance,skill
108770777,crack,feature_tags
108770777,face,feature_tags
108770777,roof,feature_tags
108770796,crack,feature_tags
108770796,hueco,feature_tags
108770796,slab,feature_tags
108770914,easy,good_tags
108770914,good,good_tags
108770914,run out,bad_tags
108770914,slab,feature_tags
108770928,crux,feature_tags
108770928,easy,good_tags
108770928,fun,good_tags
108770928,run out,bad_tags
108774658,choss,bad_tags
108774658,crack,feature_tags
108774658,easy,good_tags
108774658,roof,feature_tags
108803912,balance,skill
108803912,good,good_tags
108803912,thin,other_tags
108803923,crack,feature_tags
108803923,crux,feature_tags
108803923,face,feature_tags
108803923,fun,good_tags
108803923,great,good_tags
108803923,high first bolt,other_tags
108803923,interesting,good_tags
108803923,mantle,skill
108803923,pocket,feature_tags
108803934,crack,feature_tags
108803934,dihedral,feature_tags
108803934,face,feature_tags
108803934,ledge,feature_tags
108804931,crack,feature_tags
108804931,dihedral,feature_tags
108804931,face,feature_tags
108804931,hueco,feature_tags
108804931,roof,feature_tags
108804953,chimney,feature_tags
108804953,crack,feature_tags
108804953,fun,good_tags
108804953,good,good_tags
108804953,roof,feature_tags
108805057,crack,feature_tags
108805057,face,feature_tags
108805057,techy,skill
108805082,arete,feature_tags
108805082,easy,good_tags
108805082,good,good_tags
108805082,ledge,feature_tags
108823136,arete,feature_tags
108823136,jug,feature_tags
108823136,roof,feature_tags
108823141,arete,feature_tags
108823141,crimp,feature_tags
108823141,fun,good_tags
108823141,nice,good_tags
108823141,roof,feature_tags
108823141,thin,other_tags
108823260,arete,feature_tags
108823260,crack,feature_tags
108823260,crimp,feature_tags
108823260,face,feature_tags
108823260,fun,good_tags
108823260,heel hook,skill
108823260,jug,feature_tags
108823514,crux,feature_tags
108823514,easy,good_tags
108823514,good,good_tags
108823514,ledge,feature_tags
108823514,roof,feature_tags
108823514,slab,feature_tags
108842606,best,good_tags
108842606,crack,feature_tags
108842606,crux,feature_tags
108842606,mantle,skill
108842606,roof,feature_tags
108842749,crimp,feature_tags
108842749,cruise,feature_tags
108842749,crux,feature_tags
108842749,sloper,feature_tags
108842749,technical,skill
108850127,crack,feature_tags
108850127,great,good_tags
108865366,face,feature_tags
108865366,mantle,skill
108865366,sloper,feature_tags
108865366,tricky,other_tags
108865374,crimp,feature_tags
108865374,jug,feature_tags
108865374,sloper,feature_tags
108882233,careful,bad_tags
108882233,crux,feature_tags
108882233,fun,good_tags
108882233,great,good_tags
108882233,ledge,feature_tags
108882233,thin,other_tags
108896119,jug,feature_tags
108896119,pocket,feature_tags
108896119,thin,other_tags
108906405,crux,feature_tags
108906405,good,good_tags
108906405,jug,feature_tags
108908330,bad,bad_tags
108908330,crack,feature_tags
108908330,crimp,feature_tags
108908330,ledge,feature_tags
108908330,nice,good_tags
108908448,crimp,feature_tags
108908448,dyno,skill
108908448,flake,feature_tags
108908448,good,good_tags
108908448,jug,feature_tags
108922607,arete,feature_tags
108922607,face,feature_tags
108922607,ledge,feature_tags
108922607,slab,feature_tags
108927710,beautiful,good_tags
108927710,crimp,feature_tags
108927710,flake,feature_tags
108927710,good,good_tags
108927710,jug,feature_tags
108927710,nice,good_tags
108927710,roof,feature_tags
108927710,sloper,feature_tags
108927710,thin,other_tags
108935599,crimp,feature_tags
108935599,dyno,skill
108935599,easy,good_tags
108935599,ledge,feature_tags
108935599,thin,other_tags
108935749,crack,feature_tags
108935749,dihedral,feature_tags
108935749,jug,feature_tags
108935749,nice,good_tags
108938143,crimp,feature_tags
108938143,face,feature_tags
108938143,jug,feature_tags
108938143,roof,feature_tags
108938143,slab,feature_tags
108942941,crack,feature_tags
108942941,crux,feature_tags
108942941,easy,good_tags
108942941,jam,skill
108945123,arete,feature_tags
108945123,good,good_tags
108945123,jug,feature_tags
108945123,traverse,feature_tags
108945130,arete,feature_tags
108945130,jug,feature_tags
108945130,sloper,feature_tags
108945227,good,good_tags
108945227,jug,feature_tags
108945227,ledge,feature_tags
108945227,sloper,feature_tags
108945363,crack,feature_tags
108945363,crimp,feature_tags
108945363,face,feature_tags
108945363,flake,feature_tags
108945363,good,good_tags
108945363,jug,feature_tags
108945363,mantle,skill
108945363,thin,other_tags
108952426,balance,skill
108952426,crux,feature_tags
108952426,mantle,skill
108952426,slab,feature_tags
108952491,chimney,feature_tags
108952491,crack,feature_tags
108952491,dihedral,feature_tags
108952511,classic,good_tags
108952511,crack,feature_tags
108952511,crux,feature_tags
108952511,great,good_tags
108952511,roof,feature_tags
108952511,tricky,other_tags
108952666,arete,feature_tags
108952666,bad,bad_tags
108952666,beautiful,good_tags
108952666,crack,feature_tags
108952666,crimp,feature_tags
108952666,flake,feature_tags
108952666,jug,feature_tags
108952666,scary,other_tags
108952666,sloper,feature_tags
108952666,thin,other_tags
108952698,balance,skill
108952698,crimp,feature_tags
108952698,face,feature_tags
108952698,flake,feature_tags
108952698,technical,skill
108952698,thin,other_tags
108952715,crack,feature_tags
108952715,face,feature_tags
108952715,fun,good_tags
108952715,thin,other_tags
108953093,crimp,feature_tags
108953093,dyno,skill
108953093,face,feature_tags
108953093,jug,feature_tags
108953093,mantle,skill
108953093,tough,other_tags
108972357,dyno,skill
108972357,mantle,skill
108972366,crimp,feature_tags
108972366,easy,good_tags
108972366,flake,feature_tags
108972366,jug,feature_tags
108972377,easy,good_tags
108972377,fun,good_tags
108972377,heel hook,skill
108972377,jug,feature_tags
108972377,ledge,feature_tags
108984924,crimp,feature_tags
108984924,face,feature_tags
108984924,flake,feature_tags
108984924,jug,feature_tags
108984924,slab,feature_tags
108984924,sloper,feature_tags
108984924,thin,other_tags
108984924,tough,other_tags
109028960,arete,feature_tags
109028960,crimp,feature_tags
109028960,fun,good_tags
109028960,good,good_tags
109028960,heel hook,skill
109028960,jug,feature_tags
109028960,pocket,feature_tags
109028960,slab,feature_tags
109028960,thin,other_tags
109033147,crack,feature_tags
109033147,crimp,feature_tags
109033147,easy,good_tags
109033147,jug,feature_tags
109033147,slab,feature_tags
109033147,thin,other_tags
109033159,crack,feature_tags
109033159,danger,bad_tags
109033159,easy,good_tags
109033159,jug,feature_tags
109070727,crux,feature_tags
109070727,face,feature_tags
109070727,fun,good_tags
109070727,jug,feature_tags
109070727,ledge,feature_tags
109070727,nice,good_tags
109071251,crimp,feature_tags
109071251,dihedral,feature_tags
109071251,good,good_tags
109071251,jug,feature_tags
109071251,roof,feature_tags
109071251,slab,feature_tags
109077225,crimp,feature_tags
109077225,face,feature_tags
109077225,interesting,good_tags
109077225,jug,feature_tags
109077225,ledge,feature_tags
109077225,mantle,skill
109077225,thin,other_tags
109092336,flake,feature_tags
109092336,good,good_tags
109092336,jug,feature_tags
109092336,pocket,feature_tags
109092336,thin,other_tags
109108250,crack,feature_tags
109108270,crack,feature_tags
109108270,excellent,good_tags
109108270,flake,feature_tags
109108270,nice,good_tags
109112492,arete,feature_tags
109112492,fun,good_tags
109112492,nice,good_tags
109112492,sloper,feature_tags
109174418,crack,feature_tags
109174418,face,feature_tags
109174418,warm up,good_tags
109174424,arete,feature_tags
109174424,ledge,feature_tags
109174443,crack,feature_tags
109174443,face,feature_tags
109174443,ledge,feature_tags
109174443,slab,feature_tags
109174443,thin,other_tags
109174443,warm up,good_tags
109174457,balance,skill
109174457,crack,feature_tags
109174457,crux,feature_tags
109174457,face,feature_tags
109174457,mantle,skill
109174457,slab,feature_tags
109174457,traverse,feature_tags
109174457,warm up,good_tags
109174466,crux,feature_tags
109174466,face,feature_tags
109174466,ledge,feature_tags
109174466,pocket,feature_tags
109174466,run out,bad_tags
109174466,slab,feature_tags
109174466,warm up,good_tags
109174507,crack,feature_tags
109174507,crux,feature_tags
109174507,roof,feature_tags
109174507,slab,feature_tags
109174507,traverse,feature_tags
109174507,warm up,good_tags
109174520,crack,feature_tags
109174520,face,feature_tags
109174520,great,good_tags
109174520,sloper,feature_tags
109174520,thin,other_tags
109174520,warm up,good_tags
109174533,crack,feature_tags
109174533,crux,feature_tags
109174533,face,feature_tags
109174533,slab,feature_tags
109174533,thin,other_tags
109174533,traverse,feature_tags
109174533,warm up,good_tags
109174658,crack,feature_tags
109174658,crux,feature_tags
109174658,easy,good_tags
109174658,face,feature_tags
109174658,jam,skill
109174658,slab,feature_tags
109174666,crack,feature_tags
109174666,crux,feature_tags
109174666,face,feature_tags
109174666,run out,bad_tags
109174666,slab,feature_tags
109174666,tricky,other_tags
109174684,crack,feature_tags
109174684,crimp,feature_tags
109174684,crux,feature_tags
109174684,easy,good_tags
109174684,face,feature_tags
109174689,arete,feature_tags
109174689,crack,feature_tags
109174689,crux,feature_tags
109174689,easier,good_tags
109174689,face,feature_tags
109174689,jug,feature_tags
109174689,thin,other_tags
109174698,arete,feature_tags
109174698,crack,feature_tags
109174698,crux,feature_tags
109174698,face,feature_tags
109174698,good,good_tags
109174698,slab,feature_tags
109174717,crack,feature_tags
109174717,crux,feature_tags
109174717,face,feature_tags
109174717,roof,feature_tags
109227358,dyno,skill
109227358,face,feature_tags
109227358,jug,feature_tags
109227358,slab,feature_tags
109227358,sloper,feature_tags
109227364,bad,bad_tags
109227364,crimp,feature_tags
109227364,dyno,skill
109227364,face,feature_tags
109227364,jug,feature_tags
109227364,slab,feature_tags
109227364,sloper,feature_tags
109227364,thin,other_tags
109227502,arete,feature_tags
109227502,face,feature_tags
109227502,jug,feature_tags
109227502,powerful,skill
109227502,technical,skill
109227502,tough,other_tags
109227502,traverse,feature_tags
109283417,balance,skill
109283417,crimp,feature_tags
109283417,flake,feature_tags
109283417,good,good_tags
109283417,great,good_tags
109283417,sloper,feature_tags
109293049,crack,feature_tags
109293049,crux,feature_tags
109293049,flake,feature_tags
109293049,slab,feature_tags
109293049,thin,other_tags
109303326,face,feature_tags
109303326,pocket,feature_tags
109303326,slab,feature_tags
109303326,tough,other_tags
109303343,arete,feature_tags
109303343,good,good_tags
109303343,rust,bad_tags
109303343,slab,feature_tags
109303348,good,good_tags
109303348,pocket,feature_tags
109303348,slab,feature_tags
109309316,cool,good_tags
109309316,fun,good_tags
109309316,sloper,feature_tags
109309407,crack,feature_tags
109309407,good,good_tags
109309407,great,good_tags
109309407,jug,feature_tags
109318270,arete,feature_tags
109318270,face,feature_tags
109318270,jug,feature_tags
109318270,ledge,feature_tags
109327901,cool,good_tags
109327901,crimp,feature_tags
109327901,crux,feature_tags
109327901,face,feature_tags
109327901,flake,feature_tags
109327901,fun,good_tags
109327901,jug,feature_tags
109327901,nice,good_tags
109327901,slab,feature_tags
109327901,thin,other_tags
109327925,arete,feature_tags
109327925,best,good_tags
109327925,crimp,feature_tags
109327925,good,good_tags
109327925,heel hook,skill
109327925,roof,feature_tags
109327925,sloper,feature_tags
109327925,thin,other_tags
109353649,arete,feature_tags
109353649,classic,good_tags
109353649,excellent,good_tags
109353649,face,feature_tags
109353649,good,good_tags
109353649,jug,feature_tags
109353649,nice,good_tags
109353649,slab,feature_tags
109353649,thin,other_tags
109354934,crimp,feature_tags
109354934,hueco,feature_tags
109354934,jug,feature_tags
109354934,pocket,feature_tags
109356865,crux,feature_tags
109356865,dirty,bad_tags
109356865,fun,good_tags
109356865,mantle,skill
109358748,arete,feature_tags
109358748,easy,good_tags
109358748,fun,good_tags
109358748,good,good_tags
109358748,jug,feature_tags
109358748,scary,other_tags
109358748,sloper,feature_tags
109358748,thin,other_tags
109358748,tricky,other_tags
109359194,crimp,feature_tags
109359194,face,feature_tags
109359194,jug,feature_tags
109359194,ledge,feature_tags
109359194,nice,good_tags
109359194,thin,other_tags
109359206,crimp,feature_tags
109359206,face,feature_tags
109359206,jug,feature_tags
109359206,pocket,feature_tags
109359308,arete,feature_tags
109359308,crimp,feature_tags
109359308,face,feature_tags
109359308,fun,good_tags
109359308,good,good_tags
109359308,jug,feature_tags
109359308,pocket,feature_tags
109359308,thin,other_tags
109419878,chimney,feature_tags
109419878,crack,feature_tags
109419878,crimp,feature_tags
109419878,good,good_tags
109419878,roof,feature_tags
109419878,slab,feature_tags
109419878,thin,other_tags
109425514,dirty,bad_tags
109425514,easy,good_tags
109425514,flake,feature_tags
109425514,ledge,feature_tags
109439818,crack,feature_tags
109439818,dihedral,feature_tags
109439818,fun,good_tags
109443909,face,feature_tags
109443909,flake,feature_tags
109458499,crack,feature_tags
109458499,crimp,feature_tags
109458499,face,feature_tags
109458499,jug,feature_tags
109458499,thin,other_tags
109458540,arete,feature_tags
109458540,cool,good_tags
109458540,crimp,feature_tags
109458540,easy,good_tags
109458540,face,feature_tags
109458540,fun,good_tags
109458540,slab,feature_tags
109458683,face,feature_tags
109458683,good,good_tags
109458683,heel hook,skill
109458683,jug,feature_tags
109458683,ledge,feature_tags
109458693,crack,feature_tags
109458693,face,feature_tags
109458693,fun,good_tags
109458693,good,good_tags
109458693,nice,good_tags
109458693,slab,feature_tags
109482872,crack,feature_tags
109482872,crimp,feature_tags
109482872,sloper,feature_tags
109482889,crimp,feature_tags
109482889,dyno,skill
109482889,face,feature_tags
109482889,flake,feature_tags
109482889,jug,feature_tags
109482889,sloper,feature_tags
109482889,thin,other_tags
109483093,best,good_tags
109483093,crimp,feature_tags
109483093,face,feature_tags
109483093,fun,good_tags
109483093,good,good_tags
109483093,great,good_tags
109483093,pocket,feature_tags
109483093,thin,other_tags
109485064,crack,feature_tags
109485064,face,feature_tags
109485064,fun,good_tags
109485064,nice,good_tags
109485064,slab,feature_tags
109493900,crack,feature_tags
109493900,roof,feature_tags
109493905,easy,good_tags
109493905,face,feature_tags
109493910,face,feature_tags
109509458,arete,feature_tags
109509458,crimp,feature_tags
109509458,face,feature_tags
109509458,jug,feature_tags
109509458,ledge,feature_tags
109509458,sloper,feature_tags
109509466,arete,feature_tags
109509466,crack,feature_tags
109509466,easy,good_tags
109509466,good,good_tags
109509466,great,good_tags
109509466,nice,good_tags
109509466,thin,other_tags
109509481,arete,feature_tags
109509481,easy,good_tags
109509481,face,feature_tags
109509481,pocket,feature_tags
109509481,scary,other_tags
109509481,slab,feature_tags
109509481,sloper,feature_tags
109509629,crack,feature_tags
109509629,face,feature_tags
109509629,jug,feature_tags
109509629,tricky,other_tags
109521793,easy,good_tags
109521793,great,good_tags
109521793,jug,feature_tags
109521793,nice,good_tags
109521793,thin,other_tags
109521808,jug,feature_tags
109521817,arete,feature_tags
109521817,crimp,feature_tags
109521817,fun,good_tags
109521817,heel hook,skill
109521817,pocket,feature_tags
109521817,sloper,feature_tags
109521930,crimp,feature_tags
109554126,easy,good_tags
109554126,pocket,feature_tags
109554126,slab,feature_tags
109554126,sloper,feature_tags
109554263,arete,feature_tags
109554263,slab,feature_tags
109554263,sloper,feature_tags
109554263,techy,skill
109554297,face,feature_tags
109554297,sloper,feature_tags
109570245,easy,good_tags
109570245,flake,feature_tags
109570283,chimney,feature_tags
109570283,ledge,feature_tags
109570283,sandy,bad_tags
109570283,sloper,feature_tags
109570283,traverse,feature_tags
109570426,crack,feature_tags
109570434,crack,feature_tags
109570449,crack,feature_tags
109570449,nice,good_tags
109570449,thin,other_tags
109570627,face,feature_tags
109570627,flake,feature_tags
109570651,chimney,feature_tags
109570651,crack,feature_tags
109570651,face,feature_tags
109570651,flake,feature_tags
109570693,crack,feature_tags
109570693,dihedral,feature_tags
109570693,good,good_tags
109570693,jam,skill
109570693,mantle,skill
109575378,crack,feature_tags
109575378,traverse,feature_tags
109575411,face,feature_tags
109575539,face,feature_tags
109575569,crack,feature_tags
109575569,traverse,feature_tags
109575589,dihedral,feature_tags
109575589,easier,good_tags
109579581,crack,feature_tags
109579597,face,feature_tags
109579597,flake,feature_tags
109579597,ledge,feature_tags
109579597,thin,other_tags
109579775,dihedral,feature_tags
109579775,easy,good_tags
109579775,face,feature_tags
109579775,ledge,feature_tags
109579853,face,feature_tags
109579853,jug,feature_tags
109579955,crack,feature_tags
109579955,face,feature_tags
109579972,face,feature_tags
109579992,face,feature_tags
109580053,face,feature_tags
109591191,crack,feature_tags
109591191,easier,good_tags
109591336,arete,feature_tags
109591336,crack,feature_tags
109591343,arete,feature_tags
109591343,easier,good_tags
109591343,face,feature_tags
109591365,face,feature_tags
109594661,ledge,feature_tags
109594710,face,feature_tags
109594710,nice,good_tags
109594718,flake,feature_tags
109594718,ledge,feature_tags
109594718,nice,good_tags
109594724,chimney,feature_tags
109594724,nice,good_tags
109600239,crack,feature_tags
109600239,face,feature_tags
109605966,arete,feature_tags
109605966,cool,good_tags
109605966,crimp,feature_tags
109605966,face,feature_tags
109605966,heel hook,skill
109605966,jug,feature_tags
109605966,pocket,feature_tags
109605966,sloper,feature_tags
109605966,thin,other_tags
109605966,traverse,feature_tags
109612271,face,feature_tags
109612271,flake,feature_tags
109612271,rust,bad_tags
109612271,thin,other_tags
109612271,tricky,other_tags
109633131,classic,good_tags
109633131,crack,feature_tags
109633131,easy,good_tags
109633131,face,feature_tags
109633131,jug,feature_tags
109633131,pocket,feature_tags
109633131,roof,feature_tags
109633131,slab,feature_tags
109633131,sloper,feature_tags
109633131,thin,other_tags
109633149,crimp,feature_tags
109633149,jug,feature_tags
109633149,roof,feature_tags
109633163,crimp,feature_tags
109633163,jug,feature_tags
109633163,roof,feature_tags
109638990,crimp,feature_tags
109638990,face,feature_tags
109638990,jug,feature_tags
109638990,thin,other_tags
109639023,beautiful,good_tags
109639023,face,feature_tags
109639023,jug,feature_tags
109639023,sloper,feature_tags
109639023,thin,other_tags
109639316,crimp,feature_tags
109639316,face,feature_tags
109639316,flake,feature_tags
109639316,good,good_tags
109639316,mantle,skill
109639316,sloper,feature_tags
109740679,crack,feature_tags
109740679,ledge,feature_tags
109740679,thin,other_tags
109740679,traverse,feature_tags
109743537,beautiful,good_tags
109743537,crimp,feature_tags
109743537,dyno,skill
109743537,face,feature_tags
109743537,ledge,feature_tags
109743537,roof,feature_tags
109743715,arete,feature_tags
109743715,crimp,feature_tags
109743715,easy,good_tags
109743715,face,feature_tags
109743715,heel hook,skill
109743715,hueco,feature_tags
109743715,jug,feature_tags
109743715,ledge,feature_tags
109743715,mantle,skill
109743715,pocket,feature_tags
109743715,roof,feature_tags
109743889,crimp,feature_tags
109743889,face,feature_tags
109743889,fun,good_tags
109743889,great,good_tags
109743889,jug,feature_tags
109743889,mantle,skill
109743889,pocket,feature_tags
109743889,roof,feature_tags
109743889,tough,other_tags
109773983,face,feature_tags
109773983,fun,good_tags
109773983,roof,feature_tags
109773983,slab,feature_tags
109816511,bad,bad_tags
109816511,crimp,feature_tags
109816511,difficult,other_tags
109816511,face,feature_tags
109816511,heel hook,skill
109816511,jug,feature_tags
109816511,ledge,feature_tags
109816511,pocket,feature_tags
109816511,roof,feature_tags
109816511,sloper,feature_tags
109816511,thin,other_tags
109816525,cool,good_tags
109816525,good,good_tags
109816525,jug,feature_tags
109816525,ledge,feature_tags
109816525,pocket,feature_tags
109816525,roof,feature_tags
109843437,classic,good_tags
109843437,crimp,feature_tags
109843437,good,good_tags
109843437,nice,good_tags
109846513,crimp,feature_tags
109846513,crux,feature_tags
109846513,jug,feature_tags
109846654,crimp,feature_tags
109846659,good,good_tags
109846659,jug,feature_tags
109846665,crimp,feature_tags
109849204,arete,feature_tags
109849345,crack,feature_tags
109849345,dirty,bad_tags
109849345,good,good_tags
109849345,thin,other_tags
109849360,arete,feature_tags
109849360,sloper,feature_tags
109849385,arete,feature_tags
109849385,flake,feature_tags
109849385,good,good_tags
109849385,sloper,feature_tags
109849385,smear,other_tags
109850341,crack,feature_tags
109850341,pocket,feature_tags
109850341,sloper,feature_tags
109850341,traverse,feature_tags
109850350,crack,feature_tags
109850350,pocket,feature_tags
109850350,traverse,feature_tags
109850358,crack,feature_tags
109850358,jug,feature_tags
109850369,crack,feature_tags
109850369,crimp,feature_tags
109850369,pocket,feature_tags
109850369,sloper,feature_tags
109850369,thin,other_tags
109850382,crack,feature_tags
109850382,difficult,other_tags
109850382,good,good_tags
109850382,ledge,feature_tags
109850382,mantle,skill
109850382,thin,other_tags
109850382,tough,other_tags
109850382,traverse,feature_tags
109850390,crack,feature_tags
109850390,good,good_tags
109850390,ledge,feature_tags
109850390,thin,other_tags
109850390,traverse,feature_tags
109850405,good,good_tags
109850405,ledge,feature_tags
109850405,pocket,feature_tags
109850405,sloper,feature_tags
109850405,smear,other_tags
109850405,traverse,feature_tags
109851163,arete,feature_tags
109851163,pocket,feature_tags
109860919,arete,feature_tags
109860948,crack,feature_tags
109860948,fun,good_tags
109860948,ledge,feature_tags
109860948,thin,other_tags
109860980,crimp,feature_tags
109860989,good,good_tags
109860989,ledge,feature_tags
109860989,warm up,good_tags
109860998,great,good_tags
109860998,mantle,skill
109862105,roof,feature_tags
109862105,slab,feature_tags
109862105,traverse,feature_tags
109862139,best,good_tags
109862139,mantle,skill
109862139,pocket,feature_tags
109862139,roof,feature_tags
109862139,slab,feature_tags
109873158,crimp,feature_tags
109873158,good,good_tags
109873158,sloper,feature_tags
109895052,crimp,feature_tags
109895052,jug,feature_tags
109895052,ledge,feature_tags
109895052,sloper,feature_tags
109895052,thin,other_tags
109895210,pocket,feature_tags
109895238,arete,feature_tags
109895238,jug,feature_tags
109895238,nice,good_tags
109895238,tough,other_tags
109895278,arete,feature_tags
109895278,crimp,feature_tags
109895278,jug,feature_tags
109895278,nice,good_tags
109896485,good,good_tags
109896485,great,good_tags
109896485,jug,feature_tags
109896485,roof,feature_tags
109896707,arete,feature_tags
109896707,crimp,feature_tags
109896707,jug,feature_tags
109896707,sloper,feature_tags
109896719,bad,bad_tags
109896719,crimp,feature_tags
109896719,dynamic,skill
109896719,jug,feature_tags
109896724,crack,feature_tags
109896724,crimp,feature_tags
109896724,good,good_tags
109896724,great,good_tags
109896724,jug,feature_tags
109896724,roof,feature_tags
109909946,crimp,feature_tags
109909946,good,good_tags
109909946,jug,feature_tags
109909946,mantle,skill
109909946,roof,feature_tags
109909946,tough,other_tags
109909962,crimp,feature_tags
109909962,jug,feature_tags
109909962,nice,good_tags
109909962,roof,feature_tags
109909962,tough,other_tags
109909979,crimp,feature_tags
109909979,easy,good_tags
109909979,good,good_tags
109909979,jug,feature_tags
109909979,nice,good_tags
109909992,arete,feature_tags
109909992,jug,feature_tags
109909992,sloper,feature_tags
109926049,arete,feature_tags
109926049,beautiful,good_tags
109926049,jug,feature_tags
109926049,nice,good_tags
109926072,face,feature_tags
109926072,fun,good_tags
109926072,jug,feature_tags
109926072,mantle,skill
109926072,nice,good_tags
109926072,sloper,feature_tags
109926072,thin,other_tags
109926086,face,feature_tags
109926086,flake,feature_tags
109926086,great,good_tags
109926086,pocket,feature_tags
109926086,sloper,feature_tags
109926086,thin,other_tags
109933124,arete,feature_tags
109933124,crimp,feature_tags
109933124,face,feature_tags
109933124,fun,good_tags
109933124,good,good_tags
109933124,jug,feature_tags
109933124,nice,good_tags
109933124,sloper,feature_tags
109933124,traverse,feature_tags
109933182,crimp,feature_tags
109933182,dyno,skill
109933182,pocket,feature_tags
109933182,traverse,feature_tags
109933207,arete,feature_tags
109933207,crimp,feature_tags
109933207,face,feature_tags
109933207,flake,feature_tags
109933207,mantle,skill
109933207,nice,good_tags
109933207,traverse,feature_tags
109933365,crimp,feature_tags
109933365,flake,feature_tags
109933365,good,good_tags
109933365,thin,other_tags
110009682,bad,bad_tags
110009682,crimp,feature_tags
110009682,face,feature_tags
110009682,good,good_tags
110042039,beautiful,good_tags
110042039,burly,skill
110042039,dyno,skill
110042039,face,feature_tags
110042039,heel hook,skill
110042039,jug,feature_tags
110042039,techy,skill
110042039,thin,other_tags
110042039,toe hook,skill
110042054,dyno,skill
110042054,face,feature_tags
110042054,fun,good_tags
110042054,good,good_tags
110042054,jug,feature_tags
110042054,toe hook,skill
110066090,arete,feature_tags
110066090,crimp,feature_tags
110066090,crux,feature_tags
110066090,flake,feature_tags
110066090,good,good_tags
110066090,pocket,feature_tags
110066090,roof,feature_tags
110066090,slab,feature_tags
110066090,smear,other_tags
110066090,toe hook,skill
110093172,dihedral,feature_tags
110093172,face,feature_tags
110093172,roof,feature_tags
110093172,slab,feature_tags
110117900,face,feature_tags
110118849,best,good_tags
110118849,crack,feature_tags
110118849,face,feature_tags
110118849,roof,feature_tags
110118849,technical,skill
110197902,balance,skill
110197902,crux,feature_tags
110197902,easier,good_tags
110197902,face,feature_tags
110197902,flake,feature_tags
110197902,ledge,feature_tags
110197902,slab,feature_tags
110278929,crack,feature_tags
110278929,dyno,skill
110278929,good,good_tags
110278929,heel hook,skill
110278929,jug,feature_tags
110278946,crimp,feature_tags
110278946,face,feature_tags
110278946,toe hook,skill
110385720,arete,feature_tags
110385720,cool,good_tags
110385720,sloper,feature_tags
110385735,crimp,feature_tags
110391416,crack,feature_tags
110391416,face,feature_tags
110391416,flake,feature_tags
110391416,great,good_tags
110429577,crack,feature_tags
110437744,easy,good_tags
110437744,good,good_tags
110437744,jug,feature_tags
110437744,mantle,skill
110437744,nice,good_tags
110437744,pocket,feature_tags
110437744,sloper,feature_tags
110437744,thin,other_tags
110465047,slab,feature_tags
110465214,face,feature_tags
110465214,slab,feature_tags
110465225,crack,feature_tags
110465225,ledge,feature_tags
110465656,crack,feature_tags
110465656,dihedral,feature_tags
110475060,arete,feature_tags
110475060,face,feature_tags
110475060,ledge,feature_tags
110475203,arete,feature_tags
110475203,easier,good_tags
110475203,great,good_tags
110475203,traverse,feature_tags
110475239,crack,feature_tags
110475239,ledge,feature_tags
110475239,thin,other_tags
110475292,face,feature_tags
110478236,arete,feature_tags
110478236,crimp,feature_tags
110478236,dyno,skill
110478236,fun,good_tags
110478236,good,good_tags
110478236,jug,feature_tags
110478236,tough,other_tags
110479971,classic,good_tags
110479971,good,good_tags
110479971,great,good_tags
110479971,interesting,good_tags
110479971,jug,feature_tags
110479971,ledge,feature_tags
110479971,warm up,good_tags
110483471,arete,feature_tags
110483471,face,feature_tags
110483471,ledge,feature_tags
110486160,easy,good_tags
110486160,ledge,feature_tags
110486160,nice,good_tags
110486160,slab,feature_tags
110498982,dihedral,feature_tags
110498982,face,feature_tags
110499010,crack,feature_tags
110499010,thin,other_tags
110499155,crack,feature_tags
110499155,nice,good_tags
110507137,crack,feature_tags
110507137,dihedral,feature_tags
110507167,arete,feature_tags
110507167,face,feature_tags
110507179,arete,feature_tags
110507179,face,feature_tags
110507196,flake,feature_tags
110520669,arete,feature_tags
110520669,crimp,feature_tags
110520669,thin,other_tags
110520690,arete,feature_tags
110520928,arete,feature_tags
110520928,beautiful,good_tags
110520928,easy,good_tags
110520928,fun,good_tags
110520928,great,good_tags
110520928,interesting,good_tags
110520928,ledge,feature_tags
110520928,nice,good_tags
110521526,bad,bad_tags
110521526,easy,good_tags
110521526,fun,good_tags
110521526,great,good_tags
110521526,ledge,feature_tags
110521526,nice,good_tags
110521526,roof,feature_tags
110521695,easy,good_tags
110551056,crux,feature_tags
110551056,easy,good_tags
110551056,roof,feature_tags
110679129,crack,feature_tags
110679141,crack,feature_tags
110679141,dirty,bad_tags
110679260,dirty,bad_tags
110679260,face,feature_tags
110679260,flake,feature_tags
110679273,crux,feature_tags
110679273,dirty,bad_tags
110679273,face,feature_tags
110679273,ledge,feature_tags
110679293,face,feature_tags
110679293,slab,feature_tags
110679293,sloper,feature_tags
110679311,slab,feature_tags
110679318,crack,feature_tags
110679318,crux,feature_tags
110679318,mantle,skill
110868484,crimp,feature_tags
110868484,face,feature_tags
110868484,flake,feature_tags
110868484,traverse,feature_tags
110868494,classic,good_tags
110868494,cool,good_tags
110960584,good,good_tags
110972543,crack,feature_tags
110972543,crux,feature_tags
110972543,jam,skill
110972543,nice,good_tags
110972551,crack,feature_tags
110972551,jam,skill
111151780,jug,feature_tags
111151780,technical,skill
111151793,crux,feature_tags
111151793,easier,good_tags
111151793,ledge,feature_tags
111151793,technical,skill
111151793,thin,other_tags
111190470,easy,good_tags
111190470,face,feature_tags
111190470,interesting,good_tags
111190470,slab,feature_tags
111194261,cool,good_tags
111194261,crimp,feature_tags
111194261,face,feature_tags
111194261,ledge,feature_tags
111194261,nice,good_tags
111194261,pocket,feature_tags
111194261,roof,feature_tags
111194261,sloper,feature_tags
111194261,traverse,feature_tags
111218348,arete,feature_tags
111218348,roof,feature_tags
111218477,beautiful,good_tags
111218477,sloper,feature_tags
111243223,arete,feature_tags
111243223,dihedral,feature_tags
111243223,face,feature_tags
111243223,good,good_tags
111243223,roof,feature_tags
111250450,easier,good_tags
111250450,face,feature_tags
111250450,good,good_tags
111250450,ledge,feature_tags
111330444,easy,good_tags
111330444,face,feature_tags
111330444,fun,good_tags
111330444,jug,feature_tags
111330444,roof,feature_tags
111330444,slab,feature_tags
111330444,tricky,other_tags
111330451,crack,feature_tags
111330451,easy,good_tags
111330451,slab,feature_tags
111330451,tricky,other_tags
111332337,crimp,feature_tags
111332337,good,good_tags
111332337,hueco,feature_tags
111332337,jug,feature_tags
111332337,pocket,feature_tags
111332337,roof,feature_tags
111332345,hueco,feature_tags
111332345,jug,feature_tags
111332345,roof,feature_tags
111332345,traverse,feature_tags
111332345,warm up,good_tags
111469783,cool,good_tags
111469783,crimp,feature_tags
111469797,crimp,feature_tags
111469797,jug,feature_tags
111469797,tricky,other_tags
111469808,cool,good_tags
111469808,crimp,feature_tags
111469808,technical,skill
111469808,traverse,feature_tags
111469808,tricky,other_tags
111531773,crimp,feature_tags
111531773,jug,feature_tags
111531773,ledge,feature_tags
111531773,slab,feature_tags
111531773,thin,other_tags
111547582,crimp,feature_tags
111547582,jug,feature_tags
111547582,pocket,feature_tags
111547582,roof,feature_tags
111620844,arete,feature_tags
111620844,face,feature_tags
111620844,ledge,feature_tags
111620844,thin,other_tags
111620844,traverse,feature_tags
111620904,arete,feature_tags
111620904,great,good_tags
111620904,ledge,feature_tags
111621000,face,feature_tags
111621000,nice,good_tags
111621015,arete,feature_tags
111621015,face,feature_tags
111685519,crimp,feature_tags
111685519,face,feature_tags
111685519,jug,feature_tags
111685519,slab,feature_tags
111751352,face,feature_tags
111794215,crack,feature_tags
111794328,beautiful,good_tags
111794328,classic,good_tags
111794371,crack,feature_tags
111794389,crux,feature_tags
111794389,easier,good_tags
111794579,bad,bad_tags
111875964,arete,feature_tags
111875964,crack,feature_tags
111875964,jug,feature_tags
111875980,face,feature_tags
111875980,nice,good_tags
111875980,sloper,feature_tags
111884488,chimney,feature_tags
111884488,crack,feature_tags
111884488,flake,feature_tags
111884488,fun,good_tags
111884488,good,good_tags
111884488,jug,feature_tags
111884488,ledge,feature_tags
111884488,slab,feature_tags
111884488,traverse,feature_tags
111887041,dyno,skill
111887041,face,feature_tags
111887041,fun,good_tags
111887041,jug,feature_tags
111929540,chimney,feature_tags
111929540,classic,good_tags
111929540,crack,feature_tags
111929540,face,feature_tags
111929540,good,good_tags
111929540,ledge,feature_tags
111932993,face,feature_tags
111969190,crux,feature_tags
111969190,ledge,feature_tags
111976534,arete,feature_tags
111976534,face,feature_tags
111976534,flake,feature_tags
111976534,ledge,feature_tags
111976534,scary,other_tags
112073318,arete,feature_tags
112073318,face,feature_tags
112073341,classic,good_tags
112073341,dirty,bad_tags
112073341,face,feature_tags
112073341,scary,other_tags
112073341,slab,feature_tags
112073341,thin,other_tags
112073448,arete,feature_tags
112073448,easy,good_tags
112073448,face,feature_tags
112128715,easy,good_tags
112128715,face,feature_tags
112128715,good,good_tags
112128715,heel hook,skill
112128715,traverse,feature_tags
112145158,crack,feature_tags
112145158,face,feature_tags
112145158,jam,skill
112145158,warm up,good_tags
112145412,arete,feature_tags
112145412,pocket,feature_tags
112145412,sloper,feature_tags
112145728,crack,feature_tags
112145728,mantle,skill
112145728,nice,good_tags
112145757,crack,feature_tags
112145757,good,good_tags
112145757,mantle,skill
112145757,sloper,feature_tags
112145757,thin,other_tags
112145796,best,good_tags
112145796,crack,feature_tags
112145796,fun,good_tags
112145796,good,good_tags
112145796,jug,feature_tags
112145796,pocket,feature_tags
112145796,thin,other_tags
112176342,arete,feature_tags
112176342,crack,feature_tags
112176342,crux,feature_tags
112176342,roof,feature_tags
112176353,crack,feature_tags
112176353,face,feature_tags
112212676,crack,feature_tags
112212676,crux,feature_tags
112212676,easy,good_tags
112212676,pocket,feature_tags
112212676,slab,feature_tags
112212696,crack,feature_tags
112212696,crux,feature_tags
112212696,ledge,feature_tags
112212696,slab,feature_tags
112212701,easy,good_tags
112212701,ledge,feature_tags
112212701,mantle,skill
112212701,slab,feature_tags
112212701,sloper,feature_tags
112265722,beautiful,good_tags
112265722,careful,bad_tags
112265722,dyno,skill
112265722,heel hook,skill
112265722,jug,feature_tags
112265722,nice,good_tags
112265722,roof,feature_tags
112265852,arete,feature_tags
112265852,classic,good_tags
112265852,crack,feature_tags
112265852,dirty,bad_tags
112265852,easy,good_tags
112265852,face,feature_tags
112265852,hueco,feature_tags
112265852,ledge,feature_tags
112266015,crimp,feature_tags
112266015,face,feature_tags
112266015,fun,good_tags
112266015,good,good_tags
112266015,interesting,good_tags
112266015,ledge,feature_tags
112266015,thin,other_tags
112284252,arete,feature_tags
112284252,classic,good_tags
112284252,difficult,other_tags
112284252,face,feature_tags
112284252,jug,feature_tags
112284252,rust,bad_tags
112284252,thin,other_tags
112284286,face,feature_tags
112284286,jug,feature_tags
112284286,nice,good_tags
112284286,thin,other_tags
112284323,crimp,feature_tags
112284323,excellent,good_tags
112284323,face,feature_tags
112284323,flake,feature_tags
112284323,great,good_tags
112284323,thin,other_tags
112304158,arete,feature_tags
112304158,face,feature_tags
112304158,sloper,feature_tags
112304211,crimp,feature_tags
112304211,easy,good_tags
112304211,face,feature_tags
112304211,jug,feature_tags
112304211,mantle,skill
112304211,nice,good_tags
112304211,roof,feature_tags
112304256,crimp,feature_tags
112304256,face,feature_tags
112304256,flake,feature_tags
112304256,interesting,good_tags
112304256,jug,feature_tags
112304302,classic,good_tags
112304302,crimp,feature_tags
112304302,easy,good_tags
112304302,slab,feature_tags
112304302,thin,other_tags
112304302,traverse,feature_tags
112304302,tricky,other_tags
112304361,easy,good_tags
112304361,great,good_tags
112304361,jug,feature_tags
112304361,mantle,skill
112304361,nice,good_tags
112304361,roof,feature_tags
112304361,sloper,feature_tags
112310616,crack,feature_tags
112310616,pocket,feature_tags
112318375,crack,feature_tags
112318375,crimp,feature_tags
112318375,face,feature_tags
112318375,good,good_tags
112318375,hueco,feature_tags
112318375,interesting,good_tags
112318375,jug,feature_tags
112318375,mantle,skill
112318375,pocket,feature_tags
112318375,roof,feature_tags
112318375,sloper,feature_tags
112318375,technical,skill
112318375,thin,other_tags
112318560,arete,feature_tags
112318560,careful,bad_tags
112318560,face,feature_tags
112318560,roof,feature_tags
112318759,crack,feature_tags
112318759,face,feature_tags
112318759,jug,feature_tags
112318759,thin,other_tags
112318759,tough,other_tags
112318973,beautiful,good_tags
112318973,crack,feature_tags
112318973,face,feature_tags
112318973,flake,feature_tags
112318973,jug,feature_tags
112318973,nice,good_tags
112318973,roof,feature_tags
112320745,face,feature_tags
112320745,sloper,feature_tags
112323581,face,feature_tags
112323581,ledge,feature_tags
112340366,crimp,feature_tags
112340366,face,feature_tags
112340366,flake,feature_tags
112340366,hueco,feature_tags
112340366,nice,good_tags
112340366,pocket,feature_tags
112340463,arete,feature_tags
112340463,crimp,feature_tags
112340463,good,good_tags
112340463,jug,feature_tags
112340463,ledge,feature_tags
112340463,nice,good_tags
112340463,pocket,feature_tags
112342482,jug,feature_tags
112342650,crimp,feature_tags
112342650,face,feature_tags
112342650,interesting,good_tags
112342650,jug,feature_tags
112342650,nice,good_tags
112342650,pocket,feature_tags
112342650,sloper,feature_tags
112342650,thin,other_tags
112346372,arete,feature_tags
112346372,careful,bad_tags
112346372,nice,good_tags
112346372,pocket,feature_tags
112357336,crack,feature_tags
112357336,flake,feature_tags
112357336,pumpy,other_tags
112357336,scary,other_tags
112357595,crack,feature_tags
112357595,crux,feature_tags
112357595,roof,feature_tags
112366112,dyno,skill
112366112,good,good_tags
112366112,great,good_tags
112366112,tough,other_tags
112377705,crimp,feature_tags
112377705,difficult,other_tags
112377705,face,feature_tags
112377705,good,good_tags
112377705,sloper,feature_tags
112377716,arete,feature_tags
112377716,bad,bad_tags
112377716,good,good_tags
112377716,sloper,feature_tags
112377716,traverse,feature_tags
112377723,arete,feature_tags
112377723,crimp,feature_tags
112377723,roof,feature_tags
112390769,crack,feature_tags
112390769,crux,feature_tags
112390769,face,feature_tags
112390769,good,good_tags
112390769,jug,feature_tags
112390782,crack,feature_tags
112390782,face,feature_tags
112390782,good,good_tags
112390788,crux,feature_tags
112390788,face,feature_tags
112390788,roof,feature_tags
112390788,slab,feature_tags
112392923,difficult,other_tags
112392923,dyno,skill
112392923,easy,good_tags
112392923,face,feature_tags
112392923,fun,good_tags
112392923,heel hook,skill
112392923,jug,feature_tags
112392923,roof,feature_tags
112395676,crack,feature_tags
112401460,crimp,feature_tags
112401460,great,good_tags
112401460,jug,feature_tags
112401460,ledge,feature_tags
112401460,roof,feature_tags
112401460,sloper,feature_tags
112401470,crack,feature_tags
112401470,crimp,feature_tags
112401470,great,good_tags
112401470,jug,feature_tags
112401470,nice,good_tags
112401470,roof,feature_tags
112401470,sloper,feature_tags
112401470,traverse,feature_tags
112401535,crimp,feature_tags
112401535,face,feature_tags
112402676,good,good_tags
112402676,jug,feature_tags
112402676,traverse,feature_tags
112403636,crimp,feature_tags
112403636,jug,feature_tags
112415686,crack,feature_tags
112415686,face,feature_tags
112415686,heel hook,skill
112415686,mantle,skill
112415686,nice,good_tags
112415686,traverse,feature_tags
112415755,good,good_tags
112415755,mantle,skill
112415755,pocket,feature_tags
112415755,slab,feature_tags
112437649,crimp,feature_tags
112437649,fun,good_tags
112437649,jug,feature_tags
112462904,jug,feature_tags
112462904,mantle,skill
112462904,pocket,feature_tags
112492117,arete,feature_tags
112492117,good,good_tags
112492117,jug,feature_tags
112492144,arete,feature_tags
112492144,face,feature_tags
112492144,fun,good_tags
112492144,good,good_tags
112492144,toe hook,skill
112492178,arete,feature_tags
112492178,crack,feature_tags
112492178,dyno,skill
112492178,fun,good_tags
112492178,jug,feature_tags
112492254,crack,feature_tags
112492254,good,good_tags
112492254,thin,other_tags
112503390,crack,feature_tags
112503390,crimp,feature_tags
112505602,crimp,feature_tags
112505602,jug,feature_tags
112505620,ledge,feature_tags
112505620,mantle,skill
112505651,crimp,feature_tags
112505651,easy,good_tags
112505651,good,good_tags
112505651,great,good_tags
112505651,traverse,feature_tags
112505681,crack,feature_tags
112505681,face,feature_tags
112505681,ledge,feature_tags
112508243,face,feature_tags
112508243,nice,good_tags
112508243,slab,feature_tags
112508243,sloper,feature_tags
112531408,crimp,feature_tags
112531408,face,feature_tags
112531408,jug,feature_tags
112531420,arete,feature_tags
112531420,beautiful,good_tags
112532385,arete,feature_tags
112532385,pocket,feature_tags
112532385,traverse,feature_tags
112542602,arete,feature_tags
112542602,face,feature_tags
112542602,jug,feature_tags
112542602,mantle,skill
112542602,nice,good_tags
112542602,thin,other_tags
112542633,arete,feature_tags
112542633,best,good_tags
112542633,crux,feature_tags
112542633,jug,feature_tags
112542633,ledge,feature_tags
112542633,nice,good_tags
112542633,roof,feature_tags
112542659,arete,feature_tags
112542659,jug,feature_tags
112542659,ledge,feature_tags
112542681,crimp,feature_tags
112542681,jug,feature_tags
112542705,danger,bad_tags
112542705,face,feature_tags
112542705,jug,feature_tags
112542705,pocket,feature_tags
112542705,thin,other_tags
112542713,crimp,feature_tags
112542713,danger,bad_tags
112542713,heelhook,skill
112542713,jug,feature_tags
112542713,pocket,feature_tags
112542730,easy,good_tags
112542730,face,feature_tags
112542730,jug,feature_tags
112542730,ledge,feature_tags
112542730,nice,good_tags
112542730,thin,other_tags
112542730,warm up,good_tags
112542736,crimp,feature_tags
112542736,crux,feature_tags
112542736,face,feature_tags
112542736,flake,feature_tags
112542736,roof,feature_tags
112542736,sloper,feature_tags
112542744,arete,feature_tags
112542744,crimp,feature_tags
112542744,face,feature_tags
112542744,jug,feature_tags
112542744,ledge,feature_tags
112542744,mantle,skill
112542744,nice,good_tags
112542744,sloper,feature_tags
112542753,face,feature_tags
112542753,fun,good_tags
112542753,interesting,good_tags
112542753,jug,feature_tags
112542760,arete,feature_tags
112542760,jug,feature_tags
112542760,roof,feature_tags
112542760,slab,feature_tags
112542822,crack,feature_tags
112551220,crimp,feature_tags
112551220,pocket,feature_tags
112551220,thin,other_tags
112570689,crack,feature_tags
112570689,face,feature_tags
112570689,nice,good_tags
112570689,slab,feature_tags
112779473,chimney,feature_tags
112779473,face,feature_tags
112779473,ledge,feature_tags
112779473,mantle,skill
112779614,arete,feature_tags
112779614,face,feature_tags
112779635,chimney,feature_tags
112779635,crack,feature_tags
112779635,face,feature_tags
112779680,crack,feature_tags
112779680,face,feature_tags
112779680,pocket,feature_tags
112779689,arete,feature_tags
112779689,face,feature_tags
112779689,thin,other_tags
112861517,careful,bad_tags
112861517,crimp,feature_tags
112861517,face,feature_tags
112861517,flake,feature_tags
112861517,jug,feature_tags
112861517,ledge,feature_tags
112861517,thin,other_tags
112861548,beautiful,good_tags
112861548,crimp,feature_tags
112861548,face,feature_tags
112861548,jug,feature_tags
112874275,face,feature_tags
112874275,ledge,feature_tags
112874275,slab,feature_tags
112874275,tricky,other_tags
112874282,pocket,feature_tags
112875225,crack,feature_tags
112875225,easier,good_tags
112875225,fun,good_tags
112875225,jug,feature_tags
112875225,ledge,feature_tags
112875225,slab,feature_tags
113067123,crimp,feature_tags
113067123,dyno,skill
113067123,good,good_tags
113067123,jug,feature_tags
113067123,ledge,feature_tags
113067123,mantle,skill
113067123,thin,other_tags
113067251,arete,feature_tags
113067251,crimp,feature_tags
113067251,cruise,feature_tags
113067251,dyno,skill
113067251,face,feature_tags
113067251,flake,feature_tags
113067251,jug,feature_tags
113067251,thin,other_tags
113067380,beautiful,good_tags
113067380,crimp,feature_tags
113067380,difficult,other_tags
113067380,face,feature_tags
113067380,flake,feature_tags
113067380,thin,other_tags
113131174,crack,feature_tags
113131222,crack,feature_tags
113139723,danger,bad_tags
113139746,crimp,feature_tags
113139746,face,feature_tags
113139746,jug,feature_tags
113139746,ledge,feature_tags
113140052,excellent,good_tags
113140052,good,good_tags
113140052,heel hook,skill
113140052,jug,feature_tags
113140052,ledge,feature_tags
113140052,roof,feature_tags
113155520,crimp,feature_tags
113155520,face,feature_tags
113155520,jug,feature_tags
113155520,thin,other_tags
113155667,classic,good_tags
113155667,crimp,feature_tags
113155667,flake,feature_tags
113155667,fun,good_tags
113155667,jug,feature_tags
113155667,ledge,feature_tags
113155667,thin,other_tags
113156266,crack,feature_tags
113156266,dihedral,feature_tags
113156266,mantle,skill
113156266,smear,other_tags
113156266,thin,other_tags
113210410,jug,feature_tags
113210526,flake,feature_tags
113210526,good,good_tags
113210526,jug,feature_tags
113210526,traverse,feature_tags
113221163,crack,feature_tags
113391046,crimp,feature_tags
113391046,jug,feature_tags
113391046,roof,feature_tags
113416249,classic,good_tags
113416249,dyno,skill
113416249,face,feature_tags
113416249,fun,good_tags
113416249,good,good_tags
113416249,jug,feature_tags
113416249,ledge,feature_tags
113416249,roof,feature_tags
113416262,balance,skill
113416262,good,good_tags
113416262,great,good_tags
113416262,jug,feature_tags
113416262,ledge,feature_tags
113416262,mantle,skill
113416262,pocket,feature_tags
113416262,roof,feature_tags
113416262,slab,feature_tags
113416262,sloper,feature_tags
113416278,crimp,feature_tags
113416278,face,feature_tags
113416278,pocket,feature_tags
113416278,sloper,feature_tags
113416300,crimp,feature_tags
113416300,difficult,other_tags
113416300,face,feature_tags
113416300,jug,feature_tags
113416300,nice,good_tags
113416300,roof,feature_tags
113416300,thin,other_tags
113435293,careful,bad_tags
113435293,crack,feature_tags
113435293,easy,good_tags
113498961,balance,skill
113498961,crimp,feature_tags
113498961,jug,feature_tags
113498961,roof,feature_tags
113498961,sloper,feature_tags
113498961,thin,other_tags
113499093,crimp,feature_tags
113499093,mantle,skill
113499093,roof,feature_tags
113499093,slab,feature_tags
113499093,sloper,feature_tags
113499093,toe hook,skill
113499154,crack,feature_tags
113499154,fun,good_tags
113499154,jam,skill
113624923,best,good_tags
113624923,crux,feature_tags
113624923,roof,feature_tags
113624923,sloper,feature_tags
113624923,traverse,feature_tags
113629192,crack,feature_tags
113629192,face,feature_tags
113629192,jug,feature_tags
113629192,nice,good_tags
113629192,sloper,feature_tags
113629192,thin,other_tags
113629214,crack,feature_tags
113629214,crimp,feature_tags
113629214,face,feature_tags
113629214,jug,feature_tags
113629214,nice,good_tags
113629214,roof,feature_tags
113629214,thin,other_tags
113629214,warm up,good_tags
113633519,easier,good_tags
113633519,good,good_tags
113633519,pumpy,other_tags
113633519,roof,feature_tags
113651613,easy,good_tags
113651613,jug,feature_tags
113659834,face,feature_tags
113659834,interesting,good_tags
113659834,jug,feature_tags
113659834,nice,good_tags
113659834,slab,feature_tags
113659842,crimp,feature_tags
113659842,face,feature_tags
113659842,fun,good_tags
113659842,jug,feature_tags
113659842,slab,feature_tags
113659902,crack,feature_tags
113659902,face,feature_tags
113659902,jug,feature_tags
113659931,crack,feature_tags
113659931,crimp,feature_tags
113659931,face,feature_tags
113659931,pocket,feature_tags
113733392,face,feature_tags
113733392,interesting,good_tags
113733392,roof,feature_tags
113755557,crack,feature_tags
113755557,good,good_tags
113755567,crack,feature_tags
113868364,jug,feature_tags
113868364,nice,good_tags
113886293,classic,good_tags
113886293,cool,good_tags
113886293,easy,good_tags
113886293,jug,feature_tags
113886293,ledge,feature_tags
113886293,nice,good_tags
113886293,sloper,feature_tags
113886293,warm up,good_tags
113886378,fun,good_tags
113886378,hueco,feature_tags
113886378,slab,feature_tags
113886436,crack,feature_tags
113886436,hueco,feature_tags
113886436,jug,feature_tags
113886485,beautiful,good_tags
113886485,face,feature_tags
113886485,jug,feature_tags
113886485,slab,feature_tags
113886485,sloper,feature_tags
113886495,face,feature_tags
113886495,jug,feature_tags
113886495,mantle,skill
113886495,roof,feature_tags
113886495,slab,feature_tags
113886495,sloper,feature_tags
113886495,technical,skill
113886513,arete,feature_tags
113886513,beautiful,good_tags
113886513,classic,good_tags
113886513,jug,feature_tags
113897214,arete,feature_tags
113897214,beautiful,good_tags
113897214,jug,feature_tags
113897254,arete,feature_tags
113897254,crimp,feature_tags
113897254,jug,feature_tags
113897254,nice,good_tags
113897254,sloper,feature_tags
113897311,crimp,feature_tags
113897311,jug,feature_tags
113897311,pocket,feature_tags
113897311,roof,feature_tags
113897311,sloper,feature_tags
113897323,face,feature_tags
113897323,jug,feature_tags
113897323,roof,feature_tags
113897345,face,feature_tags
113897345,jug,feature_tags
113897345,roof,feature_tags
113897345,thin,other_tags
113897345,tricky,other_tags
113897362,arete,feature_tags
113897362,face,feature_tags
113897362,jug,feature_tags
113897362,ledge,feature_tags
113897362,pocket,feature_tags
113897362,sloper,feature_tags
113897372,arete,feature_tags
113897372,jug,feature_tags
113897372,roof,feature_tags
113897372,sloper,feature_tags
113897411,arete,feature_tags
113897411,classic,good_tags
113897411,jug,feature_tags
113897411,sloper,feature_tags
113897456,crack,feature_tags
113897456,fun,good_tags
113897456,interesting,good_tags
113897456,roof,feature_tags
113897472,crack,feature_tags
113897472,fun,good_tags
113897472,interesting,good_tags
113897472,roof,feature_tags
113897597,cool,good_tags
113897597,jug,feature_tags
113897597,roof,feature_tags
113897597,sloper,feature_tags
113897627,classic,good_tags
113897627,crack,feature_tags
113897627,hueco,feature_tags
113897627,jug,feature_tags
113897627,ledge,feature_tags
113897627,sloper,feature_tags
113957407,ledge,feature_tags
113957407,mantle,skill
113957407,sloper,feature_tags
113957424,arete,feature_tags
113957424,face,feature_tags
113957424,good,good_tags
113957462,crimp,feature_tags
113957462,face,feature_tags
113957462,good,good_tags
113957462,ledge,feature_tags
113957462,mantle,skill
113965732,jug,feature_tags
113965746,easier,good_tags
113965746,techy,skill
113965746,thin,other_tags
113965753,face,feature_tags
113965753,good,good_tags
113965753,hueco,feature_tags
113965767,beautiful,good_tags
113965767,best,good_tags
113965767,crux,feature_tags
113965767,exposed,feature_tags
113965767,face,feature_tags
113965767,good,good_tags
113965767,ledge,feature_tags
113965767,roof,feature_tags
113970092,crack,feature_tags
113970092,jam,skill
113970092,ledge,feature_tags
113970092,slab,feature_tags
113970092,tricky,other_tags
113972007,crack,feature_tags
113972007,great,good_tags
113972007,ledge,feature_tags
113972007,traverse,feature_tags
113972132,chimney,feature_tags
113972132,flake,feature_tags
113972132,ledge,feature_tags
113972168,chimney,feature_tags
113972168,great,good_tags
113972168,ledge,feature_tags
113972193,face,feature_tags
113972193,good,good_tags
113972193,thin,other_tags
113972193,traverse,feature_tags
113972240,arete,feature_tags
113972240,crack,feature_tags
113972240,face,feature_tags
113972240,good,good_tags
113972240,pocket,feature_tags
113972240,thin,other_tags
113972282,crack,feature_tags
113972282,easy,good_tags
113972344,crack,feature_tags
113972344,easy,good_tags
113972344,jam,skill
113972344,ledge,feature_tags
113972344,slab,feature_tags
113972357,crack,feature_tags
113972357,fun,good_tags
113972357,slab,feature_tags
113972374,crack,feature_tags
113972402,crack,feature_tags
113972402,face,feature_tags
113972402,thin,other_tags
113972666,slab,feature_tags
113972681,crack,feature_tags
113972681,flake,feature_tags
113972681,jam,skill
113972681,slab,feature_tags
113972713,crack,feature_tags
113972713,roof,feature_tags
113972713,slab,feature_tags
113972722,crack,feature_tags
113972722,good,good_tags
113972722,jug,feature_tags
113972722,roof,feature_tags
113972722,slab,feature_tags
113972722,thin,other_tags
113988069,easy,good_tags
113988069,great,good_tags
113988069,nice,good_tags
113988092,crack,feature_tags
113988092,nice,good_tags
113988103,crack,feature_tags
113988112,crack,feature_tags
113988112,thin,other_tags
114003838,easier,good_tags
114003838,face,feature_tags
114003838,good,good_tags
114006433,cool,good_tags
114006433,good,good_tags
114006433,high first bolt,other_tags
114006433,jug,feature_tags
114006433,stick clip,other_tags
114006433,warm up,good_tags
114009840,crimp,feature_tags
114009840,good,good_tags
114009840,roof,feature_tags
114010018,cool,good_tags
114010018,crack,feature_tags
114010018,easier,good_tags
114010018,jug,feature_tags
114026531,face,feature_tags
114026531,slab,feature_tags
114026531,sloper,feature_tags
114026571,crimp,feature_tags
114026571,face,feature_tags
114026571,ledge,feature_tags
114026571,roof,feature_tags
114026610,crimp,feature_tags
114026610,jug,feature_tags
114026610,mantle,skill
114026610,pocket,feature_tags
114026633,arete,feature_tags
114026633,great,good_tags
114026633,jug,feature_tags
114033903,jug,feature_tags
114033903,stick clip,other_tags
114033903,traverse,feature_tags
114041397,arete,feature_tags
114041397,ledge,feature_tags
114041397,roof,feature_tags
114041415,crack,feature_tags
114041415,crimp,feature_tags
114041415,face,feature_tags
114041415,ledge,feature_tags
114041415,mantle,skill
114041415,roof,feature_tags
114041415,slab,feature_tags
114041430,classic,good_tags
114041430,crack,feature_tags
114041430,crimp,feature_tags
114041430,dyno,skill
114041430,flake,feature_tags
114041430,jug,feature_tags
114041430,ledge,feature_tags
114041430,mantle,skill
114041430,roof,feature_tags
114041430,slab,feature_tags
114061056,crack,feature_tags
114061056,crimp,feature_tags
114061056,good,good_tags
114061056,jug,feature_tags
114061099,jug,feature_tags
114061099,pocket,feature_tags
114061105,crimp,feature_tags
114061105,face,feature_tags
114061105,sloper,feature_tags
114061121,crimp,feature_tags
114061121,difficult,other_tags
114061121,face,feature_tags
114061121,sloper,feature_tags
114061121,technical,skill
114061148,crimp,feature_tags
114061169,arete,feature_tags
114061186,jug,feature_tags
114061193,crimp,feature_tags
114061193,face,feature_tags
114061193,jug,feature_tags
114061193,roof,feature_tags
114061213,arete,feature_tags
114061213,mantle,skill
114061213,powerful,skill
114061225,jug,feature_tags
114084675,arete,feature_tags
114084675,classic,good_tags
114084675,crack,feature_tags
114084675,face,feature_tags
114084675,jug,feature_tags
114084675,ledge,feature_tags
114084675,thin,other_tags
114084684,arete,feature_tags
114084684,face,feature_tags
114084684,jug,feature_tags
114084684,ledge,feature_tags
114084684,nice,good_tags
114084741,easy,good_tags
114084741,face,feature_tags
114084741,hueco,feature_tags
114084741,jug,feature_tags
114084741,ledge,feature_tags
114084741,slab,feature_tags
114084759,arete,feature_tags
114084759,crimp,feature_tags
114084759,face,feature_tags
114084759,hueco,feature_tags
114084759,ledge,feature_tags
114084759,thin,other_tags
114084781,arete,feature_tags
114084781,face,feature_tags
114084781,jug,feature_tags
114084781,ledge,feature_tags
114084781,roof,feature_tags
114084781,slab,feature_tags
114084781,sloper,feature_tags
114084800,face,feature_tags
114084800,hueco,feature_tags
114084800,jug,feature_tags
114084800,traverse,feature_tags
114142906,face,feature_tags
114142906,good,good_tags
114142906,jug,feature_tags
114142914,arete,feature_tags
114142914,crimp,feature_tags
114142914,face,feature_tags
114142914,jug,feature_tags
114142914,thin,other_tags
114142961,dyno,skill
114142961,hueco,feature_tags
114142961,roof,feature_tags
114144489,hueco,feature_tags
114144489,roof,feature_tags
114144575,cool,good_tags
114144575,fun,good_tags
114144575,heel hook,skill
114144575,jug,feature_tags
114144575,slab,feature_tags
114144579,face,feature_tags
114144579,jug,feature_tags
114144579,mantle,skill
114144579,pocket,feature_tags
114144589,arete,feature_tags
114144589,crimp,feature_tags
114144589,crux,feature_tags
114144589,face,feature_tags
114144589,jug,feature_tags
114144589,ledge,feature_tags
114144589,pocket,feature_tags
114144589,thin,other_tags
114144602,crimp,feature_tags
114144602,face,feature_tags
114144602,good,good_tags
114144602,jug,feature_tags
114144602,thin,other_tags
114144606,arete,feature_tags
114144606,crimp,feature_tags
114144606,good,good_tags
114144606,hueco,feature_tags
114144606,jug,feature_tags
114144606,thin,other_tags
114196336,fun,good_tags
114196336,pumpy,other_tags
114200680,crimp,feature_tags
114200680,dynamic,skill
114200680,jug,feature_tags
114200680,pocket,feature_tags
114200680,roof,feature_tags
114200687,crimp,feature_tags
114200687,jug,feature_tags
114200687,pocket,feature_tags
114200687,roof,feature_tags
114208855,crux,feature_tags
114208855,easy,good_tags
114208855,ledge,feature_tags
114264428,flake,feature_tags
114264428,jam,skill
114264428,nice,good_tags
114264428,rust,bad_tags
114271430,crimp,feature_tags
114271430,fun,good_tags
114271430,jug,feature_tags
114273927,hueco,feature_tags
114273927,interesting,good_tags
114273927,jug,feature_tags
114273927,roof,feature_tags
114276520,easier,good_tags
114276520,interesting,good_tags
114276520,roof,feature_tags
114276530,easy,good_tags
114276530,flake,feature_tags
114276530,interesting,good_tags
114276530,roof,feature_tags
114276542,crux,feature_tags
114276542,face,feature_tags
114276542,great,good_tags
114276542,jug,feature_tags
114276542,roof,feature_tags
114290819,crack,feature_tags
114290819,crimp,feature_tags
114290819,jug,feature_tags
114290819,nice,good_tags
114290819,pocket,feature_tags
114290819,traverse,feature_tags
114319331,arete,feature_tags
114319331,good,good_tags
114319331,ledge,feature_tags
114319462,dihedral,feature_tags
114319462,flake,feature_tags
114319462,great,good_tags
114319462,jug,feature_tags
114319462,roof,feature_tags
114319462,stick clip,other_tags
114319462,traverse,feature_tags
114319462,warm up,good_tags
114320558,face,feature_tags
114320558,fun,good_tags
114320558,good,good_tags
114326712,arete,feature_tags
114326712,crux,feature_tags
114326712,ledge,feature_tags
114332817,bad,bad_tags
114332817,crack,feature_tags
114332817,great,good_tags
114332840,bad,bad_tags
114332840,crack,feature_tags
114332840,flake,feature_tags
114332840,fun,good_tags
114332908,beautiful,good_tags
114332908,flake,feature_tags
114332908,fun,good_tags
114332908,good,good_tags
114332908,ledge,feature_tags
114332908,techy,skill
114332948,arete,feature_tags
114332948,crimp,feature_tags
114332948,flake,feature_tags
114332948,good,good_tags
114332948,sloper,feature_tags
114332948,thin,other_tags
114357805,face,feature_tags
114357805,flake,feature_tags
114357805,roof,feature_tags
114357828,arete,feature_tags
114357828,dihedral,feature_tags
114357828,easy,good_tags
114357828,face,feature_tags
114357828,great,good_tags
114357828,jug,feature_tags
114357828,ledge,feature_tags
114357828,roof,feature_tags
114357985,fun,good_tags
114357985,ledge,feature_tags
114357985,warm up,good_tags
114358020,crack,feature_tags
114358020,ledge,feature_tags
114358020,thin,other_tags
114358087,crack,feature_tags
114358087,face,feature_tags
114358087,roof,feature_tags
114358087,traverse,feature_tags
114358101,crack,feature_tags
114358101,fun,good_tags
114358101,good,good_tags
114358101,warm up,good_tags
114358659,crack,feature_tags
114362679,interesting,good_tags
114362679,pumpy,other_tags
114362679,tricky,other_tags
114362700,crux,feature_tags
114362700,easier,good_tags
114362700,face,feature_tags
114362700,jug,feature_tags
114362700,pocket,feature_tags
114362700,stick clip,other_tags
114362700,tricky,other_tags
114377767,crimp,feature_tags
114377767,difficult,other_tags
114377767,great,good_tags
114377767,ledge,feature_tags
114377767,sloper,feature_tags
114377767,stick clip,other_tags
114400348,crack,feature_tags
114400348,crimp,feature_tags
114400348,crux,feature_tags
114400348,dyno,skill
114400348,flake,feature_tags
114400348,fun,good_tags
114406955,crimp,feature_tags
114406955,face,feature_tags
114406955,fun,good_tags
114433103,careful,bad_tags
114433103,face,feature_tags
114433103,fun,good_tags
114433103,good,good_tags
114433103,ledge,feature_tags
114433103,mantle,skill
114433103,pocket,feature_tags
114433103,sloper,feature_tags
114433203,arete,feature_tags
114433203,cruise,feature_tags
114433203,face,feature_tags
114433203,good,good_tags
114433203,jug,feature_tags
114433203,ledge,feature_tags
114460363,flake,feature_tags
114460363,ledge,feature_tags
114460363,slab,feature_tags
114464799,good,good_tags
114464799,interesting,good_tags
114464816,dihedral,feature_tags
114464816,good,good_tags
114464816,tricky,other_tags
114464825,face,feature_tags
114464825,fun,good_tags
114464825,jug,feature_tags
114464825,slab,feature_tags
114464825,smear,other_tags
114464825,tricky,other_tags
114464831,crack,feature_tags
114490086,good,good_tags
114490086,warm up,good_tags
114501654,dynamic,skill
114501654,easy,good_tags
114501654,interesting,good_tags
114501654,jug,feature_tags
114564275,dirty,bad_tags
114564275,good,good_tags
114564275,great,good_tags
114564275,heel hook,skill
114564275,jug,feature_tags
114564275,ledge,feature_tags
114564275,mantle,skill
114564275,roof,feature_tags
114564275,traverse,feature_tags
114564305,arete,feature_tags
114564305,crimp,feature_tags
114564305,dirty,bad_tags
114564305,face,feature_tags
114564305,interesting,good_tags
114564305,jug,feature_tags
114564305,sloper,feature_tags
114578160,roof,feature_tags
114593580,arete,feature_tags
114593580,crimp,feature_tags
114593580,sloper,feature_tags
114611767,crack,feature_tags
114611767,crimp,feature_tags
114779616,crack,feature_tags
114779616,good,good_tags
114779616,pumpy,other_tags
114779616,traverse,feature_tags
114958036,good,good_tags
114958036,mantle,skill
114958036,roof,feature_tags
114958077,good,good_tags
114958077,great,good_tags
114958077,thin,other_tags
115131083,best,good_tags
115131083,crimp,feature_tags
115131083,face,feature_tags
115131083,jug,feature_tags
115131083,roof,feature_tags
115131083,sloper,feature_tags
115134354,face,feature_tags
115134354,fun,good_tags
115134354,great,good_tags
115134354,roof,feature_tags
115134354,technical,skill
115136197,jug,feature_tags
115136197,roof,feature_tags
115139985,face,feature_tags
115139985,jug,feature_tags
115140033,easy,good_tags
115140033,good,good_tags
115140033,roof,feature_tags
115140046,fun,good_tags
115140046,hueco,feature_tags
115140046,mantle,skill
115140046,roof,feature_tags
115159206,face,feature_tags
115159206,flake,feature_tags
115159206,interesting,good_tags
115159206,jug,feature_tags
115159206,sloper,feature_tags
115159403,face,feature_tags
115159403,jug,feature_tags
115159403,roof,feature_tags
115159440,crimp,feature_tags
115159440,dyno,skill
115159440,jug,feature_tags
115159440,thin,other_tags
115159466,arete,feature_tags
115159466,jug,feature_tags
115159537,jug,feature_tags
115159537,roof,feature_tags
115159537,sloper,feature_tags
115159584,dyno,skill
115170895,crack,feature_tags
115170895,crimp,feature_tags
115170895,crux,feature_tags
115170895,flake,feature_tags
115170895,good,good_tags
115170895,jug,feature_tags
115170895,slab,feature_tags
115170895,tricky,other_tags
115180226,crack,feature_tags
115180284,arete,feature_tags
115180284,crimp,feature_tags
115180284,dyno,skill
115180284,fun,good_tags
115180284,jug,feature_tags
115180284,thin,other_tags
115180308,arete,feature_tags
115180308,crimp,feature_tags
115180308,nice,good_tags
115180308,slab,feature_tags
115180308,warm up,good_tags
115180316,crack,feature_tags
115180316,crimp,feature_tags
115180316,good,good_tags
115180316,jug,feature_tags
115180316,sloper,feature_tags
115180316,tricky,other_tags
115180328,crimp,feature_tags
115180328,fun,good_tags
115180328,jug,feature_tags
115180328,nice,good_tags
115180328,rust,bad_tags
115180328,smear,other_tags
115180350,balance,skill
115180350,crack,feature_tags
115180350,dihedral,feature_tags
115180361,crack,feature_tags
115322156,face,feature_tags
115322156,stick clip,other_tags
115322262,excellent,good_tags
115322262,tricky,other_tags
115327395,arete,feature_tags
115327395,classic,good_tags
115327395,face,feature_tags
115327395,good,good_tags
115327395,pocket,feature_tags
115327395,sloper,feature_tags
115341352,face,feature_tags
115341352,jug,feature_tags
115388769,flake,feature_tags
115388769,jug,feature_tags
115388779,crack,feature_tags
115388779,crimp,feature_tags
115388779,face,feature_tags
115388779,flake,feature_tags
115388779,good,good_tags
115388779,great,good_tags
115388779,jug,feature_tags
115388779,sloper,feature_tags
115388795,arete,feature_tags
115388795,crimp,feature_tags
115388795,face,feature_tags
115388795,jug,feature_tags
115388795,ledge,feature_tags
115388795,roof,feature_tags
115388795,smear,other_tags
115418892,excellent,good_tags
115418892,good,good_tags
115419997,face,feature_tags
115419997,hueco,feature_tags
115420024,arete,feature_tags
115420024,beautiful,good_tags
115420024,face,feature_tags
115420024,slab,feature_tags
115420205,arete,feature_tags
115420205,beautiful,good_tags
115420205,face,feature_tags
115420205,jug,feature_tags
115420205,ledge,feature_tags
115420205,nice,good_tags
115420205,tricky,other_tags
115420270,crack,feature_tags
115420270,face,feature_tags
115420270,good,good_tags
115420451,arete,feature_tags
115420451,best,good_tags
115420451,crimp,feature_tags
115420451,danger,bad_tags
115420451,heel hook,skill
115420451,ledge,feature_tags
115420451,sloper,feature_tags
115420451,thin,other_tags
115420460,arete,feature_tags
115420460,ledge,feature_tags
115420460,roof,feature_tags
115420460,thin,other_tags
115420749,face,feature_tags
115420749,ledge,feature_tags
115420749,mantle,skill
115420749,pocket,feature_tags
115420812,sloper,feature_tags
115420812,thin,other_tags
115420862,jam,skill
115420862,mantle,skill
115420862,roof,feature_tags
115420862,sloper,feature_tags
115420862,technical,skill
115420930,jug,feature_tags
115446820,arete,feature_tags
115446820,beautiful,good_tags
115446820,crimp,feature_tags
115446820,crux,feature_tags
115446820,face,feature_tags
115446820,good,good_tags
115446820,hueco,feature_tags
115446820,jug,feature_tags
115446820,slab,feature_tags
115459984,crimp,feature_tags
115459984,good,good_tags
115459984,jug,feature_tags
115459984,sloper,feature_tags
115460015,arete,feature_tags
115460015,great,good_tags
115460015,jug,feature_tags
115460015,warm up,good_tags
115572071,easy,good_tags
115572071,face,feature_tags
115572071,fun,good_tags
115572071,jug,feature_tags
115572091,crack,feature_tags
115572091,interesting,good_tags
115572091,jug,feature_tags
115572091,roof,feature_tags
115572128,cool,good_tags
115572128,face,feature_tags
115572128,great,good_tags
115572128,jug,feature_tags
115572128,nice,good_tags
115572128,thin,other_tags
115572136,beautiful,good_tags
115572136,crack,feature_tags
115572136,crux,feature_tags
115572136,face,feature_tags
115572136,jug,feature_tags
115572136,roof,feature_tags
115572136,sloper,feature_tags
115572330,arete,feature_tags
115572330,face,feature_tags
115572330,jug,feature_tags
115572330,ledge,feature_tags
115572330,mantle,skill
115572330,nice,good_tags
115572330,roof,feature_tags
115572330,sloper,feature_tags
115683845,good,good_tags
115683845,traverse,feature_tags
115847268,arete,feature_tags
115847268,fun,good_tags
115847268,interesting,good_tags
115958591,crack,feature_tags
115958591,jug,feature_tags
115958591,traverse,feature_tags
116076167,crux,feature_tags
116076167,face,feature_tags
116076167,fun,good_tags
116076167,great,good_tags
116076167,interesting,good_tags
116076167,roof,feature_tags
116086442,crimp,feature_tags
116086442,face,feature_tags
116086442,good,good_tags
116086442,mantle,skill
116090349,crack,feature_tags
116090349,crimp,feature_tags
116091610,arete,feature_tags
116091610,crack,feature_tags
116091620,arete,feature_tags
116101478,classic,good_tags
116101478,crack,feature_tags
116101478,jug,feature_tags
116116119,classic,good_tags
116116119,face,feature_tags
116116119,jug,feature_tags
116116119,ledge,feature_tags
116116119,mantle,skill
116116119,sloper,feature_tags
116116119,thin,other_tags
116116119,traverse,feature_tags
116116516,arete,feature_tags
116116516,face,feature_tags
116116516,good,good_tags
116120217,crux,feature_tags
116120217,dynamic,skill
116120217,easy,good_tags
116120217,face,feature_tags
116120217,fun,good_tags
116120217,traverse,feature_tags
116120217,tricky,other_tags
116121675,chimney,feature_tags
116121675,good,good_tags
116121675,jug,feature_tags
116129141,balance,skill
116129141,crack,feature_tags
116129141,crux,feature_tags
116139279,arete,feature_tags
116139279,balance,skill
116139279,classic,good_tags
116139279,mantle,skill
116139279,sloper,feature_tags
116139308,arete,feature_tags
116139308,burly,skill
116139308,jug,feature_tags
116139308,sloper,feature_tags
116169780,easy,good_tags
116169780,flake,feature_tags
116169780,slab,feature_tags
116169780,technical,skill
116169780,thin,other_tags
116169804,flake,feature_tags
116169804,slab,feature_tags
116169804,smear,other_tags
116169835,crack,feature_tags
116169835,easy,good_tags
116169835,smear,other_tags
116170656,crack,feature_tags
116170656,jug,feature_tags
116192440,arete,feature_tags
116192440,beautiful,good_tags
116192440,good,good_tags
116194916,arete,feature_tags
116207613,arete,feature_tags
116207613,best,good_tags
116207613,jug,feature_tags
116207665,crack,feature_tags
116207665,crimp,feature_tags
116207665,face,feature_tags
116230424,arete,feature_tags
116230424,fun,good_tags
116230424,roof,feature_tags
116240129,crack,feature_tags
116240129,crux,feature_tags
116240129,easy,good_tags
116240129,flake,feature_tags
116240129,nice,good_tags
116240129,slab,feature_tags
116240129,sloper,feature_tags
116240129,technical,skill
116240129,thin,other_tags
116249094,crack,feature_tags
116249094,good,good_tags
116249094,jug,feature_tags
116249094,mantle,skill
116249114,crimp,feature_tags
116249114,good,good_tags
116249114,mantle,skill
116249361,arete,feature_tags
116249361,crimp,feature_tags
116249361,face,feature_tags
116249482,arete,feature_tags
116249482,crack,feature_tags
116249482,crimp,feature_tags
116249482,good,good_tags
116249482,thin,other_tags
116352368,arete,feature_tags
116352368,crack,feature_tags
116352368,dihedral,feature_tags
116352387,bad,bad_tags
116352387,crack,feature_tags
116352387,dihedral,feature_tags
116352387,good,good_tags
116354385,jug,feature_tags
116354385,ledge,feature_tags
116354385,traverse,feature_tags
116373562,crimp,feature_tags
116373592,arete,feature_tags
116373592,crimp,feature_tags
116373592,good,good_tags
116373651,arete,feature_tags
116373651,slab,feature_tags
116373651,sloper,feature_tags
116373680,arete,feature_tags
116373680,slab,feature_tags
116373680,thin,other_tags
116373700,slab,feature_tags
116373728,best,good_tags
116373728,crack,feature_tags
116373728,jug,feature_tags
116373728,slab,feature_tags
116373739,crack,feature_tags
116373739,jug,feature_tags
116373739,sloper,feature_tags
116373919,crack,feature_tags
116373919,crimp,feature_tags
116373919,traverse,feature_tags
116510432,classic,good_tags
116510432,crack,feature_tags
116510432,mantle,skill
116510432,thin,other_tags
116510611,crack,feature_tags
116510611,flake,feature_tags
116510611,good,good_tags
116510774,arete,feature_tags
116510774,bad,bad_tags
116510774,crimp,feature_tags
116510774,crux,feature_tags
116510774,face,feature_tags
116510774,good,good_tags
116511377,crimp,feature_tags
116511377,ledge,feature_tags
116511377,slab,feature_tags
116511377,thin,other_tags
116512311,arete,feature_tags
116512311,face,feature_tags
116512360,arete,feature_tags
116512360,cool,good_tags
116512360,danger,bad_tags
116512360,good,good_tags
116513008,crack,feature_tags
116513008,easier,good_tags
116513016,bad,bad_tags
116513016,run out,bad_tags
116513025,face,feature_tags
116513025,good,good_tags
116513025,great,good_tags
116513025,traverse,feature_tags
116513030,beautiful,good_tags
116513030,crack,feature_tags
116513030,crux,feature_tags
116514200,crimp,feature_tags
116514200,easy,good_tags
116514200,good,good_tags
116514200,jug,feature_tags
116514200,pocket,feature_tags
116552134,arete,feature_tags
116552134,cool,good_tags
116552134,crux,feature_tags
116552134,roof,feature_tags
116552134,thin,other_tags
116566480,arete,feature_tags
116566480,crack,feature_tags
116566480,face,feature_tags
116566480,good,good_tags
116566480,jug,feature_tags
116566480,nice,good_tags
116566480,pocket,feature_tags
116566502,crimp,feature_tags
116566502,face,feature_tags
116566502,jug,feature_tags
116566502,nice,good_tags
116566502,pocket,feature_tags
116566502,roof,feature_tags
116566502,slab,feature_tags
116566502,thin,other_tags
116566544,slab,feature_tags
116566568,fun,good_tags
116566568,good,good_tags
116566568,interesting,good_tags
116566586,dihedral,feature_tags
116566586,face,feature_tags
116566586,fun,good_tags
116566586,thin,other_tags
116566586,tricky,other_tags
116569907,arete,feature_tags
116569907,cool,good_tags
116569907,excellent,good_tags
116569907,tough,other_tags
116569917,crack,feature_tags
116569917,crux,feature_tags
116569917,easy,good_tags
116569917,tricky,other_tags
116569924,crack,feature_tags
116569934,crack,feature_tags
116569934,dihedral,feature_tags
116569934,hueco,feature_tags
116588088,arete,feature_tags
116588088,best,good_tags
116588088,danger,bad_tags
116588088,face,feature_tags
116588088,hueco,feature_tags
116588088,jug,feature_tags
116588088,pocket,feature_tags
116588088,sloper,feature_tags
116588088,thin,other_tags
116588107,jug,feature_tags
116588107,powerful,skill
116588107,roof,feature_tags
116591255,beautiful,good_tags
116591255,crack,feature_tags
116591255,roof,feature_tags
116591314,arete,feature_tags
116591314,balance,skill
116591314,face,feature_tags
116591314,ledge,feature_tags
116591314,slab,feature_tags
116591314,thin,other_tags
116592386,arete,feature_tags
116592386,beautiful,good_tags
116592386,jug,feature_tags
116592386,scary,other_tags
116592386,thin,other_tags
116592406,arete,feature_tags
116592406,crimp,feature_tags
116592406,face,feature_tags
116592406,jug,feature_tags
116592420,arete,feature_tags
116592420,crimp,feature_tags
116592420,face,feature_tags
116592420,good,good_tags
116592420,jug,feature_tags
116607956,crimp,feature_tags
116607956,jug,feature_tags
116607956,mantle,skill
116607956,sloper,feature_tags
116607961,balance,skill
116607961,crimp,feature_tags
116607961,easier,good_tags
116607961,good,good_tags
116607961,hueco,feature_tags
116607961,jug,feature_tags
116607961,mantle,skill
116612974,great,good_tags
116614499,crimp,feature_tags
116614499,jug,feature_tags
116614499,ledge,feature_tags
116614499,roof,feature_tags
116614499,thin,other_tags
116616008,crimp,feature_tags
116616008,great,good_tags
116616008,jug,feature_tags
116616104,hueco,feature_tags
116616104,ledge,feature_tags
116616104,pocket,feature_tags
116616104,roof,feature_tags
116643410,jug,feature_tags
116643410,mantle,skill
116643410,nice,good_tags
116643425,jug,feature_tags
116643425,sloper,feature_tags
116643425,smear,other_tags
116643447,crack,feature_tags
116643447,crimp,feature_tags
116643447,good,good_tags
116643447,jug,feature_tags
116643447,pocket,feature_tags
116643447,sloper,feature_tags
116643461,arete,feature_tags
116643461,good,good_tags
116643461,pocket,feature_tags
116643461,roof,feature_tags
116643461,sloper,feature_tags
116643472,sloper,feature_tags
116643722,face,feature_tags
116643722,jug,feature_tags
116643722,thin,other_tags
116643773,crack,feature_tags
116643773,crimp,feature_tags
116643773,face,feature_tags
116643773,hueco,feature_tags
116643773,jug,feature_tags
116643773,pocket,feature_tags
116643788,arete,feature_tags
116643788,crimp,feature_tags
116643788,face,feature_tags
116643788,good,good_tags
116643788,jug,feature_tags
116643788,mantle,skill
116643788,nice,good_tags
116643788,thin,other_tags
116650411,crack,feature_tags
116650411,ledge,feature_tags
116650411,traverse,feature_tags
116654696,good,good_tags
116654696,roof,feature_tags
116654705,roof,feature_tags
116655694,crack,feature_tags
116655694,face,feature_tags
116655694,good,good_tags
116655704,arete,feature_tags
116655704,crack,feature_tags
116655704,face,feature_tags
116655704,scary,other_tags
116663327,arete,feature_tags
116663327,face,feature_tags
116663327,jug,feature_tags
116663327,pocket,feature_tags
116663374,arete,feature_tags
116663374,cruise,feature_tags
116663374,face,feature_tags
116663374,great,good_tags
116663374,jug,feature_tags
116663374,mantle,skill
116663374,nice,good_tags
116663386,arete,feature_tags
116663386,crimp,feature_tags
116663386,face,feature_tags
116663386,good,good_tags
116663386,jug,feature_tags
116663386,nice,good_tags
116667357,good,good_tags
116667357,great,good_tags
116667357,tricky,other_tags
116669085,crimp,feature_tags
116669085,face,feature_tags
116669085,great,good_tags
116669085,jug,feature_tags
116669085,thin,other_tags
116669314,crack,feature_tags
116669314,crimp,feature_tags
116669314,face,feature_tags
116669314,flake,feature_tags
116669314,fun,good_tags
116669314,mantle,skill
116669314,roof,feature_tags
116669314,thin,other_tags
116669338,arete,feature_tags
116669338,crimp,feature_tags
116669338,difficult,other_tags
116669338,dynamic,skill
116669338,face,feature_tags
116669338,flake,feature_tags
116669338,ledge,feature_tags
116669338,mantle,skill
116669338,roof,feature_tags
116669338,thin,other_tags
116684513,face,feature_tags
116684513,fun,good_tags
116684513,good,good_tags
116684513,great,good_tags
116684513,ledge,feature_tags
116684513,techy,skill
116691500,flake,feature_tags
116691500,roof,feature_tags
116691500,slab,feature_tags
116691500,thin,other_tags
116691523,face,feature_tags
116691523,flake,feature_tags
116691523,jug,feature_tags
116691523,roof,feature_tags
116691523,slab,feature_tags
116691523,thin,other_tags
116691571,dyno,skill
116691571,jug,feature_tags
116691571,mantle,skill
116691571,pocket,feature_tags
116691571,roof,feature_tags
116691571,slab,feature_tags
116715736,arete,feature_tags
116715736,crack,feature_tags
116715736,crimp,feature_tags
116715736,easy,good_tags
116715736,jug,feature_tags
116715736,sloper,feature_tags
116715747,hueco,feature_tags
116715747,jug,feature_tags
116715747,mantle,skill
116715747,slab,feature_tags
116715747,sloper,feature_tags
116715843,crimp,feature_tags
116715843,great,good_tags
116715843,slab,feature_tags
116715843,sloper,feature_tags
116715850,face,feature_tags
116715850,good,good_tags
116715850,sloper,feature_tags
116715882,classic,good_tags
116715882,good,good_tags
116715882,jug,feature_tags
116715882,mantle,skill
116715882,sloper,feature_tags
116715889,face,feature_tags
116715889,good,good_tags
116715889,mantle,skill
116715889,sloper,feature_tags
116718732,easier,good_tags
116718732,fun,good_tags
116718732,jug,feature_tags
116718732,slab,feature_tags
116718732,thin,other_tags
116718747,beautiful,good_tags
116718747,crimp,feature_tags
116718747,roof,feature_tags
116747421,face,feature_tags
116747421,great,good_tags
116747421,jug,feature_tags
116747421,nice,good_tags
116747444,arete,feature_tags
116747444,jug,feature_tags
116747615,excellent,good_tags
116747615,face,feature_tags
116747615,good,good_tags
116747615,jug,feature_tags
116747615,ledge,feature_tags
116749495,cool,good_tags
116749495,fun,good_tags
116749495,thin,other_tags
116754675,arete,feature_tags
116754675,crimp,feature_tags
116754675,excellent,good_tags
116754675,face,feature_tags
116754675,sloper,feature_tags
116754675,thin,other_tags
116754771,face,feature_tags
116754771,heel hook,skill
116754771,ledge,feature_tags
116774155,arete,feature_tags
116774155,difficult,other_tags
116774155,easy,good_tags
116774155,jug,feature_tags
116774155,sloper,feature_tags
116782085,bad,bad_tags
116782085,crux,feature_tags
116782085,easier,good_tags
116782085,flake,feature_tags
116782085,heel hook,skill
116782085,jug,feature_tags
116782085,pocket,feature_tags
116782085,pumpy,other_tags
116782085,run out,bad_tags
116782085,sloper,feature_tags
116807034,crimp,feature_tags
116807034,jug,feature_tags
116807194,crimp,feature_tags
116807194,jug,feature_tags
116807194,nice,good_tags
116848081,arete,feature_tags
116848081,face,feature_tags
116848081,jug,feature_tags
116848081,nice,good_tags
116848089,arete,feature_tags
116848089,jug,feature_tags
116848089,ledge,feature_tags
116848089,nice,good_tags
116848089,roof,feature_tags
116848105,crimp,feature_tags
116848105,face,feature_tags
116848105,jug,feature_tags
116848105,powerful,skill
116960045,crack,feature_tags
116960045,great,good_tags
116960045,heel hook,skill
116960045,toe hook,skill
116960045,traverse,feature_tags
116960098,crack,feature_tags
116960098,great,good_tags
116960098,heel hook,skill
116960098,toe hook,skill
116960098,traverse,feature_tags
116960124,great,good_tags
116960124,powerful,skill
116965998,good,good_tags
116965998,great,good_tags
116965998,slab,feature_tags
116966067,crimp,feature_tags
116966067,face,feature_tags
116966067,pocket,feature_tags
116966067,thin,other_tags
116966165,arete,feature_tags
116966165,exposed,feature_tags
116966165,jug,feature_tags
116966377,arete,feature_tags
116966377,crack,feature_tags
116966377,danger,bad_tags
116966377,jug,feature_tags
116978277,arete,feature_tags
116978277,classic,good_tags
116978277,crack,feature_tags
116978277,face,feature_tags
116978277,flake,feature_tags
116978277,good,good_tags
116978277,jug,feature_tags
116978277,thin,other_tags
117006998,arete,feature_tags
117061031,crimp,feature_tags
117061031,good,good_tags
117061031,jug,feature_tags
117061031,traverse,feature_tags
117061035,crimp,feature_tags
117061035,good,good_tags
117061035,jug,feature_tags
117061050,crimp,feature_tags
117061050,good,good_tags
117061050,jug,feature_tags
117061050,roof,feature_tags
117061063,jug,feature_tags
117061063,sloper,feature_tags
117061220,face,feature_tags
117061220,good,good_tags
117061220,jug,feature_tags
117061220,ledge,feature_tags
117061220,mantle,skill
117061315,crimp,feature_tags
117061315,face,feature_tags
117061315,good,good_tags
117061315,ledge,feature_tags
117061315,scary,other_tags
117073776,arete,feature_tags
117073776,crimp,feature_tags
117073776,nice,good_tags
117103102,jug,feature_tags
117103102,sloper,feature_tags
117120630,face,feature_tags
117120630,ledge,feature_tags
117120630,nice,good_tags
117120646,crack,feature_tags
117120646,face,feature_tags
117120646,jug,feature_tags
117120685,ledge,feature_tags
117120685,nice,good_tags
117120731,jug,feature_tags
117120731,mantle,skill
117120731,powerful,skill
117120731,tough,other_tags
117120750,arete,feature_tags
117120750,face,feature_tags
117120750,jug,feature_tags
117120750,nice,good_tags
117120788,jug,feature_tags
117120788,ledge,feature_tags
117120788,roof,feature_tags
117120804,arete,feature_tags
117120804,fun,good_tags
117120804,jug,feature_tags
117120804,ledge,feature_tags
117120804,roof,feature_tags
117120860,easy,good_tags
117120860,face,feature_tags
117120860,good,good_tags
117120860,roof,feature_tags
117120860,slab,feature_tags
117120912,crimp,feature_tags
117120912,good,good_tags
117120912,heel hook,skill
117120912,jug,feature_tags
117120912,ledge,feature_tags
117120912,roof,feature_tags
117120934,best,good_tags
117120934,crimp,feature_tags
117120934,heel hook,skill
117120934,jug,feature_tags
117120934,ledge,feature_tags
117120934,thin,other_tags
117136401,crimp,feature_tags
117136401,difficult,other_tags
117136401,heel hook,skill
117136401,jug,feature_tags
117246977,crux,feature_tags
117297642,crimp,feature_tags
117297642,ledge,feature_tags
117365126,crack,feature_tags
117365126,crimp,feature_tags
117365126,flake,feature_tags
117365126,roof,feature_tags
117365126,traverse,feature_tags
117365164,slab,feature_tags
117371609,crimp,feature_tags
117371609,face,feature_tags
117371609,jug,feature_tags
117371636,jug,feature_tags
117378079,crimp,feature_tags
117378079,crux,feature_tags
117378079,easy,good_tags
117378079,flake,feature_tags
117378079,good,good_tags
117378079,jug,feature_tags
117378079,mantle,skill
117378112,crack,feature_tags
117378112,crimp,feature_tags
117378112,crux,feature_tags
117378112,hueco,feature_tags
117378119,crack,feature_tags
117378119,crimp,feature_tags
117378119,crux,feature_tags
117378119,great,good_tags
117378119,hueco,feature_tags
117378119,roof,feature_tags
117378193,crack,feature_tags
117378193,crimp,feature_tags
117378193,face,feature_tags
117378193,hueco,feature_tags
117378193,mantle,skill
117378193,roof,feature_tags
117526726,arete,feature_tags
117526726,crux,feature_tags
117526726,dihedral,feature_tags
117526726,easy,good_tags
117526726,flake,feature_tags
117526726,roof,feature_tags
117526726,smear,other_tags
117526726,traverse,feature_tags
117526895,arete,feature_tags
117526895,face,feature_tags
117526895,good,good_tags
117526895,heel hook,skill
117526895,jug,feature_tags
117526947,flake,feature_tags
117526947,good,good_tags
117526947,ledge,feature_tags
117526947,mantle,skill
117526947,pocket,feature_tags
117532267,chimney,feature_tags
117532267,crack,feature_tags
117532267,nice,good_tags
117532267,warm up,good_tags
117532382,chimney,feature_tags
117532382,crack,feature_tags
117532423,crux,feature_tags
117532423,easy,good_tags
117532423,face,feature_tags
117532423,nice,good_tags
117532423,thin,other_tags
117532490,crack,feature_tags
117532490,fun,good_tags
117532490,slab,feature_tags
117532490,traverse,feature_tags
117565633,good,good_tags
117565633,jug,feature_tags
117565633,slab,feature_tags
117569017,arete,feature_tags
117569017,crimp,feature_tags
117569017,crux,feature_tags
117569017,jug,feature_tags
117569017,ledge,feature_tags
117569029,arete,feature_tags
117569029,crimp,feature_tags
117569029,fun,good_tags
117586391,crack,feature_tags
117586391,traverse,feature_tags
117630074,dihedral,feature_tags
117630074,excellent,good_tags
117630074,face,feature_tags
117630074,ledge,feature_tags
117630074,slab,feature_tags
117630087,crux,feature_tags
117630087,dihedral,feature_tags
117630087,face,feature_tags
117630087,fun,good_tags
117630087,interesting,good_tags
117630087,slab,feature_tags
117630092,excellent,good_tags
117630092,tricky,other_tags
117630107,face,feature_tags
117630213,classic,good_tags
117630213,crux,feature_tags
117630213,dihedral,feature_tags
117630213,face,feature_tags
117630213,good,good_tags
117630213,jug,feature_tags
117630213,roof,feature_tags
117630213,traverse,feature_tags
117630235,crack,feature_tags
117630235,interesting,good_tags
117630235,ledge,feature_tags
117630260,crux,feature_tags
117630260,dihedral,feature_tags
117630260,face,feature_tags
117630260,pumpy,other_tags
117648919,crack,feature_tags
117648919,crux,feature_tags
117648919,face,feature_tags
117648919,fun,good_tags
117648919,mantle,skill
117648919,roof,feature_tags
117648919,stick clip,other_tags
117648940,crack,feature_tags
117648940,crux,feature_tags
117648940,dihedral,feature_tags
117648940,easier,good_tags
117648940,face,feature_tags
117648940,roof,feature_tags
117648940,sloper,feature_tags
117649013,crack,feature_tags
117649013,crux,feature_tags
117649013,ledge,feature_tags
117649013,mantle,skill
117649023,crack,feature_tags
117649023,good,good_tags
117649023,mantle,skill
117649023,roof,feature_tags
117649082,face,feature_tags
117649082,fun,good_tags
117649082,good,good_tags
117649082,jug,feature_tags
117649082,mantle,skill
117649082,roof,feature_tags
117649082,slab,feature_tags
117649082,tricky,other_tags
117669722,dihedral,feature_tags
117669722,excellent,good_tags
117669722,exposed,feature_tags
117669722,jam,skill
117669722,powerful,skill
117669752,easy,good_tags
117669752,mantle,skill
117669752,pocket,feature_tags
117669752,tricky,other_tags
117697314,arete,feature_tags
117697314,crimp,feature_tags
117697336,arete,feature_tags
117697336,face,feature_tags
117697336,good,good_tags
117697336,jug,feature_tags
117697358,arete,feature_tags
117727881,arete,feature_tags
117727881,excellent,good_tags
117727881,face,feature_tags
117727910,arete,feature_tags
117727910,face,feature_tags
117727910,fun,good_tags
117727910,hueco,feature_tags
117727910,nice,good_tags
117727910,pocket,feature_tags
117727910,thin,other_tags
117727981,face,feature_tags
117727981,fun,good_tags
117727981,good,good_tags
117727981,ledge,feature_tags
117727981,roof,feature_tags
117727981,sloper,feature_tags
117727981,thin,other_tags
117727999,ledge,feature_tags
117727999,roof,feature_tags
117727999,sloper,feature_tags
117728216,arete,feature_tags
117728216,pocket,feature_tags
117728216,thin,other_tags
117728378,classic,good_tags
117728378,hueco,feature_tags
117728378,pocket,feature_tags
117728395,arete,feature_tags
117728395,face,feature_tags
117728395,hueco,feature_tags
117728395,nice,good_tags
117728395,sloper,feature_tags
117728548,arete,feature_tags
117728548,fun,good_tags
117728595,arete,feature_tags
117728595,great,good_tags
117728595,sloper,feature_tags
117728669,arete,feature_tags
117728669,face,feature_tags
117728669,fun,good_tags
117728669,good,good_tags
117728681,fun,good_tags
117728681,good,good_tags
117728681,sloper,feature_tags
117731227,crux,feature_tags
117731227,easy,good_tags
117731227,hueco,feature_tags
117731227,sloper,feature_tags
117731227,thin,other_tags
117745311,dirty,bad_tags
117745311,jug,feature_tags
117745311,ledge,feature_tags
117745311,mantle,skill
117769837,crack,feature_tags
117769837,crux,feature_tags
117769837,fun,good_tags
117769837,good,good_tags
117769837,hueco,feature_tags
117769837,ledge,feature_tags
117769837,mantle,skill
117769837,stick clip,other_tags
117789752,crimp,feature_tags
117789752,face,feature_tags
117789752,good,good_tags
117789752,jug,feature_tags
117789752,ledge,feature_tags
117789752,mantle,skill
117789793,beautiful,good_tags
117789793,crimp,feature_tags
117789793,face,feature_tags
117789793,flake,feature_tags
117789793,good,good_tags
117789793,jug,feature_tags
117796922,excellent,good_tags
117796922,jug,feature_tags
117796957,cool,good_tags
117796957,hueco,feature_tags
117796957,roof,feature_tags
117796962,beautiful,good_tags
117796962,dihedral,feature_tags
117796962,dirty,bad_tags
117796962,face,feature_tags
117796962,fun,good_tags
117796962,great,good_tags
117796962,ledge,feature_tags
117796962,roof,feature_tags
117796967,crack,feature_tags
117796967,crux,feature_tags
117796967,fun,good_tags
117828577,good,good_tags
117833057,beautiful,good_tags
117833057,crimp,feature_tags
117833057,face,feature_tags
117833057,good,good_tags
117833057,nice,good_tags
117833057,pocket,feature_tags
117833069,bad,bad_tags
117833069,mantle,skill
117833069,nice,good_tags
117833069,sloper,feature_tags
117833128,face,feature_tags
117833128,good,good_tags
117833128,jug,feature_tags
117833128,nice,good_tags
117833128,pocket,feature_tags
117833128,sloper,feature_tags
117833382,face,feature_tags
117833382,jug,feature_tags
117833382,nice,good_tags
117833414,arete,feature_tags
117833414,face,feature_tags
117833414,jug,feature_tags
117833414,nice,good_tags
117833414,slab,feature_tags
117833414,traverse,feature_tags
117833478,dyno,skill
117833478,jug,feature_tags
117833478,ledge,feature_tags
117833478,mantle,skill
117833478,roof,feature_tags
117833478,sloper,feature_tags
117833540,crimp,feature_tags
117833540,fun,good_tags
117833540,hueco,feature_tags
117833540,roof,feature_tags
117833540,sloper,feature_tags
117833540,toe hook,skill
117833605,beautiful,good_tags
117833605,crack,feature_tags
117833605,face,feature_tags
117833699,arete,feature_tags
117833699,face,feature_tags
117833699,hueco,feature_tags
117833699,pocket,feature_tags
117833699,roof,feature_tags
117893230,crack,feature_tags
117893230,dihedral,feature_tags
117893230,face,feature_tags
117893230,run out,bad_tags
117894162,arete,feature_tags
117894162,flake,feature_tags
117894162,jug,feature_tags
117894162,ledge,feature_tags
117894162,nice,good_tags
117894162,roof,feature_tags
117894162,sloper,feature_tags
117894179,jug,feature_tags
117894179,roof,feature_tags
117894199,crimp,feature_tags
117894199,face,feature_tags
117894199,jug,feature_tags
117894199,thin,other_tags
117894341,arete,feature_tags
117894341,crimp,feature_tags
117894341,face,feature_tags
117894341,sloper,feature_tags
117894422,roof,feature_tags
117894422,warm up,good_tags
117894577,arete,feature_tags
117894577,face,feature_tags
117894577,jug,feature_tags
117894577,pocket,feature_tags
117894577,roof,feature_tags
117894577,sloper,feature_tags
117894708,beautiful,good_tags
117894708,fun,good_tags
117894708,hueco,feature_tags
117894708,roof,feature_tags
117894761,fun,good_tags
117894761,jug,feature_tags
117894761,roof,feature_tags
117894794,easy,good_tags
117894794,face,feature_tags
117894794,fun,good_tags
117894794,slab,feature_tags
117895669,crimp,feature_tags
117895669,excellent,good_tags
117895669,face,feature_tags
117895669,good,good_tags
117895669,ledge,feature_tags
117895669,pocket,feature_tags
117895669,sloper,feature_tags
117895695,dyno,skill
117895695,face,feature_tags
117895695,jug,feature_tags
117895695,thin,other_tags
117895747,arete,feature_tags
117895747,crimp,feature_tags
117895747,face,feature_tags
117895747,flake,feature_tags
117902720,face,feature_tags
117902720,flake,feature_tags
117902720,jug,feature_tags
117902720,pocket,feature_tags
117902720,traverse,feature_tags
117905946,jug,feature_tags
117917491,crack,feature_tags
117917491,crimp,feature_tags
117917491,good,good_tags
117917491,jug,feature_tags
117917491,ledge,feature_tags
117948658,dihedral,feature_tags
117948658,fun,good_tags
117948658,jug,feature_tags
117959690,good,good_tags
117959690,ledge,feature_tags
117959704,good,good_tags
117959704,great,good_tags
117959704,hueco,feature_tags
117959704,ledge,feature_tags
117959704,mantle,skill
117959724,choss,bad_tags
117959724,crux,feature_tags
117959724,easy,good_tags
117959724,face,feature_tags
117959724,fun,good_tags
117959724,ledge,feature_tags
117959740,easy,good_tags
117959740,fun,good_tags
117959740,tricky,other_tags
117959753,face,feature_tags
117959753,fun,good_tags
117959753,good,good_tags
117959753,jug,feature_tags
117960407,arete,feature_tags
117960407,bad,bad_tags
117960407,great,good_tags
117960407,jug,feature_tags
117960487,ledge,feature_tags
117966311,crack,feature_tags
117966311,easy,good_tags
117966311,great,good_tags
117966311,warm up,good_tags
117966333,arete,feature_tags
117966333,fun,good_tags
117966333,great,good_tags
117966333,warm up,good_tags
117983179,crimp,feature_tags
117983179,crux,feature_tags
117983179,face,feature_tags
117983179,ledge,feature_tags
117983179,mantle,skill
117984775,crimp,feature_tags
117984775,face,feature_tags
117984775,good,good_tags
117984775,jug,feature_tags
117984775,roof,feature_tags
117984775,traverse,feature_tags
117990658,arete,feature_tags
117990658,beautiful,good_tags
117990658,face,feature_tags
117990658,flake,feature_tags
117990658,pocket,feature_tags
117990658,roof,feature_tags
117990852,arete,feature_tags
117990852,classic,good_tags
117990852,crimp,feature_tags
117990852,face,feature_tags
117990852,great,good_tags
117990852,jug,feature_tags
117990852,pocket,feature_tags
117990852,sloper,feature_tags
118004192,arete,feature_tags
118004192,crack,feature_tags
118004192,dihedral,feature_tags
118004192,dirty,bad_tags
118004192,easy,good_tags
118004192,face,feature_tags
118004192,fun,good_tags
118004192,mantle,skill
118004858,cool,good_tags
118004858,flake,feature_tags
118004858,slab,feature_tags
118004858,tricky,other_tags
118004896,crack,feature_tags
118004896,face,feature_tags
118004896,tricky,other_tags
118005055,beautiful,good_tags
118005055,crack,feature_tags
118005055,jug,feature_tags
118005071,easier,good_tags
118005071,roof,feature_tags
118005118,crack,feature_tags
118020589,crimp,feature_tags
118020589,face,feature_tags
118020589,fun,good_tags
118020589,jug,feature_tags
118020589,slab,feature_tags
118020589,thin,other_tags
118020683,arete,feature_tags
118020683,fun,good_tags
118020683,smear,other_tags
118020683,toe hook,skill
118029753,arete,feature_tags
118029753,bad,bad_tags
118029753,good,good_tags
118029753,jug,feature_tags
118029753,mantle,skill
118030103,crimp,feature_tags
118030103,dyno,skill
118030103,jug,feature_tags
118030103,mantle,skill
118030103,roof,feature_tags
118030103,smear,other_tags
118030145,arete,feature_tags
118030145,crack,feature_tags
118030145,crimp,feature_tags
118030145,dyno,skill
118030145,face,feature_tags
118030145,roof,feature_tags
118045948,good,good_tags
118045948,thin,other_tags
118063211,arete,feature_tags
118063211,crack,feature_tags
118063211,jug,feature_tags
118063211,roof,feature_tags
118063276,crack,feature_tags
118063276,face,feature_tags
118063276,flake,feature_tags
118063276,hueco,feature_tags
118063276,jug,feature_tags
118063276,ledge,feature_tags
118063276,pocket,feature_tags
118073584,jug,feature_tags
118077127,cool,good_tags
118077127,easy,good_tags
118077127,face,feature_tags
118077127,fun,good_tags
118077127,good,good_tags
118077343,face,feature_tags
118077343,good,good_tags
118077343,pocket,feature_tags
118077343,sloper,feature_tags
118077343,smear,other_tags
118077408,crimp,feature_tags
118077408,good,good_tags
118077408,hueco,feature_tags
118077408,mantle,skill
118077408,pocket,feature_tags
118077408,sloper,feature_tags
118077421,crimp,feature_tags
118077421,good,good_tags
118077421,mantle,skill
118077421,pocket,feature_tags
118077421,sloper,feature_tags
118077605,arete,feature_tags
118077605,crack,feature_tags
118077605,crimp,feature_tags
118077605,face,feature_tags
118077605,jug,feature_tags
118077605,mantle,skill
118077605,nice,good_tags
118077605,pocket,feature_tags
118077605,roof,feature_tags
118077605,sloper,feature_tags
118077605,thin,other_tags
118077635,crack,feature_tags
118077635,crimp,feature_tags
118077635,good,good_tags
118077635,hueco,feature_tags
118077635,jug,feature_tags
118077635,pocket,feature_tags
118077635,roof,feature_tags
118077635,run out,bad_tags
118077635,thin,other_tags
118095814,arete,feature_tags
118095814,crimp,feature_tags
118095814,good,good_tags
118095814,jug,feature_tags
118095814,ledge,feature_tags
118095814,pocket,feature_tags
118095814,roof,feature_tags
118095814,thin,other_tags
118103194,crack,feature_tags
118103194,ledge,feature_tags
118103194,thin,other_tags
118104106,crux,feature_tags
118104106,easy,good_tags
118104106,face,feature_tags
118104106,jug,feature_tags
118104106,ledge,feature_tags
118104106,slab,feature_tags
118104106,sloper,feature_tags
118104106,traverse,feature_tags
118111381,arete,feature_tags
118111381,bad,bad_tags
118111381,easier,good_tags
118111381,face,feature_tags
118111381,good,good_tags
118117466,arete,feature_tags
118117466,best,good_tags
118117466,crimp,feature_tags
118117475,arete,feature_tags
118117475,face,feature_tags
118117475,sloper,feature_tags
118117513,arete,feature_tags
118117513,best,good_tags
118117513,easy,good_tags
118117513,slab,feature_tags
118117582,arete,feature_tags
118117582,jug,feature_tags
118117582,slab,feature_tags
118118091,face,feature_tags
118118091,tricky,other_tags
118124645,crack,feature_tags
118124645,fun,good_tags
118124645,good,good_tags
118124645,great,good_tags
118126770,crack,feature_tags
118126770,face,feature_tags
118126770,flake,feature_tags
118126770,nice,good_tags
118126770,roof,feature_tags
118126785,arete,feature_tags
118126785,balance,skill
118126785,easier,good_tags
118126795,good,good_tags
118126795,tricky,other_tags
118126805,chimney,feature_tags
118126805,fun,good_tags
118126805,warm up,good_tags
118126832,chimney,feature_tags
118126832,flake,feature_tags
118126832,nice,good_tags
118126846,fun,good_tags
118126861,balance,skill
118126861,pocket,feature_tags
118126861,roof,feature_tags
118131859,arete,feature_tags
118131859,crimp,feature_tags
118131859,face,feature_tags
118131859,slab,feature_tags
118131859,sloper,feature_tags
118134939,arete,feature_tags
118134939,jug,feature_tags
118134939,pumpy,other_tags
118134939,roof,feature_tags
118134939,traverse,feature_tags
118134999,crack,feature_tags
118134999,face,feature_tags
118134999,roof,feature_tags
118134999,thin,other_tags
118135071,beautiful,good_tags
118135071,crack,feature_tags
118135071,great,good_tags
118135071,interesting,good_tags
118135195,arete,feature_tags
118135195,crack,feature_tags
118135195,crimp,feature_tags
118135195,jug,feature_tags
118135195,ledge,feature_tags
118135195,sloper,feature_tags
118135217,crack,feature_tags
118135217,face,feature_tags
118135249,face,feature_tags
118135249,fun,good_tags
118135268,careful,bad_tags
118135268,face,feature_tags
118135268,good,good_tags
118135323,crux,feature_tags
118135323,good,good_tags
118135372,crimp,feature_tags
118135372,face,feature_tags
118135372,jug,feature_tags
118135671,dirty,bad_tags
118135671,face,feature_tags
118135671,interesting,good_tags
118135671,tricky,other_tags
118135699,dirty,bad_tags
118135699,excellent,good_tags
118135699,interesting,good_tags
118135699,warm up,good_tags
118137039,arete,feature_tags
118137039,cool,good_tags
118137039,crimp,feature_tags
118137039,fun,good_tags
118137039,jug,feature_tags
118137129,fun,good_tags
118137129,great,good_tags
118157165,easier,good_tags
118157165,face,feature_tags
118157165,good,good_tags
118157165,roof,feature_tags
118160091,arete,feature_tags
118160091,flake,feature_tags
118160091,good,good_tags
118160091,jug,feature_tags
118160091,ledge,feature_tags
118160091,slab,feature_tags
118160126,arete,feature_tags
118160126,jug,feature_tags
118160126,ledge,feature_tags
118160126,roof,feature_tags
118160172,arete,feature_tags
118160172,bad,bad_tags
118160172,crimp,feature_tags
118160172,sloper,feature_tags
118160219,chimney,feature_tags
118160219,jug,feature_tags
118166439,arete,feature_tags
118166439,dyno,skill
118166439,easier,good_tags
118166439,face,feature_tags
118166439,fun,good_tags
118166439,jug,feature_tags
118166439,ledge,feature_tags
118166439,pocket,feature_tags
118166439,roof,feature_tags
118166482,dihedral,feature_tags
118166482,excellent,good_tags
118166482,face,feature_tags
118166482,fun,good_tags
118166482,jug,feature_tags
118166482,pocket,feature_tags
118166482,roof,feature_tags
118166482,thin,other_tags
118166500,crack,feature_tags
118166500,face,feature_tags
118166500,good,good_tags
118166500,jug,feature_tags
118166531,arete,feature_tags
118166531,face,feature_tags
118166531,hueco,feature_tags
118167893,crack,feature_tags
118167893,easy,good_tags
118167893,great,good_tags
118167893,jug,feature_tags
118167893,slab,feature_tags
118167893,sloper,feature_tags
118173745,easy,good_tags
118173745,jug,feature_tags
118173745,sloper,feature_tags
118173945,exposed,feature_tags
118173945,roof,feature_tags
118175948,crack,feature_tags
118175948,easy,good_tags
118175948,jug,feature_tags
118175948,ledge,feature_tags
118175948,roof,feature_tags
118175948,slab,feature_tags
118184832,ledge,feature_tags
118184832,mantle,skill
118184832,pocket,feature_tags
118184832,roof,feature_tags
118184832,tricky,other_tags
118187468,best,good_tags
118187468,fun,good_tags
118187468,ledge,feature_tags
118187468,pocket,feature_tags
118187468,roof,feature_tags
118187468,toe hook,skill
118187485,crack,feature_tags
118187485,jug,feature_tags
118187485,mantle,skill
118187485,pocket,feature_tags
118187485,rust,bad_tags
118188045,arete,feature_tags
118188045,easy,good_tags
118188045,face,feature_tags
118188045,ledge,feature_tags
118188045,sloper,feature_tags
118188897,good,good_tags
118188897,ledge,feature_tags
118190900,crack,feature_tags
118190900,face,feature_tags
118190900,slab,feature_tags
118193153,beautiful,good_tags
118193153,crimp,feature_tags
118193153,face,feature_tags
118193153,hueco,feature_tags
118193153,jug,feature_tags
118193153,mantle,skill
118193153,roof,feature_tags
118193153,thin,other_tags
118197498,arete,feature_tags
118197498,balance,skill
118197498,crack,feature_tags
118197498,crimp,feature_tags
118197611,crack,feature_tags
118197611,crimp,feature_tags
118197611,slab,feature_tags
118200525,best,good_tags
118200525,careful,bad_tags
118200525,crack,feature_tags
118200525,flake,feature_tags
118200525,slab,feature_tags
118200558,careful,bad_tags
118200558,crack,feature_tags
118200558,slab,feature_tags
118203222,dirty,bad_tags
118203222,face,feature_tags
118203235,mantle,skill
118204349,careful,bad_tags
118204349,difficult,other_tags
118204349,rust,bad_tags
118204349,slab,feature_tags
118204349,smear,other_tags
118204413,careful,bad_tags
118204413,crack,feature_tags
118204413,face,feature_tags
118204413,slab,feature_tags
118204431,arete,feature_tags
118204431,careful,bad_tags
118204431,crack,feature_tags
118204431,slab,feature_tags
118224281,mantle,skill
118224281,roof,feature_tags
118224281,sloper,feature_tags
118224281,tricky,other_tags
118237230,crack,feature_tags
118237230,face,feature_tags
118237246,arete,feature_tags
118237246,crimp,feature_tags
118237246,excellent,good_tags
118237246,face,feature_tags
118237246,good,good_tags
118237246,mantle,skill
118237246,roof,feature_tags
118237246,slab,feature_tags
118237246,sloper,feature_tags
118237256,arete,feature_tags
118237256,crimp,feature_tags
118237256,crux,feature_tags
118237256,good,good_tags
118237256,slab,feature_tags
118237256,sloper,feature_tags
118237304,crimp,feature_tags
118237304,good,good_tags
118237304,pocket,feature_tags
118237319,crimp,feature_tags
118237319,face,feature_tags
118237319,hueco,feature_tags
118237319,sloper,feature_tags
118237319,thin,other_tags
118240471,arete,feature_tags
118240471,balance,skill
118240471,dyno,skill
118240471,face,feature_tags
118240471,fun,good_tags
118240471,great,good_tags
118240471,mantle,skill
118240494,arete,feature_tags
118240494,crimp,feature_tags
118240494,face,feature_tags
118240494,good,good_tags
118240494,mantle,skill
118240494,nice,good_tags
118240494,thin,other_tags
118240516,arete,feature_tags
118240516,great,good_tags
118240516,jug,feature_tags
118240516,mantle,skill
118240516,nice,good_tags
118242494,crack,feature_tags
118242494,crimp,feature_tags
118242494,dirty,bad_tags
118242494,great,good_tags
118242494,ledge,feature_tags
118243605,crux,feature_tags
118243605,fun,good_tags
118243605,jug,feature_tags
118243613,fun,good_tags
118243613,good,good_tags
118243613,ledge,feature_tags
118244022,face,feature_tags
118244022,roof,feature_tags
118244033,arete,feature_tags
118244039,arete,feature_tags
118244039,mantle,skill
118254319,crux,feature_tags
118254319,flake,feature_tags
118254319,good,good_tags
118254319,slab,feature_tags
118254319,thin,other_tags
118254319,traverse,feature_tags
118267538,crack,feature_tags
118267538,crux,feature_tags
118267538,good,good_tags
118267538,roof,feature_tags
118267538,slab,feature_tags
118273747,crack,feature_tags
118273747,crimp,feature_tags
118273747,good,good_tags
118273747,pumpy,other_tags
118273747,rust,bad_tags
118273747,slab,feature_tags
118286486,crack,feature_tags
118286486,crux,feature_tags
118286486,nice,good_tags
118316275,arete,feature_tags
118316275,difficult,other_tags
118316275,dihedral,feature_tags
118316275,face,feature_tags
118316275,fun,good_tags
118316275,rust,bad_tags
118316331,classic,good_tags
118316376,crux,feature_tags
118316376,flake,feature_tags
118316376,fun,good_tags
118317601,crimp,feature_tags
118317601,good,good_tags
118319481,chimney,feature_tags
118319481,crux,feature_tags
118319481,thin,other_tags
118330298,crux,feature_tags
118330298,face,feature_tags
118330348,cruise,feature_tags
118330348,flake,feature_tags
118330348,fun,good_tags
118330348,great,good_tags
118330409,face,feature_tags
118330448,crack,feature_tags
118330448,face,feature_tags
118330448,flake,feature_tags
118330448,great,good_tags
118330470,crack,feature_tags
118330470,exposed,feature_tags
118330470,face,feature_tags
118330470,ledge,feature_tags
118330470,nice,good_tags
118330470,thin,other_tags
118354899,arete,feature_tags
118354899,crack,feature_tags
118354899,crux,feature_tags
118354899,ledge,feature_tags
118354899,run out,bad_tags
118354899,slab,feature_tags
118544917,arete,feature_tags
118544917,easier,good_tags
118544917,face,feature_tags
118544917,ledge,feature_tags
118544917,run out,bad_tags
118544917,sandy,bad_tags
118544917,slab,feature_tags
118562839,crack,feature_tags
118563350,crack,feature_tags
118563375,dihedral,feature_tags
118563409,arete,feature_tags
118563409,dihedral,feature_tags
118563409,slab,feature_tags
118563409,thin,other_tags
118566257,ledge,feature_tags
118566282,jug,feature_tags
118566282,ledge,feature_tags
118566282,traverse,feature_tags
118571516,balance,skill
118571516,fun,good_tags
118585704,chimney,feature_tags
118585704,classic,good_tags
118585704,crack,feature_tags
118585704,face,feature_tags
118585704,flake,feature_tags
118585704,high first bolt,other_tags
118585704,ledge,feature_tags
118585704,nice,good_tags
118585704,scary,other_tags
118586420,face,feature_tags
118586732,crux,feature_tags
118586732,easier,good_tags
118586732,face,feature_tags
118586732,great,good_tags
118586732,roof,feature_tags
118586732,warm up,good_tags
118586745,crack,feature_tags
118586745,jug,feature_tags
118586745,pumpy,other_tags
118586787,choss,bad_tags
118586787,crack,feature_tags
118586787,hueco,feature_tags
118586787,roof,feature_tags
118586819,arete,feature_tags
118586819,beautiful,good_tags
118586819,jug,feature_tags
118586819,ledge,feature_tags
118586819,mantle,skill
118586826,dihedral,feature_tags
118586826,easy,good_tags
118586826,fun,good_tags
118586826,great,good_tags
118586826,roof,feature_tags
118586826,slab,feature_tags
118586826,warm up,good_tags
118615131,cool,good_tags
118615131,face,feature_tags
118615131,sandy,bad_tags
118615131,sloper,feature_tags
118628460,crux,feature_tags
118637333,arete,feature_tags
118637333,crimp,feature_tags
118637333,face,feature_tags
118637333,good,good_tags
118637333,sloper,feature_tags
118637456,easy,good_tags
118637456,face,feature_tags
118637456,hueco,feature_tags
118637456,jug,feature_tags
118637456,roof,feature_tags
118637565,arete,feature_tags
118637565,face,feature_tags
118637565,roof,feature_tags
118637565,sloper,feature_tags
118637565,tricky,other_tags
118638011,hueco,feature_tags
118638011,jug,feature_tags
118638011,nice,good_tags
118638011,powerful,skill
118638011,sloper,feature_tags
118638041,crimp,feature_tags
118638041,jug,feature_tags
118638041,mantle,skill
118638041,pocket,feature_tags
118638041,sloper,feature_tags
118638078,crack,feature_tags
118638078,face,feature_tags
118638078,jug,feature_tags
118638078,ledge,feature_tags
118638078,mantle,skill
118638078,pocket,feature_tags
118646733,easy,good_tags
118650581,crimp,feature_tags
118650581,dyno,skill
118650581,flake,feature_tags
118650581,jug,feature_tags
118650581,ledge,feature_tags
118657065,crack,feature_tags
118659348,crimp,feature_tags
118659348,excellent,good_tags
118659348,face,feature_tags
118659348,good,good_tags
118659348,jug,feature_tags
118659348,ledge,feature_tags
118659409,crimp,feature_tags
118659409,ledge,feature_tags
118659409,mantle,skill
118659409,roof,feature_tags
118659409,sloper,feature_tags
118659409,toe hook,skill
118661922,crimp,feature_tags
118662052,crack,feature_tags
118663984,traverse,feature_tags
118664122,mantle,skill
118664122,traverse,feature_tags
118664141,crimp,feature_tags
118664141,jug,feature_tags
118664141,slab,feature_tags
118664699,arete,feature_tags
118664699,sloper,feature_tags
118664699,traverse,feature_tags
118675784,crack,feature_tags
118675861,fun,good_tags
118675861,slab,feature_tags
118675915,crack,feature_tags
118675915,ledge,feature_tags
118675921,arete,feature_tags
118678812,crimp,feature_tags
118678812,dyno,skill
118678812,great,good_tags
118678812,jug,feature_tags
118678812,sloper,feature_tags
118678905,crux,feature_tags
118678905,fun,good_tags
118678947,crack,feature_tags
118678947,crimp,feature_tags
118678947,flake,feature_tags
118678947,fun,good_tags
118678947,good,good_tags
118678990,crux,feature_tags
118678990,fun,good_tags
118678990,thin,other_tags
118679092,best,good_tags
118679092,dyno,skill
118681069,arete,feature_tags
118681069,slab,feature_tags
118681130,great,good_tags
118687247,crack,feature_tags
118687247,crimp,feature_tags
118687247,excellent,good_tags
118687247,face,feature_tags
118687247,jug,feature_tags
118687247,ledge,feature_tags
118687247,nice,good_tags
118687247,roof,feature_tags
118687271,face,feature_tags
118687271,flake,feature_tags
118687271,hueco,feature_tags
118687271,jug,feature_tags
118687271,roof,feature_tags
118687271,smear,other_tags
118689995,arete,feature_tags
118689995,best,good_tags
118689995,crimp,feature_tags
118689995,good,good_tags
118691336,good,good_tags
118695977,crack,feature_tags
118695977,crimp,feature_tags
118695996,crack,feature_tags
118695996,thin,other_tags
118700623,good,good_tags
118704184,crack,feature_tags
118704184,crimp,feature_tags
118704184,easy,good_tags
118704223,flake,feature_tags
118705221,crack,feature_tags
118705221,crimp,feature_tags
118705221,face,feature_tags
118705221,thin,other_tags
118705255,fun,good_tags
118705286,crack,feature_tags
118705313,crack,feature_tags
118705354,chimney,feature_tags
118705378,crux,feature_tags
118705378,ledge,feature_tags
118705378,mantle,skill
118705378,nice,good_tags
118705378,spooky,other_tags
118705389,crack,feature_tags
118705389,dihedral,feature_tags
118705437,classic,good_tags
118705437,ledge,feature_tags
118706433,arete,feature_tags
118706433,face,feature_tags
118706433,hueco,feature_tags
118706433,ledge,feature_tags
118706433,pocket,feature_tags
118706433,roof,feature_tags
118706433,smear,other_tags
118706466,jug,feature_tags
118706466,mantle,skill
118706466,pocket,feature_tags
118706466,roof,feature_tags
118706496,crimp,feature_tags
118706496,dyno,skill
118706496,jug,feature_tags
118706496,pocket,feature_tags
118706496,roof,feature_tags
118710088,arete,feature_tags
118710088,careful,bad_tags
118710088,crimp,feature_tags
118710088,good,good_tags
118710088,smear,other_tags
118722078,arete,feature_tags
118722078,face,feature_tags
118722078,good,good_tags
118722078,sloper,feature_tags
118722198,easy,good_tags
118722198,face,feature_tags
118722198,flake,feature_tags
118723142,jug,feature_tags
118723142,nice,good_tags
118723149,jug,feature_tags
118723149,pocket,feature_tags
118723185,excellent,good_tags
118723185,hueco,feature_tags
118723185,jug,feature_tags
118723185,slab,feature_tags
118723195,arete,feature_tags
118723195,jug,feature_tags
118723195,sloper,feature_tags
118723265,arete,feature_tags
118723265,face,feature_tags
118723265,jug,feature_tags
118723328,arete,feature_tags
118723328,face,feature_tags
118723328,good,good_tags
118723328,jug,feature_tags
118723328,thin,other_tags
118723328,traverse,feature_tags
118724988,sloper,feature_tags
118725001,good,good_tags
118725001,ledge,feature_tags
118732102,beautiful,good_tags
118732102,easy,good_tags
118732102,face,feature_tags
118732102,good,good_tags
118732102,jug,feature_tags
118732102,mantle,skill
118732102,thin,other_tags
118732125,danger,bad_tags
118732125,face,feature_tags
118732125,jug,feature_tags
118732125,thin,other_tags
118732125,traverse,feature_tags
118732152,arete,feature_tags
118732152,heel hook,skill
118732152,jug,feature_tags
118732152,slab,feature_tags
118732152,sloper,feature_tags
118732240,arete,feature_tags
118732240,face,feature_tags
118732240,jug,feature_tags
118732240,nice,good_tags
118732249,arete,feature_tags
118732249,beautiful,good_tags
118732249,nice,good_tags
118732272,arete,feature_tags
118732272,great,good_tags
118732272,nice,good_tags
118732368,face,feature_tags
118732368,jug,feature_tags
118734327,cool,good_tags
118734327,pocket,feature_tags
118737105,arete,feature_tags
118737105,easy,good_tags
118737105,face,feature_tags
118737105,flake,feature_tags
118737105,good,good_tags
118742331,crimp,feature_tags
118742331,jug,feature_tags
118742331,slab,feature_tags
118749665,arete,feature_tags
118749665,face,feature_tags
118749665,flake,feature_tags
118752109,easy,good_tags
118752109,face,feature_tags
118752109,jug,feature_tags
118752109,pocket,feature_tags
118752115,easy,good_tags
118752115,face,feature_tags
118752115,jug,feature_tags
118752115,pocket,feature_tags
118752142,arete,feature_tags
118752142,best,good_tags
118752142,jug,feature_tags
118752384,nice,good_tags
118752711,face,feature_tags
118752711,fun,good_tags
118752711,mantle,skill
118752711,tricky,other_tags
118752749,crack,feature_tags
118752749,jam,skill
118752749,jug,feature_tags
118752749,roof,feature_tags
118752795,face,feature_tags
118752795,ledge,feature_tags
118752795,mantle,skill
118752828,pocket,feature_tags
118752828,thin,other_tags
118753001,arete,feature_tags
118753001,crimp,feature_tags
118753001,good,good_tags
118753001,thin,other_tags
118753022,face,feature_tags
118753022,heel hook,skill
118753022,mantle,skill
118753022,slab,feature_tags
118753022,sloper,feature_tags
118755677,crimp,feature_tags
118755677,crux,feature_tags
118755677,good,good_tags
118755687,cool,good_tags
118755687,crux,feature_tags
118755687,fun,good_tags
118756082,bad,bad_tags
118756082,crimp,feature_tags
118756082,flake,feature_tags
118756082,good,good_tags
118756082,jug,feature_tags
118756959,arete,feature_tags
118756959,crack,feature_tags
118756959,face,feature_tags
118756959,jug,feature_tags
118762801,face,feature_tags
118762801,great,good_tags
118762801,jug,feature_tags
118762801,ledge,feature_tags
118769503,jug,feature_tags
118769503,mantle,skill
118769503,traverse,feature_tags
118769527,bad,bad_tags
118769527,crimp,feature_tags
118769527,crux,feature_tags
118769527,face,feature_tags
118769527,jug,feature_tags
118769527,mantle,skill
118769527,pocket,feature_tags
118769527,sloper,feature_tags
118769964,face,feature_tags
118769964,jug,feature_tags
118769964,ledge,feature_tags
118770024,heel hook,skill
118770024,jug,feature_tags
118770024,sloper,feature_tags
118770090,good,good_tags
118770090,hueco,feature_tags
118770090,jug,feature_tags
118770090,nice,good_tags
118770099,good,good_tags
118770099,hueco,feature_tags
118770099,roof,feature_tags
118770107,roof,feature_tags
118770107,thin,other_tags
118770137,hueco,feature_tags
118770137,jug,feature_tags
118770146,arete,feature_tags
118770179,jug,feature_tags
118770179,roof,feature_tags
118770194,roof,feature_tags
118770202,crimp,feature_tags
118770202,face,feature_tags
118770202,jug,feature_tags
118770212,fun,good_tags
118770212,jug,feature_tags
118770212,roof,feature_tags
118770299,arete,feature_tags
118770299,pocket,feature_tags
118770317,arete,feature_tags
118770317,balance,skill
118770317,face,feature_tags
118770317,pocket,feature_tags
118770327,arete,feature_tags
118770327,beautiful,good_tags
118770327,face,feature_tags
118770327,flake,feature_tags
118770327,great,good_tags
118770327,jug,feature_tags
118771037,crux,feature_tags
118772266,arete,feature_tags
118772266,classic,good_tags
118772266,easy,good_tags
118772266,sloper,feature_tags
118772266,techy,skill
118772542,crack,feature_tags
118772542,good,good_tags
118778538,crimp,feature_tags
118778538,crux,feature_tags
118778538,flake,feature_tags
118778538,sloper,feature_tags
118783257,slab,feature_tags
118783323,crux,feature_tags
118783323,fun,good_tags
118783323,roof,feature_tags
118785858,bad,bad_tags
118785858,crimp,feature_tags
118785858,good,good_tags
118785858,ledge,feature_tags
118785858,pocket,feature_tags
118787958,arete,feature_tags
118787958,beautiful,good_tags
118787958,jug,feature_tags
118787958,pocket,feature_tags
118787958,roof,feature_tags
118787958,sloper,feature_tags
118787958,traverse,feature_tags
118787981,arete,feature_tags
118787981,flake,feature_tags
118787981,roof,feature_tags
118787981,traverse,feature_tags
118787999,crimp,feature_tags
118787999,face,feature_tags
118787999,good,good_tags
118787999,heel hook,skill
118787999,ledge,feature_tags
118787999,nice,good_tags
118787999,roof,feature_tags
118787999,sloper,feature_tags
118788073,arete,feature_tags
118788073,crimp,feature_tags
118788073,dyno,skill
118788073,face,feature_tags
118788073,hueco,feature_tags
118788073,roof,feature_tags
118789421,crimp,feature_tags
118789421,ledge,feature_tags
118798493,crimp,feature_tags
118798493,jug,feature_tags
118806093,arete,feature_tags
118806093,heel hook,skill
118806093,jug,feature_tags
118806093,sloper,feature_tags
118806115,arete,feature_tags
118806115,best,good_tags
118806115,classic,good_tags
118806115,jug,feature_tags
118806115,ledge,feature_tags
118806115,tough,other_tags
118806137,arete,feature_tags
118806137,jug,feature_tags
118806137,thin,other_tags
118806146,jug,feature_tags
118806146,pocket,feature_tags
118806260,crimp,feature_tags
118806260,ledge,feature_tags
118806260,pocket,feature_tags
118806274,good,good_tags
118806274,pocket,feature_tags
118806274,sloper,feature_tags
118806274,traverse,feature_tags
118806298,arete,feature_tags
118806298,face,feature_tags
118806298,hueco,feature_tags
118806298,slab,feature_tags
118807182,jug,feature_tags
118807182,ledge,feature_tags
118807182,roof,feature_tags
118807262,crimp,feature_tags
118807262,jug,feature_tags
118807262,pocket,feature_tags
118807336,crimp,feature_tags
118807336,jug,feature_tags
118807336,ledge,feature_tags
118807336,pocket,feature_tags
118807541,crux,feature_tags
118807541,good,good_tags
118807550,fun,good_tags
118807550,nice,good_tags
118807663,crack,feature_tags
118807663,tough,other_tags
118807663,tricky,other_tags
118807707,crack,feature_tags
118807707,nice,good_tags
118807707,thin,other_tags
118807723,good,good_tags
118807723,techy,skill
118807759,crack,feature_tags
118807759,face,feature_tags
118807759,flake,feature_tags
118807759,tough,other_tags
118810242,easy,good_tags
118810242,good,good_tags
118810242,pocket,feature_tags
118812850,best,good_tags
118812850,careful,bad_tags
118812879,crimp,feature_tags
118812879,face,feature_tags
118812879,jug,feature_tags
118812879,sloper,feature_tags
118812905,arete,feature_tags
118812905,crimp,feature_tags
118812905,ledge,feature_tags
118812905,slab,feature_tags
118812905,sloper,feature_tags
118812905,traverse,feature_tags
118813751,arete,feature_tags
118813769,bad,bad_tags
118813769,crimp,feature_tags
118813780,jug,feature_tags
118813780,sloper,feature_tags
118813791,jug,feature_tags
118813791,traverse,feature_tags
118821287,crack,feature_tags
118821287,roof,feature_tags
118823107,crimp,feature_tags
118823107,difficult,other_tags
118823107,fun,good_tags
118823107,good,good_tags
118823107,jug,feature_tags
118823107,traverse,feature_tags
118826452,crack,feature_tags
118826479,face,feature_tags
118849965,bad,bad_tags
118849965,crack,feature_tags
118849965,face,feature_tags
118849995,crack,feature_tags
118849995,ledge,feature_tags
118850056,crack,feature_tags
118850056,good,good_tags
118850056,jug,feature_tags
118850056,roof,feature_tags
118850089,arete,feature_tags
118850089,crack,feature_tags
118850089,face,feature_tags
118850089,good,good_tags
118850089,great,good_tags
118850113,face,feature_tags
118850113,good,good_tags
118850209,dirty,bad_tags
118850209,flake,feature_tags
118850209,good,good_tags
118850277,face,feature_tags
118850277,jug,feature_tags
118850277,ledge,feature_tags
118850307,crack,feature_tags
118850307,jug,feature_tags
118850307,ledge,feature_tags
118855957,crux,feature_tags
118855957,face,feature_tags
118861104,choss,bad_tags
118861154,fun,good_tags
118861154,ledge,feature_tags
118861154,pocket,feature_tags
118861190,arete,feature_tags
118861190,crimp,feature_tags
118861190,pocket,feature_tags
118863151,crimp,feature_tags
118866669,crimp,feature_tags
118866782,crimp,feature_tags
118866782,good,good_tags
118876952,crimp,feature_tags
118876952,easy,good_tags
118876952,nice,good_tags
118877083,arete,feature_tags
118877083,crack,feature_tags
118877083,easy,good_tags
118877083,good,good_tags
118877083,ledge,feature_tags
118877083,nice,good_tags
118880958,crack,feature_tags
118880958,crimp,feature_tags
118880958,face,feature_tags
118880958,jug,feature_tags
118880958,ledge,feature_tags
118880958,roof,feature_tags
118880958,slab,feature_tags
118880958,technical,skill
118880978,dihedral,feature_tags
118880978,dirty,bad_tags
118880978,slab,feature_tags
118882262,roof,feature_tags
118882262,sloper,feature_tags
118882291,arete,feature_tags
118882320,arete,feature_tags
118882320,fun,good_tags
118882320,good,good_tags
118882320,roof,feature_tags
118884703,arete,feature_tags
118884703,crimp,feature_tags
118884703,face,feature_tags
118884703,roof,feature_tags
118884752,crimp,feature_tags
118884752,face,feature_tags
118884871,crack,feature_tags
118884871,crimp,feature_tags
118884871,crux,feature_tags
118884871,dyno,skill
118884871,good,good_tags
118884871,great,good_tags
118884871,jug,feature_tags
118884871,mantle,skill
118884871,roof,feature_tags
118884871,sloper,feature_tags
118884883,arete,feature_tags
118884883,mantle,skill
118884883,nice,good_tags
118884954,crimp,feature_tags
118884954,face,feature_tags
118884954,ledge,feature_tags
118884954,pocket,feature_tags
118884954,thin,other_tags
118885008,crack,feature_tags
118885008,crimp,feature_tags
118885008,crux,feature_tags
118885008,face,feature_tags
118885008,good,good_tags
118885008,great,good_tags
118885008,jug,feature_tags
118885008,pocket,feature_tags
118885046,crack,feature_tags
118885046,face,feature_tags
118885064,arete,feature_tags
118885064,face,feature_tags
118885064,flake,feature_tags
118885064,roof,feature_tags
118885098,crimp,feature_tags
118885098,face,feature_tags
118885098,hueco,feature_tags
118885098,roof,feature_tags
118885118,arete,feature_tags
118885118,crimp,feature_tags
118885118,great,good_tags
118885118,roof,feature_tags
118895801,good,good_tags
118895801,interesting,good_tags
118895801,mantle,skill
118895801,roof,feature_tags
118904965,crimp,feature_tags
118904965,face,feature_tags
118904965,jug,feature_tags
118904976,crimp,feature_tags
118904976,face,feature_tags
118904988,crimp,feature_tags
118904988,face,feature_tags
118904988,good,good_tags
118904988,great,good_tags
118904988,jug,feature_tags
118904988,nice,good_tags
118904988,pocket,feature_tags
118904988,roof,feature_tags
118904996,crimp,feature_tags
118904996,easy,good_tags
118904996,face,feature_tags
118904996,good,good_tags
118904996,jug,feature_tags
118904996,roof,feature_tags
118908713,crack,feature_tags
118908713,easier,good_tags
118908761,arete,feature_tags
118919132,crux,feature_tags
118919132,fun,good_tags
118923600,face,feature_tags
118923600,good,good_tags
118923600,slab,feature_tags
118923696,fun,good_tags
118923696,ledge,feature_tags
118923696,sloper,feature_tags
118925830,crux,feature_tags
118925830,fun,good_tags
118932098,arete,feature_tags
118932098,careful,bad_tags
118932098,face,feature_tags
118932098,fun,good_tags
118932098,jug,feature_tags
118932098,ledge,feature_tags
118932098,slab,feature_tags
118949940,face,feature_tags
118949940,tricky,other_tags
118950086,crack,feature_tags
118950086,flake,feature_tags
118950086,fun,good_tags
118950086,good,good_tags
118950086,ledge,feature_tags
118971195,crimp,feature_tags
118971195,crux,feature_tags
118971195,excellent,good_tags
118971195,nice,good_tags
118986583,crimp,feature_tags
118986583,excellent,good_tags
118986583,face,feature_tags
118986583,flake,feature_tags
118986583,jug,feature_tags
118986598,good,good_tags
118986598,jug,feature_tags
118986598,ledge,feature_tags
118986598,slab,feature_tags
118986598,tricky,other_tags
118986622,arete,feature_tags
118986622,crux,feature_tags
118986622,easy,good_tags
118986622,face,feature_tags
118986622,jug,feature_tags
118986622,ledge,feature_tags
118987659,ledge,feature_tags
118987659,traverse,feature_tags
118987659,warm up,good_tags
118987741,crack,feature_tags
118987741,face,feature_tags
118987790,arete,feature_tags
118987790,crack,feature_tags
118987831,roof,feature_tags
118987941,roof,feature_tags
118987955,roof,feature_tags
118987980,roof,feature_tags
118987996,arete,feature_tags
118988003,face,feature_tags
118988014,crimp,feature_tags
118988061,slab,feature_tags
118988061,traverse,feature_tags
118988084,ledge,feature_tags
118988090,face,feature_tags
118988090,good,good_tags
118988156,jug,feature_tags
118988192,crimp,feature_tags
118988192,face,feature_tags
118988192,roof,feature_tags
118988198,crimp,feature_tags
118988212,beautiful,good_tags
118988212,easier,good_tags
118988212,jug,feature_tags
118988215,cool,good_tags
118988229,nice,good_tags
118988229,traverse,feature_tags
118988270,traverse,feature_tags
118988278,beautiful,good_tags
118988278,cool,good_tags
118988278,good,good_tags
118988278,jug,feature_tags
118988278,pocket,feature_tags
118988296,arete,feature_tags
118988296,best,good_tags
118988296,ledge,feature_tags
118988303,careful,bad_tags
118988303,jug,feature_tags
118988313,arete,feature_tags
118988313,difficult,other_tags
118988313,easy,good_tags
118988320,traverse,feature_tags
118988400,crack,feature_tags
118988400,crimp,feature_tags
118988400,thin,other_tags
118988674,crimp,feature_tags
118988674,ledge,feature_tags
118988715,dihedral,feature_tags
118988715,face,feature_tags
118988731,easy,good_tags
118988731,nice,good_tags
118988739,good,good_tags
118988739,thin,other_tags
118988739,traverse,feature_tags
118988780,easier,good_tags
118988780,face,feature_tags
118988823,crimp,feature_tags
118988823,face,feature_tags
118988855,jug,feature_tags
118988902,cool,good_tags
118988923,face,feature_tags
118988923,fun,good_tags
118988923,great,good_tags
118988923,jug,feature_tags
118988923,thin,other_tags
118988930,arete,feature_tags
118988930,face,feature_tags
118988945,fun,good_tags
118989000,jug,feature_tags
118989059,jug,feature_tags
118989066,jug,feature_tags
118989100,crack,feature_tags
118989100,sloper,feature_tags
118989112,sloper,feature_tags
118989112,traverse,feature_tags
118989121,jug,feature_tags
118989155,crimp,feature_tags
118989155,ledge,feature_tags
118989166,good,good_tags
118989166,nice,good_tags
118989166,slab,feature_tags
118989166,warm up,good_tags
119002546,pocket,feature_tags
119004729,crimp,feature_tags
119004729,dihedral,feature_tags
119004729,flake,feature_tags
119004729,jug,feature_tags
119004729,ledge,feature_tags
119004729,mantle,skill
119004729,roof,feature_tags
119004789,crimp,feature_tags
119004862,crack,feature_tags
119004862,crimp,feature_tags
119004862,easy,good_tags
119004862,face,feature_tags
119004862,flake,feature_tags
119004862,ledge,feature_tags
119004862,mantle,skill
119006406,jug,feature_tags
119007804,easy,good_tags
119007804,good,good_tags
119007804,roof,feature_tags
119007804,thin,other_tags
119008134,arete,feature_tags
119008134,face,feature_tags
119008134,great,good_tags
119008155,easy,good_tags
119008155,face,feature_tags
119018753,good,good_tags
119018753,jug,feature_tags
119018753,ledge,feature_tags
119018753,mantle,skill
119018753,pocket,feature_tags
119018783,chimney,feature_tags
119018783,cool,good_tags
119018783,crimp,feature_tags
119018783,face,feature_tags
119018783,flake,feature_tags
119018783,interesting,good_tags
119018783,ledge,feature_tags
119025792,crack,feature_tags
119025792,jug,feature_tags
119025792,nice,good_tags
119034628,crack,feature_tags
119034628,crux,feature_tags
119034628,face,feature_tags
119034628,flake,feature_tags
119034628,good,good_tags
119034628,jug,feature_tags
119034628,slab,feature_tags
119034628,thin,other_tags
119035128,arete,feature_tags
119035128,crux,feature_tags
119035128,good,good_tags
119035128,run out,bad_tags
119035128,slab,feature_tags
119037024,crimp,feature_tags
119037024,easy,good_tags
119037024,nice,good_tags
119037024,sloper,feature_tags
119038419,arete,feature_tags
119038419,bad,bad_tags
119038419,crack,feature_tags
119038419,crimp,feature_tags
119038419,crux,feature_tags
119038419,face,feature_tags
119038419,jug,feature_tags
119038419,thin,other_tags
119038419,traverse,feature_tags
119040936,slab,feature_tags
119046966,arete,feature_tags
119046966,mantle,skill
119046966,traverse,feature_tags
119046978,jug,feature_tags
119046978,roof,feature_tags
119046995,flake,feature_tags
119046995,jug,feature_tags
119047029,arete,feature_tags
119047040,arete,feature_tags
119047040,technical,skill
119047068,jug,feature_tags
119047128,crimp,feature_tags
119047128,jug,feature_tags
119047128,roof,feature_tags
119047149,thin,other_tags
119047149,traverse,feature_tags
119047179,jam,skill
119047179,slab,feature_tags
119047179,spooky,other_tags
119047179,tricky,other_tags
119047186,jug,feature_tags
119047215,arete,feature_tags
119047215,crimp,feature_tags
119047215,face,feature_tags
119047215,heel hook,skill
119047215,jug,feature_tags
119047215,ledge,feature_tags
119065826,crack,feature_tags
119065826,dihedral,feature_tags
119065826,fun,good_tags
119065826,roof,feature_tags
119066825,crux,feature_tags
119066825,fun,good_tags
119068870,face,feature_tags
119068870,roof,feature_tags
119069283,crack,feature_tags
119069283,dihedral,feature_tags
119069283,excellent,good_tags
119069283,good,good_tags
119069283,jam,skill
119069283,slab,feature_tags
119071468,crux,feature_tags
119071468,difficult,other_tags
119071468,nice,good_tags
119071468,slab,feature_tags
119071468,thin,other_tags
119074866,crimp,feature_tags
119074866,face,feature_tags
119074866,roof,feature_tags
119074866,slab,feature_tags
119074866,thin,other_tags
119074933,crack,feature_tags
119074933,jug,feature_tags
119074944,arete,feature_tags
119074944,sloper,feature_tags
119092043,crack,feature_tags
119092043,face,feature_tags
119092043,fun,good_tags
119092043,great,good_tags
119092043,jug,feature_tags
119094050,arete,feature_tags
119094050,face,feature_tags
119094050,pocket,feature_tags
119094050,stick clip,other_tags
119094096,chimney,feature_tags
119094096,fun,good_tags
119094267,dyno,skill
119094267,good,good_tags
119094267,mantle,skill
119094267,roof,feature_tags
119096742,easier,good_tags
119096742,face,feature_tags
119096742,ledge,feature_tags
119096742,mantle,skill
119097308,arete,feature_tags
119097308,face,feature_tags
119097308,ledge,feature_tags
119097308,mantle,skill
119107031,roof,feature_tags
119114129,cool,good_tags
119114129,flake,feature_tags
119114129,roof,feature_tags
119114325,crimp,feature_tags
119114325,face,feature_tags
119114325,jug,feature_tags
119114325,thin,other_tags
119114335,arete,feature_tags
119114335,crimp,feature_tags
119114335,dyno,skill
119114335,fun,good_tags
119114335,jug,feature_tags
119114911,dihedral,feature_tags
119114911,face,feature_tags
119114911,fun,good_tags
119114911,jug,feature_tags
119114950,dihedral,feature_tags
119114950,easier,good_tags
119114950,face,feature_tags
119115008,crimp,feature_tags
119115008,heel hook,skill
119117584,roof,feature_tags
119129159,crack,feature_tags
119129159,easy,good_tags
119129159,face,feature_tags
119129159,ledge,feature_tags
119129225,crack,feature_tags
119129225,ledge,feature_tags
119129225,nice,good_tags
119129225,rust,bad_tags
119132464,crimp,feature_tags
119132464,ledge,feature_tags
119132464,nice,good_tags
119132464,sloper,feature_tags
119136100,cool,good_tags
119136100,crimp,feature_tags
119136100,face,feature_tags
119136100,good,good_tags
119136100,mantle,skill
119136100,slab,feature_tags
119136128,crimp,feature_tags
119136151,face,feature_tags
119139144,crux,feature_tags
119139144,good,good_tags
119139144,jug,feature_tags
119139144,roof,feature_tags
119139144,traverse,feature_tags
119139226,crack,feature_tags
119139226,easy,good_tags
119139226,face,feature_tags
119139226,good,good_tags
119139226,jug,feature_tags
119139226,roof,feature_tags
119155174,ledge,feature_tags
119155584,arete,feature_tags
119155584,beautiful,good_tags
119155584,crimp,feature_tags
119155584,face,feature_tags
119195340,arete,feature_tags
119195340,crimp,feature_tags
119195340,difficult,other_tags
119195340,face,feature_tags
119195340,flake,feature_tags
119195340,jug,feature_tags
119195340,traverse,feature_tags
119212751,crimp,feature_tags
119212751,face,feature_tags
119212751,good,good_tags
119212751,jug,feature_tags
119212842,face,feature_tags
119212842,fun,good_tags
119212842,jug,feature_tags
119212884,arete,feature_tags
119212884,crimp,feature_tags
119212884,mantle,skill
119212884,sloper,feature_tags
119214872,arete,feature_tags
119214872,face,feature_tags
119214872,good,good_tags
119214872,ledge,feature_tags
119214872,sloper,feature_tags
119242366,chimney,feature_tags
119282738,crimp,feature_tags
119282738,thin,other_tags
119288290,arete,feature_tags
119288290,crack,feature_tags
119296921,arete,feature_tags
119296921,chimney,feature_tags
119296921,crux,feature_tags
119296921,face,feature_tags
119296921,good,good_tags
119296921,slab,feature_tags
119342590,arete,feature_tags
119342590,crimp,feature_tags
119342590,jug,feature_tags
119342590,roof,feature_tags
119342601,crack,feature_tags
119342601,crimp,feature_tags
119342601,jug,feature_tags
119372314,crimp,feature_tags
119372314,sloper,feature_tags
119372314,thin,other_tags
119376323,crack,feature_tags
119376323,easy,good_tags
119376323,flake,feature_tags
119376323,jug,feature_tags
119376323,sloper,feature_tags
119382663,arete,feature_tags
119382663,crimp,feature_tags
119382663,pocket,feature_tags
119382663,thin,other_tags
119382700,crack,feature_tags
119382700,crimp,feature_tags
119382700,face,feature_tags
119382700,good,good_tags
119382700,thin,other_tags
119382722,crack,feature_tags
119382722,good,good_tags
119382722,jug,feature_tags
119382748,crack,feature_tags
119382748,face,feature_tags
119382748,sloper,feature_tags
119406002,arete,feature_tags
119406002,great,good_tags
119406002,roof,feature_tags
119406002,stick clip,other_tags
119406016,face,feature_tags
119406016,nice,good_tags
119406038,crack,feature_tags
119406038,great,good_tags
119406067,arete,feature_tags
119406067,choss,bad_tags
119406067,great,good_tags
119406078,crack,feature_tags
119406117,arete,feature_tags
119406117,crux,feature_tags
119406117,great,good_tags
119406117,slab,feature_tags
119407841,crimp,feature_tags
119407841,crux,feature_tags
119407841,ledge,feature_tags
119407841,pocket,feature_tags
119407841,sloper,feature_tags
119407943,crack,feature_tags
119408025,jug,feature_tags
119408025,ledge,feature_tags
119408025,nice,good_tags
119408139,face,feature_tags
119408139,ledge,feature_tags
119408160,ledge,feature_tags
119408224,arete,feature_tags
119408224,cool,good_tags
119408302,crimp,feature_tags
119408348,crimp,feature_tags
119408348,face,feature_tags
119408348,fun,good_tags
119408348,sloper,feature_tags
119408417,arete,feature_tags
119408417,crimp,feature_tags
119408417,crux,feature_tags
119408417,easy,good_tags
119408417,face,feature_tags
119408417,mantle,skill
119408417,sloper,feature_tags
119408417,thin,other_tags
119425317,crack,feature_tags
119425317,jug,feature_tags
119425317,roof,feature_tags
119425317,thin,other_tags
119446340,fun,good_tags
119446340,nice,good_tags
119446366,arete,feature_tags
119446366,jug,feature_tags
119446366,roof,feature_tags
119446401,balance,skill
119446401,fun,good_tags
119446401,heel hook,skill
119446401,jug,feature_tags
119447152,arete,feature_tags
119447152,good,good_tags
119447152,heel hook,skill
119447152,ledge,feature_tags
119478832,flake,feature_tags
119478832,jug,feature_tags
119478832,roof,feature_tags
119478907,good,good_tags
119478907,roof,feature_tags
119492721,bad,bad_tags
119492721,cool,good_tags
119492721,ledge,feature_tags
119492721,mantle,skill
119492721,sloper,feature_tags
119492733,crack,feature_tags
119492733,face,feature_tags
119492733,jug,feature_tags
119492733,ledge,feature_tags
119492763,crack,feature_tags
119492763,face,feature_tags
119492763,sloper,feature_tags
119492763,thin,other_tags
119492763,tricky,other_tags
119499285,arete,feature_tags
119499285,mantle,skill
119499285,pocket,feature_tags
119499285,sloper,feature_tags
119503533,arete,feature_tags
119503533,crack,feature_tags
119503533,crimp,feature_tags
119503533,face,feature_tags
119503533,good,good_tags
119503764,crack,feature_tags
119503764,good,good_tags
119503764,jug,feature_tags
119503764,ledge,feature_tags
119503764,nice,good_tags
119503764,pocket,feature_tags
119563039,crimp,feature_tags
119563039,mantle,skill
119563039,sloper,feature_tags
119566240,arete,feature_tags
119566240,crimp,feature_tags
119566240,jug,feature_tags
119566240,nice,good_tags
119566240,roof,feature_tags
119566240,sloper,feature_tags
119566240,toe hook,skill
119566303,crimp,feature_tags
119566303,jug,feature_tags
119566303,roof,feature_tags
119566578,flake,feature_tags
119566578,jug,feature_tags
119566578,nice,good_tags
119566578,roof,feature_tags
119607596,crimp,feature_tags
119607596,good,good_tags
119607596,sloper,feature_tags
119607601,flake,feature_tags
119607601,good,good_tags
119607601,roof,feature_tags
119607601,sloper,feature_tags
119607601,thin,other_tags
119607601,toe hook,skill
119615029,arete,feature_tags
119615029,crack,feature_tags
119615029,crimp,feature_tags
119615029,face,feature_tags
119615029,good,good_tags
119615029,jug,feature_tags
119615029,ledge,feature_tags
119615029,pocket,feature_tags
119615029,roof,feature_tags
119615037,arete,feature_tags
119615037,crack,feature_tags
119615037,face,feature_tags
119615037,good,good_tags
119615037,nice,good_tags
119615118,arete,feature_tags
119615118,crimp,feature_tags
119615118,face,feature_tags
119615118,good,good_tags
119615118,jug,feature_tags
119615118,thin,other_tags
119615157,crack,feature_tags
119615157,hueco,feature_tags
119615157,jug,feature_tags
119615157,nice,good_tags
119615157,pocket,feature_tags
119615163,crimp,feature_tags
119615163,hueco,feature_tags
119615163,nice,good_tags
119647311,bad,bad_tags
119647311,crack,feature_tags
119647311,crimp,feature_tags
119647311,good,good_tags
119647311,jug,feature_tags
119647311,ledge,feature_tags
119647311,sloper,feature_tags
119650963,fun,good_tags
119650963,good,good_tags
119651328,arete,feature_tags
119651328,crack,feature_tags
119651328,easy,good_tags
119696936,arete,feature_tags
119696936,crimp,feature_tags
119696936,face,feature_tags
119696995,jug,feature_tags
119696995,sloper,feature_tags
119696995,traverse,feature_tags
119697127,arete,feature_tags
119697127,jug,feature_tags
119697152,arete,feature_tags
119774161,roof,feature_tags
119774161,traverse,feature_tags
119774374,arete,feature_tags
119774374,pocket,feature_tags
119774407,arete,feature_tags
119774407,face,feature_tags
119774443,crimp,feature_tags
119774648,face,feature_tags
119774648,fun,good_tags
119774648,jug,feature_tags
119774648,roof,feature_tags
119774648,sloper,feature_tags
119774881,crack,feature_tags
119774881,fun,good_tags
119774881,jug,feature_tags
119774881,mantle,skill
119774881,nice,good_tags
119774881,roof,feature_tags
119775058,arete,feature_tags
119775058,flake,feature_tags
119775058,jug,feature_tags
119775058,roof,feature_tags
119775287,arete,feature_tags
119775287,crimp,feature_tags
119775287,dihedral,feature_tags
119775287,pocket,feature_tags
119775311,arete,feature_tags
119775311,hueco,feature_tags
119775311,jug,feature_tags
119775311,ledge,feature_tags
119775311,nice,good_tags
119775311,pocket,feature_tags
119775362,arete,feature_tags
119775362,classic,good_tags
119775362,good,good_tags
119775362,jug,feature_tags
119775362,nice,good_tags
119775526,crimp,feature_tags
119775526,dyno,skill
119775526,easier,good_tags
119775526,easy,good_tags
119775526,pocket,feature_tags
119775526,roof,feature_tags
119775526,sloper,feature_tags
119775597,crimp,feature_tags
119775597,face,feature_tags
119775597,good,good_tags
119775597,ledge,feature_tags
119775649,arete,feature_tags
119775649,beautiful,good_tags
119775649,face,feature_tags
119775649,slab,feature_tags
119775649,techy,skill
119794192,nice,good_tags
119814745,crux,feature_tags
119814745,fun,good_tags
119814745,roof,feature_tags
119814775,crack,feature_tags
119814812,great,good_tags
119814812,roof,feature_tags
119814824,face,feature_tags
119814824,roof,feature_tags
119815004,crack,feature_tags
119815019,crack,feature_tags
119815019,fun,good_tags
119815067,fun,good_tags
119815080,crack,feature_tags
119815080,fun,good_tags
119815114,roof,feature_tags
119815215,fun,good_tags
119815357,fun,good_tags
119815375,crack,feature_tags
119815375,fun,good_tags
119815397,crux,feature_tags
119815397,face,feature_tags
119815397,fun,good_tags
119815397,roof,feature_tags
119815417,face,feature_tags
119815417,fun,good_tags
119815489,cool,good_tags
119815489,great,good_tags
119815489,slab,feature_tags
119815489,warm up,good_tags
119815574,best,good_tags
119815574,crux,feature_tags
119815574,fun,good_tags
119815592,balance,skill
119815592,fun,good_tags
119839647,arete,feature_tags
119839647,face,feature_tags
119839647,hueco,feature_tags
119839647,jug,feature_tags
119839647,sloper,feature_tags
119839803,dyno,skill
119839803,face,feature_tags
119839803,pocket,feature_tags
119839803,thin,other_tags
119839838,arete,feature_tags
119839838,dyno,skill
119839838,face,feature_tags
119839838,pocket,feature_tags
119839838,thin,other_tags
119861824,crack,feature_tags
119861824,crimp,feature_tags
119861824,face,feature_tags
119861824,good,good_tags
119861824,hueco,feature_tags
119861824,roof,feature_tags
119861875,crack,feature_tags
119861875,dynamic,skill
119861875,ledge,feature_tags
119861875,sloper,feature_tags
119861982,crack,feature_tags
119861982,excellent,good_tags
119861982,good,good_tags
119861982,jug,feature_tags
119861982,ledge,feature_tags
119862098,arete,feature_tags
119862098,face,feature_tags
119862098,jug,feature_tags
119862098,nice,good_tags
119862111,arete,feature_tags
119897536,arete,feature_tags
119897536,crimp,feature_tags
119897536,dirty,bad_tags
119897536,dyno,skill
119897536,good,good_tags
119897536,mantle,skill
119897536,pocket,feature_tags
119897536,slab,feature_tags
119898746,crux,feature_tags
119898746,good,good_tags
119898746,spooky,other_tags
119898746,thin,other_tags
119898746,toe hook,skill
119902434,arete,feature_tags
119902434,crimp,feature_tags
119902434,good,good_tags
119902434,sloper,feature_tags
119919155,arete,feature_tags
119919155,beautiful,good_tags
119919155,crimp,feature_tags
119919155,dyno,skill
119919155,face,feature_tags
119919155,hueco,feature_tags
119919155,pocket,feature_tags
119919155,traverse,feature_tags
119925716,good,good_tags
119925716,hueco,feature_tags
119925716,jug,feature_tags
119925716,nice,good_tags
119925716,roof,feature_tags
119925716,sloper,feature_tags
119925716,traverse,feature_tags
119925747,pocket,feature_tags
119925747,roof,feature_tags
119925747,sloper,feature_tags
119932941,classic,good_tags
119932941,crack,feature_tags
119932941,crux,feature_tags
119932941,thin,other_tags
119942489,arete,feature_tags
119942489,easy,good_tags
119942489,nice,good_tags
119942527,face,feature_tags
119942527,ledge,feature_tags
119943047,ledge,feature_tags
119943047,powerful,skill
119943047,roof,feature_tags
119958177,arete,feature_tags
119958177,good,good_tags
119958177,mantle,skill
119975346,flake,feature_tags
119975346,fun,good_tags
119975346,jug,feature_tags
119975346,mantle,skill
119975346,nice,good_tags
119975346,roof,feature_tags
119975346,sloper,feature_tags
119975346,tough,other_tags
119989888,crux,feature_tags
119989888,good,good_tags
119989888,ledge,feature_tags
119989888,slab,feature_tags
119994079,crack,feature_tags
119994079,good,good_tags
120004274,arete,feature_tags
120004274,crimp,feature_tags
120004274,easier,good_tags
120004274,face,feature_tags
120004274,fun,good_tags
120004274,jug,feature_tags
120004274,rust,bad_tags
120004353,arete,feature_tags
120004353,best,good_tags
120004353,cool,good_tags
120004353,crimp,feature_tags
120004353,crux,feature_tags
120004353,sloper,feature_tags
120004353,thin,other_tags
120004445,classic,good_tags
120004445,easy,good_tags
120004445,face,feature_tags
120004445,thin,other_tags
120021179,arete,feature_tags
120021179,crimp,feature_tags
120021179,pocket,feature_tags
120022482,bad,bad_tags
120022482,best,good_tags
120022482,crux,feature_tags
120022482,easy,good_tags
120022482,ledge,feature_tags
120022482,traverse,feature_tags
120022817,crimp,feature_tags
120022817,face,feature_tags
120022817,hueco,feature_tags
120022817,pocket,feature_tags
120022817,sloper,feature_tags
120022865,arete,feature_tags
120022865,dihedral,feature_tags
120022865,face,feature_tags
120022865,roof,feature_tags
120022865,thin,other_tags
120022910,bad,bad_tags
120022910,dyno,skill
120022910,face,feature_tags
120022910,jug,feature_tags
120022910,nice,good_tags
120022910,roof,feature_tags
120022910,sloper,feature_tags
120022934,bad,bad_tags
120022934,crimp,feature_tags
120022934,face,feature_tags
120022934,flake,feature_tags
120022934,jug,feature_tags
120022934,nice,good_tags
120022934,roof,feature_tags
120023005,bad,bad_tags
120023005,flake,feature_tags
120023005,hueco,feature_tags
120023005,ledge,feature_tags
120023005,nice,good_tags
120023005,roof,feature_tags
120023005,thin,other_tags
120041243,jug,feature_tags
120041243,pocket,feature_tags
120046670,face,feature_tags
120064324,arete,feature_tags
120064324,crack,feature_tags
120064324,sloper,feature_tags
120064324,traverse,feature_tags
120084583,dyno,skill
120084583,jug,feature_tags
120084633,crack,feature_tags
120084637,crack,feature_tags
120084641,crack,feature_tags
120084641,nice,good_tags
120084645,arete,feature_tags
120084645,crack,feature_tags
120084645,fun,good_tags
120084645,jug,feature_tags
120084645,ledge,feature_tags
120084648,nice,good_tags
120090909,good,good_tags
120090932,fun,good_tags
120090932,pocket,feature_tags
120105663,arete,feature_tags
120105663,crack,feature_tags
120105663,face,feature_tags
120105663,good,good_tags
120105688,crack,feature_tags
120105688,crux,feature_tags
120105688,good,good_tags
120109494,crimp,feature_tags
120109494,jug,feature_tags
120109494,roof,feature_tags
120109540,pocket,feature_tags
120112568,crimp,feature_tags
120115391,arete,feature_tags
120115391,crack,feature_tags
120115391,jug,feature_tags
120115404,crimp,feature_tags
120115427,arete,feature_tags
120115427,crack,feature_tags
120115427,good,good_tags
120115427,traverse,feature_tags
120134347,fun,good_tags
120134347,roof,feature_tags
120141266,roof,feature_tags
120141266,slab,feature_tags
120146514,fun,good_tags
120146514,roof,feature_tags
120146514,thin,other_tags
120163304,arete,feature_tags
120163304,crimp,feature_tags
120163304,face,feature_tags
120163304,pocket,feature_tags
120163304,sloper,feature_tags
120163304,toe hook,skill
120163304,tricky,other_tags
120166615,best,good_tags
120176074,fun,good_tags
120176074,roof,feature_tags
120176179,fun,good_tags
120176233,best,good_tags
120178580,arete,feature_tags
120178580,good,good_tags
120178580,sloper,feature_tags
120214832,crack,feature_tags
120214832,crimp,feature_tags
120214832,fun,good_tags
120214832,jug,feature_tags
120214832,roof,feature_tags
120214832,traverse,feature_tags
120229772,ledge,feature_tags
120234912,jug,feature_tags
120234912,nice,good_tags
120234935,crimp,feature_tags
120234944,classic,good_tags
120234956,crimp,feature_tags
120234956,sloper,feature_tags
120234956,traverse,feature_tags
120234971,crack,feature_tags
120234971,crimp,feature_tags
120235009,crack,feature_tags
120235009,crimp,feature_tags
120235009,interesting,good_tags
120235009,jug,feature_tags
120235009,sloper,feature_tags
120235048,crux,feature_tags
120235048,jug,feature_tags
120235124,crimp,feature_tags
120238903,crack,feature_tags
120238903,sloper,feature_tags
120238912,face,feature_tags
120238912,sloper,feature_tags
120239017,flake,feature_tags
120239017,jug,feature_tags
120239017,sloper,feature_tags
120239026,flake,feature_tags
120239026,jug,feature_tags
120239026,sloper,feature_tags
120244111,nice,good_tags
120244111,roof,feature_tags
120244111,sloper,feature_tags
120246971,flake,feature_tags
120246971,good,good_tags
120246971,roof,feature_tags
120247019,fun,good_tags
120247019,good,good_tags
120247019,traverse,feature_tags
120247202,crimp,feature_tags
120247202,jam,skill
120248551,fun,good_tags
120248551,roof,feature_tags
120254862,arete,feature_tags
120254862,crimp,feature_tags
120254862,crux,feature_tags
120254862,thin,other_tags
120255025,arete,feature_tags
120255025,crux,feature_tags
120255025,easy,good_tags
120255025,jug,feature_tags
120255129,arete,feature_tags
120255129,crux,feature_tags
120255129,easier,good_tags
120255129,easy,good_tags
120255129,fun,good_tags
120255129,heel hook,skill
120255129,ledge,feature_tags
120255129,sloper,feature_tags
120255280,fun,good_tags
120255280,hueco,feature_tags
120255280,jug,feature_tags
120255280,ledge,feature_tags
120255280,nice,good_tags
120285065,arete,feature_tags
120285065,careful,bad_tags
120285065,good,good_tags
120285065,jug,feature_tags
120285065,roof,feature_tags
120285065,sloper,feature_tags
120285419,crimp,feature_tags
120285419,face,feature_tags
120285419,good,good_tags
120285419,jug,feature_tags
120285419,mantle,skill
120285419,pocket,feature_tags
120285419,sloper,feature_tags
120285483,crimp,feature_tags
120285483,face,feature_tags
120285483,good,good_tags
120285483,jug,feature_tags
120285483,mantle,skill
120285483,pocket,feature_tags
120285483,sloper,feature_tags
120285483,smear,other_tags
120285489,bad,bad_tags
120285489,crack,feature_tags
120285489,crimp,feature_tags
120285489,face,feature_tags
120285489,good,good_tags
120314245,face,feature_tags
120314245,slab,feature_tags
120314245,traverse,feature_tags
120317224,fun,good_tags
120317224,nice,good_tags
120317252,fun,good_tags
120328396,balance,skill
120328396,face,feature_tags
120328396,good,good_tags
120328396,great,good_tags
120328396,traverse,feature_tags
120348134,mantle,skill
120348134,smear,other_tags
120350893,classic,good_tags
120350893,crimp,feature_tags
120350893,dyno,skill
120350893,jug,feature_tags
120350893,pocket,feature_tags
120350893,roof,feature_tags
120350893,sloper,feature_tags
120350919,crack,feature_tags
120350919,face,feature_tags
120350919,fun,good_tags
120350919,jug,feature_tags
120350919,roof,feature_tags
120351003,crimp,feature_tags
120351003,jug,feature_tags
120351003,pocket,feature_tags
120351003,roof,feature_tags
120351003,thin,other_tags
120351032,crimp,feature_tags
120351032,good,good_tags
120351032,hueco,feature_tags
120351032,jug,feature_tags
120351032,ledge,feature_tags
120351032,roof,feature_tags
120367391,crimp,feature_tags
120367391,crux,feature_tags
120367391,face,feature_tags
120367391,jug,feature_tags
120367391,ledge,feature_tags
120368809,easier,good_tags
120376361,crimp,feature_tags
120376361,roof,feature_tags
120376445,face,feature_tags
120376445,heel hook,skill
120376445,hueco,feature_tags
120376445,mantle,skill
120376445,roof,feature_tags
120376522,cool,good_tags
120376522,face,feature_tags
120376522,ledge,feature_tags
120376522,nice,good_tags
120376522,pocket,feature_tags
120376607,arete,feature_tags
120376607,jug,feature_tags
120376607,pocket,feature_tags
120376607,sloper,feature_tags
120376607,thin,other_tags
120378811,arete,feature_tags
120378811,pocket,feature_tags
120378826,face,feature_tags
120378826,pocket,feature_tags
120378826,smear,other_tags
120378840,arete,feature_tags
120378840,face,feature_tags
120378840,ledge,feature_tags
120378941,crimp,feature_tags
120378941,fun,good_tags
120378941,jug,feature_tags
120378941,roof,feature_tags
120378941,sloper,feature_tags
120380225,crack,feature_tags
120380225,crimp,feature_tags
120380225,jug,feature_tags
120380225,smear,other_tags
120387188,jug,feature_tags
120393270,crimp,feature_tags
120393270,jug,feature_tags
120395028,arete,feature_tags
120395028,jug,feature_tags
120395040,flake,feature_tags
120395040,jug,feature_tags
120395040,nice,good_tags
120395069,traverse,feature_tags
120425002,arete,feature_tags
120425002,good,good_tags
120425106,crimp,feature_tags
120425106,face,feature_tags
120425106,jug,feature_tags
120425106,mantle,skill
120425106,nice,good_tags
120425106,sloper,feature_tags
120425207,flake,feature_tags
120425284,arete,feature_tags
120425284,sloper,feature_tags
120425490,face,feature_tags
120425490,good,good_tags
120425490,hueco,feature_tags
120425490,ledge,feature_tags
120425490,sloper,feature_tags
120425631,arete,feature_tags
120425631,face,feature_tags
120425631,heel hook,skill
120425631,ledge,feature_tags
120430042,crimp,feature_tags
120430042,dyno,skill
120430042,sloper,feature_tags
120430050,dyno,skill
120433822,arete,feature_tags
120433853,fun,good_tags
120433909,difficult,other_tags
120433944,good,good_tags
120433944,nice,good_tags
120435145,crack,feature_tags
120439186,bad,bad_tags
120439186,crimp,feature_tags
120439186,flake,feature_tags
120439186,mantle,skill
120439245,crimp,feature_tags
120439245,jug,feature_tags
120439245,sloper,feature_tags
120439366,rust,bad_tags
120439366,slab,feature_tags
120439399,careful,bad_tags
120439399,slab,feature_tags
120439440,heel hook,skill
120439440,ledge,feature_tags
120439440,mantle,skill
120441055,crack,feature_tags
120441055,jug,feature_tags
120441055,ledge,feature_tags
120441055,mantle,skill
120441055,slab,feature_tags
120441104,arete,feature_tags
120441104,interesting,good_tags
120441104,mantle,skill
120441104,sloper,feature_tags
120441115,arete,feature_tags
120487155,jug,feature_tags
120510005,choss,bad_tags
120510005,crimp,feature_tags
120510005,jug,feature_tags
120510005,ledge,feature_tags
120510005,sloper,feature_tags
120510005,toe hook,skill
120510005,traverse,feature_tags
120513032,crack,feature_tags
120513032,ledge,feature_tags
120513032,roof,feature_tags
120513032,tough,other_tags
120533901,arete,feature_tags
120533901,crimp,feature_tags
120533901,fun,good_tags
120533901,sloper,feature_tags
120534893,arete,feature_tags
120534893,traverse,feature_tags
120535032,arete,feature_tags
120535229,arete,feature_tags
120535229,crimp,feature_tags
120535229,good,good_tags
120535330,crack,feature_tags
120535330,sloper,feature_tags
120535401,crack,feature_tags
120535401,sloper,feature_tags
120535401,traverse,feature_tags
120536518,arete,feature_tags
120536518,crimp,feature_tags
120536518,face,feature_tags
120536518,jug,feature_tags
120536518,roof,feature_tags
120536518,sloper,feature_tags
120536544,face,feature_tags
120536544,hueco,feature_tags
120536544,pocket,feature_tags
120536544,sloper,feature_tags
120536616,arete,feature_tags
120536616,face,feature_tags
120536616,sloper,feature_tags
120536666,arete,feature_tags
120536666,beautiful,good_tags
120536666,face,feature_tags
120536666,jug,feature_tags
120536698,excellent,good_tags
120536698,face,feature_tags
120536698,flake,feature_tags
120536698,sloper,feature_tags
120536726,arete,feature_tags
120536726,flake,feature_tags
120536726,sloper,feature_tags
120536811,arete,feature_tags
120536811,face,feature_tags
120536811,mantle,skill
120536811,pocket,feature_tags
120536834,arete,feature_tags
120536834,cool,good_tags
120536834,crimp,feature_tags
120536834,face,feature_tags
120536834,slab,feature_tags
120536834,sloper,feature_tags
120536870,arete,feature_tags
120536870,face,feature_tags
120536870,jug,feature_tags
120536870,ledge,feature_tags
120536945,arete,feature_tags
120536945,crimp,feature_tags
120536945,face,feature_tags
120536945,jug,feature_tags
120536945,ledge,feature_tags
120536945,pocket,feature_tags
120536976,arete,feature_tags
120536976,crimp,feature_tags
120536976,face,feature_tags
120536976,fun,good_tags
120536976,jug,feature_tags
120536976,sloper,feature_tags
120537024,arete,feature_tags
120537024,crimp,feature_tags
120537024,face,feature_tags
120537024,ledge,feature_tags
120537024,sloper,feature_tags
120537056,crack,feature_tags
120537056,easy,good_tags
120537056,fun,good_tags
120537056,jug,feature_tags
120537091,face,feature_tags
120537091,ledge,feature_tags
120537091,roof,feature_tags
120537202,crack,feature_tags
120537202,jug,feature_tags
120537202,ledge,feature_tags
120537247,beautiful,good_tags
120537247,face,feature_tags
120537247,hueco,feature_tags
120537247,jug,feature_tags
120537247,ledge,feature_tags
120537247,mantle,skill
120537247,roof,feature_tags
120546082,crux,feature_tags
120546082,jug,feature_tags
120546082,traverse,feature_tags
120574204,crimp,feature_tags
120574204,dyno,skill
120574204,face,feature_tags
120574204,good,good_tags
120574204,jug,feature_tags
120574204,ledge,feature_tags
120574204,thin,other_tags
120574432,arete,feature_tags
120574432,face,feature_tags
120574432,jug,feature_tags
120574432,pocket,feature_tags
120574432,roof,feature_tags
120574453,face,feature_tags
120574453,pocket,feature_tags
120574498,classic,good_tags
120574498,easy,good_tags
120574498,jug,feature_tags
120574498,sloper,feature_tags
120574498,thin,other_tags
120574550,arete,feature_tags
120574550,crack,feature_tags
120574550,face,feature_tags
120615034,arete,feature_tags
120615034,cruise,feature_tags
120615034,ledge,feature_tags
120615034,traverse,feature_tags
120617759,crimp,feature_tags
120617759,sloper,feature_tags
120617790,arete,feature_tags
120617790,face,feature_tags
120617790,pocket,feature_tags
120617790,scary,other_tags
120617790,sloper,feature_tags
120617790,smear,other_tags
120617790,thin,other_tags
120617814,jug,feature_tags
120617814,ledge,feature_tags
120617830,face,feature_tags
120617830,jug,feature_tags
120617830,nice,good_tags
120618653,crimp,feature_tags
120618653,mantle,skill
120618653,roof,feature_tags
120618653,tough,other_tags
120658401,arete,feature_tags
120658401,good,good_tags
120658401,jug,feature_tags
120663618,arete,feature_tags
120679382,crack,feature_tags
120679382,easy,good_tags
120679382,face,feature_tags
120679382,ledge,feature_tags
120679382,slab,feature_tags
120679442,arete,feature_tags
120679442,great,good_tags
120679468,arete,feature_tags
120679468,thin,other_tags
120679468,traverse,feature_tags
120679657,arete,feature_tags
120679657,flake,feature_tags
120679657,jug,feature_tags
120679657,ledge,feature_tags
120679657,scary,other_tags
120689544,careful,bad_tags
120689544,crack,feature_tags
120689544,easier,good_tags
120689544,good,good_tags
120689544,mantle,skill
120689544,slab,feature_tags
120716472,crimp,feature_tags
120716472,face,feature_tags
120716472,jug,feature_tags
120716472,ledge,feature_tags
120716472,mantle,skill
120716847,arete,feature_tags
120716847,jug,feature_tags
120771067,crux,feature_tags
120771067,difficult,other_tags
120771067,face,feature_tags
120771067,good,good_tags
120771067,thin,other_tags
120771067,traverse,feature_tags
120825958,dyno,skill
120825958,face,feature_tags
120825958,jug,feature_tags
120825958,ledge,feature_tags
120834591,arete,feature_tags
120841028,arete,feature_tags
120841028,crack,feature_tags
120841028,crimp,feature_tags
120841028,danger,bad_tags
120841028,easy,good_tags
120841028,fun,good_tags
120841028,good,good_tags
120841028,jug,feature_tags
120841028,mantle,skill
120841028,pocket,feature_tags
120841028,slab,feature_tags
120841028,thin,other_tags
120841052,crack,feature_tags
120841052,danger,bad_tags
120841052,jug,feature_tags
120841052,slab,feature_tags
120841413,classic,good_tags
120841413,crack,feature_tags
120841413,crimp,feature_tags
120841413,easy,good_tags
120841413,great,good_tags
120841413,jug,feature_tags
120841448,crack,feature_tags
120886697,fun,good_tags
120886697,hueco,feature_tags
120886697,jug,feature_tags
120886697,mantle,skill
120886697,roof,feature_tags
120886697,sloper,feature_tags
120886697,toe hook,skill
120886797,face,feature_tags
120886797,good,good_tags
120886797,jug,feature_tags
120886797,ledge,feature_tags
120886797,pocket,feature_tags
120886797,roof,feature_tags
120888423,bad,bad_tags
120922778,crimp,feature_tags
120922778,flake,feature_tags
120922778,slab,feature_tags
120930968,slab,feature_tags
120947045,mantle,skill
120947045,slab,feature_tags
120947073,crux,feature_tags
120947073,face,feature_tags
120947109,bad,bad_tags
120947109,crimp,feature_tags
120947109,crux,feature_tags
120947109,good,good_tags
120948243,arete,feature_tags
120948243,dihedral,feature_tags
120948243,fun,good_tags
120948243,thin,other_tags
120980327,face,feature_tags
120980327,pocket,feature_tags
120980327,slab,feature_tags
120980368,excellent,good_tags
120980368,face,feature_tags
120980368,great,good_tags
120980368,mantle,skill
120980368,slab,feature_tags
120980368,smear,other_tags
120981118,crimp,feature_tags
120981118,flake,feature_tags
120981118,good,good_tags
120981118,smear,other_tags
121072656,crimp,feature_tags
121072656,good,good_tags
121072656,jug,feature_tags
121072656,pocket,feature_tags
121072839,arete,feature_tags
121072839,jug,feature_tags
121072891,arete,feature_tags
121072891,good,good_tags
121072891,jug,feature_tags
121072891,smear,other_tags
121072904,face,feature_tags
121072904,slab,feature_tags
121072955,arete,feature_tags
121072955,crack,feature_tags
121072955,slab,feature_tags
121072955,sloper,feature_tags
121072966,crimp,feature_tags
121072966,slab,feature_tags
121095617,crack,feature_tags
121095617,dihedral,feature_tags
121095617,face,feature_tags
121095617,stick clip,other_tags
121095617,techy,skill
121095617,traverse,feature_tags
121148522,crack,feature_tags
121148522,jug,feature_tags
121148522,sloper,feature_tags
121217310,arete,feature_tags
121217310,face,feature_tags
121217310,great,good_tags
121217310,sloper,feature_tags
121236831,crimp,feature_tags
121236831,crux,feature_tags
121236831,fun,good_tags
121236831,good,good_tags
121241823,arete,feature_tags
121241823,balance,skill
121241823,crack,feature_tags
121241823,dihedral,feature_tags
121241823,face,feature_tags
121241823,roof,feature_tags
121241823,thin,other_tags
121246833,arete,feature_tags
121246833,crimp,feature_tags
121246833,good,good_tags
121246833,jug,feature_tags
121246833,nice,good_tags
121246839,good,good_tags
121246839,jug,feature_tags
121246839,roof,feature_tags
121247143,arete,feature_tags
121247143,face,feature_tags
121247143,jug,feature_tags
121247194,arete,feature_tags
121247194,beautiful,good_tags
121247194,smear,other_tags
121247220,arete,feature_tags
121247220,crimp,feature_tags
121247220,dyno,skill
121247220,face,feature_tags
121247220,jug,feature_tags
121247220,pocket,feature_tags
121247232,arete,feature_tags
121247232,crimp,feature_tags
121247232,face,feature_tags
121247232,mantle,skill
121247232,toe hook,skill
121247242,arete,feature_tags
121247242,face,feature_tags
121264712,crack,feature_tags
121264712,good,good_tags
121264712,slab,feature_tags
121264931,crack,feature_tags
121264931,dihedral,feature_tags
121264931,face,feature_tags
121264931,interesting,good_tags
121264931,ledge,feature_tags
121264931,slab,feature_tags
121264931,sloper,feature_tags
121264931,thin,other_tags
121283140,crack,feature_tags
121283158,arete,feature_tags
121283158,crack,feature_tags
121283158,face,feature_tags
121283158,pocket,feature_tags
121283158,smear,other_tags
121283158,toe hook,skill
121283203,crimp,feature_tags
121283203,interesting,good_tags
121283203,sloper,feature_tags
121283220,arete,feature_tags
121283220,best,good_tags
121283220,crack,feature_tags
121283220,crimp,feature_tags
121283220,face,feature_tags
121283220,jug,feature_tags
121283220,sloper,feature_tags
121283220,thin,other_tags
121283220,toe hook,skill
121283262,arete,feature_tags
121283262,crimp,feature_tags
121283262,face,feature_tags
121283262,thin,other_tags
121304634,arete,feature_tags
121304634,face,feature_tags
121304634,jug,feature_tags
121332392,great,good_tags
121332392,traverse,feature_tags
121344250,crimp,feature_tags
121344250,good,good_tags
121344250,jug,feature_tags
121360492,crimp,feature_tags
121360492,face,feature_tags
121360492,roof,feature_tags
121360492,sloper,feature_tags
121360492,thin,other_tags
121364783,difficult,other_tags
121364783,traverse,feature_tags
121393194,bad,bad_tags
121393194,crimp,feature_tags
121393194,good,good_tags
121393194,jug,feature_tags
121393194,sloper,feature_tags
121416110,good,good_tags
121416110,sloper,feature_tags
121416119,arete,feature_tags
121416119,crimp,feature_tags
121416119,good,good_tags
121416119,mantle,skill
121416119,sloper,feature_tags
121416126,crimp,feature_tags
121416126,good,good_tags
121416126,sloper,feature_tags
121416171,arete,feature_tags
121416171,slab,feature_tags
121416182,face,feature_tags
121416182,jug,feature_tags
121416189,crimp,feature_tags
121416189,jug,feature_tags
121416189,sloper,feature_tags
121416364,crimp,feature_tags
121416364,face,feature_tags
121416364,jug,feature_tags
121416364,pocket,feature_tags
121416364,thin,other_tags
121416397,jug,feature_tags
121416472,crack,feature_tags
121416472,easy,good_tags
121416472,face,feature_tags
121416472,slab,feature_tags
121416537,crimp,feature_tags
121416537,difficult,other_tags
121416537,mantle,skill
121416537,sloper,feature_tags
121416592,crimp,feature_tags
121416592,pocket,feature_tags
121416592,thin,other_tags
121416700,face,feature_tags
121416700,flake,feature_tags
121416700,fun,good_tags
121416700,jug,feature_tags
121416700,roof,feature_tags
121493137,fun,good_tags
121505119,arete,feature_tags
121505119,crack,feature_tags
121505119,easy,good_tags
121505119,face,feature_tags
121505119,jug,feature_tags
121505119,mantle,skill
121505119,slab,feature_tags
121521739,crux,feature_tags
121521739,ledge,feature_tags
121526521,crack,feature_tags
121526521,flake,feature_tags
121526521,good,good_tags
121526521,jug,feature_tags
121526521,pocket,feature_tags
121526521,sloper,feature_tags
121559457,arete,feature_tags
121559457,crimp,feature_tags
121559457,face,feature_tags
121559505,mantle,skill
121559505,roof,feature_tags
121559649,nice,good_tags
121559649,roof,feature_tags
121559649,tough,other_tags
121559807,arete,feature_tags
121559807,crimp,feature_tags
121559807,face,feature_tags
121559807,jug,feature_tags
121559994,arete,feature_tags
121559994,jug,feature_tags
121559994,sloper,feature_tags
121560069,arete,feature_tags
121560069,crimp,feature_tags
121560069,face,feature_tags
121560069,jug,feature_tags
121560174,arete,feature_tags
121560174,dyno,skill
121560174,face,feature_tags
121560174,great,good_tags
121560174,hueco,feature_tags
121560174,jug,feature_tags
121560174,roof,feature_tags
121560174,slab,feature_tags
121563266,crack,feature_tags
121563266,crimp,feature_tags
121563266,good,good_tags
121563266,jug,feature_tags
121563266,mantle,skill
121563266,thin,other_tags
121567111,face,feature_tags
121567111,jug,feature_tags
121569531,crimp,feature_tags
121569531,crux,feature_tags
121569531,flake,feature_tags
121569589,crack,feature_tags
121569589,crux,feature_tags
121569589,rust,bad_tags
121569589,slab,feature_tags
121576370,jug,feature_tags
121576379,jug,feature_tags
121576379,traverse,feature_tags
121576398,face,feature_tags
121576478,traverse,feature_tags
121576525,best,good_tags
121576525,crimp,feature_tags
121615959,face,feature_tags
121615959,good,good_tags
121679125,face,feature_tags
121679125,mantle,skill
121679125,thin,other_tags
121712086,face,feature_tags
121712086,jug,feature_tags
121777957,crack,feature_tags
121777957,crux,feature_tags
121778502,fun,good_tags
121795410,cool,good_tags
121795410,face,feature_tags
121795410,flake,feature_tags
121799811,arete,feature_tags
121799811,mantle,skill
121799811,warm up,good_tags
121824425,crimp,feature_tags
121824425,face,feature_tags
121824425,jug,feature_tags
121824425,sloper,feature_tags
121824429,crimp,feature_tags
121824429,jug,feature_tags
121824432,arete,feature_tags
121824432,fun,good_tags
121824432,warm up,good_tags
121824447,bad,bad_tags
121824447,classic,good_tags
121824447,crimp,feature_tags
121824447,good,good_tags
121824447,sloper,feature_tags
121824452,crimp,feature_tags
121824452,good,good_tags
121824452,great,good_tags
121824452,jug,feature_tags
121845313,arete,feature_tags
121845313,roof,feature_tags
121845313,traverse,feature_tags
121846247,classic,good_tags
121846247,face,feature_tags
121846247,flake,feature_tags
121846247,good,good_tags
121846264,arete,feature_tags
121846328,arete,feature_tags
121846343,arete,feature_tags
121846376,crimp,feature_tags
121846376,face,feature_tags
121861721,arete,feature_tags
121861721,classic,good_tags
121876526,crack,feature_tags
121876526,face,feature_tags
121876526,great,good_tags
121876526,jug,feature_tags
121876526,smear,other_tags
121932358,crimp,feature_tags
121932358,crux,feature_tags
121932358,face,feature_tags
121932358,ledge,feature_tags
121932358,sloper,feature_tags
121932440,crimp,feature_tags
121932440,crux,feature_tags
121932440,good,good_tags
121932440,jug,feature_tags
121932440,roof,feature_tags
121932440,slab,feature_tags
121932440,smear,other_tags
121932458,crimp,feature_tags
121932458,face,feature_tags
121932458,hueco,feature_tags
121932458,slab,feature_tags
121948780,ledge,feature_tags
121948780,mantle,skill
121948808,easy,good_tags
121948808,great,good_tags
121948808,mantle,skill
121948874,crimp,feature_tags
121948874,crux,feature_tags
121948874,ledge,feature_tags
121948874,nice,good_tags
121948874,slab,feature_tags
121948914,jug,feature_tags
121948914,ledge,feature_tags
121948914,pocket,feature_tags
121948914,slab,feature_tags
121948914,thin,other_tags
121948914,traverse,feature_tags
121954593,arete,feature_tags
121954593,crimp,feature_tags
121954593,jug,feature_tags
121954593,slab,feature_tags
121967670,crimp,feature_tags
121967670,jug,feature_tags
121967861,easy,good_tags
121967861,jug,feature_tags
121967861,slab,feature_tags
121967861,sloper,feature_tags
121967861,traverse,feature_tags
121975719,crack,feature_tags
121975719,easy,good_tags
121975719,powerful,skill
121975719,slab,feature_tags
121975719,sloper,feature_tags
121975719,traverse,feature_tags
121976588,jug,feature_tags
121977233,crimp,feature_tags
121977233,great,good_tags
121977233,warm up,good_tags
121983603,crack,feature_tags
121983603,ledge,feature_tags
121983614,crimp,feature_tags
121983614,face,feature_tags
121983614,mantle,skill
121987666,arete,feature_tags
121987666,good,good_tags
121987666,jug,feature_tags
121987666,mantle,skill
122004400,crimp,feature_tags
122004400,jug,feature_tags
122004400,ledge,feature_tags
122010057,crimp,feature_tags
122010057,jug,feature_tags
122010057,pocket,feature_tags
122010057,roof,feature_tags
122010057,toe hook,skill
122010067,crimp,feature_tags
122010067,roof,feature_tags
122021151,crack,feature_tags
122021151,fun,good_tags
122028885,traverse,feature_tags
122029132,arete,feature_tags
122029132,jug,feature_tags
122029132,pocket,feature_tags
122029132,sloper,feature_tags
122029148,jug,feature_tags
122029166,careful,bad_tags
122029166,slab,feature_tags
122051874,excellent,good_tags
122051874,face,feature_tags
122051874,interesting,good_tags
122051874,slab,feature_tags
122051884,tricky,other_tags
122060517,arete,feature_tags
122060517,beautiful,good_tags
122060517,crack,feature_tags
122060517,face,feature_tags
122060558,difficult,other_tags
122060558,ledge,feature_tags
122060558,pocket,feature_tags
122060585,face,feature_tags
122060585,fun,good_tags
122060660,arete,feature_tags
122060660,crimp,feature_tags
122060660,face,feature_tags
122060660,ledge,feature_tags
122060660,slab,feature_tags
122060721,crack,feature_tags
122060721,dyno,skill
122060721,flake,feature_tags
122060721,jug,feature_tags
122060817,arete,feature_tags
122060817,crack,feature_tags
122060817,face,feature_tags
122060817,ledge,feature_tags
122060817,pocket,feature_tags
122060817,smear,other_tags
122060817,toe hook,skill
122082947,arete,feature_tags
122082955,crimp,feature_tags
122082955,easy,good_tags
122082955,face,feature_tags
122082955,mantle,skill
122082955,slab,feature_tags
122082994,arete,feature_tags
122082994,crimp,feature_tags
122082994,good,good_tags
122082994,pocket,feature_tags
122083196,bad,bad_tags
122083196,crux,feature_tags
122083196,jug,feature_tags
122083196,scary,other_tags
122083196,slab,feature_tags
122083491,crimp,feature_tags
122083491,fun,good_tags
122083507,crack,feature_tags
122083507,crimp,feature_tags
122083507,nice,good_tags
122103115,crimp,feature_tags
122103115,traverse,feature_tags
122114391,crimp,feature_tags
122114391,slab,feature_tags
122115702,ledge,feature_tags
122126264,crimp,feature_tags
122126264,easy,good_tags
122126264,flake,feature_tags
122145930,heel hook,skill
122145930,jam,skill
122145930,mantle,skill
122145930,roof,feature_tags
122145964,arete,feature_tags
122145964,roof,feature_tags
122146999,arete,feature_tags
122146999,cool,good_tags
122146999,face,feature_tags
122146999,mantle,skill
122146999,pocket,feature_tags
122146999,roof,feature_tags
122146999,thin,other_tags
122151575,arete,feature_tags
122151575,crimp,feature_tags
122151575,dyno,skill
122151575,flake,feature_tags
122151575,nice,good_tags
122181779,beautiful,good_tags
122181779,crimp,feature_tags
122181779,easier,good_tags
122181779,ledge,feature_tags
122181779,sloper,feature_tags
122181865,jug,feature_tags
122181865,slab,feature_tags
122181865,sloper,feature_tags
122181865,traverse,feature_tags
122191269,arete,feature_tags
122191309,arete,feature_tags
122191309,good,good_tags
122191309,ledge,feature_tags
122191309,nice,good_tags
122191309,roof,feature_tags
122191336,arete,feature_tags
122191336,flake,feature_tags
122191336,nice,good_tags
122191413,face,feature_tags
122191413,jug,feature_tags
122225092,jug,feature_tags
122225092,ledge,feature_tags
122225153,jug,feature_tags
122225153,ledge,feature_tags
122252165,traverse,feature_tags
122253106,arete,feature_tags
122253106,crux,feature_tags
122253106,fun,good_tags
122253106,nice,good_tags
122253106,technical,skill
122253367,crimp,feature_tags
122253367,jug,feature_tags
122256635,great,good_tags
122256635,jug,feature_tags
122256635,sloper,feature_tags
122256784,crack,feature_tags
122256784,crux,feature_tags
122256784,face,feature_tags
122256784,fun,good_tags
122256784,jug,feature_tags
122256784,slab,feature_tags
122257097,crux,feature_tags
122257097,dihedral,feature_tags
122257097,fun,good_tags
122257097,jug,feature_tags
122257198,jug,feature_tags
122257198,roof,feature_tags
122260641,crack,feature_tags
122260641,crux,feature_tags
122260641,flake,feature_tags
122260641,fun,good_tags
122260641,jug,feature_tags
122260641,stick clip,other_tags
122260763,fun,good_tags
122260763,good,good_tags
122260763,jug,feature_tags
122260763,stick clip,other_tags
122260763,thin,other_tags
122262145,face,feature_tags
122262145,great,good_tags
122262145,nice,good_tags
122262145,roof,feature_tags
122267295,crux,feature_tags
122267295,good,good_tags
122325014,arete,feature_tags
122325014,classic,good_tags
122325014,crimp,feature_tags
122325014,crux,feature_tags
122325014,flake,feature_tags
122325014,good,good_tags
122325014,great,good_tags
122325014,mantle,skill
122325014,pocket,feature_tags
122325014,roof,feature_tags
122325014,slab,feature_tags
122325014,traverse,feature_tags
122374623,arete,feature_tags
122374623,good,good_tags
122374623,nice,good_tags
122374623,sloper,feature_tags
122374854,crimp,feature_tags
122374854,jug,feature_tags
122374854,nice,good_tags
122383865,dyno,skill
122383865,flake,feature_tags
122383865,good,good_tags
122383865,jug,feature_tags
122479081,jug,feature_tags
122479081,ledge,feature_tags
122479081,slab,feature_tags
122479081,sloper,feature_tags
122479081,traverse,feature_tags
122585269,crimp,feature_tags
122585269,dyno,skill
122585269,easier,good_tags
122585269,jug,feature_tags
122588611,crux,feature_tags
122588611,jug,feature_tags
122588611,nice,good_tags
122588611,warm up,good_tags
122653497,crux,feature_tags
122653497,easy,good_tags
122653497,face,feature_tags
122653497,good,good_tags
122653497,ledge,feature_tags
122653497,roof,feature_tags
122653497,traverse,feature_tags
122653497,tricky,other_tags
122683014,crux,feature_tags
122683014,dirty,bad_tags
122683014,easier,good_tags
122683014,jam,skill
122683014,ledge,feature_tags
122683014,roof,feature_tags
122683014,traverse,feature_tags
122723758,crack,feature_tags
122723758,face,feature_tags
122723758,ledge,feature_tags
122723758,roof,feature_tags
122723814,easy,good_tags
122723814,good,good_tags
122723814,ledge,feature_tags
122723814,slab,feature_tags
122768616,crack,feature_tags
122768616,fun,good_tags
122768616,jug,feature_tags
122887122,crimp,feature_tags
122887122,easy,good_tags
122887122,flake,feature_tags
122887122,good,good_tags
122971699,crack,feature_tags
122971699,face,feature_tags
122971699,jug,feature_tags
122971720,face,feature_tags
122971720,jug,feature_tags
122971720,ledge,feature_tags
123025645,jug,feature_tags
123025645,ledge,feature_tags
123025645,roof,feature_tags
123025662,jug,feature_tags
123025662,ledge,feature_tags
123025662,roof,feature_tags
123037924,flake,feature_tags
123037990,arete,feature_tags
123037990,crack,feature_tags
123037990,flake,feature_tags
123038060,crimp,feature_tags
123038060,good,good_tags
123038060,jug,feature_tags
123038060,sloper,feature_tags
123038060,traverse,feature_tags
123077066,best,good_tags
123077066,chimney,feature_tags
123077066,crack,feature_tags
123077066,face,feature_tags
123077066,good,good_tags
123077066,ledge,feature_tags
123077066,run out,bad_tags
123077066,slab,feature_tags
123077066,thin,other_tags
123077066,traverse,feature_tags
123088205,fun,good_tags
123088205,good,good_tags
123088205,jug,feature_tags
123088205,sloper,feature_tags
123088242,arete,feature_tags
123088242,easy,good_tags
123088242,fun,good_tags
123088242,jug,feature_tags
123088242,ledge,feature_tags
123088242,smear,other_tags
123088242,technical,skill
123097379,arete,feature_tags
123097379,jug,feature_tags
123097379,ledge,feature_tags
123097379,roof,feature_tags
123097413,arete,feature_tags
123097413,jug,feature_tags
123097413,nice,good_tags
123097452,classic,good_tags
123097452,dyno,skill
123097452,face,feature_tags
123097452,heel hook,skill
123097452,jug,feature_tags
123097452,ledge,feature_tags
123097452,nice,good_tags
123097452,slab,feature_tags
123097452,sloper,feature_tags
123129852,crack,feature_tags
123129852,crimp,feature_tags
123129852,dihedral,feature_tags
123129852,face,feature_tags
123129852,jug,feature_tags
123129852,mantle,skill
123129852,nice,good_tags
123224092,arete,feature_tags
123224092,crack,feature_tags
123224092,good,good_tags
123224092,traverse,feature_tags
123236126,bad,bad_tags
123236126,classic,good_tags
123236126,crimp,feature_tags
123236126,face,feature_tags
123236126,great,good_tags
123256598,crux,feature_tags
123256598,ledge,feature_tags
123266568,crimp,feature_tags
123266568,traverse,feature_tags
123285920,good,good_tags
123285920,jug,feature_tags
123304701,crimp,feature_tags
123304701,jug,feature_tags
123304701,tricky,other_tags
123304710,jug,feature_tags
123304710,mantle,skill
123304710,roof,feature_tags
123304726,classic,good_tags
123304726,mantle,skill
123304726,tricky,other_tags
123304746,arete,feature_tags
123304746,good,good_tags
123304746,mantle,skill
123304746,sloper,feature_tags
123306149,flake,feature_tags
123306149,slab,feature_tags
123306149,tricky,other_tags
123306192,crimp,feature_tags
123306192,good,good_tags
123306192,roof,feature_tags
123306192,sloper,feature_tags
123311259,crimp,feature_tags
123311259,dihedral,feature_tags
123311259,great,good_tags
123311259,jug,feature_tags
123312768,crack,feature_tags
123349361,arete,feature_tags
123349361,easy,good_tags
123349361,pocket,feature_tags
123349361,traverse,feature_tags
123372018,great,good_tags
123391492,face,feature_tags
123391492,roof,feature_tags
123408829,good,good_tags
123408829,jug,feature_tags
123408829,mantle,skill
123408829,nice,good_tags
123408829,sloper,feature_tags
123413732,crimp,feature_tags
123413732,good,good_tags
123413732,mantle,skill
123413732,traverse,feature_tags
123413732,tricky,other_tags
123413732,warm up,good_tags
123415996,crack,feature_tags
123415996,dihedral,feature_tags
123415996,jug,feature_tags
123415996,pocket,feature_tags
123415996,toe hook,skill
123416048,arete,feature_tags
123416048,balance,skill
123416048,jug,feature_tags
123416048,pocket,feature_tags
123445461,crimp,feature_tags
123445472,crimp,feature_tags
123445472,thin,other_tags
123445477,bad,bad_tags
123445477,nice,good_tags
123445477,traverse,feature_tags
123445580,arete,feature_tags
123445580,face,feature_tags
123445580,ledge,feature_tags
123445580,roof,feature_tags
123445594,face,feature_tags
123445594,roof,feature_tags
123445610,face,feature_tags
123445610,jug,feature_tags
123445610,nice,good_tags
123445626,face,feature_tags
123445626,good,good_tags
123445626,smear,other_tags
123445626,thin,other_tags
123445648,ledge,feature_tags
123445648,sloper,feature_tags
123445811,crack,feature_tags
123445811,crimp,feature_tags
123445811,good,good_tags
123445811,mantle,skill
123445855,arete,feature_tags
123445855,crimp,feature_tags
123445855,flake,feature_tags
123445855,nice,good_tags
123445855,powerful,skill
123445855,roof,feature_tags
123445902,arete,feature_tags
123445902,good,good_tags
123445902,sloper,feature_tags
123445916,flake,feature_tags
123445916,jug,feature_tags
123445916,roof,feature_tags
123445946,crimp,feature_tags
123445946,good,good_tags
123445946,roof,feature_tags
123448907,arete,feature_tags
123448907,classic,good_tags
123448907,crimp,feature_tags
123448907,face,feature_tags
123448907,roof,feature_tags
123448921,easy,good_tags
123448921,face,feature_tags
123448921,good,good_tags
123448921,hueco,feature_tags
123448921,jug,feature_tags
123448921,thin,other_tags
123449050,best,good_tags
123449050,face,feature_tags
123449050,slab,feature_tags
123449076,crack,feature_tags
123449076,crimp,feature_tags
123449076,excellent,good_tags
123449076,face,feature_tags
123449076,nice,good_tags
123449138,excellent,good_tags
123449138,flake,feature_tags
123449138,jug,feature_tags
123449138,roof,feature_tags
123449138,thin,other_tags
123449184,jug,feature_tags
123449205,crimp,feature_tags
123449205,difficult,other_tags
123449205,face,feature_tags
123449205,jug,feature_tags
123449205,nice,good_tags
123461578,crimp,feature_tags
123461578,easier,good_tags
123461578,fun,good_tags
123461578,great,good_tags
123461578,sloper,feature_tags
123461578,technical,skill
123461578,traverse,feature_tags
123483916,good,good_tags
123483916,jug,feature_tags
123485356,crack,feature_tags
123485356,easy,good_tags
123485356,face,feature_tags
123485356,fun,good_tags
123485356,good,good_tags
123485356,roof,feature_tags
123485570,crux,feature_tags
123485570,good,good_tags
123485570,roof,feature_tags
123515763,mantle,skill
123515763,powerful,skill
123515763,slab,feature_tags
123515763,techy,skill
123515839,crux,feature_tags
123515839,dyno,skill
123515839,good,good_tags
123515839,sloper,feature_tags
123515839,thin,other_tags
123516086,careful,bad_tags
123516086,crimp,feature_tags
123516086,crux,feature_tags
123516159,arete,feature_tags
123516159,good,good_tags
123516159,nice,good_tags
123527337,crux,feature_tags
123527337,tough,other_tags
123530479,ledge,feature_tags
123530479,mantle,skill
123532574,great,good_tags
123532574,jug,feature_tags
123535813,arete,feature_tags
123535813,balance,skill
123535813,fun,good_tags
123535813,hueco,feature_tags
123535856,face,feature_tags
123576348,face,feature_tags
123576348,hueco,feature_tags
123576365,crux,feature_tags
123576365,dihedral,feature_tags
123576365,face,feature_tags
123576365,good,good_tags
123576365,interesting,good_tags
123576365,tricky,other_tags
123664973,crimp,feature_tags
123664973,face,feature_tags
123664973,good,good_tags
123664973,slab,feature_tags
123739074,ledge,feature_tags
123739074,run out,bad_tags
123754309,nice,good_tags
123754309,slab,feature_tags
123951323,careful,bad_tags
123951323,crux,feature_tags
123951323,dihedral,feature_tags
123951323,jam,skill
123951323,ledge,feature_tags
123951323,roof,feature_tags
123951323,traverse,feature_tags
123951622,chimney,feature_tags
123951622,crack,feature_tags
123951622,crux,feature_tags
123951622,difficult,other_tags
123951622,face,feature_tags
123951622,jam,skill
123951622,roof,feature_tags
123951622,technical,skill
123951622,traverse,feature_tags
123954189,chimney,feature_tags
123954189,crux,feature_tags
123954189,difficult,other_tags
123954189,easy,good_tags
123954189,exposed,feature_tags
123954189,powerful,skill
123954189,roof,feature_tags
123954189,slab,feature_tags
123954189,smear,other_tags
123954189,traverse,feature_tags
123974700,good,good_tags
123974773,crack,feature_tags
123974773,face,feature_tags
123974773,good,good_tags
123974773,great,good_tags
124038301,best,good_tags
124038301,ledge,feature_tags
124038301,roof,feature_tags
124038301,slab,feature_tags
124053133,best,good_tags
124053133,cool,good_tags
124053133,fun,good_tags
124053166,easier,good_tags
124053166,face,feature_tags
124053166,tricky,other_tags
124116232,crack,feature_tags
124116232,crux,feature_tags
124116232,exposed,feature_tags
124116232,ledge,feature_tags
124116232,roof,feature_tags
124116232,scary,other_tags
124179456,face,feature_tags
124179456,fun,good_tags
124179456,good,good_tags
124179456,roof,feature_tags
124179456,traverse,feature_tags
124533443,crux,feature_tags
124533443,face,feature_tags
124533443,slab,feature_tags
124741624,crux,feature_tags
125187612,chimney,feature_tags
125187612,crux,feature_tags
125187612,good,good_tags
125187612,jam,skill
125187612,thin,other_tags
125212382,crack,feature_tags
125212382,face,feature_tags
125212382,ledge,feature_tags
125236243,crack,feature_tags
125236243,easier,good_tags
125236243,good,good_tags
125236243,thin,other_tags
125236243,tricky,other_tags
125237424,face,feature_tags
125237424,fun,good_tags
125237424,good,good_tags
125237424,jug,feature_tags
125237424,tricky,other_tags
125237452,face,feature_tags
125237452,tricky,other_tags
125327253,crack,feature_tags
125327253,thin,other_tags
125327288,crack,feature_tags
125327288,flake,feature_tags
125327288,traverse,feature_tags
125327288,tricky,other_tags
125386176,great,good_tags
125386176,ledge,feature_tags
125386176,roof,feature_tags
125386253,crux,feature_tags
125386253,easy,good_tags
125386253,fun,good_tags
125402429,crack,feature_tags
125402429,crux,feature_tags
125428327,crack,feature_tags
125428327,face,feature_tags
125428327,run out,bad_tags
125428327,slab,feature_tags
125433123,easy,good_tags
125433123,run out,bad_tags
125484191,crack,feature_tags
125484191,face,feature_tags
125507951,beautiful,good_tags
125507951,sandy,bad_tags
125507951,traverse,feature_tags
125508005,crack,feature_tags
125508005,slab,feature_tags
125508005,tricky,other_tags
125508051,beautiful,good_tags
125508051,crack,feature_tags
125508051,crux,feature_tags
125508051,flake,feature_tags
125508051,sandy,bad_tags
125509740,crack,feature_tags
125509740,difficult,other_tags
125509740,easy,good_tags
125509740,ledge,feature_tags
125509740,nice,good_tags
125509740,slab,feature_tags
125509740,tricky,other_tags
125511602,crack,feature_tags
125511602,slab,feature_tags
125512259,chimney,feature_tags
125512259,easier,good_tags
125512259,roof,feature_tags
125513905,arete,feature_tags
125513905,slab,feature_tags
125513912,easier,good_tags
125513912,good,good_tags
125513912,slab,feature_tags
125513912,tricky,other_tags
125513920,crux,feature_tags
125513920,easier,good_tags
125513920,good,good_tags
125513920,slab,feature_tags
125513960,flake,feature_tags
125513960,slab,feature_tags
125513969,flake,feature_tags
125513969,fun,good_tags
125513969,slab,feature_tags
125594540,good,good_tags
125594540,jug,feature_tags
125594540,nice,good_tags
125594540,warm up,good_tags
125597891,cool,good_tags
125597891,face,feature_tags
125597891,flake,feature_tags
125597891,good,good_tags
125662197,chimney,feature_tags
125662197,slab,feature_tags
125677345,bad,bad_tags
125677345,crack,feature_tags
125677345,thin,other_tags
125710689,face,feature_tags
125710689,fun,good_tags
125710689,great,good_tags
125710689,thin,other_tags
125713911,face,feature_tags
125713921,face,feature_tags
125713931,easy,good_tags
125713931,good,good_tags
125713949,crack,feature_tags
125769589,careful,bad_tags
125769589,classic,good_tags
125769589,crux,feature_tags
125769589,face,feature_tags
125769589,great,good_tags
125769589,interesting,good_tags
125769589,roof,feature_tags
125769589,traverse,feature_tags
125769624,bad,bad_tags
125769624,flake,feature_tags
125769624,good,good_tags
125769624,roof,feature_tags
125769624,technical,skill
125769624,warm up,good_tags
125811539,crack,feature_tags
125811539,excellent,good_tags
125811539,face,feature_tags
125811539,fun,good_tags
125811539,jug,feature_tags
125811539,roof,feature_tags
125867492,crux,feature_tags
125867492,face,feature_tags
125867492,fun,good_tags
125867492,pocket,feature_tags
125867492,rust,bad_tags
125895584,crack,feature_tags
125895584,easier,good_tags
125895584,good,good_tags
125895584,thin,other_tags
125904030,crack,feature_tags
125904030,crux,feature_tags
125904030,face,feature_tags
125904030,flake,feature_tags
125904030,jug,feature_tags
125904030,traverse,feature_tags
125904030,tricky,other_tags
125905956,crack,feature_tags
125905956,thin,other_tags
125908954,crack,feature_tags
125908954,slab,feature_tags
125989207,crux,feature_tags
125989207,easier,good_tags
125989207,ledge,feature_tags
125989207,roof,feature_tags
125989207,run out,bad_tags
125989257,arete,feature_tags
125989257,best,good_tags
125989257,face,feature_tags
126013861,dirty,bad_tags
126013861,ledge,feature_tags
126029282,crux,feature_tags
126029282,face,feature_tags
126029282,fun,good_tags
126029444,arete,feature_tags
126029444,crux,feature_tags
126029444,fun,good_tags
126029444,good,good_tags
126029444,jug,feature_tags
126124101,bad,bad_tags
126124101,dihedral,feature_tags
126124101,good,good_tags
126287964,chimney,feature_tags
126287964,crack,feature_tags
126288025,chimney,feature_tags
126288025,crack,feature_tags
126288025,face,feature_tags
126288025,good,good_tags
126288025,slab,feature_tags
126288232,chimney,feature_tags
126288232,crack,feature_tags
126288322,crack,feature_tags
126288322,face,feature_tags
126288322,flake,feature_tags
126288322,good,good_tags
126288322,ledge,feature_tags
126288322,slab,feature_tags
126326652,crux,feature_tags
126326652,easier,good_tags
126326652,face,feature_tags
126326652,roof,feature_tags
126383340,crux,feature_tags
126383340,ledge,feature_tags
126383340,mantle,skill
126540011,dirty,bad_tags
126540011,fun,good_tags
126540011,ledge,feature_tags
126540011,slab,feature_tags
126573278,crux,feature_tags
126573278,ledge,feature_tags
126618522,bad,bad_tags
126618522,easy,good_tags
126618522,exposed,feature_tags
126618522,fun,good_tags
126618522,good,good_tags
126618522,great,good_tags
126618522,jug,feature_tags
126618522,ledge,feature_tags
126618522,mantle,skill
126618522,roof,feature_tags
126618522,slab,feature_tags
126618522,traverse,feature_tags
126700200,flake,feature_tags
126700200,fun,good_tags
126700200,ledge,feature_tags
126700200,slab,feature_tags
126956579,easy,good_tags
126956579,high first bolt,other_tags
126956579,roof,feature_tags
127166093,easier,good_tags
127166093,face,feature_tags
127268457,burly,skill
127268457,crack,feature_tags
127268457,dihedral,feature_tags
127268457,good,good_tags
127268457,ledge,feature_tags
127268457,slab,feature_tags
127268457,thin,other_tags
127268517,chimney,feature_tags
127268517,slab,feature_tags
127268517,tricky,other_tags
127304025,crux,feature_tags
127304025,easier,good_tags
127304025,easy,good_tags
127304025,good,good_tags
127304025,jug,feature_tags
127304025,ledge,feature_tags
127304025,roof,feature_tags
127304025,stick clip,other_tags
127337842,great,good_tags
127337842,jug,feature_tags
127337842,mantle,skill
127337842,thin,other_tags
127337864,cool,good_tags
127337864,good,good_tags
127337864,jug,feature_tags
127356858,arete,feature_tags
127356897,fun,good_tags
127356897,ledge,feature_tags
127356897,sandy,bad_tags
127356897,stick clip,other_tags
127367551,roof,feature_tags
127369512,crack,feature_tags
127369512,easy,good_tags
127369512,face,feature_tags
127369512,good,good_tags
127369512,ledge,feature_tags
127369512,roof,feature_tags
127369512,slab,feature_tags
127369512,thin,other_tags
127369686,burly,skill
127369686,crack,feature_tags
127369686,face,feature_tags
127369686,fun,good_tags
127369686,good,good_tags
127369686,jam,skill
127369686,thin,other_tags
127372548,arete,feature_tags
127372548,face,feature_tags
127372614,face,feature_tags
127406259,good,good_tags
127406259,nice,good_tags
127406259,slab,feature_tags
127406287,crack,feature_tags
127406287,fun,good_tags
127406287,roof,feature_tags
127406287,slab,feature_tags
127406287,thin,other_tags
127408677,crux,feature_tags
127408932,crack,feature_tags
127408932,difficult,other_tags
127408932,easy,good_tags
127408932,good,good_tags
127408932,ledge,feature_tags
127408932,rust,bad_tags
200285093,good,good_tags
200285093,slab,feature_tags
200346143,crack,feature_tags
200346143,good,good_tags
200346143,jug,feature_tags
200527228,dirty,bad_tags
200527228,face,feature_tags
200527228,roof,feature_tags
200527228,slab,feature_tags
200527321,crack,feature_tags
200527321,easy,good_tags
200527321,run out,bad_tags
200527321,slab,feature_tags
200527321,thin,other_tags
200527321,traverse,feature_tags
200527421,slab,feature_tags
200527859,crack,feature_tags
200527859,dihedral,feature_tags
200527859,fun,good_tags
200527859,good,good_tags
200527859,roof,feature_tags
200527859,traverse,feature_tags
200527922,good,good_tags
200527922,slab,feature_tags
200528009,arete,feature_tags
200528009,face,feature_tags
200528009,high first bolt,other_tags
200528009,mantle,skill
200528009,slab,feature_tags
200529088,dihedral,feature_tags
200529088,face,feature_tags
200529088,roof,feature_tags
200529088,thin,other_tags
200532250,roof,feature_tags
200550870,arete,feature_tags
200550870,best,good_tags
200550870,crack,feature_tags
200550870,flake,feature_tags
200550870,good,good_tags
200550870,slab,feature_tags
200550870,thin,other_tags
200554811,crack,feature_tags
200554811,good,good_tags
200554811,great,good_tags
200554811,thin,other_tags
200597610,crux,feature_tags
200597610,dihedral,feature_tags
200597610,excellent,good_tags
200597610,face,feature_tags
200597610,ledge,feature_tags
200597610,nice,good_tags
200597610,traverse,feature_tags
200652283,crimp,feature_tags
200652283,face,feature_tags
200652283,flake,feature_tags
200652283,ledge,feature_tags
200652283,roof,feature_tags
200652283,slab,feature_tags
200691129,crack,feature_tags
200691129,difficult,other_tags
200691129,fun,good_tags
200733128,balance,skill
200733128,crack,feature_tags
200733128,face,feature_tags
200746969,best,good_tags
200746969,crack,feature_tags
200746969,fun,good_tags
200746969,pocket,feature_tags
200746969,slab,feature_tags
200824882,dihedral,feature_tags
200836696,arete,feature_tags
200836696,crack,feature_tags
200836696,face,feature_tags
200836696,ledge,feature_tags
200836696,nice,good_tags
200836696,slab,feature_tags
200836696,thin,other_tags
200842996,crack,feature_tags
200844722,arete,feature_tags
200844722,chimney,feature_tags
200844722,classic,good_tags
200844722,face,feature_tags
200844722,slab,feature_tags
200844722,thin,other_tags
200844765,difficult,other_tags
200844765,face,feature_tags
200844765,hueco,feature_tags
200844765,jug,feature_tags
200844765,stick clip,other_tags
200844765,thin,other_tags
200896591,crimp,feature_tags
200896591,hueco,feature_tags
200896591,jug,feature_tags
200896591,nice,good_tags
201211782,ledge,feature_tags
201211782,pocket,feature_tags
201211850,face,feature_tags
201211882,face,feature_tags
201211882,ledge,feature_tags
201211882,pocket,feature_tags
201211932,arete,feature_tags
201211932,danger,bad_tags
201211932,ledge,feature_tags
201211932,pocket,feature_tags
201232030,ledge,feature_tags
201232030,roof,feature_tags
201232030,traverse,feature_tags
201265808,crux,feature_tags
201265808,face,feature_tags
201265808,flake,feature_tags
201265808,good,good_tags
201265808,pocket,feature_tags
201302025,choss,bad_tags
201302025,easy,good_tags
201302025,good,good_tags
201302025,great,good_tags
201302025,ledge,feature_tags
201302025,warm up,good_tags
201408872,crux,feature_tags
201408872,great,good_tags
201408872,slab,feature_tags
201408872,stick clip,other_tags
201408872,technical,skill
201408915,crux,feature_tags
201408915,face,feature_tags
201408915,fun,good_tags
201408915,slab,feature_tags
201408915,stick clip,other_tags
201408915,thin,other_tags
201408953,crack,feature_tags
201408953,face,feature_tags
201408953,stick clip,other_tags
201409045,beautiful,good_tags
201409045,classic,good_tags
201409045,crack,feature_tags
201409045,good,good_tags
201433324,easier,good_tags
201433324,slab,feature_tags
201438063,dirty,bad_tags
201438063,ledge,feature_tags
201438063,thin,other_tags
201679535,arete,feature_tags
201679535,dirty,bad_tags
201679535,easier,good_tags
201679535,face,feature_tags
201679535,fun,good_tags
201679535,good,good_tags
201679535,ledge,feature_tags
201679535,traverse,feature_tags
201679576,crack,feature_tags
201679576,easier,good_tags
201679576,face,feature_tags
201681913,arete,feature_tags
201681913,easy,good_tags
201812161,arete,feature_tags
201812161,crack,feature_tags
201812161,face,feature_tags
201812161,nice,good_tags
202019805,great,good_tags
202019805,pocket,feature_tags
202026395,face,feature_tags
202026395,slab,feature_tags
202065151,crux,feature_tags
202065151,face,feature_tags
202065151,fun,good_tags
202242912,careful,bad_tags
202242912,choss,bad_tags
202242912,jug,feature_tags
202242912,slab,feature_tags
202276294,crack,feature_tags
202276294,difficult,other_tags
202276294,easy,good_tags
202276294,good,good_tags
202276294,pocket,feature_tags
202276294,roof,feature_tags
202276294,traverse,feature_tags
202443310,flake,feature_tags
202526615,slab,feature_tags
202600993,crack,feature_tags
202600993,crux,feature_tags
202600993,dihedral,feature_tags
202600993,face,feature_tags
202600993,ledge,feature_tags
202600993,mantle,skill
202620925,arete,feature_tags
202620925,crimp,feature_tags
202620925,face,feature_tags
202620925,great,good_tags
202620925,rust,bad_tags
202636824,beautiful,good_tags
202636824,crimp,feature_tags
202636824,crux,feature_tags
202636824,pocket,feature_tags
202636824,slab,feature_tags
202636824,thin,other_tags
202743020,arete,feature_tags
202743020,face,feature_tags
202743032,dihedral,feature_tags
202743032,easy,good_tags
202743032,face,feature_tags
202743044,crack,feature_tags
202743044,ledge,feature_tags
202743044,roof,feature_tags
202743044,slab,feature_tags
202743048,best,good_tags
202743048,face,feature_tags
202743048,roof,feature_tags
202743057,classic,good_tags
202743057,crack,feature_tags
202743057,face,feature_tags
202743057,roof,feature_tags
202743062,chimney,feature_tags
202743062,crack,feature_tags
202743062,crimp,feature_tags
202743062,face,feature_tags
202743062,jug,feature_tags
202743217,crux,feature_tags
202743217,stick clip,other_tags
202743220,crack,feature_tags
202743220,fun,good_tags
202743223,crack,feature_tags
202743223,crux,feature_tags
202743223,jug,feature_tags
202743283,balance,skill
202743283,crack,feature_tags
202743283,crimp,feature_tags
202743283,face,feature_tags
202743283,jug,feature_tags
202743283,techy,skill
202743288,crux,feature_tags
202743288,dyno,skill
202743288,flake,feature_tags
202743288,good,good_tags
202743303,sloper,feature_tags
202743371,crack,feature_tags
202743371,flake,feature_tags
202743399,face,feature_tags
202743413,arete,feature_tags
202743413,face,feature_tags
202743413,jug,feature_tags
202743413,nice,good_tags
202743413,pocket,feature_tags
202743416,flake,feature_tags
202743554,crux,feature_tags
202743554,face,feature_tags
202743559,arete,feature_tags
202743559,ledge,feature_tags
202743559,pumpy,other_tags
202743559,roof,feature_tags
202743559,run out,bad_tags
202743559,slab,feature_tags
202743559,thin,other_tags
202743591,fun,good_tags
202743591,jug,feature_tags
202743645,arete,feature_tags
202743645,fun,good_tags
202743645,roof,feature_tags
202743677,cool,good_tags
202743677,crack,feature_tags
202743677,excellent,good_tags
202743677,roof,feature_tags
202849310,face,feature_tags
202849310,jug,feature_tags
202913311,crux,feature_tags
202913311,fun,good_tags
202913311,slab,feature_tags
203001007,arete,feature_tags
