route_id,route,location,url,avg_stars,route_type,rating,pitches,length,y,x
112522475,Internet Arete,Moby Boulder > Moby Area > Tilted Tree > Coopers Rock State Forest > Northern WV > West Virginia,https://www.mountainproject.com/route/112522475/internet-arete,3.6,Boulder,V3,1,NA,39.63388,-79.80663
107495217,Tomb Raider,Tomb Raider > Tomb Raider Area > Upper Rock City > Coopers Rock State Forest > Northern WV > West Virginia,https://www.mountainproject.com/route/107495217/tomb-raider,3,Boulder,V3,1,NA,39.63807,-79.81754
107041756,Black Scar,Tilted Tree Corridor > Tilted Tree Area > Tilted Tree > Coopers Rock State Forest > Northern WV > West Virginia,https://www.mountainproject.com/route/107041756/black-scar,3.1,Boulder,V1,1,NA,39.63321,-79.80525
107294413,Puckerface,Leaving Las Fayetteville Boulder > Hawk's Nest Proper > Lower New River Gorge Bouldering > New River Gorge Proper > The New River Gorge Region > West Virginia,https://www.mountainproject.com/route/107294413/puckerface,2.8,Boulder,V2,1,NA,38.11762,-81.13159
115679841,Crimpin' Ain't Easy,06. Crimpin' Boulder > Meadow Top Boulders > Meadow River Gorge > The New River Gorge Region > West Virginia,https://www.mountainproject.com/route/115679841/crimpin-aint-easy,3,Boulder,V3-,1,NA,38.1532,-80.93027
112352193,Gymnastic Fantastic,Gymnastic Fantastic Boulder > Short Creek Right > Short Creek Bouldering > Beauty Mountain > New River Gorge Proper > The New River Gorge Region > West Virginia,https://www.mountainproject.com/route/112352193/gymnastic-fantastic,3.6,Boulder,V2,1,15,38.05486,-81.03522
107041786,Practitioner aka “The Proctologist”,Tilted Tree Corridor > Tilted Tree Area > Tilted Tree > Coopers Rock State Forest > Northern WV > West Virginia,https://www.mountainproject.com/route/107041786/practitioner-aka-the-proctologist,2.7,Boulder,V1,1,NA,39.63321,-79.80525
117928462,Spiderwoman Problem,Ceiling Block Area > Roadside > Coopers Rock State Forest > Northern WV > West Virginia,https://www.mountainproject.com/route/117928462/spiderwoman-problem,3.9,Boulder,V-easy,1,NA,39.63559,-79.81191
114232025,Helium,Sunshine Boulder > Sunshine Boulders > New River Gorge Proper > The New River Gorge Region > West Virginia,https://www.mountainproject.com/route/114232025/helium,3.2,Boulder,V3,1,14,38.0733,-81.08549
114170641,The Cave Route,Tendon Repair Kit Area > Roadside > Coopers Rock State Forest > Northern WV > West Virginia,https://www.mountainproject.com/route/114170641/the-cave-route,3.6,Boulder,V3,1,12,39.63561,-79.81205
107041802,Always Dry Roof,Tilted Tree Corridor > Tilted Tree Area > Tilted Tree > Coopers Rock State Forest > Northern WV > West Virginia,https://www.mountainproject.com/route/107041802/always-dry-roof,3.5,Boulder,V2,1,NA,39.63321,-79.80525
112441068,Knife Fink,Knife Fink Area > Upper Rock City > Coopers Rock State Forest > Northern WV > West Virginia,https://www.mountainproject.com/route/112441068/knife-fink,3.6,Boulder,V1+,1,NA,39.63832,-79.81772
108575509,Butch Goes to Indochina,Jaws Boulder > Bridge Boulders > Bridge Area > New River Gorge Proper > The New River Gorge Region > West Virginia,https://www.mountainproject.com/route/108575509/butch-goes-to-indochina,3.5,Boulder,V3,1,NA,38.072,-81.07998
112522593,Crack of Earthly Delights,First Wall Left > First Wall > Tilted Tree > Coopers Rock State Forest > Northern WV > West Virginia,https://www.mountainproject.com/route/112522593/crack-of-earthly-delights,3.2,Boulder,V1,1,NA,39.6339,-79.80606
107041808,Tilted Tree Arete,Tilted Tree Corridor > Tilted Tree Area > Tilted Tree > Coopers Rock State Forest > Northern WV > West Virginia,https://www.mountainproject.com/route/107041808/tilted-tree-arete,2.6,Boulder,V3,1,NA,39.63321,-79.80525
107041781,Big Pocket Problem,Tilted Tree Corridor > Tilted Tree Area > Tilted Tree > Coopers Rock State Forest > Northern WV > West Virginia,https://www.mountainproject.com/route/107041781/big-pocket-problem,2.7,Boulder,V0+,1,NA,39.63321,-79.80525
115177269,The Nose,Tuggin' Shack > Interp Boulders > New River Gorge Proper > The New River Gorge Region > West Virginia,https://www.mountainproject.com/route/115177269/the-nose,3.3,Boulder,V2,1,NA,38.07878,-81.07696
120252143,Steropes,Giant's Slab Boulder > 5th Pull Off (School Bus Area) > Darnell Hollow > University Research Forest > Cheat Canyon > Northern WV > West Virginia,https://www.mountainproject.com/route/120252143/steropes,3.8,Boulder,V3,1,NA,39.69077,-79.80159
120978857,Labor and Delivery,Labor and Delivery Boulders > Labor and Delivery Area > In-Between Area > Coopers Rock State Forest > Northern WV > West Virginia,https://www.mountainproject.com/route/120978857/labor-and-delivery,3.8,Boulder,V2+,1,NA,39.63454,-79.80871
112802677,A Touch of Tango,Ship's Prow > Tomb Raider Area > Upper Rock City > Coopers Rock State Forest > Northern WV > West Virginia,https://www.mountainproject.com/route/112802677/a-touch-of-tango,2.3,Boulder,V1-2,1,NA,39.63823,-79.81768
106907787,Woody's Arete,Ceiling Block Area > Roadside > Coopers Rock State Forest > Northern WV > West Virginia,https://www.mountainproject.com/route/106907787/woodys-arete,3.5,Boulder,V3,1,15,39.63559,-79.81191
115339556,Ship's Traverse (V3 Variation),Ship's Prow > Tomb Raider Area > Upper Rock City > Coopers Rock State Forest > Northern WV > West Virginia,https://www.mountainproject.com/route/115339556/ships-traverse-v3-variation,3,Boulder,V3,1,13,39.63823,-79.81768
120456094,Low Gear,Tractor Trailer Boulder > Greenbrier Boulders > Furnace Road Areas > Coopers Rock State Forest > Northern WV > West Virginia,https://www.mountainproject.com/route/120456094/low-gear,3.7,Boulder,V2,1,NA,39.65596,-79.81936
114488434,Four Ton Mantis,Squirrel Soup Boulder > First Wall > Tilted Tree > Coopers Rock State Forest > Northern WV > West Virginia,https://www.mountainproject.com/route/114488434/four-ton-mantis,4,"TR, Boulder",V3 R,1,23,39.63343,-79.80549
120243436,Snake Eyes,Dice Boulders > 1st pull off > Darnell Hollow > University Research Forest > Cheat Canyon > Northern WV > West Virginia,https://www.mountainproject.com/route/120243436/snake-eyes,4,Boulder,V3,1,NA,39.69248,-79.81151
117114752,Surprise Puppy!,“The Prize” Sector > Cheat Canyon Wildlife Management Area > Cheat Canyon > Northern WV > West Virginia,https://www.mountainproject.com/route/117114752/surprise-puppy,4,Boulder,V3+,1,NA,39.51394,-79.65676
118821728,Doomsday,Creekside Boulder > Deer Skull Boulders > University Research Forest > Cheat Canyon > Northern WV > West Virginia,https://www.mountainproject.com/route/118821728/doomsday,4,Boulder,V2,1,NA,39.66244,-79.81873
115339599,Pocketsock,Tomb Raider > Tomb Raider Area > Upper Rock City > Coopers Rock State Forest > Northern WV > West Virginia,https://www.mountainproject.com/route/115339599/pocketsock,3.1,Boulder,V3,1,NA,39.63807,-79.81754
109163280,Mushrooms,Mushroom Boulder (Picnic Table) > Upper Rock City > Coopers Rock State Forest > Northern WV > West Virginia,https://www.mountainproject.com/route/109163280/mushrooms,3,Boulder,V3,1,NA,39.63972,-79.81768
122532263,Playin’ with Blocks,Block Party Area > Greenbrier Boulders > Furnace Road Areas > Coopers Rock State Forest > Northern WV > West Virginia,https://www.mountainproject.com/route/122532263/playin-with-blocks,3.6,Boulder,V1,1,12,39.65729,-79.8186
117114773,Tranquility,“The Prize” Sector > Cheat Canyon Wildlife Management Area > Cheat Canyon > Northern WV > West Virginia,https://www.mountainproject.com/route/117114773/tranquility,4,Boulder,V3+,1,NA,39.51394,-79.65676
107041746,Visitation,Tilted Tree Corridor > Tilted Tree Area > Tilted Tree > Coopers Rock State Forest > Northern WV > West Virginia,https://www.mountainproject.com/route/107041746/visitation,3,Boulder,V2,1,NA,39.63321,-79.80525
123226965,Psychonaughts,Psychonaughts Boulder > Electric Avenue Area > Tilted Tree > Coopers Rock State Forest > Northern WV > West Virginia,https://www.mountainproject.com/route/123226965/psychonaughts,4,Boulder,V0,1,18,39.63209,-79.80458
117118796,Right up Zappa’s Nose,Sector 1 > Cheat Canyon Wildlife Management Area > Cheat Canyon > Northern WV > West Virginia,https://www.mountainproject.com/route/117118796/right-up-zappas-nose,3.9,Boulder,V3,1,NA,39.51329,-79.65458
120377796,B-Team,Fayette Station Boulders > New River Gorge Proper > The New River Gorge Region > West Virginia,https://www.mountainproject.com/route/120377796/b-team,2.2,Boulder,V2,1,8,38.068,-81.08255
123115482,Boys in the Hood,Eldorado Roofs > Eldorado > Furnace Road Areas > Coopers Rock State Forest > Northern WV > West Virginia,https://www.mountainproject.com/route/123115482/boys-in-the-hood,4,Boulder,V3,1,15,39.65525,-79.80079
107495232,Ship's Mantle,Ship's Prow > Tomb Raider Area > Upper Rock City > Coopers Rock State Forest > Northern WV > West Virginia,https://www.mountainproject.com/route/107495232/ships-mantle,2.2,Boulder,V2,1,NA,39.63823,-79.81768
122453312,Ego Bust,Zaragoza Boulders > McCollum Campground Boulders > Coopers Rock State Forest > Northern WV > West Virginia,https://www.mountainproject.com/route/122453312/ego-bust,4,Boulder,V3,1,12,39.63377,-79.79169
122533743,Bear Claw,Bear’s Den > In-Between Area > Coopers Rock State Forest > Northern WV > West Virginia,https://www.mountainproject.com/route/122533743/bear-claw,4,Boulder,V2,1,10,39.63463,-79.80879
120243473,Three of a Kind,Dice Boulders > 1st pull off > Darnell Hollow > University Research Forest > Cheat Canyon > Northern WV > West Virginia,https://www.mountainproject.com/route/120243473/three-of-a-kind,4,Boulder,V1,1,NA,39.69248,-79.81151
122588647,Highland Highball,Highland Warrior Area > Bear Rocks Preserve > Dolly Sods Region > Eastern WV > West Virginia,https://www.mountainproject.com/route/122588647/highland-highball,4,"Boulder, Alpine",V2 PG13,1,20,39.06735,-79.29911
123183479,Telephone Pole Arete,West Block > Road Blocks (Route 73) > Park Entrance Areas > Coopers Rock State Forest > Northern WV > West Virginia,https://www.mountainproject.com/route/123183479/telephone-pole-arete,4,Boulder,V0,1,12,39.66102,-79.80546
123115345,Continental Division,Continental Division Boulder > Eldorado > Furnace Road Areas > Coopers Rock State Forest > Northern WV > West Virginia,https://www.mountainproject.com/route/123115345/continental-division,3.8,Boulder,V3-4,1,NA,39.65512,-79.80083
122626632,Proper Grammar,Main Area > Rocky Ridge Trail > Dolly Sods Region > Eastern WV > West Virginia,https://www.mountainproject.com/route/122626632/proper-grammar,4,Boulder,V2+,1,14,39.06885,-79.36525
122747707,Pool Party,Swimming Pool Boulders > Tomlinson Run State Park > Northern Panhandle > Northern WV > West Virginia,https://www.mountainproject.com/route/122747707/pool-party,3.5,Boulder,V2,1,14,40.53907,-80.57326
123132728,Classic Slab,Notmucha Slab Boulder > Notmucha Boulders > Rhododendron Trail Areas > Coopers Rock State Forest > Northern WV > West Virginia,https://www.mountainproject.com/route/123132728/classic-slab,3.5,Boulder,V0,1,12,39.64307,-79.82104
110053789,Streamside Traverse,Streamside Boulder I > Bozooka Area > Bozoo Bouldering > Bozoo > Southern WV > West Virginia,https://www.mountainproject.com/route/110053789/streamside-traverse,4,Boulder,V0,1,15,37.47727,-80.86509
122633102,Jabba Jabba Slab,2. Stigmaria Boulders > Camp 70 Boulders > Eastern WV > West Virginia,https://www.mountainproject.com/route/122633102/jabba-jabba-slab,4,Boulder,V0,1,NA,39.12299,-79.4326
108814647,The Chub,"C6: Upper Tier, Hermit's Cave > C: Talus Area > Downstream Boulderfield > Bozoo Bouldering > Bozoo > Southern WV > West Virginia",https://www.mountainproject.com/route/108814647/the-chub,4,Boulder,V3,1,12,37.48359,-80.87431
122721007,Tour de Pump,3. The Pump Cave > Laurel Trail Boulders > Tomlinson Run State Park > Northern Panhandle > Northern WV > West Virginia,https://www.mountainproject.com/route/122721007/tour-de-pump,3.5,Boulder,V1,1,18,40.54617,-80.60221
123271879,Follow the Arrow,Font Boulders > Entrance Boulders > Upper Rock City > Coopers Rock State Forest > Northern WV > West Virginia,https://www.mountainproject.com/route/123271879/follow-the-arrow,3.5,Boulder,V0+,1,10,39.63797,-79.81721
121603093,Tan and High,Fayette Station Boulders > New River Gorge Proper > The New River Gorge Region > West Virginia,https://www.mountainproject.com/route/121603093/tan-and-high,3.5,Boulder,V0- PG13,1,25,38.068,-81.08255
122508359,Twisted,Ceiling Block Area > Roadside > Coopers Rock State Forest > Northern WV > West Virginia,https://www.mountainproject.com/route/122508359/twisted,3,Boulder,V3,1,8,39.63559,-79.81191
123216447,Marylands finest hot pocket,Land's End Boulder > Meadow Top Boulders > Meadow River Gorge > The New River Gorge Region > West Virginia,https://www.mountainproject.com/route/123216447/marylands-finest-hot-pocket,4,Boulder,V2,1,NA,38.15443,-80.93717
122395364,Caveman Arms,The Diamond and The Cave Area > In-Between Area > Coopers Rock State Forest > Northern WV > West Virginia,https://www.mountainproject.com/route/122395364/caveman-arms,2.8,Boulder,V3,1,10,39.63499,-79.80994
107829898,Poundin' The Pooch,Ship's Prow > Tomb Raider Area > Upper Rock City > Coopers Rock State Forest > Northern WV > West Virginia,https://www.mountainproject.com/route/107829898/poundin-the-pooch,2.8,Boulder,V3,1,20,39.63823,-79.81768
121552702,Rock City Arete,Rock City Arete Boulder > Jekyll and Hyde Area > Lower Rock City > Coopers Rock State Forest > Northern WV > West Virginia,https://www.mountainproject.com/route/121552702/rock-city-arete,4,Boulder,V2,1,12,39.64178,-79.82788
119779546,Micro Dose,Micro Bus Boulder > 5th Pull Off (School Bus Area) > Darnell Hollow > University Research Forest > Cheat Canyon > Northern WV > West Virginia,https://www.mountainproject.com/route/119779546/micro-dose,4,Boulder,V3-4,1,10,39.69062,-79.80168
120434776,Sport Bouldering is Neither,Lower Skittles Boulders > Snake Hill Wildlife Management Area > Cheat Canyon > Northern WV > West Virginia,https://www.mountainproject.com/route/120434776/sport-bouldering-is-neither,4,Boulder,V3-4,1,15,39.63357,-79.83734
120455457,No Second Chances,Dihedral Boulder > Greenbrier Boulders > Furnace Road Areas > Coopers Rock State Forest > Northern WV > West Virginia,https://www.mountainproject.com/route/120455457/no-second-chances,4,Boulder,V1 PG13,1,NA,39.65724,-79.81918
118854229,Death Roll,Ballard Trail Boulders > Kanawha State Forest > Southern WV > West Virginia,https://www.mountainproject.com/route/118854229/death-roll,4,Boulder,V3-4,1,NA,38.26547,-81.66757
122532512,Whiskey Morning,Corridors > In-Between Area > Coopers Rock State Forest > Northern WV > West Virginia,https://www.mountainproject.com/route/122532512/whiskey-morning,3.5,Boulder,V3,1,14,39.63462,-79.80866
117114806,Unnamed slopey boulder,“The Prize” Sector > Cheat Canyon Wildlife Management Area > Cheat Canyon > Northern WV > West Virginia,https://www.mountainproject.com/route/117114806/unnamed-slopey-boulder,4,Boulder,V2,1,NA,39.51394,-79.65676
120810891,Pulchritudinous,The Pit > In-Between Area > Coopers Rock State Forest > Northern WV > West Virginia,https://www.mountainproject.com/route/120810891/pulchritudinous,4,Boulder,V3 PG13,1,22,39.63499,-79.80941
120810775,The UFO,The Pit > In-Between Area > Coopers Rock State Forest > Northern WV > West Virginia,https://www.mountainproject.com/route/120810775/the-ufo,4,Boulder,V2,1,3,39.63499,-79.80941
120344356,The Royal Seal,The High Court > 5th Pull Off (School Bus Area) > Darnell Hollow > University Research Forest > Cheat Canyon > Northern WV > West Virginia,https://www.mountainproject.com/route/120344356/the-royal-seal,4,Boulder,V3-4 PG13,1,NA,39.69094,-79.80152
121859704,The Highlander,2 Highland boulder > Spruce Knob Bouldering > Eastern WV > West Virginia,https://www.mountainproject.com/route/121859704/the-highlander,4,"Boulder, Alpine",V3,1,10,38.69822,-79.53448
120432763,Queen of the High Court,The High Court > 5th Pull Off (School Bus Area) > Darnell Hollow > University Research Forest > Cheat Canyon > Northern WV > West Virginia,https://www.mountainproject.com/route/120432763/queen-of-the-high-court,4,Boulder,V2-3,1,NA,39.69094,-79.80152
117114675,Unnamed,“The Prize” Sector > Cheat Canyon Wildlife Management Area > Cheat Canyon > Northern WV > West Virginia,https://www.mountainproject.com/route/117114675/unnamed,4,Boulder,V3,1,10,39.51394,-79.65676
119786425,Buckets of Goodness,Sunset Boulder > 5th Pull Off (School Bus Area) > Darnell Hollow > University Research Forest > Cheat Canyon > Northern WV > West Virginia,https://www.mountainproject.com/route/119786425/buckets-of-goodness,3.5,Boulder,V0,1,NA,39.6907,-79.80241
123099898,Straight Jacket,The Nut House > Tilted Tree > Coopers Rock State Forest > Northern WV > West Virginia,https://www.mountainproject.com/route/123099898/straight-jacket,3.3,Boulder,V1+,1,15,39.63404,-79.80727
120432246,Groom of the Stool,The High Court > 5th Pull Off (School Bus Area) > Darnell Hollow > University Research Forest > Cheat Canyon > Northern WV > West Virginia,https://www.mountainproject.com/route/120432246/groom-of-the-stool,3.5,Boulder,V0-1,1,NA,39.69094,-79.80152
121340005,Slap on the Back,Watch your back > Upper Tier > Darnell Hollow > University Research Forest > Cheat Canyon > Northern WV > West Virginia,https://www.mountainproject.com/route/121340005/slap-on-the-back,4,Boulder,V1,1,NA,39.6911,-79.80128
122512504,Everything’s Topsy-turvy,Creekside Boulders > McCollum Campground Boulders > Coopers Rock State Forest > Northern WV > West Virginia,https://www.mountainproject.com/route/122512504/everythings-topsy-turvy,4,Boulder,V1,1,14,39.63561,-79.79172
122612987,Sacred Night,Main Area > Rocky Ridge Trail > Dolly Sods Region > Eastern WV > West Virginia,https://www.mountainproject.com/route/122612987/sacred-night,4,Boulder,V-easy R,1,30,39.06885,-79.36525
107844230,New High Score,Bear Haven > Eastern WV > West Virginia,https://www.mountainproject.com/route/107844230/new-high-score,4,Boulder,V2-3 PG13,1,20,38.9293,-79.6795
122181151,Check Your Nails,Nails Area > McCollum Campground Boulders > Coopers Rock State Forest > Northern WV > West Virginia,https://www.mountainproject.com/route/122181151/check-your-nails,4,Boulder,V3-4,1,NA,39.63668,-79.78844
120500311,Rabbit Season,Fox Tail > 1st pull off > Darnell Hollow > University Research Forest > Cheat Canyon > Northern WV > West Virginia,https://www.mountainproject.com/route/120500311/rabbit-season,2.8,Boulder,V0,1,NA,39.69256,-79.81061
122609516,West Virginia Waltz,Main Area > Rocky Ridge Trail > Dolly Sods Region > Eastern WV > West Virginia,https://www.mountainproject.com/route/122609516/west-virginia-waltz,4,Boulder,V2,1,9,39.06885,-79.36525
122609394,Rampage Crack,Main Area > Rocky Ridge Trail > Dolly Sods Region > Eastern WV > West Virginia,https://www.mountainproject.com/route/122609394/rampage-crack,4,Boulder,V3,1,10,39.06885,-79.36525
121505789,Scenic,6 Looking West boulder > Spruce Knob Bouldering > Eastern WV > West Virginia,https://www.mountainproject.com/route/121505789/scenic,4,"Boulder, Alpine",V2,1,10,38.6983,-79.53469
121262713,Spoiler,Spoiler > Upper Tier > Darnell Hollow > University Research Forest > Cheat Canyon > Northern WV > West Virginia,https://www.mountainproject.com/route/121262713/spoiler,4,Boulder,V1,1,8,39.69137,-79.80194
122532471,Little Flakey,Scoop Boulder > Labor and Delivery Area > In-Between Area > Coopers Rock State Forest > Northern WV > West Virginia,https://www.mountainproject.com/route/122532471/little-flakey,4,Boulder,V3,1,14,39.63384,-79.80873
122607596,Depth Charge,Main Area > Rocky Ridge Trail > Dolly Sods Region > Eastern WV > West Virginia,https://www.mountainproject.com/route/122607596/depth-charge,4,Boulder,V3 R,1,30,39.06885,-79.36525
122532446,Scoop Arete,Scoop Boulder > Labor and Delivery Area > In-Between Area > Coopers Rock State Forest > Northern WV > West Virginia,https://www.mountainproject.com/route/122532446/scoop-arete,4,Boulder,V3,1,14,39.63384,-79.80873
123133013,Greater Than,I Dream of the Ocean Area > Rhododendron Trail Areas > Coopers Rock State Forest > Northern WV > West Virginia,https://www.mountainproject.com/route/123133013/greater-than,4,Boulder,V2,1,10,39.64508,-79.82252
123188056,Don’t get Stumped,Stump Boulder > North Boulders > Rhodo/Ridge Connector Trail Boulders > Rhododendron Trail Areas > Coopers Rock State Forest > Northern WV > West Virginia,https://www.mountainproject.com/route/123188056/dont-get-stumped,4,Boulder,V3,1,12,39.64421,-79.82536
122728322,State Park Arete,Swimming Pool Boulders > Tomlinson Run State Park > Northern Panhandle > Northern WV > West Virginia,https://www.mountainproject.com/route/122728322/state-park-arete,4,Boulder,V0-1,1,12,40.53907,-80.57326
122988585,Dancin' In Circles,P-Hole Boulder > Underlook Trail Boulders > Coopers Rock State Forest > Northern WV > West Virginia,https://www.mountainproject.com/route/122988585/dancin-in-circles,3,Boulder,V-easy PG13,1,NA,39.63684,-79.81682
123188361,Lost Triangle,Lost Triangle Wall > South Boulders > Rhodo/Ridge Connector Trail Boulders > Rhododendron Trail Areas > Coopers Rock State Forest > Northern WV > West Virginia,https://www.mountainproject.com/route/123188361/lost-triangle,3.5,Boulder,V0,1,19,39.64379,-79.82583
109898651,The Flame Slab,B. Hershey Boulder > Main Area Bouldering > Bozoo Bouldering > Bozoo > Southern WV > West Virginia,https://www.mountainproject.com/route/109898651/the-flame-slab,4,Boulder,V0+ R,1,25,37.4776,-80.8673
122610285,Rattlesnake Squeeze,Orange Puddles Area > Bear Rocks Preserve > Dolly Sods Region > Eastern WV > West Virginia,https://www.mountainproject.com/route/122610285/rattlesnake-squeeze,4,"Boulder, Alpine",V3-4,1,8,39.06638,-79.30055
122609975,Tourist Season,Highland Warrior Area > Bear Rocks Preserve > Dolly Sods Region > Eastern WV > West Virginia,https://www.mountainproject.com/route/122609975/tourist-season,3,"Boulder, Alpine",V2,1,18,39.06735,-79.29911
122610101,Tumbling Block,Orange Puddles Area > Bear Rocks Preserve > Dolly Sods Region > Eastern WV > West Virginia,https://www.mountainproject.com/route/122610101/tumbling-block,4,"Boulder, Alpine",V2,1,7,39.06638,-79.30055
122607661,Apprentice's Edge,Trailside Boulder > Rocky Ridge Trail > Dolly Sods Region > Eastern WV > West Virginia,https://www.mountainproject.com/route/122607661/apprentices-edge,4,Boulder,V3-4,1,NA,39.06971,-79.36541
122646510,White Arete,Rohrbaugh Trail Boulders and Cliffs > Dolly Sods Region > Eastern WV > West Virginia,https://www.mountainproject.com/route/122646510/white-arete,4,Boulder,V1,1,12,38.98778,-79.35345
123115575,The Plank,Plank Boulder > Greenbrier Boulders > Furnace Road Areas > Coopers Rock State Forest > Northern WV > West Virginia,https://www.mountainproject.com/route/123115575/the-plank,4,Boulder,V1 PG13,1,NA,39.65629,-79.81916
122646429,White Crack,Rohrbaugh Trail Boulders and Cliffs > Dolly Sods Region > Eastern WV > West Virginia,https://www.mountainproject.com/route/122646429/white-crack,4,Boulder,V3,1,14,38.98778,-79.35345
122998753,No Hands Slab,The Sea > Upper Rock City > Coopers Rock State Forest > Northern WV > West Virginia,https://www.mountainproject.com/route/122998753/no-hands-slab,4,Boulder,V-easy,1,NA,39.63851,-79.81744
108833651,Shawn's Prow,Ships Prow Boulder > Stoned Hinge > Bozoo Bouldering > Bozoo > Southern WV > West Virginia,https://www.mountainproject.com/route/108833651/shawns-prow,4,Boulder,V3+ PG13,1,14,37.49409,-80.87238
123229632,"Sherman, Set the Layback Machine",Giant's Slab Area > Green Acres > Powerline South > Raven Rock Trail Areas > Coopers Rock State Forest > Northern WV > West Virginia,https://www.mountainproject.com/route/123229632/sherman-set-the-layback-machine,4,"TR, Boulder",5.9+ V1 R,1,25,39.62553,-79.80104
123319557,"Back Up, Back Off",Up is Down > Eldorado > Furnace Road Areas > Coopers Rock State Forest > Northern WV > West Virginia,https://www.mountainproject.com/route/123319557/back-up-back-off,4,Boulder,V3,1,NA,39.65511,-79.80093
123384613,I'm Paris,I'm Paris Crack > Site 6 Boulders > Rhododendron Campground Boulders > Coopers Rock State Forest > Northern WV > West Virginia,https://www.mountainproject.com/route/123384613/im-paris,4,Boulder,V3-4,1,NA,39.64051,-79.81326
112834948,Get Your Shoes Back On,Tier 2 Boulders > Moby Area > Tilted Tree > Coopers Rock State Forest > Northern WV > West Virginia,https://www.mountainproject.com/route/112834948/get-your-shoes-back-on,3.4,Boulder,V3,1,NA,39.6339,-79.80704
105960951,Citizen's Arete,Jaws Boulder > Bridge Boulders > Bridge Area > New River Gorge Proper > The New River Gorge Region > West Virginia,https://www.mountainproject.com/route/105960951/citizens-arete,2.9,Boulder,V2,1,NA,38.072,-81.07998
121528854,Perfect World,Gundercling Boulder > Casey Jones > Lower New River Gorge Bouldering > New River Gorge Proper > The New River Gorge Region > West Virginia,https://www.mountainproject.com/route/121528854/perfect-world,3.6,Boulder,V2,1,20,38.11359,-81.14357
107035347,Green Block Arete,Green Block > First Set Boulders > Roadside > Coopers Rock State Forest > Northern WV > West Virginia,https://www.mountainproject.com/route/107035347/green-block-arete,2.6,Boulder,V1,1,NA,39.63559,-79.81244
119055801,Warm-up Roof,Junkyard Cave > Junkyard Area > New River Gorge Proper > The New River Gorge Region > West Virginia,https://www.mountainproject.com/route/119055801/warm-up-roof,2.9,Boulder,V2,1,NA,38.08454,-81.08123
116192188,Moonchild,Moonchild Boulder > Sunset Wall Area > Roadside > Coopers Rock State Forest > Northern WV > West Virginia,https://www.mountainproject.com/route/116192188/moonchild,3.1,Boulder,V2,1,NA,39.63494,-79.81085
108589361,Walking the Dog,Slitty Titty Boulder > Cotton Bottom > Lower New River Gorge Bouldering > New River Gorge Proper > The New River Gorge Region > West Virginia,https://www.mountainproject.com/route/108589361/walking-the-dog,2.8,Boulder,V1-,1,NA,38.11576,-81.14353
112834826,Quaid,Tier 2 Boulders > Moby Area > Tilted Tree > Coopers Rock State Forest > Northern WV > West Virginia,https://www.mountainproject.com/route/112834826/quaid,2.5,Boulder,V2,1,NA,39.6339,-79.80704
119180356,The Powerline,1. Powerline Boulders > Camp 70 Boulders > Eastern WV > West Virginia,https://www.mountainproject.com/route/119180356/the-powerline,3.6,Boulder,V3,1,8,39.13486,-79.43886
117069241,Crime in a Bottle,06. Crimpin' Boulder > Meadow Top Boulders > Meadow River Gorge > The New River Gorge Region > West Virginia,https://www.mountainproject.com/route/117069241/crime-in-a-bottle,3.1,Boulder,V0,1,15,38.1532,-80.93027
108069754,F: Balance Arete,A: Air Jordy Boulder > Downstream Boulderfield > Bozoo Bouldering > Bozoo > Southern WV > West Virginia,https://www.mountainproject.com/route/108069754/f-balance-arete,3.6,Boulder,V2,1,NA,37.4829,-80.8749
108083345,Squeeze Arete,The Vulture Roost > BoulderCliff Area > Entryway Boulders > Bozoo Bouldering > Bozoo > Southern WV > West Virginia,https://www.mountainproject.com/route/108083345/squeeze-arete,3.7,Boulder,V3,1,NA,37.4744,-80.8588
108575442,Politically Left,Jaws Boulder > Bridge Boulders > Bridge Area > New River Gorge Proper > The New River Gorge Region > West Virginia,https://www.mountainproject.com/route/108575442/politically-left,2.8,Boulder,V3,1,13,38.072,-81.07998
121465505,Almost Heaven,3 Wild and Wonderful boulder > Spruce Knob Bouldering > Eastern WV > West Virginia,https://www.mountainproject.com/route/121465505/almost-heaven,3.8,"Boulder, Alpine",V3,1,12,38.69808,-79.53431
119698610,Slab Diversion,Demi-God Boulder > 5th Pull Off (School Bus Area) > Darnell Hollow > University Research Forest > Cheat Canyon > Northern WV > West Virginia,https://www.mountainproject.com/route/119698610/slab-diversion,3.3,Boulder,V3,1,NA,39.69077,-79.80159
120455680,Parallelogram Arete,Block Party Area > Greenbrier Boulders > Furnace Road Areas > Coopers Rock State Forest > Northern WV > West Virginia,https://www.mountainproject.com/route/120455680/parallelogram-arete,3.3,Boulder,V3,1,NA,39.65729,-79.8186
123181050,Bird Song,Bird Watcher Boulders > First Area Boulders > Rhododendron Trail Areas > Coopers Rock State Forest > Northern WV > West Virginia,https://www.mountainproject.com/route/123181050/bird-song,3.4,Boulder,V3,1,12,39.64273,-79.82041
123099943,Crazy Train,The Nut House > Tilted Tree > Coopers Rock State Forest > Northern WV > West Virginia,https://www.mountainproject.com/route/123099943/crazy-train,3.5,Boulder,V1,1,12,39.63404,-79.80727
119656301,I Love Luci!,04. I Love Luci! Boulder > Meadow Top Boulders > Meadow River Gorge > The New River Gorge Region > West Virginia,https://www.mountainproject.com/route/119656301/i-love-luci,2.5,Boulder,V3-,1,10,38.15326,-80.9301
120456316,Bend It,Bendable Boulder > Greenbrier Boulders > Furnace Road Areas > Coopers Rock State Forest > Northern WV > West Virginia,https://www.mountainproject.com/route/120456316/bend-it,3.8,Boulder,V3-4,1,NA,39.6558,-79.81807
112552269,Shaky Legs,Anti-Elvis Area > Tilted Tree > Coopers Rock State Forest > Northern WV > West Virginia,https://www.mountainproject.com/route/112552269/shaky-legs,2.9,Boulder,V3,1,NA,39.6341,-79.80722
115166617,Clarity,Tier 2 Boulders > Moby Area > Tilted Tree > Coopers Rock State Forest > Northern WV > West Virginia,https://www.mountainproject.com/route/115166617/clarity,2.6,Boulder,V1-2,1,16,39.6339,-79.80704
115127700,Juggernaut,Slitty Titty Boulder > Cotton Bottom > Lower New River Gorge Bouldering > New River Gorge Proper > The New River Gorge Region > West Virginia,https://www.mountainproject.com/route/115127700/juggernaut,2.8,Boulder,V2,1,13,38.11576,-81.14353
112523021,Cyrax,Wave Rider Boulder > Fiddle Area > Tilted Tree > Coopers Rock State Forest > Northern WV > West Virginia,https://www.mountainproject.com/route/112523021/cyrax,2.6,Boulder,V2,1,NA,39.63361,-79.80602
120455886,Blockhead,Block Party Area > Greenbrier Boulders > Furnace Road Areas > Coopers Rock State Forest > Northern WV > West Virginia,https://www.mountainproject.com/route/120455886/blockhead,2.8,Boulder,V2,1,NA,39.65729,-79.8186
120243483,Large Straight in a Bag,Dice Boulders > 1st pull off > Darnell Hollow > University Research Forest > Cheat Canyon > Northern WV > West Virginia,https://www.mountainproject.com/route/120243483/large-straight-in-a-bag,3.4,Boulder,V0,1,NA,39.69248,-79.81151
114170730,Dextrose,Font Boulders > Entrance Boulders > Upper Rock City > Coopers Rock State Forest > Northern WV > West Virginia,https://www.mountainproject.com/route/114170730/dextrose,2.8,Boulder,V3,1,10,39.63797,-79.81721
107495183,Pure Power,Roundhouse Boulder > Roundhouse Area > Upper Rock City > Coopers Rock State Forest > Northern WV > West Virginia,https://www.mountainproject.com/route/107495183/pure-power,2.9,Boulder,V3+,1,10,39.63772,-79.81797
114179673,The Fiddle,Fiddle Rock > Fiddle Area > Tilted Tree > Coopers Rock State Forest > Northern WV > West Virginia,https://www.mountainproject.com/route/114179673/the-fiddle,2.7,Boulder,V3,1,NA,39.63378,-79.8061
117034163,T-Rex,Tuggin' Shack > Interp Boulders > New River Gorge Proper > The New River Gorge Region > West Virginia,https://www.mountainproject.com/route/117034163/t-rex,2.7,Boulder,V2,1,NA,38.07878,-81.07696
112352217,Monkey Knuckle,Gymnastic Fantastic Boulder > Short Creek Right > Short Creek Bouldering > Beauty Mountain > New River Gorge Proper > The New River Gorge Region > West Virginia,https://www.mountainproject.com/route/112352217/monkey-knuckle,2.7,Boulder,V3,1,12,38.05486,-81.03522
107041774,Tilted Tree Slab Left,Tilted Tree Corridor > Tilted Tree Area > Tilted Tree > Coopers Rock State Forest > Northern WV > West Virginia,https://www.mountainproject.com/route/107041774/tilted-tree-slab-left,2.4,Boulder,V1,1,NA,39.63321,-79.80525
113896787,We Got Problems,Cotton Top > Cotton Hill > New River Gorge Proper > The New River Gorge Region > West Virginia,https://www.mountainproject.com/route/113896787/we-got-problems,2.8,Boulder,V2,1,10,38.1151,-81.14094
122395748,The Final Movement,Fiddle Rock > Fiddle Area > Tilted Tree > Coopers Rock State Forest > Northern WV > West Virginia,https://www.mountainproject.com/route/122395748/the-final-movement,3.4,Boulder,V2,1,15,39.63378,-79.8061
118642979,Ferntastic,County Line South > County Line Boulders > Park Entrance Areas > Coopers Rock State Forest > Northern WV > West Virginia,https://www.mountainproject.com/route/118642979/ferntastic,2.7,Boulder,V3,1,NA,39.64907,-79.78648
120795508,Crescent Moon,Moonchild Boulder > Sunset Wall Area > Roadside > Coopers Rock State Forest > Northern WV > West Virginia,https://www.mountainproject.com/route/120795508/crescent-moon,3.5,Boulder,V3,1,NA,39.63494,-79.81085
116209356,FFF (Fiddle Finger of Fate),Fiddle Rock > Fiddle Area > Tilted Tree > Coopers Rock State Forest > Northern WV > West Virginia,https://www.mountainproject.com/route/116209356/fff-fiddle-finger-of-fate,2.6,Boulder,V1,1,NA,39.63378,-79.8061
121464711,Wild and Wonderful Arete,3 Wild and Wonderful boulder > Spruce Knob Bouldering > Eastern WV > West Virginia,https://www.mountainproject.com/route/121464711/wild-and-wonderful-arete,3.7,"Boulder, Alpine",V3,1,12,38.69808,-79.53431
107294347,Parochial Verbiage,Egg Boulder > Hawk's Nest Proper > Lower New River Gorge Bouldering > New River Gorge Proper > The New River Gorge Region > West Virginia,https://www.mountainproject.com/route/107294347/parochial-verbiage,3,Boulder,V3,1,NA,38.11825,-81.13169
121465561,Highland Arete,2 Highland boulder > Spruce Knob Bouldering > Eastern WV > West Virginia,https://www.mountainproject.com/route/121465561/highland-arete,3.3,"Boulder, Alpine",V1,1,12,38.69822,-79.53448
120487440,Iko Iko,Waiting Room/ Campfire > Darkside East > Darnell Hollow > University Research Forest > Cheat Canyon > Northern WV > West Virginia,https://www.mountainproject.com/route/120487440/iko-iko,2.8,Boulder,V3,1,NA,39.69033,-79.8016
122609632,West Virginia Crack,Main Area > Rocky Ridge Trail > Dolly Sods Region > Eastern WV > West Virginia,https://www.mountainproject.com/route/122609632/west-virginia-crack,3.5,Boulder,V1,1,10,39.06885,-79.36525
119696222,Mountaineer's Lay Down,Lay Me Down Area > 1st pull off > Darnell Hollow > University Research Forest > Cheat Canyon > Northern WV > West Virginia,https://www.mountainproject.com/route/119696222/mountaineers-lay-down,3.3,Boulder,V3,1,10,39.69256,-79.81145
120456186,Caterpillar Arete,Caterpillar Boulder > Greenbrier Boulders > Furnace Road Areas > Coopers Rock State Forest > Northern WV > West Virginia,https://www.mountainproject.com/route/120456186/caterpillar-arete,2.9,Boulder,V2,1,NA,39.65644,-79.82022
107035420,Mad Butcher Traverse,Butcher Block > Mad Butcher Block Area > Roadside > Coopers Rock State Forest > Northern WV > West Virginia,https://www.mountainproject.com/route/107035420/mad-butcher-traverse,3.1,Boulder,V2-3,1,NA,39.63545,-79.8122
122609869,Highlander,Highland Warrior Area > Bear Rocks Preserve > Dolly Sods Region > Eastern WV > West Virginia,https://www.mountainproject.com/route/122609869/highlander,3.5,"Boulder, Alpine",V2,1,18,39.06735,-79.29911
123027973,Sunshine Slab,Powerline North > Raven Rock Trail Areas > Coopers Rock State Forest > Northern WV > West Virginia,https://www.mountainproject.com/route/123027973/sunshine-slab,3.5,Boulder,V1,1,14,39.6377,-79.80415
108133845,Pennsylvania Ed,Lyman's Boulder > Bozooka Area > Bozoo Bouldering > Bozoo > Southern WV > West Virginia,https://www.mountainproject.com/route/108133845/pennsylvania-ed,3.5,Boulder,V3,1,10,37.4769,-80.8646
123467434,Jam or Slam,Milky Boulder > Short Creek Left > Short Creek Bouldering > Beauty Mountain > New River Gorge Proper > The New River Gorge Region > West Virginia,https://www.mountainproject.com/route/123467434/jam-or-slam,3.3,Boulder,V2,1,18,38.05446,-81.03479
112523051,Butter Face,Wave Rider Boulder > Fiddle Area > Tilted Tree > Coopers Rock State Forest > Northern WV > West Virginia,https://www.mountainproject.com/route/112523051/butter-face,2.5,Boulder,V1,1,NA,39.63361,-79.80602
119696959,Bad Motherf*cker,07. The Cave > Meadow Top Boulders > Meadow River Gorge > The New River Gorge Region > West Virginia,https://www.mountainproject.com/route/119696959/bad-motherfcker,3.2,Boulder,V2,1,10,38.15368,-80.93441
121970438,Hot Pocket,Land's End Boulder > Meadow Top Boulders > Meadow River Gorge > The New River Gorge Region > West Virginia,https://www.mountainproject.com/route/121970438/hot-pocket,3.3,Boulder,V3,1,NA,38.15443,-80.93717
117118787,Left Up Zappa’s Nose,Sector 1 > Cheat Canyon Wildlife Management Area > Cheat Canyon > Northern WV > West Virginia,https://www.mountainproject.com/route/117118787/left-up-zappas-nose,3.1,Boulder,V2,1,NA,39.51329,-79.65458
119180454,Cape Town to Cairo,1. Powerline Boulders > Camp 70 Boulders > Eastern WV > West Virginia,https://www.mountainproject.com/route/119180454/cape-town-to-cairo,3.3,Boulder,V0,1,15,39.13486,-79.43886
112042727,Rail Gun,Ballard Trail Boulders > Kanawha State Forest > Southern WV > West Virginia,https://www.mountainproject.com/route/112042727/rail-gun,3.3,Boulder,V1,1,15,38.26547,-81.66757
119180710,Straight Shooter,1. Powerline Boulders > Camp 70 Boulders > Eastern WV > West Virginia,https://www.mountainproject.com/route/119180710/straight-shooter,3.3,Boulder,V2,1,12,39.13486,-79.43886
120656505,Whiskey Before Breakfast,Dice Boulders > 1st pull off > Darnell Hollow > University Research Forest > Cheat Canyon > Northern WV > West Virginia,https://www.mountainproject.com/route/120656505/whiskey-before-breakfast,3.3,Boulder,V1,1,NA,39.69248,-79.81151
123115441,Crimson Crack,Crimson Crack Boulder > Triangle Boulders > Greenbrier Boulders > Furnace Road Areas > Coopers Rock State Forest > Northern WV > West Virginia,https://www.mountainproject.com/route/123115441/crimson-crack,3,Boulder,V2 PG13,1,NA,39.65574,-79.81872
114227296,Spread your Wings,Tier 3 Boulder > Moby Area > Tilted Tree > Coopers Rock State Forest > Northern WV > West Virginia,https://www.mountainproject.com/route/114227296/spread-your-wings,3.4,Boulder,V3+,1,8,39.63386,-79.80706
119181265,Take Us With You,Main Area > Rocky Ridge Trail > Dolly Sods Region > Eastern WV > West Virginia,https://www.mountainproject.com/route/119181265/take-us-with-you,3.2,Boulder,V3,1,15,39.06885,-79.36525
118842660,Penthouse,The Hilton Boulder > First Bell Boulders > Snake Hill Wildlife Management Area > Cheat Canyon > Northern WV > West Virginia,https://www.mountainproject.com/route/118842660/penthouse,2.6,Boulder,V1,1,NA,39.62721,-79.83871
117965053,Gus's Mom,Gus's Mom Boulder > Short Creek Right > Short Creek Bouldering > Beauty Mountain > New River Gorge Proper > The New River Gorge Region > West Virginia,https://www.mountainproject.com/route/117965053/guss-mom,2.9,Boulder,V2,1,10,38.05496,-81.03566
119703618,Jump Jonny,John Boulder > 5th Pull Off (School Bus Area) > Darnell Hollow > University Research Forest > Cheat Canyon > Northern WV > West Virginia,https://www.mountainproject.com/route/119703618/jump-jonny,3.2,Boulder,V2,1,NA,39.69071,-79.80157
114251010,Coopernicus,Coral Boulder > Coral Area > Tilted Tree > Coopers Rock State Forest > Northern WV > West Virginia,https://www.mountainproject.com/route/114251010/coopernicus,3.2,Boulder,V1,1,NA,39.63325,-79.80646
120978769,Delivery,Labor and Delivery Boulders > Labor and Delivery Area > In-Between Area > Coopers Rock State Forest > Northern WV > West Virginia,https://www.mountainproject.com/route/120978769/delivery,3.4,Boulder,V2,1,NA,39.63454,-79.80871
107035352,Evergreen,Green Block > First Set Boulders > Roadside > Coopers Rock State Forest > Northern WV > West Virginia,https://www.mountainproject.com/route/107035352/evergreen,2.6,Boulder,V1,1,NA,39.63559,-79.81244
107035327,Teen Spirit,Warm Up Boulder > First Set Boulders > Roadside > Coopers Rock State Forest > Northern WV > West Virginia,https://www.mountainproject.com/route/107035327/teen-spirit,2.2,Boulder,V1,1,NA,39.63593,-79.81293
120728376,Spongebob,Tuggin' Shack > Interp Boulders > New River Gorge Proper > The New River Gorge Region > West Virginia,https://www.mountainproject.com/route/120728376/spongebob,2.8,Boulder,V3,1,NA,38.07878,-81.07696
115404476,URST,Font Boulders > Entrance Boulders > Upper Rock City > Coopers Rock State Forest > Northern WV > West Virginia,https://www.mountainproject.com/route/115404476/urst,2.6,Boulder,V2,1,12,39.63797,-79.81721
116209779,Test of Endurance,Tier 2 Boulders > Moby Area > Tilted Tree > Coopers Rock State Forest > Northern WV > West Virginia,https://www.mountainproject.com/route/116209779/test-of-endurance,3,Boulder,V3,1,NA,39.6339,-79.80704
107035360,Pea Green Splitter,Green Block > First Set Boulders > Roadside > Coopers Rock State Forest > Northern WV > West Virginia,https://www.mountainproject.com/route/107035360/pea-green-splitter,2.6,Boulder,V0+,1,NA,39.63559,-79.81244
108008734,Thoraxic Stand,E. The Blok > Main Area Bouldering > Bozoo Bouldering > Bozoo > Southern WV > West Virginia,https://www.mountainproject.com/route/108008734/thoraxic-stand,2.9,Boulder,V1,1,NA,37.4778,-80.8673
115573182,Crack Kills,10. MacGuffin Boulder > Meadow Top Boulders > Meadow River Gorge > The New River Gorge Region > West Virginia,https://www.mountainproject.com/route/115573182/crack-kills,3,Boulder,V3,1,NA,38.15371,-80.93505
115127718,No Love for Dr. Jones,Slitty Titty Boulder > Cotton Bottom > Lower New River Gorge Bouldering > New River Gorge Proper > The New River Gorge Region > West Virginia,https://www.mountainproject.com/route/115127718/no-love-for-dr-jones,2.8,Boulder,V2,1,12,38.11576,-81.14353
114356415,Roof of Death,Tier 3 Boulder > Moby Area > Tilted Tree > Coopers Rock State Forest > Northern WV > West Virginia,https://www.mountainproject.com/route/114356415/roof-of-death,3.2,Boulder,V3,1,NA,39.63386,-79.80706
119644896,Son of Easy O,Warmup Boulder > Hawk's Nest Proper > Lower New River Gorge Bouldering > New River Gorge Proper > The New River Gorge Region > West Virginia,https://www.mountainproject.com/route/119644896/son-of-easy-o,3,Boulder,V2,1,NA,38.11861,-81.13187
121901584,Rico Does It Again,02a. Circle of Life Boulder > Meadow Top Boulders > Meadow River Gorge > The New River Gorge Region > West Virginia,https://www.mountainproject.com/route/121901584/rico-does-it-again,2.6,Boulder,V3,1,NA,38.15273,-80.92841
107966280,The Hershey Kiss,B. Hershey Boulder > Main Area Bouldering > Bozoo Bouldering > Bozoo > Southern WV > West Virginia,https://www.mountainproject.com/route/107966280/the-hershey-kiss,3,Boulder,V1,1,NA,37.4776,-80.8673
107966323,Blok Slab Left,E. The Blok > Main Area Bouldering > Bozoo Bouldering > Bozoo > Southern WV > West Virginia,https://www.mountainproject.com/route/107966323/blok-slab-left,3.1,Boulder,V0,1,NA,37.4778,-80.8673
108003703,The Crown,D. The Crown > Main Area Bouldering > Bozoo Bouldering > Bozoo > Southern WV > West Virginia,https://www.mountainproject.com/route/108003703/the-crown,2.8,Boulder,V0,1,NA,37.4776,-80.8672
107897825,Hershey Traverse,B. Hershey Boulder > Main Area Bouldering > Bozoo Bouldering > Bozoo > Southern WV > West Virginia,https://www.mountainproject.com/route/107897825/hershey-traverse,2.7,Boulder,V3,1,30,37.4776,-80.8673
120349639,Tasty Brew,Tuggin' Shack > Interp Boulders > New River Gorge Proper > The New River Gorge Region > West Virginia,https://www.mountainproject.com/route/120349639/tasty-brew,2.9,Boulder,V3,1,NA,38.07878,-81.07696
116209158,Donkey Punch,The Diamond and The Cave Area > In-Between Area > Coopers Rock State Forest > Northern WV > West Virginia,https://www.mountainproject.com/route/116209158/donkey-punch,3,Boulder,V3,1,NA,39.63499,-79.80994
119246091,Icebox,Main Area > Rocky Ridge Trail > Dolly Sods Region > Eastern WV > West Virginia,https://www.mountainproject.com/route/119246091/icebox,3,Boulder,V3,1,10,39.06885,-79.36525
120349670,Naked Sun,Naked Sun Boulder > Interp Boulders > New River Gorge Proper > The New River Gorge Region > West Virginia,https://www.mountainproject.com/route/120349670/naked-sun,2.6,Boulder,V0,1,NA,38.07881,-81.07714
119218557,Back Off,1. Powerline Boulders > Camp 70 Boulders > Eastern WV > West Virginia,https://www.mountainproject.com/route/119218557/back-off,3,Boulder,V3,1,10,39.13486,-79.43886
115365380,Lost in the Crowd,Tier 2 Boulders > Moby Area > Tilted Tree > Coopers Rock State Forest > Northern WV > West Virginia,https://www.mountainproject.com/route/115365380/lost-in-the-crowd,3,Boulder,V2,1,15,39.6339,-79.80704
114250792,PC7,Coral Boulder > Coral Area > Tilted Tree > Coopers Rock State Forest > Northern WV > West Virginia,https://www.mountainproject.com/route/114250792/pc7,3,Boulder,V3 PG13,1,NA,39.63325,-79.80646
115967002,Kaleidoscope,Air Space Boulder > First Set Boulders > Roadside > Coopers Rock State Forest > Northern WV > West Virginia,https://www.mountainproject.com/route/115967002/kaleidoscope,2.4,Boulder,V2,1,8,39.63592,-79.81292
119180427,West Africa,1. Powerline Boulders > Camp 70 Boulders > Eastern WV > West Virginia,https://www.mountainproject.com/route/119180427/west-africa,3,Boulder,V-easy,1,15,39.13486,-79.43886
119180984,The Danger Zone,1. Powerline Boulders > Camp 70 Boulders > Eastern WV > West Virginia,https://www.mountainproject.com/route/119180984/the-danger-zone,3,Boulder,V-easy,1,12,39.13486,-79.43886
118796826,Ocean Full of Whale Fucking,Dead Poet Society Boulder > First Bell Boulders > Snake Hill Wildlife Management Area > Cheat Canyon > Northern WV > West Virginia,https://www.mountainproject.com/route/118796826/ocean-full-of-whale-fucking,3,Boulder,V3,1,NA,39.62612,-79.83807
120656602,Vascular,Dice Boulders > 1st pull off > Darnell Hollow > University Research Forest > Cheat Canyon > Northern WV > West Virginia,https://www.mountainproject.com/route/120656602/vascular,2.8,Boulder,V3,1,NA,39.69248,-79.81151
107035332,Schwang,Warm Up Boulder > First Set Boulders > Roadside > Coopers Rock State Forest > Northern WV > West Virginia,https://www.mountainproject.com/route/107035332/schwang,2,Boulder,V0,1,NA,39.63593,-79.81293
115847014,Street Fighter,Street Fighter Boulder > Mad Butcher Block Area > Roadside > Coopers Rock State Forest > Northern WV > West Virginia,https://www.mountainproject.com/route/115847014/street-fighter,2.7,Boulder,V3,1,12,39.63534,-79.81229
107041763,Grapefruit,Tilted Tree Corridor > Tilted Tree Area > Tilted Tree > Coopers Rock State Forest > Northern WV > West Virginia,https://www.mountainproject.com/route/107041763/grapefruit,2.6,Boulder,V3,1,NA,39.63321,-79.80525
107035436,Hangover Helper,Butcher Block > Mad Butcher Block Area > Roadside > Coopers Rock State Forest > Northern WV > West Virginia,https://www.mountainproject.com/route/107035436/hangover-helper,2.4,Boulder,V3,1,NA,39.63545,-79.8122
119177500,Eye Opener,1. Powerline Boulders > Camp 70 Boulders > Eastern WV > West Virginia,https://www.mountainproject.com/route/119177500/eye-opener,3,Boulder,V3,1,8,39.13486,-79.43886
121859975,Highland Warrior,Highland Warrior Area > Bear Rocks Preserve > Dolly Sods Region > Eastern WV > West Virginia,https://www.mountainproject.com/route/121859975/highland-warrior,3,"Boulder, Alpine",V3,1,12,39.06735,-79.29911
117826519,Death of Roof,Tier 3 Boulder > Moby Area > Tilted Tree > Coopers Rock State Forest > Northern WV > West Virginia,https://www.mountainproject.com/route/117826519/death-of-roof,3,Boulder,V3,1,15,39.63386,-79.80706
120248386,Gnome Hole Traverse,Gnome Boulder > 5th Pull Off (School Bus Area) > Darnell Hollow > University Research Forest > Cheat Canyon > Northern WV > West Virginia,https://www.mountainproject.com/route/120248386/gnome-hole-traverse,3,Boulder,V3,1,10,39.69069,-79.80237
120020885,Street Fighter [Original],Street Fighter Boulder > Mad Butcher Block Area > Roadside > Coopers Rock State Forest > Northern WV > West Virginia,https://www.mountainproject.com/route/120020885/street-fighter-original,3,Boulder,V3,1,12,39.63534,-79.81229
119180228,High Step Arete,1. Powerline Boulders > Camp 70 Boulders > Eastern WV > West Virginia,https://www.mountainproject.com/route/119180228/high-step-arete,3,Boulder,V1,1,10,39.13486,-79.43886
122000046,Needlenose,Needlenose Boulder > Needlenose Boulder > Entrance Boulders > Needleseye Boulder Park > The New River Gorge Region > West Virginia,https://www.mountainproject.com/route/122000046/needlenose,2.9,Boulder,V1+,1,NA,37.98181,-81.11426
120707212,Kodachrome Arete,Roof Rocks > Furnace Road Areas > Coopers Rock State Forest > Northern WV > West Virginia,https://www.mountainproject.com/route/120707212/kodachrome-arete,3,Boulder,V3,1,NA,39.65119,-79.81717
119181056,Paul Bunyan's Axe,1. Powerline Boulders > Camp 70 Boulders > Eastern WV > West Virginia,https://www.mountainproject.com/route/119181056/paul-bunyans-axe,3,Boulder,V-easy,1,9,39.13486,-79.43886
120058946,Sugar Daddy,Font Boulders > Entrance Boulders > Upper Rock City > Coopers Rock State Forest > Northern WV > West Virginia,https://www.mountainproject.com/route/120058946/sugar-daddy,3,Boulder,V3,1,10,39.63797,-79.81721
120713384,MoAbs,Roof Rocks > Furnace Road Areas > Coopers Rock State Forest > Northern WV > West Virginia,https://www.mountainproject.com/route/120713384/moabs,2.7,Boulder,V3,1,NA,39.65119,-79.81717
119703555,Big John,John Boulder > 5th Pull Off (School Bus Area) > Darnell Hollow > University Research Forest > Cheat Canyon > Northern WV > West Virginia,https://www.mountainproject.com/route/119703555/big-john,2.8,Boulder,V3,1,NA,39.69071,-79.80157
113870147,Duster Huffer,Mother of All Slabs > Tilted Tree > Coopers Rock State Forest > Northern WV > West Virginia,https://www.mountainproject.com/route/113870147/duster-huffer,3.2,Boulder,V3+,1,NA,39.63343,-79.80576
114175115,Don't Slip on your Compressions,Ballard Trail Boulders > Kanawha State Forest > Southern WV > West Virginia,https://www.mountainproject.com/route/114175115/dont-slip-on-your-compressions,3,Boulder,V3,1,20,38.26547,-81.66757
120455968,Hitch,Pup Trailer > Greenbrier Boulders > Furnace Road Areas > Coopers Rock State Forest > Northern WV > West Virginia,https://www.mountainproject.com/route/120455968/hitch,2.8,Boulder,V3,1,NA,39.65649,-79.81967
118834378,Magnum Dong,The Sunny Egg Boulder > Junction Boulders > Snake Hill Wildlife Management Area > Cheat Canyon > Northern WV > West Virginia,https://www.mountainproject.com/route/118834378/magnum-dong,3,Boulder,V-easy,1,NA,39.623,-79.83491
122617755,Panini Press,Warm Up Boulder > First Set Boulders > Roadside > Coopers Rock State Forest > Northern WV > West Virginia,https://www.mountainproject.com/route/122617755/panini-press,2,Boulder,V-easy,1,NA,39.63593,-79.81293
120243447,Pair of Fives,Dice Boulders > 1st pull off > Darnell Hollow > University Research Forest > Cheat Canyon > Northern WV > West Virginia,https://www.mountainproject.com/route/120243447/pair-of-fives,3,Boulder,V3,1,NA,39.69248,-79.81151
118821823,Smearside,Creekside Boulder > Deer Skull Boulders > University Research Forest > Cheat Canyon > Northern WV > West Virginia,https://www.mountainproject.com/route/118821823/smearside,3,Boulder,V3,1,NA,39.66244,-79.81873
119731117,Unnamed V1,Dice Boulders > 1st pull off > Darnell Hollow > University Research Forest > Cheat Canyon > Northern WV > West Virginia,https://www.mountainproject.com/route/119731117/unnamed-v1,3,Boulder,V1,1,NA,39.69248,-79.81151
118909327,Learning Curve,Learning Boulder > Junction Boulders > Snake Hill Wildlife Management Area > Cheat Canyon > Northern WV > West Virginia,https://www.mountainproject.com/route/118909327/learning-curve,3,Boulder,V2,1,NA,39.62325,-79.83585
119826105,Dr. Yang,Professor Boulder > Upper Tier > Darnell Hollow > University Research Forest > Cheat Canyon > Northern WV > West Virginia,https://www.mountainproject.com/route/119826105/dr-yang,3,Boulder,V3+,1,NA,39.69197,-79.802
112521952,Sprocket,Motorcycle Rocks > Haystack Area > Underlook Trail Boulders > Coopers Rock State Forest > Northern WV > West Virginia,https://www.mountainproject.com/route/112521952/sprocket,2.3,Boulder,V2,1,NA,39.6358,-79.81508
119899527,1994,Kurt Cobain Memorial Wall > Furnace Trail Boulders > Furnace Road Areas > Coopers Rock State Forest > Northern WV > West Virginia,https://www.mountainproject.com/route/119899527/1994,2.3,Boulder,V3,1,NA,39.65046,-79.82321
119904101,Steal Toe,Steel Toe > 1st pull off > Darnell Hollow > University Research Forest > Cheat Canyon > Northern WV > West Virginia,https://www.mountainproject.com/route/119904101/steal-toe,2.7,Boulder,V3,1,NA,39.69253,-79.81092
119839751,Parking Lot Slab,Parking lot Boulder > 1st pull off > Darnell Hollow > University Research Forest > Cheat Canyon > Northern WV > West Virginia,https://www.mountainproject.com/route/119839751/parking-lot-slab,2.8,Boulder,V0,1,NA,39.69208,-79.81147
112508093,Between the Trees,Creek Side Boulders > Northern Panhandle > Northern WV > West Virginia,https://www.mountainproject.com/route/112508093/between-the-trees,3,Boulder,V2-,1,4,40.07548,-80.69041
123099935,Acorns and Adderall,The Nut House > Tilted Tree > Coopers Rock State Forest > Northern WV > West Virginia,https://www.mountainproject.com/route/123099935/acorns-and-adderall,2.6,Boulder,V2,1,12,39.63404,-79.80727
123209456,Trigger Happy,Target Practice Boulders > Green Acres > Powerline South > Raven Rock Trail Areas > Coopers Rock State Forest > Northern WV > West Virginia,https://www.mountainproject.com/route/123209456/trigger-happy,3,Boulder,V3,1,10,39.62681,-79.80075
122974367,No Concessions Given,Concession Stand Boulder > Entrance Boulders > Upper Rock City > Coopers Rock State Forest > Northern WV > West Virginia,https://www.mountainproject.com/route/122974367/no-concessions-given,3,Boulder,V3-4,1,10,39.63793,-79.8168
107035395,Tendon Repair Kit,Tendon Repair Kit Area > Roadside > Coopers Rock State Forest > Northern WV > West Virginia,https://www.mountainproject.com/route/107035395/tendon-repair-kit,3,Boulder,V2,1,NA,39.63561,-79.81205
122632973,Mopey Mantle,2. Stigmaria Boulders > Camp 70 Boulders > Eastern WV > West Virginia,https://www.mountainproject.com/route/122632973/mopey-mantle,3,Boulder,V3-4,1,NA,39.12299,-79.4326
108011507,A. Slab,H. EDucator Boulder > Main Area Bouldering > Bozoo Bouldering > Bozoo > Southern WV > West Virginia,https://www.mountainproject.com/route/108011507/a-slab,3,Boulder,V1,1,NA,37.4782,-80.8675
123319648,Change My Life,Continental Division Boulder > Eldorado > Furnace Road Areas > Coopers Rock State Forest > Northern WV > West Virginia,https://www.mountainproject.com/route/123319648/change-my-life,2.7,Boulder,V3-4,1,NA,39.65512,-79.80083
115127617,Highball Boulder Warmups,Highball Boulder > Cotton Bottom > Lower New River Gorge Bouldering > New River Gorge Proper > The New River Gorge Region > West Virginia,https://www.mountainproject.com/route/115127617/highball-boulder-warmups,2.6,Boulder,V0,1,15,38.11547,-81.14354
121601275,Under the Bridge,Fayette Station Boulders > New River Gorge Proper > The New River Gorge Region > West Virginia,https://www.mountainproject.com/route/121601275/under-the-bridge,2.9,Boulder,V-easy PG13,1,25,38.068,-81.08255
118687079,Imposter Syndrome,Cotton Bottom | 7012 > Cotton Bottom > Lower New River Gorge Bouldering > New River Gorge Proper > The New River Gorge Region > West Virginia,https://www.mountainproject.com/route/118687079/imposter-syndrome,3,Boulder,V1,1,10,38.1128,-81.1435
122083731,Gorgeous Gorl,Lul' Mountain Mama Boulder > Hawk's Nest Proper > Lower New River Gorge Bouldering > New River Gorge Proper > The New River Gorge Region > West Virginia,https://www.mountainproject.com/route/122083731/gorgeous-gorl,3.3,Boulder,V0,1,4,38.1188,-81.13187
120721397,Dead End Slab,Ceiling Block Area > Roadside > Coopers Rock State Forest > Northern WV > West Virginia,https://www.mountainproject.com/route/120721397/dead-end-slab,3,Boulder,V2,1,NA,39.63559,-79.81191
118693263,Pasta,County Line South > County Line Boulders > Park Entrance Areas > Coopers Rock State Forest > Northern WV > West Virginia,https://www.mountainproject.com/route/118693263/pasta,2.6,Boulder,V1+,1,NA,39.64907,-79.78648
118831651,Equality in the Workplace,Hierarchy Boulder > First Bell Boulders > Snake Hill Wildlife Management Area > Cheat Canyon > Northern WV > West Virginia,https://www.mountainproject.com/route/118831651/equality-in-the-workplace,3,Boulder,V2,1,NA,39.62714,-79.83876
122508288,Ten Cent Arete,Ceiling Block Area > Roadside > Coopers Rock State Forest > Northern WV > West Virginia,https://www.mountainproject.com/route/122508288/ten-cent-arete,2.6,Boulder,V1,1,12,39.63559,-79.81191
121860217,Old Smokey,Canaan Loop Road Boulders > Eastern WV > West Virginia,https://www.mountainproject.com/route/121860217/old-smokey,3,Boulder,V2,1,9,39.09539,-79.44134
118642748,Crimson Edges,County Line South > County Line Boulders > Park Entrance Areas > Coopers Rock State Forest > Northern WV > West Virginia,https://www.mountainproject.com/route/118642748/crimson-edges,2.8,Boulder,V3+,1,NA,39.64907,-79.78648
121970430,Land's End,Land's End Boulder > Meadow Top Boulders > Meadow River Gorge > The New River Gorge Region > West Virginia,https://www.mountainproject.com/route/121970430/lands-end,3.3,Boulder,V3,1,NA,38.15443,-80.93717
118049338,Sploods' Sitastic Emporium,Allusionist Boulder > Death Block Area > Tilted Tree > Coopers Rock State Forest > Northern WV > West Virginia,https://www.mountainproject.com/route/118049338/sploods-sitastic-emporium,3,Boulder,V1,1,NA,39.63376,-79.8074
120720964,Ceiling Press,Ceiling Block Area > Roadside > Coopers Rock State Forest > Northern WV > West Virginia,https://www.mountainproject.com/route/120720964/ceiling-press,3,Boulder,5.9- V3,1,NA,39.63559,-79.81191
119899342,Man in the Box (stand),The Grunge Boulder > Furnace Trail Boulders > Furnace Road Areas > Coopers Rock State Forest > Northern WV > West Virginia,https://www.mountainproject.com/route/119899342/man-in-the-box-stand,3,Boulder,V3,1,NA,39.6504,-79.82319
122532372,Green Bean,Labor and Delivery Boulders > Labor and Delivery Area > In-Between Area > Coopers Rock State Forest > Northern WV > West Virginia,https://www.mountainproject.com/route/122532372/green-bean,2.5,Boulder,V3,1,8,39.63454,-79.80871
120656495,Cherokee Shuffle,Dice Boulders > 1st pull off > Darnell Hollow > University Research Forest > Cheat Canyon > Northern WV > West Virginia,https://www.mountainproject.com/route/120656495/cherokee-shuffle,3,Boulder,V3,1,10,39.69248,-79.81151
119181026,Into The Jungle,1. Powerline Boulders > Camp 70 Boulders > Eastern WV > West Virginia,https://www.mountainproject.com/route/119181026/into-the-jungle,3,Boulder,V-easy,1,14,39.13486,-79.43886
120192475,Unknown,Ganja Bloc Aka Moon Board > Darkside East > Darnell Hollow > University Research Forest > Cheat Canyon > Northern WV > West Virginia,https://www.mountainproject.com/route/120192475/unknown,3,Boulder,V2,1,10,39.68889,-79.80131
119899319,Chains,The Grunge Boulder > Furnace Trail Boulders > Furnace Road Areas > Coopers Rock State Forest > Northern WV > West Virginia,https://www.mountainproject.com/route/119899319/chains,3,Boulder,V3,1,NA,39.6504,-79.82319
119486284,Stab Wound,8. The Cut (North) > Camp 70 Boulders > Eastern WV > West Virginia,https://www.mountainproject.com/route/119486284/stab-wound,3,Boulder,V3,1,8,39.137,-79.43637
119439800,Gary Coleman,4. Diff'rent Strokes Area > Camp 70 Boulders > Eastern WV > West Virginia,https://www.mountainproject.com/route/119439800/gary-coleman,3,Boulder,V3,1,5,39.13509,-79.437
119495326,Sickle Arete,7. The Cut (South) > Camp 70 Boulders > Eastern WV > West Virginia,https://www.mountainproject.com/route/119495326/sickle-arete,3,Boulder,V-easy,1,10,39.13654,-79.43695
120243071,John's Main Squeeze,John Boulder > 5th Pull Off (School Bus Area) > Darnell Hollow > University Research Forest > Cheat Canyon > Northern WV > West Virginia,https://www.mountainproject.com/route/120243071/johns-main-squeeze,2,Boulder,V3-4,1,NA,39.69071,-79.80157
120721166,Ceiling Fan,Ceiling Block Area > Roadside > Coopers Rock State Forest > Northern WV > West Virginia,https://www.mountainproject.com/route/120721166/ceiling-fan,3,Boulder,V3,1,NA,39.63559,-79.81191
119486502,Diamond in the Ruff,8. The Cut (North) > Camp 70 Boulders > Eastern WV > West Virginia,https://www.mountainproject.com/route/119486502/diamond-in-the-ruff,3,Boulder,V3,1,7,39.137,-79.43637
118811314,Eye Socket,The Good Block > Good Block Area > Tilted Tree > Coopers Rock State Forest > Northern WV > West Virginia,https://www.mountainproject.com/route/118811314/eye-socket,3,Boulder,V3,1,NA,39.63288,-79.80559
120726294,Bubonic Chronic,Fern Creek Boulders > New River Gorge Proper > The New River Gorge Region > West Virginia,https://www.mountainproject.com/route/120726294/bubonic-chronic,2.2,Boulder,V2-,1,12,38.06019,-81.06851
118854318,Gator Bait,Ballard Trail Boulders > Kanawha State Forest > Southern WV > West Virginia,https://www.mountainproject.com/route/118854318/gator-bait,3,Boulder,V1-2,1,NA,38.26547,-81.66757
120656461,St. Anne's Reel,Dice Boulders > 1st pull off > Darnell Hollow > University Research Forest > Cheat Canyon > Northern WV > West Virginia,https://www.mountainproject.com/route/120656461/st-annes-reel,3,Boulder,V3,1,10,39.69248,-79.81151
120243085,John's Melodramatic Breakup,John Boulder > 5th Pull Off (School Bus Area) > Darnell Hollow > University Research Forest > Cheat Canyon > Northern WV > West Virginia,https://www.mountainproject.com/route/120243085/johns-melodramatic-breakup,3,Boulder,V3,1,NA,39.69071,-79.80157
118811261,One-Eyed,The Good Block > Good Block Area > Tilted Tree > Coopers Rock State Forest > Northern WV > West Virginia,https://www.mountainproject.com/route/118811261/one-eyed,2.5,Boulder,V1,1,NA,39.63288,-79.80559
118186622,Number Five,Bear Rock Lake Bouldering (Wheeling) > Northern Panhandle > Northern WV > West Virginia,https://www.mountainproject.com/route/118186622/number-five,3,Boulder,V3,1,10,40.0763,-80.5333
117118744,Gauge Height,Sector 1 > Cheat Canyon Wildlife Management Area > Cheat Canyon > Northern WV > West Virginia,https://www.mountainproject.com/route/117118744/gauge-height,3,Boulder,V3,1,NA,39.51329,-79.65458
119899274,The Box,The Grunge Boulder > Furnace Trail Boulders > Furnace Road Areas > Coopers Rock State Forest > Northern WV > West Virginia,https://www.mountainproject.com/route/119899274/the-box,3,Boulder,V2,1,NA,39.6504,-79.82319
119786543,Sunset Beach,Sunset Boulder > 5th Pull Off (School Bus Area) > Darnell Hollow > University Research Forest > Cheat Canyon > Northern WV > West Virginia,https://www.mountainproject.com/route/119786543/sunset-beach,3,Boulder,V2,1,NA,39.6907,-79.80241
119438808,Dental Choss Arete,3. Booster Seat Area > Camp 70 Boulders > Eastern WV > West Virginia,https://www.mountainproject.com/route/119438808/dental-choss-arete,2,Boulder,V3,1,7,39.13484,-79.43757
122512702,Angle Dangle,Breakfast Boulders > McCollum Campground Boulders > Coopers Rock State Forest > Northern WV > West Virginia,https://www.mountainproject.com/route/122512702/angle-dangle,3,Boulder,V1,1,12,39.63827,-79.79028
117114813,Sloper slaps,“The Prize” Sector > Cheat Canyon Wildlife Management Area > Cheat Canyon > Northern WV > West Virginia,https://www.mountainproject.com/route/117114813/sloper-slaps,3,Boulder,V2-3,1,NA,39.51394,-79.65676
119703569,Traverse Jonny!,John Boulder > 5th Pull Off (School Bus Area) > Darnell Hollow > University Research Forest > Cheat Canyon > Northern WV > West Virginia,https://www.mountainproject.com/route/119703569/traverse-jonny,3,Boulder,V3,1,NA,39.69071,-79.80157
119690881,Tectonic,7. The Cut (South) > Camp 70 Boulders > Eastern WV > West Virginia,https://www.mountainproject.com/route/119690881/tectonic,3,Boulder,V0,1,14,39.13654,-79.43695
122512719,Frosted Flakes,Breakfast Boulders > McCollum Campground Boulders > Coopers Rock State Forest > Northern WV > West Virginia,https://www.mountainproject.com/route/122512719/frosted-flakes,3,Boulder,V3,1,8,39.63827,-79.79028
123116103,Crimson Pockets,Crimson Crack Boulder > Triangle Boulders > Greenbrier Boulders > Furnace Road Areas > Coopers Rock State Forest > Northern WV > West Virginia,https://www.mountainproject.com/route/123116103/crimson-pockets,2.7,Boulder,V3,1,NA,39.65574,-79.81872
122128253,Mimas,Giant's Slab Boulder > 5th Pull Off (School Bus Area) > Darnell Hollow > University Research Forest > Cheat Canyon > Northern WV > West Virginia,https://www.mountainproject.com/route/122128253/mimas,3,Boulder,V1-2,1,NA,39.69077,-79.80159
117114838,Unnamed,“The Prize” Sector > Cheat Canyon Wildlife Management Area > Cheat Canyon > Northern WV > West Virginia,https://www.mountainproject.com/route/117114838/unnamed,3,Boulder,V3-4,1,NA,39.51394,-79.65676
122128233,Oh! There's a ...,Giant's Slab Boulder > 5th Pull Off (School Bus Area) > Darnell Hollow > University Research Forest > Cheat Canyon > Northern WV > West Virginia,https://www.mountainproject.com/route/122128233/oh-theres-a,2.7,Boulder,V0-1,1,NA,39.69077,-79.80159
117114853,Unnamed,“The Prize” Sector > Cheat Canyon Wildlife Management Area > Cheat Canyon > Northern WV > West Virginia,https://www.mountainproject.com/route/117114853/unnamed,3,Boulder,V2,1,NA,39.51394,-79.65676
119899483,Life Wasted,Kurt Cobain Memorial Wall > Furnace Trail Boulders > Furnace Road Areas > Coopers Rock State Forest > Northern WV > West Virginia,https://www.mountainproject.com/route/119899483/life-wasted,2,Boulder,V2,1,NA,39.65046,-79.82321
119899515,Black,Kurt Cobain Memorial Wall > Furnace Trail Boulders > Furnace Road Areas > Coopers Rock State Forest > Northern WV > West Virginia,https://www.mountainproject.com/route/119899515/black,3,Boulder,V3,1,NA,39.65046,-79.82321
120243098,Pretty Chill,Micro Bus Boulder > 5th Pull Off (School Bus Area) > Darnell Hollow > University Research Forest > Cheat Canyon > Northern WV > West Virginia,https://www.mountainproject.com/route/120243098/pretty-chill,3,Boulder,V1,1,NA,39.69062,-79.80168
112521941,Zygot,Motorcycle Rocks > Haystack Area > Underlook Trail Boulders > Coopers Rock State Forest > Northern WV > West Virginia,https://www.mountainproject.com/route/112521941/zygot,2.8,Boulder,V2,1,NA,39.6358,-79.81508
118835707,Finding The Way,Lost in Moss Boulder > Junction Boulders > Snake Hill Wildlife Management Area > Cheat Canyon > Northern WV > West Virginia,https://www.mountainproject.com/route/118835707/finding-the-way,3,Boulder,V2,1,NA,39.62285,-79.8356
117114725,Unnamed,“The Prize” Sector > Cheat Canyon Wildlife Management Area > Cheat Canyon > Northern WV > West Virginia,https://www.mountainproject.com/route/117114725/unnamed,3,Boulder,V3,1,12,39.51394,-79.65676
119709520,Between Two Fears,Eye Brow Boulders > Deer Skull Boulders > University Research Forest > Cheat Canyon > Northern WV > West Virginia,https://www.mountainproject.com/route/119709520/between-two-fears,3,Boulder,V3,1,NA,39.66396,-79.8153
119899233,Bean’s Problem,Beans Boulder > Furnace Trail Boulders > Furnace Road Areas > Coopers Rock State Forest > Northern WV > West Virginia,https://www.mountainproject.com/route/119899233/beans-problem,3,Boulder,V1,1,NA,39.6504,-79.82318
122532436,Golden Skies,Scoop Boulder > Labor and Delivery Area > In-Between Area > Coopers Rock State Forest > Northern WV > West Virginia,https://www.mountainproject.com/route/122532436/golden-skies,2,Boulder,V2,1,8,39.63384,-79.80873
122531679,Hillbilly Rock,Rebel Yell Boulder > Lightning and Thunder Area > Woodshed Boulders > Coopers Rock State Forest > Northern WV > West Virginia,https://www.mountainproject.com/route/122531679/hillbilly-rock,3,Boulder,V3,1,14,39.62901,-79.7918
117114845,Unnamed,“The Prize” Sector > Cheat Canyon Wildlife Management Area > Cheat Canyon > Northern WV > West Virginia,https://www.mountainproject.com/route/117114845/unnamed,3,Boulder,V3-4,1,NA,39.51394,-79.65676
119703039,ZT Lay Down,Eye Brow Boulders > Deer Skull Boulders > University Research Forest > Cheat Canyon > Northern WV > West Virginia,https://www.mountainproject.com/route/119703039/zt-lay-down,3,Boulder,V3,1,NA,39.66396,-79.8153
119840404,Mike's Finger,Mike's Finger > 5th Pull Off (School Bus Area) > Darnell Hollow > University Research Forest > Cheat Canyon > Northern WV > West Virginia,https://www.mountainproject.com/route/119840404/mikes-finger,3,Boulder,V2,1,NA,39.69074,-79.80243
119706483,ZT Mantle,Eye Brow Boulders > Deer Skull Boulders > University Research Forest > Cheat Canyon > Northern WV > West Virginia,https://www.mountainproject.com/route/119706483/zt-mantle,3,Boulder,V3,1,NA,39.66396,-79.8153
122512301,Still Got It,Creekside Boulders > McCollum Campground Boulders > Coopers Rock State Forest > Northern WV > West Virginia,https://www.mountainproject.com/route/122512301/still-got-it,3,Boulder,V3,1,10,39.63561,-79.79172
119696215,Lay Me Down Taverse,Lay Me Down Area > 1st pull off > Darnell Hollow > University Research Forest > Cheat Canyon > Northern WV > West Virginia,https://www.mountainproject.com/route/119696215/lay-me-down-taverse,3,Boulder,V2,1,10,39.69256,-79.81145
120243007,Friendly Arete,Yowmigoochie Boulder > 5th Pull Off (School Bus Area) > Darnell Hollow > University Research Forest > Cheat Canyon > Northern WV > West Virginia,https://www.mountainproject.com/route/120243007/friendly-arete,3,Boulder,V0+,1,NA,39.69071,-79.80082
120432740,Master of the Hunt,The High Court > 5th Pull Off (School Bus Area) > Darnell Hollow > University Research Forest > Cheat Canyon > Northern WV > West Virginia,https://www.mountainproject.com/route/120432740/master-of-the-hunt,3,Boulder,V1+,1,NA,39.69094,-79.80152
122078675,Baby Shark,Classic Arete > 5th Pull Off (School Bus Area) > Darnell Hollow > University Research Forest > Cheat Canyon > Northern WV > West Virginia,https://www.mountainproject.com/route/122078675/baby-shark,3,Boulder,V1+,1,NA,39.69064,-79.80205
119698555,Drinking Tears,Tears and Tears Boulder > 5th Pull Off (School Bus Area) > Darnell Hollow > University Research Forest > Cheat Canyon > Northern WV > West Virginia,https://www.mountainproject.com/route/119698555/drinking-tears,3,Boulder,V3,1,NA,39.69087,-79.80138
121412949,Just Hold On,Step Roof > Deer Skull Boulders > University Research Forest > Cheat Canyon > Northern WV > West Virginia,https://www.mountainproject.com/route/121412949/just-hold-on,3,Boulder,V1-,1,NA,39.66329,-79.81778
119840378,Diaper First Aid,Mike's Finger > 5th Pull Off (School Bus Area) > Darnell Hollow > University Research Forest > Cheat Canyon > Northern WV > West Virginia,https://www.mountainproject.com/route/119840378/diaper-first-aid,3,Boulder,V3,1,NA,39.69074,-79.80243
119698626,Classic Arete,Classic Arete > 5th Pull Off (School Bus Area) > Darnell Hollow > University Research Forest > Cheat Canyon > Northern WV > West Virginia,https://www.mountainproject.com/route/119698626/classic-arete,2.5,Boulder,V3-,1,NA,39.69064,-79.80205
119839909,Crimpy Mc Crimperson,Parking lot Boulder > 1st pull off > Darnell Hollow > University Research Forest > Cheat Canyon > Northern WV > West Virginia,https://www.mountainproject.com/route/119839909/crimpy-mc-crimperson,3,Boulder,V1-2,1,NA,39.69208,-79.81147
119696239,Crimp That!,Lay Me Down Area > 1st pull off > Darnell Hollow > University Research Forest > Cheat Canyon > Northern WV > West Virginia,https://www.mountainproject.com/route/119696239/crimp-that,3,Boulder,V2-,1,10,39.69256,-79.81145
119826112,Student,Professor Boulder > Upper Tier > Darnell Hollow > University Research Forest > Cheat Canyon > Northern WV > West Virginia,https://www.mountainproject.com/route/119826112/student,3,Boulder,V1,1,NA,39.69197,-79.802
119698382,Mossy Warm up,School Yard > 5th Pull Off (School Bus Area) > Darnell Hollow > University Research Forest > Cheat Canyon > Northern WV > West Virginia,https://www.mountainproject.com/route/119698382/mossy-warm-up,3,Boulder,V0,1,NA,39.69067,-79.80183
119839474,Teacher's temptation,Professor Boulder > Upper Tier > Darnell Hollow > University Research Forest > Cheat Canyon > Northern WV > West Virginia,https://www.mountainproject.com/route/119839474/teachers-temptation,3,Boulder,V1,1,15,39.69197,-79.802
118831571,Fair Wages,Hierarchy Boulder > First Bell Boulders > Snake Hill Wildlife Management Area > Cheat Canyon > Northern WV > West Virginia,https://www.mountainproject.com/route/118831571/fair-wages,3,Boulder,V2,1,NA,39.62714,-79.83876
120243158,Warm Up Slab (Center),Warm Up Slab > Darkside East > Darnell Hollow > University Research Forest > Cheat Canyon > Northern WV > West Virginia,https://www.mountainproject.com/route/120243158/warm-up-slab-center,3,Boulder,V2-3,1,NA,39.69034,-79.8016
112438718,Cotton Candy Chopper,08. Iceberg Area > Bozoo > Southern WV > West Virginia,https://www.mountainproject.com/route/112438718/cotton-candy-chopper,3,Boulder,V0-1,1,15,37.478,-80.8663
119899249,Garbage,Beans Boulder > Furnace Trail Boulders > Furnace Road Areas > Coopers Rock State Forest > Northern WV > West Virginia,https://www.mountainproject.com/route/119899249/garbage,3,Boulder,V1,1,NA,39.6504,-79.82318
121338863,Twinkle toes,Watch your back > Upper Tier > Darnell Hollow > University Research Forest > Cheat Canyon > Northern WV > West Virginia,https://www.mountainproject.com/route/121338863/twinkle-toes,2.5,Boulder,V0+,1,NA,39.6911,-79.80128
118870560,Tiny Cowboy,Pipsqueak Boulder > Nemesis Boulders > Trad Wall Area > Snake Hill Wildlife Management Area > Cheat Canyon > Northern WV > West Virginia,https://www.mountainproject.com/route/118870560/tiny-cowboy,3,Boulder,V2,1,NA,39.62865,-79.83715
121338658,German Jam,Watch your back > Upper Tier > Darnell Hollow > University Research Forest > Cheat Canyon > Northern WV > West Virginia,https://www.mountainproject.com/route/121338658/german-jam,3,Boulder,V1,1,NA,39.6911,-79.80128
121412864,Chalk is not necessary,Make Due > Watch Top > Deer Skull Boulders > University Research Forest > Cheat Canyon > Northern WV > West Virginia,https://www.mountainproject.com/route/121412864/chalk-is-not-necessary,3,Boulder,V1,1,NA,39.66347,-79.81506
122078718,Pleasant Surprise,Classic Arete > 5th Pull Off (School Bus Area) > Darnell Hollow > University Research Forest > Cheat Canyon > Northern WV > West Virginia,https://www.mountainproject.com/route/122078718/pleasant-surprise,3,Boulder,V1+,1,NA,39.69064,-79.80205
121412852,No Chalk No Problem,Make Due > Watch Top > Deer Skull Boulders > University Research Forest > Cheat Canyon > Northern WV > West Virginia,https://www.mountainproject.com/route/121412852/no-chalk-no-problem,3,Boulder,V1,1,NA,39.66347,-79.81506
122512780,Cheerios,Breakfast Boulders > McCollum Campground Boulders > Coopers Rock State Forest > Northern WV > West Virginia,https://www.mountainproject.com/route/122512780/cheerios,3,Boulder,V3,1,8,39.63827,-79.79028
119839888,Big Stretch,Parking lot Boulder > 1st pull off > Darnell Hollow > University Research Forest > Cheat Canyon > Northern WV > West Virginia,https://www.mountainproject.com/route/119839888/big-stretch,3,Boulder,V1+,1,NA,39.69208,-79.81147
123210299,No Game,Game Trail Slab Boulder > Green Acres > Powerline South > Raven Rock Trail Areas > Coopers Rock State Forest > Northern WV > West Virginia,https://www.mountainproject.com/route/123210299/no-game,3,Boulder,V3,1,12,39.62553,-79.80088
122078711,Fingers and Toes,Classic Arete > 5th Pull Off (School Bus Area) > Darnell Hollow > University Research Forest > Cheat Canyon > Northern WV > West Virginia,https://www.mountainproject.com/route/122078711/fingers-and-toes,3,Boulder,V1-,1,NA,39.69064,-79.80205
121262845,Jealous,Spoiler > Upper Tier > Darnell Hollow > University Research Forest > Cheat Canyon > Northern WV > West Virginia,https://www.mountainproject.com/route/121262845/jealous,3,Boulder,V2,1,NA,39.69137,-79.80194
120243187,Dozer Damaged,Warm Up Slab > Darkside East > Darnell Hollow > University Research Forest > Cheat Canyon > Northern WV > West Virginia,https://www.mountainproject.com/route/120243187/dozer-damaged,3,Boulder,V2,1,NA,39.69034,-79.8016
122064483,Kind Hearted,Gnostic Cave > Deer Skull Boulders > University Research Forest > Cheat Canyon > Northern WV > West Virginia,https://www.mountainproject.com/route/122064483/kind-hearted,3,Boulder,V0,1,NA,39.66333,-79.81777
123116489,Up is Down,Up is Down > Eldorado > Furnace Road Areas > Coopers Rock State Forest > Northern WV > West Virginia,https://www.mountainproject.com/route/123116489/up-is-down,3,Boulder,V1,1,8,39.65511,-79.80093
122513848,Hillbilly Highway,Secret Spring Boulders > McCollum Campground Boulders > Coopers Rock State Forest > Northern WV > West Virginia,https://www.mountainproject.com/route/122513848/hillbilly-highway,3,Boulder,V3,1,20,39.63748,-79.79039
120498248,Summer storm,Storm Slab > Upper Tier > Darnell Hollow > University Research Forest > Cheat Canyon > Northern WV > West Virginia,https://www.mountainproject.com/route/120498248/summer-storm,2.5,Boulder,V0,1,NA,39.6919,-79.80227
122071204,Resurrected Arete,Midnight rumble > Watch Top > Deer Skull Boulders > University Research Forest > Cheat Canyon > Northern WV > West Virginia,https://www.mountainproject.com/route/122071204/resurrected-arete,3,Boulder,V2,1,NA,39.66356,-79.81489
122531844,Deep Dish,Rebel Yell Boulder > Lightning and Thunder Area > Woodshed Boulders > Coopers Rock State Forest > Northern WV > West Virginia,https://www.mountainproject.com/route/122531844/deep-dish,3,Boulder,V3,1,10,39.62901,-79.7918
122070986,HDPT,Ephatha > Deer Skull Boulders > University Research Forest > Cheat Canyon > Northern WV > West Virginia,https://www.mountainproject.com/route/122070986/hdpt,3,Boulder,V3,1,NA,39.66347,-79.81699
120734391,Fruit bat,Trisket Boulder > Darnell Hollow > University Research Forest > Cheat Canyon > Northern WV > West Virginia,https://www.mountainproject.com/route/120734391/fruit-bat,3,Boulder,V2,1,NA,39.69203,-79.80544
120734252,Talking Dirty (sit),Blind Faith Boulder > Darnell Hollow > University Research Forest > Cheat Canyon > Northern WV > West Virginia,https://www.mountainproject.com/route/120734252/talking-dirty-sit,3,Boulder,V3,1,12,39.69213,-79.80508
122513766,Flight Deck,Secret Spring Boulders > McCollum Campground Boulders > Coopers Rock State Forest > Northern WV > West Virginia,https://www.mountainproject.com/route/122513766/flight-deck,3,Boulder,V2,1,15,39.63748,-79.79039
122512825,Dirty Little Slot,Breakfast Boulders > McCollum Campground Boulders > Coopers Rock State Forest > Northern WV > West Virginia,https://www.mountainproject.com/route/122512825/dirty-little-slot,3,Boulder,V2,1,10,39.63827,-79.79028
121265842,Caterpillar‘s disguise,Spoiler > Upper Tier > Darnell Hollow > University Research Forest > Cheat Canyon > Northern WV > West Virginia,https://www.mountainproject.com/route/121265842/caterpillars-disguise,3,Boulder,V1-,1,NA,39.69137,-79.80194
120734374,Gummy power,Trisket Boulder > Darnell Hollow > University Research Forest > Cheat Canyon > Northern WV > West Virginia,https://www.mountainproject.com/route/120734374/gummy-power,3,Boulder,V1,1,NA,39.69203,-79.80544
120500859,Jan's Apprehension,Jungle > 1st pull off > Darnell Hollow > University Research Forest > Cheat Canyon > Northern WV > West Virginia,https://www.mountainproject.com/route/120500859/jans-apprehension,3,Boulder,V2,1,NA,39.69255,-79.81061
120734409,Mmm Trisket,Trisket Boulder > Darnell Hollow > University Research Forest > Cheat Canyon > Northern WV > West Virginia,https://www.mountainproject.com/route/120734409/mmm-trisket,3,Boulder,V1,1,NA,39.69203,-79.80544
122512974,The Wheeling Feeling,Over The Hill Boulders > McCollum Campground Boulders > Coopers Rock State Forest > Northern WV > West Virginia,https://www.mountainproject.com/route/122512974/the-wheeling-feeling,3,Boulder,V3,1,8,39.63532,-79.7914
122531930,Snow Cone,The Beach Boulder > Road to Nowhere area > Woodshed Boulders > Coopers Rock State Forest > Northern WV > West Virginia,https://www.mountainproject.com/route/122531930/snow-cone,3,Boulder,V2,1,18,39.62904,-79.79188
123116618,Up Is Down (sit start),Up is Down > Eldorado > Furnace Road Areas > Coopers Rock State Forest > Northern WV > West Virginia,https://www.mountainproject.com/route/123116618/up-is-down-sit-start,2,Boulder,V3,1,8,39.65511,-79.80093
122606253,Canaan Crack,Main Area > Rocky Ridge Trail > Dolly Sods Region > Eastern WV > West Virginia,https://www.mountainproject.com/route/122606253/canaan-crack,3,Boulder,V2,1,9,39.06885,-79.36525
123114692,Compostable,Cellophane Boulder > First Area Boulders > Rhododendron Trail Areas > Coopers Rock State Forest > Northern WV > West Virginia,https://www.mountainproject.com/route/123114692/compostable,3,Boulder,V3,1,NA,39.64268,-79.82037
122610152,Bird Lover,Orange Puddles Area > Bear Rocks Preserve > Dolly Sods Region > Eastern WV > West Virginia,https://www.mountainproject.com/route/122610152/bird-lover,3,"Boulder, Alpine",V2,1,10,39.06638,-79.30055
122998935,Row Boat Traverse,The Sea > Upper Rock City > Coopers Rock State Forest > Northern WV > West Virginia,https://www.mountainproject.com/route/122998935/row-boat-traverse,2.8,Boulder,V2-3,1,NA,39.63851,-79.81744
122784891,Galactic Traverse,2. UFO Boulder > Laurel Trail Boulders > Tomlinson Run State Park > Northern Panhandle > Northern WV > West Virginia,https://www.mountainproject.com/route/122784891/galactic-traverse,3,Boulder,V3,1,25,40.54595,-80.60252
122609431,Race Day,Main Area > Rocky Ridge Trail > Dolly Sods Region > Eastern WV > West Virginia,https://www.mountainproject.com/route/122609431/race-day,3,Boulder,V3-4,1,10,39.06885,-79.36525
123132670,Notmucha Arete,Notmucha Slab Boulder > Notmucha Boulders > Rhododendron Trail Areas > Coopers Rock State Forest > Northern WV > West Virginia,https://www.mountainproject.com/route/123132670/notmucha-arete,3,Boulder,V2,1,12,39.64307,-79.82104
122998723,Hail Chimney,The Sea > Upper Rock City > Coopers Rock State Forest > Northern WV > West Virginia,https://www.mountainproject.com/route/122998723/hail-chimney,3,"TR, Boulder",V-easy,1,NA,39.63851,-79.81744
122998822,The Red Baron,The Sea > Upper Rock City > Coopers Rock State Forest > Northern WV > West Virginia,https://www.mountainproject.com/route/122998822/the-red-baron,2,Boulder,V3,1,NA,39.63851,-79.81744
122998855,Pique Tootsie,The Sea > Upper Rock City > Coopers Rock State Forest > Northern WV > West Virginia,https://www.mountainproject.com/route/122998855/pique-tootsie,3,Boulder,V1-2,1,NA,39.63851,-79.81744
107035319,Tightrope aka Vitamin P,Warm Up Boulder > First Set Boulders > Roadside > Coopers Rock State Forest > Northern WV > West Virginia,https://www.mountainproject.com/route/107035319/tightrope-aka-vitamin-p,2,Boulder,V2,1,NA,39.63593,-79.81293
122988601,Feels Good to Be Lonely,P-Hole Boulder > Underlook Trail Boulders > Coopers Rock State Forest > Northern WV > West Virginia,https://www.mountainproject.com/route/122988601/feels-good-to-be-lonely,2.5,Boulder,V1-2 PG13,1,NA,39.63684,-79.81682
122974300,Snacks and Souvenirs,Concession Stand Boulder > Entrance Boulders > Upper Rock City > Coopers Rock State Forest > Northern WV > West Virginia,https://www.mountainproject.com/route/122974300/snacks-and-souvenirs,3.3,Boulder,V3,1,12,39.63793,-79.8168
123019112,Lego Nook Hook,The Nook > Entrance Boulders > Upper Rock City > Coopers Rock State Forest > Northern WV > West Virginia,https://www.mountainproject.com/route/123019112/lego-nook-hook,3,Boulder,V3-4,1,NA,39.63805,-79.81682
122609668,Salamander,Main Area > Rocky Ridge Trail > Dolly Sods Region > Eastern WV > West Virginia,https://www.mountainproject.com/route/122609668/salamander,3,Boulder,V2,1,12,39.06885,-79.36525
122641289,Crack Of Enlightenment,Main Area > Rocky Ridge Trail > Dolly Sods Region > Eastern WV > West Virginia,https://www.mountainproject.com/route/122641289/crack-of-enlightenment,3,Boulder,V2,1,NA,39.06885,-79.36525
122610012,Mountain Laurel Arete,Highland Warrior Area > Bear Rocks Preserve > Dolly Sods Region > Eastern WV > West Virginia,https://www.mountainproject.com/route/122610012/mountain-laurel-arete,3,"Boulder, Alpine",V3-4,1,12,39.06735,-79.29911
122720943,Rolling in the Deep,1. The Choss Garden > Laurel Trail Boulders > Tomlinson Run State Park > Northern Panhandle > Northern WV > West Virginia,https://www.mountainproject.com/route/122720943/rolling-in-the-deep,3,Boulder,V3,1,9,40.54511,-80.6004
106536738,Sloper Roof,C. The Dugout > Main Area Bouldering > Bozoo Bouldering > Bozoo > Southern WV > West Virginia,https://www.mountainproject.com/route/106536738/sloper-roof,2.8,Boulder,V2,1,10,37.4776,-80.8672
122607619,Skrittle Arete,Trailside Boulder > Rocky Ridge Trail > Dolly Sods Region > Eastern WV > West Virginia,https://www.mountainproject.com/route/122607619/skrittle-arete,3,Boulder,V2-3,1,18,39.06971,-79.36541
122632992,Scummy Mantle,2. Stigmaria Boulders > Camp 70 Boulders > Eastern WV > West Virginia,https://www.mountainproject.com/route/122632992/scummy-mantle,3,Boulder,V1-2,1,NA,39.12299,-79.4326
122989188,Stegosaurus Traverse,Stegosaurus Boulder > Underlook Trail Boulders > Coopers Rock State Forest > Northern WV > West Virginia,https://www.mountainproject.com/route/122989188/stegosaurus-traverse,2,Boulder,V2,1,NA,39.63662,-79.81665
122645282,Red Face right,Main Area > Rocky Ridge Trail > Dolly Sods Region > Eastern WV > West Virginia,https://www.mountainproject.com/route/122645282/red-face-right,2.5,Boulder,V3,1,10,39.06885,-79.36525
122724728,The Muppet Show,5. The Daisy Cave > Laurel Trail Boulders > Tomlinson Run State Park > Northern Panhandle > Northern WV > West Virginia,https://www.mountainproject.com/route/122724728/the-muppet-show,3,Boulder,V3,1,10,40.54721,-80.60521
108011522,C. Juggy Crack,H. EDucator Boulder > Main Area Bouldering > Bozoo Bouldering > Bozoo > Southern WV > West Virginia,https://www.mountainproject.com/route/108011522/c-juggy-crack,3,Boulder,V3,1,14,37.4782,-80.8675
122633015,Warmed Up,2. Stigmaria Boulders > Camp 70 Boulders > Eastern WV > West Virginia,https://www.mountainproject.com/route/122633015/warmed-up,3,Boulder,V3,1,NA,39.12299,-79.4326
122979216,Hide and Seek Crack,The Nook > Entrance Boulders > Upper Rock City > Coopers Rock State Forest > Northern WV > West Virginia,https://www.mountainproject.com/route/122979216/hide-and-seek-crack,3,Boulder,V3,1,10,39.63805,-79.81682
108811380,Warm Up L Center,C5: Warm Up Boulder > C: Talus Area > Downstream Boulderfield > Bozoo Bouldering > Bozoo > Southern WV > West Virginia,https://www.mountainproject.com/route/108811380/warm-up-l-center,3,Boulder,V1,1,NA,37.48406,-80.87437
122645032,Smokey,Little Loop Parking Boulders > Dolly Sods Region > Eastern WV > West Virginia,https://www.mountainproject.com/route/122645032/smokey,3,Boulder,V2,1,8,38.97503,-79.33709
108954381,Right Cell,Alcatraz/Fontainzoo/Mattehorn > Bozooka Area > Bozoo Bouldering > Bozoo > Southern WV > West Virginia,https://www.mountainproject.com/route/108954381/right-cell,3,Boulder,V3,1,12,37.47644,-80.8646
106507402,A2,Fly Swatter Boulder > Flinger Area > Bozoo Bouldering > Bozoo > Southern WV > West Virginia,https://www.mountainproject.com/route/106507402/a2,3,Boulder,V1+,1,15,37.4811,-80.8712
108008596,Tall Pine,Tall Pine Boulder > Roadside > Entryway Boulders > Bozoo Bouldering > Bozoo > Southern WV > West Virginia,https://www.mountainproject.com/route/108008596/tall-pine,3,Boulder,V3,1,14,37.4833,-80.8474
106771631,Zugzwang left Project,Lyman's Boulder > Bozooka Area > Bozoo Bouldering > Bozoo > Southern WV > West Virginia,https://www.mountainproject.com/route/106771631/zugzwang-left-project,3,Boulder,V-easy,1,15,37.4769,-80.8646
106771650,Lyman's Project,Lyman's Boulder > Bozooka Area > Bozoo Bouldering > Bozoo > Southern WV > West Virginia,https://www.mountainproject.com/route/106771650/lymans-project,3,Boulder,V-easy,1,15,37.4769,-80.8646
106771639,Zugzwang Direct Project,Lyman's Boulder > Bozooka Area > Bozoo Bouldering > Bozoo > Southern WV > West Virginia,https://www.mountainproject.com/route/106771639/zugzwang-direct-project,3,Boulder,V-easy,1,15,37.4769,-80.8646
123384798,Chimney Swept,Rich McCrankin Cave > Site 6 Boulders > Rhododendron Campground Boulders > Coopers Rock State Forest > Northern WV > West Virginia,https://www.mountainproject.com/route/123384798/chimney-swept,3,Boulder,V0 R,1,NA,39.64144,-79.81365
123467673,Mulder,X-Files Boulder > Short Creek Right > Short Creek Bouldering > Beauty Mountain > New River Gorge Proper > The New River Gorge Region > West Virginia,https://www.mountainproject.com/route/123467673/mulder,3,Boulder,V1-,1,20,38.05475,-81.03532
123467768,Keeling Curve,The Weird Boulder > Short Creek Left > Short Creek Bouldering > Beauty Mountain > New River Gorge Proper > The New River Gorge Region > West Virginia,https://www.mountainproject.com/route/123467768/keeling-curve,2.5,Boulder,V1-,1,12,38.05462,-81.03373
123227485,Coffee Bar,Coffee Mug Boulder > Coffee Mug Boulders > Green Acres > Powerline South > Raven Rock Trail Areas > Coopers Rock State Forest > Northern WV > West Virginia,https://www.mountainproject.com/route/123227485/coffee-bar,3,Boulder,V1,1,9,39.62503,-79.80033
123229396,Lumpy,Bumpy and Lumpy Boulder > Coffee Mug Boulders > Green Acres > Powerline South > Raven Rock Trail Areas > Coopers Rock State Forest > Northern WV > West Virginia,https://www.mountainproject.com/route/123229396/lumpy,3,Boulder,V1-2,1,NA,39.62502,-79.80037
123467511,"""V0""",Lowdown Popcorn Boulder > Short Creek Left > Short Creek Bouldering > Beauty Mountain > New River Gorge Proper > The New River Gorge Region > West Virginia,https://www.mountainproject.com/route/123467511/v0,2.9,Boulder,V2,1,12,38.05413,-81.03509
123319530,I'ma Make You My...,Scuttle Roof Corridor > Eldorado > Furnace Road Areas > Coopers Rock State Forest > Northern WV > West Virginia,https://www.mountainproject.com/route/123319530/ima-make-you-my,3,Boulder,V2-3,1,NA,39.6552,-79.80085
123229449,Oyster Plate,The Oyster Cellar > Coffee Mug Boulders > Green Acres > Powerline South > Raven Rock Trail Areas > Coopers Rock State Forest > Northern WV > West Virginia,https://www.mountainproject.com/route/123229449/oyster-plate,3,Boulder,V3,1,NA,39.62501,-79.80028
123467494,Tik Tok,Lowdown Popcorn Boulder > Short Creek Left > Short Creek Bouldering > Beauty Mountain > New River Gorge Proper > The New River Gorge Region > West Virginia,https://www.mountainproject.com/route/123467494/tik-tok,3,Boulder,V3,1,13,38.05413,-81.03509
123467758,Game of Stones,The Weird Boulder > Short Creek Left > Short Creek Bouldering > Beauty Mountain > New River Gorge Proper > The New River Gorge Region > West Virginia,https://www.mountainproject.com/route/123467758/game-of-stones,2.5,Boulder,V3,1,12,38.05462,-81.03373
123293118,White knuckles,East Block > Road Blocks (Route 73) > Park Entrance Areas > Coopers Rock State Forest > Northern WV > West Virginia,https://www.mountainproject.com/route/123293118/white-knuckles,3,Boulder,V3,1,NA,39.66111,-79.8051
123317330,Holly underclings!,Holly Boulder > Central Area Boulders > Needleseye Boulder Park > The New River Gorge Region > West Virginia,https://www.mountainproject.com/route/123317330/holly-underclings,3,Boulder,V3,1,16,37.98043,-81.12285
123319504,Move Me,Scuttle Roof Corridor > Eldorado > Furnace Road Areas > Coopers Rock State Forest > Northern WV > West Virginia,https://www.mountainproject.com/route/123319504/move-me,3,Boulder,V3-4,1,NA,39.6552,-79.80085
119696891,Pulgita,04. I Love Luci! Boulder > Meadow Top Boulders > Meadow River Gorge > The New River Gorge Region > West Virginia,https://www.mountainproject.com/route/119696891/pulgita,2.3,Boulder,V1-2,1,10,38.15326,-80.9301
116140252,Friends of Coal,12. Friends of Coal Boulder > Meadow Top Boulders > Meadow River Gorge > The New River Gorge Region > West Virginia,https://www.mountainproject.com/route/116140252/friends-of-coal,2.6,Boulder,V2,1,NA,38.15439,-80.93714
117609969,Nemesis,Corrosion Block > Tomb Raider Area > Upper Rock City > Coopers Rock State Forest > Northern WV > West Virginia,https://www.mountainproject.com/route/117609969/nemesis,2.6,Boulder,V3+,1,16,39.63817,-79.81788
117638714,Cletus Funk,Tilted Tree Corridor > Tilted Tree Area > Tilted Tree > Coopers Rock State Forest > Northern WV > West Virginia,https://www.mountainproject.com/route/117638714/cletus-funk,2.7,Boulder,V3,1,5,39.63321,-79.80525
121901621,Cincinnati Bowtie,02. Mechanical Sensei Boulder > Meadow Top Boulders > Meadow River Gorge > The New River Gorge Region > West Virginia,https://www.mountainproject.com/route/121901621/cincinnati-bowtie,2.5,Boulder,V3,1,NA,38.15277,-80.92832
120168037,Jugs,Rhodo Cave > Rhododendron Trail Areas > Coopers Rock State Forest > Northern WV > West Virginia,https://www.mountainproject.com/route/120168037/jugs,2.5,Boulder,V3,1,15,39.64472,-79.82429
107035409,Warm-Up Boulder Arete (Stand),Warm Up Boulder > First Set Boulders > Roadside > Coopers Rock State Forest > Northern WV > West Virginia,https://www.mountainproject.com/route/107035409/warm-up-boulder-arete-stand,2.2,Boulder,V1,1,NA,39.63593,-79.81293
121528731,WB Left,WB Boulder > Casey Jones > Lower New River Gorge Bouldering > New River Gorge Proper > The New River Gorge Region > West Virginia,https://www.mountainproject.com/route/121528731/wb-left,2.9,Boulder,V2,1,10,38.11358,-81.14355
107035424,Local Color,Butcher Block > Mad Butcher Block Area > Roadside > Coopers Rock State Forest > Northern WV > West Virginia,https://www.mountainproject.com/route/107035424/local-color,2.3,Boulder,V2-,1,NA,39.63545,-79.8122
119698413,Dodo,School Yard > 5th Pull Off (School Bus Area) > Darnell Hollow > University Research Forest > Cheat Canyon > Northern WV > West Virginia,https://www.mountainproject.com/route/119698413/dodo,2.6,Boulder,V1-2,1,NA,39.69067,-79.80183
107760199,Bear Haven Hanger,Bear Haven > Eastern WV > West Virginia,https://www.mountainproject.com/route/107760199/bear-haven-hanger,2.8,Boulder,V1-2 PG13,1,12,38.9293,-79.6795
117003307,Hell Toupee,06. Crimpin' Boulder > Meadow Top Boulders > Meadow River Gorge > The New River Gorge Region > West Virginia,https://www.mountainproject.com/route/117003307/hell-toupee,2.4,Boulder,V2,1,NA,38.1532,-80.93027
114306655,Proana,Allusionist Boulder > Death Block Area > Tilted Tree > Coopers Rock State Forest > Northern WV > West Virginia,https://www.mountainproject.com/route/114306655/proana,2.4,Boulder,V3-4,1,NA,39.63376,-79.8074
114306674,Exorexic,Allusionist Boulder > Death Block Area > Tilted Tree > Coopers Rock State Forest > Northern WV > West Virginia,https://www.mountainproject.com/route/114306674/exorexic,2.5,Boulder,V3+,1,NA,39.63376,-79.8074
112522608,Broken Crack,First Wall Left > First Wall > Tilted Tree > Coopers Rock State Forest > Northern WV > West Virginia,https://www.mountainproject.com/route/112522608/broken-crack,2.4,Boulder,V0,1,NA,39.6339,-79.80606
117639509,Wisdom,Moby Boulder > Moby Area > Tilted Tree > Coopers Rock State Forest > Northern WV > West Virginia,https://www.mountainproject.com/route/117639509/wisdom,2.3,Boulder,V0,1,15,39.63388,-79.80663
117386020,Tyrannosaurus Arête,Security Breach Boulder > Meadow Top Boulders > Meadow River Gorge > The New River Gorge Region > West Virginia,https://www.mountainproject.com/route/117386020/tyrannosaurus-arete,2.1,Boulder,V0,1,NA,38.15272,-80.92836
116209207,Or How I Learned How to Stop Worrying and Love the Mantel,Mushroom Boulder (Picnic Table) > Upper Rock City > Coopers Rock State Forest > Northern WV > West Virginia,https://www.mountainproject.com/route/116209207/or-how-i-learned-how-to-stop-worrying-and-love-the-mantel,2.3,Boulder,V3,1,NA,39.63972,-79.81768
117965060,Mucho Gusto,Gus's Mom Boulder > Short Creek Right > Short Creek Bouldering > Beauty Mountain > New River Gorge Proper > The New River Gorge Region > West Virginia,https://www.mountainproject.com/route/117965060/mucho-gusto,2.8,Boulder,V3,1,10,38.05496,-81.03566
116228107,Sucrose,Font Boulders > Entrance Boulders > Upper Rock City > Coopers Rock State Forest > Northern WV > West Virginia,https://www.mountainproject.com/route/116228107/sucrose,2.3,Boulder,V2,1,NA,39.63797,-79.81721
119703514,Little John,John Boulder > 5th Pull Off (School Bus Area) > Darnell Hollow > University Research Forest > Cheat Canyon > Northern WV > West Virginia,https://www.mountainproject.com/route/119703514/little-john,2.8,Boulder,V2,1,NA,39.69071,-79.80157
115127568,On Crack,Highball Boulder > Cotton Bottom > Lower New River Gorge Bouldering > New River Gorge Proper > The New River Gorge Region > West Virginia,https://www.mountainproject.com/route/115127568/on-crack,2.7,Boulder,V3,1,15,38.11547,-81.14354
106543862,Monkeys Paw,The Brain Boulder > Bozooka Area > Bozoo Bouldering > Bozoo > Southern WV > West Virginia,https://www.mountainproject.com/route/106543862/monkeys-paw,2.6,Boulder,V3-4,1,15,37.4769,-80.8646
116192764,Black Bart,Ceiling Block Area > Roadside > Coopers Rock State Forest > Northern WV > West Virginia,https://www.mountainproject.com/route/116192764/black-bart,2.4,Boulder,V3,1,NA,39.63559,-79.81191
121528955,Stella's V6,Casey Jones Boulder > Casey Jones > Lower New River Gorge Bouldering > New River Gorge Proper > The New River Gorge Region > West Virginia,https://www.mountainproject.com/route/121528955/stellas-v6,2.4,Boulder,V3 PG13,1,12,38.11356,-81.14335
120168216,Road to Emmaus Stand Start,Rhodo Cave > Rhododendron Trail Areas > Coopers Rock State Forest > Northern WV > West Virginia,https://www.mountainproject.com/route/120168216/road-to-emmaus-stand-start,3.1,Boulder,V3,1,12,39.64472,-79.82429
119180997,Black Lung,1. Powerline Boulders > Camp 70 Boulders > Eastern WV > West Virginia,https://www.mountainproject.com/route/119180997/black-lung,2.7,Boulder,V0,1,13,39.13486,-79.43886
121859646,High Mountain Crack,1 Entrance boulder > Spruce Knob Bouldering > Eastern WV > West Virginia,https://www.mountainproject.com/route/121859646/high-mountain-crack,2.6,"Boulder, Alpine",V0,1,10,38.69824,-79.53443
116211150,The Bottom Line,Sunset Wall > Sunset Wall Area > Roadside > Coopers Rock State Forest > Northern WV > West Virginia,https://www.mountainproject.com/route/116211150/the-bottom-line,3.4,Boulder,V0,1,NA,39.63527,-79.81075
118834266,Can I Offer You A Nice Egg?,The Sunny Egg Boulder > Junction Boulders > Snake Hill Wildlife Management Area > Cheat Canyon > Northern WV > West Virginia,https://www.mountainproject.com/route/118834266/can-i-offer-you-a-nice-egg,2.7,Boulder,V2,1,NA,39.623,-79.83491
121859780,Alpine Dog West,5 Alpine Dog boulder > Spruce Knob Bouldering > Eastern WV > West Virginia,https://www.mountainproject.com/route/121859780/alpine-dog-west,3,"Boulder, Alpine",V3,1,6,38.69791,-79.53462
120855398,Iron Will,07a. Iron Will Boulder > Meadow Top Boulders > Meadow River Gorge > The New River Gorge Region > West Virginia,https://www.mountainproject.com/route/120855398/iron-will,2.7,Boulder,V1,1,7,38.1538,-80.93442
119839654,Shark Tooth Traverse,Shark Tooth > 5th Pull Off (School Bus Area) > Darnell Hollow > University Research Forest > Cheat Canyon > Northern WV > West Virginia,https://www.mountainproject.com/route/119839654/shark-tooth-traverse,3,Boulder,V2,1,10,39.69066,-79.8022
117114743,Unnamed,“The Prize” Sector > Cheat Canyon Wildlife Management Area > Cheat Canyon > Northern WV > West Virginia,https://www.mountainproject.com/route/117114743/unnamed,2.7,Boulder,V0,1,NA,39.51394,-79.65676
119826047,Unnamed,Micro Bus Boulder > 5th Pull Off (School Bus Area) > Darnell Hollow > University Research Forest > Cheat Canyon > Northern WV > West Virginia,https://www.mountainproject.com/route/119826047/unnamed,2.7,Boulder,V0,1,NA,39.69062,-79.80168
118821879,Hurry,Creekside Boulder > Deer Skull Boulders > University Research Forest > Cheat Canyon > Northern WV > West Virginia,https://www.mountainproject.com/route/118821879/hurry,2.7,Boulder,V1,1,NA,39.66244,-79.81873
120492342,Patient Patient,Waiting Room/ Campfire > Darkside East > Darnell Hollow > University Research Forest > Cheat Canyon > Northern WV > West Virginia,https://www.mountainproject.com/route/120492342/patient-patient,2.7,Boulder,V1,1,NA,39.69033,-79.8016
109225527,Deek,Bear Haven > Eastern WV > West Virginia,https://www.mountainproject.com/route/109225527/deek,2.7,Boulder,V1 PG13,1,NA,38.9293,-79.6795
107881087,Pimp,Bear Rock Lake Bouldering (Wheeling) > Northern Panhandle > Northern WV > West Virginia,https://www.mountainproject.com/route/107881087/pimp,2.7,Boulder,V3,1,12,40.0763,-80.5333
110295833,One mover,Streamside Boulder I > Bozooka Area > Bozoo Bouldering > Bozoo > Southern WV > West Virginia,https://www.mountainproject.com/route/110295833/one-mover,2.7,Boulder,V2,1,9,37.47727,-80.86509
112030019,Golf Course,Tilted Tree Corridor > Tilted Tree Area > Tilted Tree > Coopers Rock State Forest > Northern WV > West Virginia,https://www.mountainproject.com/route/112030019/golf-course,1.8,Boulder,V0,1,NA,39.63321,-79.80525
106607855,Gator Skin Center,G:Alligator Skin Boulder > Downstream Boulderfield > Bozoo Bouldering > Bozoo > Southern WV > West Virginia,https://www.mountainproject.com/route/106607855/gator-skin-center,2.7,Boulder,V3+,1,17,37.48388,-80.87508
118642680,Swan’s Mantle,County Line South > County Line Boulders > Park Entrance Areas > Coopers Rock State Forest > Northern WV > West Virginia,https://www.mountainproject.com/route/118642680/swans-mantle,2.3,Boulder,V2,1,NA,39.64907,-79.78648
116196088,Spike 2.0,Big Blocks > Sunset Wall Area > Roadside > Coopers Rock State Forest > Northern WV > West Virginia,https://www.mountainproject.com/route/116196088/spike-20,2.5,Boulder,V2,1,13,39.63509,-79.81075
117824388,Groovin' Missionary,Fiddle Rock > Fiddle Area > Tilted Tree > Coopers Rock State Forest > Northern WV > West Virginia,https://www.mountainproject.com/route/117824388/groovin-missionary,2.5,Boulder,V3,1,NA,39.63378,-79.8061
115127724,Drifter,Slitty Titty Boulder > Cotton Bottom > Lower New River Gorge Bouldering > New River Gorge Proper > The New River Gorge Region > West Virginia,https://www.mountainproject.com/route/115127724/drifter,2.5,Boulder,V2,1,15,38.11576,-81.14353
117635237,Return of the Swallows,Tilted Tree Corridor > Tilted Tree Area > Tilted Tree > Coopers Rock State Forest > Northern WV > West Virginia,https://www.mountainproject.com/route/117635237/return-of-the-swallows,2.5,Boulder,V1,1,NA,39.63321,-79.80525
116195890,Winter Afternoon,Big Blocks > Sunset Wall Area > Roadside > Coopers Rock State Forest > Northern WV > West Virginia,https://www.mountainproject.com/route/116195890/winter-afternoon,2.2,Boulder,V2-3,1,13,39.63509,-79.81075
112375749,Ghoul,Tomb Raider > Tomb Raider Area > Upper Rock City > Coopers Rock State Forest > Northern WV > West Virginia,https://www.mountainproject.com/route/112375749/ghoul,2.5,Boulder,V1-2,1,NA,39.63807,-79.81754
119911755,Jason Needs A Resole,Cotton Bottom | 7012 > Cotton Bottom > Lower New River Gorge Bouldering > New River Gorge Proper > The New River Gorge Region > West Virginia,https://www.mountainproject.com/route/119911755/jason-needs-a-resole,2.2,Boulder,V2,1,NA,38.1128,-81.1435
117988715,Sea Urchin,First Wall Right > First Wall > Tilted Tree > Coopers Rock State Forest > Northern WV > West Virginia,https://www.mountainproject.com/route/117988715/sea-urchin,2.6,Boulder,V2,1,NA,39.63359,-79.80548
121278915,Beauty  School Dropout,03. Corsair Boulder > Meadow Top Boulders > Meadow River Gorge > The New River Gorge Region > West Virginia,https://www.mountainproject.com/route/121278915/beauty-school-dropout,2.6,Boulder,V2,1,8,38.15325,-80.93077
112030030,Tilted Tree Arete (Left),Tilted Tree Corridor > Tilted Tree Area > Tilted Tree > Coopers Rock State Forest > Northern WV > West Virginia,https://www.mountainproject.com/route/112030030/tilted-tree-arete-left,2.1,Boulder,V1,1,NA,39.63321,-79.80525
115456914,Pocketsock Variation #1,Tomb Raider > Tomb Raider Area > Upper Rock City > Coopers Rock State Forest > Northern WV > West Virginia,https://www.mountainproject.com/route/115456914/pocketsock-variation-1,1.9,Boulder,V2,1,10,39.63807,-79.81754
115127628,Wacko,Slitty Titty Boulder > Cotton Bottom > Lower New River Gorge Bouldering > New River Gorge Proper > The New River Gorge Region > West Virginia,https://www.mountainproject.com/route/115127628/wacko,2.2,Boulder,V0,1,10,38.11576,-81.14353
120349677,Death to Smoochie,Naked Sun Boulder > Interp Boulders > New River Gorge Proper > The New River Gorge Region > West Virginia,https://www.mountainproject.com/route/120349677/death-to-smoochie,2.5,Boulder,V1,1,NA,38.07881,-81.07714
118078309,Triangle Slab,Triangle Slab > Good Block Area > Tilted Tree > Coopers Rock State Forest > Northern WV > West Virginia,https://www.mountainproject.com/route/118078309/triangle-slab,2.5,Boulder,V1,1,NA,39.63302,-79.80511
112375600,Ghost,Tomb Raider > Tomb Raider Area > Upper Rock City > Coopers Rock State Forest > Northern WV > West Virginia,https://www.mountainproject.com/route/112375600/ghost,2.4,Boulder,V1,1,NA,39.63807,-79.81754
110715138,Under the Stairs,Sunset Wall Cave > Sunset Wall Area > Roadside > Coopers Rock State Forest > Northern WV > West Virginia,https://www.mountainproject.com/route/110715138/under-the-stairs,2.8,Boulder,V2 PG13,1,15,39.6352,-79.81082
107445366,Not a Finga!,Ballard Trail Boulders > Kanawha State Forest > Southern WV > West Virginia,https://www.mountainproject.com/route/107445366/not-a-finga,2.5,Boulder,V3,1,10,38.26547,-81.66757
107966329,Blok Slab Right,E. The Blok > Main Area Bouldering > Bozoo Bouldering > Bozoo > Southern WV > West Virginia,https://www.mountainproject.com/route/107966329/blok-slab-right,2.6,Boulder,V0,1,NA,37.4778,-80.8673
106531067,B. Katty Corner,A: Pocket Boulder > Main Area Bouldering > Bozoo Bouldering > Bozoo > Southern WV > West Virginia,https://www.mountainproject.com/route/106531067/b-katty-corner,2.5,Boulder,V3,1,8,37.4776,-80.8664
119909233,Mine,Leaving Las Fayetteville Boulder > Hawk's Nest Proper > Lower New River Gorge Bouldering > New River Gorge Proper > The New River Gorge Region > West Virginia,https://www.mountainproject.com/route/119909233/mine,2.3,Boulder,V3,1,12,38.11762,-81.13159
116209585,Sloping Rail,Fiddle Rock > Fiddle Area > Tilted Tree > Coopers Rock State Forest > Northern WV > West Virginia,https://www.mountainproject.com/route/116209585/sloping-rail,2.1,Boulder,V3,1,NA,39.63378,-79.8061
117610042,De-Forestation,Corrosion Block > Tomb Raider Area > Upper Rock City > Coopers Rock State Forest > Northern WV > West Virginia,https://www.mountainproject.com/route/117610042/de-forestation,2.2,Boulder,V0,1,12,39.63817,-79.81788
118081083,Synchro-Energizer,Fiddle Rock > Fiddle Area > Tilted Tree > Coopers Rock State Forest > Northern WV > West Virginia,https://www.mountainproject.com/route/118081083/synchro-energizer,2.3,Boulder,V3,1,NA,39.63378,-79.8061
107035315,Apples,Warm Up Boulder > First Set Boulders > Roadside > Coopers Rock State Forest > Northern WV > West Virginia,https://www.mountainproject.com/route/107035315/apples,2,Boulder,V0+,1,NA,39.63593,-79.81293
107035356,Nevergreen,Green Block > First Set Boulders > Roadside > Coopers Rock State Forest > Northern WV > West Virginia,https://www.mountainproject.com/route/107035356/nevergreen,2.5,Boulder,V0+,1,NA,39.63559,-79.81244
111074118,Honey,Malone Boulder > Cotton Bottom > Lower New River Gorge Bouldering > New River Gorge Proper > The New River Gorge Region > West Virginia,https://www.mountainproject.com/route/111074118/honey,2.5,Boulder,V2,1,10,38.11552,-81.14362
120667627,I Got Nothin',Curly Boulder > Moe Area > Interp Boulders > New River Gorge Proper > The New River Gorge Region > West Virginia,https://www.mountainproject.com/route/120667627/i-got-nothin,2.1,Boulder,V1,1,12,38.07807,-81.07878
119931738,Taper Point,Taper Point Boulder > Cotton Top > Lower New River Gorge Bouldering > New River Gorge Proper > The New River Gorge Region > West Virginia,https://www.mountainproject.com/route/119931738/taper-point,2.6,Boulder,V3,1,12,38.11579,-81.14159
118834427,Wax On,Karate Kid Boulder > Junction Boulders > Snake Hill Wildlife Management Area > Cheat Canyon > Northern WV > West Virginia,https://www.mountainproject.com/route/118834427/wax-on,2.4,Boulder,V3-4,1,NA,39.62307,-79.83492
107035444,Acromion,Butcher Block > Mad Butcher Block Area > Roadside > Coopers Rock State Forest > Northern WV > West Virginia,https://www.mountainproject.com/route/107035444/acromion,2.3,Boulder,V3,1,NA,39.63545,-79.8122
117965123,Left of Heart,Gymnastic Fantastic Boulder > Short Creek Right > Short Creek Bouldering > Beauty Mountain > New River Gorge Proper > The New River Gorge Region > West Virginia,https://www.mountainproject.com/route/117965123/left-of-heart,2.1,Boulder,V3,1,9,38.05486,-81.03522
106531185,K. Pocket Boulder Warm-Up,A: Pocket Boulder > Main Area Bouldering > Bozoo Bouldering > Bozoo > Southern WV > West Virginia,https://www.mountainproject.com/route/106531185/k-pocket-boulder-warm-up,2.3,Boulder,V2,1,12,37.4776,-80.8664
119619276,Alpha Male Monkey,Gymnastic Fantastic Boulder > Short Creek Right > Short Creek Bouldering > Beauty Mountain > New River Gorge Proper > The New River Gorge Region > West Virginia,https://www.mountainproject.com/route/119619276/alpha-male-monkey,2.8,Boulder,V1,1,20,38.05486,-81.03522
117640447,Oldies Hour,Moby Boulder > Moby Area > Tilted Tree > Coopers Rock State Forest > Northern WV > West Virginia,https://www.mountainproject.com/route/117640447/oldies-hour,2.3,Boulder,V3,1,NA,39.63388,-79.80663
120728362,Flipside,Tuggin' Shack > Interp Boulders > New River Gorge Proper > The New River Gorge Region > West Virginia,https://www.mountainproject.com/route/120728362/flipside,2.4,Boulder,V3,1,NA,38.07878,-81.07696
112135722,Egg Direct,White Eyebrow Boulder > Hawk's Nest Proper > Lower New River Gorge Bouldering > New River Gorge Proper > The New River Gorge Region > West Virginia,https://www.mountainproject.com/route/112135722/egg-direct,2.6,Boulder,V3+,1,20,38.11781,-81.13181
112834894,Wang Gang,Tier 2 Boulders > Moby Area > Tilted Tree > Coopers Rock State Forest > Northern WV > West Virginia,https://www.mountainproject.com/route/112834894/wang-gang,2.1,Boulder,V0+,1,NA,39.6339,-79.80704
117555335,Beavis Punk,Tilted Tree Corridor > Tilted Tree Area > Tilted Tree > Coopers Rock State Forest > Northern WV > West Virginia,https://www.mountainproject.com/route/117555335/beavis-punk,2.1,Boulder,V2,1,NA,39.63321,-79.80525
121295592,The Green Slab,Romulus and Remus Area > Upper Rock City > Coopers Rock State Forest > Northern WV > West Virginia,https://www.mountainproject.com/route/121295592/the-green-slab,2.5,"TR, Boulder",5.3 V-easy,1,30,39.63832,-79.81743
120168043,More Jugs,Rhodo Cave > Rhododendron Trail Areas > Coopers Rock State Forest > Northern WV > West Virginia,https://www.mountainproject.com/route/120168043/more-jugs,2.7,Boulder,V3,1,10,39.64472,-79.82429
121295645,Green Slab Arete,Romulus and Remus Area > Upper Rock City > Coopers Rock State Forest > Northern WV > West Virginia,https://www.mountainproject.com/route/121295645/green-slab-arete,2.5,"TR, Boulder",5.5 V-easy,1,30,39.63832,-79.81743
119180464,The Horn Arete,1. Powerline Boulders > Camp 70 Boulders > Eastern WV > West Virginia,https://www.mountainproject.com/route/119180464/the-horn-arete,2.5,Boulder,V2,1,12,39.13486,-79.43886
119180061,Cheat,1. Powerline Boulders > Camp 70 Boulders > Eastern WV > West Virginia,https://www.mountainproject.com/route/119180061/cheat,2.5,Boulder,V1,1,10,39.13486,-79.43886
118997797,Disney Classic Knife Fight,Barboursville Park > Huntington/Barboursville > Southern WV > West Virginia,https://www.mountainproject.com/route/118997797/disney-classic-knife-fight,2.7,Boulder,V2,1,13,38.39195,-82.30934
119899623,Bacon Made,Pig Iron Boulder > Furnace Trail Boulders > Furnace Road Areas > Coopers Rock State Forest > Northern WV > West Virginia,https://www.mountainproject.com/route/119899623/bacon-made,2.7,Boulder,V0+ R,1,NA,39.65123,-79.82384
117936518,Bosch This,First Wall Left > First Wall > Tilted Tree > Coopers Rock State Forest > Northern WV > West Virginia,https://www.mountainproject.com/route/117936518/bosch-this,2,Boulder,V3,1,15,39.6339,-79.80606
118693237,Welcome to the Jungle,County Line South > County Line Boulders > Park Entrance Areas > Coopers Rock State Forest > Northern WV > West Virginia,https://www.mountainproject.com/route/118693237/welcome-to-the-jungle,2.5,Boulder,V1,1,NA,39.64907,-79.78648
119698824,Arges,Giant's Slab Boulder > 5th Pull Off (School Bus Area) > Darnell Hollow > University Research Forest > Cheat Canyon > Northern WV > West Virginia,https://www.mountainproject.com/route/119698824/arges,2.5,Boulder,V2,1,NA,39.69077,-79.80159
118706085,The Shaft,The Shaft Boulders > McCollum Campground Boulders > Coopers Rock State Forest > Northern WV > West Virginia,https://www.mountainproject.com/route/118706085/the-shaft,2.5,Boulder,V3 PG13,1,20,39.63824,-79.78862
119612247,The Cranny Crescent,The Cranny > Entrance Boulders > Upper Rock City > Coopers Rock State Forest > Northern WV > West Virginia,https://www.mountainproject.com/route/119612247/the-cranny-crescent,2.5,Boulder,V0-,1,NA,39.63824,-79.81714
120243496,Full House,Dice Boulders > 1st pull off > Darnell Hollow > University Research Forest > Cheat Canyon > Northern WV > West Virginia,https://www.mountainproject.com/route/120243496/full-house,2.5,Boulder,V2,1,NA,39.69248,-79.81151
119703634,"Easy Jonny, Easy!",John Boulder > 5th Pull Off (School Bus Area) > Darnell Hollow > University Research Forest > Cheat Canyon > Northern WV > West Virginia,https://www.mountainproject.com/route/119703634/easy-jonny-easy,2.5,Boulder,V1,1,NA,39.69071,-79.80157
120059078,Beauty From Pain,The Holy Face > Entrance Boulders > Upper Rock City > Coopers Rock State Forest > Northern WV > West Virginia,https://www.mountainproject.com/route/120059078/beauty-from-pain,2.3,Boulder,V3,1,24,39.63799,-79.81691
112042574,Sassafras Tea,Ballard Trail Boulders > Kanawha State Forest > Southern WV > West Virginia,https://www.mountainproject.com/route/112042574/sassafras-tea,2.3,Boulder,V2,1,15,38.26547,-81.66757
123121240,"T*** out, Tyrants out",Up is Down > Eldorado > Furnace Road Areas > Coopers Rock State Forest > Northern WV > West Virginia,https://www.mountainproject.com/route/123121240/t-out-tyrants-out,2.3,Boulder,V2,1,NA,39.65511,-79.80093
118821754,Common Morality,Creekside Boulder > Deer Skull Boulders > University Research Forest > Cheat Canyon > Northern WV > West Virginia,https://www.mountainproject.com/route/118821754/common-morality,2.5,Boulder,V1,1,NA,39.66244,-79.81873
119696231,Warm Me Up,Lay Me Down Area > 1st pull off > Darnell Hollow > University Research Forest > Cheat Canyon > Northern WV > West Virginia,https://www.mountainproject.com/route/119696231/warm-me-up,2.3,Boulder,V1,1,10,39.69256,-79.81145
120492391,Stoke the Flames,Waiting Room/ Campfire > Darkside East > Darnell Hollow > University Research Forest > Cheat Canyon > Northern WV > West Virginia,https://www.mountainproject.com/route/120492391/stoke-the-flames,2.8,Boulder,V3,1,NA,39.69033,-79.8016
118842626,The Cheap Lay,Motel 6 Boulder > First Bell Boulders > Snake Hill Wildlife Management Area > Cheat Canyon > Northern WV > West Virginia,https://www.mountainproject.com/route/118842626/the-cheap-lay,2.5,Boulder,V2,1,NA,39.62719,-79.83868
120492051,Take Your Number,Waiting Room/ Campfire > Darkside East > Darnell Hollow > University Research Forest > Cheat Canyon > Northern WV > West Virginia,https://www.mountainproject.com/route/120492051/take-your-number,3,Boulder,V1,1,12,39.69033,-79.8016
112135764,Watch Your Back,Watch Your Back Boulder > Hawk's Nest Proper > Lower New River Gorge Bouldering > New River Gorge Proper > The New River Gorge Region > West Virginia,https://www.mountainproject.com/route/112135764/watch-your-back,2.5,Boulder,V1,1,15,38.11888,-81.13182
123098535,Madness or Kindness,The Nut House > Tilted Tree > Coopers Rock State Forest > Northern WV > West Virginia,https://www.mountainproject.com/route/123098535/madness-or-kindness,2.5,Boulder,V2,1,12,39.63404,-79.80727
120500378,Das Boot,Steel Toe > 1st pull off > Darnell Hollow > University Research Forest > Cheat Canyon > Northern WV > West Virginia,https://www.mountainproject.com/route/120500378/das-boot,2.3,Boulder,V1,1,NA,39.69253,-79.81092
107881106,Dollar Bills,Bear Rock Lake Bouldering (Wheeling) > Northern Panhandle > Northern WV > West Virginia,https://www.mountainproject.com/route/107881106/dollar-bills,2.5,Boulder,V2-3,1,13,40.0763,-80.5333
110270691,l'Ascenseur,A: Pocket Boulder > Main Area Bouldering > Bozoo Bouldering > Bozoo > Southern WV > West Virginia,https://www.mountainproject.com/route/110270691/lascenseur,2.5,Boulder,V2,1,NA,37.4776,-80.8664
108954373,Death Row L,Alcatraz/Fontainzoo/Mattehorn > Bozooka Area > Bozoo Bouldering > Bozoo > Southern WV > West Virginia,https://www.mountainproject.com/route/108954373/death-row-l,2.7,Boulder,V3,1,12,37.47644,-80.8646
106590747,Hermit Cave Slab,C2: 211 Spot Boulder > C: Talus Area > Downstream Boulderfield > Bozoo Bouldering > Bozoo > Southern WV > West Virginia,https://www.mountainproject.com/route/106590747/hermit-cave-slab,2.5,Boulder,V1-2,1,10,37.4838,-80.87403
106652134,50/50 Arete,50/50 Boulder > Roadside > Entryway Boulders > Bozoo Bouldering > Bozoo > Southern WV > West Virginia,https://www.mountainproject.com/route/106652134/5050-arete,2.5,Boulder,V3-4,1,13,37.4833,-80.8474
117332236,Groovy,Gymnastic Fantastic Boulder > Short Creek Right > Short Creek Bouldering > Beauty Mountain > New River Gorge Proper > The New River Gorge Region > West Virginia,https://www.mountainproject.com/route/117332236/groovy,2.3,Boulder,V1,1,NA,38.05486,-81.03522
117610105,Jiggly Croft,Tomb Raider > Tomb Raider Area > Upper Rock City > Coopers Rock State Forest > Northern WV > West Virginia,https://www.mountainproject.com/route/117610105/jiggly-croft,2,Boulder,V0,1,20,39.63807,-79.81754
116209465,Second Fiddle,Fiddle Rock > Fiddle Area > Tilted Tree > Coopers Rock State Forest > Northern WV > West Virginia,https://www.mountainproject.com/route/116209465/second-fiddle,2,Boulder,V0,1,NA,39.63378,-79.8061
107035375,Lighting Crack,Tendon Repair Kit Area > Roadside > Coopers Rock State Forest > Northern WV > West Virginia,https://www.mountainproject.com/route/107035375/lighting-crack,2.4,Boulder,V0,1,NA,39.63561,-79.81205
121913898,Double Dunk,Security Breach Boulder > Meadow Top Boulders > Meadow River Gorge > The New River Gorge Region > West Virginia,https://www.mountainproject.com/route/121913898/double-dunk,2,Boulder,V1,1,NA,38.15272,-80.92836
116227417,Say Your Prayers,The Holy Face > Entrance Boulders > Upper Rock City > Coopers Rock State Forest > Northern WV > West Virginia,https://www.mountainproject.com/route/116227417/say-your-prayers,2.1,Boulder,V0,1,NA,39.63799,-79.81691
121528556,Talon's Foot,Sunshine Boulder > Sunshine Boulders > New River Gorge Proper > The New River Gorge Region > West Virginia,https://www.mountainproject.com/route/121528556/talons-foot,2.4,Boulder,V2,1,15,38.0733,-81.08549
121914808,Your Mother Was a Snowblower,06. Crimpin' Boulder > Meadow Top Boulders > Meadow River Gorge > The New River Gorge Region > West Virginia,https://www.mountainproject.com/route/121914808/your-mother-was-a-snowblower,3,Boulder,V0,1,NA,38.1532,-80.93027
119180174,Swamp Ass,1. Powerline Boulders > Camp 70 Boulders > Eastern WV > West Virginia,https://www.mountainproject.com/route/119180174/swamp-ass,2,Boulder,V2,1,12,39.13486,-79.43886
119644855,Ikea Solution,Warmup Boulder > Hawk's Nest Proper > Lower New River Gorge Bouldering > New River Gorge Proper > The New River Gorge Region > West Virginia,https://www.mountainproject.com/route/119644855/ikea-solution,2.4,Boulder,V2,1,8,38.11861,-81.13187
119619268,Between the Trees,Gymnastic Fantastic Boulder > Short Creek Right > Short Creek Bouldering > Beauty Mountain > New River Gorge Proper > The New River Gorge Region > West Virginia,https://www.mountainproject.com/route/119619268/between-the-trees,2.3,Boulder,V3,1,15,38.05486,-81.03522
118676825,Atlas Shrugged,Final Fantasy Cave > Tilted Tree Area > Tilted Tree > Coopers Rock State Forest > Northern WV > West Virginia,https://www.mountainproject.com/route/118676825/atlas-shrugged,2,Boulder,V2,1,NA,39.6332,-79.805
117831425,No Surprise,Font Boulders > Entrance Boulders > Upper Rock City > Coopers Rock State Forest > Northern WV > West Virginia,https://www.mountainproject.com/route/117831425/no-surprise,2.3,Boulder,V1,1,NA,39.63797,-79.81721
121465526,Mountaineer Arete,3 Wild and Wonderful boulder > Spruce Knob Bouldering > Eastern WV > West Virginia,https://www.mountainproject.com/route/121465526/mountaineer-arete,2.8,"Boulder, Alpine",V2,1,12,38.69808,-79.53431
118643049,Rusty Tadpole,County Line South > County Line Boulders > Park Entrance Areas > Coopers Rock State Forest > Northern WV > West Virginia,https://www.mountainproject.com/route/118643049/rusty-tadpole,2.3,Boulder,V1,1,NA,39.64907,-79.78648
117769380,Molar Arete,Forgotten Block > The Forgotten Block Area > Upper Rock City > Coopers Rock State Forest > Northern WV > West Virginia,https://www.mountainproject.com/route/117769380/molar-arete,2.3,Boulder,V2,1,NA,39.63784,-79.81715
118706028,Where Does Cat Piss Come From?,Bowsprit Boulders > McCollum Campground Boulders > Coopers Rock State Forest > Northern WV > West Virginia,https://www.mountainproject.com/route/118706028/where-does-cat-piss-come-from,2,Boulder,V3+,1,10,39.64043,-79.7916
118642881,North Pup Tent,County Line South > County Line Boulders > Park Entrance Areas > Coopers Rock State Forest > Northern WV > West Virginia,https://www.mountainproject.com/route/118642881/north-pup-tent,2.8,Boulder,V1+,1,NA,39.64907,-79.78648
118843021,Wax Off,Karate Kid Boulder > Junction Boulders > Snake Hill Wildlife Management Area > Cheat Canyon > Northern WV > West Virginia,https://www.mountainproject.com/route/118843021/wax-off,2.3,Boulder,V3,1,NA,39.62307,-79.83492
118706016,Plum Among Cacti,Bowsprit Boulders > McCollum Campground Boulders > Coopers Rock State Forest > Northern WV > West Virginia,https://www.mountainproject.com/route/118706016/plum-among-cacti,2.3,Boulder,V3,1,10,39.64043,-79.7916
119786397,Sunny Personality,Sunset Boulder > 5th Pull Off (School Bus Area) > Darnell Hollow > University Research Forest > Cheat Canyon > Northern WV > West Virginia,https://www.mountainproject.com/route/119786397/sunny-personality,2.3,Boulder,V2,1,NA,39.6907,-79.80241
118642957,End of the Line,County Line South > County Line Boulders > Park Entrance Areas > Coopers Rock State Forest > Northern WV > West Virginia,https://www.mountainproject.com/route/118642957/end-of-the-line,2.3,Boulder,V1+,1,NA,39.64907,-79.78648
118821899,Zap Avenue,Creekside Boulder > Deer Skull Boulders > University Research Forest > Cheat Canyon > Northern WV > West Virginia,https://www.mountainproject.com/route/118821899/zap-avenue,2.3,Boulder,V1,1,NA,39.66244,-79.81873
108069757,G: The Layup,A: Air Jordy Boulder > Downstream Boulderfield > Bozoo Bouldering > Bozoo > Southern WV > West Virginia,https://www.mountainproject.com/route/108069757/g-the-layup,2.3,Boulder,V1,1,NA,37.4829,-80.8749
107881083,Pocket Pool,Bear Rock Lake Bouldering (Wheeling) > Northern Panhandle > Northern WV > West Virginia,https://www.mountainproject.com/route/107881083/pocket-pool,2.3,Boulder,V2,1,10,40.0763,-80.5333
106607859,Gator Skin Right,G:Alligator Skin Boulder > Downstream Boulderfield > Bozoo Bouldering > Bozoo > Southern WV > West Virginia,https://www.mountainproject.com/route/106607859/gator-skin-right,2.3,Boulder,V2+,1,17,37.48388,-80.87508
120349622,Slot O' Fun,Tuggin' Shack > Interp Boulders > New River Gorge Proper > The New River Gorge Region > West Virginia,https://www.mountainproject.com/route/120349622/slot-o-fun,2.4,Boulder,V0,1,NA,38.07878,-81.07696
117824185,Orange Blossom Special,Fiddle Rock > Fiddle Area > Tilted Tree > Coopers Rock State Forest > Northern WV > West Virginia,https://www.mountainproject.com/route/117824185/orange-blossom-special,2.1,Boulder,V2,1,12,39.63378,-79.8061
118642815,Crackhead,County Line South > County Line Boulders > Park Entrance Areas > Coopers Rock State Forest > Northern WV > West Virginia,https://www.mountainproject.com/route/118642815/crackhead,2.4,Boulder,V1-,1,NA,39.64907,-79.78648
117529816,Great White Rasta,Big Blocks > Sunset Wall Area > Roadside > Coopers Rock State Forest > Northern WV > West Virginia,https://www.mountainproject.com/route/117529816/great-white-rasta,1.9,Boulder,V0,1,10,39.63509,-79.81075
115846990,Censor,Air Space Boulder > First Set Boulders > Roadside > Coopers Rock State Forest > Northern WV > West Virginia,https://www.mountainproject.com/route/115846990/censor,2.4,Boulder,V3,1,15,39.63592,-79.81292
116209244,Precious Bodily Fluids,Mushroom Boulder (Picnic Table) > Upper Rock City > Coopers Rock State Forest > Northern WV > West Virginia,https://www.mountainproject.com/route/116209244/precious-bodily-fluids,2,Boulder,V3,1,NA,39.63972,-79.81768
115456943,Entrance to the Tomb,Tomb Raider > Tomb Raider Area > Upper Rock City > Coopers Rock State Forest > Northern WV > West Virginia,https://www.mountainproject.com/route/115456943/entrance-to-the-tomb,2.3,Boulder,V3,1,25,39.63807,-79.81754
117916980,Dragon's Lair,Dragon's Lair Boulder > Coral Area > Tilted Tree > Coopers Rock State Forest > Northern WV > West Virginia,https://www.mountainproject.com/route/117916980/dragons-lair,2.3,Boulder,V3,1,NA,39.63329,-79.80676
117831457,Surprise,Font Boulders > Entrance Boulders > Upper Rock City > Coopers Rock State Forest > Northern WV > West Virginia,https://www.mountainproject.com/route/117831457/surprise,2.3,Boulder,V0,1,NA,39.63797,-79.81721
117676144,Guerrilla Warfare,Big Blocks > Sunset Wall Area > Roadside > Coopers Rock State Forest > Northern WV > West Virginia,https://www.mountainproject.com/route/117676144/guerrilla-warfare,2,Boulder,V2,1,10,39.63509,-79.81075
118711094,Jigo,First Wall Left > First Wall > Tilted Tree > Coopers Rock State Forest > Northern WV > West Virginia,https://www.mountainproject.com/route/118711094/jigo,2.2,Boulder,V0,1,15,39.6339,-79.80606
121410135,Feverish Child,Gradient Boulder > Cotton Bottom > Lower New River Gorge Bouldering > New River Gorge Proper > The New River Gorge Region > West Virginia,https://www.mountainproject.com/route/121410135/feverish-child,2.6,Boulder,V0,1,15,38.11526,-81.14377
118642736,Waving the Flag,County Line South > County Line Boulders > Park Entrance Areas > Coopers Rock State Forest > Northern WV > West Virginia,https://www.mountainproject.com/route/118642736/waving-the-flag,2,Boulder,V2+,1,NA,39.64907,-79.78648
117034068,Left Egg,Egg Boulder > Hawk's Nest Proper > Lower New River Gorge Bouldering > New River Gorge Proper > The New River Gorge Region > West Virginia,https://www.mountainproject.com/route/117034068/left-egg,2.3,Boulder,V3,1,NA,38.11825,-81.13169
117708611,Peach Cobbler,Death Block Boulders > Death Block Area > Tilted Tree > Coopers Rock State Forest > Northern WV > West Virginia,https://www.mountainproject.com/route/117708611/peach-cobbler,2.4,Boulder,V2,1,NA,39.63344,-79.80714
112135751,Precious,White Eyebrow Boulder > Hawk's Nest Proper > Lower New River Gorge Bouldering > New River Gorge Proper > The New River Gorge Region > West Virginia,https://www.mountainproject.com/route/112135751/precious,2.2,Boulder,V2,1,15,38.11781,-81.13181
108003699,The Crown Arete,D. The Crown > Main Area Bouldering > Bozoo Bouldering > Bozoo > Southern WV > West Virginia,https://www.mountainproject.com/route/108003699/the-crown-arete,2.2,Boulder,V0 PG13,1,NA,37.4776,-80.8672
111074134,Low Ballin',Malone Boulder > Cotton Bottom > Lower New River Gorge Bouldering > New River Gorge Proper > The New River Gorge Region > West Virginia,https://www.mountainproject.com/route/111074134/low-ballin,2.1,Boulder,V1,1,8,38.11552,-81.14362
117639762,Bingo,Moby Boulder > Moby Area > Tilted Tree > Coopers Rock State Forest > Northern WV > West Virginia,https://www.mountainproject.com/route/117639762/bingo,1.9,Boulder,V0,1,15,39.63388,-79.80663
117534679,Flight Line,Air Space Boulder > First Set Boulders > Roadside > Coopers Rock State Forest > Northern WV > West Virginia,https://www.mountainproject.com/route/117534679/flight-line,2.2,Boulder,V0+,1,NA,39.63592,-79.81292
117636267,Tilted Tree Slab Left Variation,Tilted Tree Corridor > Tilted Tree Area > Tilted Tree > Coopers Rock State Forest > Northern WV > West Virginia,https://www.mountainproject.com/route/117636267/tilted-tree-slab-left-variation,2.1,Boulder,V2-,1,NA,39.63321,-79.80525
117762351,Shroomin',Mushroom Boulder (Picnic Table) > Upper Rock City > Coopers Rock State Forest > Northern WV > West Virginia,https://www.mountainproject.com/route/117762351/shroomin,2.2,Boulder,V2,1,NA,39.63972,-79.81768
115365330,Soul Flinger,Slice of Life Boulder > Moby Area > Tilted Tree > Coopers Rock State Forest > Northern WV > West Virginia,https://www.mountainproject.com/route/115365330/soul-flinger,2.3,Boulder,V1,1,12,39.63406,-79.80706
117640192,Two Bagger,Tilted Tree Corridor > Tilted Tree Area > Tilted Tree > Coopers Rock State Forest > Northern WV > West Virginia,https://www.mountainproject.com/route/117640192/two-bagger,1.9,Boulder,V2,1,NA,39.63321,-79.80525
117069289,"Hold Me, Squeeze Me V1",06. Crimpin' Boulder > Meadow Top Boulders > Meadow River Gorge > The New River Gorge Region > West Virginia,https://www.mountainproject.com/route/117069289/hold-me-squeeze-me-v1,2.4,Boulder,V1,1,15,38.1532,-80.93027
117639605,Memory,Moby Boulder > Moby Area > Tilted Tree > Coopers Rock State Forest > Northern WV > West Virginia,https://www.mountainproject.com/route/117639605/memory,2.1,Boulder,V0,1,15,39.63388,-79.80663
107505035,Neon Light,Electric Avenue Boulder > Electric Avenue Area > Tilted Tree > Coopers Rock State Forest > Northern WV > West Virginia,https://www.mountainproject.com/route/107505035/neon-light,2,Boulder,V2 PG13,1,15,39.63235,-79.80456
117611685,Fat Girls,First Wall Right > First Wall > Tilted Tree > Coopers Rock State Forest > Northern WV > West Virginia,https://www.mountainproject.com/route/117611685/fat-girls,1.9,Boulder,V2+,1,NA,39.63359,-79.80548
117676227,Full Frontal Assault,Big Blocks > Sunset Wall Area > Roadside > Coopers Rock State Forest > Northern WV > West Virginia,https://www.mountainproject.com/route/117676227/full-frontal-assault,1.8,Boulder,V3,1,NA,39.63509,-79.81075
120667596,Curly,Curly Boulder > Moe Area > Interp Boulders > New River Gorge Proper > The New River Gorge Region > West Virginia,https://www.mountainproject.com/route/120667596/curly,2.5,Boulder,V2,1,12,38.07807,-81.07878
116228077,Shadow Boxer Slab,Shadow Boxer Boulder > Good Block Area > Tilted Tree > Coopers Rock State Forest > Northern WV > West Virginia,https://www.mountainproject.com/route/116228077/shadow-boxer-slab,2.1,Boulder,V2,1,NA,39.633,-79.80485
116196031,Spike 1.0,Big Blocks > Sunset Wall Area > Roadside > Coopers Rock State Forest > Northern WV > West Virginia,https://www.mountainproject.com/route/116196031/spike-10,1.8,Boulder,V2,1,14,39.63509,-79.81075
110270073,Krackel,B. Hershey Boulder > Main Area Bouldering > Bozoo Bouldering > Bozoo > Southern WV > West Virginia,https://www.mountainproject.com/route/110270073/krackel,2,Boulder,V3,1,10,37.4776,-80.8673
107445347,Snack Pack,Ballard Trail Boulders > Kanawha State Forest > Southern WV > West Virginia,https://www.mountainproject.com/route/107445347/snack-pack,2.2,Boulder,V2,1,9,38.26547,-81.66757
121528587,Black Angel's Trampoline,Sunshine Boulder > Sunshine Boulders > New River Gorge Proper > The New River Gorge Region > West Virginia,https://www.mountainproject.com/route/121528587/black-angels-trampoline,2.4,Boulder,V3,1,12,38.0733,-81.08549
117639433,Poligrip,Moby Boulder > Moby Area > Tilted Tree > Coopers Rock State Forest > Northern WV > West Virginia,https://www.mountainproject.com/route/117639433/poligrip,1.9,Boulder,V0,1,15,39.63388,-79.80663
119610959,Who Set this?,Iron Bar Boulder > Hawk's Nest Proper > Lower New River Gorge Bouldering > New River Gorge Proper > The New River Gorge Region > West Virginia,https://www.mountainproject.com/route/119610959/who-set-this,2.1,Boulder,V2,1,15,38.11732,-81.13177
117988810,I Dig Friction,First Wall Right > First Wall > Tilted Tree > Coopers Rock State Forest > Northern WV > West Virginia,https://www.mountainproject.com/route/117988810/i-dig-friction,2,Boulder,V0,1,NA,39.63359,-79.80548
111074191,High Ball,Highball Boulder > Cotton Bottom > Lower New River Gorge Bouldering > New River Gorge Proper > The New River Gorge Region > West Virginia,https://www.mountainproject.com/route/111074191/high-ball,2.3,Boulder,V2,1,20,38.11547,-81.14354
107035391,Don't Look Back,Tendon Repair Kit Area > Roadside > Coopers Rock State Forest > Northern WV > West Virginia,https://www.mountainproject.com/route/107035391/dont-look-back,2,Boulder,V0+,1,NA,39.63561,-79.81205
117975646,Kinaesthetix,Roof Rocks > Furnace Road Areas > Coopers Rock State Forest > Northern WV > West Virginia,https://www.mountainproject.com/route/117975646/kinaesthetix,2,Boulder,V0-1,1,NA,39.65119,-79.81717
115679784,Musta Been High,09. Bacon Corridor > Meadow Top Boulders > Meadow River Gorge > The New River Gorge Region > West Virginia,https://www.mountainproject.com/route/115679784/musta-been-high,2.3,Boulder,V2,1,NA,38.15371,-80.93504
117640526,Senior Discount,Moby Boulder > Moby Area > Tilted Tree > Coopers Rock State Forest > Northern WV > West Virginia,https://www.mountainproject.com/route/117640526/senior-discount,1.9,Boulder,V0,1,NA,39.63388,-79.80663
118172983,Slice of Life,Slice of Life Boulder > Moby Area > Tilted Tree > Coopers Rock State Forest > Northern WV > West Virginia,https://www.mountainproject.com/route/118172983/slice-of-life,2.8,Boulder,V3,1,NA,39.63406,-79.80706
119994369,Nutra-Sweet,Font Boulders > Entrance Boulders > Upper Rock City > Coopers Rock State Forest > Northern WV > West Virginia,https://www.mountainproject.com/route/119994369/nutra-sweet,2.6,Boulder,V2,1,10,39.63797,-79.81721
118642888,Ape It,County Line South > County Line Boulders > Park Entrance Areas > Coopers Rock State Forest > Northern WV > West Virginia,https://www.mountainproject.com/route/118642888/ape-it,2,Boulder,V1,1,NA,39.64907,-79.78648
119180680,Hot Railz,1. Powerline Boulders > Camp 70 Boulders > Eastern WV > West Virginia,https://www.mountainproject.com/route/119180680/hot-railz,2,Boulder,V1,1,10,39.13486,-79.43886
115127558,420,Highball Boulder > Cotton Bottom > Lower New River Gorge Bouldering > New River Gorge Proper > The New River Gorge Region > West Virginia,https://www.mountainproject.com/route/115127558/420,2,Boulder,V1,1,8,38.11547,-81.14354
118643060,Honkin’ Knob Traverse,County Line South > County Line Boulders > Park Entrance Areas > Coopers Rock State Forest > Northern WV > West Virginia,https://www.mountainproject.com/route/118643060/honkin-knob-traverse,2.2,Boulder,V1+,1,NA,39.64907,-79.78648
118643043,Wingaling,County Line South > County Line Boulders > Park Entrance Areas > Coopers Rock State Forest > Northern WV > West Virginia,https://www.mountainproject.com/route/118643043/wingaling,2,Boulder,V2,1,NA,39.64907,-79.78648
118834354,Rum Ham,The Sunny Egg Boulder > Junction Boulders > Snake Hill Wildlife Management Area > Cheat Canyon > Northern WV > West Virginia,https://www.mountainproject.com/route/118834354/rum-ham,2,Boulder,V1,1,NA,39.623,-79.83491
117965064,That's A Wrap,Gus's Mom Boulder > Short Creek Right > Short Creek Bouldering > Beauty Mountain > New River Gorge Proper > The New River Gorge Region > West Virginia,https://www.mountainproject.com/route/117965064/thats-a-wrap,2,Boulder,V3,1,10,38.05496,-81.03566
120656633,Contagion,Dice Boulders > 1st pull off > Darnell Hollow > University Research Forest > Cheat Canyon > Northern WV > West Virginia,https://www.mountainproject.com/route/120656633/contagion,2,Boulder,V2,1,NA,39.69248,-79.81151
118821794,Charted Territory,Creekside Boulder > Deer Skull Boulders > University Research Forest > Cheat Canyon > Northern WV > West Virginia,https://www.mountainproject.com/route/118821794/charted-territory,2,Boulder,V1,1,NA,39.66244,-79.81873
112519321,Bouncing Ball,Creek Side Boulders > Northern Panhandle > Northern WV > West Virginia,https://www.mountainproject.com/route/112519321/bouncing-ball,2,Boulder,V2,1,5,40.07548,-80.69041
107793994,Welcome to Bear Rock Lake,Bear Rock Lake Bouldering (Wheeling) > Northern Panhandle > Northern WV > West Virginia,https://www.mountainproject.com/route/107793994/welcome-to-bear-rock-lake,2,Boulder,V1,1,10,40.0763,-80.5333
123115820,Rhododendron Wrestling,Bird Watcher Boulders > First Area Boulders > Rhododendron Trail Areas > Coopers Rock State Forest > Northern WV > West Virginia,https://www.mountainproject.com/route/123115820/rhododendron-wrestling,2,Boulder,V3,1,12,39.64273,-79.82041
120349614,Stellar,Tuggin' Shack > Interp Boulders > New River Gorge Proper > The New River Gorge Region > West Virginia,https://www.mountainproject.com/route/120349614/stellar,2.1,Boulder,V1,1,NA,38.07878,-81.07696
107035364,Green Block Traverse,Green Block > First Set Boulders > Roadside > Coopers Rock State Forest > Northern WV > West Virginia,https://www.mountainproject.com/route/107035364/green-block-traverse,1.8,Boulder,V2-3,1,NA,39.63559,-79.81244
118727147,Intergalactic Sexbots From Planet Brazzers,County Line South > County Line Boulders > Park Entrance Areas > Coopers Rock State Forest > Northern WV > West Virginia,https://www.mountainproject.com/route/118727147/intergalactic-sexbots-from-planet-brazzers,2,Boulder,V1,1,5,39.64907,-79.78648
121103625,Tilted Tree Traverse,Tilted Tree Corridor > Tilted Tree Area > Tilted Tree > Coopers Rock State Forest > Northern WV > West Virginia,https://www.mountainproject.com/route/121103625/tilted-tree-traverse,2,Boulder,V1,1,13,39.63321,-79.80525
118705506,Splat,Ceiling Block Area > Roadside > Coopers Rock State Forest > Northern WV > West Virginia,https://www.mountainproject.com/route/118705506/splat,2,"TR, Boulder",V0 R,1,25,39.63559,-79.81191
117928343,The Wheel in the Sky,Ceiling Block Area > Roadside > Coopers Rock State Forest > Northern WV > West Virginia,https://www.mountainproject.com/route/117928343/the-wheel-in-the-sky,2.3,Boulder,V3,1,NA,39.63559,-79.81191
119180082,Summersville,1. Powerline Boulders > Camp 70 Boulders > Eastern WV > West Virginia,https://www.mountainproject.com/route/119180082/summersville,2,Boulder,V1,1,11,39.13486,-79.43886
121860032,Morning Skies,Highland Warrior Area > Bear Rocks Preserve > Dolly Sods Region > Eastern WV > West Virginia,https://www.mountainproject.com/route/121860032/morning-skies,2,"Boulder, Alpine",V2,1,12,39.06735,-79.29911
119180202,Djembe Downclimb,1. Powerline Boulders > Camp 70 Boulders > Eastern WV > West Virginia,https://www.mountainproject.com/route/119180202/djembe-downclimb,2,Boulder,V-easy,1,10,39.13486,-79.43886
121860049,Mountain Air,Highland Warrior Area > Bear Rocks Preserve > Dolly Sods Region > Eastern WV > West Virginia,https://www.mountainproject.com/route/121860049/mountain-air,2,"Boulder, Alpine",V2,1,12,39.06735,-79.29911
117949353,Ain’t No Leaner,Ceiling Block Area > Roadside > Coopers Rock State Forest > Northern WV > West Virginia,https://www.mountainproject.com/route/117949353/aint-no-leaner,2,Boulder,V3,1,NA,39.63559,-79.81191
119180128,Tygart,1. Powerline Boulders > Camp 70 Boulders > Eastern WV > West Virginia,https://www.mountainproject.com/route/119180128/tygart,2,Boulder,V0,1,12,39.13486,-79.43886
121859678,Mountain Life Arete,1 Entrance boulder > Spruce Knob Bouldering > Eastern WV > West Virginia,https://www.mountainproject.com/route/121859678/mountain-life-arete,2.1,"Boulder, Alpine",V0,1,10,38.69824,-79.53443
117824517,Cortex,Wave Rider Boulder > Fiddle Area > Tilted Tree > Coopers Rock State Forest > Northern WV > West Virginia,https://www.mountainproject.com/route/117824517/cortex,2,Boulder,V3,1,NA,39.63361,-79.80602
121675765,Unnamed V2,Krampus Boulder > Entrance Boulders > Needleseye Boulder Park > The New River Gorge Region > West Virginia,https://www.mountainproject.com/route/121675765/unnamed-v2,2.2,Boulder,V3,1,NA,37.98056,-81.11923
119704451,Jonny Boy,John Boulder > 5th Pull Off (School Bus Area) > Darnell Hollow > University Research Forest > Cheat Canyon > Northern WV > West Virginia,https://www.mountainproject.com/route/119704451/jonny-boy,2.7,Boulder,V1-,1,NA,39.69071,-79.80157
118643000,Left into the Sun,County Line South > County Line Boulders > Park Entrance Areas > Coopers Rock State Forest > Northern WV > West Virginia,https://www.mountainproject.com/route/118643000/left-into-the-sun,2.4,Boulder,V3,1,NA,39.64907,-79.78648
120192455,Escape Through the Chute,Ganja Bloc Aka Moon Board > Darkside East > Darnell Hollow > University Research Forest > Cheat Canyon > Northern WV > West Virginia,https://www.mountainproject.com/route/120192455/escape-through-the-chute,2,Boulder,V2-3,1,NA,39.68889,-79.80131
118022778,Just Boof It,The Good Block > Good Block Area > Tilted Tree > Coopers Rock State Forest > Northern WV > West Virginia,https://www.mountainproject.com/route/118022778/just-boof-it,2,Boulder,V2,1,NA,39.63288,-79.80559
115318829,Red Problem,Bowling Ball Boulder (Gym Face) > Coral Area > Tilted Tree > Coopers Rock State Forest > Northern WV > West Virginia,https://www.mountainproject.com/route/115318829/red-problem,2.3,Boulder,V3+,1,10,39.63305,-79.80666
119899702,Piggly Wiggly,Pig Iron Boulder > Furnace Trail Boulders > Furnace Road Areas > Coopers Rock State Forest > Northern WV > West Virginia,https://www.mountainproject.com/route/119899702/piggly-wiggly,2,Boulder,V1,1,NA,39.65123,-79.82384
117114740,Unnamed,“The Prize” Sector > Cheat Canyon Wildlife Management Area > Cheat Canyon > Northern WV > West Virginia,https://www.mountainproject.com/route/117114740/unnamed,2,Boulder,V3,1,NA,39.51394,-79.65676
119612292,The Cranny Craze,The Cranny > Entrance Boulders > Upper Rock City > Coopers Rock State Forest > Northern WV > West Virginia,https://www.mountainproject.com/route/119612292/the-cranny-craze,2,Boulder,V0+,1,NA,39.63824,-79.81714
118796553,Immaculate Adultery,Scrooge Boulder > First Bell Boulders > Snake Hill Wildlife Management Area > Cheat Canyon > Northern WV > West Virginia,https://www.mountainproject.com/route/118796553/immaculate-adultery,2,Boulder,V2,1,NA,39.62615,-79.838
114355035,Out To Lunch,Romulus and Remus Area > Upper Rock City > Coopers Rock State Forest > Northern WV > West Virginia,https://www.mountainproject.com/route/114355035/out-to-lunch,2,Boulder,V2+,1,5,39.63832,-79.81743
120243124,Lovin the Lichen,Micro Bus Boulder > 5th Pull Off (School Bus Area) > Darnell Hollow > University Research Forest > Cheat Canyon > Northern WV > West Virginia,https://www.mountainproject.com/route/120243124/lovin-the-lichen,2,Boulder,V1,1,NA,39.69062,-79.80168
120243463,Aces,Dice Boulders > 1st pull off > Darnell Hollow > University Research Forest > Cheat Canyon > Northern WV > West Virginia,https://www.mountainproject.com/route/120243463/aces,2,Boulder,V2,1,NA,39.69248,-79.81151
118821862,Crescent Flake,Creekside Boulder > Deer Skull Boulders > University Research Forest > Cheat Canyon > Northern WV > West Virginia,https://www.mountainproject.com/route/118821862/crescent-flake,2,Boulder,V1,1,NA,39.66244,-79.81873
120656565,Disinfectant,Dice Boulders > 1st pull off > Darnell Hollow > University Research Forest > Cheat Canyon > Northern WV > West Virginia,https://www.mountainproject.com/route/120656565/disinfectant,2,Boulder,V1-2,1,NA,39.69248,-79.81151
118796374,Greed,Scrooge Boulder > First Bell Boulders > Snake Hill Wildlife Management Area > Cheat Canyon > Northern WV > West Virginia,https://www.mountainproject.com/route/118796374/greed,2,Boulder,V2,1,NA,39.62615,-79.838
119904130,Peg Leg,Steel Toe > 1st pull off > Darnell Hollow > University Research Forest > Cheat Canyon > Northern WV > West Virginia,https://www.mountainproject.com/route/119904130/peg-leg,2,Boulder,V1,1,NA,39.69253,-79.81092
118909941,Instructor's Favorite,Learning Boulder > Junction Boulders > Snake Hill Wildlife Management Area > Cheat Canyon > Northern WV > West Virginia,https://www.mountainproject.com/route/118909941/instructors-favorite,2,Boulder,V2+,1,NA,39.62325,-79.83585
118831535,Taken Down a Peg,Hierarchy Boulder > First Bell Boulders > Snake Hill Wildlife Management Area > Cheat Canyon > Northern WV > West Virginia,https://www.mountainproject.com/route/118831535/taken-down-a-peg,2,Boulder,V2,1,NA,39.62714,-79.83876
111454025,It's All Ogre Now,Bear Haven > Eastern WV > West Virginia,https://www.mountainproject.com/route/111454025/its-all-ogre-now,2,Boulder,V0 PG13,1,15,38.9293,-79.6795
122966673,Green Ice,P-Hole Boulder > Underlook Trail Boulders > Coopers Rock State Forest > Northern WV > West Virginia,https://www.mountainproject.com/route/122966673/green-ice,2,Boulder,V2,1,10,39.63684,-79.81682
123192162,Can’t Break It,Brake Check Boulder > The Dark Alley > Woodshed Boulders > Coopers Rock State Forest > Northern WV > West Virginia,https://www.mountainproject.com/route/123192162/cant-break-it,2,Boulder,V3,1,10,39.62872,-79.7917
123099925,Nutshell,The Nut House > Tilted Tree > Coopers Rock State Forest > Northern WV > West Virginia,https://www.mountainproject.com/route/123099925/nutshell,2,Boulder,V1,1,10,39.63404,-79.80727
108724844,H: Slabwalker,A: Air Jordy Boulder > Downstream Boulderfield > Bozoo Bouldering > Bozoo > Southern WV > West Virginia,https://www.mountainproject.com/route/108724844/h-slabwalker,2,Boulder,V3,1,15,37.4829,-80.8749
108008704,Bozoo Roof Slab Probs,G. The Bozoo Roof > Main Area Bouldering > Bozoo Bouldering > Bozoo > Southern WV > West Virginia,https://www.mountainproject.com/route/108008704/bozoo-roof-slab-probs,2.3,Boulder,V0-1,1,NA,37.4778,-80.8678
106652120,A1,Tall Pine Boulder > Roadside > Entryway Boulders > Bozoo Bouldering > Bozoo > Southern WV > West Virginia,https://www.mountainproject.com/route/106652120/a1,2,Boulder,V2,1,10,37.4833,-80.8474
107968855,Open Book,Flinger Boulder > Flinger Area > Bozoo Bouldering > Bozoo > Southern WV > West Virginia,https://www.mountainproject.com/route/107968855/open-book,2,Boulder,V3,1,NA,37.4811,-80.8712
106753444,Bozooka Arete,The Bozooka Boulder > Bozooka Area > Bozoo Bouldering > Bozoo > Southern WV > West Virginia,https://www.mountainproject.com/route/106753444/bozooka-arete,2,Boulder,V3,1,15,37.4769,-80.8646
106536723,O.D.B,The Brain Boulder > Bozooka Area > Bozoo Bouldering > Bozoo > Southern WV > West Virginia,https://www.mountainproject.com/route/106536723/odb,2,Boulder,V2+,1,14,37.4769,-80.8646
106536672,Firepole Boulder Warm-Up,F. Firepole Boulder > Main Area Bouldering > Bozoo Bouldering > Bozoo > Southern WV > West Virginia,https://www.mountainproject.com/route/106536672/firepole-boulder-warm-up,2.7,Boulder,V1-2,1,10,37.4777,-80.8677
106531192,L. Pocket Boulder Slab,A: Pocket Boulder > Main Area Bouldering > Bozoo Bouldering > Bozoo > Southern WV > West Virginia,https://www.mountainproject.com/route/106531192/l-pocket-boulder-slab,2,Boulder,V3+,1,10,37.4776,-80.8664
123319613,I Need a Diplomat,Continental Division Boulder > Eldorado > Furnace Road Areas > Coopers Rock State Forest > Northern WV > West Virginia,https://www.mountainproject.com/route/123319613/i-need-a-diplomat,2,Boulder,V2-3,1,NA,39.65512,-79.80083
121960002,Taper Crazy,Tuggin' Shack > Interp Boulders > New River Gorge Proper > The New River Gorge Region > West Virginia,https://www.mountainproject.com/route/121960002/taper-crazy,2,Boulder,V1-,1,NA,38.07878,-81.07696
121859945,Wind Swept,Highland Warrior Area > Bear Rocks Preserve > Dolly Sods Region > Eastern WV > West Virginia,https://www.mountainproject.com/route/121859945/wind-swept,2,"Boulder, Alpine",V2,1,8,39.06735,-79.29911
121500798,Warm-up Wall,Jaws Boulder > Bridge Boulders > Bridge Area > New River Gorge Proper > The New River Gorge Region > West Virginia,https://www.mountainproject.com/route/121500798/warm-up-wall,2,Boulder,V1,1,NA,38.072,-81.07998
117992470,The Deer's Last Stand,Tilted Tree Corridor > Tilted Tree Area > Tilted Tree > Coopers Rock State Forest > Northern WV > West Virginia,https://www.mountainproject.com/route/117992470/the-deers-last-stand,2,Boulder,V3,1,10,39.63321,-79.80525
121860197,The Lookout,Canaan Loop Road Boulders > Eastern WV > West Virginia,https://www.mountainproject.com/route/121860197/the-lookout,2,Boulder,V3,1,9,39.09539,-79.44134
121003906,Technical Difficulties,10. MacGuffin Boulder > Meadow Top Boulders > Meadow River Gorge > The New River Gorge Region > West Virginia,https://www.mountainproject.com/route/121003906/technical-difficulties,2.4,Boulder,V2,1,15,38.15371,-80.93505
122498016,Alpine Dog Direct,5 Alpine Dog boulder > Spruce Knob Bouldering > Eastern WV > West Virginia,https://www.mountainproject.com/route/122498016/alpine-dog-direct,3,"Boulder, Alpine",V3,1,10,38.69791,-79.53462
118687056,Cutie Pie,Cotton Bottom | 7012 > Cotton Bottom > Lower New River Gorge Bouldering > New River Gorge Proper > The New River Gorge Region > West Virginia,https://www.mountainproject.com/route/118687056/cutie-pie,2,Boulder,V0,1,8,38.1128,-81.1435
122186387,The Rotten Arete,Thunder boulder > Lightning and Thunder Area > Woodshed Boulders > Coopers Rock State Forest > Northern WV > West Virginia,https://www.mountainproject.com/route/122186387/the-rotten-arete,2,Boulder,V2,1,16,39.629,-79.79171
118727105,The #AbellaChallenge,County Line South > County Line Boulders > Park Entrance Areas > Coopers Rock State Forest > Northern WV > West Virginia,https://www.mountainproject.com/route/118727105/the-abellachallenge,2,Boulder,V3,1,NA,39.64907,-79.78648
117639988,Silver Fox,Moby Boulder > Moby Area > Tilted Tree > Coopers Rock State Forest > Northern WV > West Virginia,https://www.mountainproject.com/route/117639988/silver-fox,1.9,Boulder,V0,1,15,39.63388,-79.80663
121939337,Little Known Contender,Hueco Wall > Central Area Boulders > Needleseye Boulder Park > The New River Gorge Region > West Virginia,https://www.mountainproject.com/route/121939337/little-known-contender,2,Boulder,V2 PG13,1,17,37.98146,-81.11761
120022016,Street Fighter Slab,Street Fighter Boulder > Mad Butcher Block Area > Roadside > Coopers Rock State Forest > Northern WV > West Virginia,https://www.mountainproject.com/route/120022016/street-fighter-slab,2,Boulder,V1,1,NA,39.63534,-79.81229
119459277,Spider's Breath Slab,Romulus and Remus Area > Upper Rock City > Coopers Rock State Forest > Northern WV > West Virginia,https://www.mountainproject.com/route/119459277/spiders-breath-slab,2.5,Boulder,V2,1,NA,39.63832,-79.81743
114488502,Squirrel Poop,Squirrel Soup Boulder > First Wall > Tilted Tree > Coopers Rock State Forest > Northern WV > West Virginia,https://www.mountainproject.com/route/114488502/squirrel-poop,2.5,Boulder,V3,1,15,39.63343,-79.80549
122508515,Copperhead Crawl,Rattlesnake Shake Boulder > Roundhouse Area > Upper Rock City > Coopers Rock State Forest > Northern WV > West Virginia,https://www.mountainproject.com/route/122508515/copperhead-crawl,2.7,Boulder,V3-4,1,12,39.63797,-79.81855
120168339,The Birthday Bound,I Dream of the Ocean Area > Rhododendron Trail Areas > Coopers Rock State Forest > Northern WV > West Virginia,https://www.mountainproject.com/route/120168339/the-birthday-bound,2,Boulder,V3,1,16,39.64508,-79.82252
117611619,Dry Panties,Spinal Tap Boulder > Coral Area > Tilted Tree > Coopers Rock State Forest > Northern WV > West Virginia,https://www.mountainproject.com/route/117611619/dry-panties,2,Boulder,V2+,1,NA,39.63338,-79.80661
115398811,The real McCoy,Alma West > Alma Crag > Southern WV > West Virginia,https://www.mountainproject.com/route/115398811/the-real-mccoy,2,Boulder,V1-2,1,20,37.75754,-82.30993
120695506,Baptized In Piss,The Pit > In-Between Area > Coopers Rock State Forest > Northern WV > West Virginia,https://www.mountainproject.com/route/120695506/baptized-in-piss,2,Boulder,V2,1,10,39.63499,-79.80941
117564489,Hamstring,Short Roof Boulder > The Forgotten Block Area > Upper Rock City > Coopers Rock State Forest > Northern WV > West Virginia,https://www.mountainproject.com/route/117564489/hamstring,2.5,Boulder,V3,1,8,39.63784,-79.81725
118188398,Christmas Ascent,Bear Rock Lake Bouldering (Wheeling) > Northern Panhandle > Northern WV > West Virginia,https://www.mountainproject.com/route/118188398/christmas-ascent,2,Boulder,V3,1,15,40.0763,-80.5333
118774887,Ray of the Dead,The Good Block > Good Block Area > Tilted Tree > Coopers Rock State Forest > Northern WV > West Virginia,https://www.mountainproject.com/route/118774887/ray-of-the-dead,2.5,Boulder,V3,1,10,39.63288,-79.80559
120667655,Amtrak,Curly Boulder > Moe Area > Interp Boulders > New River Gorge Proper > The New River Gorge Region > West Virginia,https://www.mountainproject.com/route/120667655/amtrak,2,Boulder,V-easy,1,8,38.07807,-81.07878
119486336,LCR,8. The Cut (North) > Camp 70 Boulders > Eastern WV > West Virginia,https://www.mountainproject.com/route/119486336/lcr,2.5,Boulder,V2,1,11,39.137,-79.43637
117118749,Unnamed,Sector 1 > Cheat Canyon Wildlife Management Area > Cheat Canyon > Northern WV > West Virginia,https://www.mountainproject.com/route/117118749/unnamed,2,Boulder,V2,1,NA,39.51329,-79.65458
120721087,90s Model,Ceiling Block Area > Roadside > Coopers Rock State Forest > Northern WV > West Virginia,https://www.mountainproject.com/route/120721087/90s-model,2,Boulder,V3,1,NA,39.63559,-79.81191
118049429,Anecdotal,Allusionist Boulder > Death Block Area > Tilted Tree > Coopers Rock State Forest > Northern WV > West Virginia,https://www.mountainproject.com/route/118049429/anecdotal,2,Boulder,V2,1,NA,39.63376,-79.8074
119698454,Hinge Slab,Arete Boulder > 5th Pull Off (School Bus Area) > Darnell Hollow > University Research Forest > Cheat Canyon > Northern WV > West Virginia,https://www.mountainproject.com/route/119698454/hinge-slab,2,Boulder,V2,1,NA,39.69078,-79.8016
117114783,Arete topout,“The Prize” Sector > Cheat Canyon Wildlife Management Area > Cheat Canyon > Northern WV > West Virginia,https://www.mountainproject.com/route/117114783/arete-topout,2,Boulder,V2,1,NA,39.51394,-79.65676
118685735,Seamstress,Triangle Slab > Good Block Area > Tilted Tree > Coopers Rock State Forest > Northern WV > West Virginia,https://www.mountainproject.com/route/118685735/seamstress,2,Boulder,V3,1,NA,39.63302,-79.80511
121412939,Look Mom No Hands,Step Roof > Deer Skull Boulders > University Research Forest > Cheat Canyon > Northern WV > West Virginia,https://www.mountainproject.com/route/121412939/look-mom-no-hands,2,Boulder,V0,1,NA,39.66329,-79.81778
119899495,Come as You Are,Kurt Cobain Memorial Wall > Furnace Trail Boulders > Furnace Road Areas > Coopers Rock State Forest > Northern WV > West Virginia,https://www.mountainproject.com/route/119899495/come-as-you-are,2.3,Boulder,V1,1,NA,39.65046,-79.82321
120721288,Sicko Moves,Ceiling Block Area > Roadside > Coopers Rock State Forest > Northern WV > West Virginia,https://www.mountainproject.com/route/120721288/sicko-moves,2,Boulder,V2,1,NA,39.63559,-79.81191
118811199,Unavoidable Circumstances,The Good Block > Good Block Area > Tilted Tree > Coopers Rock State Forest > Northern WV > West Virginia,https://www.mountainproject.com/route/118811199/unavoidable-circumstances,2,Boulder,V2,1,NA,39.63288,-79.80559
115127517,Two Face,Bat Cave Boulder > Cotton Bottom > Lower New River Gorge Bouldering > New River Gorge Proper > The New River Gorge Region > West Virginia,https://www.mountainproject.com/route/115127517/two-face,2,Boulder,V3,1,16,38.11765,-81.14388
119440318,Spread Eagle,4. Diff'rent Strokes Area > Camp 70 Boulders > Eastern WV > West Virginia,https://www.mountainproject.com/route/119440318/spread-eagle,2,Boulder,V0,1,9,39.13509,-79.437
117114796,Unnamed topout,“The Prize” Sector > Cheat Canyon Wildlife Management Area > Cheat Canyon > Northern WV > West Virginia,https://www.mountainproject.com/route/117114796/unnamed-topout,2,Boulder,V2,1,NA,39.51394,-79.65676
120221675,Duck and Roll,Roadside Boulder > Big Wheeling Creek Boulders > Northern Panhandle > Northern WV > West Virginia,https://www.mountainproject.com/route/120221675/duck-and-roll,2,Boulder,V2,1,10,39.98089,-80.61672
115127533,Alfred,Bat Cave Boulder > Cotton Bottom > Lower New River Gorge Bouldering > New River Gorge Proper > The New River Gorge Region > West Virginia,https://www.mountainproject.com/route/115127533/alfred,2,Boulder,V2,1,7,38.11765,-81.14388
120695602,Rawdawgin on the UFO,The Pit > In-Between Area > Coopers Rock State Forest > Northern WV > West Virginia,https://www.mountainproject.com/route/120695602/rawdawgin-on-the-ufo,2,Boulder,V2 PG13,1,NA,39.63499,-79.80941
119703401,Eagle's Wings,Blind Faith Boulder > Darnell Hollow > University Research Forest > Cheat Canyon > Northern WV > West Virginia,https://www.mountainproject.com/route/119703401/eagles-wings,3,Boulder,V3+,1,NA,39.69213,-79.80508
117114686,Spinning your Wheels,“The Prize” Sector > Cheat Canyon Wildlife Management Area > Cheat Canyon > Northern WV > West Virginia,https://www.mountainproject.com/route/117114686/spinning-your-wheels,2,Boulder,V3,1,10,39.51394,-79.65676
123015420,Copperhead,Future Roof Boulder > First Area Boulders > Rhododendron Trail Areas > Coopers Rock State Forest > Northern WV > West Virginia,https://www.mountainproject.com/route/123015420/copperhead,2.5,Boulder,V1-,1,10,39.64215,-79.82036
120242966,Why Jump,Yowmigoochie Boulder > 5th Pull Off (School Bus Area) > Darnell Hollow > University Research Forest > Cheat Canyon > Northern WV > West Virginia,https://www.mountainproject.com/route/120242966/why-jump,2,Boulder,V2-3,1,NA,39.69071,-79.80082
112042626,The One,Ballard Trail Boulders > Kanawha State Forest > Southern WV > West Virginia,https://www.mountainproject.com/route/112042626/the-one,2.5,Boulder,V1,1,15,38.26547,-81.66757
119709495,Easy Does It,Eye Brow Boulders > Deer Skull Boulders > University Research Forest > Cheat Canyon > Northern WV > West Virginia,https://www.mountainproject.com/route/119709495/easy-does-it,2,Boulder,V0,1,NA,39.66396,-79.8153
122162008,Leafy Sand Dragon,Shark Tooth > 5th Pull Off (School Bus Area) > Darnell Hollow > University Research Forest > Cheat Canyon > Northern WV > West Virginia,https://www.mountainproject.com/route/122162008/leafy-sand-dragon,2.8,Boulder,V3-4,1,NA,39.69066,-79.8022
119698429,Crimp Squat,School Yard > 5th Pull Off (School Bus Area) > Darnell Hollow > University Research Forest > Cheat Canyon > Northern WV > West Virginia,https://www.mountainproject.com/route/119698429/crimp-squat,2,Boulder,V2-,1,NA,39.69067,-79.80183
120344402,A Bard Song,The High Court > 5th Pull Off (School Bus Area) > Darnell Hollow > University Research Forest > Cheat Canyon > Northern WV > West Virginia,https://www.mountainproject.com/route/120344402/a-bard-song,2,Boulder,V0,1,NA,39.69094,-79.80152
118909321,Skipping Class,Learning Boulder > Junction Boulders > Snake Hill Wildlife Management Area > Cheat Canyon > Northern WV > West Virginia,https://www.mountainproject.com/route/118909321/skipping-class,2,Boulder,V-easy,1,NA,39.62325,-79.83585
118835679,Mossy Not Chossy,Lost in Moss Boulder > Junction Boulders > Snake Hill Wildlife Management Area > Cheat Canyon > Northern WV > West Virginia,https://www.mountainproject.com/route/118835679/mossy-not-chossy,2,Boulder,V0,1,NA,39.62285,-79.8356
118811378,Neko Tongue,The Good Block > Good Block Area > Tilted Tree > Coopers Rock State Forest > Northern WV > West Virginia,https://www.mountainproject.com/route/118811378/neko-tongue,2,Boulder,V2,1,NA,39.63288,-79.80559
121339994,Hold On,Watch your back > Upper Tier > Darnell Hollow > University Research Forest > Cheat Canyon > Northern WV > West Virginia,https://www.mountainproject.com/route/121339994/hold-on,2,Boulder,V1,1,NA,39.6911,-79.80128
122021387,The Doctor Will See You,Waiting Room/ Campfire > Darkside East > Darnell Hollow > University Research Forest > Cheat Canyon > Northern WV > West Virginia,https://www.mountainproject.com/route/122021387/the-doctor-will-see-you,2.3,Boulder,V2,1,12,39.69033,-79.8016
119731081,Stanky Leg,Who Arete > 1st pull off > Darnell Hollow > University Research Forest > Cheat Canyon > Northern WV > West Virginia,https://www.mountainproject.com/route/119731081/stanky-leg,2,Boulder,V0-,1,NA,39.69255,-79.81145
118909299,I Need a Hug,Exhibition Boulder > Junction Boulders > Snake Hill Wildlife Management Area > Cheat Canyon > Northern WV > West Virginia,https://www.mountainproject.com/route/118909299/i-need-a-hug,2,Boulder,V3,1,NA,39.62324,-79.83585
117114835,Unnamed,“The Prize” Sector > Cheat Canyon Wildlife Management Area > Cheat Canyon > Northern WV > West Virginia,https://www.mountainproject.com/route/117114835/unnamed,2,Boulder,V3,1,NA,39.51394,-79.65676
121412931,V Man,Step Roof > Deer Skull Boulders > University Research Forest > Cheat Canyon > Northern WV > West Virginia,https://www.mountainproject.com/route/121412931/v-man,2,Boulder,V1,1,NA,39.66329,-79.81778
118797086,Deep Throat,Deep Throat Boulder > First Bell Boulders > Snake Hill Wildlife Management Area > Cheat Canyon > Northern WV > West Virginia,https://www.mountainproject.com/route/118797086/deep-throat,2,Boulder,V2,1,NA,39.62694,-79.83879
118835720,Finding The Way (sit-start),Lost in Moss Boulder > Junction Boulders > Snake Hill Wildlife Management Area > Cheat Canyon > Northern WV > West Virginia,https://www.mountainproject.com/route/118835720/finding-the-way-sit-start,2,Boulder,V3+,1,NA,39.62285,-79.8356
120243019,The Big Bonk,Yowmigoochie Boulder > 5th Pull Off (School Bus Area) > Darnell Hollow > University Research Forest > Cheat Canyon > Northern WV > West Virginia,https://www.mountainproject.com/route/120243019/the-big-bonk,2,Boulder,V1,1,NA,39.69071,-79.80082
118842683,Demon in the Sheets,The Hilton Boulder > First Bell Boulders > Snake Hill Wildlife Management Area > Cheat Canyon > Northern WV > West Virginia,https://www.mountainproject.com/route/118842683/demon-in-the-sheets,2.5,Boulder,V1,1,NA,39.62721,-79.83871
119698398,Tree Spot,School Yard > 5th Pull Off (School Bus Area) > Darnell Hollow > University Research Forest > Cheat Canyon > Northern WV > West Virginia,https://www.mountainproject.com/route/119698398/tree-spot,2,Boulder,V2-,1,NA,39.69067,-79.80183
119826066,Unnamed,Micro Bus Boulder > 5th Pull Off (School Bus Area) > Darnell Hollow > University Research Forest > Cheat Canyon > Northern WV > West Virginia,https://www.mountainproject.com/route/119826066/unnamed,2,Boulder,V0,1,NA,39.69062,-79.80168
119826033,Delightfully Fun,Micro Bus Boulder > 5th Pull Off (School Bus Area) > Darnell Hollow > University Research Forest > Cheat Canyon > Northern WV > West Virginia,https://www.mountainproject.com/route/119826033/delightfully-fun,2,Boulder,V1,1,NA,39.69062,-79.80168
119008548,Morel High Ground,Red Roof Boulder > First Bell Boulders > Snake Hill Wildlife Management Area > Cheat Canyon > Northern WV > West Virginia,https://www.mountainproject.com/route/119008548/morel-high-ground,2,Boulder,V3,1,NA,39.62683,-79.83892
121339980,Hidden goods,Watch your back > Upper Tier > Darnell Hollow > University Research Forest > Cheat Canyon > Northern WV > West Virginia,https://www.mountainproject.com/route/121339980/hidden-goods,2,Boulder,V1,1,NA,39.6911,-79.80128
121465443,Looking West,6 Looking West boulder > Spruce Knob Bouldering > Eastern WV > West Virginia,https://www.mountainproject.com/route/121465443/looking-west,3,"Boulder, Alpine",V1,1,12,38.6983,-79.53469
120344382,A Vassal Excuse,The High Court > 5th Pull Off (School Bus Area) > Darnell Hollow > University Research Forest > Cheat Canyon > Northern WV > West Virginia,https://www.mountainproject.com/route/120344382/a-vassal-excuse,2,Boulder,V1,1,NA,39.69094,-79.80152
119698535,Baby Monolith Tears,Tears and Tears Boulder > 5th Pull Off (School Bus Area) > Darnell Hollow > University Research Forest > Cheat Canyon > Northern WV > West Virginia,https://www.mountainproject.com/route/119698535/baby-monolith-tears,2,Boulder,V1,1,NA,39.69087,-79.80138
118857488,World at War,Deep Throat Boulder > First Bell Boulders > Snake Hill Wildlife Management Area > Cheat Canyon > Northern WV > West Virginia,https://www.mountainproject.com/route/118857488/world-at-war,2,Boulder,V3,1,NA,39.62694,-79.83879
121416341,Midnight rumble,Midnight rumble > Watch Top > Deer Skull Boulders > University Research Forest > Cheat Canyon > Northern WV > West Virginia,https://www.mountainproject.com/route/121416341/midnight-rumble,2,Boulder,V3-,1,NA,39.66356,-79.81489
122512278,Passing the Torch,Creekside Boulders > McCollum Campground Boulders > Coopers Rock State Forest > Northern WV > West Virginia,https://www.mountainproject.com/route/122512278/passing-the-torch,2,Boulder,V2,1,10,39.63561,-79.79172
120496058,Spoon Fork,Blade Knife Boulder > 5th Pull Off (School Bus Area) > Darnell Hollow > University Research Forest > Cheat Canyon > Northern WV > West Virginia,https://www.mountainproject.com/route/120496058/spoon-fork,2,Boulder,V2,1,10,39.69067,-79.80243
122070648,Beehive Arete,Beehive > Deer Skull Boulders > University Research Forest > Cheat Canyon > Northern WV > West Virginia,https://www.mountainproject.com/route/122070648/beehive-arete,2,Boulder,V0-1,1,NA,39.66331,-79.81735
119709815,Unnamed,Eye Brow Boulders > Deer Skull Boulders > University Research Forest > Cheat Canyon > Northern WV > West Virginia,https://www.mountainproject.com/route/119709815/unnamed,2,Boulder,V1,1,NA,39.66396,-79.8153
119709673,Unibrow,Eye Brow Boulders > Deer Skull Boulders > University Research Forest > Cheat Canyon > Northern WV > West Virginia,https://www.mountainproject.com/route/119709673/unibrow,2,Boulder,V1,1,NA,39.66396,-79.8153
121415443,Step Off,Step Roof > Deer Skull Boulders > University Research Forest > Cheat Canyon > Northern WV > West Virginia,https://www.mountainproject.com/route/121415443/step-off,2,Boulder,V2,1,NA,39.66329,-79.81778
120243175,Warm Up Slab (right),Warm Up Slab > Darkside East > Darnell Hollow > University Research Forest > Cheat Canyon > Northern WV > West Virginia,https://www.mountainproject.com/route/120243175/warm-up-slab-right,2,Boulder,V0-1,1,NA,39.69034,-79.8016
121412870,Ms. Sandy,Make Due > Watch Top > Deer Skull Boulders > University Research Forest > Cheat Canyon > Northern WV > West Virginia,https://www.mountainproject.com/route/121412870/ms-sandy,2,Boulder,V3,1,NA,39.66347,-79.81506
120432721,Seneschal,The High Court > 5th Pull Off (School Bus Area) > Darnell Hollow > University Research Forest > Cheat Canyon > Northern WV > West Virginia,https://www.mountainproject.com/route/120432721/seneschal,2,Boulder,V2-3,1,NA,39.69094,-79.80152
120432155,The Royal Fool,The High Court > 5th Pull Off (School Bus Area) > Darnell Hollow > University Research Forest > Cheat Canyon > Northern WV > West Virginia,https://www.mountainproject.com/route/120432155/the-royal-fool,2,Boulder,V2-,1,NA,39.69094,-79.80152
119698362,Moss Man,School Yard > 5th Pull Off (School Bus Area) > Darnell Hollow > University Research Forest > Cheat Canyon > Northern WV > West Virginia,https://www.mountainproject.com/route/119698362/moss-man,2,Boulder,V0-,1,NA,39.69067,-79.80183
118909281,Sphincter,Exhibition Boulder > Junction Boulders > Snake Hill Wildlife Management Area > Cheat Canyon > Northern WV > West Virginia,https://www.mountainproject.com/route/118909281/sphincter,2,Boulder,V2,1,NA,39.62324,-79.83585
120500286,Deer Season,Fox Tail > 1st pull off > Darnell Hollow > University Research Forest > Cheat Canyon > Northern WV > West Virginia,https://www.mountainproject.com/route/120500286/deer-season,2,Boulder,V2,1,NA,39.69256,-79.81061
122512671,Wango Tango,Breakfast Boulders > McCollum Campground Boulders > Coopers Rock State Forest > Northern WV > West Virginia,https://www.mountainproject.com/route/122512671/wango-tango,2,Boulder,V2,1,10,39.63827,-79.79028
118870417,The Largest Ship in the World,Iceberg Boulder > Nemesis Boulders > Trad Wall Area > Snake Hill Wildlife Management Area > Cheat Canyon > Northern WV > West Virginia,https://www.mountainproject.com/route/118870417/the-largest-ship-in-the-world,2,Boulder,V2,1,NA,39.62829,-79.83745
118870600,Mighty Mouse,Pipsqueak Boulder > Nemesis Boulders > Trad Wall Area > Snake Hill Wildlife Management Area > Cheat Canyon > Northern WV > West Virginia,https://www.mountainproject.com/route/118870600/mighty-mouse,2,Boulder,V2,1,NA,39.62865,-79.83715
120432221,The Chamber System,The High Court > 5th Pull Off (School Bus Area) > Darnell Hollow > University Research Forest > Cheat Canyon > Northern WV > West Virginia,https://www.mountainproject.com/route/120432221/the-chamber-system,2,Boulder,V2,1,NA,39.69094,-79.80152
120656619,Olfactory Loss,Dice Boulders > 1st pull off > Darnell Hollow > University Research Forest > Cheat Canyon > Northern WV > West Virginia,https://www.mountainproject.com/route/120656619/olfactory-loss,2,Boulder,V3,1,NA,39.69248,-79.81151
119731057,Who Arete,Who Arete > 1st pull off > Darnell Hollow > University Research Forest > Cheat Canyon > Northern WV > West Virginia,https://www.mountainproject.com/route/119731057/who-arete,2,Boulder,V0,1,NA,39.69255,-79.81145
119840569,Nailed It,Mike's Finger > 5th Pull Off (School Bus Area) > Darnell Hollow > University Research Forest > Cheat Canyon > Northern WV > West Virginia,https://www.mountainproject.com/route/119840569/nailed-it,2,Boulder,V2,1,NA,39.69074,-79.80243
120243169,Warm Up Slab (left),Warm Up Slab > Darkside East > Darnell Hollow > University Research Forest > Cheat Canyon > Northern WV > West Virginia,https://www.mountainproject.com/route/120243169/warm-up-slab-left,2,Boulder,V1-2,1,NA,39.69034,-79.8016
122070767,Welcoming,Entry Boulder > Deer Skull Boulders > University Research Forest > Cheat Canyon > Northern WV > West Virginia,https://www.mountainproject.com/route/122070767/welcoming,2,Boulder,V1,1,NA,39.66372,-79.81807
120500339,Duck Season,Fox Tail > 1st pull off > Darnell Hollow > University Research Forest > Cheat Canyon > Northern WV > West Virginia,https://www.mountainproject.com/route/120500339/duck-season,2.5,Boulder,V2,1,NA,39.69256,-79.81061
119899571,Alive,Kurt Cobain Memorial Wall > Furnace Trail Boulders > Furnace Road Areas > Coopers Rock State Forest > Northern WV > West Virginia,https://www.mountainproject.com/route/119899571/alive,3,Boulder,V2,1,NA,39.65046,-79.82321
121412888,Sandard,Make Due > Watch Top > Deer Skull Boulders > University Research Forest > Cheat Canyon > Northern WV > West Virginia,https://www.mountainproject.com/route/121412888/sandard,2,Boulder,V1-,1,NA,39.66347,-79.81506
118909316,Trigonometry,Learning Boulder > Junction Boulders > Snake Hill Wildlife Management Area > Cheat Canyon > Northern WV > West Virginia,https://www.mountainproject.com/route/118909316/trigonometry,2,Boulder,V0,1,NA,39.62325,-79.83585
122078704,Clap Yo Hands,Classic Arete > 5th Pull Off (School Bus Area) > Darnell Hollow > University Research Forest > Cheat Canyon > Northern WV > West Virginia,https://www.mountainproject.com/route/122078704/clap-yo-hands,2,Boulder,V1,1,NA,39.69064,-79.80205
120243053,Symphony,Other Number 5 Boulder > 5th Pull Off (School Bus Area) > Darnell Hollow > University Research Forest > Cheat Canyon > Northern WV > West Virginia,https://www.mountainproject.com/route/120243053/symphony,2,Boulder,V0,1,NA,39.6905,-79.80135
120243136,Tree Huggin,Micro Bus Boulder > 5th Pull Off (School Bus Area) > Darnell Hollow > University Research Forest > Cheat Canyon > Northern WV > West Virginia,https://www.mountainproject.com/route/120243136/tree-huggin,2,Boulder,V0,1,NA,39.69062,-79.80168
119840542,Finger Tips,Mike's Finger > 5th Pull Off (School Bus Area) > Darnell Hollow > University Research Forest > Cheat Canyon > Northern WV > West Virginia,https://www.mountainproject.com/route/119840542/finger-tips,2,Boulder,V0+,1,NA,39.69074,-79.80243
118870378,"Oh Captain, My Captain",Iceberg Boulder > Nemesis Boulders > Trad Wall Area > Snake Hill Wildlife Management Area > Cheat Canyon > Northern WV > West Virginia,https://www.mountainproject.com/route/118870378/oh-captain-my-captain,2,Boulder,V3,1,NA,39.62829,-79.83745
120500836,Loyne Clothe,Jungle > 1st pull off > Darnell Hollow > University Research Forest > Cheat Canyon > Northern WV > West Virginia,https://www.mountainproject.com/route/120500836/loyne-clothe,2.5,Boulder,V0+,1,NA,39.69255,-79.81061
118909289,Flop,Exhibition Boulder > Junction Boulders > Snake Hill Wildlife Management Area > Cheat Canyon > Northern WV > West Virginia,https://www.mountainproject.com/route/118909289/flop,2,Boulder,V1,1,NA,39.62324,-79.83585
122531828,Crescent Slab,Rebel Yell Boulder > Lightning and Thunder Area > Woodshed Boulders > Coopers Rock State Forest > Northern WV > West Virginia,https://www.mountainproject.com/route/122531828/crescent-slab,2,Boulder,V1,1,10,39.62901,-79.7918
118870584,Tiny Cow,Pipsqueak Boulder > Nemesis Boulders > Trad Wall Area > Snake Hill Wildlife Management Area > Cheat Canyon > Northern WV > West Virginia,https://www.mountainproject.com/route/118870584/tiny-cow,2,Boulder,V1,1,NA,39.62865,-79.83715
118831489,The One Percent,Hierarchy Boulder > First Bell Boulders > Snake Hill Wildlife Management Area > Cheat Canyon > Northern WV > West Virginia,https://www.mountainproject.com/route/118831489/the-one-percent,2,Boulder,V1,1,NA,39.62714,-79.83876
118831688,Started from the Bottom,Hierarchy Boulder > First Bell Boulders > Snake Hill Wildlife Management Area > Cheat Canyon > Northern WV > West Virginia,https://www.mountainproject.com/route/118831688/started-from-the-bottom,2,Boulder,V1,1,NA,39.62714,-79.83876
122513130,Dirty Old Man,Over The Hill Boulders > McCollum Campground Boulders > Coopers Rock State Forest > Northern WV > West Virginia,https://www.mountainproject.com/route/122513130/dirty-old-man,2,Boulder,V3,1,10,39.63532,-79.7914
118870437,Submarine,Iceberg Boulder > Nemesis Boulders > Trad Wall Area > Snake Hill Wildlife Management Area > Cheat Canyon > Northern WV > West Virginia,https://www.mountainproject.com/route/118870437/submarine,2,Boulder,V3,1,NA,39.62829,-79.83745
121266164,Younger brother,Spoiler > Upper Tier > Darnell Hollow > University Research Forest > Cheat Canyon > Northern WV > West Virginia,https://www.mountainproject.com/route/121266164/younger-brother,2,Boulder,V0,1,NA,39.69137,-79.80194
112521929,Up and Over,Motorcycle Rocks > Haystack Area > Underlook Trail Boulders > Coopers Rock State Forest > Northern WV > West Virginia,https://www.mountainproject.com/route/112521929/up-and-over,2,Boulder,V1+,1,NA,39.6358,-79.81508
118796759,London Streets,Jack the Ripper Boulder > First Bell Boulders > Snake Hill Wildlife Management Area > Cheat Canyon > Northern WV > West Virginia,https://www.mountainproject.com/route/118796759/london-streets,2,Boulder,V2,1,15,39.62608,-79.83801
122070694,Busy Bee,Beehive > Deer Skull Boulders > University Research Forest > Cheat Canyon > Northern WV > West Virginia,https://www.mountainproject.com/route/122070694/busy-bee,2,Boulder,V1,1,NA,39.66331,-79.81735
112125594,Zig,Barboursville Park > Huntington/Barboursville > Southern WV > West Virginia,https://www.mountainproject.com/route/112125594/zig,2,Boulder,V0,1,10,38.39195,-82.30934
122513002,Playin’ in Puddles,Over The Hill Boulders > McCollum Campground Boulders > Coopers Rock State Forest > Northern WV > West Virginia,https://www.mountainproject.com/route/122513002/playin-in-puddles,2,Boulder,V2,1,10,39.63532,-79.7914
122513100,Slipped Disc,Over The Hill Boulders > McCollum Campground Boulders > Coopers Rock State Forest > Northern WV > West Virginia,https://www.mountainproject.com/route/122513100/slipped-disc,2,Boulder,V2,1,8,39.63532,-79.7914
122513686,Spring Loaded,Secret Spring Boulders > McCollum Campground Boulders > Coopers Rock State Forest > Northern WV > West Virginia,https://www.mountainproject.com/route/122513686/spring-loaded,2,Boulder,V2,1,12,39.63748,-79.79039
122513124,Ibuprofen,Over The Hill Boulders > McCollum Campground Boulders > Coopers Rock State Forest > Northern WV > West Virginia,https://www.mountainproject.com/route/122513124/ibuprofen,2,Boulder,V2,1,8,39.63532,-79.7914
122513143,Lovely Old Lady,Over The Hill Boulders > McCollum Campground Boulders > Coopers Rock State Forest > Northern WV > West Virginia,https://www.mountainproject.com/route/122513143/lovely-old-lady,2,Boulder,V3,1,10,39.63532,-79.7914
122531776,Dixie,Rebel Yell Boulder > Lightning and Thunder Area > Woodshed Boulders > Coopers Rock State Forest > Northern WV > West Virginia,https://www.mountainproject.com/route/122531776/dixie,2,Boulder,V2,1,10,39.62901,-79.7918
122532045,Native Land,Red Cloud Area > Woodshed Boulders > Coopers Rock State Forest > Northern WV > West Virginia,https://www.mountainproject.com/route/122532045/native-land,2,Boulder,V3,1,14,39.62883,-79.79188
123183557,Slab Arete,West Block > Road Blocks (Route 73) > Park Entrance Areas > Coopers Rock State Forest > Northern WV > West Virginia,https://www.mountainproject.com/route/123183557/slab-arete,2,Boulder,V3,1,12,39.66102,-79.80546
122531918,The Beach,The Beach Boulder > Road to Nowhere area > Woodshed Boulders > Coopers Rock State Forest > Northern WV > West Virginia,https://www.mountainproject.com/route/122531918/the-beach,2,Boulder,V3,1,18,39.62904,-79.79188
123090747,Dilly Dolly,Trailside Boulder > Rocky Ridge Trail > Dolly Sods Region > Eastern WV > West Virginia,https://www.mountainproject.com/route/123090747/dilly-dolly,2,Boulder,V0,1,12,39.06971,-79.36541
123174831,Pocket Scuttle,Writhe Boulder > First Area Boulders > Rhododendron Trail Areas > Coopers Rock State Forest > Northern WV > West Virginia,https://www.mountainproject.com/route/123174831/pocket-scuttle,2,Boulder,V2-3,1,NA,39.64224,-79.82029
123188199,Iron Mitten,Iron Mitten Boulder > North Boulders > Rhodo/Ridge Connector Trail Boulders > Rhododendron Trail Areas > Coopers Rock State Forest > Northern WV > West Virginia,https://www.mountainproject.com/route/123188199/iron-mitten,2,Boulder,V1,1,8,39.64409,-79.82537
123211322,Punk Rock,Punk and Coolio Boulder > Coffee Mug Boulders > Green Acres > Powerline South > Raven Rock Trail Areas > Coopers Rock State Forest > Northern WV > West Virginia,https://www.mountainproject.com/route/123211322/punk-rock,2,Boulder,V1,1,10,39.62498,-79.80032
122979194,Nook Arete,The Nook > Entrance Boulders > Upper Rock City > Coopers Rock State Forest > Northern WV > West Virginia,https://www.mountainproject.com/route/122979194/nook-arete,2,Boulder,V2,1,10,39.63805,-79.81682
112403599,Mini Blok,C1. The Bench > Main Area Bouldering > Bozoo Bouldering > Bozoo > Southern WV > West Virginia,https://www.mountainproject.com/route/112403599/mini-blok,2,Boulder,V2-3,1,6,37.47764,-80.86742
123192090,Orange Sherbet Sunsets,Ice Cream Boulders > Woodshed Boulders > Coopers Rock State Forest > Northern WV > West Virginia,https://www.mountainproject.com/route/123192090/orange-sherbet-sunsets,2,Boulder,V2,1,NA,39.62878,-79.79156
123174882,Twist,Writhe Boulder > First Area Boulders > Rhododendron Trail Areas > Coopers Rock State Forest > Northern WV > West Virginia,https://www.mountainproject.com/route/123174882/twist,2,Boulder,V3,1,NA,39.64224,-79.82029
112403590,Right bench,C1. The Bench > Main Area Bouldering > Bozoo Bouldering > Bozoo > Southern WV > West Virginia,https://www.mountainproject.com/route/112403590/right-bench,2,Boulder,V1-2,1,9,37.47764,-80.86742
112403586,Left Bench,C1. The Bench > Main Area Bouldering > Bozoo Bouldering > Bozoo > Southern WV > West Virginia,https://www.mountainproject.com/route/112403586/left-bench,2,Boulder,V2-3,1,9,37.47764,-80.86742
122609463,Windwalker,Main Area > Rocky Ridge Trail > Dolly Sods Region > Eastern WV > West Virginia,https://www.mountainproject.com/route/122609463/windwalker,2,Boulder,V0,1,16,39.06885,-79.36525
107881094,Stripper Pole,Bear Rock Lake Bouldering (Wheeling) > Northern Panhandle > Northern WV > West Virginia,https://www.mountainproject.com/route/107881094/stripper-pole,2,Boulder,V3,1,20,40.0763,-80.5333
123192049,Red Raspberry Sorbet,Ice Cream Boulders > Woodshed Boulders > Coopers Rock State Forest > Northern WV > West Virginia,https://www.mountainproject.com/route/123192049/red-raspberry-sorbet,2,Boulder,V3,1,10,39.62878,-79.79156
123114717,Adam's Overhang,Cellophane Boulder > First Area Boulders > Rhododendron Trail Areas > Coopers Rock State Forest > Northern WV > West Virginia,https://www.mountainproject.com/route/123114717/adams-overhang,2,Boulder,V1-2,1,NA,39.64268,-79.82037
123210379,Dinner Plates,Target Practice Boulders > Green Acres > Powerline South > Raven Rock Trail Areas > Coopers Rock State Forest > Northern WV > West Virginia,https://www.mountainproject.com/route/123210379/dinner-plates,2,Boulder,V1,1,10,39.62681,-79.80075
123188505,RRG 5.10,Lost Triangle Wall > South Boulders > Rhodo/Ridge Connector Trail Boulders > Rhododendron Trail Areas > Coopers Rock State Forest > Northern WV > West Virginia,https://www.mountainproject.com/route/123188505/rrg-510,2,Boulder,V0,1,NA,39.64379,-79.82583
123183718,Northeast Arete,West Block > Road Blocks (Route 73) > Park Entrance Areas > Coopers Rock State Forest > Northern WV > West Virginia,https://www.mountainproject.com/route/123183718/northeast-arete,2,Boulder,V2,1,12,39.66102,-79.80546
123183508,Jake Brake Slab,West Block > Road Blocks (Route 73) > Park Entrance Areas > Coopers Rock State Forest > Northern WV > West Virginia,https://www.mountainproject.com/route/123183508/jake-brake-slab,2,Boulder,V0,1,12,39.66102,-79.80546
123099834,Prozac,The Nut House > Tilted Tree > Coopers Rock State Forest > Northern WV > West Virginia,https://www.mountainproject.com/route/123099834/prozac,2,Boulder,V3,1,10,39.63404,-79.80727
122730522,Satan's Helpers,Swimming Pool Boulders > Tomlinson Run State Park > Northern Panhandle > Northern WV > West Virginia,https://www.mountainproject.com/route/122730522/satans-helpers,2,Boulder,V2,1,10,40.53907,-80.57326
123099883,Ritalin,The Nut House > Tilted Tree > Coopers Rock State Forest > Northern WV > West Virginia,https://www.mountainproject.com/route/123099883/ritalin,2,Boulder,V1,1,10,39.63404,-79.80727
123133060,Sums Up,I Dream of the Ocean Area > Rhododendron Trail Areas > Coopers Rock State Forest > Northern WV > West Virginia,https://www.mountainproject.com/route/123133060/sums-up,2.3,Boulder,V0,1,10,39.64508,-79.82252
123095973,Venham,Prize Fighter Roof > Furnace Road Areas > Coopers Rock State Forest > Northern WV > West Virginia,https://www.mountainproject.com/route/123095973/venham,2,Boulder,V2,1,12,39.653,-79.81547
110270029,Kiss of Death,B. Hershey Boulder > Main Area Bouldering > Bozoo Bouldering > Bozoo > Southern WV > West Virginia,https://www.mountainproject.com/route/110270029/kiss-of-death,2,Boulder,V3 PG13,1,NA,37.4776,-80.8673
122645302,S-crack,Main Area > Rocky Ridge Trail > Dolly Sods Region > Eastern WV > West Virginia,https://www.mountainproject.com/route/122645302/s-crack,2,Boulder,V1,1,12,39.06885,-79.36525
122645182,My Crack,Bear Rocks South > Bear Rocks Preserve > Dolly Sods Region > Eastern WV > West Virginia,https://www.mountainproject.com/route/122645182/my-crack,2,"Boulder, Alpine",V2,1,14,39.06443,-79.30145
122610029,Orange Puddles,Orange Puddles Area > Bear Rocks Preserve > Dolly Sods Region > Eastern WV > West Virginia,https://www.mountainproject.com/route/122610029/orange-puddles,2,"Boulder, Alpine",V0-,1,10,39.06638,-79.30055
122609695,Dirty Diagonal,Main Area > Rocky Ridge Trail > Dolly Sods Region > Eastern WV > West Virginia,https://www.mountainproject.com/route/122609695/dirty-diagonal,2,Boulder,V1,1,9,39.06885,-79.36525
123174862,Nicros,Writhe Boulder > First Area Boulders > Rhododendron Trail Areas > Coopers Rock State Forest > Northern WV > West Virginia,https://www.mountainproject.com/route/123174862/nicros,2,Boulder,V1,1,NA,39.64224,-79.82029
123188015,Stump Arete,Stump Boulder > North Boulders > Rhodo/Ridge Connector Trail Boulders > Rhododendron Trail Areas > Coopers Rock State Forest > Northern WV > West Virginia,https://www.mountainproject.com/route/123188015/stump-arete,2,Boulder,V1,1,12,39.64421,-79.82536
122609730,Sand in my Shoes,Trailside Boulder > Rocky Ridge Trail > Dolly Sods Region > Eastern WV > West Virginia,https://www.mountainproject.com/route/122609730/sand-in-my-shoes,2,Boulder,V0,1,10,39.06971,-79.36541
123133031,Less Than,I Dream of the Ocean Area > Rhododendron Trail Areas > Coopers Rock State Forest > Northern WV > West Virginia,https://www.mountainproject.com/route/123133031/less-than,2,Boulder,V1,1,10,39.64508,-79.82252
122610192,Cracks of Dawn,Orange Puddles Area > Bear Rocks Preserve > Dolly Sods Region > Eastern WV > West Virginia,https://www.mountainproject.com/route/122610192/cracks-of-dawn,2,"Boulder, Alpine",V1,1,8,39.06638,-79.30055
122758070,Baby Ruth,Swimming Pool Boulders > Tomlinson Run State Park > Northern Panhandle > Northern WV > West Virginia,https://www.mountainproject.com/route/122758070/baby-ruth,2,Boulder,V3,1,10,40.53907,-80.57326
110295853,Million Miles,Million Miles Boulder > Powerline Proper > Powerline Boulders > Bozoo Bouldering > Bozoo > Southern WV > West Virginia,https://www.mountainproject.com/route/110295853/million-miles,2,Boulder,V1 PG13,1,14,37.47584,-80.86222
109694090,J: Bulls,A: Air Jordy Boulder > Downstream Boulderfield > Bozoo Bouldering > Bozoo > Southern WV > West Virginia,https://www.mountainproject.com/route/109694090/j-bulls,2,Boulder,V2,1,NA,37.4829,-80.8749
122645165,Hide and Seek,Bear Rocks South > Bear Rocks Preserve > Dolly Sods Region > Eastern WV > West Virginia,https://www.mountainproject.com/route/122645165/hide-and-seek,2,"Boulder, Alpine",V0,1,8,39.06443,-79.30145
122612972,Techno Wonder,Main Area > Rocky Ridge Trail > Dolly Sods Region > Eastern WV > West Virginia,https://www.mountainproject.com/route/122612972/techno-wonder,2,Boulder,V2,1,8,39.06885,-79.36525
123188248,Hideaway,Hideaway > North Boulders > Rhodo/Ridge Connector Trail Boulders > Rhododendron Trail Areas > Coopers Rock State Forest > Northern WV > West Virginia,https://www.mountainproject.com/route/123188248/hideaway,2,Boulder,V3,1,10,39.6442,-79.82547
123188485,Rhodo Huckin',Stump Boulder > North Boulders > Rhodo/Ridge Connector Trail Boulders > Rhododendron Trail Areas > Coopers Rock State Forest > Northern WV > West Virginia,https://www.mountainproject.com/route/123188485/rhodo-huckin,2,Boulder,V3-4,1,NA,39.64421,-79.82536
110240442,Unknown - Squeeze problem,Ape Rage Boulder > Bozooka Area > Bozoo Bouldering > Bozoo > Southern WV > West Virginia,https://www.mountainproject.com/route/110240442/unknown-squeeze-problem,2,Boulder,V1,1,NA,37.4769,-80.8646
122609373,Take a Snail to the Finish Line,Main Area > Rocky Ridge Trail > Dolly Sods Region > Eastern WV > West Virginia,https://www.mountainproject.com/route/122609373/take-a-snail-to-the-finish-line,2,Boulder,V1,1,9,39.06885,-79.36525
123132689,Ridge Rider,Notmucha Slab Boulder > Notmucha Boulders > Rhododendron Trail Areas > Coopers Rock State Forest > Northern WV > West Virginia,https://www.mountainproject.com/route/123132689/ridge-rider,2.3,Boulder,V2-3,1,12,39.64307,-79.82104
108973666,Mid Pyramid,The Pyramids > Zion > Bozoo Bouldering > Bozoo > Southern WV > West Virginia,https://www.mountainproject.com/route/108973666/mid-pyramid,2,Boulder,V3-4,1,14,37.48573,-80.8759
122974343,Get in Line,Concession Stand Boulder > Entrance Boulders > Upper Rock City > Coopers Rock State Forest > Northern WV > West Virginia,https://www.mountainproject.com/route/122974343/get-in-line,2,Boulder,V0,1,12,39.63793,-79.8168
108811220,Front Slab L,C4: Front Slabs > C: Talus Area > Downstream Boulderfield > Bozoo Bouldering > Bozoo > Southern WV > West Virginia,https://www.mountainproject.com/route/108811220/front-slab-l,2,Boulder,V0- R,1,18,37.48403,-80.87435
122612924,She's Easy,Main Area > Rocky Ridge Trail > Dolly Sods Region > Eastern WV > West Virginia,https://www.mountainproject.com/route/122612924/shes-easy,2,Boulder,V2,1,8,39.06885,-79.36525
122609550,View for Miles,Main Area > Rocky Ridge Trail > Dolly Sods Region > Eastern WV > West Virginia,https://www.mountainproject.com/route/122609550/view-for-miles,2,Boulder,V1,1,9,39.06885,-79.36525
122645293,Red Face left,Main Area > Rocky Ridge Trail > Dolly Sods Region > Eastern WV > West Virginia,https://www.mountainproject.com/route/122645293/red-face-left,2,Boulder,V1,1,10,39.06885,-79.36525
108811077,Front Slab R,C4: Front Slabs > C: Talus Area > Downstream Boulderfield > Bozoo Bouldering > Bozoo > Southern WV > West Virginia,https://www.mountainproject.com/route/108811077/front-slab-r,2,Boulder,V0,1,NA,37.48403,-80.87435
122988709,Silliest Slab Traverse,Silliest Slab Boulder > Underlook Trail Boulders > Coopers Rock State Forest > Northern WV > West Virginia,https://www.mountainproject.com/route/122988709/silliest-slab-traverse,2,Boulder,V0,1,NA,39.63709,-79.81683
122609580,Little North Face,Trailside Boulder > Rocky Ridge Trail > Dolly Sods Region > Eastern WV > West Virginia,https://www.mountainproject.com/route/122609580/little-north-face,2,Boulder,V2,1,6,39.06971,-79.36541
122609796,Faire Glisser,Trailside Boulder > Rocky Ridge Trail > Dolly Sods Region > Eastern WV > West Virginia,https://www.mountainproject.com/route/122609796/faire-glisser,2,Boulder,V2+,1,10,39.06971,-79.36541
122641236,Snack Crack,Trailside Boulder > Rocky Ridge Trail > Dolly Sods Region > Eastern WV > West Virginia,https://www.mountainproject.com/route/122641236/snack-crack,2,Boulder,V0,1,13,39.06971,-79.36541
107978426,F. Contact,A: Pocket Boulder > Main Area Bouldering > Bozoo Bouldering > Bozoo > Southern WV > West Virginia,https://www.mountainproject.com/route/107978426/f-contact,2,Boulder,V3 PG13,1,12,37.4776,-80.8664
122646403,Salad Flake,Rohrbaugh Trail Boulders and Cliffs > Dolly Sods Region > Eastern WV > West Virginia,https://www.mountainproject.com/route/122646403/salad-flake,2,Boulder,V2,1,14,38.98778,-79.35345
123132568,Scooper,Scoop Boulder > Notmucha Boulders > Rhododendron Trail Areas > Coopers Rock State Forest > Northern WV > West Virginia,https://www.mountainproject.com/route/123132568/scooper,2.3,Boulder,V2,1,10,39.64318,-79.82072
122966487,Panty Line,Underwear Boulder > Underlook Trail Boulders > Coopers Rock State Forest > Northern WV > West Virginia,https://www.mountainproject.com/route/122966487/panty-line,2,Boulder,V2,1,12,39.63704,-79.81672
123132705,Notmucha Friction,Notmucha Slab Boulder > Notmucha Boulders > Rhododendron Trail Areas > Coopers Rock State Forest > Northern WV > West Virginia,https://www.mountainproject.com/route/123132705/notmucha-friction,2.5,Boulder,V3,1,12,39.64307,-79.82104
122609615,Wind Block,Main Area > Rocky Ridge Trail > Dolly Sods Region > Eastern WV > West Virginia,https://www.mountainproject.com/route/122609615/wind-block,2,Boulder,V2-3,1,8,39.06885,-79.36525
122605942,Alpine Tundra Turtle,North Area > Rocky Ridge Trail > Dolly Sods Region > Eastern WV > West Virginia,https://www.mountainproject.com/route/122605942/alpine-tundra-turtle,2,Boulder,V1,1,6,39.07121,-79.36459
123132749,Easy Slab,Notmucha Slab Boulder > Notmucha Boulders > Rhododendron Trail Areas > Coopers Rock State Forest > Northern WV > West Virginia,https://www.mountainproject.com/route/123132749/easy-slab,2,Boulder,V-easy,1,12,39.64307,-79.82104
122645138,Low Down,Bear Rocks South > Bear Rocks Preserve > Dolly Sods Region > Eastern WV > West Virginia,https://www.mountainproject.com/route/122645138/low-down,2,"Boulder, Alpine",V3,1,8,39.06443,-79.30145
108008660,Lone Pine,Lone Pine > Roadside > Entryway Boulders > Bozoo Bouldering > Bozoo > Southern WV > West Virginia,https://www.mountainproject.com/route/108008660/lone-pine,2,Boulder,V2,1,NA,37.4833,-80.8474
122610124,Under the Bridge,Orange Puddles Area > Bear Rocks Preserve > Dolly Sods Region > Eastern WV > West Virginia,https://www.mountainproject.com/route/122610124/under-the-bridge,2,"Boulder, Alpine",V1,1,10,39.06638,-79.30055
108953210,Probation,Alcatraz/Fontainzoo/Mattehorn > Bozooka Area > Bozoo Bouldering > Bozoo > Southern WV > West Virginia,https://www.mountainproject.com/route/108953210/probation,2,Boulder,V0-,1,NA,37.47644,-80.8646
108973660,Pyramid Left Arete,The Pyramids > Zion > Bozoo Bouldering > Bozoo > Southern WV > West Virginia,https://www.mountainproject.com/route/108973660/pyramid-left-arete,2,Boulder,V3,1,13,37.48573,-80.8759
108711655,Mystery Warm Up,B: Mystery Boulder > Downstream Boulderfield > Bozoo Bouldering > Bozoo > Southern WV > West Virginia,https://www.mountainproject.com/route/108711655/mystery-warm-up,2,Boulder,V0,1,NA,37.48209,-80.87394
108811394,Warm up R,C5: Warm Up Boulder > C: Talus Area > Downstream Boulderfield > Bozoo Bouldering > Bozoo > Southern WV > West Virginia,https://www.mountainproject.com/route/108811394/warm-up-r,2,Boulder,V2,1,NA,37.48406,-80.87437
108889990,Upper Arete,Nose Candy Boulder > Stoned Hinge > Bozoo Bouldering > Bozoo > Southern WV > West Virginia,https://www.mountainproject.com/route/108889990/upper-arete,2,Boulder,V1- PG13,1,12,37.49488,-80.87206
108954271,Left Cell,Alcatraz/Fontainzoo/Mattehorn > Bozooka Area > Bozoo Bouldering > Bozoo > Southern WV > West Virginia,https://www.mountainproject.com/route/108954271/left-cell,2,Boulder,V1,1,12,37.47644,-80.8646
123019286,Raven’s Claw,Trailside Boulders > Raven Rock Trail Areas > Coopers Rock State Forest > Northern WV > West Virginia,https://www.mountainproject.com/route/123019286/ravens-claw,2,Boulder,V2,1,10,39.63155,-79.80014
122610226,Umbrella Rock,Orange Puddles Area > Bear Rocks Preserve > Dolly Sods Region > Eastern WV > West Virginia,https://www.mountainproject.com/route/122610226/umbrella-rock,2,"Boulder, Alpine",V1,1,10,39.06638,-79.30055
122609842,Highpoint Traverse,Highpoint Area > Bear Rocks Preserve > Dolly Sods Region > Eastern WV > West Virginia,https://www.mountainproject.com/route/122609842/highpoint-traverse,2,"Boulder, Alpine",V3+,1,15,39.06776,-79.29873
108711644,Mystery Hole,B: Mystery Boulder > Downstream Boulderfield > Bozoo Bouldering > Bozoo > Southern WV > West Virginia,https://www.mountainproject.com/route/108711644/mystery-hole,2,Boulder,V2,1,NA,37.48209,-80.87394
122645052,Easy Dirty Slab,Little Loop Parking Boulders > Dolly Sods Region > Eastern WV > West Virginia,https://www.mountainproject.com/route/122645052/easy-dirty-slab,2,Boulder,V0,1,10,38.97503,-79.33709
122645086,No Good,Little Loop Parking Boulders > Dolly Sods Region > Eastern WV > West Virginia,https://www.mountainproject.com/route/122645086/no-good,2,Boulder,V2,1,12,38.97503,-79.33709
122645244,The Nook,Main Area > Rocky Ridge Trail > Dolly Sods Region > Eastern WV > West Virginia,https://www.mountainproject.com/route/122645244/the-nook,2,Boulder,V2,1,9,39.06885,-79.36525
108890021,Left Face Climb,Nose Candy Boulder > Stoned Hinge > Bozoo Bouldering > Bozoo > Southern WV > West Virginia,https://www.mountainproject.com/route/108890021/left-face-climb,2,Boulder,V2,1,NA,37.49488,-80.87206
123132945,The Leaner,Leaning Boulder > Notmucha Boulders > Rhododendron Trail Areas > Coopers Rock State Forest > Northern WV > West Virginia,https://www.mountainproject.com/route/123132945/the-leaner,2,Boulder,V2,1,12,39.64308,-79.82097
123027939,Dunk,Powerline North > Raven Rock Trail Areas > Coopers Rock State Forest > Northern WV > West Virginia,https://www.mountainproject.com/route/123027939/dunk,2,Boulder,V3,1,10,39.6377,-79.80415
108002982,I. Standard Southern Mantle,A: Pocket Boulder > Main Area Bouldering > Bozoo Bouldering > Bozoo > Southern WV > West Virginia,https://www.mountainproject.com/route/108002982/i-standard-southern-mantle,3,Boulder,V1 PG13,1,16,37.4776,-80.8664
122646441,Good Question,Rohrbaugh Trail Boulders and Cliffs > Dolly Sods Region > Eastern WV > West Virginia,https://www.mountainproject.com/route/122646441/good-question,2,Boulder,V3,1,14,38.98778,-79.35345
122605986,Tundra Clam,North Area > Rocky Ridge Trail > Dolly Sods Region > Eastern WV > West Virginia,https://www.mountainproject.com/route/122605986/tundra-clam,2,Boulder,V2,1,6,39.07121,-79.36459
122606021,Sandblasted,North Area > Rocky Ridge Trail > Dolly Sods Region > Eastern WV > West Virginia,https://www.mountainproject.com/route/122606021/sandblasted,2,Boulder,V2,1,8,39.07121,-79.36459
122724684,Daisy Drives a Dolphin Dasher,5. The Daisy Cave > Laurel Trail Boulders > Tomlinson Run State Park > Northern Panhandle > Northern WV > West Virginia,https://www.mountainproject.com/route/122724684/daisy-drives-a-dolphin-dasher,2,Boulder,V3,1,12,40.54721,-80.60521
108767845,Cherise,Sloper Proj Boulder > Sloper Project Area > Powerline Boulders > Bozoo Bouldering > Bozoo > Southern WV > West Virginia,https://www.mountainproject.com/route/108767845/cherise,2,Boulder,V3,1,10,37.4749,-80.8602
122989181,Bail to the Back.,Stegosaurus Boulder > Underlook Trail Boulders > Coopers Rock State Forest > Northern WV > West Virginia,https://www.mountainproject.com/route/122989181/bail-to-the-back,2,Boulder,V1,1,NA,39.63662,-79.81665
122645062,One Move,Little Loop Parking Boulders > Dolly Sods Region > Eastern WV > West Virginia,https://www.mountainproject.com/route/122645062/one-move,2,Boulder,V3,1,8,38.97503,-79.33709
107988190,Five O'Clock Shadow,H: Flow Boulder > Downstream Boulderfield > Bozoo Bouldering > Bozoo > Southern WV > West Virginia,https://www.mountainproject.com/route/107988190/five-oclock-shadow,2,Boulder,V1,1,15,37.48369,-80.8757
108011545,E. Layback Crack,H. EDucator Boulder > Main Area Bouldering > Bozoo Bouldering > Bozoo > Southern WV > West Virginia,https://www.mountainproject.com/route/108011545/e-layback-crack,2,Boulder,V2,1,NA,37.4782,-80.8675
106758425,G1,Boulder G > Roadside > Entryway Boulders > Bozoo Bouldering > Bozoo > Southern WV > West Virginia,https://www.mountainproject.com/route/106758425/g1,2,Boulder,V3,1,7,37.4833,-80.8474
106536714,S.O.B,The Brain Boulder > Bozooka Area > Bozoo Bouldering > Bozoo > Southern WV > West Virginia,https://www.mountainproject.com/route/106536714/sob,2,Boulder,V3-4,1,13,37.4769,-80.8646
106536732,Lizard King,The Brain Boulder > Bozooka Area > Bozoo Bouldering > Bozoo > Southern WV > West Virginia,https://www.mountainproject.com/route/106536732/lizard-king,2,Boulder,V3,1,15,37.4769,-80.8646
106692493,F2,Cliffline Problems > Sloper Project Area > Powerline Boulders > Bozoo Bouldering > Bozoo > Southern WV > West Virginia,https://www.mountainproject.com/route/106692493/f2,2,Boulder,V3,1,9,37.4749,-80.8602
106692472,F1,Cliffline Problems > Sloper Project Area > Powerline Boulders > Bozoo Bouldering > Bozoo > Southern WV > West Virginia,https://www.mountainproject.com/route/106692472/f1,2,Boulder,V2+,1,9,37.4749,-80.8602
106607864,D2,D: Cliffside Boulder > Downstream Boulderfield > Bozoo Bouldering > Bozoo > Southern WV > West Virginia,https://www.mountainproject.com/route/106607864/d2,2,Boulder,V3-,1,8,37.4832,-80.8745
106607875,Unknown,D: Cliffside Boulder > Downstream Boulderfield > Bozoo Bouldering > Bozoo > Southern WV > West Virginia,https://www.mountainproject.com/route/106607875/unknown,2,Boulder,V2-3,1,13,37.4832,-80.8745
106607825,F3,F:Slap'n'Squeeze Boulder > Downstream Boulderfield > Bozoo Bouldering > Bozoo > Southern WV > West Virginia,https://www.mountainproject.com/route/106607825/f3,2,Boulder,V3-4,1,8,37.4839,-80.8749
123229387,Bumpy,Bumpy and Lumpy Boulder > Coffee Mug Boulders > Green Acres > Powerline South > Raven Rock Trail Areas > Coopers Rock State Forest > Northern WV > West Virginia,https://www.mountainproject.com/route/123229387/bumpy,2,Boulder,V-easy,1,NA,39.62502,-79.80037
123467666,Scully,X-Files Boulder > Short Creek Right > Short Creek Bouldering > Beauty Mountain > New River Gorge Proper > The New River Gorge Region > West Virginia,https://www.mountainproject.com/route/123467666/scully,3.3,Boulder,V0 PG13,1,20,38.05475,-81.03532
123541544,Appetizer,T) BBQ Babies Cave > Endless Wall > New River Gorge Proper > The New River Gorge Region > West Virginia,https://www.mountainproject.com/route/123541544/appetizer,2.7,Boulder,V0+,1,10,38.05528,-81.03875
123407813,C.O.F. of Moss,The Choss Factory > Cracklandia > Powerline South > Raven Rock Trail Areas > Coopers Rock State Forest > Northern WV > West Virginia,https://www.mountainproject.com/route/123407813/cof-of-moss,2,Boulder,V0-1,1,NA,39.6251,-79.79825
123227526,Smells like Cheese,Swiss Cheese Face > Coffee Mug Boulders > Green Acres > Powerline South > Raven Rock Trail Areas > Coopers Rock State Forest > Northern WV > West Virginia,https://www.mountainproject.com/route/123227526/smells-like-cheese,2,Boulder,V1,1,10,39.62502,-79.80032
123319567,I'm Hurting Someone Else,Up is Down > Eldorado > Furnace Road Areas > Coopers Rock State Forest > Northern WV > West Virginia,https://www.mountainproject.com/route/123319567/im-hurting-someone-else,2,Boulder,V1,1,NA,39.65511,-79.80093
123384749,My Dad Trad'ed It,Rich McCrankin Cave > Site 6 Boulders > Rhododendron Campground Boulders > Coopers Rock State Forest > Northern WV > West Virginia,https://www.mountainproject.com/route/123384749/my-dad-traded-it,2,Boulder,V1 PG13,1,NA,39.64144,-79.81365
123467522,Clock Over Here,Lowdown Popcorn Boulder > Short Creek Left > Short Creek Bouldering > Beauty Mountain > New River Gorge Proper > The New River Gorge Region > West Virginia,https://www.mountainproject.com/route/123467522/clock-over-here,2,Boulder,V1,1,12,38.05413,-81.03509
123407828,Brainless Traverse,The Choss Factory > Cracklandia > Powerline South > Raven Rock Trail Areas > Coopers Rock State Forest > Northern WV > West Virginia,https://www.mountainproject.com/route/123407828/brainless-traverse,2,Boulder,V1-2,1,NA,39.6251,-79.79825
123380869,Mimi's Moss Factory,Stream Boulder > Area 3 > Darnell Hollow > University Research Forest > Cheat Canyon > Northern WV > West Virginia,https://www.mountainproject.com/route/123380869/mimis-moss-factory,2,Boulder,V1-2,1,NA,39.69117,-79.80647
123226898,Beech Life,Big Beech Boulder > Green Acres > Powerline South > Raven Rock Trail Areas > Coopers Rock State Forest > Northern WV > West Virginia,https://www.mountainproject.com/route/123226898/beech-life,2,Boulder,V2,1,12,39.62497,-79.80052
123467500,Teardrop,Lowdown Popcorn Boulder > Short Creek Left > Short Creek Bouldering > Beauty Mountain > New River Gorge Proper > The New River Gorge Region > West Virginia,https://www.mountainproject.com/route/123467500/teardrop,3,Boulder,V2,1,12,38.05413,-81.03509
123521017,Sharks Tail,Motorcycle Rocks > Haystack Area > Underlook Trail Boulders > Coopers Rock State Forest > Northern WV > West Virginia,https://www.mountainproject.com/route/123521017/sharks-tail,2,Boulder,V2,1,10,39.6358,-79.81508
123384820,Gotta Be At Least One,Rich McCrankin Cave > Site 6 Boulders > Rhododendron Campground Boulders > Coopers Rock State Forest > Northern WV > West Virginia,https://www.mountainproject.com/route/123384820/gotta-be-at-least-one,2,Boulder,V3,1,NA,39.64144,-79.81365
123467646,I Want to Believe,X-Files Boulder > Short Creek Right > Short Creek Bouldering > Beauty Mountain > New River Gorge Proper > The New River Gorge Region > West Virginia,https://www.mountainproject.com/route/123467646/i-want-to-believe,2,Boulder,V3,1,15,38.05475,-81.03532
123229765,Chicken Surf and Turf,Offwidth Roof > Cracklandia > Powerline South > Raven Rock Trail Areas > Coopers Rock State Forest > Northern WV > West Virginia,https://www.mountainproject.com/route/123229765/chicken-surf-and-turf,2,Boulder,V3-4,1,NA,39.62523,-79.79904
123407791,Choss Factory,The Choss Factory > Cracklandia > Powerline South > Raven Rock Trail Areas > Coopers Rock State Forest > Northern WV > West Virginia,https://www.mountainproject.com/route/123407791/choss-factory,2,Boulder,V3-4,1,NA,39.6251,-79.79825
114227276,Fiddlesticks,Fiddle Rock > Fiddle Area > Tilted Tree > Coopers Rock State Forest > Northern WV > West Virginia,https://www.mountainproject.com/route/114227276/fiddlesticks,2,Boulder,V3-,1,10,39.63378,-79.8061
118642660,Where the Moss Doesn’t Grow (aka Sprinkle Slab),County Line South > County Line Boulders > Park Entrance Areas > Coopers Rock State Forest > Northern WV > West Virginia,https://www.mountainproject.com/route/118642660/where-the-moss-doesnt-grow-aka-sprinkle-slab,2.5,Boulder,V-easy,1,NA,39.64907,-79.78648
117841847,The Butt Bob,The Diamond and The Cave Area > In-Between Area > Coopers Rock State Forest > Northern WV > West Virginia,https://www.mountainproject.com/route/117841847/the-butt-bob,1.8,Boulder,V3,1,NA,39.63499,-79.80994
120942843,Follow the S,Tuggin' Shack > Interp Boulders > New River Gorge Proper > The New River Gorge Region > West Virginia,https://www.mountainproject.com/route/120942843/follow-the-s,2.1,Boulder,V0,1,NA,38.07878,-81.07696
118673125,Unprotected Sex With Multiple Partners,Tier 2 Boulders > Moby Area > Tilted Tree > Coopers Rock State Forest > Northern WV > West Virginia,https://www.mountainproject.com/route/118673125/unprotected-sex-with-multiple-partners,2,Boulder,V1,1,8,39.6339,-79.80704
119641198,Frog's Head,Warmup Boulder > Hawk's Nest Proper > Lower New River Gorge Bouldering > New River Gorge Proper > The New River Gorge Region > West Virginia,https://www.mountainproject.com/route/119641198/frogs-head,2,Boulder,V0+,1,10,38.11861,-81.13187
121859743,Smoke Hole,4 Smoke Hole boulder > Spruce Knob Bouldering > Eastern WV > West Virginia,https://www.mountainproject.com/route/121859743/smoke-hole,2.3,"Boulder, Alpine",V0,1,8,38.69801,-79.53446
121859758,Slab of the Clouds,4 Smoke Hole boulder > Spruce Knob Bouldering > Eastern WV > West Virginia,https://www.mountainproject.com/route/121859758/slab-of-the-clouds,2,"Boulder, Alpine",V0,1,8,38.69801,-79.53446
122748055,Every day I’m shuffling,1 Entrance boulder > Spruce Knob Bouldering > Eastern WV > West Virginia,https://www.mountainproject.com/route/122748055/every-day-im-shuffling,2.3,"Boulder, Alpine",V1,1,15,38.69824,-79.53443
108003718,Crown Crack,D. The Crown > Main Area Bouldering > Bozoo Bouldering > Bozoo > Southern WV > West Virginia,https://www.mountainproject.com/route/108003718/crown-crack,2.2,Boulder,V2,1,NA,37.4776,-80.8672
116810047,Moby's Crack,Moby Boulder > Moby Area > Tilted Tree > Coopers Rock State Forest > Northern WV > West Virginia,https://www.mountainproject.com/route/116810047/mobys-crack,1.9,Boulder,V2,1,10,39.63388,-79.80663
121901644,I Think I Like,02. Mechanical Sensei Boulder > Meadow Top Boulders > Meadow River Gorge > The New River Gorge Region > West Virginia,https://www.mountainproject.com/route/121901644/i-think-i-like,2.5,Boulder,V1,1,NA,38.15277,-80.92832
118978730,Dentu-Grip,Moby Boulder > Moby Area > Tilted Tree > Coopers Rock State Forest > Northern WV > West Virginia,https://www.mountainproject.com/route/118978730/dentu-grip,2.1,Boulder,V3,1,NA,39.63388,-79.80663
121859547,First Look,1 Entrance boulder > Spruce Knob Bouldering > Eastern WV > West Virginia,https://www.mountainproject.com/route/121859547/first-look,2.3,"Boulder, Alpine",V3,1,8,38.69824,-79.53443
120978877,C-section,Labor and Delivery Boulders > Labor and Delivery Area > In-Between Area > Coopers Rock State Forest > Northern WV > West Virginia,https://www.mountainproject.com/route/120978877/c-section,1.8,Boulder,V0,1,NA,39.63454,-79.80871
121859525,Meadow View Arete,1 Entrance boulder > Spruce Knob Bouldering > Eastern WV > West Virginia,https://www.mountainproject.com/route/121859525/meadow-view-arete,2.5,"Boulder, Alpine",V2,1,10,38.69824,-79.53443
121859725,Campfire,2 Highland boulder > Spruce Knob Bouldering > Eastern WV > West Virginia,https://www.mountainproject.com/route/121859725/campfire,2.2,"Boulder, Alpine",V1,1,10,38.69822,-79.53448
123099958,Intervention,The Nut House > Tilted Tree > Coopers Rock State Forest > Northern WV > West Virginia,https://www.mountainproject.com/route/123099958/intervention,2.3,Boulder,V0,1,10,39.63404,-79.80727
121859627,Southwest Arete,1 Entrance boulder > Spruce Knob Bouldering > Eastern WV > West Virginia,https://www.mountainproject.com/route/121859627/southwest-arete,2,"Boulder, Alpine",V1,1,10,38.69824,-79.53443
120349691,Madras,Naked Sun Boulder > Interp Boulders > New River Gorge Proper > The New River Gorge Region > West Virginia,https://www.mountainproject.com/route/120349691/madras,2.2,Boulder,V1,1,NA,38.07881,-81.07714
122532575,Web’s Crack,Corridors > In-Between Area > Coopers Rock State Forest > Northern WV > West Virginia,https://www.mountainproject.com/route/122532575/webs-crack,2,Boulder,V1,1,12,39.63462,-79.80866
123098510,Hallucinations,The Nut House > Tilted Tree > Coopers Rock State Forest > Northern WV > West Virginia,https://www.mountainproject.com/route/123098510/hallucinations,2.3,Boulder,V0,1,14,39.63404,-79.80727
108008699,White Slab,F. Firepole Boulder > Main Area Bouldering > Bozoo Bouldering > Bozoo > Southern WV > West Virginia,https://www.mountainproject.com/route/108008699/white-slab,2,Boulder,V3,1,10,37.4777,-80.8677
123548894,Camper Hand Warmer,Fat Rat Boulders > Furnace Road Areas > Coopers Rock State Forest > Northern WV > West Virginia,https://www.mountainproject.com/route/123548894/camper-hand-warmer,2,Boulder,V-easy,1,NA,39.65046,-79.82148
123649319,Mini-Rampage,Mini Rampage Boulder > Rocky Trail Westside > Main Area > Valley Falls State Park > Northern WV > West Virginia,https://www.mountainproject.com/route/123649319/mini-rampage,2,Boulder,V-easy,1,NA,39.40014,-80.09109
123662847,Full Body Cast,Surgery Boulder > Rocky Trail Westside > Main Area > Valley Falls State Park > Northern WV > West Virginia,https://www.mountainproject.com/route/123662847/full-body-cast,4,Boulder,V-easy,1,NA,39.40034,-80.09103
123767696,Towel Slab,Lost Friction Slab > Darkside West > Darnell Hollow > University Research Forest > Cheat Canyon > Northern WV > West Virginia,https://www.mountainproject.com/route/123767696/towel-slab,3,Boulder,V-easy,1,NA,39.68906,-79.80805
123850484,Pretty Much Hiking,9. Dam Good Boulders > Camp 70 Boulders > Eastern WV > West Virginia,https://www.mountainproject.com/route/123850484/pretty-much-hiking,2,Boulder,V-easy,1,8,39.12863,-79.44951
124327074,Snowman,Chimney Top Boulders > Chimney Top > Eastern WV > West Virginia,https://www.mountainproject.com/route/124327074/snowman,3,Boulder,V-easy,1,10,38.97302,-79.25544
123845673,Hellhole Slab,Hellhole Slab > The Clear Cut > Darnell Hollow > University Research Forest > Cheat Canyon > Northern WV > West Virginia,https://www.mountainproject.com/route/123845673/hellhole-slab,3,"TR, Boulder",5.3 V-easy,1,40,39.68756,-79.79156
124739652,Archer's Rock,Warmup Boulder > Hawk's Nest Proper > Lower New River Gorge Bouldering > New River Gorge Proper > The New River Gorge Region > West Virginia,https://www.mountainproject.com/route/124739652/archers-rock,1.8,Boulder,V-easy,1,NA,38.11861,-81.13187
125501118,Stairway to Easy,Fayette Station Boulders > New River Gorge Proper > The New River Gorge Region > West Virginia,https://www.mountainproject.com/route/125501118/stairway-to-easy,2.3,Boulder,V-easy,1,7,38.068,-81.08255
123764499,Femur Hugs,Darkseid Slab > Darkside East > Darnell Hollow > University Research Forest > Cheat Canyon > Northern WV > West Virginia,https://www.mountainproject.com/route/123764499/femur-hugs,2,Boulder,V-easy,1,NA,39.68885,-79.80313
123548838,Fat Rat Arete,Fat Rat Boulders > Furnace Road Areas > Coopers Rock State Forest > Northern WV > West Virginia,https://www.mountainproject.com/route/123548838/fat-rat-arete,2.5,Boulder,V0-,1,NA,39.65046,-79.82148
123649309,Stuck Treble Hook,Bass Mouth Boulder > Rocky Trail Westside > Main Area > Valley Falls State Park > Northern WV > West Virginia,https://www.mountainproject.com/route/123649309/stuck-treble-hook,3,Boulder,V0-,1,NA,39.40019,-80.09101
126414906,Kittens nap,The Sea > Upper Rock City > Coopers Rock State Forest > Northern WV > West Virginia,https://www.mountainproject.com/route/126414906/kittens-nap,2,Boulder,V0-,1,13,39.63851,-79.81744
201623599,Headbanger,Bonnie and Clyde > Entrance Boulders > Needleseye Boulder Park > The New River Gorge Region > West Virginia,https://www.mountainproject.com/route/201623599/headbanger,2,Boulder,V0-,1,17,37.98188,-81.11464
201985075,I Dig Diction,Crave the Crack > Protractor Area > Site 12 Boulders > Rhododendron Campground Boulders > Coopers Rock State Forest > Northern WV > West Virginia,https://www.mountainproject.com/route/201985075/i-dig-diction,3,Boulder,V0-,1,NA,39.64287,-79.81414
201623641,Headbanger's Nerdy Older Brother,Bonnie and Clyde > Entrance Boulders > Needleseye Boulder Park > The New River Gorge Region > West Virginia,https://www.mountainproject.com/route/201623641/headbangers-nerdy-older-brother,2,Boulder,V0-,1,17,37.98188,-81.11464
202007136,Little Lynn,East Lynn Lake Dam Shelter 3 > East Lynn > Southern WV > West Virginia,https://www.mountainproject.com/route/202007136/little-lynn,2,Boulder,V0,1,8,38.14685,-82.38234
126773085,Hammurabi's Code (V0 Variation),Shadow Boxer Boulder > Good Block Area > Tilted Tree > Coopers Rock State Forest > Northern WV > West Virginia,https://www.mountainproject.com/route/126773085/hammurabis-code-v0-variation,2,Boulder,V0,1,5,39.633,-79.80485
125490206,Getting Randy,Randy Lvs Rachel > Land of the Giants > Entrance Boulders > Needleseye Boulder Park > The New River Gorge Region > West Virginia,https://www.mountainproject.com/route/125490206/getting-randy,2.5,Boulder,V0 PG13,1,17,37.98191,-81.11447
201047147,Right Angle,Block Party Area > Greenbrier Boulders > Furnace Road Areas > Coopers Rock State Forest > Northern WV > West Virginia,https://www.mountainproject.com/route/201047147/right-angle,2,Boulder,V0,1,NA,39.65729,-79.8186
127305863,Stunted Growth,Mustache For a Day > Hawk's Nest Proper > Lower New River Gorge Bouldering > New River Gorge Proper > The New River Gorge Region > West Virginia,https://www.mountainproject.com/route/127305863/stunted-growth,2.5,Boulder,V0,1,NA,38.11802,-81.13158
201046596,Mumakil,Twin Slab > Triangle Boulders > Greenbrier Boulders > Furnace Road Areas > Coopers Rock State Forest > Northern WV > West Virginia,https://www.mountainproject.com/route/201046596/mumakil,2.5,Boulder,V0,1,12,39.65576,-79.81876
201953528,Pocket jugs,Pockets to Edges Boulder > Protractor Area > Site 12 Boulders > Rhododendron Campground Boulders > Coopers Rock State Forest > Northern WV > West Virginia,https://www.mountainproject.com/route/201953528/pocket-jugs,2,Boulder,V0,1,12,39.64288,-79.81413
201953629,Pockets in pockets?,Night Arrow Boulder > Protractor Area > Site 12 Boulders > Rhododendron Campground Boulders > Coopers Rock State Forest > Northern WV > West Virginia,https://www.mountainproject.com/route/201953629/pockets-in-pockets,2,Boulder,V0,1,12,39.64288,-79.81413
201623496,The Split,Dental Block > Entrance Boulders > Needleseye Boulder Park > The New River Gorge Region > West Virginia,https://www.mountainproject.com/route/201623496/the-split,2,Boulder,V0,1,13,37.98151,-81.11694
123704515,Frank’s One Liner,Frank Tank Boulder > Rocky Trail Westside > Main Area > Valley Falls State Park > Northern WV > West Virginia,https://www.mountainproject.com/route/123704515/franks-one-liner,3,Boulder,V0,1,10,39.40048,-80.09125
123704539,Frank’s Punchline,Frank Tank Boulder > Rocky Trail Westside > Main Area > Valley Falls State Park > Northern WV > West Virginia,https://www.mountainproject.com/route/123704539/franks-punchline,2,Boulder,V0,1,10,39.40048,-80.09125
201046307,Had a Bat,Baby Boulders > Greenbrier Boulders > Furnace Road Areas > Coopers Rock State Forest > Northern WV > West Virginia,https://www.mountainproject.com/route/201046307/had-a-bat,2,Boulder,V0,1,8,39.65533,-79.81887
126832544,The Split,Randy Lvs Rachel > Land of the Giants > Entrance Boulders > Needleseye Boulder Park > The New River Gorge Region > West Virginia,https://www.mountainproject.com/route/126832544/the-split,2,Boulder,V0,1,12,37.98191,-81.11447
202052697,Inappropriocity,Scrittle Scuttle > First Area Boulders > Rhododendron Trail Areas > Coopers Rock State Forest > Northern WV > West Virginia,https://www.mountainproject.com/route/202052697/inappropriocity,2,Boulder,V0,1,NA,39.64237,-79.8196
201463154,Strollin DIamonds,Able Boulder > Libor Trail Boulders > Rhododendron Campground Boulders > Coopers Rock State Forest > Northern WV > West Virginia,https://www.mountainproject.com/route/201463154/strollin-diamonds,2,Boulder,V0,1,NA,39.6445,-79.81434
201047178,Smacked Arete,Block Party Area > Greenbrier Boulders > Furnace Road Areas > Coopers Rock State Forest > Northern WV > West Virginia,https://www.mountainproject.com/route/201047178/smacked-arete,3,Boulder,V0,1,12,39.65729,-79.8186
126837187,Omny-Directional Left,Affinity Boulders > Entrance Boulders > Needleseye Boulder Park > The New River Gorge Region > West Virginia,https://www.mountainproject.com/route/126837187/omny-directional-left,2,Boulder,V0,1,12,37.9815,-81.11403
127048280,Thursday,Taper Point Boulder > Cotton Top > Lower New River Gorge Bouldering > New River Gorge Proper > The New River Gorge Region > West Virginia,https://www.mountainproject.com/route/127048280/thursday,2,Boulder,V0,1,NA,38.11579,-81.14159
123794424,Sidetracked,Boxcar Boulder > East Boulders > Valley Falls State Park > Northern WV > West Virginia,https://www.mountainproject.com/route/123794424/sidetracked,2,Boulder,V0,1,10,39.39189,-80.08046
202052656,Obviousity,Scrittle Scuttle > First Area Boulders > Rhododendron Trail Areas > Coopers Rock State Forest > Northern WV > West Virginia,https://www.mountainproject.com/route/202052656/obviousity,2,Boulder,V0,1,NA,39.64237,-79.8196
201046285,Larry The Cat,Baby Boulders > Greenbrier Boulders > Furnace Road Areas > Coopers Rock State Forest > Northern WV > West Virginia,https://www.mountainproject.com/route/201046285/larry-the-cat,2,Boulder,V0,1,NA,39.65533,-79.81887
201871555,Left Hand of Darkness,Gymnastic Fantastic Boulder > Short Creek Right > Short Creek Bouldering > Beauty Mountain > New River Gorge Proper > The New River Gorge Region > West Virginia,https://www.mountainproject.com/route/201871555/left-hand-of-darkness,2,Boulder,V0,1,NA,38.05486,-81.03522
201046621,Lost Boy Slab,Twin Slab > Triangle Boulders > Greenbrier Boulders > Furnace Road Areas > Coopers Rock State Forest > Northern WV > West Virginia,https://www.mountainproject.com/route/201046621/lost-boy-slab,2.5,Boulder,V0,1,12,39.65576,-79.81876
123903167,Geo Squish,Geocachers Wall > Cracklandia > Powerline South > Raven Rock Trail Areas > Coopers Rock State Forest > Northern WV > West Virginia,https://www.mountainproject.com/route/123903167/geo-squish,3,Boulder,V0,1,18,39.62501,-79.79755
124054809,Rusty Red Right,Rusty Red Boulder > Jekyll and Hyde Area > Lower Rock City > Coopers Rock State Forest > Northern WV > West Virginia,https://www.mountainproject.com/route/124054809/rusty-red-right,2,Boulder,V0,1,9,39.64131,-79.82775
201962290,Chosseroni,The Toad Boulder (aka Chunkochoss) > Lower Rock City > Coopers Rock State Forest > Northern WV > West Virginia,https://www.mountainproject.com/route/201962290/chosseroni,2,Boulder,V0,1,9,39.64024,-79.82251
201463148,Strollin Pearls,Able Boulder > Libor Trail Boulders > Rhododendron Campground Boulders > Coopers Rock State Forest > Northern WV > West Virginia,https://www.mountainproject.com/route/201463148/strollin-pearls,2,Boulder,V0,1,NA,39.6445,-79.81434
201463672,Escapade Slab,Escapade Boulder > Libor Trail Boulders > Rhododendron Campground Boulders > Coopers Rock State Forest > Northern WV > West Virginia,https://www.mountainproject.com/route/201463672/escapade-slab,2,Boulder,V0,1,NA,39.64426,-79.814
127305833,Mustache for a Day,Mustache For a Day > Hawk's Nest Proper > Lower New River Gorge Bouldering > New River Gorge Proper > The New River Gorge Region > West Virginia,https://www.mountainproject.com/route/127305833/mustache-for-a-day,3,Boulder,V0,1,NA,38.11802,-81.13158
201046143,Simple Arete,Polinski's Pockets > Greenbrier Boulders > Furnace Road Areas > Coopers Rock State Forest > Northern WV > West Virginia,https://www.mountainproject.com/route/201046143/simple-arete,2,Boulder,V0,1,15,39.65569,-79.81781
201623528,The Flag,Dental Block > Entrance Boulders > Needleseye Boulder Park > The New River Gorge Region > West Virginia,https://www.mountainproject.com/route/201623528/the-flag,2,Boulder,V0,1,13,37.98151,-81.11694
127048391,Percolated Passion,Taper Point Boulder > Cotton Top > Lower New River Gorge Bouldering > New River Gorge Proper > The New River Gorge Region > West Virginia,https://www.mountainproject.com/route/127048391/percolated-passion,2,Boulder,V0,1,NA,38.11579,-81.14159
202337545,Soft in the Paint,Devil's Nose Bouldering > Devil's Nose > Eastern WV > West Virginia,https://www.mountainproject.com/route/202337545/soft-in-the-paint,2,Boulder,V0,1,12,39.60818,-78.11323
124054779,Air Compressor,Garage Boulder > The Garage Area > Entrance Boulder Area > Lower Rock City > Coopers Rock State Forest > Northern WV > West Virginia,https://www.mountainproject.com/route/124054779/air-compressor,2,Boulder,V0,1,9,39.64124,-79.8254
202052206,Slide,E. The Blok > Main Area Bouldering > Bozoo Bouldering > Bozoo > Southern WV > West Virginia,https://www.mountainproject.com/route/202052206/slide,2,Boulder,V0,1,NA,37.4778,-80.8673
124327223,Nail,Chimney Top Boulders > Chimney Top > Eastern WV > West Virginia,https://www.mountainproject.com/route/124327223/nail,2,Boulder,V0,1,15,38.97302,-79.25544
123737925,Charlie's Route,Storm Slab > Upper Tier > Darnell Hollow > University Research Forest > Cheat Canyon > Northern WV > West Virginia,https://www.mountainproject.com/route/123737925/charlies-route,2.5,Boulder,V0,1,NA,39.6919,-79.80227
124364585,Wedgie,The Sassafras Boulder > Greenbrier Boulders > Furnace Road Areas > Coopers Rock State Forest > Northern WV > West Virginia,https://www.mountainproject.com/route/124364585/wedgie,3,Boulder,V0,1,NA,39.65647,-79.81897
201623692,Stern Arete,Stern Arete Boulder > Entrance Boulders > Needleseye Boulder Park > The New River Gorge Region > West Virginia,https://www.mountainproject.com/route/201623692/stern-arete,2,Boulder,V0,1,8,37.98159,-81.11456
201094378,Man-Rat,Trundling Boulder > Sunset Wall Area > Roadside > Coopers Rock State Forest > Northern WV > West Virginia,https://www.mountainproject.com/route/201094378/man-rat,2,Boulder,V0,1,12,39.63444,-79.81091
201046329,And Went Wap,Baby Boulders > Greenbrier Boulders > Furnace Road Areas > Coopers Rock State Forest > Northern WV > West Virginia,https://www.mountainproject.com/route/201046329/and-went-wap,2,Boulder,V0,1,9,39.65533,-79.81887
201045417,Juggy Boi,Pup Trailer > Greenbrier Boulders > Furnace Road Areas > Coopers Rock State Forest > Northern WV > West Virginia,https://www.mountainproject.com/route/201045417/juggy-boi,2,Boulder,V0,1,10,39.65649,-79.81967
201046457,Left Lane Cruisin',Twin Slab > Triangle Boulders > Greenbrier Boulders > Furnace Road Areas > Coopers Rock State Forest > Northern WV > West Virginia,https://www.mountainproject.com/route/201046457/left-lane-cruisin,2,Boulder,V0,1,12,39.65576,-79.81876
202211487,Crossroads,Indiana Boulders > The Wall Boulders > Rhododendron Campground Boulders > Coopers Rock State Forest > Northern WV > West Virginia,https://www.mountainproject.com/route/202211487/crossroads,2,Boulder,V0,1,NA,39.64567,-79.81799
124739671,Birdlands,Warmup Boulder > Hawk's Nest Proper > Lower New River Gorge Bouldering > New River Gorge Proper > The New River Gorge Region > West Virginia,https://www.mountainproject.com/route/124739671/birdlands,2,Boulder,V0,1,NA,38.11861,-81.13187
201046960,Frunderwool,Dihedral Boulder > Greenbrier Boulders > Furnace Road Areas > Coopers Rock State Forest > Northern WV > West Virginia,https://www.mountainproject.com/route/201046960/frunderwool,2,Boulder,V0,1,15,39.65724,-79.81918
201046874,Circuit Slab,Circuit Slab > Greenbrier Boulders > Furnace Road Areas > Coopers Rock State Forest > Northern WV > West Virginia,https://www.mountainproject.com/route/201046874/circuit-slab,2,Boulder,V0,1,NA,39.65616,-79.81901
201090401,Youchers,Future Roof Boulder > First Area Boulders > Rhododendron Trail Areas > Coopers Rock State Forest > Northern WV > West Virginia,https://www.mountainproject.com/route/201090401/youchers,2,Boulder,V0,1,12,39.64215,-79.82036
201047091,Square Up,Block Party Area > Greenbrier Boulders > Furnace Road Areas > Coopers Rock State Forest > Northern WV > West Virginia,https://www.mountainproject.com/route/201047091/square-up,2,Boulder,V0,1,NA,39.65729,-79.8186
126066069,McOaky Knob,Needlenose Boulder > Needlenose Boulder > Entrance Boulders > Needleseye Boulder Park > The New River Gorge Region > West Virginia,https://www.mountainproject.com/route/126066069/mcoaky-knob,2.5,Boulder,V0,1,10,37.98181,-81.11426
126837167,Through the Mantle,Affinity Boulders > Entrance Boulders > Needleseye Boulder Park > The New River Gorge Region > West Virginia,https://www.mountainproject.com/route/126837167/through-the-mantle,3,Boulder,V0,1,12,37.9815,-81.11403
200594466,Crack’n Neptune,Orange Oswald Wall > Summersville Lake (main) > Summersville (Gauley River) Area > The New River Gorge Region > West Virginia,https://www.mountainproject.com/route/200594466/crackn-neptune,2,Boulder,V0,1,9,38.2422,-80.83949
127336335,Boulder G,Boulder G > Hawk's Nest Proper > Lower New River Gorge Bouldering > New River Gorge Proper > The New River Gorge Region > West Virginia,https://www.mountainproject.com/route/127336335/boulder-g,2,Boulder,V0,1,NA,38.11822,-81.13178
201623555,No Cavities,Dental Block > Entrance Boulders > Needleseye Boulder Park > The New River Gorge Region > West Virginia,https://www.mountainproject.com/route/201623555/no-cavities,2,Boulder,V0,1,13,37.98151,-81.11694
201046811,Cwispy Cookies,Cwimpy Bowder > Greenbrier Boulders > Furnace Road Areas > Coopers Rock State Forest > Northern WV > West Virginia,https://www.mountainproject.com/route/201046811/cwispy-cookies,2,Boulder,V0,1,10,39.65619,-79.81945
127336255,Rockstar,Boulder G > Hawk's Nest Proper > Lower New River Gorge Bouldering > New River Gorge Proper > The New River Gorge Region > West Virginia,https://www.mountainproject.com/route/127336255/rockstar,2.3,Boulder,V0,1,NA,38.11822,-81.13178
125570354,McDonalds Chicken Sandwich,Ballard Trail Boulders > Kanawha State Forest > Southern WV > West Virginia,https://www.mountainproject.com/route/125570354/mcdonalds-chicken-sandwich,2,Boulder,V0,1,9,38.26547,-81.66757
125105123,Honestly OK,Dido Boulder > Bunny Boulders > McCollum Campground Boulders > Coopers Rock State Forest > Northern WV > West Virginia,https://www.mountainproject.com/route/125105123/honestly-ok,2,Boulder,V0,1,NA,39.63886,-79.78641
125349738,Skeletal Remains,Skeletal Remains Boulder > Axe Head Area > Rattlesnake Trail Boulders > Coopers Rock State Forest > Northern WV > West Virginia,https://www.mountainproject.com/route/125349738/skeletal-remains,4,Boulder,V0,1,14,39.63939,-79.82182
125414264,Elfin Saddle,Upper Teay's Boulders > New River Gorge Proper > The New River Gorge Region > West Virginia,https://www.mountainproject.com/route/125414264/elfin-saddle,2.7,Boulder,V0,1,NA,38.07855,-81.08154
201045381,Bilt By Peter,Tractor Trailer Boulder > Greenbrier Boulders > Furnace Road Areas > Coopers Rock State Forest > Northern WV > West Virginia,https://www.mountainproject.com/route/201045381/bilt-by-peter,2,Boulder,V0,1,12,39.65596,-79.81936
201046397,Baby's First Slab,Baby's First Slab > Greenbrier Boulders > Furnace Road Areas > Coopers Rock State Forest > Northern WV > West Virginia,https://www.mountainproject.com/route/201046397/babys-first-slab,2,Boulder,V0,1,10,39.65553,-79.81901
125423118,Quest for Fire,Quest for Fire Boulder > Good Block Area > Tilted Tree > Coopers Rock State Forest > Northern WV > West Virginia,https://www.mountainproject.com/route/125423118/quest-for-fire,2,Boulder,V0,1,NA,39.63274,-79.80532
125431476,Shadow Slab,Walrus Rock > Lost Cave Boulders > Valley Falls State Park > Northern WV > West Virginia,https://www.mountainproject.com/route/125431476/shadow-slab,2,Boulder,V0,1,15,39.39696,-80.08649
126414973,Cats Favorite tree,The Sea > Upper Rock City > Coopers Rock State Forest > Northern WV > West Virginia,https://www.mountainproject.com/route/126414973/cats-favorite-tree,3,Boulder,V0,1,13,39.63851,-79.81744
126837127,Off the Couch,Affinity Boulders > Entrance Boulders > Needleseye Boulder Park > The New River Gorge Region > West Virginia,https://www.mountainproject.com/route/126837127/off-the-couch,2.5,Boulder,V0,1,12,37.9815,-81.11403
125464232,The Little Ball,Stegosaurus Boulder > Underlook Trail Boulders > Coopers Rock State Forest > Northern WV > West Virginia,https://www.mountainproject.com/route/125464232/the-little-ball,3,Boulder,V0,1,3,39.63662,-79.81665
200623945,Goblin Slab,Goblin Boulder > Pirate's Cove Boulders > Summersville (Gauley River) Area > The New River Gorge Region > West Virginia,https://www.mountainproject.com/route/200623945/goblin-slab,3.5,Boulder,V0,1,14,38.24189,-80.8481
200594394,Atlantis in my Pantis,Orange Oswald Wall > Summersville Lake (main) > Summersville (Gauley River) Area > The New River Gorge Region > West Virginia,https://www.mountainproject.com/route/200594394/atlantis-in-my-pantis,2,Boulder,V0,1,9,38.2422,-80.83949
202311655,Rubicon,04. I Love Luci! Boulder > Meadow Top Boulders > Meadow River Gorge > The New River Gorge Region > West Virginia,https://www.mountainproject.com/route/202311655/rubicon,2,Boulder,V0,1,NA,38.15326,-80.9301
125763639,Malonely Road,Malone Boulder > Cotton Bottom > Lower New River Gorge Bouldering > New River Gorge Proper > The New River Gorge Region > West Virginia,https://www.mountainproject.com/route/125763639/malonely-road,2,Boulder,V0,1,NA,38.11552,-81.14362
202487618,Tuff Moai,Tilted Tree Corridor > Tilted Tree Area > Tilted Tree > Coopers Rock State Forest > Northern WV > West Virginia,https://www.mountainproject.com/route/202487618/tuff-moai,3,Boulder,V0+ R,1,32,39.63321,-79.80525
126832390,The Flag,Randy Lvs Rachel > Land of the Giants > Entrance Boulders > Needleseye Boulder Park > The New River Gorge Region > West Virginia,https://www.mountainproject.com/route/126832390/the-flag,2,Boulder,V0+,1,12,37.98191,-81.11447
123903185,Geo Smash,Geocachers Wall > Cracklandia > Powerline South > Raven Rock Trail Areas > Coopers Rock State Forest > Northern WV > West Virginia,https://www.mountainproject.com/route/123903185/geo-smash,3,Boulder,V0+,1,18,39.62501,-79.79755
124290097,Intro,Junction Boulders > Short Mountain Wildlife Management Area > Eastern WV > West Virginia,https://www.mountainproject.com/route/124290097/intro,3,Boulder,V0+,1,8,39.20612,-78.66613
123649303,Bass Mouth,Bass Mouth Boulder > Rocky Trail Westside > Main Area > Valley Falls State Park > Northern WV > West Virginia,https://www.mountainproject.com/route/123649303/bass-mouth,4,Boulder,V0-1,1,NA,39.40019,-80.09101
123650605,The Potter,Artist Point Area > Rocky Trail Eastside > Main Area > Valley Falls State Park > Northern WV > West Virginia,https://www.mountainproject.com/route/123650605/the-potter,3,Boulder,V0-1,1,12,39.3998,-80.09024
123662721,Yank Tank,Frank Tank Boulder > Rocky Trail Westside > Main Area > Valley Falls State Park > Northern WV > West Virginia,https://www.mountainproject.com/route/123662721/yank-tank,2,Boulder,V0-1,1,NA,39.40048,-80.09125
123666208,Eye Spike Arete,Eye Spike Boulder > Rocky Trail Westside > Main Area > Valley Falls State Park > Northern WV > West Virginia,https://www.mountainproject.com/route/123666208/eye-spike-arete,2,Boulder,V0-1 PG13,1,NA,39.40037,-80.09154
123732243,Loose Ends,Inside Corner Boulder > Lost Cave Boulders > Valley Falls State Park > Northern WV > West Virginia,https://www.mountainproject.com/route/123732243/loose-ends,4,Boulder,V0-1,1,10,39.39721,-80.08704
202211223,Iron Maw Gawker,Libor Trailside Boulder > Libor Trail Boulders > Rhododendron Campground Boulders > Coopers Rock State Forest > Northern WV > West Virginia,https://www.mountainproject.com/route/202211223/iron-maw-gawker,2,Boulder,V0-1,1,NA,39.64564,-79.81604
126786924,Gritiocracy,Sous Vide Boulder > Limelight Area > Wonderland Ridge > Furnace Road Areas > Coopers Rock State Forest > Northern WV > West Virginia,https://www.mountainproject.com/route/126786924/gritiocracy,2.3,Boulder,V0-1,1,10,39.65322,-79.82885
202337599,Not so Hard in the Paint,Devil's Nose Bouldering > Devil's Nose > Eastern WV > West Virginia,https://www.mountainproject.com/route/202337599/not-so-hard-in-the-paint,2,Boulder,V0-1,1,15,39.60818,-78.11323
124935324,Kanji,Kanji Boulder > The Wall Boulders > Rhododendron Campground Boulders > Coopers Rock State Forest > Northern WV > West Virginia,https://www.mountainproject.com/route/124935324/kanji,3,Boulder,V0-1,1,NA,39.64583,-79.81997
123767570,"It's Up, Then It's Up",Duo Duo Boulders > Darkside West > Darnell Hollow > University Research Forest > Cheat Canyon > Northern WV > West Virginia,https://www.mountainproject.com/route/123767570/its-up-then-its-up,2,Boulder,V0-1,1,NA,39.68924,-79.80681
125835414,Hearts A Mess,Disheveled Boulder > Blaney Hollow > University Research Forest > Cheat Canyon > Northern WV > West Virginia,https://www.mountainproject.com/route/125835414/hearts-a-mess,2,Boulder,V0-1,1,NA,39.70258,-79.79903
124989324,Tiger Cub,Tiger Wall > Polly Trail - Kanawha State Forest > Kanawha State Forest > Southern WV > West Virginia,https://www.mountainproject.com/route/124989324/tiger-cub,2.5,Boulder,V0-1,1,12,38.25744,-81.67625
124432207,Dobbin’s Porch,Dobbin’s House > Blackwater Falls State Park > Eastern WV > West Virginia,https://www.mountainproject.com/route/124432207/dobbins-porch,3,Boulder,V1-,1,12,39.11232,-79.50971
123649792,The Creator,Artist Point Area > Rocky Trail Eastside > Main Area > Valley Falls State Park > Northern WV > West Virginia,https://www.mountainproject.com/route/123649792/the-creator,2,Boulder,V1,1,10,39.3998,-80.09024
116140328,Egyptian Root Canal,08. Egyptian Boulder > Meadow Top Boulders > Meadow River Gorge > The New River Gorge Region > West Virginia,https://www.mountainproject.com/route/116140328/egyptian-root-canal,3.6,Boulder,V5,1,NA,38.15359,-80.93483
105992257,Animal Logic,DC Memorial Boulder > Summersville Lake (main) > Summersville (Gauley River) Area > The New River Gorge Region > West Virginia,https://www.mountainproject.com/route/105992257/animal-logic,2.9,"Sport, Boulder",5.12b V5,1,20,38.24156,-80.84428
116564735,The MacGuffin,10. MacGuffin Boulder > Meadow Top Boulders > Meadow River Gorge > The New River Gorge Region > West Virginia,https://www.mountainproject.com/route/116564735/the-macguffin,3.7,Boulder,V5,1,20,38.15371,-80.93505
117070700,Mechanical Sensei,02. Mechanical Sensei Boulder > Meadow Top Boulders > Meadow River Gorge > The New River Gorge Region > West Virginia,https://www.mountainproject.com/route/117070700/mechanical-sensei,3.1,Boulder,V5,1,10,38.15277,-80.92832
107294439,Leaving Las Fayetteville,Leaving Las Fayetteville Boulder > Hawk's Nest Proper > Lower New River Gorge Bouldering > New River Gorge Proper > The New River Gorge Region > West Virginia,https://www.mountainproject.com/route/107294439/leaving-las-fayetteville,3.1,Boulder,V5,1,NA,38.11762,-81.13159
108578879,Slopers Malone,Malone Boulder > Cotton Bottom > Lower New River Gorge Bouldering > New River Gorge Proper > The New River Gorge Region > West Virginia,https://www.mountainproject.com/route/108578879/slopers-malone,3.4,Boulder,V6-,1,15,38.11552,-81.14362
114232065,"1,2 Punch","1, 2 Punch Boulder > Sunshine Boulders > New River Gorge Proper > The New River Gorge Region > West Virginia",https://www.mountainproject.com/route/114232065/12-punch,3.8,Boulder,V7,1,15,38.0738,-81.08513
112814763,Anti-Elvis,Anti-Elvis Area > Tilted Tree > Coopers Rock State Forest > Northern WV > West Virginia,https://www.mountainproject.com/route/112814763/anti-elvis,3.5,Boulder,V4,1,NA,39.6341,-79.80722
108578268,Slitty Titty Traverse,Slitty Titty Boulder > Cotton Bottom > Lower New River Gorge Bouldering > New River Gorge Proper > The New River Gorge Region > West Virginia,https://www.mountainproject.com/route/108578268/slitty-titty-traverse,3.5,Boulder,V4-5,1,20,38.11576,-81.14353
114232015,Sunshine Arete,Sunshine Boulder > Sunshine Boulders > New River Gorge Proper > The New River Gorge Region > West Virginia,https://www.mountainproject.com/route/114232015/sunshine-arete,3.6,Boulder,V5,1,14,38.0733,-81.08549
107035307,Helicopter,Helicopter Cave > First Set Boulders > Roadside > Coopers Rock State Forest > Northern WV > West Virginia,https://www.mountainproject.com/route/107035307/helicopter,3.4,Boulder,V5,1,NA,39.63599,-79.81281
107041742,Twist Da Hick aka Visitation Direct,Tilted Tree Corridor > Tilted Tree Area > Tilted Tree > Coopers Rock State Forest > Northern WV > West Virginia,https://www.mountainproject.com/route/107041742/twist-da-hick-aka-visitation-direct,3.9,Boulder,V5,1,16,39.63321,-79.80525
106468917,George Washington's Nose,Corrosion Block > Tomb Raider Area > Upper Rock City > Coopers Rock State Forest > Northern WV > West Virginia,https://www.mountainproject.com/route/106468917/george-washingtons-nose,3,Boulder,V5-,1,NA,39.63817,-79.81788
116561803,Oil Sands,12. Friends of Coal Boulder > Meadow Top Boulders > Meadow River Gorge > The New River Gorge Region > West Virginia,https://www.mountainproject.com/route/116561803/oil-sands,3.5,Boulder,V6-7,1,15,38.15439,-80.93714
107495169,Roundhouse,Roundhouse Boulder > Roundhouse Area > Upper Rock City > Coopers Rock State Forest > Northern WV > West Virginia,https://www.mountainproject.com/route/107495169/roundhouse,3.5,Boulder,V5,1,10,39.63772,-79.81797
117070722,There's No I In Illiterate,02. Mechanical Sensei Boulder > Meadow Top Boulders > Meadow River Gorge > The New River Gorge Region > West Virginia,https://www.mountainproject.com/route/117070722/theres-no-i-in-illiterate,3.1,Boulder,V6+,1,10,38.15277,-80.92832
108589301,Mines of Moria,Malone Boulder > Cotton Bottom > Lower New River Gorge Bouldering > New River Gorge Proper > The New River Gorge Region > West Virginia,https://www.mountainproject.com/route/108589301/mines-of-moria,3.1,Boulder,V4,1,NA,38.11552,-81.14362
112794969,Tombstone Arete,Fiddle Rock > Fiddle Area > Tilted Tree > Coopers Rock State Forest > Northern WV > West Virginia,https://www.mountainproject.com/route/112794969/tombstone-arete,3.5,Boulder,V4,1,NA,39.63378,-79.8061
113896793,Johnny Chimpo,Cotton Top > Cotton Hill > New River Gorge Proper > The New River Gorge Region > West Virginia,https://www.mountainproject.com/route/113896793/johnny-chimpo,3.5,Boulder,V5,1,20,38.1151,-81.14094
107035383,Mountaineer's Route (Direct),Tendon Repair Kit Area > Roadside > Coopers Rock State Forest > Northern WV > West Virginia,https://www.mountainproject.com/route/107035383/mountaineers-route-direct,3.9,Boulder,V5,1,NA,39.63561,-79.81205
110806695,Final Fantasy,Final Fantasy Cave > Tilted Tree Area > Tilted Tree > Coopers Rock State Forest > Northern WV > West Virginia,https://www.mountainproject.com/route/110806695/final-fantasy,3.6,Boulder,V7,1,13,39.6332,-79.805
107495224,Benthic Dweller,Ship's Prow > Tomb Raider Area > Upper Rock City > Coopers Rock State Forest > Northern WV > West Virginia,https://www.mountainproject.com/route/107495224/benthic-dweller,3.6,Boulder,V5-6,1,NA,39.63823,-79.81768
112802780,Colorful Corner (aka Stevie Wonder Arête),Romulus and Remus Area > Upper Rock City > Coopers Rock State Forest > Northern WV > West Virginia,https://www.mountainproject.com/route/112802780/colorful-corner-aka-stevie-wonder-arete,3.7,Boulder,V4,1,NA,39.63832,-79.81743
117003331,Bro-ner,04. I Love Luci! Boulder > Meadow Top Boulders > Meadow River Gorge > The New River Gorge Region > West Virginia,https://www.mountainproject.com/route/117003331/bro-ner,2.7,Boulder,V6,1,NA,38.15326,-80.9301
120167853,Road to Emmaus,Rhodo Cave > Rhododendron Trail Areas > Coopers Rock State Forest > Northern WV > West Virginia,https://www.mountainproject.com/route/120167853/road-to-emmaus,3.9,Boulder,V7,1,25,39.64472,-79.82429
107495208,Tomb Raider Roof (stand-start),Tomb Raider > Tomb Raider Area > Upper Rock City > Coopers Rock State Forest > Northern WV > West Virginia,https://www.mountainproject.com/route/107495208/tomb-raider-roof-stand-start,3.9,Boulder,V5,1,NA,39.63807,-79.81754
107035343,Green Block Test Piece,Green Block > First Set Boulders > Roadside > Coopers Rock State Forest > Northern WV > West Virginia,https://www.mountainproject.com/route/107035343/green-block-test-piece,3.5,Boulder,V5,1,NA,39.63559,-79.81244
106536692,Shanklin's Ceiling,G. The Bozoo Roof > Main Area Bouldering > Bozoo Bouldering > Bozoo > Southern WV > West Virginia,https://www.mountainproject.com/route/106536692/shanklins-ceiling,3.9,Boulder,V5,1,15,37.4778,-80.8678
119656369,Loki,07. The Cave > Meadow Top Boulders > Meadow River Gorge > The New River Gorge Region > West Virginia,https://www.mountainproject.com/route/119656369/loki,3.8,Boulder,V5,1,25,38.15368,-80.93441
107035323,Windy Corner,Warm Up Boulder > First Set Boulders > Roadside > Coopers Rock State Forest > Northern WV > West Virginia,https://www.mountainproject.com/route/107035323/windy-corner,2.5,Boulder,V4-,1,NA,39.63593,-79.81293
115172867,Honky,Ronski Feint > Interp Boulders > New River Gorge Proper > The New River Gorge Region > West Virginia,https://www.mountainproject.com/route/115172867/honky,3.6,Boulder,V5,1,NA,38.07878,-81.07696
119696289,Hercules,Demi-God Boulder > 5th Pull Off (School Bus Area) > Darnell Hollow > University Research Forest > Cheat Canyon > Northern WV > West Virginia,https://www.mountainproject.com/route/119696289/hercules,3.9,Boulder,V7,1,10,39.69077,-79.80159
107505026,Electric Avenue,Electric Avenue Boulder > Electric Avenue Area > Tilted Tree > Coopers Rock State Forest > Northern WV > West Virginia,https://www.mountainproject.com/route/107505026/electric-avenue,3.8,Boulder,V4 PG13,1,25,39.63235,-79.80456
116192248,Product of Pressure,The Diamond and The Cave Area > In-Between Area > Coopers Rock State Forest > Northern WV > West Virginia,https://www.mountainproject.com/route/116192248/product-of-pressure,3.9,Boulder,V5+,1,NA,39.63499,-79.80994
107495194,Raiders of the Lost Tomb,Tomb Raider > Tomb Raider Area > Upper Rock City > Coopers Rock State Forest > Northern WV > West Virginia,https://www.mountainproject.com/route/107495194/raiders-of-the-lost-tomb,3.8,Boulder,V5+,1,NA,39.63807,-79.81754
119698543,Achilles,Demi-God Boulder > 5th Pull Off (School Bus Area) > Darnell Hollow > University Research Forest > Cheat Canyon > Northern WV > West Virginia,https://www.mountainproject.com/route/119698543/achilles,3.8,Boulder,V6,1,NA,39.69077,-79.80159
117070742,Powered by Bacon,09. Bacon Corridor > Meadow Top Boulders > Meadow River Gorge > The New River Gorge Region > West Virginia,https://www.mountainproject.com/route/117070742/powered-by-bacon,3.4,Boulder,V4,1,13,38.15371,-80.93504
120795602,Moonstruck (aka Lunacy),Moonchild Boulder > Sunset Wall Area > Roadside > Coopers Rock State Forest > Northern WV > West Virginia,https://www.mountainproject.com/route/120795602/moonstruck-aka-lunacy,3.9,Boulder,V10-,1,NA,39.63494,-79.81085
114279356,Humpy,Mushroom Boulder (Picnic Table) > Upper Rock City > Coopers Rock State Forest > Northern WV > West Virginia,https://www.mountainproject.com/route/114279356/humpy,3.4,Boulder,V4,1,12,39.63972,-79.81768
115964096,Elephant in the Room,Elephant in the Room Boulder > Lower Hawk's Nest > Lower New River Gorge Bouldering > New River Gorge Proper > The New River Gorge Region > West Virginia,https://www.mountainproject.com/route/115964096/elephant-in-the-room,3.5,Boulder,V5-,1,10,38.11669,-81.13185
117003389,Thomas Pinch-Ons,12. Friends of Coal Boulder > Meadow Top Boulders > Meadow River Gorge > The New River Gorge Region > West Virginia,https://www.mountainproject.com/route/117003389/thomas-pinch-ons,3,Boulder,V6-7,1,NA,38.15439,-80.93714
114232093,The Black,Black and White Boulder > Sunshine Boulders > New River Gorge Proper > The New River Gorge Region > West Virginia,https://www.mountainproject.com/route/114232093/the-black,3.8,Boulder,V9,1,16,38.07358,-81.08592
117938212,Geometric Equation,Mellifluous > Fern Point Bouldering > Endless Wall > New River Gorge Proper > The New River Gorge Region > West Virginia,https://www.mountainproject.com/route/117938212/geometric-equation,3.8,Boulder,V8,1,10,38.05534,-81.06356
120192342,The Yoke,Ganja Bloc Aka Moon Board > Darkside East > Darnell Hollow > University Research Forest > Cheat Canyon > Northern WV > West Virginia,https://www.mountainproject.com/route/120192342/the-yoke,4,Boulder,V9,1,15,39.68889,-79.80131
119696186,Blind Faith,Blind Faith Boulder > Darnell Hollow > University Research Forest > Cheat Canyon > Northern WV > West Virginia,https://www.mountainproject.com/route/119696186/blind-faith,4,Boulder,V8,1,12,39.69213,-79.80508
108578251,Bat Cave Traverse,Bat Cave Boulder > Cotton Bottom > Lower New River Gorge Bouldering > New River Gorge Proper > The New River Gorge Region > West Virginia,https://www.mountainproject.com/route/108578251/bat-cave-traverse,3.9,Boulder,V8,1,25,38.11765,-81.14388
106507375,Ape Rage,Ape Rage Boulder > Bozooka Area > Bozoo Bouldering > Bozoo > Southern WV > West Virginia,https://www.mountainproject.com/route/106507375/ape-rage,3.9,Boulder,V5-6,1,12,37.4769,-80.8646
120849607,Corsair,03. Corsair Boulder > Meadow Top Boulders > Meadow River Gorge > The New River Gorge Region > West Virginia,https://www.mountainproject.com/route/120849607/corsair,3.4,Boulder,V4,1,7,38.15325,-80.93077
116218257,Octagon Control,Fayette Station Boulders > New River Gorge Proper > The New River Gorge Region > West Virginia,https://www.mountainproject.com/route/116218257/octagon-control,3.6,Boulder,V10,1,10,38.068,-81.08255
112352282,F-5,Fern Creek Boulders > New River Gorge Proper > The New River Gorge Region > West Virginia,https://www.mountainproject.com/route/112352282/f-5,4,Boulder,V10,1,10,38.06019,-81.06851
121904274,Road to Nowhere,Road to Nowhere Corridor > Road to Nowhere area > Woodshed Boulders > Coopers Rock State Forest > Northern WV > West Virginia,https://www.mountainproject.com/route/121904274/road-to-nowhere,3.6,Boulder,V8-9,1,10,39.62904,-79.79188
122395513,Above the Coffin,The Diamond and The Cave Area > In-Between Area > Coopers Rock State Forest > Northern WV > West Virginia,https://www.mountainproject.com/route/122395513/above-the-coffin,3.9,Boulder,V8,1,15,39.63499,-79.80994
123123958,Kingbird Highway,Bird Watcher Boulders > First Area Boulders > Rhododendron Trail Areas > Coopers Rock State Forest > Northern WV > West Virginia,https://www.mountainproject.com/route/123123958/kingbird-highway,4,Boulder,V7,1,12,39.64273,-79.82041
114232102,The White,Black and White Boulder > Sunshine Boulders > New River Gorge Proper > The New River Gorge Region > West Virginia,https://www.mountainproject.com/route/114232102/the-white,3.7,Boulder,V7 PG13,1,15,38.07358,-81.08592
110536407,Souvenir,Souvenir Roof Boulder > Interp Boulders > New River Gorge Proper > The New River Gorge Region > West Virginia,https://www.mountainproject.com/route/110536407/souvenir,4,Boulder,V6,1,35,38.0788,-81.07699
114251090,Coral,Coral Boulder > Coral Area > Tilted Tree > Coopers Rock State Forest > Northern WV > West Virginia,https://www.mountainproject.com/route/114251090/coral,3.8,Boulder,V8,1,NA,39.63325,-79.80646
120456143,Diesel Power,Tractor Trailer Boulder > Greenbrier Boulders > Furnace Road Areas > Coopers Rock State Forest > Northern WV > West Virginia,https://www.mountainproject.com/route/120456143/diesel-power,3.8,Boulder,V8,1,NA,39.65596,-79.81936
107495199,Tomb Raider Roof (sit-start),Tomb Raider > Tomb Raider Area > Upper Rock City > Coopers Rock State Forest > Northern WV > West Virginia,https://www.mountainproject.com/route/107495199/tomb-raider-roof-sit-start,3.4,Boulder,V7,1,15,39.63807,-79.81754
119899684,Iron Pig,Pig Iron Boulder > Furnace Trail Boulders > Furnace Road Areas > Coopers Rock State Forest > Northern WV > West Virginia,https://www.mountainproject.com/route/119899684/iron-pig,3.5,Boulder,V7,1,NA,39.65123,-79.82384
113328732,The Question Mark,First Wall Right > First Wall > Tilted Tree > Coopers Rock State Forest > Northern WV > West Virginia,https://www.mountainproject.com/route/113328732/the-question-mark,3.8,Boulder,V5+,1,15,39.63359,-79.80548
121528799,Gundercling,Gundercling Boulder > Casey Jones > Lower New River Gorge Bouldering > New River Gorge Proper > The New River Gorge Region > West Virginia,https://www.mountainproject.com/route/121528799/gundercling,3.7,Boulder,V4,1,15,38.11359,-81.14357
106588708,Roadside Euphoria,Roadisde Euphoria Boulder > Roadside > Entryway Boulders > Bozoo Bouldering > Bozoo > Southern WV > West Virginia,https://www.mountainproject.com/route/106588708/roadside-euphoria,3.9,Boulder,V6,1,12,37.4733,-80.8574
120456019,Rare Delicacy,Pup Trailer > Greenbrier Boulders > Furnace Road Areas > Coopers Rock State Forest > Northern WV > West Virginia,https://www.mountainproject.com/route/120456019/rare-delicacy,3.8,Boulder,V5,1,NA,39.65649,-79.81967
120243525,Yahtzee,Dice Boulders > 1st pull off > Darnell Hollow > University Research Forest > Cheat Canyon > Northern WV > West Virginia,https://www.mountainproject.com/route/120243525/yahtzee,3.4,Boulder,V4,1,NA,39.69248,-79.81151
115172854,Mad Hatter,Ronski Feint > Interp Boulders > New River Gorge Proper > The New River Gorge Region > West Virginia,https://www.mountainproject.com/route/115172854/mad-hatter,3.6,Boulder,V6,1,NA,38.07878,-81.07696
107041792,Bulge,Tilted Tree Corridor > Tilted Tree Area > Tilted Tree > Coopers Rock State Forest > Northern WV > West Virginia,https://www.mountainproject.com/route/107041792/bulge,3.7,Boulder,V5+,1,NA,39.63321,-79.80525
120248371,Mr. Gnomerson,Gnome Boulder > 5th Pull Off (School Bus Area) > Darnell Hollow > University Research Forest > Cheat Canyon > Northern WV > West Virginia,https://www.mountainproject.com/route/120248371/mr-gnomerson,3.9,Boulder,V8,1,10,39.69069,-79.80237
112497542,Crash and Burn,Wave Rider Boulder > Fiddle Area > Tilted Tree > Coopers Rock State Forest > Northern WV > West Virginia,https://www.mountainproject.com/route/112497542/crash-and-burn,3.2,Boulder,V5,1,15,39.63361,-79.80602
118693384,Brain Storm,County Line South > County Line Boulders > Park Entrance Areas > Coopers Rock State Forest > Northern WV > West Virginia,https://www.mountainproject.com/route/118693384/brain-storm,3.8,Boulder,V7,1,NA,39.64907,-79.78648
115172880,Ronski Feint,Ronski Feint > Interp Boulders > New River Gorge Proper > The New River Gorge Region > West Virginia,https://www.mountainproject.com/route/115172880/ronski-feint,3.8,Boulder,V7,1,NA,38.07878,-81.07696
118865712,High Roller,The Hilton Boulder > First Bell Boulders > Snake Hill Wildlife Management Area > Cheat Canyon > Northern WV > West Virginia,https://www.mountainproject.com/route/118865712/high-roller,3.8,Boulder,V6,1,NA,39.62721,-79.83871
123183601,Power of Light,West Block > Road Blocks (Route 73) > Park Entrance Areas > Coopers Rock State Forest > Northern WV > West Virginia,https://www.mountainproject.com/route/123183601/power-of-light,4,Boulder,V6-7,1,12,39.66102,-79.80546
114210934,Light Rays,Light Rays Boulder > Short Creek Right > Short Creek Bouldering > Beauty Mountain > New River Gorge Proper > The New River Gorge Region > West Virginia,https://www.mountainproject.com/route/114210934/light-rays,3.8,Boulder,V8,1,NA,38.05496,-81.03566
119428736,Final Fantasy Extension,Final Fantasy Cave > Tilted Tree Area > Tilted Tree > Coopers Rock State Forest > Northern WV > West Virginia,https://www.mountainproject.com/route/119428736/final-fantasy-extension,4,Boulder,V7-8,1,NA,39.6332,-79.805
119824686,Sea Snake,Tsunami Block > Tsunami Area > Tilted Tree > Coopers Rock State Forest > Northern WV > West Virginia,https://www.mountainproject.com/route/119824686/sea-snake,4,Boulder,V4,1,13,39.63259,-79.80673
123174812,Writhe,Writhe Boulder > First Area Boulders > Rhododendron Trail Areas > Coopers Rock State Forest > Northern WV > West Virginia,https://www.mountainproject.com/route/123174812/writhe,3.7,Boulder,V6,1,NA,39.64224,-79.82029
122652944,Not Created Equal,Main Area > Rocky Ridge Trail > Dolly Sods Region > Eastern WV > West Virginia,https://www.mountainproject.com/route/122652944/not-created-equal,4,Boulder,V8 PG13,1,15,39.06885,-79.36525
122532311,The Archer,The Archer Boulder > In-Between Area > Coopers Rock State Forest > Northern WV > West Virginia,https://www.mountainproject.com/route/122532311/the-archer,4,Boulder,V4,1,10,39.63434,-79.80964
119899537,Unplugged,Kurt Cobain Memorial Wall > Furnace Trail Boulders > Furnace Road Areas > Coopers Rock State Forest > Northern WV > West Virginia,https://www.mountainproject.com/route/119899537/unplugged,3.3,Boulder,V5,1,NA,39.65046,-79.82321
119698468,False Blood,False Blood > 5th Pull Off (School Bus Area) > Darnell Hollow > University Research Forest > Cheat Canyon > Northern WV > West Virginia,https://www.mountainproject.com/route/119698468/false-blood,3.6,Boulder,V7,1,NA,39.69062,-79.80171
106652169,Sloper Madness,Sloper Madness Boulder > BoulderCliff Area > Entryway Boulders > Bozoo Bouldering > Bozoo > Southern WV > West Virginia,https://www.mountainproject.com/route/106652169/sloper-madness,4,Boulder,V4-5,1,8,37.4744,-80.8588
122976410,Father’s Pride,Future Roof Boulder > First Area Boulders > Rhododendron Trail Areas > Coopers Rock State Forest > Northern WV > West Virginia,https://www.mountainproject.com/route/122976410/fathers-pride,3.9,Boulder,V6,1,12,39.64215,-79.82036
106692461,Sloper Proj Left Arete,Sloper Proj Boulder > Sloper Project Area > Powerline Boulders > Bozoo Bouldering > Bozoo > Southern WV > West Virginia,https://www.mountainproject.com/route/106692461/sloper-proj-left-arete,4,Boulder,V4,1,10,37.4749,-80.8602
120456459,Pickled Sassafras,The Sassafras Boulder > Greenbrier Boulders > Furnace Road Areas > Coopers Rock State Forest > Northern WV > West Virginia,https://www.mountainproject.com/route/120456459/pickled-sassafras,3.8,Boulder,V4,1,NA,39.65647,-79.81897
119786374,Sunset Arete,Sunset Boulder > 5th Pull Off (School Bus Area) > Darnell Hollow > University Research Forest > Cheat Canyon > Northern WV > West Virginia,https://www.mountainproject.com/route/119786374/sunset-arete,3.8,Boulder,V5,1,NA,39.6907,-79.80241
119925522,Pinch of Sand,12. Friends of Coal Boulder > Meadow Top Boulders > Meadow River Gorge > The New River Gorge Region > West Virginia,https://www.mountainproject.com/route/119925522/pinch-of-sand,3.6,Boulder,V9,1,25,38.15439,-80.93714
120177067,Tables Turned,Rhodo Cave > Rhododendron Trail Areas > Coopers Rock State Forest > Northern WV > West Virginia,https://www.mountainproject.com/route/120177067/tables-turned,3.5,Boulder,V10,1,15,39.64472,-79.82429
121552484,Cumulonimbus,Popcorn Boulder > Jekyll and Hyde Area > Lower Rock City > Coopers Rock State Forest > Northern WV > West Virginia,https://www.mountainproject.com/route/121552484/cumulonimbus,4,Boulder,V6-7,1,30,39.64166,-79.82783
120401705,The Cheat Cannon,Lower Skittles Boulders > Snake Hill Wildlife Management Area > Cheat Canyon > Northern WV > West Virginia,https://www.mountainproject.com/route/120401705/the-cheat-cannon,4,Boulder,V6,1,12,39.63357,-79.83734
121939293,Dark Horse,Hueco Wall > Central Area Boulders > Needleseye Boulder Park > The New River Gorge Region > West Virginia,https://www.mountainproject.com/route/121939293/dark-horse,3.4,Boulder,V4-5,1,NA,37.98146,-81.11761
119899396,Aneurysm,The Grunge Boulder > Furnace Trail Boulders > Furnace Road Areas > Coopers Rock State Forest > Northern WV > West Virginia,https://www.mountainproject.com/route/119899396/aneurysm,4,Boulder,V7,1,14,39.6504,-79.82319
119246248,Morphosaurus Rex,Main Area > Rocky Ridge Trail > Dolly Sods Region > Eastern WV > West Virginia,https://www.mountainproject.com/route/119246248/morphosaurus-rex,4,Boulder,V6,1,10,39.06885,-79.36525
114121818,Half Moon Tilt,Man On The Moon Boulder > Cotton Top > Lower New River Gorge Bouldering > New River Gorge Proper > The New River Gorge Region > West Virginia,https://www.mountainproject.com/route/114121818/half-moon-tilt,4,Boulder,V8+,1,14,38.11546,-81.14229
119776950,Benthic Dweller into A Touch of Tango,Ship's Prow > Tomb Raider Area > Upper Rock City > Coopers Rock State Forest > Northern WV > West Virginia,https://www.mountainproject.com/route/119776950/benthic-dweller-into-a-touch-of-tango,4,Boulder,V6,1,30,39.63823,-79.81768
118831372,Tsunami Right,Tsunami Block > Tsunami Area > Tilted Tree > Coopers Rock State Forest > Northern WV > West Virginia,https://www.mountainproject.com/route/118831372/tsunami-right,3.7,Boulder,V9,1,13,39.63259,-79.80673
122395578,Disco Superfly,The Diamond and The Cave Area > In-Between Area > Coopers Rock State Forest > Northern WV > West Virginia,https://www.mountainproject.com/route/122395578/disco-superfly,3.5,Boulder,V6,1,12,39.63499,-79.80994
120795723,Sandstorm,Roof Rocks > Furnace Road Areas > Coopers Rock State Forest > Northern WV > West Virginia,https://www.mountainproject.com/route/120795723/sandstorm,3.5,Boulder,V9-10,1,NA,39.65119,-79.81717
114210924,Vámanos,Vámanos Boulder > Short Creek Right > Short Creek Bouldering > Beauty Mountain > New River Gorge Proper > The New River Gorge Region > West Virginia,https://www.mountainproject.com/route/114210924/vamanos,3.2,Boulder,V6,1,NA,38.05496,-81.03566
119899377,Outshined,The Grunge Boulder > Furnace Trail Boulders > Furnace Road Areas > Coopers Rock State Forest > Northern WV > West Virginia,https://www.mountainproject.com/route/119899377/outshined,3.7,Boulder,V5,1,NA,39.6504,-79.82319
119721667,Herculean Traverse,Demi-God Boulder > 5th Pull Off (School Bus Area) > Darnell Hollow > University Research Forest > Cheat Canyon > Northern WV > West Virginia,https://www.mountainproject.com/route/119721667/herculean-traverse,4,Boulder,V8-,1,NA,39.69077,-79.80159
118847950,Karate Kid Direct,Karate Kid Boulder > Junction Boulders > Snake Hill Wildlife Management Area > Cheat Canyon > Northern WV > West Virginia,https://www.mountainproject.com/route/118847950/karate-kid-direct,4,Boulder,V6-7,1,10,39.62307,-79.83492
119899442,Black Hole Sun,The Grunge Boulder > Furnace Trail Boulders > Furnace Road Areas > Coopers Rock State Forest > Northern WV > West Virginia,https://www.mountainproject.com/route/119899442/black-hole-sun,4,Boulder,V6,1,NA,39.6504,-79.82319
118705544,I May Have Peed A Little When I Looked Down,The Diamond and The Cave Area > In-Between Area > Coopers Rock State Forest > Northern WV > West Virginia,https://www.mountainproject.com/route/118705544/i-may-have-peed-a-little-when-i-looked-down,4,Boulder,5.11c/d V4 R,1,30,39.63499,-79.80994
119698193,A Light Less Broken,Arete Boulder > 5th Pull Off (School Bus Area) > Darnell Hollow > University Research Forest > Cheat Canyon > Northern WV > West Virginia,https://www.mountainproject.com/route/119698193/a-light-less-broken,3.9,Boulder,V7,1,NA,39.69078,-79.8016
119977206,Blood in the Water,Shark Tooth > 5th Pull Off (School Bus Area) > Darnell Hollow > University Research Forest > Cheat Canyon > Northern WV > West Virginia,https://www.mountainproject.com/route/119977206/blood-in-the-water,4,Boulder,V7,1,NA,39.69066,-79.8022
121904283,Red Cloud,Red Cloud Area > Woodshed Boulders > Coopers Rock State Forest > Northern WV > West Virginia,https://www.mountainproject.com/route/121904283/red-cloud,4,Boulder,V6,1,10,39.62883,-79.79188
119722619,Pallas,Giant's Slab Boulder > 5th Pull Off (School Bus Area) > Darnell Hollow > University Research Forest > Cheat Canyon > Northern WV > West Virginia,https://www.mountainproject.com/route/119722619/pallas,3,Boulder,V6,1,NA,39.69077,-79.80159
119977042,Quint’s Revenge,Shark Tooth > 5th Pull Off (School Bus Area) > Darnell Hollow > University Research Forest > Cheat Canyon > Northern WV > West Virginia,https://www.mountainproject.com/route/119977042/quints-revenge,3.3,Boulder,V6,1,NA,39.69066,-79.8022
120455753,Hip Check,Block Party Area > Greenbrier Boulders > Furnace Road Areas > Coopers Rock State Forest > Northern WV > West Virginia,https://www.mountainproject.com/route/120455753/hip-check,3.5,Boulder,V5,1,NA,39.65729,-79.8186
120434744,"Scream, Aim, Fire",Lower Skittles Boulders > Snake Hill Wildlife Management Area > Cheat Canyon > Northern WV > West Virginia,https://www.mountainproject.com/route/120434744/scream-aim-fire,4,Boulder,V8,1,12,39.63357,-79.83734
120455517,De-Forestation,Dihedral Boulder > Greenbrier Boulders > Furnace Road Areas > Coopers Rock State Forest > Northern WV > West Virginia,https://www.mountainproject.com/route/120455517/de-forestation,3.8,Boulder,V5,1,NA,39.65724,-79.81918
119705965,Tree Five,Step Roof > Deer Skull Boulders > University Research Forest > Cheat Canyon > Northern WV > West Virginia,https://www.mountainproject.com/route/119705965/tree-five,3.8,Boulder,V5+,1,NA,39.66329,-79.81778
122998028,Dead Flowers,Chestnut Tree Boulder > First Area Boulders > Rhododendron Trail Areas > Coopers Rock State Forest > Northern WV > West Virginia,https://www.mountainproject.com/route/122998028/dead-flowers,3.7,Boulder,V4,1,12,39.64162,-79.81945
122998053,Functionally Extinct,Chestnut Tree Boulder > First Area Boulders > Rhododendron Trail Areas > Coopers Rock State Forest > Northern WV > West Virginia,https://www.mountainproject.com/route/122998053/functionally-extinct,4,Boulder,V4,1,14,39.64162,-79.81945
122988640,Entrechat,Entrechat Boulder > Underlook Trail Boulders > Coopers Rock State Forest > Northern WV > West Virginia,https://www.mountainproject.com/route/122988640/entrechat,4,Boulder,V4,1,NA,39.63693,-79.81666
108069529,Sloper Fools,G:Alligator Skin Boulder > Downstream Boulderfield > Bozoo Bouldering > Bozoo > Southern WV > West Virginia,https://www.mountainproject.com/route/108069529/sloper-fools,4,Boulder,V4,1,30,37.48388,-80.87508
122606420,Highpoint Roof,Highpoint Area > Bear Rocks Preserve > Dolly Sods Region > Eastern WV > West Virginia,https://www.mountainproject.com/route/122606420/highpoint-roof,4,"Boulder, Alpine",V4,1,12,39.06776,-79.29873
107966368,Bozooka,The Bozooka Boulder > Bozooka Area > Bozoo Bouldering > Bozoo > Southern WV > West Virginia,https://www.mountainproject.com/route/107966368/bozooka,4,Boulder,V11,1,12,37.4769,-80.8646
108711633,The Mystery Problem,B: Mystery Boulder > Downstream Boulderfield > Bozoo Bouldering > Bozoo > Southern WV > West Virginia,https://www.mountainproject.com/route/108711633/the-mystery-problem,4,Boulder,V7,1,NA,37.48209,-80.87394
107968814,G. Mental Mantle,H. EDucator Boulder > Main Area Bouldering > Bozoo Bouldering > Bozoo > Southern WV > West Virginia,https://www.mountainproject.com/route/107968814/g-mental-mantle,4,Boulder,V6,1,12,37.4782,-80.8675
107966225,Forbidden Fruit,J: 45 Deg Wall > J: Highlander Area > Main Area Bouldering > Bozoo Bouldering > Bozoo > Southern WV > West Virginia,https://www.mountainproject.com/route/107966225/forbidden-fruit,4,Boulder,V6,1,NA,37.478,-80.8667
106590726,Hermit Cave,C3: Hermit's Cave > C: Talus Area > Downstream Boulderfield > Bozoo Bouldering > Bozoo > Southern WV > West Virginia,https://www.mountainproject.com/route/106590726/hermit-cave,4,Boulder,V6,1,10,37.48376,-80.87402
123271658,Road Rage (sit),East Block > Road Blocks (Route 73) > Park Entrance Areas > Coopers Rock State Forest > Northern WV > West Virginia,https://www.mountainproject.com/route/123271658/road-rage-sit,4,Boulder,V6,1,14,39.66111,-79.8051
123271725,Powerline Arete,West Block > Road Blocks (Route 73) > Park Entrance Areas > Coopers Rock State Forest > Northern WV > West Virginia,https://www.mountainproject.com/route/123271725/powerline-arete,4,Boulder,V6,1,14,39.66102,-79.80546
111847816,Ali Bubba,Ali Bubba Cave > Short Creek Bouldering > Beauty Mountain > New River Gorge Proper > The New River Gorge Region > West Virginia,https://www.mountainproject.com/route/111847816/ali-bubba,3.6,Boulder,V9,1,NA,38.05628,-81.03456
122378328,Brain Fog,The Grunge Boulder > Furnace Trail Boulders > Furnace Road Areas > Coopers Rock State Forest > Northern WV > West Virginia,https://www.mountainproject.com/route/122378328/brain-fog,2.7,Boulder,V9,1,15,39.6504,-79.82319
119899421,Down in a Hole,The Grunge Boulder > Furnace Trail Boulders > Furnace Road Areas > Coopers Rock State Forest > Northern WV > West Virginia,https://www.mountainproject.com/route/119899421/down-in-a-hole,3.3,Boulder,V6,1,NA,39.6504,-79.82319
120330821,Master Of Manipulation,Mellifluous > Fern Point Bouldering > Endless Wall > New River Gorge Proper > The New River Gorge Region > West Virginia,https://www.mountainproject.com/route/120330821/master-of-manipulation,4,Boulder,V10,1,20,38.05534,-81.06356
120455830,Block Party,Block Party Area > Greenbrier Boulders > Furnace Road Areas > Coopers Rock State Forest > Northern WV > West Virginia,https://www.mountainproject.com/route/120455830/block-party,3.7,Boulder,V5,1,NA,39.65729,-79.8186
121670408,Angel Eye,Angel Eye Cave > Entrance Boulders > Needleseye Boulder Park > The New River Gorge Region > West Virginia,https://www.mountainproject.com/route/121670408/angel-eye,4,Boulder,V13 PG13,1,NA,37.98128,-81.1177
121670536,Father Figure,Angel Eye Cave > Entrance Boulders > Needleseye Boulder Park > The New River Gorge Region > West Virginia,https://www.mountainproject.com/route/121670536/father-figure,4,Boulder,V10,1,NA,37.98128,-81.1177
122197993,Midnight Lights,Light Rays Boulder > Short Creek Right > Short Creek Bouldering > Beauty Mountain > New River Gorge Proper > The New River Gorge Region > West Virginia,https://www.mountainproject.com/route/122197993/midnight-lights,2.5,Boulder,V9-,1,15,38.05496,-81.03566
119964800,The Icebox,The Sea > Upper Rock City > Coopers Rock State Forest > Northern WV > West Virginia,https://www.mountainproject.com/route/119964800/the-icebox,3.8,Boulder,V7,1,20,39.63851,-79.81744
120328127,Meth Lab Genie,Ali Bubba Cave > Short Creek Bouldering > Beauty Mountain > New River Gorge Proper > The New River Gorge Region > West Virginia,https://www.mountainproject.com/route/120328127/meth-lab-genie,3.3,Boulder,V10-11,1,15,38.05628,-81.03456
118813572,The Beginning AND The End,Final Fantasy Cave > Tilted Tree Area > Tilted Tree > Coopers Rock State Forest > Northern WV > West Virginia,https://www.mountainproject.com/route/118813572/the-beginning-and-the-end,4,Boulder,V9-10,1,35,39.6332,-79.805
117729976,Xanax,10. MacGuffin Boulder > Meadow Top Boulders > Meadow River Gorge > The New River Gorge Region > West Virginia,https://www.mountainproject.com/route/117729976/xanax,2.7,Boulder,V6,1,10,38.15371,-80.93505
120177027,Arete Project,Rhodo Cave > Rhododendron Trail Areas > Coopers Rock State Forest > Northern WV > West Virginia,https://www.mountainproject.com/route/120177027/arete-project,3.5,Boulder,V10,1,20,39.64472,-79.82429
120167827,Road to Golgotha,Rhodo Cave > Rhododendron Trail Areas > Coopers Rock State Forest > Northern WV > West Virginia,https://www.mountainproject.com/route/120167827/road-to-golgotha,4,Boulder,V8,1,20,39.64472,-79.82429
122458857,Modern Prometheus,The Diamond and The Cave Area > In-Between Area > Coopers Rock State Forest > Northern WV > West Virginia,https://www.mountainproject.com/route/122458857/modern-prometheus,3,Boulder,V10,1,18,39.63499,-79.80994
121671978,New Bae,Angel Eye Cave > Entrance Boulders > Needleseye Boulder Park > The New River Gorge Region > West Virginia,https://www.mountainproject.com/route/121671978/new-bae,4,Boulder,V9 PG13,1,NA,37.98128,-81.1177
122901719,Summer Rain,Rhodo Cave > Rhododendron Trail Areas > Coopers Rock State Forest > Northern WV > West Virginia,https://www.mountainproject.com/route/122901719/summer-rain,3.7,Boulder,V7,1,14,39.64472,-79.82429
119964974,Neature Walk,The Cranny > Entrance Boulders > Upper Rock City > Coopers Rock State Forest > Northern WV > West Virginia,https://www.mountainproject.com/route/119964974/neature-walk,4,Boulder,V9 PG13,1,16,39.63824,-79.81714
121574829,The Mother of All Slabs (It Comes and It Goes),Mother of All Slabs > Tilted Tree > Coopers Rock State Forest > Northern WV > West Virginia,https://www.mountainproject.com/route/121574829/the-mother-of-all-slabs-it-comes-and-it-goes,3.7,Boulder,V9 R,1,30,39.63343,-79.80576
121370058,Fleeing While No One Pursues,Final Fantasy Cave > Tilted Tree Area > Tilted Tree > Coopers Rock State Forest > Northern WV > West Virginia,https://www.mountainproject.com/route/121370058/fleeing-while-no-one-pursues,4,Boulder,V6-7,1,13,39.6332,-79.805
118150173,Man on the Moon,Man On The Moon Boulder > Cotton Top > Lower New River Gorge Bouldering > New River Gorge Proper > The New River Gorge Region > West Virginia,https://www.mountainproject.com/route/118150173/man-on-the-moon,4,Boulder,V10,1,25,38.11546,-81.14229
123055451,Power Stroke,Tractor Trailer Boulder > Greenbrier Boulders > Furnace Road Areas > Coopers Rock State Forest > Northern WV > West Virginia,https://www.mountainproject.com/route/123055451/power-stroke,3.7,Boulder,V11,1,NA,39.65596,-79.81936
120713310,Sandtrap Project,Roof Rocks > Furnace Road Areas > Coopers Rock State Forest > Northern WV > West Virginia,https://www.mountainproject.com/route/120713310/sandtrap-project,4,Boulder,V10+,1,NA,39.65119,-79.81717
118813597,Alpha and Omega,Final Fantasy Cave > Tilted Tree Area > Tilted Tree > Coopers Rock State Forest > Northern WV > West Virginia,https://www.mountainproject.com/route/118813597/alpha-and-omega,4,Boulder,V9,1,35,39.6332,-79.805
117114637,The Prize of Agony,“The Prize” Sector > Cheat Canyon Wildlife Management Area > Cheat Canyon > Northern WV > West Virginia,https://www.mountainproject.com/route/117114637/the-prize-of-agony,4,Boulder,V11,1,18,39.51394,-79.65676
114210891,Water Equation,Water Equation Boulder > Short Creek Right > Short Creek Bouldering > Beauty Mountain > New River Gorge Proper > The New River Gorge Region > West Virginia,https://www.mountainproject.com/route/114210891/water-equation,3.9,Boulder,V6 PG13,1,NA,38.05496,-81.03566
122508446,Rattlesnake Shake,Rattlesnake Shake Boulder > Roundhouse Area > Upper Rock City > Coopers Rock State Forest > Northern WV > West Virginia,https://www.mountainproject.com/route/122508446/rattlesnake-shake,4,Boulder,V4,1,12,39.63797,-79.81855
120046395,Hitchhiking (aka The Disguise),Tendon Repair Kit Area > Roadside > Coopers Rock State Forest > Northern WV > West Virginia,https://www.mountainproject.com/route/120046395/hitchhiking-aka-the-disguise,3,Boulder,V7,1,NA,39.63561,-79.81205
118833618,Karate Kid,Karate Kid Boulder > Junction Boulders > Snake Hill Wildlife Management Area > Cheat Canyon > Northern WV > West Virginia,https://www.mountainproject.com/route/118833618/karate-kid,4,Boulder,V8,1,NA,39.62307,-79.83492
119026042,The Punisher,Bowling Ball Boulder (Gym Face) > Coral Area > Tilted Tree > Coopers Rock State Forest > Northern WV > West Virginia,https://www.mountainproject.com/route/119026042/the-punisher,3.5,Boulder,V6,1,NA,39.63305,-79.80666
122530589,Frothing Walrus,The Diamond and The Cave Area > In-Between Area > Coopers Rock State Forest > Northern WV > West Virginia,https://www.mountainproject.com/route/122530589/frothing-walrus,2.8,Boulder,V8,1,NA,39.63499,-79.80994
117114877,l’anniversaire (project),“The Prize” Sector > Cheat Canyon Wildlife Management Area > Cheat Canyon > Northern WV > West Virginia,https://www.mountainproject.com/route/117114877/lanniversaire-project,4,Boulder,V10,1,NA,39.51394,-79.65676
120123690,Bone-saw Timebomb,Mother of All Slabs > Tilted Tree > Coopers Rock State Forest > Northern WV > West Virginia,https://www.mountainproject.com/route/120123690/bone-saw-timebomb,3.7,Boulder,V8,1,13,39.63343,-79.80576
120192425,Atlas Rise,Ganja Bloc Aka Moon Board > Darkside East > Darnell Hollow > University Research Forest > Cheat Canyon > Northern WV > West Virginia,https://www.mountainproject.com/route/120192425/atlas-rise,3.5,Boulder,V7,1,15,39.68889,-79.80131
122388029,Live in a Hole,The Grunge Boulder > Furnace Trail Boulders > Furnace Road Areas > Coopers Rock State Forest > Northern WV > West Virginia,https://www.mountainproject.com/route/122388029/live-in-a-hole,4,Boulder,V6,1,15,39.6504,-79.82319
120192463,Knee Pads are Cheating,Ganja Bloc Aka Moon Board > Darkside East > Darnell Hollow > University Research Forest > Cheat Canyon > Northern WV > West Virginia,https://www.mountainproject.com/route/120192463/knee-pads-are-cheating,2.5,Boulder,V7-8,1,12,39.68889,-79.80131
119899364,Man in the Box (sit),The Grunge Boulder > Furnace Trail Boulders > Furnace Road Areas > Coopers Rock State Forest > Northern WV > West Virginia,https://www.mountainproject.com/route/119899364/man-in-the-box-sit,3,Boulder,V8-9,1,NA,39.6504,-79.82319
120168316,I Dream of the Ocean,I Dream of the Ocean Area > Rhododendron Trail Areas > Coopers Rock State Forest > Northern WV > West Virginia,https://www.mountainproject.com/route/120168316/i-dream-of-the-ocean,4,Boulder,V8-,1,20,39.64508,-79.82252
117114716,Right arete project,“The Prize” Sector > Cheat Canyon Wildlife Management Area > Cheat Canyon > Northern WV > West Virginia,https://www.mountainproject.com/route/117114716/right-arete-project,4,Boulder,V11+,1,15,39.51394,-79.65676
120713519,Resolution Solution,Roof Rocks > Furnace Road Areas > Coopers Rock State Forest > Northern WV > West Virginia,https://www.mountainproject.com/route/120713519/resolution-solution,4,Boulder,V6,1,NA,39.65119,-79.81717
120460897,Stars Like Dust,Mother of All Slabs > Tilted Tree > Coopers Rock State Forest > Northern WV > West Virginia,https://www.mountainproject.com/route/120460897/stars-like-dust,3.8,Boulder,V7,1,17,39.63343,-79.80576
120221521,The Bends Extension,Roadside Boulder > Big Wheeling Creek Boulders > Northern Panhandle > Northern WV > West Virginia,https://www.mountainproject.com/route/120221521/the-bends-extension,4,Boulder,V7,1,10,39.98089,-80.61672
123098556,Delusional,The Nut House > Tilted Tree > Coopers Rock State Forest > Northern WV > West Virginia,https://www.mountainproject.com/route/123098556/delusional,3.5,Boulder,V7,1,12,39.63404,-79.80727
119684773,Yoshimi,7. The Cut (South) > Camp 70 Boulders > Eastern WV > West Virginia,https://www.mountainproject.com/route/119684773/yoshimi,4,Boulder,V10,1,18,39.13654,-79.43695
119612220,Tango in the Night,The Cranny > Entrance Boulders > Upper Rock City > Coopers Rock State Forest > Northern WV > West Virginia,https://www.mountainproject.com/route/119612220/tango-in-the-night,3.7,Boulder,V6-7,1,14,39.63824,-79.81714
119495352,Max's Donut Shop,7. The Cut (South) > Camp 70 Boulders > Eastern WV > West Virginia,https://www.mountainproject.com/route/119495352/maxs-donut-shop,3.5,Boulder,V6,1,10,39.13654,-79.43695
119486183,Please Stand Up (SDS),8. The Cut (North) > Camp 70 Boulders > Eastern WV > West Virginia,https://www.mountainproject.com/route/119486183/please-stand-up-sds,4,Boulder,V7,1,12,39.137,-79.43637
117118775,Nothing to Endure,Sector 1 > Cheat Canyon Wildlife Management Area > Cheat Canyon > Northern WV > West Virginia,https://www.mountainproject.com/route/117118775/nothing-to-endure,4,Boulder,V7,1,NA,39.51329,-79.65458
123221565,Is it organic?,Fern Creek Boulders > New River Gorge Proper > The New River Gorge Region > West Virginia,https://www.mountainproject.com/route/123221565/is-it-organic,2.8,Boulder,V7,1,NA,38.06019,-81.06851
121970481,Sic Rig,Neon Judas Boulder > Meadow Top Boulders > Meadow River Gorge > The New River Gorge Region > West Virginia,https://www.mountainproject.com/route/121970481/sic-rig,3.3,Boulder,V5,1,NA,38.15443,-80.93717
120221497,The Bends,Roadside Boulder > Big Wheeling Creek Boulders > Northern Panhandle > Northern WV > West Virginia,https://www.mountainproject.com/route/120221497/the-bends,4,Boulder,V4,1,10,39.98089,-80.61672
119486389,Fountain of Youth,8. The Cut (North) > Camp 70 Boulders > Eastern WV > West Virginia,https://www.mountainproject.com/route/119486389/fountain-of-youth,4,Boulder,V4,1,12,39.137,-79.43637
121867629,Walls of Jericho,Creekside Boulder > Deer Skull Boulders > University Research Forest > Cheat Canyon > Northern WV > West Virginia,https://www.mountainproject.com/route/121867629/walls-of-jericho,4,Boulder,V6,1,14,39.66244,-79.81873
121786549,Cartoon Sized Hammer,Pendleton Point > Blackwater Falls State Park > Eastern WV > West Virginia,https://www.mountainproject.com/route/121786549/cartoon-sized-hammer,4,Boulder,V6,1,15,39.11168,-79.49149
119684804,Sashimi Arete (Direct),7. The Cut (South) > Camp 70 Boulders > Eastern WV > West Virginia,https://www.mountainproject.com/route/119684804/sashimi-arete-direct,4,Boulder,V7,1,18,39.13654,-79.43695
119698354,Micro Bus Traverse,Micro Bus Boulder > 5th Pull Off (School Bus Area) > Darnell Hollow > University Research Forest > Cheat Canyon > Northern WV > West Virginia,https://www.mountainproject.com/route/119698354/micro-bus-traverse,4,Boulder,V7,1,NA,39.69062,-79.80168
119690826,Kartik's Arete,7. The Cut (South) > Camp 70 Boulders > Eastern WV > West Virginia,https://www.mountainproject.com/route/119690826/kartiks-arete,2,Boulder,V4,1,NA,39.13654,-79.43695
120242982,Yowmigoochie,Yowmigoochie Boulder > 5th Pull Off (School Bus Area) > Darnell Hollow > University Research Forest > Cheat Canyon > Northern WV > West Virginia,https://www.mountainproject.com/route/120242982/yowmigoochie,4,Boulder,V5,1,NA,39.69071,-79.80082
120221582,Cannibal,Roadside Boulder > Big Wheeling Creek Boulders > Northern Panhandle > Northern WV > West Virginia,https://www.mountainproject.com/route/120221582/cannibal,4,Boulder,V5,1,10,39.98089,-80.61672
123210214,Pitched Midnight,Game Trail Slab Boulder > Green Acres > Powerline South > Raven Rock Trail Areas > Coopers Rock State Forest > Northern WV > West Virginia,https://www.mountainproject.com/route/123210214/pitched-midnight,4,Boulder,V4,1,12,39.62553,-79.80088
123183651,Hubcap Hustle,West Block > Road Blocks (Route 73) > Park Entrance Areas > Coopers Rock State Forest > Northern WV > West Virginia,https://www.mountainproject.com/route/123183651/hubcap-hustle,4,Boulder,V5,1,10,39.66102,-79.80546
118834292,In This Trying Time,The Sunny Egg Boulder > Junction Boulders > Snake Hill Wildlife Management Area > Cheat Canyon > Northern WV > West Virginia,https://www.mountainproject.com/route/118834292/in-this-trying-time,3,Boulder,V4-5,1,NA,39.623,-79.83491
122512438,Wild and Wonderful,Creekside Boulders > McCollum Campground Boulders > Coopers Rock State Forest > Northern WV > West Virginia,https://www.mountainproject.com/route/122512438/wild-and-wonderful,4,Boulder,V5,1,12,39.63561,-79.79172
121786313,Big House Extension,Pendleton Point > Blackwater Falls State Park > Eastern WV > West Virginia,https://www.mountainproject.com/route/121786313/big-house-extension,4,Boulder,V6,1,15,39.11168,-79.49149
122119321,Damysus,Giant's Slab Boulder > 5th Pull Off (School Bus Area) > Darnell Hollow > University Research Forest > Cheat Canyon > Northern WV > West Virginia,https://www.mountainproject.com/route/122119321/damysus,2,Boulder,V7,1,NA,39.69077,-79.80159
120434847,American Chestnut,Skittle Top Boulders > Snake Hill Wildlife Management Area > Cheat Canyon > Northern WV > West Virginia,https://www.mountainproject.com/route/120434847/american-chestnut,4,Boulder,V7,1,15,39.63165,-79.83813
119899604,Duroc,Pig Iron Boulder > Furnace Trail Boulders > Furnace Road Areas > Coopers Rock State Forest > Northern WV > West Virginia,https://www.mountainproject.com/route/119899604/duroc,3,Boulder,V4,1,NA,39.65123,-79.82384
117118757,Flood Stage,Sector 1 > Cheat Canyon Wildlife Management Area > Cheat Canyon > Northern WV > West Virginia,https://www.mountainproject.com/route/117118757/flood-stage,4,Boulder,V7,1,15,39.51329,-79.65458
122531707,Rebel Yell,Rebel Yell Boulder > Lightning and Thunder Area > Woodshed Boulders > Coopers Rock State Forest > Northern WV > West Virginia,https://www.mountainproject.com/route/122531707/rebel-yell,4,Boulder,V4,1,12,39.62901,-79.7918
122530482,Lightning Arete,Lightning Boulder > Lightning and Thunder Area > Woodshed Boulders > Coopers Rock State Forest > Northern WV > West Virginia,https://www.mountainproject.com/route/122530482/lightning-arete,4,Boulder,V5,1,NA,39.62899,-79.79175
123115624,Creepy Uncle Richard,Block Party Area > Greenbrier Boulders > Furnace Road Areas > Coopers Rock State Forest > Northern WV > West Virginia,https://www.mountainproject.com/route/123115624/creepy-uncle-richard,4,Boulder,V6-7,1,NA,39.65729,-79.8186
119698576,Tear It Up,Tears and Tears Boulder > 5th Pull Off (School Bus Area) > Darnell Hollow > University Research Forest > Cheat Canyon > Northern WV > West Virginia,https://www.mountainproject.com/route/119698576/tear-it-up,4,Boulder,V4-5,1,NA,39.69087,-79.80138
120455197,Sitting Pretty (left),Caterpillar Boulder > Greenbrier Boulders > Furnace Road Areas > Coopers Rock State Forest > Northern WV > West Virginia,https://www.mountainproject.com/route/120455197/sitting-pretty-left,3.4,Boulder,V4,1,14,39.65644,-79.82022
122998628,Groveling Atlas,The Sea > Upper Rock City > Coopers Rock State Forest > Northern WV > West Virginia,https://www.mountainproject.com/route/122998628/groveling-atlas,4,Boulder,V4,1,NA,39.63851,-79.81744
120455329,Second Life,Second Life Boulder > Greenbrier Boulders > Furnace Road Areas > Coopers Rock State Forest > Northern WV > West Virginia,https://www.mountainproject.com/route/120455329/second-life,4,Boulder,V5,1,NA,39.65666,-79.82023
122512766,Wheaties,Breakfast Boulders > McCollum Campground Boulders > Coopers Rock State Forest > Northern WV > West Virginia,https://www.mountainproject.com/route/122512766/wheaties,4,Boulder,V4,1,8,39.63827,-79.79028
122530455,Thunder Arete,Thunder boulder > Lightning and Thunder Area > Woodshed Boulders > Coopers Rock State Forest > Northern WV > West Virginia,https://www.mountainproject.com/route/122530455/thunder-arete,3,Boulder,V6 PG13,1,14,39.629,-79.79171
120607265,Brontes (sit start),Giant's Slab Boulder > 5th Pull Off (School Bus Area) > Darnell Hollow > University Research Forest > Cheat Canyon > Northern WV > West Virginia,https://www.mountainproject.com/route/120607265/brontes-sit-start,3,Boulder,V6,1,NA,39.69077,-79.80159
120455246,Sitting Pretty (right),Caterpillar Boulder > Greenbrier Boulders > Furnace Road Areas > Coopers Rock State Forest > Northern WV > West Virginia,https://www.mountainproject.com/route/120455246/sitting-pretty-right,2.5,Boulder,V4,1,NA,39.65644,-79.82022
122709998,Nail City Express,South Wheeling Wall > Northern Panhandle > Northern WV > West Virginia,https://www.mountainproject.com/route/122709998/nail-city-express,4,Boulder,V5,1,225,40.06252,-80.72522
122513720,Fountain of Youth,Secret Spring Boulders > McCollum Campground Boulders > Coopers Rock State Forest > Northern WV > West Virginia,https://www.mountainproject.com/route/122513720/fountain-of-youth,4,Boulder,V4,1,10,39.63748,-79.79039
123209275,Target Practice,Target Practice Boulders > Green Acres > Powerline South > Raven Rock Trail Areas > Coopers Rock State Forest > Northern WV > West Virginia,https://www.mountainproject.com/route/123209275/target-practice,4,Boulder,V6,1,10,39.62681,-79.80075
123115677,Spasmic Seismic Slap,Thunder boulder > Lightning and Thunder Area > Woodshed Boulders > Coopers Rock State Forest > Northern WV > West Virginia,https://www.mountainproject.com/route/123115677/spasmic-seismic-slap,4,Boulder,V7,1,NA,39.629,-79.79171
122998995,Winter Morning Arete,The Sea > Upper Rock City > Coopers Rock State Forest > Northern WV > West Virginia,https://www.mountainproject.com/route/122998995/winter-morning-arete,4,Boulder,V4-5 R,1,NA,39.63851,-79.81744
122646422,White Lightning,Rohrbaugh Trail Boulders and Cliffs > Dolly Sods Region > Eastern WV > West Virginia,https://www.mountainproject.com/route/122646422/white-lightning,4,Boulder,V5+,1,14,38.98778,-79.35345
106758401,Chameleon,E: Multi-Dihedral Boulder > Downstream Boulderfield > Bozoo Bouldering > Bozoo > Southern WV > West Virginia,https://www.mountainproject.com/route/106758401/chameleon,4,Boulder,V8,1,15,37.4839,-80.8747
122998662,Bread (aka Ball Joint Fractured),The Sea > Upper Rock City > Coopers Rock State Forest > Northern WV > West Virginia,https://www.mountainproject.com/route/122998662/bread-aka-ball-joint-fractured,4,Boulder,V4,1,NA,39.63851,-79.81744
122727580,Sarasaland,5. The Daisy Cave > Laurel Trail Boulders > Tomlinson Run State Park > Northern Panhandle > Northern WV > West Virginia,https://www.mountainproject.com/route/122727580/sarasaland,4,Boulder,V6,1,10,40.54721,-80.60521
122607640,Fo'in Skri'ul,Trailside Boulder > Rocky Ridge Trail > Dolly Sods Region > Eastern WV > West Virginia,https://www.mountainproject.com/route/122607640/foin-skriul,3,Boulder,V6,1,18,39.06971,-79.36541
122727382,Here Lies Ray Weber (project),1. The Choss Garden > Laurel Trail Boulders > Tomlinson Run State Park > Northern Panhandle > Northern WV > West Virginia,https://www.mountainproject.com/route/122727382/here-lies-ray-weber-project,4,Boulder,V10,1,20,40.54511,-80.6004
122633058,Crevice Project,2. Stigmaria Boulders > Camp 70 Boulders > Eastern WV > West Virginia,https://www.mountainproject.com/route/122633058/crevice-project,4,Boulder,V7+,1,15,39.12299,-79.4326
122646552,Walking on Clouds,Rohrbaugh Trail Boulders and Cliffs > Dolly Sods Region > Eastern WV > West Virginia,https://www.mountainproject.com/route/122646552/walking-on-clouds,4,Boulder,V4,1,14,38.98778,-79.35345
122720717,Smells Like Choss,1. The Choss Garden > Laurel Trail Boulders > Tomlinson Run State Park > Northern Panhandle > Northern WV > West Virginia,https://www.mountainproject.com/route/122720717/smells-like-choss,4,Boulder,V4,1,20,40.54511,-80.6004
107968808,Pinball Wizard,F. Firepole Boulder > Main Area Bouldering > Bozoo Bouldering > Bozoo > Southern WV > West Virginia,https://www.mountainproject.com/route/107968808/pinball-wizard,4,Boulder,V5 PG13,1,25,37.4777,-80.8677
107968848,Flinger,Flinger Boulder > Flinger Area > Bozoo Bouldering > Bozoo > Southern WV > West Virginia,https://www.mountainproject.com/route/107968848/flinger,4,Boulder,V8,1,15,37.4811,-80.8712
122633089,Saralcc Pit (right),2. Stigmaria Boulders > Camp 70 Boulders > Eastern WV > West Virginia,https://www.mountainproject.com/route/122633089/saralcc-pit-right,4,Boulder,V4,1,12,39.12299,-79.4326
108814306,Fruit Loops,J: 45 Deg Wall > J: Highlander Area > Main Area Bouldering > Bozoo Bouldering > Bozoo > Southern WV > West Virginia,https://www.mountainproject.com/route/108814306/fruit-loops,4,Boulder,V8,1,30,37.478,-80.8667
108856187,Zion Traverse,J: Zion Boulder > Zion > Bozoo Bouldering > Bozoo > Southern WV > West Virginia,https://www.mountainproject.com/route/108856187/zion-traverse,4,Boulder,V6,1,15,37.48375,-80.87442
107966294,The Flame,B. Hershey Boulder > Main Area Bouldering > Bozoo Bouldering > Bozoo > Southern WV > West Virginia,https://www.mountainproject.com/route/107966294/the-flame,4,Boulder,V7 R,1,25,37.4776,-80.8673
108890049,Nose Candy,Nose Candy Boulder > Stoned Hinge > Bozoo Bouldering > Bozoo > Southern WV > West Virginia,https://www.mountainproject.com/route/108890049/nose-candy,4,Boulder,V7,1,NA,37.49488,-80.87206
107988209,Flotation,H: Flow Boulder > Downstream Boulderfield > Bozoo Bouldering > Bozoo > Southern WV > West Virginia,https://www.mountainproject.com/route/107988209/flotation,4,Boulder,V5,1,14,37.48369,-80.8757
116218277,The Frenchman,Fayette Station Boulders > New River Gorge Proper > The New River Gorge Region > West Virginia,https://www.mountainproject.com/route/116218277/the-frenchman,3.7,Boulder,V8,1,15,38.068,-81.08255
123319379,Beg For You,Eldorado Roofs > Eldorado > Furnace Road Areas > Coopers Rock State Forest > Northern WV > West Virginia,https://www.mountainproject.com/route/123319379/beg-for-you,4,Boulder,V4-5,1,NA,39.65525,-79.80079
123338648,Casey Jones,Casey Jones Boulder > Casey Jones > Lower New River Gorge Bouldering > New River Gorge Proper > The New River Gorge Region > West Virginia,https://www.mountainproject.com/route/123338648/casey-jones,4,Boulder,V5-,1,NA,38.11356,-81.14335
123229517,Moon of Foul Magics,Game Trail Slab Boulder > Green Acres > Powerline South > Raven Rock Trail Areas > Coopers Rock State Forest > Northern WV > West Virginia,https://www.mountainproject.com/route/123229517/moon-of-foul-magics,4,Boulder,V5-6,1,NA,39.62553,-79.80088
123229595,Giant's Gift,Giant's Slab Area > Green Acres > Powerline South > Raven Rock Trail Areas > Coopers Rock State Forest > Northern WV > West Virginia,https://www.mountainproject.com/route/123229595/giants-gift,4,Boulder,V6-7 R,1,30,39.62553,-79.80104
123380878,Failed Expedition,Stream Boulder > Area 3 > Darnell Hollow > University Research Forest > Cheat Canyon > Northern WV > West Virginia,https://www.mountainproject.com/route/123380878/failed-expedition,3,Boulder,V7,1,NA,39.69117,-79.80647
123319402,I'm About to Crash,Eldorado Roofs > Eldorado > Furnace Road Areas > Coopers Rock State Forest > Northern WV > West Virginia,https://www.mountainproject.com/route/123319402/im-about-to-crash,4,Boulder,V7-8,1,NA,39.65525,-79.80079
123352311,Sleep to Dream,Shadow Boxer Boulder > Good Block Area > Tilted Tree > Coopers Rock State Forest > Northern WV > West Virginia,https://www.mountainproject.com/route/123352311/sleep-to-dream,2.5,Boulder,V10-,1,NA,39.633,-79.80485
116203300,Shadow Boxer,Shadow Boxer Boulder > Good Block Area > Tilted Tree > Coopers Rock State Forest > Northern WV > West Virginia,https://www.mountainproject.com/route/116203300/shadow-boxer,3.5,Boulder,V6,1,NA,39.633,-79.80485
107035311,Bizzaro,Bizzaro Boulder > First Set Boulders > Roadside > Coopers Rock State Forest > Northern WV > West Virginia,https://www.mountainproject.com/route/107035311/bizzaro,3.7,Boulder,V6,1,NA,39.63597,-79.81293
107294383,White Eyebrow,White Eyebrow Boulder > Hawk's Nest Proper > Lower New River Gorge Bouldering > New River Gorge Proper > The New River Gorge Region > West Virginia,https://www.mountainproject.com/route/107294383/white-eyebrow,3.6,Boulder,V7,1,NA,38.11781,-81.13181
120167986,Like Drops of Blood,Rhodo Cave > Rhododendron Trail Areas > Coopers Rock State Forest > Northern WV > West Virginia,https://www.mountainproject.com/route/120167986/like-drops-of-blood,3.8,Boulder,V10-11,1,25,39.64472,-79.82429
118642839,Brainstew,County Line South > County Line Boulders > Park Entrance Areas > Coopers Rock State Forest > Northern WV > West Virginia,https://www.mountainproject.com/route/118642839/brainstew,3.6,Boulder,V5,1,NA,39.64907,-79.78648
116218267,Way of the Gun,Fayette Station Boulders > New River Gorge Proper > The New River Gorge Region > West Virginia,https://www.mountainproject.com/route/116218267/way-of-the-gun,3.4,Boulder,V4,1,15,38.068,-81.08255
115172943,The Moe,Moe Boulder > Moe Area > Interp Boulders > New River Gorge Proper > The New River Gorge Region > West Virginia,https://www.mountainproject.com/route/115172943/the-moe,3.3,Boulder,V6,1,NA,38.07878,-81.07696
120183543,Flower Moon,Sector 1 > Cheat Canyon Wildlife Management Area > Cheat Canyon > Northern WV > West Virginia,https://www.mountainproject.com/route/120183543/flower-moon,3.7,Boulder,V4,1,12,39.51329,-79.65458
108575503,Wild Bill's Boulder | 5503,Wild Bill's Boulder > Bridge Boulders > Bridge Area > New River Gorge Proper > The New River Gorge Region > West Virginia,https://www.mountainproject.com/route/108575503/wild-bills-boulder-5503,3.8,Boulder,V5+,1,NA,38.07138,-81.07971
120081696,James Gnomerson,Gnome Boulder > 5th Pull Off (School Bus Area) > Darnell Hollow > University Research Forest > Cheat Canyon > Northern WV > West Virginia,https://www.mountainproject.com/route/120081696/james-gnomerson,3.7,Boulder,V7,1,NA,39.69069,-79.80237
123115126,Conquistador of the useless,Eldorado Roofs > Eldorado > Furnace Road Areas > Coopers Rock State Forest > Northern WV > West Virginia,https://www.mountainproject.com/route/123115126/conquistador-of-the-useless,3.2,Boulder,V6,1,15,39.65525,-79.80079
118642872,Brain Traverse,County Line South > County Line Boulders > Park Entrance Areas > Coopers Rock State Forest > Northern WV > West Virginia,https://www.mountainproject.com/route/118642872/brain-traverse,3.5,Boulder,V4,1,NA,39.64907,-79.78648
121003875,Lost My Keys,10. MacGuffin Boulder > Meadow Top Boulders > Meadow River Gorge > The New River Gorge Region > West Virginia,https://www.mountainproject.com/route/121003875/lost-my-keys,3.1,Boulder,V6 PG13,1,17,38.15371,-80.93505
113896798,Incident,Cotton Top > Cotton Hill > New River Gorge Proper > The New River Gorge Region > West Virginia,https://www.mountainproject.com/route/113896798/incident,3,Boulder,V7-,1,15,38.1151,-81.14094
106531074,D. The Pocket Problem,A: Pocket Boulder > Main Area Bouldering > Bozoo Bouldering > Bozoo > Southern WV > West Virginia,https://www.mountainproject.com/route/106531074/d-the-pocket-problem,3.2,Boulder,V4,1,8,37.4776,-80.8664
122430051,Moonshine,Moonchild Boulder > Sunset Wall Area > Roadside > Coopers Rock State Forest > Northern WV > West Virginia,https://www.mountainproject.com/route/122430051/moonshine,3.4,Boulder,V5,1,10,39.63494,-79.81085
117114733,Helgramite,“The Prize” Sector > Cheat Canyon Wildlife Management Area > Cheat Canyon > Northern WV > West Virginia,https://www.mountainproject.com/route/117114733/helgramite,3.6,Boulder,V5-6,1,NA,39.51394,-79.65676
116209644,Stick With It,Fiddle Rock > Fiddle Area > Tilted Tree > Coopers Rock State Forest > Northern WV > West Virginia,https://www.mountainproject.com/route/116209644/stick-with-it,3.2,Boulder,V5,1,NA,39.63378,-79.8061
118813621,The Beginning of the End,Final Fantasy Cave > Tilted Tree Area > Tilted Tree > Coopers Rock State Forest > Northern WV > West Virginia,https://www.mountainproject.com/route/118813621/the-beginning-of-the-end,3.7,Boulder,V9,1,30,39.6332,-79.805
123115852,Anaphylactic Arete,Eldorado Roofs > Eldorado > Furnace Road Areas > Coopers Rock State Forest > Northern WV > West Virginia,https://www.mountainproject.com/route/123115852/anaphylactic-arete,3.4,Boulder,V7,1,20,39.65525,-79.80079
111847847,Bubba Hotep,Ali Bubba Cave > Short Creek Bouldering > Beauty Mountain > New River Gorge Proper > The New River Gorge Region > West Virginia,https://www.mountainproject.com/route/111847847/bubba-hotep,3.4,Boulder,V10,1,NA,38.05628,-81.03456
115172753,False Start,Souvenir Roof Boulder > Interp Boulders > New River Gorge Proper > The New River Gorge Region > West Virginia,https://www.mountainproject.com/route/115172753/false-start,3.4,Boulder,V8,1,NA,38.0788,-81.07699
120073864,Porphyrion,Giant's Slab Boulder > 5th Pull Off (School Bus Area) > Darnell Hollow > University Research Forest > Cheat Canyon > Northern WV > West Virginia,https://www.mountainproject.com/route/120073864/porphyrion,3.3,Boulder,V6,1,NA,39.69077,-79.80159
117118809,Quote the Raven,Sector 1 > Cheat Canyon Wildlife Management Area > Cheat Canyon > Northern WV > West Virginia,https://www.mountainproject.com/route/117118809/quote-the-raven,3.5,Boulder,V8,1,NA,39.51329,-79.65458
118705951,Bowsprit,Bowsprit Boulders > McCollum Campground Boulders > Coopers Rock State Forest > Northern WV > West Virginia,https://www.mountainproject.com/route/118705951/bowsprit,3.7,Boulder,V5,1,12,39.64043,-79.7916
122966609,Get the Wood Out,P-Hole Boulder > Underlook Trail Boulders > Coopers Rock State Forest > Northern WV > West Virginia,https://www.mountainproject.com/route/122966609/get-the-wood-out,3.4,Boulder,V6,1,12,39.63684,-79.81682
120243226,Campfire Roof,Waiting Room/ Campfire > Darkside East > Darnell Hollow > University Research Forest > Cheat Canyon > Northern WV > West Virginia,https://www.mountainproject.com/route/120243226/campfire-roof,3.4,Boulder,V5,1,NA,39.69033,-79.8016
122996655,Ballad of the Chestnut Tree,Chestnut Tree Boulder > First Area Boulders > Rhododendron Trail Areas > Coopers Rock State Forest > Northern WV > West Virginia,https://www.mountainproject.com/route/122996655/ballad-of-the-chestnut-tree,3.5,Boulder,V4,1,12,39.64162,-79.81945
123090987,Jaws,Motorcycle Rocks > Haystack Area > Underlook Trail Boulders > Coopers Rock State Forest > Northern WV > West Virginia,https://www.mountainproject.com/route/123090987/jaws,3.3,Boulder,V6,1,10,39.6358,-79.81508
117118801,Striking Distance (Stand),Sector 1 > Cheat Canyon Wildlife Management Area > Cheat Canyon > Northern WV > West Virginia,https://www.mountainproject.com/route/117118801/striking-distance-stand,3.7,Boulder,V4-5,1,NA,39.51329,-79.65458
107035387,Mountaineer's Route (original),Tendon Repair Kit Area > Roadside > Coopers Rock State Forest > Northern WV > West Virginia,https://www.mountainproject.com/route/107035387/mountaineers-route-original,3.8,Boulder,V5+,1,NA,39.63561,-79.81205
106607844,Gator Skin Left,G:Alligator Skin Boulder > Downstream Boulderfield > Bozoo Bouldering > Bozoo > Southern WV > West Virginia,https://www.mountainproject.com/route/106607844/gator-skin-left,3.7,Boulder,V4+,1,17,37.48388,-80.87508
119698805,Brontes,Giant's Slab Boulder > 5th Pull Off (School Bus Area) > Darnell Hollow > University Research Forest > Cheat Canyon > Northern WV > West Virginia,https://www.mountainproject.com/route/119698805/brontes,3.6,Boulder,V5,1,NA,39.69077,-79.80159
113931684,Was That a Boob?,Breast Arête Boulder > Hawk's Nest Proper > Lower New River Gorge Bouldering > New River Gorge Proper > The New River Gorge Region > West Virginia,https://www.mountainproject.com/route/113931684/was-that-a-boob,3,Boulder,V6,1,10,38.11816,-81.13164
120167899,Damascus Road,Rhodo Cave > Rhododendron Trail Areas > Coopers Rock State Forest > Northern WV > West Virginia,https://www.mountainproject.com/route/120167899/damascus-road,3.4,Boulder,V4,1,15,39.64472,-79.82429
114274278,Pentagon,Forgotten Block > The Forgotten Block Area > Upper Rock City > Coopers Rock State Forest > Northern WV > West Virginia,https://www.mountainproject.com/route/114274278/pentagon,3.4,Boulder,V7,1,20,39.63784,-79.81715
106536647,Firepole,F. Firepole Boulder > Main Area Bouldering > Bozoo Bouldering > Bozoo > Southern WV > West Virginia,https://www.mountainproject.com/route/106536647/firepole,3.3,Boulder,V4-,1,12,37.4777,-80.8677
119180321,High Voltage,1. Powerline Boulders > Camp 70 Boulders > Eastern WV > West Virginia,https://www.mountainproject.com/route/119180321/high-voltage,3.5,Boulder,V4,1,9,39.13486,-79.43886
122975319,The Loving Arms Of A Man,P-Hole Boulder > Underlook Trail Boulders > Coopers Rock State Forest > Northern WV > West Virginia,https://www.mountainproject.com/route/122975319/the-loving-arms-of-a-man,3.4,Boulder,V7,1,10,39.63684,-79.81682
115177348,Big Alternative,Junkyard Cave > Junkyard Area > New River Gorge Proper > The New River Gorge Region > West Virginia,https://www.mountainproject.com/route/115177348/big-alternative,2.7,Boulder,V4,1,NA,38.08454,-81.08123
119931712,Ferrous Geode,Taper Point Boulder > Cotton Top > Lower New River Gorge Bouldering > New River Gorge Proper > The New River Gorge Region > West Virginia,https://www.mountainproject.com/route/119931712/ferrous-geode,3.6,Boulder,V6,1,13,38.11579,-81.14159
106590711,Heart Attack Jack,C2: 211 Spot Boulder > C: Talus Area > Downstream Boulderfield > Bozoo Bouldering > Bozoo > Southern WV > West Virginia,https://www.mountainproject.com/route/106590711/heart-attack-jack,3.5,Boulder,V5,1,14,37.4838,-80.87403
117564524,Grumpy,Mushroom Boulder (Picnic Table) > Upper Rock City > Coopers Rock State Forest > Northern WV > West Virginia,https://www.mountainproject.com/route/117564524/grumpy,3.1,Boulder,V5,1,13,39.63972,-79.81768
114613442,Roof Problem,Final Fantasy Cave > Tilted Tree Area > Tilted Tree > Coopers Rock State Forest > Northern WV > West Virginia,https://www.mountainproject.com/route/114613442/roof-problem,3,Boulder,V4,1,10,39.6332,-79.805
118835725,Balancing Act,Lost in Moss Boulder > Junction Boulders > Snake Hill Wildlife Management Area > Cheat Canyon > Northern WV > West Virginia,https://www.mountainproject.com/route/118835725/balancing-act,3.2,Boulder,V4,1,NA,39.62285,-79.8356
121278900,Uncle Dave's Porno Bin,03. Corsair Boulder > Meadow Top Boulders > Meadow River Gorge > The New River Gorge Region > West Virginia,https://www.mountainproject.com/route/121278900/uncle-daves-porno-bin,3.1,Boulder,V5,1,8,38.15325,-80.93077
107041815,Pocket Prow,Tilted Tree Corridor > Tilted Tree Area > Tilted Tree > Coopers Rock State Forest > Northern WV > West Virginia,https://www.mountainproject.com/route/107041815/pocket-prow,3.4,Boulder,V7,1,NA,39.63321,-79.80525
115127744,V9s,V9s Boulder > Cotton Bottom > Lower New River Gorge Bouldering > New River Gorge Proper > The New River Gorge Region > West Virginia,https://www.mountainproject.com/route/115127744/v9s,2.8,Boulder,V4,1,18,38.11547,-81.14354
106536665,Firepole Arete (Pinball),F. Firepole Boulder > Main Area Bouldering > Bozoo Bouldering > Bozoo > Southern WV > West Virginia,https://www.mountainproject.com/route/106536665/firepole-arete-pinball,3.2,Boulder,V4,1,12,37.4777,-80.8677
121529006,White Egret,Casey Jones Boulder > Casey Jones > Lower New River Gorge Bouldering > New River Gorge Proper > The New River Gorge Region > West Virginia,https://www.mountainproject.com/route/121529006/white-egret,3.7,Boulder,V10,1,10,38.11356,-81.14335
119180517,Buried Treasure,1. Powerline Boulders > Camp 70 Boulders > Eastern WV > West Virginia,https://www.mountainproject.com/route/119180517/buried-treasure,3.5,Boulder,V6,1,10,39.13486,-79.43886
118643009,The White One,County Line South > County Line Boulders > Park Entrance Areas > Coopers Rock State Forest > Northern WV > West Virginia,https://www.mountainproject.com/route/118643009/the-white-one,3.4,Boulder,V4,1,NA,39.64907,-79.78648
119180278,Triple H,1. Powerline Boulders > Camp 70 Boulders > Eastern WV > West Virginia,https://www.mountainproject.com/route/119180278/triple-h,3.8,Boulder,V6,1,10,39.13486,-79.43886
123183315,Road Rage (stand),East Block > Road Blocks (Route 73) > Park Entrance Areas > Coopers Rock State Forest > Northern WV > West Virginia,https://www.mountainproject.com/route/123183315/road-rage-stand,3.5,Boulder,V4,1,12,39.66111,-79.8051
119180826,The Excellent Adventure,1. Powerline Boulders > Camp 70 Boulders > Eastern WV > West Virginia,https://www.mountainproject.com/route/119180826/the-excellent-adventure,3.7,Boulder,V7,1,12,39.13486,-79.43886
121580752,Damascus Road Left Fork,Rhodo Cave > Rhododendron Trail Areas > Coopers Rock State Forest > Northern WV > West Virginia,https://www.mountainproject.com/route/121580752/damascus-road-left-fork,3.5,Boulder,V4,1,15,39.64472,-79.82429
114355003,Stupid Human Tricks aka Whale's Belly,Whale Boulder > Roundhouse Area > Upper Rock City > Coopers Rock State Forest > Northern WV > West Virginia,https://www.mountainproject.com/route/114355003/stupid-human-tricks-aka-whales-belly,3.1,Boulder,V4,1,8,39.63789,-79.81842
117114665,The Prize,“The Prize” Sector > Cheat Canyon Wildlife Management Area > Cheat Canyon > Northern WV > West Virginia,https://www.mountainproject.com/route/117114665/the-prize,3.5,Boulder,V7,1,15,39.51394,-79.65676
119703987,Feeble Wrath of Hell,Creekside Boulder > Deer Skull Boulders > University Research Forest > Cheat Canyon > Northern WV > West Virginia,https://www.mountainproject.com/route/119703987/feeble-wrath-of-hell,3.3,Boulder,V5,1,NA,39.66244,-79.81873
121786271,In a Big House Alone,Pendleton Point > Blackwater Falls State Park > Eastern WV > West Virginia,https://www.mountainproject.com/route/121786271/in-a-big-house-alone,3.5,Boulder,V5,1,12,39.11168,-79.49149
117539530,Canadian Bacon,Short Roof Boulder > The Forgotten Block Area > Upper Rock City > Coopers Rock State Forest > Northern WV > West Virginia,https://www.mountainproject.com/route/117539530/canadian-bacon,3.8,Boulder,V7,1,15,39.63784,-79.81725
122587975,Up in the Clouds,Highland Warrior Area > Bear Rocks Preserve > Dolly Sods Region > Eastern WV > West Virginia,https://www.mountainproject.com/route/122587975/up-in-the-clouds,3.5,"Boulder, Alpine",V6 R,1,15,39.06735,-79.29911
120735080,Tennessee whiskey,Dice Boulders > 1st pull off > Darnell Hollow > University Research Forest > Cheat Canyon > Northern WV > West Virginia,https://www.mountainproject.com/route/120735080/tennessee-whiskey,3.5,Boulder,V4-5,1,NA,39.69248,-79.81151
119703016,Eye Brow Trimmer,Eye Brow Boulders > Deer Skull Boulders > University Research Forest > Cheat Canyon > Northern WV > West Virginia,https://www.mountainproject.com/route/119703016/eye-brow-trimmer,3.3,Boulder,V5,1,NA,39.66396,-79.8153
119703479,Twisted Koolade,Blind Faith Boulder > Darnell Hollow > University Research Forest > Cheat Canyon > Northern WV > West Virginia,https://www.mountainproject.com/route/119703479/twisted-koolade,3.4,Boulder,V5,1,NA,39.69213,-79.80508
123020344,Threshold,Threshold Boulder > First Area Boulders > Rhododendron Trail Areas > Coopers Rock State Forest > Northern WV > West Virginia,https://www.mountainproject.com/route/123020344/threshold,3.7,Boulder,V5,1,NA,39.64218,-79.82027
123114767,Sophisticated Diplotech,Cellophane Boulder > First Area Boulders > Rhododendron Trail Areas > Coopers Rock State Forest > Northern WV > West Virginia,https://www.mountainproject.com/route/123114767/sophisticated-diplotech,3.6,Boulder,V4,1,NA,39.64268,-79.82037
122727655,Tensor,5. The Daisy Cave > Laurel Trail Boulders > Tomlinson Run State Park > Northern Panhandle > Northern WV > West Virginia,https://www.mountainproject.com/route/122727655/tensor,3.5,Boulder,V8,1,6,40.54721,-80.60521
106771645,Zugzwang,Lyman's Boulder > Bozooka Area > Bozoo Bouldering > Bozoo > Southern WV > West Virginia,https://www.mountainproject.com/route/106771645/zugzwang,3.5,Boulder,V8,1,15,37.4769,-80.8646
114232076,Boxer's Break,"1, 2 Punch Boulder > Sunshine Boulders > New River Gorge Proper > The New River Gorge Region > West Virginia",https://www.mountainproject.com/route/114232076/boxers-break,2.6,Boulder,V7,1,15,38.0738,-81.08513
117034273,Bubbles,Bubbles Boulder > Sunshine Boulders > New River Gorge Proper > The New River Gorge Region > West Virginia,https://www.mountainproject.com/route/117034273/bubbles,3.2,Boulder,V4,1,NA,38.07386,-81.08515
118243824,Mother Hucker,Fern Creek Boulders > New River Gorge Proper > The New River Gorge Region > West Virginia,https://www.mountainproject.com/route/118243824/mother-hucker,3.2,Boulder,V5,1,8,38.06019,-81.06851
121003783,Crimpciple of the Matter,10. MacGuffin Boulder > Meadow Top Boulders > Meadow River Gorge > The New River Gorge Region > West Virginia,https://www.mountainproject.com/route/121003783/crimpciple-of-the-matter,3,Boulder,V6 PG13,1,17,38.15371,-80.93505
117332185,Gaston LeGume,10. MacGuffin Boulder > Meadow Top Boulders > Meadow River Gorge > The New River Gorge Region > West Virginia,https://www.mountainproject.com/route/117332185/gaston-legume,3.3,Boulder,V9,1,NA,38.15371,-80.93505
106652141,50/50,50/50 Boulder > Roadside > Entryway Boulders > Bozoo Bouldering > Bozoo > Southern WV > West Virginia,https://www.mountainproject.com/route/106652141/5050,3.2,Boulder,V4+,1,13,37.4833,-80.8474
118247281,Ali Bubba Stand Start,Ali Bubba Cave > Short Creek Bouldering > Beauty Mountain > New River Gorge Proper > The New River Gorge Region > West Virginia,https://www.mountainproject.com/route/118247281/ali-bubba-stand-start,3.5,Boulder,V8,1,15,38.05628,-81.03456
107968804,The Firehose,F. Firepole Boulder > Main Area Bouldering > Bozoo Bouldering > Bozoo > Southern WV > West Virginia,https://www.mountainproject.com/route/107968804/the-firehose,3.3,Boulder,V4,1,15,37.4777,-80.8677
114306693,The Allusionist,Allusionist Boulder > Death Block Area > Tilted Tree > Coopers Rock State Forest > Northern WV > West Virginia,https://www.mountainproject.com/route/114306693/the-allusionist,3.5,Boulder,V7,1,NA,39.63376,-79.8074
120233354,Immaculate Connection,Immaculate Connection Boulder > Lower Hawk's Nest > Lower New River Gorge Bouldering > New River Gorge Proper > The New River Gorge Region > West Virginia,https://www.mountainproject.com/route/120233354/immaculate-connection,3.2,Boulder,V7,1,15,38.11616,-81.13176
116628553,Woody's Arete (sit start),Ceiling Block Area > Roadside > Coopers Rock State Forest > Northern WV > West Virginia,https://www.mountainproject.com/route/116628553/woodys-arete-sit-start,3.2,Boulder,V5,1,18,39.63559,-79.81191
120886011,Butcher Shop,Vámanos Boulder > Short Creek Right > Short Creek Bouldering > Beauty Mountain > New River Gorge Proper > The New River Gorge Region > West Virginia,https://www.mountainproject.com/route/120886011/butcher-shop,3.1,Boulder,V4,1,8,38.05496,-81.03566
117118785,Rain Line,Sector 1 > Cheat Canyon Wildlife Management Area > Cheat Canyon > Northern WV > West Virginia,https://www.mountainproject.com/route/117118785/rain-line,3.4,Boulder,V7-,1,NA,39.51329,-79.65458
118911430,Big Block Nose,Forgotten Block > The Forgotten Block Area > Upper Rock City > Coopers Rock State Forest > Northern WV > West Virginia,https://www.mountainproject.com/route/118911430/big-block-nose,3.1,Boulder,V4,1,NA,39.63784,-79.81715
108084019,G-String,Bear Rock Lake Bouldering (Wheeling) > Northern Panhandle > Northern WV > West Virginia,https://www.mountainproject.com/route/108084019/g-string,3.2,Boulder,V4,1,12,40.0763,-80.5333
121595648,Mini Skull Fuck,Cotton Bottom | 7012 > Cotton Bottom > Lower New River Gorge Bouldering > New River Gorge Proper > The New River Gorge Region > West Virginia,https://www.mountainproject.com/route/121595648/mini-skull-fuck,2.8,Boulder,V4+,1,8,38.1128,-81.1435
116140322,Macho Man Randy Savage,08. Egyptian Boulder > Meadow Top Boulders > Meadow River Gorge > The New River Gorge Region > West Virginia,https://www.mountainproject.com/route/116140322/macho-man-randy-savage,2.4,Boulder,V5,1,NA,38.15359,-80.93483
114227306,Wave Rider,Wave Rider Boulder > Fiddle Area > Tilted Tree > Coopers Rock State Forest > Northern WV > West Virginia,https://www.mountainproject.com/route/114227306/wave-rider,3.3,Boulder,V5+,1,16,39.63361,-79.80602
114210918,Throwing Stars,Vámanos Boulder > Short Creek Right > Short Creek Bouldering > Beauty Mountain > New River Gorge Proper > The New River Gorge Region > West Virginia,https://www.mountainproject.com/route/114210918/throwing-stars,3.3,Boulder,V5,1,NA,38.05496,-81.03566
114306618,Humility,Tier 2 Boulders > Moby Area > Tilted Tree > Coopers Rock State Forest > Northern WV > West Virginia,https://www.mountainproject.com/route/114306618/humility,2.7,Boulder,V5,1,11,39.6339,-79.80704
117033957,Fingers Malone,Malone Boulder > Cotton Bottom > Lower New River Gorge Bouldering > New River Gorge Proper > The New River Gorge Region > West Virginia,https://www.mountainproject.com/route/117033957/fingers-malone,3,Boulder,V8,1,15,38.11552,-81.14362
118909191,Stink Ray,Tier 2 Boulders > Moby Area > Tilted Tree > Coopers Rock State Forest > Northern WV > West Virginia,https://www.mountainproject.com/route/118909191/stink-ray,2.9,Boulder,V4,1,NA,39.6339,-79.80704
120726374,Silver Bullet,Fern Creek Boulders > New River Gorge Proper > The New River Gorge Region > West Virginia,https://www.mountainproject.com/route/120726374/silver-bullet,3.3,Boulder,V4,1,13,38.06019,-81.06851
107035440,Flat Daddy,Butcher Block > Mad Butcher Block Area > Roadside > Coopers Rock State Forest > Northern WV > West Virginia,https://www.mountainproject.com/route/107035440/flat-daddy,2.7,Boulder,V4,1,NA,39.63545,-79.8122
117671478,Magic Trick,04. I Love Luci! Boulder > Meadow Top Boulders > Meadow River Gorge > The New River Gorge Region > West Virginia,https://www.mountainproject.com/route/117671478/magic-trick,3,Boulder,V9-,1,NA,38.15326,-80.9301
118782302,Big Momma,Junkyard Cave > Junkyard Area > New River Gorge Proper > The New River Gorge Region > West Virginia,https://www.mountainproject.com/route/118782302/big-momma,2.9,Boulder,V5,1,NA,38.08454,-81.08123
118782238,Big Daddy,Junkyard Cave > Junkyard Area > New River Gorge Proper > The New River Gorge Region > West Virginia,https://www.mountainproject.com/route/118782238/big-daddy,3,Boulder,V6,1,NA,38.08454,-81.08123
118685196,Skywalker,Land's End Boulder > Meadow Top Boulders > Meadow River Gorge > The New River Gorge Region > West Virginia,https://www.mountainproject.com/route/118685196/skywalker,2.8,Boulder,V4,1,12,38.15443,-80.93717
112030080,Fin-ish,Tendon Repair Kit Area > Roadside > Coopers Rock State Forest > Northern WV > West Virginia,https://www.mountainproject.com/route/112030080/fin-ish,2.9,Boulder,V4-,1,NA,39.63561,-79.81205
121913930,Chick Direct,Junkyard Cave > Junkyard Area > New River Gorge Proper > The New River Gorge Region > West Virginia,https://www.mountainproject.com/route/121913930/chick-direct,3.2,Boulder,V5,1,NA,38.08454,-81.08123
121003476,Thor,07. The Cave > Meadow Top Boulders > Meadow River Gorge > The New River Gorge Region > West Virginia,https://www.mountainproject.com/route/121003476/thor,2.8,Boulder,V7 PG13,1,25,38.15368,-80.93441
106652158,The BoulderCliff Problem,The BoulderCliff > BoulderCliff Area > Entryway Boulders > Bozoo Bouldering > Bozoo > Southern WV > West Virginia,https://www.mountainproject.com/route/106652158/the-bouldercliff-problem,3,Boulder,V5-6,1,15,37.4744,-80.8588
113920881,Breast Arête,Breast Arête Boulder > Hawk's Nest Proper > Lower New River Gorge Bouldering > New River Gorge Proper > The New River Gorge Region > West Virginia,https://www.mountainproject.com/route/113920881/breast-arete,2.7,Boulder,V5+,1,9,38.11816,-81.13164
114215467,Ruth's Roof,Ali Bubba Cave > Short Creek Bouldering > Beauty Mountain > New River Gorge Proper > The New River Gorge Region > West Virginia,https://www.mountainproject.com/route/114215467/ruths-roof,2.8,Boulder,V4,1,NA,38.05628,-81.03456
118033874,Chesticles,13. Chesticles Boulder > Meadow Top Boulders > Meadow River Gorge > The New River Gorge Region > West Virginia,https://www.mountainproject.com/route/118033874/chesticles,3.2,Boulder,V9-,1,14,38.15395,-80.93658
115964301,"By the Way, I Did Your Mom",Iron Bar Boulder > Hawk's Nest Proper > Lower New River Gorge Bouldering > New River Gorge Proper > The New River Gorge Region > West Virginia,https://www.mountainproject.com/route/115964301/by-the-way-i-did-your-mom,3,Boulder,V7,1,15,38.11732,-81.13177
121913907,Circle of Life,02a. Circle of Life Boulder > Meadow Top Boulders > Meadow River Gorge > The New River Gorge Region > West Virginia,https://www.mountainproject.com/route/121913907/circle-of-life,3.4,Boulder,V4,1,NA,38.15273,-80.92841
114300392,Moby's Mantel,Moby Boulder > Moby Area > Tilted Tree > Coopers Rock State Forest > Northern WV > West Virginia,https://www.mountainproject.com/route/114300392/mobys-mantel,3.1,Boulder,V4,1,NA,39.63388,-79.80663
115318794,The Shocker,Bowling Ball Boulder (Gym Face) > Coral Area > Tilted Tree > Coopers Rock State Forest > Northern WV > West Virginia,https://www.mountainproject.com/route/115318794/the-shocker,2.4,Boulder,V4-5,1,15,39.63305,-79.80666
114131656,Half Moon Tilt Stand,Man On The Moon Boulder > Cotton Top > Lower New River Gorge Bouldering > New River Gorge Proper > The New River Gorge Region > West Virginia,https://www.mountainproject.com/route/114131656/half-moon-tilt-stand,3.3,Boulder,V6,1,8,38.11546,-81.14229
114234584,Bitch Be Cool,First Wall Right > First Wall > Tilted Tree > Coopers Rock State Forest > Northern WV > West Virginia,https://www.mountainproject.com/route/114234584/bitch-be-cool,2.8,Boulder,V4+,1,12,39.63359,-79.80548
122966391,Burning Sensation,P-Hole Boulder > Underlook Trail Boulders > Coopers Rock State Forest > Northern WV > West Virginia,https://www.mountainproject.com/route/122966391/burning-sensation,3,Boulder,V4,1,12,39.63684,-79.81682
107796681,Number Two,Bear Rock Lake Bouldering (Wheeling) > Northern Panhandle > Northern WV > West Virginia,https://www.mountainproject.com/route/107796681/number-two,3,Boulder,V6,1,10,40.0763,-80.5333
106545317,The Brain,The Brain Boulder > Bozooka Area > Bozoo Bouldering > Bozoo > Southern WV > West Virginia,https://www.mountainproject.com/route/106545317/the-brain,3,Boulder,V4,1,14,37.4769,-80.8646
106692467,Sloper Ledges (placeholder name),Sloper Proj Boulder > Sloper Project Area > Powerline Boulders > Bozoo Bouldering > Bozoo > Southern WV > West Virginia,https://www.mountainproject.com/route/106692467/sloper-ledges-placeholder-name,3,Boulder,V6,1,10,37.4749,-80.8602
122258622,Boffedes,4. Third Buttress > Upper Meadow > Meadow River Gorge > The New River Gorge Region > West Virginia,https://www.mountainproject.com/route/122258622/boffedes,2.7,Boulder,V6,1,25,38.14336,-80.91556
123115915,Crown of Thorns,Crimson Crack Boulder > Triangle Boulders > Greenbrier Boulders > Furnace Road Areas > Coopers Rock State Forest > Northern WV > West Virginia,https://www.mountainproject.com/route/123115915/crown-of-thorns,3,Boulder,V7+,1,NA,39.65574,-79.81872
121601250,Scream,Fayette Station Boulders > New River Gorge Proper > The New River Gorge Region > West Virginia,https://www.mountainproject.com/route/121601250/scream,3.5,Boulder,V7,1,16,38.068,-81.08255
120477950,Spicy Sweet,Bat Cave Boulder > Cotton Bottom > Lower New River Gorge Bouldering > New River Gorge Proper > The New River Gorge Region > West Virginia,https://www.mountainproject.com/route/120477950/spicy-sweet,3,Boulder,V6,1,15,38.11765,-81.14388
118693395,Teardrop,County Line South > County Line Boulders > Park Entrance Areas > Coopers Rock State Forest > Northern WV > West Virginia,https://www.mountainproject.com/route/118693395/teardrop,3,Boulder,V6,1,NA,39.64907,-79.78648
122186370,Thatcher's Nose,Thunder boulder > Lightning and Thunder Area > Woodshed Boulders > Coopers Rock State Forest > Northern WV > West Virginia,https://www.mountainproject.com/route/122186370/thatchers-nose,3,Boulder,V4,1,16,39.629,-79.79171
119180784,The Bogus Journey,1. Powerline Boulders > Camp 70 Boulders > Eastern WV > West Virginia,https://www.mountainproject.com/route/119180784/the-bogus-journey,3,Boulder,V5,1,12,39.13486,-79.43886
121910172,Bust A Move,Zaragoza Boulders > McCollum Campground Boulders > Coopers Rock State Forest > Northern WV > West Virginia,https://www.mountainproject.com/route/121910172/bust-a-move,2.8,Boulder,V5,1,8,39.63377,-79.79169
117998820,Chilled,Tilted Tree Corridor > Tilted Tree Area > Tilted Tree > Coopers Rock State Forest > Northern WV > West Virginia,https://www.mountainproject.com/route/117998820/chilled,3,Boulder,V4,1,NA,39.63321,-79.80525
121686932,Dr Rosenbud’s Nose Returns,Elephant in the Room Boulder > Lower Hawk's Nest > Lower New River Gorge Bouldering > New River Gorge Proper > The New River Gorge Region > West Virginia,https://www.mountainproject.com/route/121686932/dr-rosenbuds-nose-returns,2.5,Boulder,V4,1,NA,38.11669,-81.13185
120192400,Dull Razor Stand,Ganja Bloc Aka Moon Board > Darkside East > Darnell Hollow > University Research Forest > Cheat Canyon > Northern WV > West Virginia,https://www.mountainproject.com/route/120192400/dull-razor-stand,2.7,Boulder,V4,1,12,39.68889,-79.80131
122978456,King Swing,Future Roof Boulder > First Area Boulders > Rhododendron Trail Areas > Coopers Rock State Forest > Northern WV > West Virginia,https://www.mountainproject.com/route/122978456/king-swing,3.4,Boulder,V4-,1,NA,39.64215,-79.82036
119777405,Red Monster,Coral Boulder > Coral Area > Tilted Tree > Coopers Rock State Forest > Northern WV > West Virginia,https://www.mountainproject.com/route/119777405/red-monster,3,Boulder,V5 PG13,1,15,39.63325,-79.80646
118811140,The Will of Fire,The Good Block > Good Block Area > Tilted Tree > Coopers Rock State Forest > Northern WV > West Virginia,https://www.mountainproject.com/route/118811140/the-will-of-fire,3.3,Boulder,V4,1,NA,39.63288,-79.80559
115318758,Spinal Tap,Spinal Tap Boulder > Coral Area > Tilted Tree > Coopers Rock State Forest > Northern WV > West Virginia,https://www.mountainproject.com/route/115318758/spinal-tap,3,Boulder,V4,1,15,39.63338,-79.80661
118188881,Number Three,Bear Rock Lake Bouldering (Wheeling) > Northern Panhandle > Northern WV > West Virginia,https://www.mountainproject.com/route/118188881/number-three,3,Boulder,V5+,1,15,40.0763,-80.5333
120713563,Dark Room,Roof Rocks > Furnace Road Areas > Coopers Rock State Forest > Northern WV > West Virginia,https://www.mountainproject.com/route/120713563/dark-room,2.7,Boulder,V4,1,NA,39.65119,-79.81717
118822064,By Moonlight,Creekside Boulder > Deer Skull Boulders > University Research Forest > Cheat Canyon > Northern WV > West Virginia,https://www.mountainproject.com/route/118822064/by-moonlight,3,Boulder,V4,1,NA,39.66244,-79.81873
121786411,Seam Mantle,Pendleton Point > Blackwater Falls State Park > Eastern WV > West Virginia,https://www.mountainproject.com/route/121786411/seam-mantle,3,Boulder,V5,1,10,39.11168,-79.49149
120183573,Rain Line (Variation 2),Sector 1 > Cheat Canyon Wildlife Management Area > Cheat Canyon > Northern WV > West Virginia,https://www.mountainproject.com/route/120183573/rain-line-variation-2,2.8,Boulder,V5,1,15,39.51329,-79.65458
120501034,Poacher,Jungle > 1st pull off > Darnell Hollow > University Research Forest > Cheat Canyon > Northern WV > West Virginia,https://www.mountainproject.com/route/120501034/poacher,3,Boulder,V6,1,NA,39.69255,-79.81061
118835728,Balancing Act (sit-start),Lost in Moss Boulder > Junction Boulders > Snake Hill Wildlife Management Area > Cheat Canyon > Northern WV > West Virginia,https://www.mountainproject.com/route/118835728/balancing-act-sit-start,3,Boulder,V4-5,1,NA,39.62285,-79.8356
123014969,Mother’s Pride,Future Roof Boulder > First Area Boulders > Rhododendron Trail Areas > Coopers Rock State Forest > Northern WV > West Virginia,https://www.mountainproject.com/route/123014969/mothers-pride,3.1,Boulder,V4-,1,15,39.64215,-79.82036
118842717,Back Breaker,Deep Throat Boulder > First Bell Boulders > Snake Hill Wildlife Management Area > Cheat Canyon > Northern WV > West Virginia,https://www.mountainproject.com/route/118842717/back-breaker,2.5,Boulder,V4,1,NA,39.62694,-79.83879
123019105,Noah’s Ark,Future Roof Boulder > First Area Boulders > Rhododendron Trail Areas > Coopers Rock State Forest > Northern WV > West Virginia,https://www.mountainproject.com/route/123019105/noahs-ark,2.6,Boulder,V4-5,1,12,39.64215,-79.82036
107293346,Wingspan,Wingspan Boulder > Hawk's Nest Proper > Lower New River Gorge Bouldering > New River Gorge Proper > The New River Gorge Region > West Virginia,https://www.mountainproject.com/route/107293346/wingspan,3,Boulder,V4,1,NA,38.11914,-81.13183
112556030,PBJ,Ballard Trail Boulders > Kanawha State Forest > Southern WV > West Virginia,https://www.mountainproject.com/route/112556030/pbj,3,Boulder,V4,1,15,38.26547,-81.66757
109223033,Lucky Pierre,Bear Haven > Eastern WV > West Virginia,https://www.mountainproject.com/route/109223033/lucky-pierre,3,Boulder,V4+ PG13,1,15,38.9293,-79.6795
122730538,Sex Ed.,Swimming Pool Boulders > Tomlinson Run State Park > Northern Panhandle > Northern WV > West Virginia,https://www.mountainproject.com/route/122730538/sex-ed,3,Boulder,V5,1,12,40.53907,-80.57326
106531088,H. Crimp Rail Traverse,A: Pocket Boulder > Main Area Bouldering > Bozoo Bouldering > Bozoo > Southern WV > West Virginia,https://www.mountainproject.com/route/106531088/h-crimp-rail-traverse,3,Boulder,V4,1,15,37.4776,-80.8664
106590716,The 211 Spot,C2: 211 Spot Boulder > C: Talus Area > Downstream Boulderfield > Bozoo Bouldering > Bozoo > Southern WV > West Virginia,https://www.mountainproject.com/route/106590716/the-211-spot,3,Boulder,V6,1,12,37.4838,-80.87403
106652151,BoulderCliff R,The BoulderCliff > BoulderCliff Area > Entryway Boulders > Bozoo Bouldering > Bozoo > Southern WV > West Virginia,https://www.mountainproject.com/route/106652151/bouldercliff-r,3,Boulder,V4+,1,15,37.4744,-80.8588
106073368,Cirrhosis of the Leader,12. Beer Wall > Bubba City > New River Gorge Proper > The New River Gorge Region > West Virginia,https://www.mountainproject.com/route/106073368/cirrhosis-of-the-leader,2.6,"Sport, Boulder",5.11d V4+,1,30,38.09026,-81.08717
106652163,BoulderCliff L,The BoulderCliff > BoulderCliff Area > Entryway Boulders > Bozoo Bouldering > Bozoo > Southern WV > West Virginia,https://www.mountainproject.com/route/106652163/bouldercliff-l,3,Boulder,V4-5,1,14,37.4744,-80.8588
123227056,Black Flag,Psychonaughts Boulder > Electric Avenue Area > Tilted Tree > Coopers Rock State Forest > Northern WV > West Virginia,https://www.mountainproject.com/route/123227056/black-flag,3,Boulder,V4,1,10,39.63209,-79.80458
123467446,The Curse of Shiva,Milky Boulder > Short Creek Left > Short Creek Bouldering > Beauty Mountain > New River Gorge Proper > The New River Gorge Region > West Virginia,https://www.mountainproject.com/route/123467446/the-curse-of-shiva,3,Boulder,V4,1,20,38.05446,-81.03479
123227691,Traffic Noise (low start),East Block > Road Blocks (Route 73) > Park Entrance Areas > Coopers Rock State Forest > Northern WV > West Virginia,https://www.mountainproject.com/route/123227691/traffic-noise-low-start,3,Boulder,V6,1,12,39.66111,-79.8051
123521035,Scenic,Motorcycle Rocks > Haystack Area > Underlook Trail Boulders > Coopers Rock State Forest > Northern WV > West Virginia,https://www.mountainproject.com/route/123521035/scenic,3.2,Boulder,V8,1,6,39.6358,-79.81508
118642696,Proposal,County Line South > County Line Boulders > Park Entrance Areas > Coopers Rock State Forest > Northern WV > West Virginia,https://www.mountainproject.com/route/118642696/proposal,2.8,Boulder,V4,1,NA,39.64907,-79.78648
114455735,TKO,"1, 2 Punch Boulder > Sunshine Boulders > New River Gorge Proper > The New River Gorge Region > West Virginia",https://www.mountainproject.com/route/114455735/tko,3,Boulder,V10,1,15,38.0738,-81.08513
121557096,Project,Fox Tail > 1st pull off > Darnell Hollow > University Research Forest > Cheat Canyon > Northern WV > West Virginia,https://www.mountainproject.com/route/121557096/project,3,Boulder,V13-14,1,15,39.69256,-79.81061
120831673,The Curse of the Cave,Ali Bubba Cave > Short Creek Bouldering > Beauty Mountain > New River Gorge Proper > The New River Gorge Region > West Virginia,https://www.mountainproject.com/route/120831673/the-curse-of-the-cave,2.8,Boulder,V6,1,NA,38.05628,-81.03456
119894488,Chesticular Fortitude,13. Chesticles Boulder > Meadow Top Boulders > Meadow River Gorge > The New River Gorge Region > West Virginia,https://www.mountainproject.com/route/119894488/chesticular-fortitude,3,Boulder,V9-10,1,18,38.15395,-80.93658
115127542,Mega Mite,Bat Cave Boulder > Cotton Bottom > Lower New River Gorge Bouldering > New River Gorge Proper > The New River Gorge Region > West Virginia,https://www.mountainproject.com/route/115127542/mega-mite,3.5,Boulder,V11,1,20,38.11765,-81.14388
120177040,Bolt Project,Rhodo Cave > Rhododendron Trail Areas > Coopers Rock State Forest > Northern WV > West Virginia,https://www.mountainproject.com/route/120177040/bolt-project,3,Boulder,V11,1,NA,39.64472,-79.82429
118831442,Heel Clacker,Allusionist Boulder > Death Block Area > Tilted Tree > Coopers Rock State Forest > Northern WV > West Virginia,https://www.mountainproject.com/route/118831442/heel-clacker,3,Boulder,V10,1,-8,39.63376,-79.8074
121552527,Cumulonimbus Sit (Project),Popcorn Boulder > Jekyll and Hyde Area > Lower Rock City > Coopers Rock State Forest > Northern WV > West Virginia,https://www.mountainproject.com/route/121552527/cumulonimbus-sit-project,3,Boulder,V12,1,30,39.64166,-79.82783
121671718,Season's Change,Angel Eye Cave > Entrance Boulders > Needleseye Boulder Park > The New River Gorge Region > West Virginia,https://www.mountainproject.com/route/121671718/seasons-change,3,Boulder,V8,1,NA,37.98128,-81.1177
120177163,Under My Thumb,Rhodo Cave > Rhododendron Trail Areas > Coopers Rock State Forest > Northern WV > West Virginia,https://www.mountainproject.com/route/120177163/under-my-thumb,3,Boulder,V5,1,18,39.64472,-79.82429
120177049,Withering Tree,Rhodo Cave > Rhododendron Trail Areas > Coopers Rock State Forest > Northern WV > West Virginia,https://www.mountainproject.com/route/120177049/withering-tree,3,Boulder,V8,1,NA,39.64472,-79.82429
121671877,Old Bay,Angel Eye Cave > Entrance Boulders > Needleseye Boulder Park > The New River Gorge Region > West Virginia,https://www.mountainproject.com/route/121671877/old-bay,3,Boulder,V9 PG13,1,NA,37.98128,-81.1177
120480101,Spellcaster,Sunshine Boulder > Sunshine Boulders > New River Gorge Proper > The New River Gorge Region > West Virginia,https://www.mountainproject.com/route/120480101/spellcaster,3,Boulder,V8,1,12,38.0733,-81.08549
119585676,Palm Perforator,County Line South > County Line Boulders > Park Entrance Areas > Coopers Rock State Forest > Northern WV > West Virginia,https://www.mountainproject.com/route/119585676/palm-perforator,3,Boulder,V6,1,NA,39.64907,-79.78648
121494713,Sloping Rail Direct,Fiddle Rock > Fiddle Area > Tilted Tree > Coopers Rock State Forest > Northern WV > West Virginia,https://www.mountainproject.com/route/121494713/sloping-rail-direct,2,Boulder,V7-,1,NA,39.63378,-79.8061
122395765,Come Along,Fiddle Rock > Fiddle Area > Tilted Tree > Coopers Rock State Forest > Northern WV > West Virginia,https://www.mountainproject.com/route/122395765/come-along,3,Boulder,V4,1,15,39.63378,-79.8061
114306648,Death Block,Death Block Boulders > Death Block Area > Tilted Tree > Coopers Rock State Forest > Northern WV > West Virginia,https://www.mountainproject.com/route/114306648/death-block,3.8,Boulder,V7+,1,NA,39.63344,-79.80714
117557816,Font-tastic,Font Boulders > Entrance Boulders > Upper Rock City > Coopers Rock State Forest > Northern WV > West Virginia,https://www.mountainproject.com/route/117557816/font-tastic,2.8,Boulder,V4,1,NA,39.63797,-79.81721
121675729,Krampus,Krampus Boulder > Entrance Boulders > Needleseye Boulder Park > The New River Gorge Region > West Virginia,https://www.mountainproject.com/route/121675729/krampus,3,Boulder,V7,1,NA,37.98056,-81.11923
121552586,Weathered Morality,Rock City Arete Boulder > Jekyll and Hyde Area > Lower Rock City > Coopers Rock State Forest > Northern WV > West Virginia,https://www.mountainproject.com/route/121552586/weathered-morality,3.5,Boulder,V7,1,NA,39.64178,-79.82788
118660054,Ball's Out,Ceiling Block Area > Roadside > Coopers Rock State Forest > Northern WV > West Virginia,https://www.mountainproject.com/route/118660054/balls-out,3,Boulder,V5,1,NA,39.63559,-79.81191
122454287,Bust A Move (Variation),Zaragoza Boulders > McCollum Campground Boulders > Coopers Rock State Forest > Northern WV > West Virginia,https://www.mountainproject.com/route/122454287/bust-a-move-variation,3,Boulder,V8,1,8,39.63377,-79.79169
119967778,A Clockwork Orange,First Wall Right > First Wall > Tilted Tree > Coopers Rock State Forest > Northern WV > West Virginia,https://www.mountainproject.com/route/119967778/a-clockwork-orange,2.5,Boulder,V7,1,NA,39.63359,-79.80548
120192410,Moonboard Warmup,Ganja Bloc Aka Moon Board > Darkside East > Darnell Hollow > University Research Forest > Cheat Canyon > Northern WV > West Virginia,https://www.mountainproject.com/route/120192410/moonboard-warmup,2.5,Boulder,V4,1,12,39.68889,-79.80131
119180384,Microchuck,1. Powerline Boulders > Camp 70 Boulders > Eastern WV > West Virginia,https://www.mountainproject.com/route/119180384/microchuck,3,Boulder,V5,1,7,39.13486,-79.43886
121106096,Wet Ho's,Tilted Tree Corridor > Tilted Tree Area > Tilted Tree > Coopers Rock State Forest > Northern WV > West Virginia,https://www.mountainproject.com/route/121106096/wet-hos,3,Boulder,V4,1,13,39.63321,-79.80525
118047627,Bizzaro Slab Variation,Bizzaro Boulder > First Set Boulders > Roadside > Coopers Rock State Forest > Northern WV > West Virginia,https://www.mountainproject.com/route/118047627/bizzaro-slab-variation,3,Boulder,V4,1,NA,39.63597,-79.81293
118780067,Slam Dunk,Tier 2 Boulders > Moby Area > Tilted Tree > Coopers Rock State Forest > Northern WV > West Virginia,https://www.mountainproject.com/route/118780067/slam-dunk,2.9,Boulder,V4,1,NA,39.6339,-79.80704
120192388,Dull Razor,Ganja Bloc Aka Moon Board > Darkside East > Darnell Hollow > University Research Forest > Cheat Canyon > Northern WV > West Virginia,https://www.mountainproject.com/route/120192388/dull-razor,3.7,Boulder,V9,1,12,39.68889,-79.80131
120434763,Death Crimp Project,Lower Skittles Boulders > Snake Hill Wildlife Management Area > Cheat Canyon > Northern WV > West Virginia,https://www.mountainproject.com/route/120434763/death-crimp-project,3,Boulder,V9-10,1,15,39.63357,-79.83734
120177116,Lip Traverse,Rhodo Cave > Rhododendron Trail Areas > Coopers Rock State Forest > Northern WV > West Virginia,https://www.mountainproject.com/route/120177116/lip-traverse,2.7,Boulder,V5,1,40,39.64472,-79.82429
121567494,Popcorn,Popcorn Boulder > Jekyll and Hyde Area > Lower Rock City > Coopers Rock State Forest > Northern WV > West Virginia,https://www.mountainproject.com/route/121567494/popcorn,3,Boulder,V6-7,1,NA,39.64166,-79.82783
121786645,Camp 4 Crack,Granite Boulder > Blackwater Falls State Park > Eastern WV > West Virginia,https://www.mountainproject.com/route/121786645/camp-4-crack,3,Boulder,V5-6,1,12,39.10938,-79.48277
116072938,Tribe of Two Sheiks,White Eyebrow Boulder > Hawk's Nest Proper > Lower New River Gorge Bouldering > New River Gorge Proper > The New River Gorge Region > West Virginia,https://www.mountainproject.com/route/116072938/tribe-of-two-sheiks,3,Boulder,V8,1,15,38.11781,-81.13181
120221565,The Hammer (SDS),Roadside Boulder > Big Wheeling Creek Boulders > Northern Panhandle > Northern WV > West Virginia,https://www.mountainproject.com/route/120221565/the-hammer-sds,3,Boulder,V10,1,10,39.98089,-80.61672
121556966,Habitat for Humility,Fox Tail > 1st pull off > Darnell Hollow > University Research Forest > Cheat Canyon > Northern WV > West Virginia,https://www.mountainproject.com/route/121556966/habitat-for-humility,3,Boulder,V9,1,15,39.69256,-79.81061
120500203,Trash Panda,Fox Tail > 1st pull off > Darnell Hollow > University Research Forest > Cheat Canyon > Northern WV > West Virginia,https://www.mountainproject.com/route/120500203/trash-panda,2,Boulder,V6+,1,NA,39.69256,-79.81061
120192414,Moonboard Linkup,Ganja Bloc Aka Moon Board > Darkside East > Darnell Hollow > University Research Forest > Cheat Canyon > Northern WV > West Virginia,https://www.mountainproject.com/route/120192414/moonboard-linkup,3,Boulder,V5,1,15,39.68889,-79.80131
119496016,LSD,7. The Cut (South) > Camp 70 Boulders > Eastern WV > West Virginia,https://www.mountainproject.com/route/119496016/lsd,2,Boulder,V5,1,10,39.13654,-79.43695
119415090,Wisdom Teeth,Forgotten Block > The Forgotten Block Area > Upper Rock City > Coopers Rock State Forest > Northern WV > West Virginia,https://www.mountainproject.com/route/119415090/wisdom-teeth,3,Boulder,V6+,1,NA,39.63784,-79.81715
121786674,Stand Tall,Granite Boulder > Blackwater Falls State Park > Eastern WV > West Virginia,https://www.mountainproject.com/route/121786674/stand-tall,3,Boulder,V7,1,NA,39.10938,-79.48277
119697421,Latissimus,Arete Boulder > 5th Pull Off (School Bus Area) > Darnell Hollow > University Research Forest > Cheat Canyon > Northern WV > West Virginia,https://www.mountainproject.com/route/119697421/latissimus,3,Boulder,V5,1,8,39.69078,-79.8016
120795756,Dark Side of the Moon,Moonchild Boulder > Sunset Wall Area > Roadside > Coopers Rock State Forest > Northern WV > West Virginia,https://www.mountainproject.com/route/120795756/dark-side-of-the-moon,3,Boulder,V4,1,NA,39.63494,-79.81085
119113359,The ol' 4-H boulder,4-H Nature Area > Huntington/Barboursville > Southern WV > West Virginia,https://www.mountainproject.com/route/119113359/the-ol-4-h-boulder,3.3,Boulder,V4-5 R,1,22,38.39408,-82.32215
117114779,Prize arete project,“The Prize” Sector > Cheat Canyon Wildlife Management Area > Cheat Canyon > Northern WV > West Virginia,https://www.mountainproject.com/route/117114779/prize-arete-project,3,Boulder,V9-10,1,NA,39.51394,-79.65676
117114748,Slopey arete Project,“The Prize” Sector > Cheat Canyon Wildlife Management Area > Cheat Canyon > Northern WV > West Virginia,https://www.mountainproject.com/route/117114748/slopey-arete-project,3,Boulder,V10+,1,NA,39.51394,-79.65676
119925857,Vulture Wing,Vulture Wing Wall > Cheat View Boulders > Snake Hill Wildlife Management Area > Cheat Canyon > Northern WV > West Virginia,https://www.mountainproject.com/route/119925857/vulture-wing,3,Boulder,V5,1,NA,39.62153,-79.81613
119486198,Please Stand Up (SUS),8. The Cut (North) > Camp 70 Boulders > Eastern WV > West Virginia,https://www.mountainproject.com/route/119486198/please-stand-up-sus,3,Boulder,V6,1,12,39.137,-79.43637
115127589,Sticky Fingers,Highball Boulder > Cotton Bottom > Lower New River Gorge Bouldering > New River Gorge Proper > The New River Gorge Region > West Virginia,https://www.mountainproject.com/route/115127589/sticky-fingers,3,Boulder,V4 PG13,1,18,38.11547,-81.14354
121786599,The Double Slit Experiment,Pendleton Point > Blackwater Falls State Park > Eastern WV > West Virginia,https://www.mountainproject.com/route/121786599/the-double-slit-experiment,3,Boulder,V5,1,20,39.11168,-79.49149
120656451,CUMBERLAND SLAPS,Dice Boulders > 1st pull off > Darnell Hollow > University Research Forest > Cheat Canyon > Northern WV > West Virginia,https://www.mountainproject.com/route/120656451/cumberland-slaps,3,Boulder,V4,1,10,39.69248,-79.81151
118686185,The Tailor,Triangle Slab > Good Block Area > Tilted Tree > Coopers Rock State Forest > Northern WV > West Virginia,https://www.mountainproject.com/route/118686185/the-tailor,2,Boulder,V4,1,NA,39.63302,-79.80511
122692397,Softies Club,The Grunge Boulder > Furnace Trail Boulders > Furnace Road Areas > Coopers Rock State Forest > Northern WV > West Virginia,https://www.mountainproject.com/route/122692397/softies-club,3,Boulder,V10,1,18,39.6504,-79.82319
122061663,I Pupate Anew,Motorcycle Rocks > Haystack Area > Underlook Trail Boulders > Coopers Rock State Forest > Northern WV > West Virginia,https://www.mountainproject.com/route/122061663/i-pupate-anew,2,Boulder,V6-7,1,8,39.6358,-79.81508
117118805,The Grit,Sector 1 > Cheat Canyon Wildlife Management Area > Cheat Canyon > Northern WV > West Virginia,https://www.mountainproject.com/route/117118805/the-grit,2,Boulder,V7,1,NA,39.51329,-79.65458
119496046,LSA,7. The Cut (South) > Camp 70 Boulders > Eastern WV > West Virginia,https://www.mountainproject.com/route/119496046/lsa,3,Boulder,V6,1,6,39.13654,-79.43695
120192450,The Chute,Ganja Bloc Aka Moon Board > Darkside East > Darnell Hollow > University Research Forest > Cheat Canyon > Northern WV > West Virginia,https://www.mountainproject.com/route/120192450/the-chute,3,Boulder,V5,1,NA,39.68889,-79.80131
122064452,Rhodo to Hell,Gnostic Cave > Deer Skull Boulders > University Research Forest > Cheat Canyon > Northern WV > West Virginia,https://www.mountainproject.com/route/122064452/rhodo-to-hell,3,Boulder,V8-9,1,15,39.66333,-79.81777
117114818,Sloper Traverse Project,“The Prize” Sector > Cheat Canyon Wildlife Management Area > Cheat Canyon > Northern WV > West Virginia,https://www.mountainproject.com/route/117114818/sloper-traverse-project,3,Boulder,V6,1,NA,39.51394,-79.65676
117114700,Left arete project,“The Prize” Sector > Cheat Canyon Wildlife Management Area > Cheat Canyon > Northern WV > West Virginia,https://www.mountainproject.com/route/117114700/left-arete-project,3,Boulder,V10,1,15,39.51394,-79.65676
118091943,Kick in the Coops,Squirrel Soup Boulder > First Wall > Tilted Tree > Coopers Rock State Forest > Northern WV > West Virginia,https://www.mountainproject.com/route/118091943/kick-in-the-coops,3,Boulder,V5,1,15,39.63343,-79.80549
121910176,Ego Trippin,Zaragoza Boulders > McCollum Campground Boulders > Coopers Rock State Forest > Northern WV > West Virginia,https://www.mountainproject.com/route/121910176/ego-trippin,3,Boulder,V4,1,10,39.63377,-79.79169
121284853,Crash Landing,Professor Boulder > Upper Tier > Darnell Hollow > University Research Forest > Cheat Canyon > Northern WV > West Virginia,https://www.mountainproject.com/route/121284853/crash-landing,3,Boulder,V5,1,NA,39.69197,-79.802
119899588,War Pigs,Pig Iron Boulder > Furnace Trail Boulders > Furnace Road Areas > Coopers Rock State Forest > Northern WV > West Virginia,https://www.mountainproject.com/route/119899588/war-pigs,2.5,Boulder,V5,1,NA,39.65123,-79.82384
119704321,Professor Arete,Professor Boulder > Upper Tier > Darnell Hollow > University Research Forest > Cheat Canyon > Northern WV > West Virginia,https://www.mountainproject.com/route/119704321/professor-arete,3,Boulder,V6-7,1,NA,39.69197,-79.802
119696203,Lay Me Down,Lay Me Down Area > 1st pull off > Darnell Hollow > University Research Forest > Cheat Canyon > Northern WV > West Virginia,https://www.mountainproject.com/route/119696203/lay-me-down,2.7,Boulder,V4+,1,10,39.69256,-79.81145
122426448,Trundling,Trundling Boulder > Sunset Wall Area > Roadside > Coopers Rock State Forest > Northern WV > West Virginia,https://www.mountainproject.com/route/122426448/trundling,3.6,Boulder,V4,1,12,39.63444,-79.81091
121557110,Settling for Less,Fox Tail > 1st pull off > Darnell Hollow > University Research Forest > Cheat Canyon > Northern WV > West Virginia,https://www.mountainproject.com/route/121557110/settling-for-less,2.7,Boulder,V5,1,15,39.69256,-79.81061
119486435,Trix,8. The Cut (North) > Camp 70 Boulders > Eastern WV > West Virginia,https://www.mountainproject.com/route/119486435/trix,3,Boulder,V5,1,7,39.137,-79.43637
122070953,Ephaphatha,Ephatha > Deer Skull Boulders > University Research Forest > Cheat Canyon > Northern WV > West Virginia,https://www.mountainproject.com/route/122070953/ephaphatha,3,Boulder,V9-10,1,NA,39.66347,-79.81699
119476140,Dual-Tex,6. Lingchi Area > Camp 70 Boulders > Eastern WV > West Virginia,https://www.mountainproject.com/route/119476140/dual-tex,2,"Boulder, Alpine",V4,1,15,39.13631,-79.43617
111074177,V16,Highball Boulder > Cotton Bottom > Lower New River Gorge Bouldering > New River Gorge Proper > The New River Gorge Region > West Virginia,https://www.mountainproject.com/route/111074177/v16,3,Boulder,V7,1,25,38.11547,-81.14354
119438687,Booster Seat,3. Booster Seat Area > Camp 70 Boulders > Eastern WV > West Virginia,https://www.mountainproject.com/route/119438687/booster-seat,2,Boulder,V4,1,7,39.13484,-79.43757
120500640,Bear Season,Fox Tail > 1st pull off > Darnell Hollow > University Research Forest > Cheat Canyon > Northern WV > West Virginia,https://www.mountainproject.com/route/120500640/bear-season,3,Boulder,V6,1,NA,39.69256,-79.81061
117114858,Scoops,“The Prize” Sector > Cheat Canyon Wildlife Management Area > Cheat Canyon > Northern WV > West Virginia,https://www.mountainproject.com/route/117114858/scoops,3,Boulder,V4-5,1,NA,39.51394,-79.65676
119690818,Hidden Face,7. The Cut (South) > Camp 70 Boulders > Eastern WV > West Virginia,https://www.mountainproject.com/route/119690818/hidden-face,2,Boulder,V4,1,12,39.13654,-79.43695
119789899,Cave Crickets,Cave Crickets > 1st pull off > Darnell Hollow > University Research Forest > Cheat Canyon > Northern WV > West Virginia,https://www.mountainproject.com/route/119789899/cave-crickets,2.5,Boulder,V6,1,NA,39.69222,-79.81155
114355056,Unnamed,Romulus and Remus Area > Upper Rock City > Coopers Rock State Forest > Northern WV > West Virginia,https://www.mountainproject.com/route/114355056/unnamed,3,Boulder,V4- X,1,21,39.63832,-79.81743
120221613,Meat Grinder,Roadside Boulder > Big Wheeling Creek Boulders > Northern Panhandle > Northern WV > West Virginia,https://www.mountainproject.com/route/120221613/meat-grinder,3,Boulder,V4,1,10,39.98089,-80.61672
120656648,Global Pandemic,Dice Boulders > 1st pull off > Darnell Hollow > University Research Forest > Cheat Canyon > Northern WV > West Virginia,https://www.mountainproject.com/route/120656648/global-pandemic,3,Boulder,V4,1,NA,39.69248,-79.81151
120192432,Unknown,Ganja Bloc Aka Moon Board > Darkside East > Darnell Hollow > University Research Forest > Cheat Canyon > Northern WV > West Virginia,https://www.mountainproject.com/route/120192432/unknown,3,Boulder,V4,1,20,39.68889,-79.80131
120243284,Blade Knife,Blade Knife Boulder > 5th Pull Off (School Bus Area) > Darnell Hollow > University Research Forest > Cheat Canyon > Northern WV > West Virginia,https://www.mountainproject.com/route/120243284/blade-knife,3,Boulder,V6-7,1,NA,39.69067,-79.80243
120344412,Majordomo,The High Court > 5th Pull Off (School Bus Area) > Darnell Hollow > University Research Forest > Cheat Canyon > Northern WV > West Virginia,https://www.mountainproject.com/route/120344412/majordomo,3,Boulder,V4,1,NA,39.69094,-79.80152
118909304,American Grit Test,Exhibition Boulder > Junction Boulders > Snake Hill Wildlife Management Area > Cheat Canyon > Northern WV > West Virginia,https://www.mountainproject.com/route/118909304/american-grit-test,3,Boulder,V4,1,NA,39.62324,-79.83585
120978836,Afterbirth,Labor and Delivery Boulders > Labor and Delivery Area > In-Between Area > Coopers Rock State Forest > Northern WV > West Virginia,https://www.mountainproject.com/route/120978836/afterbirth,3,Boulder,V4,1,NA,39.63454,-79.80871
121416359,40 degrees of Heaven,Midnight rumble > Watch Top > Deer Skull Boulders > University Research Forest > Cheat Canyon > Northern WV > West Virginia,https://www.mountainproject.com/route/121416359/40-degrees-of-heaven,3.7,Boulder,V5,1,NA,39.66356,-79.81489
119703460,Twisted Lemon,Blind Faith Boulder > Darnell Hollow > University Research Forest > Cheat Canyon > Northern WV > West Virginia,https://www.mountainproject.com/route/119703460/twisted-lemon,3.3,Boulder,V5,1,NA,39.69213,-79.80508
120434753,It's Not That Hard,Lower Skittles Boulders > Snake Hill Wildlife Management Area > Cheat Canyon > Northern WV > West Virginia,https://www.mountainproject.com/route/120434753/its-not-that-hard,3,Boulder,V6,1,10,39.63357,-79.83734
122530497,Can't Get Off,Lightning Boulder > Lightning and Thunder Area > Woodshed Boulders > Coopers Rock State Forest > Northern WV > West Virginia,https://www.mountainproject.com/route/122530497/cant-get-off,3,Boulder,V4 PG13,1,NA,39.62899,-79.79175
120192439,Unknown,Ganja Bloc Aka Moon Board > Darkside East > Darnell Hollow > University Research Forest > Cheat Canyon > Northern WV > West Virginia,https://www.mountainproject.com/route/120192439/unknown,3,Boulder,V5,1,NA,39.68889,-79.80131
121338593,Watch your back,Watch your back > Upper Tier > Darnell Hollow > University Research Forest > Cheat Canyon > Northern WV > West Virginia,https://www.mountainproject.com/route/121338593/watch-your-back,3,Boulder,V5,1,NA,39.6911,-79.80128
118857099,The Mule and the Crane,Red Roof Boulder > First Bell Boulders > Snake Hill Wildlife Management Area > Cheat Canyon > Northern WV > West Virginia,https://www.mountainproject.com/route/118857099/the-mule-and-the-crane,3,Boulder,V4-5,1,NA,39.62683,-79.83892
119008785,Dr. Boinko's Homeopathic Bed Bug Remedy,Red Roof Boulder > First Bell Boulders > Snake Hill Wildlife Management Area > Cheat Canyon > Northern WV > West Virginia,https://www.mountainproject.com/route/119008785/dr-boinkos-homeopathic-bed-bug-remedy,3,Boulder,V4-5,1,NA,39.62683,-79.83892
122998521,Slug Evacuation,Future Roof Boulder > First Area Boulders > Rhododendron Trail Areas > Coopers Rock State Forest > Northern WV > West Virginia,https://www.mountainproject.com/route/122998521/slug-evacuation,2.5,Boulder,V4-5,1,NA,39.64215,-79.82036
122981567,Unknown 1,Cotton Top > Cotton Hill > New River Gorge Proper > The New River Gorge Region > West Virginia,https://www.mountainproject.com/route/122981567/unknown-1,3,Boulder,V6,1,20,38.1151,-81.14094
120434875,Dead Vert Project,Skittle Top Boulders > Snake Hill Wildlife Management Area > Cheat Canyon > Northern WV > West Virginia,https://www.mountainproject.com/route/120434875/dead-vert-project,3,Boulder,V8,1,12,39.63165,-79.83813
122161961,Portly Wonder Weasel,Shark Tooth > 5th Pull Off (School Bus Area) > Darnell Hollow > University Research Forest > Cheat Canyon > Northern WV > West Virginia,https://www.mountainproject.com/route/122161961/portly-wonder-weasel,3.1,Boulder,V4-5,1,NA,39.69066,-79.8022
118870473,Indecent Exposure,Hooligan boulder > Nemesis Boulders > Trad Wall Area > Snake Hill Wildlife Management Area > Cheat Canyon > Northern WV > West Virginia,https://www.mountainproject.com/route/118870473/indecent-exposure,3,Boulder,V5,1,NA,39.62839,-79.8375
123116059,The Velveteen Bean,Velveteen Bean Boulder > Eldorado > Furnace Road Areas > Coopers Rock State Forest > Northern WV > West Virginia,https://www.mountainproject.com/route/123116059/the-velveteen-bean,3,Boulder,V7,1,12,39.65544,-79.80086
120432191,Stolnik,The High Court > 5th Pull Off (School Bus Area) > Darnell Hollow > University Research Forest > Cheat Canyon > Northern WV > West Virginia,https://www.mountainproject.com/route/120432191/stolnik,3,Boulder,V4-5,1,NA,39.69094,-79.80152
122772969,Dope Contraption,4. Steve French Boulder > Laurel Trail Boulders > Tomlinson Run State Park > Northern Panhandle > Northern WV > West Virginia,https://www.mountainproject.com/route/122772969/dope-contraption,3,Boulder,V7,1,16,40.54714,-80.60309
122846128,Don’t Fear the Leaper,Taper Point Boulder > Cotton Top > Lower New River Gorge Bouldering > New River Gorge Proper > The New River Gorge Region > West Virginia,https://www.mountainproject.com/route/122846128/dont-fear-the-leaper,3,Boulder,V8,1,12,38.11579,-81.14159
119703002,All Natural,Eye Brow Boulders > Deer Skull Boulders > University Research Forest > Cheat Canyon > Northern WV > West Virginia,https://www.mountainproject.com/route/119703002/all-natural,3,Boulder,V4+,1,NA,39.66396,-79.8153
120434863,Fingers Roasting Over an Open Fire,Skittle Top Boulders > Snake Hill Wildlife Management Area > Cheat Canyon > Northern WV > West Virginia,https://www.mountainproject.com/route/120434863/fingers-roasting-over-an-open-fire,3,Boulder,V5,1,15,39.63165,-79.83813
120436719,Pencil Sharpener,Skittle Top Boulders > Snake Hill Wildlife Management Area > Cheat Canyon > Northern WV > West Virginia,https://www.mountainproject.com/route/120436719/pencil-sharpener,2,Boulder,V6,1,NA,39.63165,-79.83813
119840138,Living Life on The Rail,Living Life on The Rail > 5th Pull Off (School Bus Area) > Darnell Hollow > University Research Forest > Cheat Canyon > Northern WV > West Virginia,https://www.mountainproject.com/route/119840138/living-life-on-the-rail,3,Boulder,V4,1,NA,39.6907,-79.8025
121338769,Old Bike,Watch your back > Upper Tier > Darnell Hollow > University Research Forest > Cheat Canyon > Northern WV > West Virginia,https://www.mountainproject.com/route/121338769/old-bike,3,Boulder,V4,1,NA,39.6911,-79.80128
122532558,Broken Hearts and  Wine Bottles,Corridors > In-Between Area > Coopers Rock State Forest > Northern WV > West Virginia,https://www.mountainproject.com/route/122532558/broken-hearts-and-wine-bottles,3,Boulder,V4,1,14,39.63462,-79.80866
112556153,Sloticus,Ballard Trail Boulders > Kanawha State Forest > Southern WV > West Virginia,https://www.mountainproject.com/route/112556153/sloticus,3,Boulder,V4,1,10,38.26547,-81.66757
120434855,Chestnut Dab,Skittle Top Boulders > Snake Hill Wildlife Management Area > Cheat Canyon > Northern WV > West Virginia,https://www.mountainproject.com/route/120434855/chestnut-dab,3.5,Boulder,V6,1,15,39.63165,-79.83813
122070579,Standing Belief,Gnostic Cave > Deer Skull Boulders > University Research Forest > Cheat Canyon > Northern WV > West Virginia,https://www.mountainproject.com/route/122070579/standing-belief,3,Boulder,V6,1,10,39.66333,-79.81777
120434885,Grey or Gray?,Skittle Top Boulders > Snake Hill Wildlife Management Area > Cheat Canyon > Northern WV > West Virginia,https://www.mountainproject.com/route/120434885/grey-or-gray,3,Boulder,V6,1,10,39.63165,-79.83813
120243042,Mambo,Other Number 5 Boulder > 5th Pull Off (School Bus Area) > Darnell Hollow > University Research Forest > Cheat Canyon > Northern WV > West Virginia,https://www.mountainproject.com/route/120243042/mambo,3,Boulder,V4,1,NA,39.6905,-79.80135
122513187,Broken Hip,Over The Hill Boulders > McCollum Campground Boulders > Coopers Rock State Forest > Northern WV > West Virginia,https://www.mountainproject.com/route/122513187/broken-hip,3,Boulder,V4,1,12,39.63532,-79.7914
122513833,Bloodshot Eyes,Secret Spring Boulders > McCollum Campground Boulders > Coopers Rock State Forest > Northern WV > West Virginia,https://www.mountainproject.com/route/122513833/bloodshot-eyes,3,Boulder,V5+,1,10,39.63748,-79.79039
112556108,Nature Valley Left,Ballard Trail Boulders > Kanawha State Forest > Southern WV > West Virginia,https://www.mountainproject.com/route/112556108/nature-valley-left,3,Boulder,V6,1,25,38.26547,-81.66757
111074349,Slap and Tickle,Flux Boulder > Cotton Top > Lower New River Gorge Bouldering > New River Gorge Proper > The New River Gorge Region > West Virginia,https://www.mountainproject.com/route/111074349/slap-and-tickle,3,Boulder,V8,1,15,38.11568,-81.14191
112556068,Nature Valley Right,Ballard Trail Boulders > Kanawha State Forest > Southern WV > West Virginia,https://www.mountainproject.com/route/112556068/nature-valley-right,3,Boulder,V5,1,20,38.26547,-81.66757
123114655,Cellophane,Cellophane Boulder > First Area Boulders > Rhododendron Trail Areas > Coopers Rock State Forest > Northern WV > West Virginia,https://www.mountainproject.com/route/123114655/cellophane,3.5,Boulder,V5,1,NA,39.64268,-79.82037
122513805,Eye Drops,Secret Spring Boulders > McCollum Campground Boulders > Coopers Rock State Forest > Northern WV > West Virginia,https://www.mountainproject.com/route/122513805/eye-drops,3,Boulder,V4,1,12,39.63748,-79.79039
122999016,Jump Problem,The Sea > Upper Rock City > Coopers Rock State Forest > Northern WV > West Virginia,https://www.mountainproject.com/route/122999016/jump-problem,3,Boulder,V5,1,NA,39.63851,-79.81744
122998703,The Slot Taketh,The Sea > Upper Rock City > Coopers Rock State Forest > Northern WV > West Virginia,https://www.mountainproject.com/route/122998703/the-slot-taketh,3,Boulder,V7,1,NA,39.63851,-79.81744
123055670,Brawler,Prize Fighter Roof > Furnace Road Areas > Coopers Rock State Forest > Northern WV > West Virginia,https://www.mountainproject.com/route/123055670/brawler,3,Boulder,V4,1,14,39.653,-79.81547
122641089,SPF,2. Stigmaria Boulders > Camp 70 Boulders > Eastern WV > West Virginia,https://www.mountainproject.com/route/122641089/spf,3,Boulder,V6,1,8,39.12299,-79.4326
122728444,"Going, Going, Gone",5. The Daisy Cave > Laurel Trail Boulders > Tomlinson Run State Park > Northern Panhandle > Northern WV > West Virginia,https://www.mountainproject.com/route/122728444/going-going-gone,3,Boulder,V4,1,12,40.54721,-80.60521
122989202,Dino Agent,Stegosaurus Boulder > Underlook Trail Boulders > Coopers Rock State Forest > Northern WV > West Virginia,https://www.mountainproject.com/route/122989202/dino-agent,3,Boulder,V5,1,NA,39.63662,-79.81665
123210030,Joan Jett,Joan Jett Boulder > Green Acres > Powerline South > Raven Rock Trail Areas > Coopers Rock State Forest > Northern WV > West Virginia,https://www.mountainproject.com/route/123210030/joan-jett,3,Boulder,V6,1,12,39.62456,-79.80045
110262654,W goes to fontainzoo,Alcatraz/Fontainzoo/Mattehorn > Bozooka Area > Bozoo Bouldering > Bozoo > Southern WV > West Virginia,https://www.mountainproject.com/route/110262654/w-goes-to-fontainzoo,3,Boulder,V8,1,NA,37.47644,-80.8646
122633142,Locked n' Loaded,2. Stigmaria Boulders > Camp 70 Boulders > Eastern WV > West Virginia,https://www.mountainproject.com/route/122633142/locked-n-loaded,3,Boulder,V4-5 PG13,1,NA,39.12299,-79.4326
107966312,Brown Star,E. The Blok > Main Area Bouldering > Bozoo Bouldering > Bozoo > Southern WV > West Virginia,https://www.mountainproject.com/route/107966312/brown-star,3,Boulder,V4,1,12,37.4778,-80.8673
110270311,Little Boy,Little Boy > Powerline Proper > Powerline Boulders > Bozoo Bouldering > Bozoo > Southern WV > West Virginia,https://www.mountainproject.com/route/110270311/little-boy,3,Boulder,V4,1,12,37.47584,-80.86241
107966174,Ground's Keeper Willy,02. Simpson Wall > Bozoo > Southern WV > West Virginia,https://www.mountainproject.com/route/107966174/grounds-keeper-willy,3,Boulder,V4,1,NA,37.4803,-80.8704
108069739,D: Air Jordy Left,A: Air Jordy Boulder > Downstream Boulderfield > Bozoo Bouldering > Bozoo > Southern WV > West Virginia,https://www.mountainproject.com/route/108069739/d-air-jordy-left,3,Boulder,V5,1,NA,37.4829,-80.8749
108431638,E. Pocket Nouveau,A: Pocket Boulder > Main Area Bouldering > Bozoo Bouldering > Bozoo > Southern WV > West Virginia,https://www.mountainproject.com/route/108431638/e-pocket-nouveau,3,Boulder,V6,1,13,37.4776,-80.8664
109759860,Tiki,Bluestones > Stoned Hinge > Bozoo Bouldering > Bozoo > Southern WV > West Virginia,https://www.mountainproject.com/route/109759860/tiki,3,Boulder,V5,1,13,37.49504,-80.87219
122633074,Sarlacc Pit (left),2. Stigmaria Boulders > Camp 70 Boulders > Eastern WV > West Virginia,https://www.mountainproject.com/route/122633074/sarlacc-pit-left,3,Boulder,V4,1,12,39.12299,-79.4326
108814658,Bozoo Slow Hand,"C6: Upper Tier, Hermit's Cave > C: Talus Area > Downstream Boulderfield > Bozoo Bouldering > Bozoo > Southern WV > West Virginia",https://www.mountainproject.com/route/108814658/bozoo-slow-hand,3,Boulder,V4,1,10,37.48359,-80.87431
122646415,Crimptastic,Rohrbaugh Trail Boulders and Cliffs > Dolly Sods Region > Eastern WV > West Virginia,https://www.mountainproject.com/route/122646415/crimptastic,3,Boulder,V4,1,14,38.98778,-79.35345
108069744,E: Air Jordy Right,A: Air Jordy Boulder > Downstream Boulderfield > Bozoo Bouldering > Bozoo > Southern WV > West Virginia,https://www.mountainproject.com/route/108069744/e-air-jordy-right,3,Boulder,V5,1,12,37.4829,-80.8749
108729461,Crescentia,C2: 211 Spot Boulder > C: Talus Area > Downstream Boulderfield > Bozoo Bouldering > Bozoo > Southern WV > West Virginia,https://www.mountainproject.com/route/108729461/crescentia,3,Boulder,V4 PG13,1,NA,37.4838,-80.87403
123188282,Hideaway Traverse,Hideaway > North Boulders > Rhodo/Ridge Connector Trail Boulders > Rhododendron Trail Areas > Coopers Rock State Forest > Northern WV > West Virginia,https://www.mountainproject.com/route/123188282/hideaway-traverse,3,Boulder,V4,1,16,39.6442,-79.82547
108944196,Leopard Larvae,"C6: Upper Tier, Hermit's Cave > C: Talus Area > Downstream Boulderfield > Bozoo Bouldering > Bozoo > Southern WV > West Virginia",https://www.mountainproject.com/route/108944196/leopard-larvae,3,Boulder,V5,1,12,37.48359,-80.87431
108011531,D. Diamond Cross,H. EDucator Boulder > Main Area Bouldering > Bozoo Bouldering > Bozoo > Southern WV > West Virginia,https://www.mountainproject.com/route/108011531/d-diamond-cross,3,Boulder,V5,1,12,37.4782,-80.8675
107966363,Jump Start,The Bozooka Boulder > Bozooka Area > Bozoo Bouldering > Bozoo > Southern WV > West Virginia,https://www.mountainproject.com/route/107966363/jump-start,3,Boulder,V4,1,NA,37.4769,-80.8646
106771666,Matter Over Mind,The Brain Boulder > Bozooka Area > Bozoo Bouldering > Bozoo > Southern WV > West Virginia,https://www.mountainproject.com/route/106771666/matter-over-mind,3,Boulder,V5,1,8,37.4769,-80.8646
106590754,Slap and Squeeze,F:Slap'n'Squeeze Boulder > Downstream Boulderfield > Bozoo Bouldering > Bozoo > Southern WV > West Virginia,https://www.mountainproject.com/route/106590754/slap-and-squeeze,3,Boulder,V5-6,1,10,37.4839,-80.8749
106507388,A1,Fly Swatter Boulder > Flinger Area > Bozoo Bouldering > Bozoo > Southern WV > West Virginia,https://www.mountainproject.com/route/106507388/a1,3,Boulder,V4,1,15,37.4811,-80.8712
123227555,The Great Decider,Psychonaughts Boulder > Electric Avenue Area > Tilted Tree > Coopers Rock State Forest > Northern WV > West Virginia,https://www.mountainproject.com/route/123227555/the-great-decider,2,Boulder,V4,1,NA,39.63209,-79.80458
123384782,Isn't His Name Rick?,Rich McCrankin Cave > Site 6 Boulders > Rhododendron Campground Boulders > Coopers Rock State Forest > Northern WV > West Virginia,https://www.mountainproject.com/route/123384782/isnt-his-name-rick,3,Boulder,V4,1,NA,39.64144,-79.81365
123407713,Brachiosaurus Gets Bronchitis,Raptor Cave > Cracklandia > Powerline South > Raven Rock Trail Areas > Coopers Rock State Forest > Northern WV > West Virginia,https://www.mountainproject.com/route/123407713/brachiosaurus-gets-bronchitis,3,Boulder,V4,1,NA,39.62389,-79.79837
123407848,Brainless Brawn,The Choss Factory > Cracklandia > Powerline South > Raven Rock Trail Areas > Coopers Rock State Forest > Northern WV > West Virginia,https://www.mountainproject.com/route/123407848/brainless-brawn,3,Boulder,V4,1,NA,39.6251,-79.79825
123467467,Nietzsche Goes to the Arcade,Nietzsche Boulder > Short Creek Left > Short Creek Bouldering > Beauty Mountain > New River Gorge Proper > The New River Gorge Region > West Virginia,https://www.mountainproject.com/route/123467467/nietzsche-goes-to-the-arcade,3,Boulder,V4 PG13,1,18,38.05443,-81.0351
123467790,The Weird One,The Weird Boulder > Short Creek Left > Short Creek Bouldering > Beauty Mountain > New River Gorge Proper > The New River Gorge Region > West Virginia,https://www.mountainproject.com/route/123467790/the-weird-one,3,Boulder,V4,1,12,38.05462,-81.03373
123467745,Humpty Hump,The Weird Boulder > Short Creek Left > Short Creek Bouldering > Beauty Mountain > New River Gorge Proper > The New River Gorge Region > West Virginia,https://www.mountainproject.com/route/123467745/humpty-hump,3.1,Boulder,V5,1,16,38.05462,-81.03373
123319453,Scuttle Roof,Scuttle Roof Corridor > Eldorado > Furnace Road Areas > Coopers Rock State Forest > Northern WV > West Virginia,https://www.mountainproject.com/route/123319453/scuttle-roof,3,Boulder,V5-6,1,NA,39.6552,-79.80085
123409515,Trials and Tribulations,Whale Boulder > Central Area Boulders > Needleseye Boulder Park > The New River Gorge Region > West Virginia,https://www.mountainproject.com/route/123409515/trials-and-tribulations,3,Boulder,V5-6,1,20,37.98154,-81.12242
123229754,Troy's Tinfoil Trick,Offwidth Roof > Cracklandia > Powerline South > Raven Rock Trail Areas > Coopers Rock State Forest > Northern WV > West Virginia,https://www.mountainproject.com/route/123229754/troys-tinfoil-trick,3,Boulder,V6,1,NA,39.62523,-79.79904
123319354,Dermal Divots,Eldorado Roofs > Eldorado > Furnace Road Areas > Coopers Rock State Forest > Northern WV > West Virginia,https://www.mountainproject.com/route/123319354/dermal-divots,3,Boulder,V6,1,NA,39.65525,-79.80079
123356424,Anabolic Acrobat,Bendable Boulder > Greenbrier Boulders > Furnace Road Areas > Coopers Rock State Forest > Northern WV > West Virginia,https://www.mountainproject.com/route/123356424/anabolic-acrobat,2.6,Boulder,V6,1,NA,39.6558,-79.81807
123356446,Minnie and McCoy,Bendable Boulder > Greenbrier Boulders > Furnace Road Areas > Coopers Rock State Forest > Northern WV > West Virginia,https://www.mountainproject.com/route/123356446/minnie-and-mccoy,2.8,Boulder,V6,1,NA,39.6558,-79.81807
123384692,Rich McCrankin,Rich McCrankin Cave > Site 6 Boulders > Rhododendron Campground Boulders > Coopers Rock State Forest > Northern WV > West Virginia,https://www.mountainproject.com/route/123384692/rich-mccrankin,3,Boulder,V6,1,NA,39.64144,-79.81365
123399049,Velociraptor Jesus,Raptor Cave > Cracklandia > Powerline South > Raven Rock Trail Areas > Coopers Rock State Forest > Northern WV > West Virginia,https://www.mountainproject.com/route/123399049/velociraptor-jesus,3,Boulder,V6+,1,NA,39.62389,-79.79837
123411621,Moon Pocket,Moon Pocket Boulder > Greenbrier Boulders > Furnace Road Areas > Coopers Rock State Forest > Northern WV > West Virginia,https://www.mountainproject.com/route/123411621/moon-pocket,3,Boulder,V6-7,1,NA,39.65612,-79.81916
123467551,Burlesque,Burlesque Boulder > Short Creek Left > Short Creek Bouldering > Beauty Mountain > New River Gorge Proper > The New River Gorge Region > West Virginia,https://www.mountainproject.com/route/123467551/burlesque,3,Boulder,V7,1,15,38.05412,-81.03519
123229731,40 Lashes Minus One.,Offwidth Roof > Cracklandia > Powerline South > Raven Rock Trail Areas > Coopers Rock State Forest > Northern WV > West Virginia,https://www.mountainproject.com/route/123229731/40-lashes-minus-one,3,Boulder,V7-8,1,NA,39.62523,-79.79904
115127758,Couldawouldashoulda,V9s Boulder > Cotton Bottom > Lower New River Gorge Bouldering > New River Gorge Proper > The New River Gorge Region > West Virginia,https://www.mountainproject.com/route/115127758/couldawouldashoulda,2.1,Boulder,V4,1,8,38.11547,-81.14354
120316685,Sepia,Black and White Boulder > Sunshine Boulders > New River Gorge Proper > The New River Gorge Region > West Virginia,https://www.mountainproject.com/route/120316685/sepia,2.4,Boulder,V6,1,12,38.07358,-81.08592
114210930,Crimpin' Like a Mother,Light Rays Boulder > Short Creek Right > Short Creek Bouldering > Beauty Mountain > New River Gorge Proper > The New River Gorge Region > West Virginia,https://www.mountainproject.com/route/114210930/crimpin-like-a-mother,2.8,Boulder,V5,1,NA,38.05496,-81.03566
118705761,Finger Wrecker (aka Career Ender),Font Boulders > Entrance Boulders > Upper Rock City > Coopers Rock State Forest > Northern WV > West Virginia,https://www.mountainproject.com/route/118705761/finger-wrecker-aka-career-ender,2.4,Boulder,V4,1,8,39.63797,-79.81721
118768786,The True Graduation,First Wall Left > First Wall > Tilted Tree > Coopers Rock State Forest > Northern WV > West Virginia,https://www.mountainproject.com/route/118768786/the-true-graduation,3,Boulder,V4,1,NA,39.6339,-79.80606
118851435,Anger Management Problem,Lost in Moss Boulder > Junction Boulders > Snake Hill Wildlife Management Area > Cheat Canyon > Northern WV > West Virginia,https://www.mountainproject.com/route/118851435/anger-management-problem,2.8,Boulder,V4-5,1,NA,39.62285,-79.8356
112030003,S&M Roof,Tilted Tree Corridor > Tilted Tree Area > Tilted Tree > Coopers Rock State Forest > Northern WV > West Virginia,https://www.mountainproject.com/route/112030003/sm-roof,3,Boulder,V5,1,NA,39.63321,-79.80525
118578799,Drums in the Deep,Malone Boulder > Cotton Bottom > Lower New River Gorge Bouldering > New River Gorge Proper > The New River Gorge Region > West Virginia,https://www.mountainproject.com/route/118578799/drums-in-the-deep,2.4,Boulder,V4,1,NA,38.11552,-81.14362
115127636,Cross Section,Slitty Titty Boulder > Cotton Bottom > Lower New River Gorge Bouldering > New River Gorge Proper > The New River Gorge Region > West Virginia,https://www.mountainproject.com/route/115127636/cross-section,2.5,Boulder,V4,1,18,38.11576,-81.14353
119023543,Half Hunkered Lizard,County Line South > County Line Boulders > Park Entrance Areas > Coopers Rock State Forest > Northern WV > West Virginia,https://www.mountainproject.com/route/119023543/half-hunkered-lizard,2.7,Boulder,V4-5,1,NA,39.64907,-79.78648
115127483,Mighty Fine Shindig,Cotton Top > Cotton Hill > New River Gorge Proper > The New River Gorge Region > West Virginia,https://www.mountainproject.com/route/115127483/mighty-fine-shindig,2.8,Boulder,V5,1,14,38.1151,-81.14094
121901526,Pebble Without a Cause,05a. Pebble Boulder > Meadow Top Boulders > Meadow River Gorge > The New River Gorge Region > West Virginia,https://www.mountainproject.com/route/121901526/pebble-without-a-cause,2.4,Boulder,V4,1,NA,38.15333,-80.93023
107495175,Unnamed (left of Roundhouse),Roundhouse Boulder > Roundhouse Area > Upper Rock City > Coopers Rock State Forest > Northern WV > West Virginia,https://www.mountainproject.com/route/107495175/unnamed-left-of-roundhouse,2.7,Boulder,V5-,1,NA,39.63772,-79.81797
114354984,Beached Whale,Whale Boulder > Roundhouse Area > Upper Rock City > Coopers Rock State Forest > Northern WV > West Virginia,https://www.mountainproject.com/route/114354984/beached-whale,2.5,Boulder,V4,1,6,39.63789,-79.81842
121600430,Soft Goods,Fayette Station Boulders > New River Gorge Proper > The New River Gorge Region > West Virginia,https://www.mountainproject.com/route/121600430/soft-goods,2.6,Boulder,V5,1,10,38.068,-81.08255
118782362,Momma Direct,Junkyard Cave > Junkyard Area > New River Gorge Proper > The New River Gorge Region > West Virginia,https://www.mountainproject.com/route/118782362/momma-direct,2.5,Boulder,V7,1,NA,38.08454,-81.08123
114232030,Master Blaster,Sunshine Boulder > Sunshine Boulders > New River Gorge Proper > The New River Gorge Region > West Virginia,https://www.mountainproject.com/route/114232030/master-blaster,2.3,Boulder,V7,1,14,38.0733,-81.08549
114234553,Occam's Razor,Tilted Tree Corridor > Tilted Tree Area > Tilted Tree > Coopers Rock State Forest > Northern WV > West Virginia,https://www.mountainproject.com/route/114234553/occams-razor,2.6,Boulder,V5,1,9,39.63321,-79.80525
115965427,Beach Ball Physics,White Eyebrow Boulder > Hawk's Nest Proper > Lower New River Gorge Bouldering > New River Gorge Proper > The New River Gorge Region > West Virginia,https://www.mountainproject.com/route/115965427/beach-ball-physics,2.6,Boulder,V5,1,10,38.11781,-81.13181
117676211,Lock Jaw,Big Blocks > Sunset Wall Area > Roadside > Coopers Rock State Forest > Northern WV > West Virginia,https://www.mountainproject.com/route/117676211/lock-jaw,2.4,Boulder,V4,1,NA,39.63509,-79.81075
117033913,Lip Lock,Malone Boulder > Cotton Bottom > Lower New River Gorge Bouldering > New River Gorge Proper > The New River Gorge Region > West Virginia,https://www.mountainproject.com/route/117033913/lip-lock,2.1,Boulder,V4,1,10,38.11552,-81.14362
119899667,Miss Piggy,Pig Iron Boulder > Furnace Trail Boulders > Furnace Road Areas > Coopers Rock State Forest > Northern WV > West Virginia,https://www.mountainproject.com/route/119899667/miss-piggy,2.6,Boulder,V5,1,NA,39.65123,-79.82384
117778628,Pocketsock Variation #2,Tomb Raider > Tomb Raider Area > Upper Rock City > Coopers Rock State Forest > Northern WV > West Virginia,https://www.mountainproject.com/route/117778628/pocketsock-variation-2,2.7,Boulder,V4,1,15,39.63807,-79.81754
111074142,Unknown,Malone Boulder > Cotton Bottom > Lower New River Gorge Bouldering > New River Gorge Proper > The New River Gorge Region > West Virginia,https://www.mountainproject.com/route/111074142/unknown,2.8,Boulder,V4,1,10,38.11552,-81.14362
111847825,40 Thieves,Ali Bubba Cave > Short Creek Bouldering > Beauty Mountain > New River Gorge Proper > The New River Gorge Region > West Virginia,https://www.mountainproject.com/route/111847825/40-thieves,2.5,Boulder,V8,1,NA,38.05628,-81.03456
120177106,The Key of Hell and Death,Rhodo Cave > Rhododendron Trail Areas > Coopers Rock State Forest > Northern WV > West Virginia,https://www.mountainproject.com/route/120177106/the-key-of-hell-and-death,3.2,Boulder,V4,1,15,39.64472,-79.82429
119180377,Microchip,1. Powerline Boulders > Camp 70 Boulders > Eastern WV > West Virginia,https://www.mountainproject.com/route/119180377/microchip,2.5,Boulder,V4,1,7,39.13486,-79.43886
118080924,Blue Problem,Bowling Ball Boulder (Gym Face) > Coral Area > Tilted Tree > Coopers Rock State Forest > Northern WV > West Virginia,https://www.mountainproject.com/route/118080924/blue-problem,2.5,Boulder,V5,1,NA,39.63305,-79.80666
118706067,Broken Shells,The Shaft Boulders > McCollum Campground Boulders > Coopers Rock State Forest > Northern WV > West Virginia,https://www.mountainproject.com/route/118706067/broken-shells,2.5,Boulder,V4 PG13,1,35,39.63824,-79.78862
121415423,Andrew arete,Step Roof > Deer Skull Boulders > University Research Forest > Cheat Canyon > Northern WV > West Virginia,https://www.mountainproject.com/route/121415423/andrew-arete,2.5,Boulder,V6,1,NA,39.66329,-79.81778
122998785,Imploding the Mirage,The Sea > Upper Rock City > Coopers Rock State Forest > Northern WV > West Virginia,https://www.mountainproject.com/route/122998785/imploding-the-mirage,2.7,Boulder,V5-6,1,NA,39.63851,-79.81744
123123786,The Big Year,Bird Watcher Boulders > First Area Boulders > Rhododendron Trail Areas > Coopers Rock State Forest > Northern WV > West Virginia,https://www.mountainproject.com/route/123123786/the-big-year,2.8,Boulder,V6,1,12,39.64273,-79.82041
114174978,Short,Ballard Trail Boulders > Kanawha State Forest > Southern WV > West Virginia,https://www.mountainproject.com/route/114174978/short,2.5,Boulder,V6-7,1,10,38.26547,-81.66757
123060436,What Would Water Do,Gundercling Boulder > Casey Jones > Lower New River Gorge Bouldering > New River Gorge Proper > The New River Gorge Region > West Virginia,https://www.mountainproject.com/route/123060436/what-would-water-do,3.1,Boulder,V5,1,NA,38.11359,-81.14357
107881114,Throwin Hundreds,Bear Rock Lake Bouldering (Wheeling) > Northern Panhandle > Northern WV > West Virginia,https://www.mountainproject.com/route/107881114/throwin-hundreds,2.5,Boulder,V4,1,15,40.0763,-80.5333
110057143,Squeeze Problem,Streamside Boulder I > Bozooka Area > Bozoo Bouldering > Bozoo > Southern WV > West Virginia,https://www.mountainproject.com/route/110057143/squeeze-problem,2.5,Boulder,V5-,1,NA,37.47727,-80.86509
108011549,F. Special ED,H. EDucator Boulder > Main Area Bouldering > Bozoo Bouldering > Bozoo > Southern WV > West Virginia,https://www.mountainproject.com/route/108011549/f-special-ed,2.5,Boulder,V5,1,NA,37.4782,-80.8675
106747630,Din Mahk (AKA: Driver 8),E. The Blok > Main Area Bouldering > Bozoo Bouldering > Bozoo > Southern WV > West Virginia,https://www.mountainproject.com/route/106747630/din-mahk-aka-driver-8,2,Boulder,V7,1,7,37.4778,-80.8673
106747636,Gangster Lean (AKA: Grinding for Tips),E. The Blok > Main Area Bouldering > Bozoo Bouldering > Bozoo > Southern WV > West Virginia,https://www.mountainproject.com/route/106747636/gangster-lean-aka-grinding-for-tips,2.5,Boulder,V6,1,12,37.4778,-80.8673
115318851,Orange-Black Problem,Bowling Ball Boulder (Gym Face) > Coral Area > Tilted Tree > Coopers Rock State Forest > Northern WV > West Virginia,https://www.mountainproject.com/route/115318851/orange-black-problem,2.3,Boulder,V4,1,10,39.63305,-79.80666
107035379,Lightning Bolt,Tendon Repair Kit Area > Roadside > Coopers Rock State Forest > Northern WV > West Virginia,https://www.mountainproject.com/route/107035379/lightning-bolt,2.3,Boulder,V4,1,NA,39.63561,-79.81205
106747644,Hershey Squirt,B. Hershey Boulder > Main Area Bouldering > Bozoo Bouldering > Bozoo > Southern WV > West Virginia,https://www.mountainproject.com/route/106747644/hershey-squirt,2.3,Boulder,V5,1,7,37.4776,-80.8673
111074126,Aqua Man,Malone Boulder > Cotton Bottom > Lower New River Gorge Bouldering > New River Gorge Proper > The New River Gorge Region > West Virginia,https://www.mountainproject.com/route/111074126/aqua-man,2.7,Boulder,V8,1,10,38.11552,-81.14362
121901490,New River School of Pinchcraft and Crimpery,06. Crimpin' Boulder > Meadow Top Boulders > Meadow River Gorge > The New River Gorge Region > West Virginia,https://www.mountainproject.com/route/121901490/new-river-school-of-pinchcraft-and-crimpery,2.2,Boulder,V4,1,NA,38.1532,-80.93027
115573109,Mr. Weenie Sends,Jaws Boulder > Bridge Boulders > Bridge Area > New River Gorge Proper > The New River Gorge Region > West Virginia,https://www.mountainproject.com/route/115573109/mr-weenie-sends,2.5,Boulder,V4+,1,NA,38.072,-81.07998
115172837,White Boy Bob,Ronski Feint > Interp Boulders > New River Gorge Proper > The New River Gorge Region > West Virginia,https://www.mountainproject.com/route/115172837/white-boy-bob,2.1,Boulder,V4,1,NA,38.07878,-81.07696
117034022,Steel Fingers,Leaving Las Fayetteville Boulder > Hawk's Nest Proper > Lower New River Gorge Bouldering > New River Gorge Proper > The New River Gorge Region > West Virginia,https://www.mountainproject.com/route/117034022/steel-fingers,2,Boulder,V5,1,NA,38.11762,-81.13159
120728339,Positronic Cop,Tuggin' Shack > Interp Boulders > New River Gorge Proper > The New River Gorge Region > West Virginia,https://www.mountainproject.com/route/120728339/positronic-cop,2.7,Boulder,V4,1,NA,38.07878,-81.07696
111073995,Cash Money,Slitty Titty Boulder > Cotton Bottom > Lower New River Gorge Bouldering > New River Gorge Proper > The New River Gorge Region > West Virginia,https://www.mountainproject.com/route/111073995/cash-money,2.2,Boulder,V4,1,15,38.11576,-81.14353
111074005,Full Frontal Nudity,Slitty Titty Boulder > Cotton Bottom > Lower New River Gorge Bouldering > New River Gorge Proper > The New River Gorge Region > West Virginia,https://www.mountainproject.com/route/111074005/full-frontal-nudity,2.2,Boulder,V5,1,12,38.11576,-81.14353
121901555,Bridge of Sighs,03. Corsair Boulder > Meadow Top Boulders > Meadow River Gorge > The New River Gorge Region > West Virginia,https://www.mountainproject.com/route/121901555/bridge-of-sighs,2,Boulder,V4,1,NA,38.15325,-80.93077
115127730,Farm Boy,Slitty Titty Boulder > Cotton Bottom > Lower New River Gorge Bouldering > New River Gorge Proper > The New River Gorge Region > West Virginia,https://www.mountainproject.com/route/115127730/farm-boy,2,Boulder,V4,1,15,38.11576,-81.14353
106531205,Intension,Ape Rage Boulder > Bozooka Area > Bozoo Bouldering > Bozoo > Southern WV > West Virginia,https://www.mountainproject.com/route/106531205/intension,2,Boulder,V6,1,10,37.4769,-80.8646
108937049,Dugout Traverse,C. The Dugout > Main Area Bouldering > Bozoo Bouldering > Bozoo > Southern WV > West Virginia,https://www.mountainproject.com/route/108937049/dugout-traverse,2,Boulder,V4,1,NA,37.4776,-80.8672
107966299,Dorough Problem?,E. The Blok > Main Area Bouldering > Bozoo Bouldering > Bozoo > Southern WV > West Virginia,https://www.mountainproject.com/route/107966299/dorough-problem,2.2,Boulder,V4,1,NA,37.4778,-80.8673
106531080,C. Pocket Direct,A: Pocket Boulder > Main Area Bouldering > Bozoo Bouldering > Bozoo > Southern WV > West Virginia,https://www.mountainproject.com/route/106531080/c-pocket-direct,2,Boulder,V4,1,11,37.4776,-80.8664
117129010,Sloper Dyno,Moby Boulder > Moby Area > Tilted Tree > Coopers Rock State Forest > Northern WV > West Virginia,https://www.mountainproject.com/route/117129010/sloper-dyno,2,Boulder,V6,1,10,39.63388,-79.80663
121528902,Suction,Casey Jones Boulder > Casey Jones > Lower New River Gorge Bouldering > New River Gorge Proper > The New River Gorge Region > West Virginia,https://www.mountainproject.com/route/121528902/suction,2.3,Boulder,V6,1,8,38.11356,-81.14335
120177155,Stigmaria,Rhodo Cave > Rhododendron Trail Areas > Coopers Rock State Forest > Northern WV > West Virginia,https://www.mountainproject.com/route/120177155/stigmaria,2,Boulder,V6,1,15,39.64472,-79.82429
117826076,Pocketsock Variation #3,Tomb Raider > Tomb Raider Area > Upper Rock City > Coopers Rock State Forest > Northern WV > West Virginia,https://www.mountainproject.com/route/117826076/pocketsock-variation-3,2,Boulder,V6,1,20,39.63807,-79.81754
120177142,Backbreaker,Rhodo Cave > Rhododendron Trail Areas > Coopers Rock State Forest > Northern WV > West Virginia,https://www.mountainproject.com/route/120177142/backbreaker,2.7,Boulder,V5-6,1,25,39.64472,-79.82429
121859499,Meadow View Traverse,1 Entrance boulder > Spruce Knob Bouldering > Eastern WV > West Virginia,https://www.mountainproject.com/route/121859499/meadow-view-traverse,2.7,"Boulder, Alpine",V4,1,8,38.69824,-79.53443
114232041,Slappin' the Quiche,Sunshine Boulder > Sunshine Boulders > New River Gorge Proper > The New River Gorge Region > West Virginia,https://www.mountainproject.com/route/114232041/slappin-the-quiche,2,Boulder,V7,1,10,38.0733,-81.08549
123116213,Sibley and Peterson,Bird Watcher Boulders > First Area Boulders > Rhododendron Trail Areas > Coopers Rock State Forest > Northern WV > West Virginia,https://www.mountainproject.com/route/123116213/sibley-and-peterson,2,Boulder,V4,1,12,39.64273,-79.82041
120656592,Intravenous Injection,Dice Boulders > 1st pull off > Darnell Hollow > University Research Forest > Cheat Canyon > Northern WV > West Virginia,https://www.mountainproject.com/route/120656592/intravenous-injection,2,Boulder,V5,1,NA,39.69248,-79.81151
121859800,Alpine Dog East,5 Alpine Dog boulder > Spruce Knob Bouldering > Eastern WV > West Virginia,https://www.mountainproject.com/route/121859800/alpine-dog-east,2.7,"Boulder, Alpine",V4,1,6,38.69791,-79.53462
115172955,O Face,Moe Boulder > Moe Area > Interp Boulders > New River Gorge Proper > The New River Gorge Region > West Virginia,https://www.mountainproject.com/route/115172955/o-face,2,Boulder,V5,1,NA,38.07878,-81.07696
107041768,Rhode Way,Tilted Tree Corridor > Tilted Tree Area > Tilted Tree > Coopers Rock State Forest > Northern WV > West Virginia,https://www.mountainproject.com/route/107041768/rhode-way,2.3,Boulder,V4-5,1,NA,39.63321,-79.80525
107966230,Destro,J: 45 Deg Wall > J: Highlander Area > Main Area Bouldering > Bozoo Bouldering > Bozoo > Southern WV > West Virginia,https://www.mountainproject.com/route/107966230/destro,2,Boulder,V7,1,8,37.478,-80.8667
107968907,Trickle Dynamics,C. The Dugout > Main Area Bouldering > Bozoo Bouldering > Bozoo > Southern WV > West Virginia,https://www.mountainproject.com/route/107968907/trickle-dynamics,2,Boulder,V5,1,NA,37.4776,-80.8672
106536708,The Scoop,G. The Bozoo Roof > Main Area Bouldering > Bozoo Bouldering > Bozoo > Southern WV > West Virginia,https://www.mountainproject.com/route/106536708/the-scoop,2,Boulder,V4-,1,NA,37.4778,-80.8678
106536744,Ankle Grater Problem,C. The Dugout > Main Area Bouldering > Bozoo Bouldering > Bozoo > Southern WV > West Virginia,https://www.mountainproject.com/route/106536744/ankle-grater-problem,2,Boulder,V4,1,10,37.4776,-80.8672
119346086,Way of the Gun (sit-start),Fayette Station Boulders > New River Gorge Proper > The New River Gorge Region > West Virginia,https://www.mountainproject.com/route/119346086/way-of-the-gun-sit-start,2.8,Boulder,V9,1,15,38.068,-81.08255
118716834,Crazy Times,Tilted Tree Corridor > Tilted Tree Area > Tilted Tree > Coopers Rock State Forest > Northern WV > West Virginia,https://www.mountainproject.com/route/118716834/crazy-times,2,Boulder,V6-7,1,NA,39.63321,-79.80525
118150163,Flight of the Defibrillator,02. Mechanical Sensei Boulder > Meadow Top Boulders > Meadow River Gorge > The New River Gorge Region > West Virginia,https://www.mountainproject.com/route/118150163/flight-of-the-defibrillator,2,Boulder,V9-,1,12,38.15277,-80.92832
121909894,Zaragoza,Zaragoza Boulders > McCollum Campground Boulders > Coopers Rock State Forest > Northern WV > West Virginia,https://www.mountainproject.com/route/121909894/zaragoza,2,Boulder,V4,1,12,39.63377,-79.79169
122168367,Make Like the Sphynx,08. Egyptian Boulder > Meadow Top Boulders > Meadow River Gorge > The New River Gorge Region > West Virginia,https://www.mountainproject.com/route/122168367/make-like-the-sphynx,2.3,Boulder,V5-6,1,9,38.15359,-80.93483
121490495,Mortal Curse Traverse,Popcorn Boulder > Wheeling Heritage Trail Boulders > Northern Panhandle > Northern WV > West Virginia,https://www.mountainproject.com/route/121490495/mortal-curse-traverse,2,Boulder,V6,1,20,40.07332,-80.70597
121003531,Odin,07. The Cave > Meadow Top Boulders > Meadow River Gorge > The New River Gorge Region > West Virginia,https://www.mountainproject.com/route/121003531/odin,3,Boulder,V9 PG13,1,35,38.15368,-80.93441
118331036,Prince Ali,Ali Bubba Cave > Short Creek Bouldering > Beauty Mountain > New River Gorge Proper > The New River Gorge Region > West Virginia,https://www.mountainproject.com/route/118331036/prince-ali,2,Boulder,V9,1,10,38.05628,-81.03456
120330855,Easy Overlooker,Mellifluous > Fern Point Bouldering > Endless Wall > New River Gorge Proper > The New River Gorge Region > West Virginia,https://www.mountainproject.com/route/120330855/easy-overlooker,2,Boulder,V4,1,12,38.05534,-81.06356
112358317,Sweet Baby Rays,T) BBQ Babies Cave > Endless Wall > New River Gorge Proper > The New River Gorge Region > West Virginia,https://www.mountainproject.com/route/112358317/sweet-baby-rays,2.7,Boulder,V7,1,NA,38.05528,-81.03875
117114705,Crack Project,“The Prize” Sector > Cheat Canyon Wildlife Management Area > Cheat Canyon > Northern WV > West Virginia,https://www.mountainproject.com/route/117114705/crack-project,2,Boulder,V11-12,1,15,39.51394,-79.65676
121227503,Tiki Torch,Ronski Feint > Interp Boulders > New River Gorge Proper > The New River Gorge Region > West Virginia,https://www.mountainproject.com/route/121227503/tiki-torch,3,Boulder,V8,1,NA,38.07878,-81.07696
121553418,Turn for the Worst,Popcorn Boulder > Jekyll and Hyde Area > Lower Rock City > Coopers Rock State Forest > Northern WV > West Virginia,https://www.mountainproject.com/route/121553418/turn-for-the-worst,2,Boulder,V7,1,NA,39.64166,-79.82783
122426372,Man-Bat,Trundling Boulder > Sunset Wall Area > Roadside > Coopers Rock State Forest > Northern WV > West Virginia,https://www.mountainproject.com/route/122426372/man-bat,2.5,Boulder,V6,1,12,39.63444,-79.81091
122269004,Phenomenance,Ceiling Block Area > Roadside > Coopers Rock State Forest > Northern WV > West Virginia,https://www.mountainproject.com/route/122269004/phenomenance,2,Boulder,V5,1,NA,39.63559,-79.81191
120330867,Overlooker Right,Mellifluous > Fern Point Bouldering > Endless Wall > New River Gorge Proper > The New River Gorge Region > West Virginia,https://www.mountainproject.com/route/120330867/overlooker-right,2,Boulder,V6,1,12,38.05534,-81.06356
119495998,Hole of Suffering,7. The Cut (South) > Camp 70 Boulders > Eastern WV > West Virginia,https://www.mountainproject.com/route/119495998/hole-of-suffering,2,Boulder,V4,1,5,39.13654,-79.43695
119180492,Lost And Found Arete,1. Powerline Boulders > Camp 70 Boulders > Eastern WV > West Virginia,https://www.mountainproject.com/route/119180492/lost-and-found-arete,2,Boulder,V4,1,8,39.13486,-79.43886
121495909,Popcorn Project,Popcorn Boulder > Wheeling Heritage Trail Boulders > Northern Panhandle > Northern WV > West Virginia,https://www.mountainproject.com/route/121495909/popcorn-project,2,Boulder,V8,1,8,40.07332,-80.70597
121910168,Ironclad,Zaragoza Boulders > McCollum Campground Boulders > Coopers Rock State Forest > Northern WV > West Virginia,https://www.mountainproject.com/route/121910168/ironclad,2,Boulder,V6,1,12,39.63377,-79.79169
119486232,Slimp Shady,8. The Cut (North) > Camp 70 Boulders > Eastern WV > West Virginia,https://www.mountainproject.com/route/119486232/slimp-shady,2,Boulder,V9,1,10,39.137,-79.43637
106590739,Raven Riley?,C3: Hermit's Cave > C: Talus Area > Downstream Boulderfield > Bozoo Bouldering > Bozoo > Southern WV > West Virginia,https://www.mountainproject.com/route/106590739/raven-riley,2,Boulder,V5,1,8,37.48376,-80.87402
120192369,Slopey Rail,Ganja Bloc Aka Moon Board > Darkside East > Darnell Hollow > University Research Forest > Cheat Canyon > Northern WV > West Virginia,https://www.mountainproject.com/route/120192369/slopey-rail,2,Boulder,V7,1,15,39.68889,-79.80131
115127506,The Dancing Outlaw,Bat Cave Boulder > Cotton Bottom > Lower New River Gorge Bouldering > New River Gorge Proper > The New River Gorge Region > West Virginia,https://www.mountainproject.com/route/115127506/the-dancing-outlaw,2.5,Boulder,V5,1,16,38.11765,-81.14388
112358352,Shoulder Shock,T) BBQ Babies Cave > Endless Wall > New River Gorge Proper > The New River Gorge Region > West Virginia,https://www.mountainproject.com/route/112358352/shoulder-shock,2,Boulder,V6,1,NA,38.05528,-81.03875
114456062,"Ninjas Have Real, Ultimate Power",Highball Boulder > Cotton Bottom > Lower New River Gorge Bouldering > New River Gorge Proper > The New River Gorge Region > West Virginia,https://www.mountainproject.com/route/114456062/ninjas-have-real-ultimate-power,2,Boulder,V5,1,12,38.11547,-81.14354
120221546,The Hammer (SUS),Roadside Boulder > Big Wheeling Creek Boulders > Northern Panhandle > Northern WV > West Virginia,https://www.mountainproject.com/route/120221546/the-hammer-sus,2,Boulder,V5,1,10,39.98089,-80.61672
120720870,Sandbaggo Grande,Ceiling Block Area > Roadside > Coopers Rock State Forest > Northern WV > West Virginia,https://www.mountainproject.com/route/120720870/sandbaggo-grande,2,Boulder,V4,1,NA,39.63559,-79.81191
123193961,Two Seasons,East Block > Road Blocks (Route 73) > Park Entrance Areas > Coopers Rock State Forest > Northern WV > West Virginia,https://www.mountainproject.com/route/123193961/two-seasons,2,Boulder,V4-5,1,NA,39.66111,-79.8051
119486269,Cueva Verde,8. The Cut (North) > Camp 70 Boulders > Eastern WV > West Virginia,https://www.mountainproject.com/route/119486269/cueva-verde,2,Boulder,V5,1,6,39.137,-79.43637
121557046,Habitat for Futility,Fox Tail > 1st pull off > Darnell Hollow > University Research Forest > Cheat Canyon > Northern WV > West Virginia,https://www.mountainproject.com/route/121557046/habitat-for-futility,2,Boulder,V5,1,17,39.69256,-79.81061
119685211,Stretch Armstrong,7. The Cut (South) > Camp 70 Boulders > Eastern WV > West Virginia,https://www.mountainproject.com/route/119685211/stretch-armstrong,2,Boulder,V5,1,12,39.13654,-79.43695
115127523,The Penguin,Bat Cave Boulder > Cotton Bottom > Lower New River Gorge Bouldering > New River Gorge Proper > The New River Gorge Region > West Virginia,https://www.mountainproject.com/route/115127523/the-penguin,2,Boulder,V4,1,15,38.11765,-81.14388
120408338,Bonsai,Karate Kid Boulder > Junction Boulders > Snake Hill Wildlife Management Area > Cheat Canyon > Northern WV > West Virginia,https://www.mountainproject.com/route/120408338/bonsai,2,Boulder,V7,1,NA,39.62307,-79.83492
120499043,Pursuit of pain,Sunset Boulder > 5th Pull Off (School Bus Area) > Darnell Hollow > University Research Forest > Cheat Canyon > Northern WV > West Virginia,https://www.mountainproject.com/route/120499043/pursuit-of-pain,2,Boulder,V7,1,NA,39.6907,-79.80241
114175004,Stout,Ballard Trail Boulders > Kanawha State Forest > Southern WV > West Virginia,https://www.mountainproject.com/route/114175004/stout,2,Boulder,V7+,1,10,38.26547,-81.66757
117003454,Smears for Fears,Smears Boulder > Meadow Top Boulders > Meadow River Gorge > The New River Gorge Region > West Virginia,https://www.mountainproject.com/route/117003454/smears-for-fears,2,Boulder,V4,1,20,38.15421,-80.9361
122998554,Future Roof Traverse,Future Roof Boulder > First Area Boulders > Rhododendron Trail Areas > Coopers Rock State Forest > Northern WV > West Virginia,https://www.mountainproject.com/route/122998554/future-roof-traverse,2,Boulder,V6-7,1,NA,39.64215,-79.82036
120498598,Moist Crack,Rainy day roof > Upper Tier > Darnell Hollow > University Research Forest > Cheat Canyon > Northern WV > West Virginia,https://www.mountainproject.com/route/120498598/moist-crack,2,Boulder,V5-6,1,NA,39.69208,-79.80232
121413420,Razor Campus,Step Roof > Deer Skull Boulders > University Research Forest > Cheat Canyon > Northern WV > West Virginia,https://www.mountainproject.com/route/121413420/razor-campus,2,Boulder,V5,1,NA,39.66329,-79.81778
120498182,Rastafarian,Rainy day roof > Upper Tier > Darnell Hollow > University Research Forest > Cheat Canyon > Northern WV > West Virginia,https://www.mountainproject.com/route/120498182/rastafarian,2,Boulder,V5,1,NA,39.69208,-79.80232
122512639,Slap Crack and Pop,Breakfast Boulders > McCollum Campground Boulders > Coopers Rock State Forest > Northern WV > West Virginia,https://www.mountainproject.com/route/122512639/slap-crack-and-pop,2,Boulder,V4,1,10,39.63827,-79.79028
122533780,Bear Hug,Bear’s Den > In-Between Area > Coopers Rock State Forest > Northern WV > West Virginia,https://www.mountainproject.com/route/122533780/bear-hug,2,Boulder,V4,1,12,39.63463,-79.80879
123213894,The Blob,Land's End Boulder > Meadow Top Boulders > Meadow River Gorge > The New River Gorge Region > West Virginia,https://www.mountainproject.com/route/123213894/the-blob,2,Boulder,V6,1,8,38.15443,-80.93717
112556183,Traverse Project,Ballard Trail Boulders > Kanawha State Forest > Southern WV > West Virginia,https://www.mountainproject.com/route/112556183/traverse-project,2,Boulder,V6,1,20,38.26547,-81.66757
123115465,The Golden Sunlight Dims,Crimson Crack Boulder > Triangle Boulders > Greenbrier Boulders > Furnace Road Areas > Coopers Rock State Forest > Northern WV > West Virginia,https://www.mountainproject.com/route/123115465/the-golden-sunlight-dims,2.3,Boulder,V5,1,NA,39.65574,-79.81872
112556133,Square-Up,Ballard Trail Boulders > Kanawha State Forest > Southern WV > West Virginia,https://www.mountainproject.com/route/112556133/square-up,2,Boulder,V4,1,10,38.26547,-81.66757
123098575,Casual Insanity,The Nut House > Tilted Tree > Coopers Rock State Forest > Northern WV > West Virginia,https://www.mountainproject.com/route/123098575/casual-insanity,2,Boulder,V6,1,12,39.63404,-79.80727
122998693,The Tree Giveth,The Sea > Upper Rock City > Coopers Rock State Forest > Northern WV > West Virginia,https://www.mountainproject.com/route/122998693/the-tree-giveth,2,Boulder,V5,1,NA,39.63851,-79.81744
122981604,Unknown 2,Cotton Top > Cotton Hill > New River Gorge Proper > The New River Gorge Region > West Virginia,https://www.mountainproject.com/route/122981604/unknown-2,2,Boulder,V4,1,20,38.1151,-81.14094
122988648,Burliest Boi Project,Entrechat Boulder > Underlook Trail Boulders > Coopers Rock State Forest > Northern WV > West Virginia,https://www.mountainproject.com/route/122988648/burliest-boi-project,2,Boulder,V8-9,1,NA,39.63693,-79.81666
123091128,Rainy Day Roof,County Line North > County Line Boulders > Park Entrance Areas > Coopers Rock State Forest > Northern WV > West Virginia,https://www.mountainproject.com/route/123091128/rainy-day-roof,2.5,Boulder,V6-7,1,17,39.65033,-79.78579
111074356,Van Vleek,Flux Boulder > Cotton Top > Lower New River Gorge Bouldering > New River Gorge Proper > The New River Gorge Region > West Virginia,https://www.mountainproject.com/route/111074356/van-vleek,2,Boulder,V4,1,10,38.11568,-81.14191
123095913,Prize Fighter,Prize Fighter Roof > Furnace Road Areas > Coopers Rock State Forest > Northern WV > West Virginia,https://www.mountainproject.com/route/123095913/prize-fighter,2,Boulder,V6,1,12,39.653,-79.81547
122601445,Jaded Stand,Boulder G > Hawk's Nest Proper > Lower New River Gorge Bouldering > New River Gorge Proper > The New River Gorge Region > West Virginia,https://www.mountainproject.com/route/122601445/jaded-stand,2.3,Boulder,V5,1,8,38.11822,-81.13178
122976821,Boogerball,Boogerball Boulder > Rhododendron Trail Areas > Coopers Rock State Forest > Northern WV > West Virginia,https://www.mountainproject.com/route/122976821/boogerball,2,Boulder,V6,1,8,39.64317,-79.82311
109999222,Thug Dang,Lyman's Boulder > Bozooka Area > Bozoo Bouldering > Bozoo > Southern WV > West Virginia,https://www.mountainproject.com/route/109999222/thug-dang,2,Boulder,V5,1,9,37.4769,-80.8646
123099850,Lithium,The Nut House > Tilted Tree > Coopers Rock State Forest > Northern WV > West Virginia,https://www.mountainproject.com/route/123099850/lithium,2,Boulder,V4,1,10,39.63404,-79.80727
123132867,Notmucha Roof,Notmucha Roof > Notmucha Boulders > Rhododendron Trail Areas > Coopers Rock State Forest > Northern WV > West Virginia,https://www.mountainproject.com/route/123132867/notmucha-roof,2,Boulder,V5,1,10,39.64301,-79.82108
122772954,The Big Package,4. Steve French Boulder > Laurel Trail Boulders > Tomlinson Run State Park > Northern Panhandle > Northern WV > West Virginia,https://www.mountainproject.com/route/122772954/the-big-package,2,Boulder,V5,1,12,40.54714,-80.60309
106754727,Kung Foo Hand,The Brain Boulder > Bozooka Area > Bozoo Bouldering > Bozoo > Southern WV > West Virginia,https://www.mountainproject.com/route/106754727/kung-foo-hand,2,Boulder,V6,1,12,37.4769,-80.8646
122727497,Squeeze Pump,3. The Pump Cave > Laurel Trail Boulders > Tomlinson Run State Park > Northern Panhandle > Northern WV > West Virginia,https://www.mountainproject.com/route/122727497/squeeze-pump,2,Boulder,V5,1,8,40.54617,-80.60221
123188315,Mountain Bike Mantle,Trailside Boulder > South Boulders > Rhodo/Ridge Connector Trail Boulders > Rhododendron Trail Areas > Coopers Rock State Forest > Northern WV > West Virginia,https://www.mountainproject.com/route/123188315/mountain-bike-mantle,2,Boulder,V4,1,8,39.64375,-79.8251
110234894,Delta Rae,Streamside Boulder II > Bozooka Area > Bozoo Bouldering > Bozoo > Southern WV > West Virginia,https://www.mountainproject.com/route/110234894/delta-rae,2,Boulder,V5,1,NA,37.4764,-80.86472
108937890,Kick Start My Heart,C2: 211 Spot Boulder > C: Talus Area > Downstream Boulderfield > Bozoo Bouldering > Bozoo > Southern WV > West Virginia,https://www.mountainproject.com/route/108937890/kick-start-my-heart,2,Boulder,V4+,1,12,37.4838,-80.87403
123027958,Ripples,Powerline North > Raven Rock Trail Areas > Coopers Rock State Forest > Northern WV > West Virginia,https://www.mountainproject.com/route/123027958/ripples,2,Boulder,V4,1,10,39.6377,-79.80415
122727545,Pump Cave,3. The Pump Cave > Laurel Trail Boulders > Tomlinson Run State Park > Northern Panhandle > Northern WV > West Virginia,https://www.mountainproject.com/route/122727545/pump-cave,2,Boulder,V4,1,10,40.54617,-80.60221
110234888,Right Face Climb,Streamside Boulder II > Bozooka Area > Bozoo Bouldering > Bozoo > Southern WV > West Virginia,https://www.mountainproject.com/route/110234888/right-face-climb,2,Boulder,V4,1,12,37.4764,-80.86472
122633123,Flip Tip Toe,2. Stigmaria Boulders > Camp 70 Boulders > Eastern WV > West Virginia,https://www.mountainproject.com/route/122633123/flip-tip-toe,2,Boulder,V4 PG13,1,NA,39.12299,-79.4326
122785267,Tractor Beam project,2. UFO Boulder > Laurel Trail Boulders > Tomlinson Run State Park > Northern Panhandle > Northern WV > West Virginia,https://www.mountainproject.com/route/122785267/tractor-beam-project,2,Boulder,V6,1,8,40.54595,-80.60252
108954377,Death Row R,Alcatraz/Fontainzoo/Mattehorn > Bozooka Area > Bozoo Bouldering > Bozoo > Southern WV > West Virginia,https://www.mountainproject.com/route/108954377/death-row-r,2,Boulder,V5,1,12,37.47644,-80.8646
108935331,Ride the White Horse,Nose Candy Boulder > Stoned Hinge > Bozoo Bouldering > Bozoo > Southern WV > West Virginia,https://www.mountainproject.com/route/108935331/ride-the-white-horse,2,Boulder,V4,1,10,37.49488,-80.87206
107966290,Martha Stewart,B. Hershey Boulder > Main Area Bouldering > Bozoo Bouldering > Bozoo > Southern WV > West Virginia,https://www.mountainproject.com/route/107966290/martha-stewart,2,Boulder,V4,1,NA,37.4776,-80.8673
108008477,Gepetto,Roadisde Euphoria Boulder > Roadside > Entryway Boulders > Bozoo Bouldering > Bozoo > Southern WV > West Virginia,https://www.mountainproject.com/route/108008477/gepetto,2,Boulder,V4,1,13,37.4733,-80.8574
107978411,Extra Mileage,H: Flow Boulder > Downstream Boulderfield > Bozoo Bouldering > Bozoo > Southern WV > West Virginia,https://www.mountainproject.com/route/107978411/extra-mileage,2,Boulder,V4,1,12,37.48369,-80.8757
122646538,Cloud Shadow,Rohrbaugh Trail Boulders and Cliffs > Dolly Sods Region > Eastern WV > West Virginia,https://www.mountainproject.com/route/122646538/cloud-shadow,2,Boulder,V4,1,14,38.98778,-79.35345
107966219,Crumbs,J: 45 Deg Wall > J: Highlander Area > Main Area Bouldering > Bozoo Bouldering > Bozoo > Southern WV > West Virginia,https://www.mountainproject.com/route/107966219/crumbs,2,Boulder,V4,1,20,37.478,-80.8667
108011514,B.Traverse,H. EDucator Boulder > Main Area Bouldering > Bozoo Bouldering > Bozoo > Southern WV > West Virginia,https://www.mountainproject.com/route/108011514/btraverse,2,Boulder,V4,1,NA,37.4782,-80.8675
106537103,The Bozoo Roof (Crack Only),G. The Bozoo Roof > Main Area Bouldering > Bozoo Bouldering > Bozoo > Southern WV > West Virginia,https://www.mountainproject.com/route/106537103/the-bozoo-roof-crack-only,2,Boulder,V5,1,15,37.4778,-80.8678
106771673,Brain Drain,The Brain Boulder > Bozooka Area > Bozoo Bouldering > Bozoo > Southern WV > West Virginia,https://www.mountainproject.com/route/106771673/brain-drain,2,Boulder,V4,1,8,37.4769,-80.8646
106758389,Chameleon Arete,E: Multi-Dihedral Boulder > Downstream Boulderfield > Bozoo Bouldering > Bozoo > Southern WV > West Virginia,https://www.mountainproject.com/route/106758389/chameleon-arete,2,Boulder,V4,1,12,37.4839,-80.8747
106543866,Unknown8,The Bozooka Boulder > Bozooka Area > Bozoo Bouldering > Bozoo > Southern WV > West Virginia,https://www.mountainproject.com/route/106543866/unknown8,2,Boulder,V4+,1,8,37.4769,-80.8646
106607869,D1,D: Cliffside Boulder > Downstream Boulderfield > Bozoo Bouldering > Bozoo > Southern WV > West Virginia,https://www.mountainproject.com/route/106607869/d1,2,Boulder,V4,1,15,37.4832,-80.8745
123467484,Much Like Hold,Lowdown Popcorn Boulder > Short Creek Left > Short Creek Bouldering > Beauty Mountain > New River Gorge Proper > The New River Gorge Region > West Virginia,https://www.mountainproject.com/route/123467484/much-like-hold,2,Boulder,V4,1,15,38.05413,-81.03509
123467721,The Bouncer,Fern Creek Boulders > New River Gorge Proper > The New River Gorge Region > West Virginia,https://www.mountainproject.com/route/123467721/the-bouncer,2.2,Boulder,V4,1,18,38.06019,-81.06851
123409639,Disco Lemonade,Whale Boulder > Central Area Boulders > Needleseye Boulder Park > The New River Gorge Region > West Virginia,https://www.mountainproject.com/route/123409639/disco-lemonade,2,Boulder,V4-5,1,20,37.98154,-81.12242
123467398,Appalachian Arithmetic,Appalachian Arithmetic > Short Creek Left > Short Creek Bouldering > Beauty Mountain > New River Gorge Proper > The New River Gorge Region > West Virginia,https://www.mountainproject.com/route/123467398/appalachian-arithmetic,2,Boulder,V8,1,20,38.05491,-81.03364
123522189,Room with a View,Motorcycle Rocks > Haystack Area > Underlook Trail Boulders > Coopers Rock State Forest > Northern WV > West Virginia,https://www.mountainproject.com/route/123522189/room-with-a-view,2.3,Boulder,V8-9,1,10,39.6358,-79.81508
123289087,That's No Moon,Tier 2 Boulders > Moby Area > Tilted Tree > Coopers Rock State Forest > Northern WV > West Virginia,https://www.mountainproject.com/route/123289087/thats-no-moon,2,Boulder,V9,1,12,39.6339,-79.80704
123407751,Lazer Raptor Project,Raptor Cave > Cracklandia > Powerline South > Raven Rock Trail Areas > Coopers Rock State Forest > Northern WV > West Virginia,https://www.mountainproject.com/route/123407751/lazer-raptor-project,2,Boulder,V10-11,1,NA,39.62389,-79.79837
117622130,Or How I Learned How to Stop Worrying and Love the Mantel Right,Mushroom Boulder (Picnic Table) > Upper Rock City > Coopers Rock State Forest > Northern WV > West Virginia,https://www.mountainproject.com/route/117622130/or-how-i-learned-how-to-stop-worrying-and-love-the-mantel-right,2,Boulder,V5,1,12,39.63972,-79.81768
120320580,Openly Reggae,Black and White Boulder > Sunshine Boulders > New River Gorge Proper > The New River Gorge Region > West Virginia,https://www.mountainproject.com/route/120320580/openly-reggae,2.3,Boulder,V4,1,15,38.07358,-81.08592
120667638,Stupid's Corner,Curly Boulder > Moe Area > Interp Boulders > New River Gorge Proper > The New River Gorge Region > West Virginia,https://www.mountainproject.com/route/120667638/stupids-corner,2.2,Boulder,V6,1,15,38.07807,-81.07878
123467546,Rainy Day Science,Burlesque Boulder > Short Creek Left > Short Creek Bouldering > Beauty Mountain > New River Gorge Proper > The New River Gorge Region > West Virginia,https://www.mountainproject.com/route/123467546/rainy-day-science,3.6,Boulder,V5,1,12,38.05412,-81.03519
108856235,FontainZoo,Alcatraz/Fontainzoo/Mattehorn > Bozooka Area > Bozoo Bouldering > Bozoo > Southern WV > West Virginia,https://www.mountainproject.com/route/108856235/fontainzoo,3,Boulder,V6,1,10,37.47644,-80.8646
108069735,B: Champions Arete (Right),A: Air Jordy Boulder > Downstream Boulderfield > Bozoo Bouldering > Bozoo > Southern WV > West Virginia,https://www.mountainproject.com/route/108069735/b-champions-arete-right,2,Boulder,V6-7,1,10,37.4829,-80.8749
123548884,Big Daddy Pincher,Fat Rat Boulders > Furnace Road Areas > Coopers Rock State Forest > Northern WV > West Virginia,https://www.mountainproject.com/route/123548884/big-daddy-pincher,3,Boulder,V3-4,1,NA,39.65046,-79.82148
123643732,Heartbreak Station,Boxcar Boulder > East Boulders > Valley Falls State Park > Northern WV > West Virginia,https://www.mountainproject.com/route/123643732/heartbreak-station,4,Boulder,V3-4,1,12,39.39189,-80.08046
123646619,The Artist,Artist Point Area > Rocky Trail Eastside > Main Area > Valley Falls State Park > Northern WV > West Virginia,https://www.mountainproject.com/route/123646619/the-artist,3.9,Boulder,V3-4,1,10,39.3998,-80.09024
124033333,In A Pinch,Bear Rock Lake Bouldering (Wheeling) > Northern Panhandle > Northern WV > West Virginia,https://www.mountainproject.com/route/124033333/in-a-pinch,2,Boulder,V3-4,1,12,40.0763,-80.5333
123860676,Southern Chicken Kick,1st boulder > 1st pull off > Darnell Hollow > University Research Forest > Cheat Canyon > Northern WV > West Virginia,https://www.mountainproject.com/route/123860676/southern-chicken-kick,4,Boulder,V3-4,1,NA,39.69256,-79.81154
123767550,Soan Roof,Soan Roof > Darkside West > Darnell Hollow > University Research Forest > Cheat Canyon > Northern WV > West Virginia,https://www.mountainproject.com/route/123767550/soan-roof,3,Boulder,V3-4 PG13,1,NA,39.68928,-79.80667
123881496,Micro Blading,Micro Bus Boulder > 5th Pull Off (School Bus Area) > Darnell Hollow > University Research Forest > Cheat Canyon > Northern WV > West Virginia,https://www.mountainproject.com/route/123881496/micro-blading,3,Boulder,V3-4,1,NA,39.69062,-79.80168
124164897,Banana Fanna fo Fanna,Two Roof Boulder > Jekyll and Hyde Area > Lower Rock City > Coopers Rock State Forest > Northern WV > West Virginia,https://www.mountainproject.com/route/124164897/banana-fanna-fo-fanna,2.5,Boulder,V3-4,1,12,39.64149,-79.82793
124332601,Daddy’s Rock Puzzle Extension,T-Block > T-Block Area > Wonderland Ridge > Furnace Road Areas > Coopers Rock State Forest > Northern WV > West Virginia,https://www.mountainproject.com/route/124332601/daddys-rock-puzzle-extension,4,Boulder,V3-4 PG13,1,NA,39.65407,-79.83047
124333399,Abstraction,Trough Slab > Raven's Rock Proper > Powerline South > Raven Rock Trail Areas > Coopers Rock State Forest > Northern WV > West Virginia,https://www.mountainproject.com/route/124333399/abstraction,4,Boulder,V3-4,1,NA,39.62075,-79.7991
123764351,Erosion Arete,Erosion Arete > 1st pull off > Darnell Hollow > University Research Forest > Cheat Canyon > Northern WV > West Virginia,https://www.mountainproject.com/route/123764351/erosion-arete,4,Boulder,V3-4,1,NA,39.69231,-79.81203
126791937,West Virginia Smile,Luxury Liner > East Side Boulders > Needleseye Boulder Park > The New River Gorge Region > West Virginia,https://www.mountainproject.com/route/126791937/west-virginia-smile,3.5,Boulder,V3-4,1,30,37.98364,-81.11311
123764468,PMSing Neanderthal,Offwidth Boulder > Darkside East > Darnell Hollow > University Research Forest > Cheat Canyon > Northern WV > West Virginia,https://www.mountainproject.com/route/123764468/pmsing-neanderthal,4,Boulder,V3-4,1,NA,39.6893,-79.80287
123630630,Loric,Hearsay Boulder > West End Boulders > Needleseye Boulder Park > The New River Gorge Region > West Virginia,https://www.mountainproject.com/route/123630630/loric,4,Boulder,V3-4,1,NA,37.98124,-81.12497
124946874,Soaked Hallicinations,Wet Dream Boulder > Greenbrier Boulders > Furnace Road Areas > Coopers Rock State Forest > Northern WV > West Virginia,https://www.mountainproject.com/route/124946874/soaked-hallicinations,2,Boulder,V3-4,1,NA,39.65655,-79.81887
124946884,Drenched Illusions,Wet Dream Boulder > Greenbrier Boulders > Furnace Road Areas > Coopers Rock State Forest > Northern WV > West Virginia,https://www.mountainproject.com/route/124946884/drenched-illusions,2,Boulder,V3-4,1,NA,39.65655,-79.81887
124946904,Thirst Trap,Wet Dream Boulder > Greenbrier Boulders > Furnace Road Areas > Coopers Rock State Forest > Northern WV > West Virginia,https://www.mountainproject.com/route/124946904/thirst-trap,2,Boulder,V3-4,1,NA,39.65655,-79.81887
124990408,Crescent,Crescent Boulder > Greenbrier Boulders > Furnace Road Areas > Coopers Rock State Forest > Northern WV > West Virginia,https://www.mountainproject.com/route/124990408/crescent,3,Boulder,V3-4,1,NA,39.65696,-79.81992
201747826,Cheap and Nasty,Threshold Boulder > First Area Boulders > Rhododendron Trail Areas > Coopers Rock State Forest > Northern WV > West Virginia,https://www.mountainproject.com/route/201747826/cheap-and-nasty,2,Boulder,V3-4,1,NA,39.64218,-79.82027
125346146,Too Fast to Gatekeep,Axe Head Boulder > Axe Head Area > Rattlesnake Trail Boulders > Coopers Rock State Forest > Northern WV > West Virginia,https://www.mountainproject.com/route/125346146/too-fast-to-gatekeep,2,Boulder,V3-4,1,NA,39.63969,-79.82223
125364510,Hang N' Drop,Hang N' Drop Boulder > Trailside Boulders > Rattlesnake Trail Boulders > Coopers Rock State Forest > Northern WV > West Virginia,https://www.mountainproject.com/route/125364510/hang-n-drop,2,Boulder,V3-4,1,NA,39.63792,-79.82005
126792051,Life Finds a Way,Luxury Liner > East Side Boulders > Needleseye Boulder Park > The New River Gorge Region > West Virginia,https://www.mountainproject.com/route/126792051/life-finds-a-way,2,Boulder,V3-4,1,5,37.98364,-81.11311
125452106,Face Planted,Long Walk Boulder > Tsunami Area > Tilted Tree > Coopers Rock State Forest > Northern WV > West Virginia,https://www.mountainproject.com/route/125452106/face-planted,2,Boulder,V3-4,1,NA,39.63225,-79.80683
124989289,Pulp Free,Tiger Wall > Polly Trail - Kanawha State Forest > Kanawha State Forest > Southern WV > West Virginia,https://www.mountainproject.com/route/124989289/pulp-free,2.5,Boulder,V3-4,1,10,38.25744,-81.67625
125689950,Curled Edge,The Cranny > Entrance Boulders > Upper Rock City > Coopers Rock State Forest > Northern WV > West Virginia,https://www.mountainproject.com/route/125689950/curled-edge,2,Boulder,V3-4,1,NA,39.63824,-79.81714
126689019,Eukaryotic Initiation Factor 4E,Huntington Museum of Art > Huntington/Barboursville > Southern WV > West Virginia,https://www.mountainproject.com/route/126689019/eukaryotic-initiation-factor-4e,3,Boulder,V4-,1,9,38.39329,-82.43453
124516336,Grave Robber,The Diamond and The Cave Area > In-Between Area > Coopers Rock State Forest > Northern WV > West Virginia,https://www.mountainproject.com/route/124516336/grave-robber,3,Boulder,V4-,1,12,39.63499,-79.80994
124516596,Saturday Night Fever,The Diamond and The Cave Area > In-Between Area > Coopers Rock State Forest > Northern WV > West Virginia,https://www.mountainproject.com/route/124516596/saturday-night-fever,2.8,Boulder,V4-,1,12,39.63499,-79.80994
124578859,Cellulite District,Ceiling Block Area > Roadside > Coopers Rock State Forest > Northern WV > West Virginia,https://www.mountainproject.com/route/124578859/cellulite-district,4,"TR, Boulder",V4- PG13,1,28,39.63559,-79.81191
123547091,Winnie's Lair,Toppled Tower Boulder > Hawk's Nest Proper > Lower New River Gorge Bouldering > New River Gorge Proper > The New River Gorge Region > West Virginia,https://www.mountainproject.com/route/123547091/winnies-lair,2.5,Boulder,V4,1,5,38.11814,-81.13176
123548904,Cookie Arete,Fat Rat Boulders > Furnace Road Areas > Coopers Rock State Forest > Northern WV > West Virginia,https://www.mountainproject.com/route/123548904/cookie-arete,3,Boulder,V4,1,NA,39.65046,-79.82148
125742390,Border Crisis,Lick Run Arete > Lick Run > University Research Forest > Cheat Canyon > Northern WV > West Virginia,https://www.mountainproject.com/route/125742390/border-crisis,2,Boulder,V4,1,10,39.66616,-79.7682
126419673,Cat Nip,The Sea > Upper Rock City > Coopers Rock State Forest > Northern WV > West Virginia,https://www.mountainproject.com/route/126419673/cat-nip,4,Boulder,V4,1,12,39.63851,-79.81744
123643707,Playin’ on the Tracks,Boxcar Boulder > East Boulders > Valley Falls State Park > Northern WV > West Virginia,https://www.mountainproject.com/route/123643707/playin-on-the-tracks,4,Boulder,V4,1,12,39.39189,-80.08046
123649278,ORIF,Surgery Boulder > Rocky Trail Westside > Main Area > Valley Falls State Park > Northern WV > West Virginia,https://www.mountainproject.com/route/123649278/orif,3,Boulder,V4 PG13,1,23,39.40034,-80.09103
123650511,Juniper’s Adventure,Burnt Cabin Area > Rocky Trail Eastside > Main Area > Valley Falls State Park > Northern WV > West Virginia,https://www.mountainproject.com/route/123650511/junipers-adventure,3.5,Boulder,V4,1,12,39.39975,-80.09018
201463705,How U Want 2 B,Zippa Boulder > Libor Trail Boulders > Rhododendron Campground Boulders > Coopers Rock State Forest > Northern WV > West Virginia,https://www.mountainproject.com/route/201463705/how-u-want-2-b,3,Boulder,V4,1,NA,39.64448,-79.81436
200781287,Mono If Ya Nasty,Block Party Area > Greenbrier Boulders > Furnace Road Areas > Coopers Rock State Forest > Northern WV > West Virginia,https://www.mountainproject.com/route/200781287/mono-if-ya-nasty,3,Boulder,V4,1,15,39.65729,-79.8186
123666415,Broken Ballerina,Artist Point Area > Rocky Trail Eastside > Main Area > Valley Falls State Park > Northern WV > West Virginia,https://www.mountainproject.com/route/123666415/broken-ballerina,4,Boulder,V4,1,12,39.3998,-80.09024
202211480,Rivercut,Indiana Boulders > The Wall Boulders > Rhododendron Campground Boulders > Coopers Rock State Forest > Northern WV > West Virginia,https://www.mountainproject.com/route/202211480/rivercut,3,Boulder,V4,1,NA,39.64567,-79.81799
123704450,Watercolors,Artist Point Area > Rocky Trail Eastside > Main Area > Valley Falls State Park > Northern WV > West Virginia,https://www.mountainproject.com/route/123704450/watercolors,4,Boulder,V4,1,10,39.3998,-80.09024
124326895,Shark Fin,Shark Fin Boulder > Satellite Area > Glade Run > University Research Forest > Cheat Canyon > Northern WV > West Virginia,https://www.mountainproject.com/route/124326895/shark-fin,3,Boulder,V4,1,18,39.66751,-79.7714
201463241,Hacksaw Jettison,Jettison Boulder > Libor Trail Boulders > Rhododendron Campground Boulders > Coopers Rock State Forest > Northern WV > West Virginia,https://www.mountainproject.com/route/201463241/hacksaw-jettison,4,Boulder,V4,1,17,39.64426,-79.8141
123734101,Cosmetic Surgery,Surgery Boulder > Rocky Trail Westside > Main Area > Valley Falls State Park > Northern WV > West Virginia,https://www.mountainproject.com/route/123734101/cosmetic-surgery,3,Boulder,V4,1,NA,39.40034,-80.09103
202211340,Burly Girly,Burly Girly > Libor Trail Boulders > Rhododendron Campground Boulders > Coopers Rock State Forest > Northern WV > West Virginia,https://www.mountainproject.com/route/202211340/burly-girly,3,Boulder,V4,1,NA,39.6453,-79.81613
126751004,Sous Vide,Sous Vide Boulder > Limelight Area > Wonderland Ridge > Furnace Road Areas > Coopers Rock State Forest > Northern WV > West Virginia,https://www.mountainproject.com/route/126751004/sous-vide,3,Boulder,V4,1,NA,39.65322,-79.82885
126157300,All Time Low,Scrittle Scuttle > First Area Boulders > Rhododendron Trail Areas > Coopers Rock State Forest > Northern WV > West Virginia,https://www.mountainproject.com/route/126157300/all-time-low,3.2,Boulder,V4,1,15,39.64237,-79.8196
123614127,Perpetual Motion Machine,Cooper’s Office > Park Entrance Areas > Coopers Rock State Forest > Northern WV > West Virginia,https://www.mountainproject.com/route/123614127/perpetual-motion-machine,3,Boulder,V4,1,30,39.66183,-79.78069
127248160,General Arete,Generational Rediscovery Boulder > Trailside Boulders > Rattlesnake Trail Boulders > Coopers Rock State Forest > Northern WV > West Virginia,https://www.mountainproject.com/route/127248160/general-arete,2,Boulder,V4,1,NA,39.63893,-79.82219
123854273,Cyberbullying,09. Bacon Corridor > Meadow Top Boulders > Meadow River Gorge > The New River Gorge Region > West Virginia,https://www.mountainproject.com/route/123854273/cyberbullying,1.9,Boulder,V4,1,12,38.15371,-80.93504
123854663,Hydro Halt,9. Dam Good Boulders > Camp 70 Boulders > Eastern WV > West Virginia,https://www.mountainproject.com/route/123854663/hydro-halt,3,Boulder,V4,1,7,39.12863,-79.44951
200568412,Slam Dunk,Light Rays Boulder > Short Creek Right > Short Creek Bouldering > Beauty Mountain > New River Gorge Proper > The New River Gorge Region > West Virginia,https://www.mountainproject.com/route/200568412/slam-dunk,2.5,Boulder,V4,1,10,38.05496,-81.03566
123935425,Over the Moon,Below the Moon Boulder > Sunset Wall Area > Roadside > Coopers Rock State Forest > Northern WV > West Virginia,https://www.mountainproject.com/route/123935425/over-the-moon,2.5,Boulder,V4 PG13,1,NA,39.6344,-79.81104
125687517,Tomorrow's Harvest,King Charles III Boulder > Lick Run > University Research Forest > Cheat Canyon > Northern WV > West Virginia,https://www.mountainproject.com/route/125687517/tomorrows-harvest,4,Boulder,V4,1,20,39.66639,-79.76925
201748814,Salamander Eviction,Threshold Boulder > First Area Boulders > Rhododendron Trail Areas > Coopers Rock State Forest > Northern WV > West Virginia,https://www.mountainproject.com/route/201748814/salamander-eviction,3,Boulder,V4,1,12,39.64218,-79.82027
201576547,Hillbilly Chandelier,East Lynn Lake Dam Shelter 3 > East Lynn > Southern WV > West Virginia,https://www.mountainproject.com/route/201576547/hillbilly-chandelier,3.5,Boulder,V4,1,15,38.14685,-82.38234
123752892,Tree four,Step Roof > Deer Skull Boulders > University Research Forest > Cheat Canyon > Northern WV > West Virginia,https://www.mountainproject.com/route/123752892/tree-four,3,Boulder,V4,1,15,39.66329,-79.81778
124053942,To Those That Wander,Roam Boulder > Big Pine Area > Lower Rock City > Coopers Rock State Forest > Northern WV > West Virginia,https://www.mountainproject.com/route/124053942/to-those-that-wander,4,Boulder,V4,1,NA,39.64195,-79.82903
201463697,Ripopgodazippa,Zippa Boulder > Libor Trail Boulders > Rhododendron Campground Boulders > Coopers Rock State Forest > Northern WV > West Virginia,https://www.mountainproject.com/route/201463697/ripopgodazippa,3,Boulder,V4,1,NA,39.64448,-79.81436
124049563,Walk of Weakness,Weakness Boulder > Jekyll and Hyde Area > Lower Rock City > Coopers Rock State Forest > Northern WV > West Virginia,https://www.mountainproject.com/route/124049563/walk-of-weakness,3.5,Boulder,V4 PG13,1,22,39.64169,-79.82705
124054006,Weakness Ensues,Weakness Boulder > Jekyll and Hyde Area > Lower Rock City > Coopers Rock State Forest > Northern WV > West Virginia,https://www.mountainproject.com/route/124054006/weakness-ensues,2,Boulder,V4,1,NA,39.64169,-79.82705
126833615,Big Pinch,Second Wall > Tilted Tree > Coopers Rock State Forest > Northern WV > West Virginia,https://www.mountainproject.com/route/126833615/big-pinch,4,Boulder,V4,1,12,39.63469,-79.80768
124067912,Gobstopper,Wonka Cave > Summersville (Gauley River) Area > The New River Gorge Region > West Virginia,https://www.mountainproject.com/route/124067912/gobstopper,3.5,Boulder,V4,1,16,38.20448,-80.89332
124093012,Loop d'Loop,Cliff Top Boulder > Big Pine Area > Lower Rock City > Coopers Rock State Forest > Northern WV > West Virginia,https://www.mountainproject.com/route/124093012/loop-dloop,2,Boulder,V4,1,NA,39.64201,-79.82929
124093059,Big Business,Big Business Boulder > Big Pine Area > Lower Rock City > Coopers Rock State Forest > Northern WV > West Virginia,https://www.mountainproject.com/route/124093059/big-business,3.6,Boulder,V4,1,NA,39.64198,-79.82899
124101122,The Snake Story,Overhanging Dihedral Boulder > Big Pine Area > Lower Rock City > Coopers Rock State Forest > Northern WV > West Virginia,https://www.mountainproject.com/route/124101122/the-snake-story,3.5,Boulder,V4,1,14,39.64194,-79.829
200584340,Heart of Gold,Luxury Liner > East Side Boulders > Needleseye Boulder Park > The New River Gorge Region > West Virginia,https://www.mountainproject.com/route/200584340/heart-of-gold,4,Boulder,V4,1,8,37.98364,-81.11311
124066430,Machine Gun Thoughts,First Wall Left > First Wall > Tilted Tree > Coopers Rock State Forest > Northern WV > West Virginia,https://www.mountainproject.com/route/124066430/machine-gun-thoughts,3.5,Boulder,V4,1,8,39.6339,-79.80606
124139805,Egg Shell Crack,Oh Sh!t Boulder > Labor and Delivery Area > In-Between Area > Coopers Rock State Forest > Northern WV > West Virginia,https://www.mountainproject.com/route/124139805/egg-shell-crack,3,Boulder,V4,1,NA,39.63406,-79.80848
124139922,Drop Ship,Deep Woods Block > In-Between Area > Coopers Rock State Forest > Northern WV > West Virginia,https://www.mountainproject.com/route/124139922/drop-ship,4,Boulder,V4 PG13,1,NA,39.63458,-79.80998
201939235,Mechanical Sensei Left,02. Mechanical Sensei Boulder > Meadow Top Boulders > Meadow River Gorge > The New River Gorge Region > West Virginia,https://www.mountainproject.com/route/201939235/mechanical-sensei-left,2.5,Boulder,V4,1,8,38.15277,-80.92832
124173392,Finger Stinger,Bee Sting Boulder > Entrance Boulder Area > Lower Rock City > Coopers Rock State Forest > Northern WV > West Virginia,https://www.mountainproject.com/route/124173392/finger-stinger,3.5,Boulder,V4,1,10,39.64142,-79.82663
124212508,Stairway to Almost Heaven,Sunset Wall Cave > Sunset Wall Area > Roadside > Coopers Rock State Forest > Northern WV > West Virginia,https://www.mountainproject.com/route/124212508/stairway-to-almost-heaven,4,Boulder,V4 PG13,1,18,39.6352,-79.81082
126791625,Great Expectations,Luxury Liner > East Side Boulders > Needleseye Boulder Park > The New River Gorge Region > West Virginia,https://www.mountainproject.com/route/126791625/great-expectations,3,Boulder,V4,1,8,37.98364,-81.11311
200357631,Where's Waldo?,Taper Point Boulder > Cotton Top > Lower New River Gorge Bouldering > New River Gorge Proper > The New River Gorge Region > West Virginia,https://www.mountainproject.com/route/200357631/wheres-waldo,3,Boulder,V4,1,12,38.11579,-81.14159
124265595,Slopercide,Slopercide Boulders > Entrance Boulder Area > Lower Rock City > Coopers Rock State Forest > Northern WV > West Virginia,https://www.mountainproject.com/route/124265595/slopercide,4,Boulder,V4,1,9,39.64141,-79.82619
126477350,Cutting Edge,Fiddle Rock > Fiddle Area > Tilted Tree > Coopers Rock State Forest > Northern WV > West Virginia,https://www.mountainproject.com/route/126477350/cutting-edge,3,Boulder,V4,1,NA,39.63378,-79.8061
124101139,Paddles or Pancakes?,Where Tourists Dare > First Set Boulders > Roadside > Coopers Rock State Forest > Northern WV > West Virginia,https://www.mountainproject.com/route/124101139/paddles-or-pancakes,3,Boulder,V4,1,12,39.63538,-79.81274
124095632,Nothing Arete,Zero Boulder > Main Area > Glade Run > University Research Forest > Cheat Canyon > Northern WV > West Virginia,https://www.mountainproject.com/route/124095632/nothing-arete,3,Boulder,V4,1,12,39.67175,-79.77173
127259295,Warm Ways,The Cranny > Entrance Boulders > Upper Rock City > Coopers Rock State Forest > Northern WV > West Virginia,https://www.mountainproject.com/route/127259295/warm-ways,2,Boulder,V4,1,NA,39.63824,-79.81714
124326844,The PRT,PRT Boulder > '90s area > Lick Run > University Research Forest > Cheat Canyon > Northern WV > West Virginia,https://www.mountainproject.com/route/124326844/the-prt,3,Boulder,V4,1,16,39.66908,-79.76966
124332626,Mr. T,T-Block > T-Block Area > Wonderland Ridge > Furnace Road Areas > Coopers Rock State Forest > Northern WV > West Virginia,https://www.mountainproject.com/route/124332626/mr-t,4,Boulder,V4 PG13,1,NA,39.65407,-79.83047
124332700,Giant Guppy,Guppy Boulder > Guppy Area > Wonderland Ridge > Furnace Road Areas > Coopers Rock State Forest > Northern WV > West Virginia,https://www.mountainproject.com/route/124332700/giant-guppy,4,Boulder,V4,1,NA,39.65522,-79.83115
202211530,Mulligan Stew,The Big Orc Chasm > The Wall Boulders > Rhododendron Campground Boulders > Coopers Rock State Forest > Northern WV > West Virginia,https://www.mountainproject.com/route/202211530/mulligan-stew,4,Boulder,V4 PG13,1,NA,39.64534,-79.81769
201875126,Snail Trail,Threshold Boulder > First Area Boulders > Rhododendron Trail Areas > Coopers Rock State Forest > Northern WV > West Virginia,https://www.mountainproject.com/route/201875126/snail-trail,4,Boulder,V4,1,16,39.64218,-79.82027
200786753,Minden B. Johnson,Minden Boulder > East Side Boulders > Needleseye Boulder Park > The New River Gorge Region > West Virginia,https://www.mountainproject.com/route/200786753/minden-b-johnson,3,Boulder,V4,1,14,37.9811,-81.11005
124333477,Walk on the Wild Slab,Wild Slab > Raven's Rock Proper > Powerline South > Raven Rock Trail Areas > Coopers Rock State Forest > Northern WV > West Virginia,https://www.mountainproject.com/route/124333477/walk-on-the-wild-slab,4,Boulder,V4,1,NA,39.62087,-79.79897
124355175,Crooked Raptor Crack,Raptor Cave > Cracklandia > Powerline South > Raven Rock Trail Areas > Coopers Rock State Forest > Northern WV > West Virginia,https://www.mountainproject.com/route/124355175/crooked-raptor-crack,4,Boulder,V4,1,NA,39.62389,-79.79837
124364549,Greenbrier Forearm Fryer,Greenbrier Boulder > Greenbrier Boulders > Furnace Road Areas > Coopers Rock State Forest > Northern WV > West Virginia,https://www.mountainproject.com/route/124364549/greenbrier-forearm-fryer,4,Boulder,V4 PG13,1,NA,39.65676,-79.81894
200824539,Siamese Jaguar,Luxury Liner > East Side Boulders > Needleseye Boulder Park > The New River Gorge Region > West Virginia,https://www.mountainproject.com/route/200824539/siamese-jaguar,3,Boulder,V4,1,20,37.98364,-81.11311
124364609,Yer Booty Shiver's Me Timbers,Plank Boulder > Greenbrier Boulders > Furnace Road Areas > Coopers Rock State Forest > Northern WV > West Virginia,https://www.mountainproject.com/route/124364609/yer-booty-shivers-me-timbers,4,Boulder,V4 PG13,1,NA,39.65629,-79.81916
124364732,Chopping Block,Block Party Area > Greenbrier Boulders > Furnace Road Areas > Coopers Rock State Forest > Northern WV > West Virginia,https://www.mountainproject.com/route/124364732/chopping-block,3,Boulder,V4,1,NA,39.65729,-79.8186
127201787,Hole Punch,Hole Punch Boulder > Greenbrier Boulders > Furnace Road Areas > Coopers Rock State Forest > Northern WV > West Virginia,https://www.mountainproject.com/route/127201787/hole-punch,2,Boulder,V4,1,10,39.65578,-79.81849
124380782,Escape from Gulag,Ceiling Block Area > Roadside > Coopers Rock State Forest > Northern WV > West Virginia,https://www.mountainproject.com/route/124380782/escape-from-gulag,3,Boulder,V4,1,NA,39.63559,-79.81191
202211694,Princess Zoraida,Zoraida Boulder > Libor Trail Boulders > Rhododendron Campground Boulders > Coopers Rock State Forest > Northern WV > West Virginia,https://www.mountainproject.com/route/202211694/princess-zoraida,2,Boulder,V4,1,NA,39.64357,-79.814
124411527,Patriotic Turkey,Turkey Feather Boulder > Wonderland Ridge > Furnace Road Areas > Coopers Rock State Forest > Northern WV > West Virginia,https://www.mountainproject.com/route/124411527/patriotic-turkey,2,Boulder,V4,1,NA,39.652,-79.826
124419125,Right to Roam,B. Property Line Boulder > Upper Roadside > Beaver Hollow > Cheat Canyon > Northern WV > West Virginia,https://www.mountainproject.com/route/124419125/right-to-roam,3,Boulder,V4,1,12,39.60794,-79.76679
126078461,Toppled,Corridors > In-Between Area > Coopers Rock State Forest > Northern WV > West Virginia,https://www.mountainproject.com/route/126078461/toppled,3,Boulder,V4,1,10,39.63462,-79.80866
200751133,Businessman Circuit,(V1-V4) Red Circuits > Multi-Area Circuits > *Circuits > Coopers Rock State Forest > Northern WV > West Virginia,https://www.mountainproject.com/route/200751133/businessman-circuit,2,Boulder,V4,7,NA,39.6368,-79.81334
126395119,Thorax Masher,Air Space Boulder > First Set Boulders > Roadside > Coopers Rock State Forest > Northern WV > West Virginia,https://www.mountainproject.com/route/126395119/thorax-masher,4,Boulder,V4,1,3,39.63592,-79.81292
124625477,Burning the Chaff,Solar Boulders > Solar Slabs > Coopers Rock State Forest > Northern WV > West Virginia,https://www.mountainproject.com/route/124625477/burning-the-chaff,3,Boulder,V4,1,12,39.65071,-79.83778
126782250,Way Webew,Second Wall > Tilted Tree > Coopers Rock State Forest > Northern WV > West Virginia,https://www.mountainproject.com/route/126782250/way-webew,2,Boulder,V4,1,10,39.63469,-79.80768
124809727,The Future of Climbing,Future Roof Boulder > First Area Boulders > Rhododendron Trail Areas > Coopers Rock State Forest > Northern WV > West Virginia,https://www.mountainproject.com/route/124809727/the-future-of-climbing,2,Boulder,V4,1,12,39.64215,-79.82036
200786661,Minden Over Matter,Minden Boulder > East Side Boulders > Needleseye Boulder Park > The New River Gorge Region > West Virginia,https://www.mountainproject.com/route/200786661/minden-over-matter,2,Boulder,V4,1,12,37.9811,-81.11005
200833480,Ray’s School of Grit Circuit,(V1-V4) Red Circuits > Multi-Area Circuits > *Circuits > Coopers Rock State Forest > Northern WV > West Virginia,https://www.mountainproject.com/route/200833480/rays-school-of-grit-circuit,4,Boulder,V4,27,300,39.6368,-79.81334
125751278,Unicorn Beef,Unicorn Boulder > Lick Run > University Research Forest > Cheat Canyon > Northern WV > West Virginia,https://www.mountainproject.com/route/125751278/unicorn-beef,2,Boulder,V4,1,10,39.66615,-79.76847
124882277,Free Candy Van,Candyland Cave > Site 12 Boulders > Rhododendron Campground Boulders > Coopers Rock State Forest > Northern WV > West Virginia,https://www.mountainproject.com/route/124882277/free-candy-van,2,Boulder,V4,1,NA,39.64266,-79.81406
126447940,Cuddly Tortoiseshell,The Sea > Upper Rock City > Coopers Rock State Forest > Northern WV > West Virginia,https://www.mountainproject.com/route/126447940/cuddly-tortoiseshell,4,Boulder,V4,1,NA,39.63851,-79.81744
124935271,Jump Shot,Kobe Boulder > The Wall Boulders > Rhododendron Campground Boulders > Coopers Rock State Forest > Northern WV > West Virginia,https://www.mountainproject.com/route/124935271/jump-shot,2,Boulder,V4 PG13,1,NA,39.64595,-79.81975
124935282,Sinker,Kobe Boulder > The Wall Boulders > Rhododendron Campground Boulders > Coopers Rock State Forest > Northern WV > West Virginia,https://www.mountainproject.com/route/124935282/sinker,2,Boulder,V4 PG13,1,NA,39.64595,-79.81975
124940713,Throwin In The Towel,Glass Jar Boulder > Underlook Trail Boulders > Coopers Rock State Forest > Northern WV > West Virginia,https://www.mountainproject.com/route/124940713/throwin-in-the-towel,4,Boulder,V4,1,8,39.63673,-79.8166
124946572,Xylophone,Second Life Boulder > Greenbrier Boulders > Furnace Road Areas > Coopers Rock State Forest > Northern WV > West Virginia,https://www.mountainproject.com/route/124946572/xylophone,2.7,Boulder,V4,1,NA,39.65666,-79.82023
201050157,Head Games,Luxury Liner > East Side Boulders > Needleseye Boulder Park > The New River Gorge Region > West Virginia,https://www.mountainproject.com/route/201050157/head-games,2,Boulder,V4,1,20,37.98364,-81.11311
126046840,Low Tide,Shallows Boulder > Sinking Ship Boulders > Furnace Road Areas > Coopers Rock State Forest > Northern WV > West Virginia,https://www.mountainproject.com/route/126046840/low-tide,2,Boulder,V4,1,NA,39.6528,-79.80113
200291732,Brushless Thugs,Brushless Thugs > Greenbrier Boulders > Furnace Road Areas > Coopers Rock State Forest > Northern WV > West Virginia,https://www.mountainproject.com/route/200291732/brushless-thugs,4,Boulder,V4,1,10,39.65584,-79.81765
124968517,Mutated Arete,Mutilated Slab > Jekyll and Hyde Area > Lower Rock City > Coopers Rock State Forest > Northern WV > West Virginia,https://www.mountainproject.com/route/124968517/mutated-arete,4,Boulder,V4,1,NA,39.64174,-79.82755
127143722,Full Throttle,Motorcycle Rocks > Haystack Area > Underlook Trail Boulders > Coopers Rock State Forest > Northern WV > West Virginia,https://www.mountainproject.com/route/127143722/full-throttle,3.7,Boulder,V4,1,15,39.6358,-79.81508
126128042,Thinly Sliced on the Bias,Thinly Sliced on the Bias boulder > Goodspeed Highway boulders > University Research Forest > Cheat Canyon > Northern WV > West Virginia,https://www.mountainproject.com/route/126128042/thinly-sliced-on-the-bias,4,Boulder,V4,1,9,39.66619,-79.80104
125015738,Rinky Dink,First Wall Left > First Wall > Tilted Tree > Coopers Rock State Forest > Northern WV > West Virginia,https://www.mountainproject.com/route/125015738/rinky-dink,3,Boulder,V4,1,NA,39.6339,-79.80606
201793842,Dividing Line,Threshold Boulder > First Area Boulders > Rhododendron Trail Areas > Coopers Rock State Forest > Northern WV > West Virginia,https://www.mountainproject.com/route/201793842/dividing-line,2,Boulder,V4,1,NA,39.64218,-79.82027
126067580,"Whiskey, Wine, and Slab",Corridors > In-Between Area > Coopers Rock State Forest > Northern WV > West Virginia,https://www.mountainproject.com/route/126067580/whiskey-wine-and-slab,3,Boulder,V4,1,NA,39.63462,-79.80866
125105002,No Sympathy,Bunny Is A Rider Boulder > Bunny Boulders > McCollum Campground Boulders > Coopers Rock State Forest > Northern WV > West Virginia,https://www.mountainproject.com/route/125105002/no-sympathy,2,Boulder,V4,1,NA,39.63897,-79.78694
125105026,More of the Same,More of the Same Boulder > Bunny Boulders > McCollum Campground Boulders > Coopers Rock State Forest > Northern WV > West Virginia,https://www.mountainproject.com/route/125105026/more-of-the-same,3,Boulder,V4,1,NA,39.63886,-79.78676
125105117,Here With Me,Dido Boulder > Bunny Boulders > McCollum Campground Boulders > Coopers Rock State Forest > Northern WV > West Virginia,https://www.mountainproject.com/route/125105117/here-with-me,3,Boulder,V4,1,NA,39.63886,-79.78641
125123997,Dr.  Topout,Mushroom Boulder (Picnic Table) > Upper Rock City > Coopers Rock State Forest > Northern WV > West Virginia,https://www.mountainproject.com/route/125123997/dr-topout,3.7,Boulder,V4,1,13,39.63972,-79.81768
125962189,Cardiac Stabbing Pains,Trough Slab > Raven's Rock Proper > Powerline South > Raven Rock Trail Areas > Coopers Rock State Forest > Northern WV > West Virginia,https://www.mountainproject.com/route/125962189/cardiac-stabbing-pains,3,Boulder,V4,1,NA,39.62075,-79.7991
125687941,Inflationary Epoch,Sprout to Vine Boulder > Lick Run > University Research Forest > Cheat Canyon > Northern WV > West Virginia,https://www.mountainproject.com/route/125687941/inflationary-epoch,4,Boulder,V4,1,20,39.66652,-79.76864
125196945,Green Groove,Secret Boulder > Jekyll and Hyde Area > Lower Rock City > Coopers Rock State Forest > Northern WV > West Virginia,https://www.mountainproject.com/route/125196945/green-groove,3,Boulder,V4,1,NA,39.64192,-79.82823
126769901,Wittle Way Webew,Second Wall > Tilted Tree > Coopers Rock State Forest > Northern WV > West Virginia,https://www.mountainproject.com/route/126769901/wittle-way-webew,2,Boulder,V4,1,11,39.63469,-79.80768
123767517,Boingonium,Boingonium Boulder > Darkside West > Darnell Hollow > University Research Forest > Cheat Canyon > Northern WV > West Virginia,https://www.mountainproject.com/route/123767517/boingonium,4,Boulder,V4,1,NA,39.69004,-79.80634
201175942,FCA,Leaving Las Fayetteville Boulder > Hawk's Nest Proper > Lower New River Gorge Bouldering > New River Gorge Proper > The New River Gorge Region > West Virginia,https://www.mountainproject.com/route/201175942/fca,3,Boulder,V4,1,NA,38.11762,-81.13159
125687911,Sprout to Vine,Sprout to Vine Boulder > Lick Run > University Research Forest > Cheat Canyon > Northern WV > West Virginia,https://www.mountainproject.com/route/125687911/sprout-to-vine,4,Boulder,V4,1,20,39.66652,-79.76864
125340138,Tribute to John Gill,Piton Block > Underlook Trail Boulders > Coopers Rock State Forest > Northern WV > West Virginia,https://www.mountainproject.com/route/125340138/tribute-to-john-gill,3.7,Boulder,V4,1,12,39.63715,-79.81604
201469454,Starship,Starship Boulder > T-Block Area > Wonderland Ridge > Furnace Road Areas > Coopers Rock State Forest > Northern WV > West Virginia,https://www.mountainproject.com/route/201469454/starship,4,Boulder,V4 PG13,1,NA,39.65412,-79.8305
124330820,VOIP Probe,Probe Boulder > Satellite Area > Glade Run > University Research Forest > Cheat Canyon > Northern WV > West Virginia,https://www.mountainproject.com/route/124330820/voip-probe,3,Boulder,V4,1,NA,39.66851,-79.77189
125346110,Creeper Flake,Creeper Boulder > Trailside Boulders > Rattlesnake Trail Boulders > Coopers Rock State Forest > Northern WV > West Virginia,https://www.mountainproject.com/route/125346110/creeper-flake,3,Boulder,V4,1,NA,39.63806,-79.81994
200646336,Captain Ahab,Moby Dick Boulder > Pirate's Cove Boulders > Summersville (Gauley River) Area > The New River Gorge Region > West Virginia,https://www.mountainproject.com/route/200646336/captain-ahab,2,Boulder,V4,1,10,38.24101,-80.84579
125346139,Pretty Prisms,No-Name Cave > Axe Head Area > Rattlesnake Trail Boulders > Coopers Rock State Forest > Northern WV > West Virginia,https://www.mountainproject.com/route/125346139/pretty-prisms,4,Boulder,V4,1,NA,39.63939,-79.82151
125349451,Clocked Out,No-Name Cave > Axe Head Area > Rattlesnake Trail Boulders > Coopers Rock State Forest > Northern WV > West Virginia,https://www.mountainproject.com/route/125349451/clocked-out,3.8,Boulder,V4,1,14,39.63939,-79.82151
125349784,Below the Bush,Below the Bush Boulder > Axe Head Area > Rattlesnake Trail Boulders > Coopers Rock State Forest > Northern WV > West Virginia,https://www.mountainproject.com/route/125349784/below-the-bush,2,Boulder,V4,1,9,39.63942,-79.82202
201445916,"I’m in Orbit, Baby",Lita Ford Boulder > Libor Trail Boulders > Rhododendron Campground Boulders > Coopers Rock State Forest > Northern WV > West Virginia,https://www.mountainproject.com/route/201445916/im-in-orbit-baby,3,Boulder,V4,1,NA,39.64322,-79.81393
202016748,Tap Tap Tiny,Bunker Boulder > Short Creek Right > Short Creek Bouldering > Beauty Mountain > New River Gorge Proper > The New River Gorge Region > West Virginia,https://www.mountainproject.com/route/202016748/tap-tap-tiny,3,Boulder,V4,1,14,38.05382,-81.03576
125401523,Old Growth,Old Growth Boulders > Rattlesnake Trail Boulders > Coopers Rock State Forest > Northern WV > West Virginia,https://www.mountainproject.com/route/125401523/old-growth,3.5,Boulder,V4,1,14,39.63893,-79.82135
201609986,Small Talk,Fern Creek Boulders > New River Gorge Proper > The New River Gorge Region > West Virginia,https://www.mountainproject.com/route/201609986/small-talk,2,Boulder,V4,1,NA,38.06019,-81.06851
200749855,Seashell Traverse,Sea Floor Boulder > Underlook Trail Boulders > Coopers Rock State Forest > Northern WV > West Virginia,https://www.mountainproject.com/route/200749855/seashell-traverse,3,Boulder,V4,1,35,39.63712,-79.81658
125455602,Ghost Truck,Ghost Truck Boulder > Electric Avenue Area > Tilted Tree > Coopers Rock State Forest > Northern WV > West Virginia,https://www.mountainproject.com/route/125455602/ghost-truck,3,Boulder,V4,1,NA,39.63222,-79.8049
125455637,Border Babe,The Dogs Traverse Boulder > Electric Avenue Area > Tilted Tree > Coopers Rock State Forest > Northern WV > West Virginia,https://www.mountainproject.com/route/125455637/border-babe,2.5,Boulder,V4,1,NA,39.63219,-79.80491
123728013,Underking,Underking Boulder > 5th Pull Off (School Bus Area) > Darnell Hollow > University Research Forest > Cheat Canyon > Northern WV > West Virginia,https://www.mountainproject.com/route/123728013/underking,3,Boulder,V4,1,10,39.69075,-79.80179
202211521,Orc Chasm Arête,The Big Orc Chasm > The Wall Boulders > Rhododendron Campground Boulders > Coopers Rock State Forest > Northern WV > West Virginia,https://www.mountainproject.com/route/202211521/orc-chasm-arete,4,Boulder,V4,1,30,39.64534,-79.81769
201842764,Minute to Meditate,First Wall Left > First Wall > Tilted Tree > Coopers Rock State Forest > Northern WV > West Virginia,https://www.mountainproject.com/route/201842764/minute-to-meditate,3,Boulder,V4,1,NA,39.6339,-79.80606
201953897,Midnight stumble,Night Arrow Boulder > Protractor Area > Site 12 Boulders > Rhododendron Campground Boulders > Coopers Rock State Forest > Northern WV > West Virginia,https://www.mountainproject.com/route/201953897/midnight-stumble,3,Boulder,V4,1,12,39.64288,-79.81413
124091168,Rapid Unscheduled Disassembly,Space X boulder > '90s area > Lick Run > University Research Forest > Cheat Canyon > Northern WV > West Virginia,https://www.mountainproject.com/route/124091168/rapid-unscheduled-disassembly,3,Boulder,V4,1,10,39.66908,-79.76977
123846868,Southern Slap,1st boulder > 1st pull off > Darnell Hollow > University Research Forest > Cheat Canyon > Northern WV > West Virginia,https://www.mountainproject.com/route/123846868/southern-slap,3,Boulder,V4,1,10,39.69256,-79.81154
123850278,Damed if you Don't,9. Dam Good Boulders > Camp 70 Boulders > Eastern WV > West Virginia,https://www.mountainproject.com/route/123850278/damed-if-you-dont,2,Boulder,V4+ PG13,1,12,39.12863,-79.44951
124067825,Grasshopper,Elephant in the Room Boulder > Lower Hawk's Nest > Lower New River Gorge Bouldering > New River Gorge Proper > The New River Gorge Region > West Virginia,https://www.mountainproject.com/route/124067825/grasshopper,2,Boulder,V4+,1,12,38.11669,-81.13185
124757297,Moby’s Mantle Extension,Moby Boulder > Moby Area > Tilted Tree > Coopers Rock State Forest > Northern WV > West Virginia,https://www.mountainproject.com/route/124757297/mobys-mantle-extension,3,Boulder,V4+,1,12,39.63388,-79.80663
202127731,Kawałek,Rumsey Park > West Virginia,https://www.mountainproject.com/route/202127731/kawalek,2,Boulder,V4+ R,1,20,39.4327,-77.79906
123868401,Slopey Flail,Ganja Bloc Aka Moon Board > Darkside East > Darnell Hollow > University Research Forest > Cheat Canyon > Northern WV > West Virginia,https://www.mountainproject.com/route/123868401/slopey-flail,3,Boulder,V4+,1,15,39.68889,-79.80131
123720778,Hibernation,Ephatha > Deer Skull Boulders > University Research Forest > Cheat Canyon > Northern WV > West Virginia,https://www.mountainproject.com/route/123720778/hibernation,3,Boulder,V4+,1,NA,39.66347,-79.81699
123649811,The Sculptor,Artist Point Area > Rocky Trail Eastside > Main Area > Valley Falls State Park > Northern WV > West Virginia,https://www.mountainproject.com/route/123649811/the-sculptor,4,Boulder,V4-5,1,10,39.3998,-80.09024
123662707,Frank's Yank,Frank Tank Boulder > Rocky Trail Westside > Main Area > Valley Falls State Park > Northern WV > West Virginia,https://www.mountainproject.com/route/123662707/franks-yank,2,Boulder,V4-5,1,NA,39.40048,-80.09125
123704576,Salamander,Salamander Boulder > Rocky Trail Westside > Main Area > Valley Falls State Park > Northern WV > West Virginia,https://www.mountainproject.com/route/123704576/salamander,4,Boulder,V4-5,1,12,39.40086,-80.09001
125393437,I Walk the Line,Dental Block > Entrance Boulders > Needleseye Boulder Park > The New River Gorge Region > West Virginia,https://www.mountainproject.com/route/125393437/i-walk-the-line,3.3,Boulder,V4-5,1,15,37.98151,-81.11694
124094381,Picnic Roof Traverse,Site 1 Boulders > Rhododendron Campground Boulders > Coopers Rock State Forest > Northern WV > West Virginia,https://www.mountainproject.com/route/124094381/picnic-roof-traverse,3,Boulder,V4-5,1,NA,39.64004,-79.81353
123884647,"""The Arete""",Arete Boulder > 5th Pull Off (School Bus Area) > Darnell Hollow > University Research Forest > Cheat Canyon > Northern WV > West Virginia,https://www.mountainproject.com/route/123884647/the-arete,3,Boulder,V4-5,1,NA,39.69078,-79.8016
124332407,Head Over Heels,Heels Boulder > Limelight Area > Wonderland Ridge > Furnace Road Areas > Coopers Rock State Forest > Northern WV > West Virginia,https://www.mountainproject.com/route/124332407/head-over-heels,4,Boulder,V4-5,1,NA,39.65328,-79.829
124364727,Blocked Off,Block Party Area > Greenbrier Boulders > Furnace Road Areas > Coopers Rock State Forest > Northern WV > West Virginia,https://www.mountainproject.com/route/124364727/blocked-off,3,Boulder,V4-5,1,NA,39.65729,-79.8186
125665787,Lick Run Arete,Lick Run Arete > Lick Run > University Research Forest > Cheat Canyon > Northern WV > West Virginia,https://www.mountainproject.com/route/125665787/lick-run-arete,3,Boulder,V4-5,1,NA,39.66616,-79.7682
200624133,The Seven Seas,Pirate Boulder > Pirate's Cove Boulders > Summersville (Gauley River) Area > The New River Gorge Region > West Virginia,https://www.mountainproject.com/route/200624133/the-seven-seas,3,Boulder,V4-5,1,16,38.24213,-80.84776
124968523,Mutilated Lips,Mutilated Slab > Jekyll and Hyde Area > Lower Rock City > Coopers Rock State Forest > Northern WV > West Virginia,https://www.mountainproject.com/route/124968523/mutilated-lips,2,Boulder,V4-5,1,NA,39.64174,-79.82755
126714781,120 Volts,Amp Boulder > Substation Boulders (CLOSED) > Beauty Mountain > New River Gorge Proper > The New River Gorge Region > West Virginia,https://www.mountainproject.com/route/126714781/120-volts,3,Boulder,V4-5,1,10,38.03822,-81.02169
124972326,Walk It,Anti-Elvis Area > Tilted Tree > Coopers Rock State Forest > Northern WV > West Virginia,https://www.mountainproject.com/route/124972326/walk-it,2,Boulder,V4-5,1,10,39.6341,-79.80722
125229018,Residuals,Gundercling Boulder > Casey Jones > Lower New River Gorge Bouldering > New River Gorge Proper > The New River Gorge Region > West Virginia,https://www.mountainproject.com/route/125229018/residuals,2.9,Boulder,V4-5,1,15,38.11359,-81.14357
125346084,Creeper Mantle,Creeper Boulder > Trailside Boulders > Rattlesnake Trail Boulders > Coopers Rock State Forest > Northern WV > West Virginia,https://www.mountainproject.com/route/125346084/creeper-mantle,3,Boulder,V4-5,1,NA,39.63806,-79.81994
125357236,Them Pockets,Them Pockets Boulder > Guillotine Area > Rattlesnake Trail Boulders > Coopers Rock State Forest > Northern WV > West Virginia,https://www.mountainproject.com/route/125357236/them-pockets,3,Boulder,V4-5,1,NA,39.63992,-79.82352
123767504,Free Fleas Sneeze,Boingonium Boulder > Darkside West > Darnell Hollow > University Research Forest > Cheat Canyon > Northern WV > West Virginia,https://www.mountainproject.com/route/123767504/free-fleas-sneeze,3,Boulder,V4-5,1,NA,39.69004,-79.80634
201956068,Amateur Tractor,Protractor Boulder > Protractor Area > Site 12 Boulders > Rhododendron Campground Boulders > Coopers Rock State Forest > Northern WV > West Virginia,https://www.mountainproject.com/route/201956068/amateur-tractor,3,Boulder,V4-5,1,9,39.64287,-79.81414
123714362,Cookie Monster,Green Monster Boulder > Gauley G Boulders > Summersville Dam Boulders > Summersville (Gauley River) Area > The New River Gorge Region > West Virginia,https://www.mountainproject.com/route/123714362/cookie-monster,3,Boulder,V5-,1,12,38.21107,-80.88877
124011738,Stones,Jekyll and Hyde Block > Jekyll and Hyde Area > Lower Rock City > Coopers Rock State Forest > Northern WV > West Virginia,https://www.mountainproject.com/route/124011738/stones,2.8,Boulder,V5-,1,14,39.64116,-79.82689
125912216,Just Another Ape,Just Another Ape boulder > Main Area > Glade Run > University Research Forest > Cheat Canyon > Northern WV > West Virginia,https://www.mountainproject.com/route/125912216/just-another-ape,4,Boulder,V5-,1,10,39.67034,-79.7724
123548750,Trash Compactor,Fat Rat Boulders > Furnace Road Areas > Coopers Rock State Forest > Northern WV > West Virginia,https://www.mountainproject.com/route/123548750/trash-compactor,3,Boulder,V5,1,NA,39.65046,-79.82148
201463165,Willing and Able,Able Boulder > Libor Trail Boulders > Rhododendron Campground Boulders > Coopers Rock State Forest > Northern WV > West Virginia,https://www.mountainproject.com/route/201463165/willing-and-able,3,Boulder,V5,1,NA,39.6445,-79.81434
124330886,Be the Ball,Be the Ball > Satellite Area > Glade Run > University Research Forest > Cheat Canyon > Northern WV > West Virginia,https://www.mountainproject.com/route/124330886/be-the-ball,3,Boulder,V5,1,NA,39.66721,-79.77169
124353655,X Æ A-12,Space X boulder > '90s area > Lick Run > University Research Forest > Cheat Canyon > Northern WV > West Virginia,https://www.mountainproject.com/route/124353655/x-ae-a-12,4,Boulder,V5,1,16,39.66908,-79.76977
123738925,Bootleg,Speakeasy Cave > Cheat View Boulders > Snake Hill Wildlife Management Area > Cheat Canyon > Northern WV > West Virginia,https://www.mountainproject.com/route/123738925/bootleg,3,Boulder,V5,1,NA,39.6202,-79.81637
123767559,RR Lock,Duo Duo Boulders > Darkside West > Darnell Hollow > University Research Forest > Cheat Canyon > Northern WV > West Virginia,https://www.mountainproject.com/route/123767559/rr-lock,3,Boulder,V5,1,NA,39.68924,-79.80681
125844515,Disheveled,Disheveled Boulder > Blaney Hollow > University Research Forest > Cheat Canyon > Northern WV > West Virginia,https://www.mountainproject.com/route/125844515/disheveled,4,Boulder,V5,1,14,39.70258,-79.79903
123630667,Hogosha,Hearsay Boulder > West End Boulders > Needleseye Boulder Park > The New River Gorge Region > West Virginia,https://www.mountainproject.com/route/123630667/hogosha,4,Boulder,V5,1,8,37.98124,-81.12497
123793412,Big Caboose,Boxcar Boulder > East Boulders > Valley Falls State Park > Northern WV > West Virginia,https://www.mountainproject.com/route/123793412/big-caboose,3,Boulder,V5,1,8,39.39189,-80.08046
123794469,Elbow Grease,Housekeeper Boulder > East Boulders > Valley Falls State Park > Northern WV > West Virginia,https://www.mountainproject.com/route/123794469/elbow-grease,3.5,Boulder,V5,1,12,39.3917,-80.08039
124330912,Ronald and Grimace,Ronald and Grimace > Satellite Area > Glade Run > University Research Forest > Cheat Canyon > Northern WV > West Virginia,https://www.mountainproject.com/route/124330912/ronald-and-grimace,3,Boulder,V5,1,NA,39.6676,-79.77158
123814434,Blowtorch Mushroom,5 Sunkist Wall > Lower Meadow > Meadow River Gorge > The New River Gorge Region > West Virginia,https://www.mountainproject.com/route/123814434/blowtorch-mushroom,3.5,Boulder,V5,1,15,38.15655,-80.93978
202211348,Hurly Whirly,Burly Girly > Libor Trail Boulders > Rhododendron Campground Boulders > Coopers Rock State Forest > Northern WV > West Virginia,https://www.mountainproject.com/route/202211348/hurly-whirly,3,Boulder,V5,1,NA,39.6453,-79.81613
200580488,The Wheel,Ceiling Block Area > Roadside > Coopers Rock State Forest > Northern WV > West Virginia,https://www.mountainproject.com/route/200580488/the-wheel,2,Boulder,V5,1,NA,39.63559,-79.81191
123767582,Espresso Traverse,Duo Duo Boulders > Darkside West > Darnell Hollow > University Research Forest > Cheat Canyon > Northern WV > West Virginia,https://www.mountainproject.com/route/123767582/espresso-traverse,3,Boulder,V5,1,NA,39.68924,-79.80681
124008785,19V4,11. Doctor Boulder > Meadow Top Boulders > Meadow River Gorge > The New River Gorge Region > West Virginia,https://www.mountainproject.com/route/124008785/19v4,2.7,Boulder,V5,1,10,38.15398,-80.93566
124048204,Do the Evolution,Mushroom Boulder (Picnic Table) > Upper Rock City > Coopers Rock State Forest > Northern WV > West Virginia,https://www.mountainproject.com/route/124048204/do-the-evolution,4,Boulder,V5,1,20,39.63972,-79.81768
124054042,Garrote,Rusty Red Boulder > Jekyll and Hyde Area > Lower Rock City > Coopers Rock State Forest > Northern WV > West Virginia,https://www.mountainproject.com/route/124054042/garrote,3,Boulder,V5,1,NA,39.64131,-79.82775
124136782,Bowling Ball,Bowling Ball Boulder (Gym Face) > Coral Area > Tilted Tree > Coopers Rock State Forest > Northern WV > West Virginia,https://www.mountainproject.com/route/124136782/bowling-ball,2.8,Boulder,V5,1,NA,39.63305,-79.80666
124066649,Flamingo Fangs,First Wall Left > First Wall > Tilted Tree > Coopers Rock State Forest > Northern WV > West Virginia,https://www.mountainproject.com/route/124066649/flamingo-fangs,3,Boulder,V5,1,NA,39.6339,-79.80606
124164923,Shirley Ellis Arete,Two Roof Boulder > Jekyll and Hyde Area > Lower Rock City > Coopers Rock State Forest > Northern WV > West Virginia,https://www.mountainproject.com/route/124164923/shirley-ellis-arete,2.5,Boulder,V5,1,10,39.64149,-79.82793
124220755,Amp,Amp Boulder > Substation Boulders (CLOSED) > Beauty Mountain > New River Gorge Proper > The New River Gorge Region > West Virginia,https://www.mountainproject.com/route/124220755/amp,3,Boulder,V5,1,12,38.03822,-81.02169
126769783,Abandon All Hope,Corridors > In-Between Area > Coopers Rock State Forest > Northern WV > West Virginia,https://www.mountainproject.com/route/126769783/abandon-all-hope,3.5,Boulder,V5,1,20,39.63462,-79.80866
124101171,The Scrittle Griddle,Where Tourists Dare > First Set Boulders > Roadside > Coopers Rock State Forest > Northern WV > West Virginia,https://www.mountainproject.com/route/124101171/the-scrittle-griddle,2,Boulder,V5,1,15,39.63538,-79.81274
124300435,Spandrell Dweller,Sunset Wall Cave > Sunset Wall Area > Roadside > Coopers Rock State Forest > Northern WV > West Virginia,https://www.mountainproject.com/route/124300435/spandrell-dweller,3,Boulder,V5 PG13,1,20,39.6352,-79.81082
201201264,Sawtooth,Sawtooth Boulder > Substation Boulders (CLOSED) > Beauty Mountain > New River Gorge Proper > The New River Gorge Region > West Virginia,https://www.mountainproject.com/route/201201264/sawtooth,3,Boulder,V5,1,15,38.03831,-81.02405
124332615,T-Block Slab,T-Block > T-Block Area > Wonderland Ridge > Furnace Road Areas > Coopers Rock State Forest > Northern WV > West Virginia,https://www.mountainproject.com/route/124332615/t-block-slab,4,Boulder,V5 PG13,1,NA,39.65407,-79.83047
124332666,Girls in the Hood,Starship Boulder > T-Block Area > Wonderland Ridge > Furnace Road Areas > Coopers Rock State Forest > Northern WV > West Virginia,https://www.mountainproject.com/route/124332666/girls-in-the-hood,4,Boulder,V5,1,NA,39.65412,-79.8305
124337973,DayeTyme,Burnwood > Interp Boulders > New River Gorge Proper > The New River Gorge Region > West Virginia,https://www.mountainproject.com/route/124337973/dayetyme,3,"Boulder, Alpine",V5,1,15,38.073,-81.07867
124364554,Greenbrier Forearm Freer,Greenbrier Boulder > Greenbrier Boulders > Furnace Road Areas > Coopers Rock State Forest > Northern WV > West Virginia,https://www.mountainproject.com/route/124364554/greenbrier-forearm-freer,4,Boulder,V5 PG13,1,NA,39.65676,-79.81894
124364685,Technical Difficulties,Technical Difficulties > Triangle Boulders > Greenbrier Boulders > Furnace Road Areas > Coopers Rock State Forest > Northern WV > West Virginia,https://www.mountainproject.com/route/124364685/technical-difficulties,3.8,Boulder,V5,1,NA,39.65577,-79.81865
124414610,Fields of Glass,Burnwood > Interp Boulders > New River Gorge Proper > The New River Gorge Region > West Virginia,https://www.mountainproject.com/route/124414610/fields-of-glass,2,"Boulder, Alpine",V5,1,12,38.073,-81.07867
124418462,Don’t Eat the Fish,G. Seasick > Upper Roadside > Beaver Hollow > Cheat Canyon > Northern WV > West Virginia,https://www.mountainproject.com/route/124418462/dont-eat-the-fish,4,Boulder,V5,1,NA,39.60712,-79.76804
124625226,Bubble Quest,Solar Boulders > Solar Slabs > Coopers Rock State Forest > Northern WV > West Virginia,https://www.mountainproject.com/route/124625226/bubble-quest,4,Boulder,V5,1,17,39.65071,-79.83778
126907516,Satan is a Cigarette,Monofossilic Boulder > Beauty Mountain Boulders > Beauty Mountain > New River Gorge Proper > The New River Gorge Region > West Virginia,https://www.mountainproject.com/route/126907516/satan-is-a-cigarette,3,Boulder,V5,1,12,38.04729,-81.02746
124630089,Top Tensions,Site 1 Boulders > Rhododendron Campground Boulders > Coopers Rock State Forest > Northern WV > West Virginia,https://www.mountainproject.com/route/124630089/top-tensions,2,Boulder,V5,1,15,39.64004,-79.81353
124739471,Iron Bar Exam,Iron Bar Boulder > Hawk's Nest Proper > Lower New River Gorge Bouldering > New River Gorge Proper > The New River Gorge Region > West Virginia,https://www.mountainproject.com/route/124739471/iron-bar-exam,2.7,Boulder,V5,1,NA,38.11732,-81.13177
126152798,Lil Business,Big Business Boulder > Big Pine Area > Lower Rock City > Coopers Rock State Forest > Northern WV > West Virginia,https://www.mountainproject.com/route/126152798/lil-business,2,Boulder,V5,1,NA,39.64198,-79.82899
201463682,Catawack Escapade,Escapade Boulder > Libor Trail Boulders > Rhododendron Campground Boulders > Coopers Rock State Forest > Northern WV > West Virginia,https://www.mountainproject.com/route/201463682/catawack-escapade,3,Boulder,V5,1,NA,39.64426,-79.814
124910169,Mindless Gym Bro,Glass Jar Boulder > Underlook Trail Boulders > Coopers Rock State Forest > Northern WV > West Virginia,https://www.mountainproject.com/route/124910169/mindless-gym-bro,3.2,Boulder,V5,1,25,39.63673,-79.8166
127261220,Blood and Guts,Wave Rider Boulder > Fiddle Area > Tilted Tree > Coopers Rock State Forest > Northern WV > West Virginia,https://www.mountainproject.com/route/127261220/blood-and-guts,2.7,Boulder,V5,1,NA,39.63361,-79.80602
201974639,Hexagon,Forgotten Block > The Forgotten Block Area > Upper Rock City > Coopers Rock State Forest > Northern WV > West Virginia,https://www.mountainproject.com/route/201974639/hexagon,3,Boulder,V5,1,25,39.63784,-79.81715
124095761,Nought,Zero Boulder > Main Area > Glade Run > University Research Forest > Cheat Canyon > Northern WV > West Virginia,https://www.mountainproject.com/route/124095761/nought,3,Boulder,V5,1,10,39.67175,-79.77173
125815200,Deliverance (stand),Severance Boulder > Blaney Hollow > University Research Forest > Cheat Canyon > Northern WV > West Virginia,https://www.mountainproject.com/route/125815200/deliverance-stand,3,Boulder,V5,1,NA,39.70236,-79.79754
201201429,LeBron James' Lightning Lemonade,Neon Judas Boulder > Meadow Top Boulders > Meadow River Gorge > The New River Gorge Region > West Virginia,https://www.mountainproject.com/route/201201429/lebron-james-lightning-lemonade,3,Boulder,V5,1,20,38.15443,-80.93717
124947073,Settled Feathers,Condor Boulder > Greenbrier Boulders > Furnace Road Areas > Coopers Rock State Forest > Northern WV > West Virginia,https://www.mountainproject.com/route/124947073/settled-feathers,2,Boulder,V5,1,NA,39.65712,-79.81886
124948790,Kilter Dreams,Wet Dream Boulder > Greenbrier Boulders > Furnace Road Areas > Coopers Rock State Forest > Northern WV > West Virginia,https://www.mountainproject.com/route/124948790/kilter-dreams,2.3,Boulder,V5,1,6,39.65655,-79.81887
124953959,Tables Turned Stand Start,Rhodo Cave > Rhododendron Trail Areas > Coopers Rock State Forest > Northern WV > West Virginia,https://www.mountainproject.com/route/124953959/tables-turned-stand-start,3,Boulder,V5,1,10,39.64472,-79.82429
125148194,Guard Dog,Junkyard Cave > Junkyard Area > New River Gorge Proper > The New River Gorge Region > West Virginia,https://www.mountainproject.com/route/125148194/guard-dog,2.5,Boulder,V5,1,10,38.08454,-81.08123
123789630,Roadside Attraction,Roadside Attraction > Darkside West > Darnell Hollow > University Research Forest > Cheat Canyon > Northern WV > West Virginia,https://www.mountainproject.com/route/123789630/roadside-attraction,3,Boulder,V5,1,15,39.6907,-79.80435
125196802,You Are the Animal,Secret Boulder > Jekyll and Hyde Area > Lower Rock City > Coopers Rock State Forest > Northern WV > West Virginia,https://www.mountainproject.com/route/125196802/you-are-the-animal,3,Boulder,V5 PG13,1,NA,39.64192,-79.82823
125228418,Figure Eight,Immaculate Connection Boulder > Lower Hawk's Nest > Lower New River Gorge Bouldering > New River Gorge Proper > The New River Gorge Region > West Virginia,https://www.mountainproject.com/route/125228418/figure-eight,3,Boulder,V5,1,NA,38.11616,-81.13176
126584402,Treasure Planet,Treasure Planet Boulder > Treasure Planet > New River Gorge Proper > The New River Gorge Region > West Virginia,https://www.mountainproject.com/route/126584402/treasure-planet,2,Boulder,V5,1,12,38.06818,-81.08848
201446026,Bowtie Budget,Bowtie Boulder > Libor Trail Boulders > Rhododendron Campground Boulders > Coopers Rock State Forest > Northern WV > West Virginia,https://www.mountainproject.com/route/201446026/bowtie-budget,4,Boulder,V5,1,NA,39.64319,-79.81373
125364480,Psychological Mistress,Psychological Mistress Boulder > Trailside Boulders > Rattlesnake Trail Boulders > Coopers Rock State Forest > Northern WV > West Virginia,https://www.mountainproject.com/route/125364480/psychological-mistress,4,Boulder,V5,1,NA,39.63872,-79.82158
125364860,Gap Year,No-Name Cave > Axe Head Area > Rattlesnake Trail Boulders > Coopers Rock State Forest > Northern WV > West Virginia,https://www.mountainproject.com/route/125364860/gap-year,4,Boulder,V5,1,NA,39.63939,-79.82151
125857815,Pocket Full of Crimptonight,Jaws Boulder > Bridge Boulders > Bridge Area > New River Gorge Proper > The New River Gorge Region > West Virginia,https://www.mountainproject.com/route/125857815/pocket-full-of-crimptonight,2.7,Boulder,V5,1,12,38.072,-81.07998
201633341,Thearêtical,11. Doctor Boulder > Meadow Top Boulders > Meadow River Gorge > The New River Gorge Region > West Virginia,https://www.mountainproject.com/route/201633341/thearetical,3,Boulder,V5 PG13,1,12,38.15398,-80.93566
125413967,C.P.J.,Upper Teay's Boulders > New River Gorge Proper > The New River Gorge Region > West Virginia,https://www.mountainproject.com/route/125413967/cpj,3.3,Boulder,V5,1,12,38.07855,-81.08154
125452096,Long Walk,Long Walk Boulder > Tsunami Area > Tilted Tree > Coopers Rock State Forest > Northern WV > West Virginia,https://www.mountainproject.com/route/125452096/long-walk,3,Boulder,V5,1,NA,39.63225,-79.80683
201707833,Put You on the Lean,Lean Boulder > Lower Hawk's Nest > Lower New River Gorge Bouldering > New River Gorge Proper > The New River Gorge Region > West Virginia,https://www.mountainproject.com/route/201707833/put-you-on-the-lean,2,Boulder,V5,1,8,38.11589,-81.13198
125466705,Far Out Man,Far Out Boulder > Greenbrier Boulders > Furnace Road Areas > Coopers Rock State Forest > Northern WV > West Virginia,https://www.mountainproject.com/route/125466705/far-out-man,3.1,Boulder,V5,1,NA,39.6557,-79.81773
201954077,Midnight Scramble,Night Arrow Boulder > Protractor Area > Site 12 Boulders > Rhododendron Campground Boulders > Coopers Rock State Forest > Northern WV > West Virginia,https://www.mountainproject.com/route/201954077/midnight-scramble,4,Boulder,V5,1,10,39.64288,-79.81413
124988710,Drink Milk and Run,Cluster Zone > Polly Trail - Kanawha State Forest > Kanawha State Forest > Southern WV > West Virginia,https://www.mountainproject.com/route/124988710/drink-milk-and-run,2,Boulder,V5,1,12,38.25759,-81.67624
126782367,Sweet Baby Way’s,Second Wall > Tilted Tree > Coopers Rock State Forest > Northern WV > West Virginia,https://www.mountainproject.com/route/126782367/sweet-baby-ways,3,Boulder,V5,1,20,39.63469,-79.80768
201793411,Shampoo,Burnwood > Interp Boulders > New River Gorge Proper > The New River Gorge Region > West Virginia,https://www.mountainproject.com/route/201793411/shampoo,3,"Boulder, Alpine",V5,1,10,38.073,-81.07867
202211229,Slug Seam,Libor Trailside Boulder > Libor Trail Boulders > Rhododendron Campground Boulders > Coopers Rock State Forest > Northern WV > West Virginia,https://www.mountainproject.com/route/202211229/slug-seam,2,Boulder,V5,1,NA,39.64564,-79.81604
125638401,Extramundane,Ceiling Block Area > Roadside > Coopers Rock State Forest > Northern WV > West Virginia,https://www.mountainproject.com/route/125638401/extramundane,2,Boulder,V5,1,NA,39.63559,-79.81191
125680742,Severe Underbite,Font Boulders > Entrance Boulders > Upper Rock City > Coopers Rock State Forest > Northern WV > West Virginia,https://www.mountainproject.com/route/125680742/severe-underbite,2,Boulder,V5,1,NA,39.63797,-79.81721
105949134,Super Crack,7) Thunder Buttress > Beauty Mountain > New River Gorge Proper > The New River Gorge Region > West Virginia,https://www.mountainproject.com/route/105949134/super-crack,3.9,Trad,5.9+,1,100,38.05053,-81.03102
107129358,Two Bag Face,3) Workmen's Buttress > Fern Buttress > New River Gorge Proper > The New River Gorge Region > West Virginia,https://www.mountainproject.com/route/107129358/two-bag-face,3.9,Trad,5.9 R,1,80,38.06369,-81.06911
105943666,Four Sheets to the Wind,Junkyard Wall > Junkyard Area > New River Gorge Proper > The New River Gorge Region > West Virginia,https://www.mountainproject.com/route/105943666/four-sheets-to-the-wind,3.8,Trad,5.9+,1,75,38.08299,-81.08043
105910406,Marshall's Madness - Crack of Dawn,South Peak West Face (Main Area) > South Peak - West Face > Seneca Rocks > West Virginia,https://www.mountainproject.com/route/105910406/marshalls-madness-crack-of-dawn,3.8,Trad,5.10a,2,200,38.83453,-79.36677
105868530,West Pole,South Peak West Face (Main Area) > South Peak - West Face > Seneca Rocks > West Virginia,https://www.mountainproject.com/route/105868530/west-pole,3.7,Trad,5.7+,3,220,38.83453,-79.36677
105910030,Ecstasy,South End > Seneca Rocks > West Virginia,https://www.mountainproject.com/route/105910030/ecstasy,3.6,Trad,5.7,3,250,38.83377,-79.36693
105908844,Triple S,South Peak West Face (Main Area) > South Peak - West Face > Seneca Rocks > West Virginia,https://www.mountainproject.com/route/105908844/triple-s,3.6,Trad,5.8+,2,90,38.83453,-79.36677
105977657,Black and Tan,M) Fantasy Area > Endless Wall > New River Gorge Proper > The New River Gorge Region > West Virginia,https://www.mountainproject.com/route/105977657/black-and-tan,3.7,Trad,5.10a,1,80,38.05596,-81.05393
106171582,Pleasant Overhangs,South Peak West Face (Main Area) > South Peak - West Face > Seneca Rocks > West Virginia,https://www.mountainproject.com/route/106171582/pleasant-overhangs,3.6,Trad,5.7,3,290,38.83453,-79.36677
106061731,Soler,Upper Broadway > South Peak - East Face > Seneca Rocks > West Virginia,https://www.mountainproject.com/route/106061731/soler,3.6,Trad,5.7,2,200,38.8344,-79.36659
106155521,Fantasy,M) Fantasy Area > Endless Wall > New River Gorge Proper > The New River Gorge Region > West Virginia,https://www.mountainproject.com/route/106155521/fantasy,3.6,Trad,5.8,2,120,38.05596,-81.05393
117081023,Management Wore Masks,Cotton Club > Cotton Hill > New River Gorge Proper > The New River Gorge Region > West Virginia,https://www.mountainproject.com/route/117081023/management-wore-masks,3.6,Sport,5.8,1,80,38.1138,-81.13935
113785114,Ferrovieri,3. Second Buttress > Upper Meadow > Meadow River Gorge > The New River Gorge Region > West Virginia,https://www.mountainproject.com/route/113785114/ferrovieri,3.6,Sport,5.7,1,100,38.14295,-80.91755
110620729,Winter Harvest,Reeds Creek > Eastern WV > West Virginia,https://www.mountainproject.com/route/110620729/winter-harvest,3.6,Sport,5.8,1,70,38.785,-79.288
105944377,Flight of the Gumbie,6. Butcher's Branch > Kaymoor > New River Gorge Proper > The New River Gorge Region > West Virginia,https://www.mountainproject.com/route/105944377/flight-of-the-gumbie,3.5,Sport,5.9+,1,80,38.05092,-81.07276
105943658,New Yosemite,Junkyard Wall > Junkyard Area > New River Gorge Proper > The New River Gorge Region > West Virginia,https://www.mountainproject.com/route/105943658/new-yosemite,3.5,"Trad, TR",5.9,1,65,38.08299,-81.08043
106138609,Mrs. Field's Follies,01. Sandstonia > Bubba City > New River Gorge Proper > The New River Gorge Region > West Virginia,https://www.mountainproject.com/route/106138609/mrs-fields-follies,3.5,Sport,5.8,1,95,38.10049,-81.09596
105963848,The Rico Suave Arete aka Rico Suave,3. Rico Suave Buttress > Kaymoor > New River Gorge Proper > The New River Gorge Region > West Virginia,https://www.mountainproject.com/route/105963848/the-rico-suave-arete-aka-rico-suave,3.5,Sport,5.10a,1,70,38.04716,-81.06756
106040877,Climbin' Punishment,Southern Pillar - West Side > Southern Pillar > Seneca Rocks > West Virginia,https://www.mountainproject.com/route/106040877/climbin-punishment,3.5,Trad,5.8+,3,180,38.83261,-79.36748
106058493,Lichen or Leave It,North Peak - East Face > Seneca Rocks > West Virginia,https://www.mountainproject.com/route/106058493/lichen-or-leave-it,3.6,Trad,5.8,1,90,38.83537,-79.36542
107265652,Dufty's Popoff,Southeast Corner > South Peak - East Face > Seneca Rocks > West Virginia,https://www.mountainproject.com/route/107265652/duftys-popoff,3.5,Trad,5.7 PG13,1,130,38.83343,-79.36659
105944188,Angel's Arete,2 Bridge Buttress > Bridge Area > New River Gorge Proper > The New River Gorge Region > West Virginia,https://www.mountainproject.com/route/105944188/angels-arete,3.5,"Trad, TR",5.10a R,1,70,38.07178,-81.08006
106188769,"Blood, Sweat and Chalk",Impact Zone > Main Wall > Franklin Gorge > Eastern WV > West Virginia,https://www.mountainproject.com/route/106188769/blood-sweat-and-chalk,3.5,Sport,5.9+,1,70,38.66516,-79.32026
105943593,The Entertainer,Junkyard Wall > Junkyard Area > New River Gorge Proper > The New River Gorge Region > West Virginia,https://www.mountainproject.com/route/105943593/the-entertainer,3.4,"Trad, TR",5.10a,1,65,38.08299,-81.08043
105948012,The Tree Route,2 Bridge Buttress > Bridge Area > New River Gorge Proper > The New River Gorge Region > West Virginia,https://www.mountainproject.com/route/105948012/the-tree-route,3.5,"Trad, TR",5.10a,1,85,38.07178,-81.08006
105868616,Castor,Upper Broadway > South Peak - East Face > Seneca Rocks > West Virginia,https://www.mountainproject.com/route/105868616/castor,3.4,Trad,5.10a,1,80,38.8344,-79.36659
105917255,Green Wall,South Peak West Face (Main Area) > South Peak - West Face > Seneca Rocks > West Virginia,https://www.mountainproject.com/route/105917255/green-wall,3.4,Trad,5.7,3,NA,38.83453,-79.36677
106193027,High Test,Upper Broadway > South Peak - East Face > Seneca Rocks > West Virginia,https://www.mountainproject.com/route/106193027/high-test,3.9,Trad,5.9+,1,120,38.8344,-79.36659
105868626,Pollux,Upper Broadway > South Peak - East Face > Seneca Rocks > West Virginia,https://www.mountainproject.com/route/105868626/pollux,3.4,Trad,5.10a,1,45,38.8344,-79.36659
107617999,Marshall's Madness,South Peak West Face (Main Area) > South Peak - West Face > Seneca Rocks > West Virginia,https://www.mountainproject.com/route/107617999/marshalls-madness,3.4,Trad,5.9,3,165,38.83453,-79.36677
106660073,Ritz Cracker,8) Ritz Cracker Area > Fern Buttress > New River Gorge Proper > The New River Gorge Region > West Virginia,https://www.mountainproject.com/route/106660073/ritz-cracker,3.4,Trad,5.9,2,90,38.05999,-81.06543
106033163,Smooth Operator,B) Party Buttress > Endless Wall > New River Gorge Proper > The New River Gorge Region > West Virginia,https://www.mountainproject.com/route/106033163/smooth-operator,3.6,Trad,5.9,1,90,38.05569,-81.06276
106886454,Cottonmouth,Cotton Top > Cotton Hill > New River Gorge Proper > The New River Gorge Region > West Virginia,https://www.mountainproject.com/route/106886454/cottonmouth,3.3,Sport,5.10a,1,60,38.1151,-81.14094
105917539,Traffic Jam,South Peak West Face (Main Area) > South Peak - West Face > Seneca Rocks > West Virginia,https://www.mountainproject.com/route/105917539/traffic-jam,3.3,Trad,5.7+,1,60,38.83453,-79.36677
106046063,Fool Effect,E) Kaymoor Slabs > Endless Wall > New River Gorge Proper > The New River Gorge Region > West Virginia,https://www.mountainproject.com/route/106046063/fool-effect,3.3,Sport,5.9,1,120,38.05426,-81.06106
106171592,Alcoa Presents,Upper Broadway > South Peak - East Face > Seneca Rocks > West Virginia,https://www.mountainproject.com/route/106171592/alcoa-presents,3.3,Trad,5.8,1,50,38.8344,-79.36659
106002567,"She Got the Bosch, I Got Drilled",Orange Oswald Wall > Summersville Lake (main) > Summersville (Gauley River) Area > The New River Gorge Region > West Virginia,https://www.mountainproject.com/route/106002567/she-got-the-bosch-i-got-drilled,3.2,Sport,5.10a,1,90,38.2422,-80.83949
105943705,Chockstone,2 Bridge Buttress > Bridge Area > New River Gorge Proper > The New River Gorge Region > West Virginia,https://www.mountainproject.com/route/105943705/chockstone,3.3,"Trad, TR",5.9+,1,80,38.07178,-81.08006
105910394,The Burn,Southwest Corner > South Peak - West Face > Seneca Rocks > West Virginia,https://www.mountainproject.com/route/105910394/the-burn,3.2,Trad,5.8,2,150,38.83453,-79.36677
106138127,Geisha Girl,01. Sandstonia > Bubba City > New River Gorge Proper > The New River Gorge Region > West Virginia,https://www.mountainproject.com/route/106138127/geisha-girl,3.2,Sport,5.8,1,95,38.10049,-81.09596
107554557,Wendy's Arete,Whippoorwill > Summersville (Gauley River) Area > The New River Gorge Region > West Virginia,https://www.mountainproject.com/route/107554557/wendys-arete,3.2,"Sport, TR",5.7,1,40,38.2338,-80.8552
106067705,Tomato,South Peak West Face (Main Area) > South Peak - West Face > Seneca Rocks > West Virginia,https://www.mountainproject.com/route/106067705/tomato,3.1,Trad,5.8,2,155,38.83453,-79.36677
107265681,Bee Sting Corner,Southeast Corner > South Peak - East Face > Seneca Rocks > West Virginia,https://www.mountainproject.com/route/107265681/bee-sting-corner,3.2,Trad,5.7,1,75,38.83343,-79.36659
106150218,Ye Gods & Little Fishes,South End > Seneca Rocks > West Virginia,https://www.mountainproject.com/route/106150218/ye-gods-little-fishes,3.1,Trad,5.8,1,85,38.83377,-79.36693
105992273,Hippie Dreams,Orange Oswald Wall > Summersville Lake (main) > Summersville (Gauley River) Area > The New River Gorge Region > West Virginia,https://www.mountainproject.com/route/105992273/hippie-dreams,3,Sport,5.7,1,75,38.2422,-80.83949
105943880,Jaws,2 Bridge Buttress > Bridge Area > New River Gorge Proper > The New River Gorge Region > West Virginia,https://www.mountainproject.com/route/105943880/jaws,3.1,"Trad, TR",5.9+,1,70,38.07178,-81.08006
112368654,Superman,Reeds Creek > Eastern WV > West Virginia,https://www.mountainproject.com/route/112368654/superman,3,Sport,5.7,1,30,38.785,-79.288
105963143,The Upheaval,E) Kaymoor Slabs > Endless Wall > New River Gorge Proper > The New River Gorge Region > West Virginia,https://www.mountainproject.com/route/105963143/the-upheaval,3,Sport,5.9,1,85,38.05426,-81.06106
105943747,Easily Flakey,2 Bridge Buttress > Bridge Area > New River Gorge Proper > The New River Gorge Region > West Virginia,https://www.mountainproject.com/route/105943747/easily-flakey,3,"Trad, TR",5.7,1,80,38.07178,-81.08006
106892109,"By the Way, I Did Your Mom",2 Toxic Hueco Area > Lower Meadow > Meadow River Gorge > The New River Gorge Region > West Virginia,https://www.mountainproject.com/route/106892109/by-the-way-i-did-your-mom,3.1,Trad,5.10a/b,1,60,38.15323,-80.93233
106736089,Gimme a Clown,Whippoorwill > Summersville (Gauley River) Area > The New River Gorge Region > West Virginia,https://www.mountainproject.com/route/106736089/gimme-a-clown,2.9,"Sport, TR",5.9,1,70,38.2338,-80.8552
106267363,Prune,South Peak West Face (Main Area) > South Peak - West Face > Seneca Rocks > West Virginia,https://www.mountainproject.com/route/106267363/prune,2.9,Trad,5.7,4,320,38.83453,-79.36677
105918472,Orange Oswald,Orange Oswald Wall > Summersville Lake (main) > Summersville (Gauley River) Area > The New River Gorge Region > West Virginia,https://www.mountainproject.com/route/105918472/orange-oswald,2.8,Sport,5.10a,1,70,38.2422,-80.83949
106456586,Neck Press,South Peak West Face (Main Area) > South Peak - West Face > Seneca Rocks > West Virginia,https://www.mountainproject.com/route/106456586/neck-press,2.9,Trad,5.7,3,200,38.83453,-79.36677
107384080,Bongo,Whippoorwill > Summersville (Gauley River) Area > The New River Gorge Region > West Virginia,https://www.mountainproject.com/route/107384080/bongo,2.9,Sport,5.7,1,70,38.2338,-80.8552
105944184,Zag,2 Bridge Buttress > Bridge Area > New River Gorge Proper > The New River Gorge Region > West Virginia,https://www.mountainproject.com/route/105944184/zag,2.9,"Trad, TR",5.8,1,NA,38.07178,-81.08006
106039930,Premarital Bliss,B) Party Buttress > Endless Wall > New River Gorge Proper > The New River Gorge Region > West Virginia,https://www.mountainproject.com/route/106039930/premarital-bliss,3.1,Trad,5.10a,1,80,38.05569,-81.06276
106073348,Hysteria,7) Orchard Wall > Fern Buttress > New River Gorge Proper > The New River Gorge Region > West Virginia,https://www.mountainproject.com/route/106073348/hysteria,2.9,Trad,5.8,1,90,38.06056,-81.06663
106942184,The Hell With That,Orange Oswald Wall > Summersville Lake (main) > Summersville (Gauley River) Area > The New River Gorge Region > West Virginia,https://www.mountainproject.com/route/106942184/the-hell-with-that,2.9,Trad,5.9,1,NA,38.2422,-80.83949
106155527,The Grafenburg Crack,L) Dr. Ruth's Big Buttress > Endless Wall > New River Gorge Proper > The New River Gorge Region > West Virginia,https://www.mountainproject.com/route/106155527/the-grafenburg-crack,2.8,Trad,5.9-,1,80,38.05577,-81.05541
105993751,Menace Alert,The Long Wall > Summersville Lake (main) > Summersville (Gauley River) Area > The New River Gorge Region > West Virginia,https://www.mountainproject.com/route/105993751/menace-alert,2.8,Sport,5.9+,1,50,38.24137,-80.84379
106023208,Biohazard,B) Party Buttress > Endless Wall > New River Gorge Proper > The New River Gorge Region > West Virginia,https://www.mountainproject.com/route/106023208/biohazard,2.8,Trad,5.10a,1,65,38.05569,-81.06276
107384091,Cowboy in the Dirt,Whippoorwill > Summersville (Gauley River) Area > The New River Gorge Region > West Virginia,https://www.mountainproject.com/route/107384091/cowboy-in-the-dirt,2.8,"Sport, TR",5.8,1,70,38.2338,-80.8552
106023184,Happy Hands,5) Burning Buttress > Beauty Mountain > New River Gorge Proper > The New River Gorge Region > West Virginia,https://www.mountainproject.com/route/106023184/happy-hands,2.8,Trad,5.9,1,70,38.05238,-81.03324
105943753,Team Jesus,Junkyard Wall > Junkyard Area > New River Gorge Proper > The New River Gorge Region > West Virginia,https://www.mountainproject.com/route/105943753/team-jesus,2.8,Trad,5.10a,1,65,38.08299,-81.08043
112835534,Little Purple Flowers,Reeds Creek > Eastern WV > West Virginia,https://www.mountainproject.com/route/112835534/little-purple-flowers,3.3,Sport,5.9,1,50,38.785,-79.288
109419449,Berecik,0. Zero Buttress > Upper Meadow > Meadow River Gorge > The New River Gorge Region > West Virginia,https://www.mountainproject.com/route/109419449/berecik,2.8,Sport,5.8,1,60,38.14399,-80.92018
109023567,King Lichen Me,4. Third Buttress > Upper Meadow > Meadow River Gorge > The New River Gorge Region > West Virginia,https://www.mountainproject.com/route/109023567/king-lichen-me,2.7,Sport,5.10a,1,55,38.14336,-80.91556
106046077,With a Little Help from My Friends,E) Kaymoor Slabs > Endless Wall > New River Gorge Proper > The New River Gorge Region > West Virginia,https://www.mountainproject.com/route/106046077/with-a-little-help-from-my-friends,2.8,Sport,5.10a,1,80,38.05426,-81.06106
107792690,The Good Old Days,3. Rico Suave Buttress > Kaymoor > New River Gorge Proper > The New River Gorge Region > West Virginia,https://www.mountainproject.com/route/107792690/the-good-old-days,2.9,Trad,5.9,1,60,38.04716,-81.06756
105943588,New River Gunks,Junkyard Wall > Junkyard Area > New River Gorge Proper > The New River Gorge Region > West Virginia,https://www.mountainproject.com/route/105943588/new-river-gunks,2.6,"Trad, TR",5.7+,1,80,38.08299,-81.08043
106386738,Lickety Split,The Satisfaction Wall > Summersville Lake (main) > Summersville (Gauley River) Area > The New River Gorge Region > West Virginia,https://www.mountainproject.com/route/106386738/lickety-split,2.7,Sport,5.9,1,60,38.24161,-80.8422
111054432,Girl Boner,0. Zero Buttress > Upper Meadow > Meadow River Gorge > The New River Gorge Region > West Virginia,https://www.mountainproject.com/route/111054432/girl-boner,2.7,Sport,5.9,1,60,38.14399,-80.92018
106406584,Daisy Cutter,12. Beer Wall > Bubba City > New River Gorge Proper > The New River Gorge Region > West Virginia,https://www.mountainproject.com/route/106406584/daisy-cutter,2.6,Sport,5.7+,1,60,38.09026,-81.08717
106138634,Zeitgeist,01. Sandstonia > Bubba City > New River Gorge Proper > The New River Gorge Region > West Virginia,https://www.mountainproject.com/route/106138634/zeitgeist,2.6,Sport,5.10a,1,85,38.10049,-81.09596
106002544,Chunko Goes Bowling,Orange Oswald Wall > Summersville Lake (main) > Summersville (Gauley River) Area > The New River Gorge Region > West Virginia,https://www.mountainproject.com/route/106002544/chunko-goes-bowling,2.6,Sport,5.9+,1,80,38.2422,-80.83949
107208763,Castaways,Impact Zone > Main Wall > Franklin Gorge > Eastern WV > West Virginia,https://www.mountainproject.com/route/107208763/castaways,2.6,Sport,5.8,1,30,38.66516,-79.32026
106188760,Aloha,Contact Zone > Main Wall > Franklin Gorge > Eastern WV > West Virginia,https://www.mountainproject.com/route/106188760/aloha,2.7,Sport,5.9,1,60,38.66399,-79.32257
105908805,Conn's East Direct,Upper Broadway > South Peak - East Face > Seneca Rocks > West Virginia,https://www.mountainproject.com/route/105908805/conns-east-direct,2.6,Trad,5.8,1,80,38.8344,-79.36659
106875873,The Good Book,01. Sandstonia > Bubba City > New River Gorge Proper > The New River Gorge Region > West Virginia,https://www.mountainproject.com/route/106875873/the-good-book,2.5,Sport,5.10a,1,60,38.10049,-81.09596
106455730,Simple J Malarkey,South End > Seneca Rocks > West Virginia,https://www.mountainproject.com/route/106455730/simple-j-malarkey,2.7,Trad,5.7,3,160,38.83377,-79.36693
105910397,Sunshine,Southwest Corner > South Peak - West Face > Seneca Rocks > West Virginia,https://www.mountainproject.com/route/105910397/sunshine,3.1,Trad,5.10a PG13,1,100,38.83453,-79.36677
105973930,Jumpin' Ring Snakes,6. Butcher's Branch > Kaymoor > New River Gorge Proper > The New River Gorge Region > West Virginia,https://www.mountainproject.com/route/105973930/jumpin-ring-snakes,3,Trad,5.9,1,85,38.05092,-81.07276
106124184,Butterfly Flake,01. Sandstonia > Bubba City > New River Gorge Proper > The New River Gorge Region > West Virginia,https://www.mountainproject.com/route/106124184/butterfly-flake,2.6,Sport,5.7,1,40,38.10049,-81.09596
106138616,Shady Lady,01. Sandstonia > Bubba City > New River Gorge Proper > The New River Gorge Region > West Virginia,https://www.mountainproject.com/route/106138616/shady-lady,2.6,Sport,5.7,1,60,38.10049,-81.09596
106139159,Souled Out,Orange Oswald Wall > Summersville Lake (main) > Summersville (Gauley River) Area > The New River Gorge Region > West Virginia,https://www.mountainproject.com/route/106139159/souled-out,2.6,Sport,5.9,1,70,38.2422,-80.83949
107159897,Bullocks,3. Second Buttress > Upper Meadow > Meadow River Gorge > The New River Gorge Region > West Virginia,https://www.mountainproject.com/route/107159897/bullocks,2.5,Sport,5.9+,1,50,38.14295,-80.91755
105951063,The Layback,2 Bridge Buttress > Bridge Area > New River Gorge Proper > The New River Gorge Region > West Virginia,https://www.mountainproject.com/route/105951063/the-layback,2.6,Trad,5.9+,1,50,38.07178,-81.08006
106138628,Crescendo,01. Sandstonia > Bubba City > New River Gorge Proper > The New River Gorge Region > West Virginia,https://www.mountainproject.com/route/106138628/crescendo,2.5,Sport,5.10a,1,60,38.10049,-81.09596
106139147,Fabulous Groupies,Orange Oswald Wall > Summersville Lake (main) > Summersville (Gauley River) Area > The New River Gorge Region > West Virginia,https://www.mountainproject.com/route/106139147/fabulous-groupies,2.5,Sport,5.9,1,60,38.2422,-80.83949
107792683,Sand in My Crack (Cuddle Monkey),3. Rico Suave Buttress > Kaymoor > New River Gorge Proper > The New River Gorge Region > West Virginia,https://www.mountainproject.com/route/107792683/sand-in-my-crack-cuddle-monkey,2.5,Trad,5.7,1,50,38.04716,-81.06756
109308672,Nasty Wieners,0. Zero Buttress > Upper Meadow > Meadow River Gorge > The New River Gorge Region > West Virginia,https://www.mountainproject.com/route/109308672/nasty-wieners,2.6,Sport,5.10a,1,65,38.14399,-80.92018
106139191,Jeff's Bunny Hop,Narcissus Cave > Summersville Lake (main) > Summersville (Gauley River) Area > The New River Gorge Region > West Virginia,https://www.mountainproject.com/route/106139191/jeffs-bunny-hop,2.5,Sport,5.8,1,60,38.24193,-80.84067
106139168,Sniff the Drill,Narcissus Cave > Summersville Lake (main) > Summersville (Gauley River) Area > The New River Gorge Region > West Virginia,https://www.mountainproject.com/route/106139168/sniff-the-drill,2.4,Sport,5.8,1,45,38.24193,-80.84067
106244477,Anal Clenching Adventures,7) Orchard Wall > Fern Buttress > New River Gorge Proper > The New River Gorge Region > West Virginia,https://www.mountainproject.com/route/106244477/anal-clenching-adventures,2.7,Trad,5.10a,1,50,38.06056,-81.06663
106811063,Trigger Happy,Gun Wall > Summersville Lake (main) > Summersville (Gauley River) Area > The New River Gorge Region > West Virginia,https://www.mountainproject.com/route/106811063/trigger-happy,2.4,Sport,5.10a,1,35,38.2418,-80.84524
105868594,Block Party,Southern Pillar - West Side > Southern Pillar > Seneca Rocks > West Virginia,https://www.mountainproject.com/route/105868594/block-party,2.6,Trad,5.8,1,40,38.83261,-79.36748
106138663,Cerveza Verde,12. Beer Wall > Bubba City > New River Gorge Proper > The New River Gorge Region > West Virginia,https://www.mountainproject.com/route/106138663/cerveza-verde,2.4,Sport,5.9,1,45,38.09026,-81.08717
106021094,"You Want It, You Got It",3) The Brain > Beauty Mountain > New River Gorge Proper > The New River Gorge Region > West Virginia,https://www.mountainproject.com/route/106021094/you-want-it-you-got-it,2.5,Sport,5.9,1,60,38.05452,-81.03346
105992317,That Eight,Narcissus Cave > Summersville Lake (main) > Summersville (Gauley River) Area > The New River Gorge Region > West Virginia,https://www.mountainproject.com/route/105992317/that-eight,2.4,Sport,5.8-,1,70,38.24193,-80.84067
106064720,Mushrooms,7) Thunder Buttress > Beauty Mountain > New River Gorge Proper > The New River Gorge Region > West Virginia,https://www.mountainproject.com/route/106064720/mushrooms,2.8,Trad,5.10-,1,60,38.05053,-81.03102
107219249,The Great Reefer Barrier,Orange Oswald Wall > Summersville Lake (main) > Summersville (Gauley River) Area > The New River Gorge Region > West Virginia,https://www.mountainproject.com/route/107219249/the-great-reefer-barrier,3.6,Trad,5.10a,1,60,38.2422,-80.83949
107829637,Straight Outta Lockmont,Whippoorwill > Summersville (Gauley River) Area > The New River Gorge Region > West Virginia,https://www.mountainproject.com/route/107829637/straight-outta-lockmont,2.9,Sport,5.9,1,70,38.2338,-80.8552
105963388,Totally-Clipse,E) Kaymoor Slabs > Endless Wall > New River Gorge Proper > The New River Gorge Region > West Virginia,https://www.mountainproject.com/route/105963388/totally-clipse,2.3,Sport,5.8,1,75,38.05426,-81.06106
106866761,Hubba Bubba,06. Head Wall > Bubba City > New River Gorge Proper > The New River Gorge Region > West Virginia,https://www.mountainproject.com/route/106866761/hubba-bubba,2.6,Sport,5.9+,1,60,38.09307,-81.09555
106032004,Back to the Front,South Peak West Face (Main Area) > South Peak - West Face > Seneca Rocks > West Virginia,https://www.mountainproject.com/route/106032004/back-to-the-front,3.7,Trad,5.9,1,100,38.83453,-79.36677
105908819,Frosted Flake,Upper Broadway > South Peak - East Face > Seneca Rocks > West Virginia,https://www.mountainproject.com/route/105908819/frosted-flake,2.6,Trad,5.9,1,100,38.8344,-79.36659
106446066,Discrepancy,Lower Slabs > Seneca Rocks > West Virginia,https://www.mountainproject.com/route/106446066/discrepancy,3,"Trad, TR",5.8,1,55,38.83609,-79.36621
110261733,Infatuation,0. Zero Buttress > Upper Meadow > Meadow River Gorge > The New River Gorge Region > West Virginia,https://www.mountainproject.com/route/110261733/infatuation,2.3,Sport,5.7,1,60,38.14399,-80.92018
106138121,Bobby D'Bunny,01. Sandstonia > Bubba City > New River Gorge Proper > The New River Gorge Region > West Virginia,https://www.mountainproject.com/route/106138121/bobby-dbunny,2.3,Sport,5.7,1,70,38.10049,-81.09596
106919793,Ben Dunne,1. First Buttress > Upper Meadow > Meadow River Gorge > The New River Gorge Region > West Virginia,https://www.mountainproject.com/route/106919793/ben-dunne,3.1,Trad,5.10a,1,70,38.14319,-80.91967
106660052,Journey to the Center of the Brain,3) The Brain > Beauty Mountain > New River Gorge Proper > The New River Gorge Region > West Virginia,https://www.mountainproject.com/route/106660052/journey-to-the-center-of-the-brain,2.3,Trad,5.7,1,50,38.05452,-81.03346
106186718,First Aid,Impact Zone > Main Wall > Franklin Gorge > Eastern WV > West Virginia,https://www.mountainproject.com/route/106186718/first-aid,2.2,Sport,5.7,1,40,38.66516,-79.32026
105963441,Jumpin' Jack Flash,Junkyard Wall > Junkyard Area > New River Gorge Proper > The New River Gorge Region > West Virginia,https://www.mountainproject.com/route/105963441/jumpin-jack-flash,2.2,Trad,5.7+,1,50,38.08299,-81.08043
105951076,Butterbeans,2 Bridge Buttress > Bridge Area > New River Gorge Proper > The New River Gorge Region > West Virginia,https://www.mountainproject.com/route/105951076/butterbeans,3.2,Trad,5.10a,1,50,38.07178,-81.08006
106023149,Out of Mind,3) The Brain > Beauty Mountain > New River Gorge Proper > The New River Gorge Region > West Virginia,https://www.mountainproject.com/route/106023149/out-of-mind,2.1,Trad,5.10a,1,70,38.05452,-81.03346
106138673,Beer Wench,12. Beer Wall > Bubba City > New River Gorge Proper > The New River Gorge Region > West Virginia,https://www.mountainproject.com/route/106138673/beer-wench,2.3,Sport,5.9,1,50,38.09026,-81.08717
109033631,Lieutenant Tomek,4. Third Buttress > Upper Meadow > Meadow River Gorge > The New River Gorge Region > West Virginia,https://www.mountainproject.com/route/109033631/lieutenant-tomek,2.1,Sport,5.9+,1,55,38.14336,-80.91556
107094737,Whinerlamer,Whippoorwill > Summersville (Gauley River) Area > The New River Gorge Region > West Virginia,https://www.mountainproject.com/route/107094737/whinerlamer,2.5,Sport,5.9,1,40,38.2338,-80.8552
105943689,Horton's Tree,2 Bridge Buttress > Bridge Area > New River Gorge Proper > The New River Gorge Region > West Virginia,https://www.mountainproject.com/route/105943689/hortons-tree,2,Trad,5.7,1,30,38.07178,-81.08006
106021084,"Quick Robin, to the Batcrack!",6) Middle Beauty > Beauty Mountain > New River Gorge Proper > The New River Gorge Region > West Virginia,https://www.mountainproject.com/route/106021084/quick-robin-to-the-batcrack,3,Trad,5.10-,1,80,38.05129,-81.03222
108443815,Great White Dihedral aka Begoon/Artz Corner,3 Greatest Show Area > Lower Meadow > Meadow River Gorge > The New River Gorge Region > West Virginia,https://www.mountainproject.com/route/108443815/great-white-dihedral-aka-begoonartz-corner,3.8,Trad,5.9+,1,90,38.15303,-80.93231
106171352,Voyeur Variation,H) Hellbound Area > Endless Wall > New River Gorge Proper > The New River Gorge Region > West Virginia,https://www.mountainproject.com/route/106171352/voyeur-variation,3.4,Trad,5.10a,1,80,38.0536,-81.05917
106039070,Crescenta,8) Ritz Cracker Area > Fern Buttress > New River Gorge Proper > The New River Gorge Region > West Virginia,https://www.mountainproject.com/route/106039070/crescenta,3.8,Trad,5.10a,1,80,38.05999,-81.06543
105910043,Madmen Only,North Peak - West Face > Seneca Rocks > West Virginia,https://www.mountainproject.com/route/105910043/madmen-only,3.4,Trad,5.10a,1,100,38.8353,-79.36614
105961603,Where Real Men Dare,3 Maranatha Area > Bridge Area > New River Gorge Proper > The New River Gorge Region > West Virginia,https://www.mountainproject.com/route/105961603/where-real-men-dare,2.6,Trad,5.8,1,70,38.07311,-81.07947
111496938,Guide's 8,Sunshine Wall (Guide Wall) > Guide Wall > Smoke Hole Canyon > Eastern WV > West Virginia,https://www.mountainproject.com/route/111496938/guides-8,3.1,Sport,5.8,1,40,38.87549,-79.26792
105963450,The Contortionist,Junkyard Wall > Junkyard Area > New River Gorge Proper > The New River Gorge Region > West Virginia,https://www.mountainproject.com/route/105963450/the-contortionist,2.8,"Trad, TR",5.9,1,60,38.08299,-81.08043
106811030,Pay It Forward,01. Sandstonia > Bubba City > New River Gorge Proper > The New River Gorge Region > West Virginia,https://www.mountainproject.com/route/106811030/pay-it-forward,2.3,Sport,5.9,1,50,38.10049,-81.09596
107560400,Shipwrecked,Impact Zone > Main Wall > Franklin Gorge > Eastern WV > West Virginia,https://www.mountainproject.com/route/107560400/shipwrecked,3.1,Sport,5.9,1,75,38.66516,-79.32026
112834795,Superwoman,Reeds Creek > Eastern WV > West Virginia,https://www.mountainproject.com/route/112834795/superwoman,2.3,Sport,5.8+,1,35,38.785,-79.288
105910023,Bring on the Nubiles,South Peak West Face (Main Area) > South Peak - West Face > Seneca Rocks > West Virginia,https://www.mountainproject.com/route/105910023/bring-on-the-nubiles,3.8,Trad,5.9+ PG13,2,250,38.83453,-79.36677
106765674,Tabasco Fur,4 Moon Wall > Lower Meadow > Meadow River Gorge > The New River Gorge Region > West Virginia,https://www.mountainproject.com/route/106765674/tabasco-fur,3.3,Trad,5.10a,1,80,38.15369,-80.93558
106310040,Doce Doe,M) Fantasy Area > Endless Wall > New River Gorge Proper > The New River Gorge Region > West Virginia,https://www.mountainproject.com/route/106310040/doce-doe,2.3,Trad,5.8,1,80,38.05596,-81.05393
110620722,Welcome to Reed's Creek,Reeds Creek > Eastern WV > West Virginia,https://www.mountainproject.com/route/110620722/welcome-to-reeds-creek,2.5,Sport,5.7,1,30,38.785,-79.288
112835499,Internal Dialogue,Reeds Creek > Eastern WV > West Virginia,https://www.mountainproject.com/route/112835499/internal-dialogue,2.7,Sport,5.8,1,55,38.785,-79.288
106570206,Beginners Only,3 Maranatha Area > Bridge Area > New River Gorge Proper > The New River Gorge Region > West Virginia,https://www.mountainproject.com/route/106570206/beginners-only,1.9,Trad,5.7,1,50,38.07311,-81.07947
111412963,Bridge Burner,Reeds Creek > Eastern WV > West Virginia,https://www.mountainproject.com/route/111412963/bridge-burner,3.1,Sport,5.10a,1,70,38.785,-79.288
111054408,Destroying Angel,0. Zero Buttress > Upper Meadow > Meadow River Gorge > The New River Gorge Region > West Virginia,https://www.mountainproject.com/route/111054408/destroying-angel,1.9,Sport,5.10a/b,1,65,38.14399,-80.92018
110196630,Stolen Kisses,J) Snake Buttress > Endless Wall > New River Gorge Proper > The New River Gorge Region > West Virginia,https://www.mountainproject.com/route/110196630/stolen-kisses,3.3,Trad,5.9,1,100,38.05474,-81.05704
106491911,Arachnophobia,5 Sunkist Wall > Lower Meadow > Meadow River Gorge > The New River Gorge Region > West Virginia,https://www.mountainproject.com/route/106491911/arachnophobia,3.5,Trad,5.9,1,70,38.15655,-80.93978
106728027,Jump Start,Impact Zone > Main Wall > Franklin Gorge > Eastern WV > West Virginia,https://www.mountainproject.com/route/106728027/jump-start,2.6,Sport,5.8+,1,30,38.66516,-79.32026
106137047,Second Thoughts,3. Rico Suave Buttress > Kaymoor > New River Gorge Proper > The New River Gorge Region > West Virginia,https://www.mountainproject.com/route/106137047/second-thoughts,2.9,Trad,5.9+,1,50,38.04716,-81.06756
112834809,Sea of Tranquility,Reeds Creek > Eastern WV > West Virginia,https://www.mountainproject.com/route/112834809/sea-of-tranquility,2.9,Sport,5.10a,1,45,38.785,-79.288
105983069,V-Slot,Junkyard Wall > Junkyard Area > New River Gorge Proper > The New River Gorge Region > West Virginia,https://www.mountainproject.com/route/105983069/v-slot,2.7,Trad,5.9,1,60,38.08299,-81.08043
105964405,Gemini Crack Right,4 Promised Area > Bridge Area > New River Gorge Proper > The New River Gorge Region > West Virginia,https://www.mountainproject.com/route/105964405/gemini-crack-right,3.1,Trad,5.10a,1,50,38.07434,-81.07957
106385760,The Prowesse,A) Fern Point > Endless Wall > New River Gorge Proper > The New River Gorge Region > West Virginia,https://www.mountainproject.com/route/106385760/the-prowesse,3.4,Trad,5.9 R,1,120,38.05598,-81.06313
108381188,Hammer Time,Whippoorwill > Summersville (Gauley River) Area > The New River Gorge Region > West Virginia,https://www.mountainproject.com/route/108381188/hammer-time,2.4,Sport,5.9+,1,40,38.2338,-80.8552
106171358,Crescent Moon,I) Honeymooner's Area > Endless Wall > New River Gorge Proper > The New River Gorge Region > West Virginia,https://www.mountainproject.com/route/106171358/crescent-moon,3,Trad,5.7+,1,80,38.05426,-81.05828
107778331,Crispy Critter,South Peak West Face (Main Area) > South Peak - West Face > Seneca Rocks > West Virginia,https://www.mountainproject.com/route/107778331/crispy-critter,3,Trad,5.7+,1,55,38.83453,-79.36677
117886340,Dying for a Living,Cotton Club > Cotton Hill > New River Gorge Proper > The New River Gorge Region > West Virginia,https://www.mountainproject.com/route/117886340/dying-for-a-living,3.3,Sport,5.10a,1,80,38.1138,-81.13935
116227021,Block Magic,Reeds Creek > Eastern WV > West Virginia,https://www.mountainproject.com/route/116227021/block-magic,3.2,Sport,5.9+,1,60,38.785,-79.288
105910082,Right Tope,Southern Pillar - West Side > Southern Pillar > Seneca Rocks > West Virginia,https://www.mountainproject.com/route/105910082/right-tope,2.9,Trad,5.9,1,100,38.83261,-79.36748
106171578,Thais Direct,South Peak West Face (Main Area) > South Peak - West Face > Seneca Rocks > West Virginia,https://www.mountainproject.com/route/106171578/thais-direct,2.5,Trad,5.7,2,NA,38.83453,-79.36677
107202336,Ragged Reaction,The Long Wall > Summersville Lake (main) > Summersville (Gauley River) Area > The New River Gorge Region > West Virginia,https://www.mountainproject.com/route/107202336/ragged-reaction,2.4,Sport,5.9,1,30,38.24137,-80.84379
106421448,Technarete,L) Dr. Ruth's Big Buttress > Endless Wall > New River Gorge Proper > The New River Gorge Region > West Virginia,https://www.mountainproject.com/route/106421448/technarete,3.4,Trad,5.10a/b,1,80,38.05577,-81.05541
117886206,Mystery Hole,Cotton Club > Cotton Hill > New River Gorge Proper > The New River Gorge Region > West Virginia,https://www.mountainproject.com/route/117886206/mystery-hole,2.7,Sport,5.9,1,80,38.1138,-81.13935
107865519,Holy Mackerel,Whippoorwill > Summersville (Gauley River) Area > The New River Gorge Region > West Virginia,https://www.mountainproject.com/route/107865519/holy-mackerel,2.9,Trad,5.8,1,50,38.2338,-80.8552
108402665,T&T,Southeast Corner > South Peak - East Face > Seneca Rocks > West Virginia,https://www.mountainproject.com/route/108402665/tt,3,Trad,5.8+,2,190,38.83343,-79.36659
106946228,Roy's Lament,N) The Undeserved Area > Endless Wall > New River Gorge Proper > The New River Gorge Region > West Virginia,https://www.mountainproject.com/route/106946228/roys-lament,2.9,Trad,5.9,1,90,38.05632,-81.05225
106046103,Goofer's Retreat,8) Ritz Cracker Area > Fern Buttress > New River Gorge Proper > The New River Gorge Region > West Virginia,https://www.mountainproject.com/route/106046103/goofers-retreat,3.3,Trad,5.8+,1,90,38.05999,-81.06543
107834016,Aqualung,Impact Zone > Main Wall > Franklin Gorge > Eastern WV > West Virginia,https://www.mountainproject.com/route/107834016/aqualung,3,Sport,5.10a,1,65,38.66516,-79.32026
106058506,Desperado,North Peak - East Face > Seneca Rocks > West Virginia,https://www.mountainproject.com/route/106058506/desperado,3.1,Trad,5.9,1,75,38.83537,-79.36542
108468844,Johnny Bravo,Whippoorwill > Summersville (Gauley River) Area > The New River Gorge Region > West Virginia,https://www.mountainproject.com/route/108468844/johnny-bravo,3.7,Trad,5.10a,1,50,38.2338,-80.8552
105993531,Your Mother...,3 Maranatha Area > Bridge Area > New River Gorge Proper > The New River Gorge Region > West Virginia,https://www.mountainproject.com/route/105993531/your-mother,3.1,Trad,5.9,1,50,38.07311,-81.07947
109175873,Dominaire,Domino Point > New River Gorge Proper > The New River Gorge Region > West Virginia,https://www.mountainproject.com/route/109175873/dominaire,3.9,Trad,5.7+,1,100,38.04684,-81.04953
106023155,Brain Teasers,3) The Brain > Beauty Mountain > New River Gorge Proper > The New River Gorge Region > West Virginia,https://www.mountainproject.com/route/106023155/brain-teasers,2.7,Trad,5.10a,1,70,38.05452,-81.03346
107129412,Fritz Crack,4 Moon Wall > Lower Meadow > Meadow River Gorge > The New River Gorge Region > West Virginia,https://www.mountainproject.com/route/107129412/fritz-crack,2.7,Trad,5.8,1,80,38.15369,-80.93558
119887751,Hungry for Histo,Reeds Creek > Eastern WV > West Virginia,https://www.mountainproject.com/route/119887751/hungry-for-histo,3.5,Sport,5.8+ PG13,1,80,38.785,-79.288
106186723,Belly of the Whale,Impact Zone > Main Wall > Franklin Gorge > Eastern WV > West Virginia,https://www.mountainproject.com/route/106186723/belly-of-the-whale,2.1,Sport,5.8,1,40,38.66516,-79.32026
112835323,Thieves in the Temple,Reeds Creek > Eastern WV > West Virginia,https://www.mountainproject.com/route/112835323/thieves-in-the-temple,2.7,Sport,5.8,1,65,38.785,-79.288
106831253,Brain Storm,3) The Brain > Beauty Mountain > New River Gorge Proper > The New River Gorge Region > West Virginia,https://www.mountainproject.com/route/106831253/brain-storm,2.1,Trad,5.8,1,70,38.05452,-81.03346
105943609,Cave Routes  1 and  2,Junkyard Wall > Junkyard Area > New River Gorge Proper > The New River Gorge Region > West Virginia,https://www.mountainproject.com/route/105943609/cave-routes-1-and-2,2.9,TR,5.7,1,70,38.08299,-81.08043
106001159,What a Jam,K) Scream Seam Area > Endless Wall > New River Gorge Proper > The New River Gorge Region > West Virginia,https://www.mountainproject.com/route/106001159/what-a-jam,3.1,Trad,5.9,1,70,38.05542,-81.05611
105910077,Judgement Seat,Southern Pillar - West Side > Southern Pillar > Seneca Rocks > West Virginia,https://www.mountainproject.com/route/105910077/judgement-seat,3.1,Trad,5.10a,2,225,38.83261,-79.36748
107094784,Jowiki,Whippoorwill > Summersville (Gauley River) Area > The New River Gorge Region > West Virginia,https://www.mountainproject.com/route/107094784/jowiki,2.2,Sport,5.10a,1,30,38.2338,-80.8552
106939390,Cotton Gin and Tonic,Cotton Top > Cotton Hill > New River Gorge Proper > The New River Gorge Region > West Virginia,https://www.mountainproject.com/route/106939390/cotton-gin-and-tonic,2.6,Trad,5.7,1,NA,38.1151,-81.14094
112835359,Second Rule,Reeds Creek > Eastern WV > West Virginia,https://www.mountainproject.com/route/112835359/second-rule,2.4,Sport,5.7,1,70,38.785,-79.288
111470050,5.8+ Arete,Sunshine Wall (Guide Wall) > Guide Wall > Smoke Hole Canyon > Eastern WV > West Virginia,https://www.mountainproject.com/route/111470050/58-arete,2.9,Sport,5.8,1,80,38.87549,-79.26792
105991892,Basic Bubba Crack,11. Bubba Buttress > Bubba City > New River Gorge Proper > The New River Gorge Region > West Virginia,https://www.mountainproject.com/route/105991892/basic-bubba-crack,3.1,Trad,5.9,1,75,38.09087,-81.08835
108425267,Conn's East Lieback Variation,Upper Broadway > South Peak - East Face > Seneca Rocks > West Virginia,https://www.mountainproject.com/route/108425267/conns-east-lieback-variation,2.9,Trad,5.7,1,100,38.8344,-79.36659
106060116,Unrelenting Verticality,North Peak - East Face > Seneca Rocks > West Virginia,https://www.mountainproject.com/route/106060116/unrelenting-verticality,2.9,Trad,5.9,1,65,38.83537,-79.36542
117886536,House of Cards,Cotton Club > Cotton Hill > New River Gorge Proper > The New River Gorge Region > West Virginia,https://www.mountainproject.com/route/117886536/house-of-cards,2.7,Sport,5.9,1,90,38.1138,-81.13935
107833973,Anchors Away,Impact Zone > Main Wall > Franklin Gorge > Eastern WV > West Virginia,https://www.mountainproject.com/route/107833973/anchors-away,2.9,Sport,5.9+,1,35,38.66516,-79.32026
106883939,Brain Wave,3) The Brain > Beauty Mountain > New River Gorge Proper > The New River Gorge Region > West Virginia,https://www.mountainproject.com/route/106883939/brain-wave,2.2,Trad,5.7,1,70,38.05452,-81.03346
110620718,Dr Taco,Reeds Creek > Eastern WV > West Virginia,https://www.mountainproject.com/route/110620718/dr-taco,1.8,Sport,5.7,1,30,38.785,-79.288
106522965,Seneca Daze,South Peak West Face (Main Area) > South Peak - West Face > Seneca Rocks > West Virginia,https://www.mountainproject.com/route/106522965/seneca-daze,2.3,Sport,5.7 PG13,1,75,38.83453,-79.36677
119836887,Birthday Girl,1 Tan Wall > Lower Meadow > Meadow River Gorge > The New River Gorge Region > West Virginia,https://www.mountainproject.com/route/119836887/birthday-girl,2.8,Sport,5.8,1,50,38.15273,-80.92798
106243680,Electric Chair,Southern Pillar - West Side > Southern Pillar > Seneca Rocks > West Virginia,https://www.mountainproject.com/route/106243680/electric-chair,3,Trad,5.9,1,70,38.83261,-79.36748
113097578,Hummingbird,Ninja Wall > Guide Wall > Smoke Hole Canyon > Eastern WV > West Virginia,https://www.mountainproject.com/route/113097578/hummingbird,3,Sport,5.9,1,60,38.87567,-79.26769
106064677,Fat Man's Folly,6) Middle Beauty > Beauty Mountain > New River Gorge Proper > The New River Gorge Region > West Virginia,https://www.mountainproject.com/route/106064677/fat-mans-folly,3.3,Trad,5.9,1,80,38.05129,-81.03222
106073387,First Strike,5 First Strike Area > Bridge Area > New River Gorge Proper > The New River Gorge Region > West Virginia,https://www.mountainproject.com/route/106073387/first-strike,3.1,Trad,5.10a,1,50,38.07637,-81.07911
105917520,Le Gourmet Direct,South Peak West Face (Main Area) > South Peak - West Face > Seneca Rocks > West Virginia,https://www.mountainproject.com/route/105917520/le-gourmet-direct,2.1,Trad,5.7,1,100,38.83453,-79.36677
112133821,Boogie Till Ya Need Glasses,2 Toxic Hueco Area > Lower Meadow > Meadow River Gorge > The New River Gorge Region > West Virginia,https://www.mountainproject.com/route/112133821/boogie-till-ya-need-glasses,2.6,Trad,5.8,1,70,38.15323,-80.93233
118354891,Cuddle Puddle,Sunshine Wall (Guide Wall) > Guide Wall > Smoke Hole Canyon > Eastern WV > West Virginia,https://www.mountainproject.com/route/118354891/cuddle-puddle,3.3,Sport,5.9,1,50,38.87549,-79.26792
105951037,Screamer Crack,7) Thunder Buttress > Beauty Mountain > New River Gorge Proper > The New River Gorge Region > West Virginia,https://www.mountainproject.com/route/105951037/screamer-crack,2.7,Trad,5.8,1,80,38.05053,-81.03102
106032037,Sixth Sense,South End > Seneca Rocks > West Virginia,https://www.mountainproject.com/route/106032037/sixth-sense,3.2,Trad,5.10a,3,190,38.83377,-79.36693
107097204,Streptococcus,North Peak - East Face > Seneca Rocks > West Virginia,https://www.mountainproject.com/route/107097204/streptococcus,2.6,Trad,5.9,1,50,38.83537,-79.36542
116653441,Chicanery,Sandcrag > Cheat Canyon > Northern WV > West Virginia,https://www.mountainproject.com/route/116653441/chicanery,3.8,Trad,5.9+,1,75,39.60408,-79.80964
111994482,Take Me Over the Edge,Lost World > Summersville (Gauley River) Area > The New River Gorge Region > West Virginia,https://www.mountainproject.com/route/111994482/take-me-over-the-edge,3.7,Trad,5.9,1,100,38.2274,-80.85231
107629279,Truancy,4 Moon Wall > Lower Meadow > Meadow River Gorge > The New River Gorge Region > West Virginia,https://www.mountainproject.com/route/107629279/truancy,2.8,Trad,5.7+,1,80,38.15369,-80.93558
105966408,Riding the Crest of the Wave,D) Idol Point > Endless Wall > New River Gorge Proper > The New River Gorge Region > West Virginia,https://www.mountainproject.com/route/105966408/riding-the-crest-of-the-wave,3.1,Trad,5.9,1,140,38.05435,-81.06164
106243698,Fear of Flying,Southern Pillar - West Side > Southern Pillar > Seneca Rocks > West Virginia,https://www.mountainproject.com/route/106243698/fear-of-flying,2.9,Trad,5.8,1,90,38.83261,-79.36748
114218497,Rain,Reeds Creek > Eastern WV > West Virginia,https://www.mountainproject.com/route/114218497/rain,2.7,Sport,5.9,1,35,38.785,-79.288
106883450,Tabasco Fart,4 Moon Wall > Lower Meadow > Meadow River Gorge > The New River Gorge Region > West Virginia,https://www.mountainproject.com/route/106883450/tabasco-fart,3.1,Trad,5.7,1,NA,38.15369,-80.93558
117855300,Radical Fun Times,North East Area > Devil's Nose > Eastern WV > West Virginia,https://www.mountainproject.com/route/117855300/radical-fun-times,3.3,"Trad, TR",5.9,1,75,39.60882,-78.11299
108114552,Emerald Dance,6) Thieves Area > Fern Buttress > New River Gorge Proper > The New River Gorge Region > West Virginia,https://www.mountainproject.com/route/108114552/emerald-dance,3.2,Trad,5.9+ PG13,1,100,38.06239,-81.06757
114811294,Gypsies,Reeds Creek > Eastern WV > West Virginia,https://www.mountainproject.com/route/114811294/gypsies,2.7,Sport,5.9,1,50,38.785,-79.288
106784199,Happy Head,4 Promised Area > Bridge Area > New River Gorge Proper > The New River Gorge Region > West Virginia,https://www.mountainproject.com/route/106784199/happy-head,2.8,Trad,5.8,1,65,38.07434,-81.07957
108466144,Tworgasaminimum,06. Head Wall > Bubba City > New River Gorge Proper > The New River Gorge Region > West Virginia,https://www.mountainproject.com/route/108466144/tworgasaminimum,3.2,Trad,5.10a,1,60,38.09307,-81.09555
106997301,DeTaro on Crack,Deep Woods Block > In-Between Area > Coopers Rock State Forest > Northern WV > West Virginia,https://www.mountainproject.com/route/106997301/detaro-on-crack,3.8,Trad,5.9+,1,40,39.63458,-79.80998
106618725,The Last Laugh,Impact Zone > Main Wall > Franklin Gorge > Eastern WV > West Virginia,https://www.mountainproject.com/route/106618725/the-last-laugh,3.1,Sport,5.10a R,1,80,38.66516,-79.32026
107820013,TIPS,Lower Slabs > Seneca Rocks > West Virginia,https://www.mountainproject.com/route/107820013/tips,4,Trad,5.10a R,1,NA,38.83609,-79.36621
105910086,Slipstream,Southern Pillar - West Side > Southern Pillar > Seneca Rocks > West Virginia,https://www.mountainproject.com/route/105910086/slipstream,3,Trad,5.10a PG13,1,75,38.83261,-79.36748
107525634,Inside the Rubik's Cube,A-4 > Long Mountain > Eastern WV > West Virginia,https://www.mountainproject.com/route/107525634/inside-the-rubiks-cube,4,Trad,5.9+,1,80,38.958,-78.7044
107525668,Sweaty-Stretch,A-4 > Long Mountain > Eastern WV > West Virginia,https://www.mountainproject.com/route/107525668/sweaty-stretch,4,Trad,5.9,1,80,38.958,-78.7044
123541768,Crotchrocket Spire,"Riverton Gap, North > Riverton Gap > Eastern WV > West Virginia",https://www.mountainproject.com/route/123541768/crotchrocket-spire,4,Sport,5.9,1,NA,38.74465,-79.43091
119598739,Metamorph,Piney Creek Watershed > The New River Gorge Region > West Virginia,https://www.mountainproject.com/route/119598739/metamorph,2.8,Sport,5.10a,1,55,37.79566,-81.14446
106032608,Momma's Squeeze Box,7) Thunder Buttress > Beauty Mountain > New River Gorge Proper > The New River Gorge Region > West Virginia,https://www.mountainproject.com/route/106032608/mommas-squeeze-box,2.8,Trad,5.8+,1,80,38.05053,-81.03102
107834225,Wintermute,Impact Zone > Main Wall > Franklin Gorge > Eastern WV > West Virginia,https://www.mountainproject.com/route/107834225/wintermute,2.4,Sport,5.9,1,60,38.66516,-79.32026
112021873,Pine Trees and Hula Hoops,2 Toxic Hueco Area > Lower Meadow > Meadow River Gorge > The New River Gorge Region > West Virginia,https://www.mountainproject.com/route/112021873/pine-trees-and-hula-hoops,2.7,Trad,5.9,1,60,38.15323,-80.93233
116193798,Never Ending Story,Sunshine Wall (Guide Wall) > Guide Wall > Smoke Hole Canyon > Eastern WV > West Virginia,https://www.mountainproject.com/route/116193798/never-ending-story,3,Sport,5.9,1,60,38.87549,-79.26792
106446054,The Warlock,Lower Slabs > Seneca Rocks > West Virginia,https://www.mountainproject.com/route/106446054/the-warlock,2.7,Trad,5.9+,1,50,38.83609,-79.36621
113090731,Hawk,Ninja Wall > Guide Wall > Smoke Hole Canyon > Eastern WV > West Virginia,https://www.mountainproject.com/route/113090731/hawk,2.9,Sport,5.9,1,60,38.87567,-79.26769
120724466,Snowflake Crack,Snowflake Wall > Snake Hill Wildlife Management Area > Cheat Canyon > Northern WV > West Virginia,https://www.mountainproject.com/route/120724466/snowflake-crack,3.4,"Trad, TR",5.7,1,45,39.62446,-79.83697
113005752,That Nine,Narcissus Cave > Summersville Lake (main) > Summersville (Gauley River) Area > The New River Gorge Region > West Virginia,https://www.mountainproject.com/route/113005752/that-nine,2.1,Sport,5.9,1,40,38.24193,-80.84067
106758490,Clown School,Circus Wall > Summersville Lake (main) > Summersville (Gauley River) Area > The New River Gorge Region > West Virginia,https://www.mountainproject.com/route/106758490/clown-school,2.4,Sport,5.10a,1,50,38.24291,-80.8361
106921420,Beam Me Up Scotty,9) Star Trek Wall > Fern Buttress > New River Gorge Proper > The New River Gorge Region > West Virginia,https://www.mountainproject.com/route/106921420/beam-me-up-scotty,2,"Trad, TR",5.7,1,40,38.05916,-81.06311
112197296,Crescendo,"Crescendo Wall > West Face, East Fin > Nelson Rocks > Eastern WV > West Virginia",https://www.mountainproject.com/route/112197296/crescendo,3.5,Trad,5.10a,2,120,38.6955,-79.465
107327038,Seldom Seen,Lower Slabs > Seneca Rocks > West Virginia,https://www.mountainproject.com/route/107327038/seldom-seen,2.7,"Trad, TR",5.7 R,1,75,38.83609,-79.36621
106039012,The Flyin' Hawaiian,A) Fern Point > Endless Wall > New River Gorge Proper > The New River Gorge Region > West Virginia,https://www.mountainproject.com/route/106039012/the-flyin-hawaiian,3,Trad,5.9,1,110,38.05598,-81.06313
105997750,Mr. Ed,Junkyard Wall > Junkyard Area > New River Gorge Proper > The New River Gorge Region > West Virginia,https://www.mountainproject.com/route/105997750/mr-ed,2.3,Trad,5.8,1,65,38.08299,-81.08043
107629672,Tasty Flake,08. Ames Wall > Bubba City > New River Gorge Proper > The New River Gorge Region > West Virginia,https://www.mountainproject.com/route/107629672/tasty-flake,2.7,Trad,5.8,1,40,38.09182,-81.09286
107386812,Rear Entry,Southeast Corner > South Peak - East Face > Seneca Rocks > West Virginia,https://www.mountainproject.com/route/107386812/rear-entry,3.2,"Trad, Sport",5.8,1,125,38.83343,-79.36659
119957322,Heavy Bigos Lover,3. Second Buttress > Upper Meadow > Meadow River Gorge > The New River Gorge Region > West Virginia,https://www.mountainproject.com/route/119957322/heavy-bigos-lover,2.6,Sport,5.9,1,50,38.14295,-80.91755
118090021,Cool Crack,01. Sandstonia > Bubba City > New River Gorge Proper > The New River Gorge Region > West Virginia,https://www.mountainproject.com/route/118090021/cool-crack,3.6,Trad,5.10a,1,40,38.10049,-81.09596
108315817,West Pole Direct Finish,South Peak West Face (Main Area) > South Peak - West Face > Seneca Rocks > West Virginia,https://www.mountainproject.com/route/108315817/west-pole-direct-finish,3,Trad,5.8,1,50,38.83453,-79.36677
114495761,Covert Ops,1 Tan Wall > Lower Meadow > Meadow River Gorge > The New River Gorge Region > West Virginia,https://www.mountainproject.com/route/114495761/covert-ops,2.6,Sport,5.7,1,40,38.15273,-80.92798
114302111,Desperately Seeking Susan,South Nuttall > New River Gorge Proper > The New River Gorge Region > West Virginia,https://www.mountainproject.com/route/114302111/desperately-seeking-susan,3.8,Trad,5.10- PG13,1,100,38.0416,-81.0376
107640214,Ladybug,Southeast Corner > South Peak - East Face > Seneca Rocks > West Virginia,https://www.mountainproject.com/route/107640214/ladybug,2.6,"Trad, Sport",5.9,1,120,38.83343,-79.36659
109587044,Fat Boys,Pork Palace > Smoke Hole Canyon > Eastern WV > West Virginia,https://www.mountainproject.com/route/109587044/fat-boys,3.7,Trad,5.9,1,60,38.81352,-79.28219
113748075,28 Weeks Later,Whippoorwill > Summersville (Gauley River) Area > The New River Gorge Region > West Virginia,https://www.mountainproject.com/route/113748075/28-weeks-later,2.5,Sport,5.9,1,65,38.2338,-80.8552
107543193,Verde Suave,06. Head Wall > Bubba City > New River Gorge Proper > The New River Gorge Region > West Virginia,https://www.mountainproject.com/route/107543193/verde-suave,2.8,Sport,5.7,1,50,38.09307,-81.09555
107899116,Labrador Reliever,Cat Cliff > Junkyard Area > New River Gorge Proper > The New River Gorge Region > West Virginia,https://www.mountainproject.com/route/107899116/labrador-reliever,3.3,Trad,5.8+,1,60,38.08831,-81.08366
116720649,Can't Pray the Gray Away,Ninja Wall > Guide Wall > Smoke Hole Canyon > Eastern WV > West Virginia,https://www.mountainproject.com/route/116720649/cant-pray-the-gray-away,2.8,Sport,5.8,1,55,38.87567,-79.26769
106092113,Climb On,DC Memorial Boulder > Summersville Lake (main) > Summersville (Gauley River) Area > The New River Gorge Region > West Virginia,https://www.mountainproject.com/route/106092113/climb-on,2.5,Sport,5.9,1,40,38.24156,-80.84428
118792329,Night N Day,Hole N The Wall > Snake Hill Wildlife Management Area > Cheat Canyon > Northern WV > West Virginia,https://www.mountainproject.com/route/118792329/night-n-day,3,Sport,5.9+,1,NA,39.6284,-79.83122
113747879,After Forever,Whippoorwill > Summersville (Gauley River) Area > The New River Gorge Region > West Virginia,https://www.mountainproject.com/route/113747879/after-forever,2.3,Sport,5.10a,1,45,38.2338,-80.8552
106046055,Crack A Smile,G) Diamond Point > Endless Wall > New River Gorge Proper > The New River Gorge Region > West Virginia,https://www.mountainproject.com/route/106046055/crack-a-smile,2.8,Trad,5.10a,1,80,38.05317,-81.05956
113658494,Mister Clean,Ceiling Block Area > Roadside > Coopers Rock State Forest > Northern WV > West Virginia,https://www.mountainproject.com/route/113658494/mister-clean,2.9,"Trad, TR",5.7,1,25,39.63559,-79.81191
116994429,Raindancer,Entrance Walls. > Smoke Hole Canyon > Eastern WV > West Virginia,https://www.mountainproject.com/route/116994429/raindancer,2.7,Sport,5.8,1,60,38.80891,-79.28054
106704257,Barking Spiders,08. Iceberg Area > Bozoo > Southern WV > West Virginia,https://www.mountainproject.com/route/106704257/barking-spiders,2.6,"Sport, TR",5.9,1,40,37.478,-80.8663
106309990,The Hopfenperle Special,5 First Strike Area > Bridge Area > New River Gorge Proper > The New River Gorge Region > West Virginia,https://www.mountainproject.com/route/106309990/the-hopfenperle-special,2.6,Trad,5.7,1,80,38.07637,-81.07911
107899403,Birth Canal,09. White Wall > Bozoo > Southern WV > West Virginia,https://www.mountainproject.com/route/107899403/birth-canal,2.9,Trad,5.8+,1,60,37.4784,-80.8652
119364686,Pleasant Exposure,South Peak West Face (Main Area) > South Peak - West Face > Seneca Rocks > West Virginia,https://www.mountainproject.com/route/119364686/pleasant-exposure,3.3,Trad,5.8,1,80,38.83453,-79.36677
107283495,Daytripper,Southern Pillar - West Side > Southern Pillar > Seneca Rocks > West Virginia,https://www.mountainproject.com/route/107283495/daytripper,2.9,Trad,5.10a,1,70,38.83261,-79.36748
116720814,In The Nick Of Time,Ninja Wall > Guide Wall > Smoke Hole Canyon > Eastern WV > West Virginia,https://www.mountainproject.com/route/116720814/in-the-nick-of-time,2.6,Sport,5.7+,1,55,38.87567,-79.26769
113902269,Southern Hospitality,I) Honeymooner's Area > Endless Wall > New River Gorge Proper > The New River Gorge Region > West Virginia,https://www.mountainproject.com/route/113902269/southern-hospitality,3.5,Trad,5.10a,1,90,38.05426,-81.05828
110718320,Pleasant Overhangs - Variation: Direct Finish,South Peak West Face (Main Area) > South Peak - West Face > Seneca Rocks > West Virginia,https://www.mountainproject.com/route/110718320/pleasant-overhangs-variation-direct-finish,3.5,"Trad, Aid",5.9 A3 PG13,1,135,38.83453,-79.36677
108295188,204,Long Point > Summersville (Gauley River) Area > The New River Gorge Region > West Virginia,https://www.mountainproject.com/route/108295188/204,3.5,Sport,5.10a,1,65,38.22643,-80.85637
116654991,Momentary Afflictions,Sandcrag > Cheat Canyon > Northern WV > West Virginia,https://www.mountainproject.com/route/116654991/momentary-afflictions,3.5,Trad,5.10-,1,40,39.60408,-79.80964
107525647,Smoke And Lightning,A-4 > Long Mountain > Eastern WV > West Virginia,https://www.mountainproject.com/route/107525647/smoke-and-lightning,3.5,Trad,5.9+,1,80,38.958,-78.7044
119598265,Iron Broccoli,Piney Creek Watershed > The New River Gorge Region > West Virginia,https://www.mountainproject.com/route/119598265/iron-broccoli,2.9,Sport,5.7,1,60,37.79566,-81.14446
119719469,Italiano Vero,4. Third Buttress > Upper Meadow > Meadow River Gorge > The New River Gorge Region > West Virginia,https://www.mountainproject.com/route/119719469/italiano-vero,2.3,Sport,5.10a,1,55,38.14336,-80.91556
106740361,Slush,Riverbend > Franklin Gorge > Eastern WV > West Virginia,https://www.mountainproject.com/route/106740361/slush,2.9,Sport,5.9,1,65,38.66538,-79.32472
115173494,Copenhagen,Sunset Wall > Sunset Wall Area > Roadside > Coopers Rock State Forest > Northern WV > West Virginia,https://www.mountainproject.com/route/115173494/copenhagen,3,TR,5.9,1,30,39.63527,-79.81075
114496212,Gimpy,2 Toxic Hueco Area > Lower Meadow > Meadow River Gorge > The New River Gorge Region > West Virginia,https://www.mountainproject.com/route/114496212/gimpy,2.5,Trad,5.8,1,70,38.15323,-80.93233
115171615,Locumba,Narcissus Cave > Summersville Lake (main) > Summersville (Gauley River) Area > The New River Gorge Region > West Virginia,https://www.mountainproject.com/route/115171615/locumba,2.2,Sport,5.9+,1,45,38.24193,-80.84067
116720695,Synergy,Ninja Wall > Guide Wall > Smoke Hole Canyon > Eastern WV > West Virginia,https://www.mountainproject.com/route/116720695/synergy,2.5,Sport,5.7,1,40,38.87567,-79.26769
105998466,Gebhardt-Dufty,Southern Pillar - West Side > Southern Pillar > Seneca Rocks > West Virginia,https://www.mountainproject.com/route/105998466/gebhardt-dufty,2.2,Trad,5.7+,4,NA,38.83261,-79.36748
119890418,Spartacus,Long Point > Summersville (Gauley River) Area > The New River Gorge Region > West Virginia,https://www.mountainproject.com/route/119890418/spartacus,3.1,Trad,5.9,1,70,38.22643,-80.85637
109781676,Hack Attack aka Carny Crack,3 Greatest Show Area > Lower Meadow > Meadow River Gorge > The New River Gorge Region > West Virginia,https://www.mountainproject.com/route/109781676/hack-attack-aka-carny-crack,3.1,Trad,5.10a,1,60,38.15303,-80.93231
107787630,Crusher Critter,South Peak West Face (Main Area) > South Peak - West Face > Seneca Rocks > West Virginia,https://www.mountainproject.com/route/107787630/crusher-critter,2.5,Trad,5.9-,1,35,38.83453,-79.36677
114239673,A Roll of the Dice,Reeds Creek > Eastern WV > West Virginia,https://www.mountainproject.com/route/114239673/a-roll-of-the-dice,2.3,Sport,5.8,1,45,38.785,-79.288
109026730,The Wrath of Khan,9) Star Trek Wall > Fern Buttress > New River Gorge Proper > The New River Gorge Region > West Virginia,https://www.mountainproject.com/route/109026730/the-wrath-of-khan,2.9,Trad,5.8,1,50,38.05916,-81.06311
122294868,Through the Looking Glass,Long Branch Wall > Smoke Hole Canyon > Eastern WV > West Virginia,https://www.mountainproject.com/route/122294868/through-the-looking-glass,3.3,Trad,5.8,1,50,38.87368,-79.27092
109148560,Kamikaze Lizards,Gauley Crag > Summersville (Gauley River) Area > The New River Gorge Region > West Virginia,https://www.mountainproject.com/route/109148560/kamikaze-lizards,3.1,Trad,5.9+,1,60,38.20387,-80.89914
116654920,New Routes and Old Friends,Sandcrag > Cheat Canyon > Northern WV > West Virginia,https://www.mountainproject.com/route/116654920/new-routes-and-old-friends,3.3,Trad,5.9+,1,30,39.60408,-79.80964
106037093,Dreamtime,Dog Wall > Junkyard Area > New River Gorge Proper > The New River Gorge Region > West Virginia,https://www.mountainproject.com/route/106037093/dreamtime,3.1,Trad,5.9+,1,70,38.08696,-81.08255
106237422,Rat's Alley,E) Kaymoor Slabs > Endless Wall > New River Gorge Proper > The New River Gorge Region > West Virginia,https://www.mountainproject.com/route/106237422/rats-alley,2.1,Trad,5.7,1,70,38.05426,-81.06106
116252140,One Bolt Wonder,Whippoorwill > Summersville (Gauley River) Area > The New River Gorge Region > West Virginia,https://www.mountainproject.com/route/116252140/one-bolt-wonder,3,Trad,5.9,1,70,38.2338,-80.8552
106386687,Unnamed SL  7,Pirate's Cove > Summersville Lake (main) > Summersville (Gauley River) Area > The New River Gorge Region > West Virginia,https://www.mountainproject.com/route/106386687/unnamed-sl-7,3,Trad,5.10a,1,60,38.2427,-80.8485
111637686,FunBoy,Sunshine Wall (Guide Wall) > Guide Wall > Smoke Hole Canyon > Eastern WV > West Virginia,https://www.mountainproject.com/route/111637686/funboy,2.3,Sport,5.9,1,60,38.87549,-79.26792
118856032,Take It To The Limit,Reeds Creek > Eastern WV > West Virginia,https://www.mountainproject.com/route/118856032/take-it-to-the-limit,2.8,Sport,5.8,1,50,38.785,-79.288
117735719,Momia Peruana,Orange Oswald Wall > Summersville Lake (main) > Summersville (Gauley River) Area > The New River Gorge Region > West Virginia,https://www.mountainproject.com/route/117735719/momia-peruana,2.1,Sport,5.10a,1,55,38.2422,-80.83949
106058511,Bandito,North Peak - East Face > Seneca Rocks > West Virginia,https://www.mountainproject.com/route/106058511/bandito,2.7,Trad,5.9,1,50,38.83537,-79.36542
106921518,George of the Gorge,A) Fern Point > Endless Wall > New River Gorge Proper > The New River Gorge Region > West Virginia,https://www.mountainproject.com/route/106921518/george-of-the-gorge,2.2,"Sport, TR",5.9,1,60,38.05598,-81.06313
116193779,Pockets Full of Sunshine,Sunshine Wall (Guide Wall) > Guide Wall > Smoke Hole Canyon > Eastern WV > West Virginia,https://www.mountainproject.com/route/116193779/pockets-full-of-sunshine,2.2,Sport,5.8+,1,35,38.87549,-79.26792
112834873,Buckaroo,Reeds Creek > Eastern WV > West Virginia,https://www.mountainproject.com/route/112834873/buckaroo,2.5,Sport,5.8,1,60,38.785,-79.288
110715410,Triple S - Variation: Direct Finish,South Peak West Face (Main Area) > South Peak - West Face > Seneca Rocks > West Virginia,https://www.mountainproject.com/route/110715410/triple-s-variation-direct-finish,2.9,Trad,5.8,1,150,38.83453,-79.36677
108404492,Crescent Corner,Whippoorwill > Summersville (Gauley River) Area > The New River Gorge Region > West Virginia,https://www.mountainproject.com/route/108404492/crescent-corner,2.9,Trad,5.10a,1,NA,38.2338,-80.8552
117886486,Minnie the Moocher,Cotton Club > Cotton Hill > New River Gorge Proper > The New River Gorge Region > West Virginia,https://www.mountainproject.com/route/117886486/minnie-the-moocher,2.6,Sport,5.10a/b,1,70,38.1138,-81.13935
109515386,Searching for Sanctuary,5. White Wall > Kaymoor > New River Gorge Proper > The New River Gorge Region > West Virginia,https://www.mountainproject.com/route/109515386/searching-for-sanctuary,2.9,Trad,5.9+,1,80,38.04953,-81.07039
115408122,Daytrippers,Entrance Walls. > Smoke Hole Canyon > Eastern WV > West Virginia,https://www.mountainproject.com/route/115408122/daytrippers,2.8,Sport,5.8+,1,45,38.80891,-79.28054
112036005,The Grind,Sunshine Wall (Guide Wall) > Guide Wall > Smoke Hole Canyon > Eastern WV > West Virginia,https://www.mountainproject.com/route/112036005/the-grind,2.6,Sport,5.9,1,45,38.87549,-79.26792
106522969,Cockfight,South Peak West Face (Main Area) > South Peak - West Face > Seneca Rocks > West Virginia,https://www.mountainproject.com/route/106522969/cockfight,2.7,Trad,5.9+ PG13,1,90,38.83453,-79.36677
106535962,Chucks Route,08. Iceberg Area > Bozoo > Southern WV > West Virginia,https://www.mountainproject.com/route/106535962/chucks-route,2.6,Sport,5.10a,1,40,37.478,-80.8663
107899473,Chunks,09. White Wall > Bozoo > Southern WV > West Virginia,https://www.mountainproject.com/route/107899473/chunks,3,Trad,5.9+,1,65,37.4784,-80.8652
121511224,Forgotten Anchor,1 Tan Wall > Lower Meadow > Meadow River Gorge > The New River Gorge Region > West Virginia,https://www.mountainproject.com/route/121511224/forgotten-anchor,2.8,Trad,5.8+,1,45,38.15273,-80.92798
106910793,Fred Sandstone Flake,12. Beer Wall > Bubba City > New River Gorge Proper > The New River Gorge Region > West Virginia,https://www.mountainproject.com/route/106910793/fred-sandstone-flake,2.4,Trad,5.9,1,60,38.09026,-81.08717
106727987,Sticks and Stones,Contact Zone > Main Wall > Franklin Gorge > Eastern WV > West Virginia,https://www.mountainproject.com/route/106727987/sticks-and-stones,1.8,Sport,5.8,1,60,38.66399,-79.32257
116193820,Nine In The Corner,Sunshine Wall (Guide Wall) > Guide Wall > Smoke Hole Canyon > Eastern WV > West Virginia,https://www.mountainproject.com/route/116193820/nine-in-the-corner,2.5,Sport,5.9+,1,55,38.87549,-79.26792
107797961,Great Impostor,North Peak - East Face > Seneca Rocks > West Virginia,https://www.mountainproject.com/route/107797961/great-impostor,2.9,Trad,5.9,1,90,38.83537,-79.36542
117657697,Diggie Diggie Doo,Cotton Club > Cotton Hill > New River Gorge Proper > The New River Gorge Region > West Virginia,https://www.mountainproject.com/route/117657697/diggie-diggie-doo,2.3,Sport,5.8,1,60,38.1138,-81.13935
118856478,Afterglow,Reeds Creek > Eastern WV > West Virginia,https://www.mountainproject.com/route/118856478/afterglow,2.1,Sport,5.8,1,30,38.785,-79.288
116720756,Native Suns,Ninja Wall > Guide Wall > Smoke Hole Canyon > Eastern WV > West Virginia,https://www.mountainproject.com/route/116720756/native-suns,2.7,Sport,5.10a,1,40,38.87567,-79.26769
106032016,Monkey See Monkey Do,South Peak West Face (Main Area) > South Peak - West Face > Seneca Rocks > West Virginia,https://www.mountainproject.com/route/106032016/monkey-see-monkey-do,2.5,Trad,5.9,2,100,38.83453,-79.36677
110620704,Super Natural,Reeds Creek > Eastern WV > West Virginia,https://www.mountainproject.com/route/110620704/super-natural,2.9,Trad,5.7 PG13,1,65,38.785,-79.288
106184221,Broken Sling,5) Burning Buttress > Beauty Mountain > New River Gorge Proper > The New River Gorge Region > West Virginia,https://www.mountainproject.com/route/106184221/broken-sling,2.7,Trad,5.10a PG13,1,80,38.05238,-81.03324
107918879,Sassafras,08. Iceberg Area > Bozoo > Southern WV > West Virginia,https://www.mountainproject.com/route/107918879/sassafras,2.7,"Trad, TR",5.8,1,NA,37.478,-80.8663
110528489,Trident,Impact Zone > Main Wall > Franklin Gorge > Eastern WV > West Virginia,https://www.mountainproject.com/route/110528489/trident,2.5,Sport,5.10a,1,35,38.66516,-79.32026
115435195,One page at a time,Reeds Creek > Eastern WV > West Virginia,https://www.mountainproject.com/route/115435195/one-page-at-a-time,2.5,Sport,5.10a,1,70,38.785,-79.288
114811282,Shaved Scamper,Reeds Creek > Eastern WV > West Virginia,https://www.mountainproject.com/route/114811282/shaved-scamper,2.3,Sport,5.9 PG13,1,50,38.785,-79.288
110598616,La Bella Vista,South End > Seneca Rocks > West Virginia,https://www.mountainproject.com/route/110598616/la-bella-vista,3.1,Trad,5.10-,2,160,38.83377,-79.36693
108404483,Charlotte Corner,Whippoorwill > Summersville (Gauley River) Area > The New River Gorge Region > West Virginia,https://www.mountainproject.com/route/108404483/charlotte-corner,2.9,Trad,5.10a,1,NA,38.2338,-80.8552
117739700,Disko Polo,0. Zero Buttress > Upper Meadow > Meadow River Gorge > The New River Gorge Region > West Virginia,https://www.mountainproject.com/route/117739700/disko-polo,2.4,Sport,5.10a,1,60,38.14399,-80.92018
107953149,Oyster Cracker,O) Kline Wall > Endless Wall > New River Gorge Proper > The New River Gorge Region > West Virginia,https://www.mountainproject.com/route/107953149/oyster-cracker,3,Trad,5.10a,1,75,38.05685,-81.05105
113393713,Night Time Is the Right Time,2 Toxic Hueco Area > Lower Meadow > Meadow River Gorge > The New River Gorge Region > West Virginia,https://www.mountainproject.com/route/113393713/night-time-is-the-right-time,2.5,Trad,5.9,1,80,38.15323,-80.93233
110715109,Cockscomb Overhang Direct,South Peak West Face (Main Area) > South Peak - West Face > Seneca Rocks > West Virginia,https://www.mountainproject.com/route/110715109/cockscomb-overhang-direct,2.9,Trad,5.9,1,100,38.83453,-79.36677
117997840,Hidie Hidie Ho,Cotton Club > Cotton Hill > New River Gorge Proper > The New River Gorge Region > West Virginia,https://www.mountainproject.com/route/117997840/hidie-hidie-ho,2.4,Sport,5.9,1,65,38.1138,-81.13935
107319430,For Slab Rats Only,Lower Slabs > Seneca Rocks > West Virginia,https://www.mountainproject.com/route/107319430/for-slab-rats-only,2.5,Trad,5.8,1,40,38.83609,-79.36621
119895595,Left of Death,Piney Creek Watershed > The New River Gorge Region > West Virginia,https://www.mountainproject.com/route/119895595/left-of-death,3.2,Trad,5.8,1,55,37.79566,-81.14446
107791156,Smoking Crack,08. Ames Wall > Bubba City > New River Gorge Proper > The New River Gorge Region > West Virginia,https://www.mountainproject.com/route/107791156/smoking-crack,2,Sport,5.8,1,40,38.09182,-81.09286
108894376,Dilema,Big Easy Cliffs > North Bend State Park > Northern WV > West Virginia,https://www.mountainproject.com/route/108894376/dilema,3,"Trad, TR",5.8,1,NA,39.22139,-81.10189
107525477,Penthouse Bliss,A-4 > Long Mountain > Eastern WV > West Virginia,https://www.mountainproject.com/route/107525477/penthouse-bliss,3,Trad,5.7+,1,90,38.958,-78.7044
106765877,Walking in Your Footsteps,E) Kaymoor Slabs > Endless Wall > New River Gorge Proper > The New River Gorge Region > West Virginia,https://www.mountainproject.com/route/106765877/walking-in-your-footsteps,3,Trad,5.10a R,1,80,38.05426,-81.06106
108703944,Blood Flower,Long Point > Summersville (Gauley River) Area > The New River Gorge Region > West Virginia,https://www.mountainproject.com/route/108703944/blood-flower,2.6,Sport,5.10a,1,45,38.22643,-80.85637
107834175,Don't Think Twice,Southeast Corner > South Peak - East Face > Seneca Rocks > West Virginia,https://www.mountainproject.com/route/107834175/dont-think-twice,2.8,Trad,5.7+,1,70,38.83343,-79.36659
106876943,Pyro Vixen,05. Headless Wall > Bubba City > New River Gorge Proper > The New River Gorge Region > West Virginia,https://www.mountainproject.com/route/106876943/pyro-vixen,2.1,Sport,5.10-,1,60,38.09447,-81.09571
106188727,Squeal Like a Pig,Parking Area Wall > Main Wall > Franklin Gorge > Eastern WV > West Virginia,https://www.mountainproject.com/route/106188727/squeal-like-a-pig,2.4,Sport,5.10a,1,70,38.66462,-79.32434
121036777,Bali,Whippoorwill > Summersville (Gauley River) Area > The New River Gorge Region > West Virginia,https://www.mountainproject.com/route/121036777/bali,3,Trad,5.9,1,80,38.2338,-80.8552
116720891,Hog Slaughter,Long Point > Summersville (Gauley River) Area > The New River Gorge Region > West Virginia,https://www.mountainproject.com/route/116720891/hog-slaughter,3,Sport,5.9,1,80,38.22643,-80.85637
119702670,Salmiakki,Carnifex Ferry > Summersville (Gauley River) Area > The New River Gorge Region > West Virginia,https://www.mountainproject.com/route/119702670/salmiakki,3,Sport,5.10a,1,60,38.19693,-80.94463
119598664,Dead Tree Society,Piney Creek Watershed > The New River Gorge Region > West Virginia,https://www.mountainproject.com/route/119598664/dead-tree-society,3,Trad,5.9,1,40,37.79566,-81.14446
116210496,Roof Flake,Sunset Wall > Sunset Wall Area > Roadside > Coopers Rock State Forest > Northern WV > West Virginia,https://www.mountainproject.com/route/116210496/roof-flake,3,TR,5.9,1,35,39.63527,-79.81075
113081455,Stop the Presses,Reeds Creek > Eastern WV > West Virginia,https://www.mountainproject.com/route/113081455/stop-the-presses,2.6,Sport,5.9,1,80,38.785,-79.288
107522463,"The Good, the Bad, and The Boltless (High Plains Drifter variation)",Pirate's Cove > Summersville Lake (main) > Summersville (Gauley River) Area > The New River Gorge Region > West Virginia,https://www.mountainproject.com/route/107522463/the-good-the-bad-and-the-boltless-high-plains-drifter-variation,3,Trad,5.10a/b,1,75,38.2427,-80.8485
108735299,Mononucleosis,Long Point > Summersville (Gauley River) Area > The New River Gorge Region > West Virginia,https://www.mountainproject.com/route/108735299/mononucleosis,3,Trad,5.8,1,80,38.22643,-80.85637
107891300,Highway To Hell,Lower Broadway > South Peak - East Face > Seneca Rocks > West Virginia,https://www.mountainproject.com/route/107891300/highway-to-hell,3,"Trad, Sport",5.10a R,1,80,38.83449,-79.36664
108400883,Good Easy Crack,Whippoorwill > Summersville (Gauley River) Area > The New River Gorge Region > West Virginia,https://www.mountainproject.com/route/108400883/good-easy-crack,2,"Trad, TR",5.7,1,50,38.2338,-80.8552
118792303,keiths arete,Hole N The Wall > Snake Hill Wildlife Management Area > Cheat Canyon > Northern WV > West Virginia,https://www.mountainproject.com/route/118792303/keiths-arete,2.7,Sport,5.7,1,35,39.6284,-79.83122
107900233,Thru-Mortise,04. Rigor Wall > Bozoo > Southern WV > West Virginia,https://www.mountainproject.com/route/107900233/thru-mortise,2.8,Trad,5.8,1,50,37.4799,-80.8692
107946032,Savory Truffle,10. Savory Area > Bozoo > Southern WV > West Virginia,https://www.mountainproject.com/route/107946032/savory-truffle,3,"Trad, TR",5.9,1,45,37.4781,-80.8644
108703954,Flake and Bake,Long Point > Summersville (Gauley River) Area > The New River Gorge Region > West Virginia,https://www.mountainproject.com/route/108703954/flake-and-bake,2.3,Trad,5.9,1,70,38.22643,-80.85637
107525657,Almost Severance,A-4 > Long Mountain > Eastern WV > West Virginia,https://www.mountainproject.com/route/107525657/almost-severance,3,Trad,5.7 PG13,1,75,38.958,-78.7044
107525651,Crispy Finish,A-4 > Long Mountain > Eastern WV > West Virginia,https://www.mountainproject.com/route/107525651/crispy-finish,3,Trad,5.7 PG13,1,80,38.958,-78.7044
106494881,Dead Varmint,5 Sunkist Wall > Lower Meadow > Meadow River Gorge > The New River Gorge Region > West Virginia,https://www.mountainproject.com/route/106494881/dead-varmint,2.2,Trad,5.9-,1,50,38.15655,-80.93978
106058480,The Finger Stinger,North Peak - East Face > Seneca Rocks > West Virginia,https://www.mountainproject.com/route/106058480/the-finger-stinger,2.8,Trad,5.8 R,1,60,38.83537,-79.36542
120381319,Joker,Reeds Creek > Eastern WV > West Virginia,https://www.mountainproject.com/route/120381319/joker,2.4,Sport,5.10a,1,40,38.785,-79.288
119960296,Second Fiddle,Reeds Creek > Eastern WV > West Virginia,https://www.mountainproject.com/route/119960296/second-fiddle,2.9,Sport,5.9,1,85,38.785,-79.288
121587997,Thunderdome,Whippoorwill > Summersville (Gauley River) Area > The New River Gorge Region > West Virginia,https://www.mountainproject.com/route/121587997/thunderdome,2.7,Sport,5.9,1,60,38.2338,-80.8552
106475252,Raised by Sasquatch,Contact Zone > Main Wall > Franklin Gorge > Eastern WV > West Virginia,https://www.mountainproject.com/route/106475252/raised-by-sasquatch,2.2,Sport,5.9+,1,30,38.66399,-79.32257
106942219,Chasing Spiders,Zealous Area > Junkyard Area > New River Gorge Proper > The New River Gorge Region > West Virginia,https://www.mountainproject.com/route/106942219/chasing-spiders,2,Trad,5.7,1,NA,38.08435,-81.08108
106704317,Fat City,04. Rigor Wall > Bozoo > Southern WV > West Virginia,https://www.mountainproject.com/route/106704317/fat-city,2.5,Trad,5.7,1,50,37.4799,-80.8692
107286510,Phat Back,08. Iceberg Area > Bozoo > Southern WV > West Virginia,https://www.mountainproject.com/route/107286510/phat-back,2.4,"Sport, TR",5.8,1,40,37.478,-80.8663
118735917,Stoatastic Crack,South Nuttall > New River Gorge Proper > The New River Gorge Region > West Virginia,https://www.mountainproject.com/route/118735917/stoatastic-crack,3,Trad,5.7,1,80,38.0416,-81.0376
109588071,Hang On Little Tomato,Narcissus Cave > Summersville Lake (main) > Summersville (Gauley River) Area > The New River Gorge Region > West Virginia,https://www.mountainproject.com/route/109588071/hang-on-little-tomato,2.5,Trad,5.8,1,70,38.24193,-80.84067
116994312,Cherry Lane,Long Branch Wall > Smoke Hole Canyon > Eastern WV > West Virginia,https://www.mountainproject.com/route/116994312/cherry-lane,2.5,Trad,5.8,1,70,38.87368,-79.27092
107820060,Good Morning,Lower Slabs > Seneca Rocks > West Virginia,https://www.mountainproject.com/route/107820060/good-morning,3,Trad,5.7,1,140,38.83609,-79.36621
119920373,Low Hanging Fruit,Long Point > Summersville (Gauley River) Area > The New River Gorge Region > West Virginia,https://www.mountainproject.com/route/119920373/low-hanging-fruit,3,Trad,5.9+,1,60,38.22643,-80.85637
114302144,Inchworm,South Nuttall > New River Gorge Proper > The New River Gorge Region > West Virginia,https://www.mountainproject.com/route/114302144/inchworm,3,Trad,5.10- PG13,1,100,38.0416,-81.0376
107629228,Blackbird,South Peak West Face (Main Area) > South Peak - West Face > Seneca Rocks > West Virginia,https://www.mountainproject.com/route/107629228/blackbird,3,Trad,5.10a/b,1,100,38.83453,-79.36677
108114616,Baptism by Fire,6) Thieves Area > Fern Buttress > New River Gorge Proper > The New River Gorge Region > West Virginia,https://www.mountainproject.com/route/108114616/baptism-by-fire,2.5,Trad,5.9,1,60,38.06239,-81.06757
110598775,La Bella Vista: Lotus variation,South End > Seneca Rocks > West Virginia,https://www.mountainproject.com/route/110598775/la-bella-vista-lotus-variation,3,Trad,5.9 PG13,2,160,38.83377,-79.36693
107551181,The Arsonist has Oddly-Shaped Feet,Bear Haven > Eastern WV > West Virginia,https://www.mountainproject.com/route/107551181/the-arsonist-has-oddly-shaped-feet,3,TR,5.9+ PG13,1,35,38.9293,-79.6795
107945978,Cleavage,10. Savory Area > Bozoo > Southern WV > West Virginia,https://www.mountainproject.com/route/107945978/cleavage,3,"Trad, TR",5.9,1,45,37.4781,-80.8644
107946046,Piggies,10. Savory Area > Bozoo > Southern WV > West Virginia,https://www.mountainproject.com/route/107946046/piggies,3,"Trad, TR",5.8,1,45,37.4781,-80.8644
106045487,Chasing Rainbows,Ambassador Buttress > New River Gorge Proper > The New River Gorge Region > West Virginia,https://www.mountainproject.com/route/106045487/chasing-rainbows,3,Trad,5.10a,1,50,38.0685,-81.0743
111994501,Got It Licked,Lost World > Summersville (Gauley River) Area > The New River Gorge Region > West Virginia,https://www.mountainproject.com/route/111994501/got-it-licked,2.4,Sport,5.7,1,100,38.2274,-80.85231
120624698,Pleasant Surprise,South Peak West Face (Main Area) > South Peak - West Face > Seneca Rocks > West Virginia,https://www.mountainproject.com/route/120624698/pleasant-surprise,3.3,Sport,5.9,1,90,38.83453,-79.36677
120724145,B.D.R.,Snowflake Wall > Snake Hill Wildlife Management Area > Cheat Canyon > Northern WV > West Virginia,https://www.mountainproject.com/route/120724145/bdr,2.7,"Sport, TR",5.10a,1,45,39.62446,-79.83697
119608314,Nightshade,Entrance Walls. > Smoke Hole Canyon > Eastern WV > West Virginia,https://www.mountainproject.com/route/119608314/nightshade,2.5,Sport,5.9+,1,60,38.80891,-79.28054
122525823,Eating Bimbo Pie,12. Beer Wall > Bubba City > New River Gorge Proper > The New River Gorge Region > West Virginia,https://www.mountainproject.com/route/122525823/eating-bimbo-pie,2.6,Trad,5.7,1,50,38.09026,-81.08717
118855984,Absolution,Reeds Creek > Eastern WV > West Virginia,https://www.mountainproject.com/route/118855984/absolution,3.3,Sport,5.9+,1,50,38.785,-79.288
121573748,Land Ho,4 Promised Area > Bridge Area > New River Gorge Proper > The New River Gorge Region > West Virginia,https://www.mountainproject.com/route/121573748/land-ho,3,Trad,5.7,1,60,38.07434,-81.07957
110718849,Scrambled Leggs,South Peak West Face (Main Area) > South Peak - West Face > Seneca Rocks > West Virginia,https://www.mountainproject.com/route/110718849/scrambled-leggs,2.5,Trad,5.9-,1,40,38.83453,-79.36677
119709768,Handcrack,Trad Wall  Roped Routes > Trad Wall Area > Snake Hill Wildlife Management Area > Cheat Canyon > Northern WV > West Virginia,https://www.mountainproject.com/route/119709768/handcrack,3.3,Trad,5.9,1,35,39.62747,-79.83689
121777670,The Number of the Beast,Domino Point > New River Gorge Proper > The New River Gorge Region > West Virginia,https://www.mountainproject.com/route/121777670/the-number-of-the-beast,3,Trad,5.10-,1,80,38.04684,-81.04953
110644852,The Shambler,South End > Seneca Rocks > West Virginia,https://www.mountainproject.com/route/110644852/the-shambler,3,Trad,5.8 PG13,6,350,38.83377,-79.36693
121777567,Room of Doom,4 Moon Wall > Lower Meadow > Meadow River Gorge > The New River Gorge Region > West Virginia,https://www.mountainproject.com/route/121777567/room-of-doom,3,Trad,5.8,1,75,38.15369,-80.93558
116604966,Some Things Never Change,North Peak - East Face > Seneca Rocks > West Virginia,https://www.mountainproject.com/route/116604966/some-things-never-change,3,Trad,5.10a,1,60,38.83537,-79.36542
121779437,Blue Collar Scholar,Zealous Area > Junkyard Area > New River Gorge Proper > The New River Gorge Region > West Virginia,https://www.mountainproject.com/route/121779437/blue-collar-scholar,3,Trad,5.10-,1,80,38.08435,-81.08108
121777503,Peanut Butter and Pineapples,6) Thieves Area > Fern Buttress > New River Gorge Proper > The New River Gorge Region > West Virginia,https://www.mountainproject.com/route/121777503/peanut-butter-and-pineapples,3,Trad,5.9,1,85,38.06239,-81.06757
112319177,Where Have All the Cowboys Gone?,Whippoorwill > Summersville (Gauley River) Area > The New River Gorge Region > West Virginia,https://www.mountainproject.com/route/112319177/where-have-all-the-cowboys-gone,3,Trad,5.9,1,60,38.2338,-80.8552
110718482,A Better Way,South Peak West Face (Main Area) > South Peak - West Face > Seneca Rocks > West Virginia,https://www.mountainproject.com/route/110718482/a-better-way,3,Trad,5.9-,1,120,38.83453,-79.36677
119890917,Arranged Marriage,4 Promised Area > Bridge Area > New River Gorge Proper > The New River Gorge Region > West Virginia,https://www.mountainproject.com/route/119890917/arranged-marriage,3,Trad,5.9,1,65,38.07434,-81.07957
116203164,A Very Good Climb,The Good Block > Good Block Area > Tilted Tree > Coopers Rock State Forest > Northern WV > West Virginia,https://www.mountainproject.com/route/116203164/a-very-good-climb,3,Trad,5.9,1,30,39.63288,-79.80559
110715680,By Pass,South Peak West Face (Main Area) > South Peak - West Face > Seneca Rocks > West Virginia,https://www.mountainproject.com/route/110715680/by-pass,3,Trad,5.7,2,150,38.83453,-79.36677
121777711,KYBHT,Coal Point > Endless Wall > New River Gorge Proper > The New River Gorge Region > West Virginia,https://www.mountainproject.com/route/121777711/kybht,3,Trad,5.10-,1,70,38.05192,-81.05979
121295961,Unnamed,Ship's Prow > Tomb Raider Area > Upper Rock City > Coopers Rock State Forest > Northern WV > West Virginia,https://www.mountainproject.com/route/121295961/unnamed,3.3,TR,5.10a,1,30,39.63823,-79.81768
112833321,Chinese Style,4 Promised Area > Bridge Area > New River Gorge Proper > The New River Gorge Region > West Virginia,https://www.mountainproject.com/route/112833321/chinese-style,3,"Trad, TR",5.8 R,1,60,38.07434,-81.07957
108295007,665,Long Point > Summersville (Gauley River) Area > The New River Gorge Region > West Virginia,https://www.mountainproject.com/route/108295007/665,3,Sport,5.10a,1,65,38.22643,-80.85637
109595044,Appendicitis,Southern Pillar - West Side > Southern Pillar > Seneca Rocks > West Virginia,https://www.mountainproject.com/route/109595044/appendicitis,3,Trad,5.7,1,110,38.83261,-79.36748
110715434,The Bite,South Peak West Face (Main Area) > South Peak - West Face > Seneca Rocks > West Virginia,https://www.mountainproject.com/route/110715434/the-bite,3,Trad,5.8+,2,110,38.83453,-79.36677
110601871,Roof Traverse,Southwest Corner > South Peak - West Face > Seneca Rocks > West Virginia,https://www.mountainproject.com/route/110601871/roof-traverse,3,Trad,5.7+ PG13,2,130,38.83453,-79.36677
115398647,Devil Anse,Alma West > Alma Crag > Southern WV > West Virginia,https://www.mountainproject.com/route/115398647/devil-anse,3,Trad,5.8,1,30,37.75754,-82.30993
115398991,Unnamed dual crack system,Alma West > Alma Crag > Southern WV > West Virginia,https://www.mountainproject.com/route/115398991/unnamed-dual-crack-system,3,Trad,5.8,1,30,37.75754,-82.30993
122941608,Gray Matter,Long Point > Summersville (Gauley River) Area > The New River Gorge Region > West Virginia,https://www.mountainproject.com/route/122941608/gray-matter,2.5,Trad,5.10a,1,70,38.22643,-80.85637
118651359,Barnacled Anchor,Impact Zone > Main Wall > Franklin Gorge > Eastern WV > West Virginia,https://www.mountainproject.com/route/118651359/barnacled-anchor,3,Trad,5.10a/b,1,80,38.66516,-79.32026
115399082,Unnamed Arete,Alma East > Alma Crag > Southern WV > West Virginia,https://www.mountainproject.com/route/115399082/unnamed-arete,3,Trad,5.9 R,1,30,37.75722,-82.3084
110598397,Satisfaction 2,South End > Seneca Rocks > West Virginia,https://www.mountainproject.com/route/110598397/satisfaction-2,3,"Trad, Aid",5.9 A1 PG13,2,130,38.83377,-79.36693
110583956,Southern Exposure,South End > Seneca Rocks > West Virginia,https://www.mountainproject.com/route/110583956/southern-exposure,2.5,Trad,5.9 PG13,2,220,38.83377,-79.36693
122640964,Corn,South Nuttall > New River Gorge Proper > The New River Gorge Region > West Virginia,https://www.mountainproject.com/route/122640964/corn,3,Trad,5.9,1,100,38.0416,-81.0376
112171180,Dragon Jaws,North East Area > Devil's Nose > Eastern WV > West Virginia,https://www.mountainproject.com/route/112171180/dragon-jaws,3,TR,5.9+,1,70,39.60882,-78.11299
107820122,Guillotine,Lower Slabs > Seneca Rocks > West Virginia,https://www.mountainproject.com/route/107820122/guillotine,3,Trad,5.9,1,75,38.83609,-79.36621
107820104,Praying Mantle,Lower Slabs > Seneca Rocks > West Virginia,https://www.mountainproject.com/route/107820104/praying-mantle,3,Trad,5.9,1,90,38.83609,-79.36621
107535249,"Shoobie Doo, How Loose R U",A-2 > Long Mountain > Eastern WV > West Virginia,https://www.mountainproject.com/route/107535249/shoobie-doo-how-loose-r-u,3,Trad,5.8,1,75,38.958,-78.7044
107044382,Bizarre Grandiose,Southern Pillar - West Side > Southern Pillar > Seneca Rocks > West Virginia,https://www.mountainproject.com/route/107044382/bizarre-grandiose,2.7,Trad,5.9+ PG13,1,100,38.83261,-79.36748
107910981,Goldfinger,06. Bond Wall > Bozoo > Southern WV > West Virginia,https://www.mountainproject.com/route/107910981/goldfinger,3,Trad,5.9,1,40,37.4794,-80.8678
107525403,Zig-Zag,A-2 > Long Mountain > Eastern WV > West Virginia,https://www.mountainproject.com/route/107525403/zig-zag,3,"Trad, TR",5.9,1,50,38.958,-78.7044
107525690,Hears Something,B-1 > Long Mountain > Eastern WV > West Virginia,https://www.mountainproject.com/route/107525690/hears-something,3,Trad,5.8,1,70,38.958,-78.7044
107525490,Upon Eviction,A-4 > Long Mountain > Eastern WV > West Virginia,https://www.mountainproject.com/route/107525490/upon-eviction,3,Trad,5.9,1,90,38.958,-78.7044
107525701,Gravitys Left,B-1 > Long Mountain > Eastern WV > West Virginia,https://www.mountainproject.com/route/107525701/gravitys-left,3,Trad,5.8,1,60,38.958,-78.7044
123409290,Saggin' Commando,Piney Creek Watershed > The New River Gorge Region > West Virginia,https://www.mountainproject.com/route/123409290/saggin-commando,2,Trad,5.9+,1,25,37.79566,-81.14446
107680205,Double O Seven,1 Tan Wall > Lower Meadow > Meadow River Gorge > The New River Gorge Region > West Virginia,https://www.mountainproject.com/route/107680205/double-o-seven,2,Trad,5.7,1,50,38.15273,-80.92798
115408143,Castles Made Of Sand,Entrance Walls. > Smoke Hole Canyon > Eastern WV > West Virginia,https://www.mountainproject.com/route/115408143/castles-made-of-sand,2.4,Sport,5.8,1,45,38.80891,-79.28054
111085201,Macho Man,2 Bridge Buttress > Bridge Area > New River Gorge Proper > The New River Gorge Region > West Virginia,https://www.mountainproject.com/route/111085201/macho-man,2.6,Trad,5.9,1,40,38.07178,-81.08006
110329291,Lapping the Sap,Junkyard Wall > Junkyard Area > New River Gorge Proper > The New River Gorge Region > West Virginia,https://www.mountainproject.com/route/110329291/lapping-the-sap,2.6,Trad,5.10a,1,80,38.08299,-81.08043
107984144,Werewolf,12. Beer Wall > Bubba City > New River Gorge Proper > The New River Gorge Region > West Virginia,https://www.mountainproject.com/route/107984144/werewolf,2.4,Trad,5.10a PG13,1,40,38.09026,-81.08717
119598582,Romarête,Piney Creek Watershed > The New River Gorge Region > West Virginia,https://www.mountainproject.com/route/119598582/romarete,2.1,Sport,5.9,1,35,37.79566,-81.14446
115411056,Colors Of The Fall,Entrance Walls. > Smoke Hole Canyon > Eastern WV > West Virginia,https://www.mountainproject.com/route/115411056/colors-of-the-fall,2.6,Sport,5.8+,1,40,38.80891,-79.28054
107899488,Groove Machine,09. White Wall > Bozoo > Southern WV > West Virginia,https://www.mountainproject.com/route/107899488/groove-machine,2.7,Trad,5.9,1,60,37.4784,-80.8652
106704342,Bart Direct,02. Simpson Wall > Bozoo > Southern WV > West Virginia,https://www.mountainproject.com/route/106704342/bart-direct,2.8,Trad,5.9,1,45,37.4803,-80.8704
121534231,Oakley,Whippoorwill > Summersville (Gauley River) Area > The New River Gorge Region > West Virginia,https://www.mountainproject.com/route/121534231/oakley,2.4,Sport,5.9,1,50,38.2338,-80.8552
119349886,Flaming Caterpillars,Cotton Club > Cotton Hill > New River Gorge Proper > The New River Gorge Region > West Virginia,https://www.mountainproject.com/route/119349886/flaming-caterpillars,2.8,Trad,5.10a,1,60,38.1138,-81.13935
116204481,Battle of the Bulge,Roof Rocks > Furnace Road Areas > Coopers Rock State Forest > Northern WV > West Virginia,https://www.mountainproject.com/route/116204481/battle-of-the-bulge,2.7,TR,5.7,1,40,39.65119,-79.81717
119890321,Snuffed Out Cat,Long Point > Summersville (Gauley River) Area > The New River Gorge Region > West Virginia,https://www.mountainproject.com/route/119890321/snuffed-out-cat,2.8,Trad,5.10-,1,70,38.22643,-80.85637
115408096,Sweet Leaf,Entrance Walls. > Smoke Hole Canyon > Eastern WV > West Virginia,https://www.mountainproject.com/route/115408096/sweet-leaf,2.3,Sport,5.9+,1,30,38.80891,-79.28054
121068809,Mixed Emotions,Entrance Walls. > Smoke Hole Canyon > Eastern WV > West Virginia,https://www.mountainproject.com/route/121068809/mixed-emotions,2.7,Sport,5.9+,1,35,38.80891,-79.28054
106495387,Czech Vacation,08. Ames Wall > Bubba City > New River Gorge Proper > The New River Gorge Region > West Virginia,https://www.mountainproject.com/route/106495387/czech-vacation,1.8,Sport,5.8,1,50,38.09182,-81.09286
108765734,Wendigo,Long Point > Summersville (Gauley River) Area > The New River Gorge Region > West Virginia,https://www.mountainproject.com/route/108765734/wendigo,2.7,Trad,5.9,1,80,38.22643,-80.85637
107524865,Lunar Debris,Parking Area Wall > Main Wall > Franklin Gorge > Eastern WV > West Virginia,https://www.mountainproject.com/route/107524865/lunar-debris,2.1,Sport,5.9,1,40,38.66462,-79.32434
114488540,Squirrel Soup,Squirrel Soup Boulder > First Wall > Tilted Tree > Coopers Rock State Forest > Northern WV > West Virginia,https://www.mountainproject.com/route/114488540/squirrel-soup,3,"Trad, TR",5.7,1,25,39.63343,-79.80549
108826913,Dark Hollow,5 First Strike Area > Bridge Area > New River Gorge Proper > The New River Gorge Region > West Virginia,https://www.mountainproject.com/route/108826913/dark-hollow,2.8,Trad,5.8,1,50,38.07637,-81.07911
108894193,Grafitti Crack,Big Easy Cliffs > North Bend State Park > Northern WV > West Virginia,https://www.mountainproject.com/route/108894193/grafitti-crack,2.8,Trad,5.8,1,NA,39.22139,-81.10189
107945919,Monkey Business,10. Savory Area > Bozoo > Southern WV > West Virginia,https://www.mountainproject.com/route/107945919/monkey-business,2.8,"Trad, TR",5.8,1,45,37.4781,-80.8644
106782924,Milk Run,5 First Strike Area > Bridge Area > New River Gorge Proper > The New River Gorge Region > West Virginia,https://www.mountainproject.com/route/106782924/milk-run,2.6,Trad,5.9,1,70,38.07637,-81.07911
107709746,Just Say No,Orange Oswald Wall > Summersville Lake (main) > Summersville (Gauley River) Area > The New River Gorge Region > West Virginia,https://www.mountainproject.com/route/107709746/just-say-no,2.4,Trad,5.9,1,65,38.2422,-80.83949
106704271,Icebreaker,08. Iceberg Area > Bozoo > Southern WV > West Virginia,https://www.mountainproject.com/route/106704271/icebreaker,2.3,"Trad, TR",5.7,1,50,37.478,-80.8663
106060135,Really Flaky,North Peak - East Face > Seneca Rocks > West Virginia,https://www.mountainproject.com/route/106060135/really-flaky,2.3,Trad,5.7 R,2,100,38.83537,-79.36542
108409556,The Tomato That Ate Cleveland,Southeast Corner > South Peak - East Face > Seneca Rocks > West Virginia,https://www.mountainproject.com/route/108409556/the-tomato-that-ate-cleveland,2.4,Trad,5.9,1,55,38.83343,-79.36659
113316487,Conn's West Corner Start,South Peak West Face (Main Area) > South Peak - West Face > Seneca Rocks > West Virginia,https://www.mountainproject.com/route/113316487/conns-west-corner-start,2.8,Trad,5.7,1,60,38.83453,-79.36677
114811299,Not a Gimmie,Reeds Creek > Eastern WV > West Virginia,https://www.mountainproject.com/route/114811299/not-a-gimmie,2.3,Sport,5.9+,1,40,38.785,-79.288
106575455,Lunar Debris,I) Honeymooner's Area > Endless Wall > New River Gorge Proper > The New River Gorge Region > West Virginia,https://www.mountainproject.com/route/106575455/lunar-debris,2.6,Trad,5.9,1,70,38.05426,-81.05828
106171311,Seventh Sign,A) Fern Point > Endless Wall > New River Gorge Proper > The New River Gorge Region > West Virginia,https://www.mountainproject.com/route/106171311/seventh-sign,2.5,Trad,5.7,1,80,38.05598,-81.06313
107698707,No Sign of Intelligent Life,9) Star Trek Wall > Fern Buttress > New River Gorge Proper > The New River Gorge Region > West Virginia,https://www.mountainproject.com/route/107698707/no-sign-of-intelligent-life,2.2,Trad,5.7+,1,60,38.05916,-81.06311
113626586,LIttle Khumbu,Reeds Creek > Eastern WV > West Virginia,https://www.mountainproject.com/route/113626586/little-khumbu,1.8,Sport,5.8 PG13,1,40,38.785,-79.288
118354999,Nothing,Sunshine Wall (Guide Wall) > Guide Wall > Smoke Hole Canyon > Eastern WV > West Virginia,https://www.mountainproject.com/route/118354999/nothing,2.2,Sport,5.8,1,30,38.87549,-79.26792
105997756,Midnight Moonlight,5 First Strike Area > Bridge Area > New River Gorge Proper > The New River Gorge Region > West Virginia,https://www.mountainproject.com/route/105997756/midnight-moonlight,2.1,Trad,5.7,1,65,38.07637,-81.07911
106153212,"Wild, Wild West",Parking Area Wall > Main Wall > Franklin Gorge > Eastern WV > West Virginia,https://www.mountainproject.com/route/106153212/wild-wild-west,2.3,Sport,5.9,1,65,38.66462,-79.32434
105997741,Thank God I'm Bubbafied!,12. Beer Wall > Bubba City > New River Gorge Proper > The New River Gorge Region > West Virginia,https://www.mountainproject.com/route/105997741/thank-god-im-bubbafied,2.2,Trad,5.8,1,60,38.09026,-81.08717
108385883,Java,Whippoorwill > Summersville (Gauley River) Area > The New River Gorge Region > West Virginia,https://www.mountainproject.com/route/108385883/java,2.9,Trad,5.9-,1,80,38.2338,-80.8552
109827828,Heightened Senses,Ballard Trail Boulders > Kanawha State Forest > Southern WV > West Virginia,https://www.mountainproject.com/route/109827828/heightened-senses,2.7,TR,5.10a,1,45,38.26547,-81.66757
107719687,Fingers,Cotton Top > Cotton Hill > New River Gorge Proper > The New River Gorge Region > West Virginia,https://www.mountainproject.com/route/107719687/fingers,2.6,Trad,5.9,1,50,38.1151,-81.14094
106704327,Nappy Wig,03. Double-Tier Wall > Bozoo > Southern WV > West Virginia,https://www.mountainproject.com/route/106704327/nappy-wig,2.6,Trad,5.7+,1,55,37.4802,-80.8699
107949572,Gold Fist,03. Double-Tier Wall > Bozoo > Southern WV > West Virginia,https://www.mountainproject.com/route/107949572/gold-fist,2.7,Trad,5.9,1,30,37.4802,-80.8699
107945910,WV Cornflakes,10. Savory Area > Bozoo > Southern WV > West Virginia,https://www.mountainproject.com/route/107945910/wv-cornflakes,2.6,"Trad, TR",5.8+,1,45,37.4781,-80.8644
106495460,Casper Says Boo,09. Rainbow Ledge Area > Bubba City > New River Gorge Proper > The New River Gorge Region > West Virginia,https://www.mountainproject.com/route/106495460/casper-says-boo,2,Sport,5.9+,1,60,38.09088,-81.0903
116179937,Zig-Zag Wanderer,Big Blocks > Sunset Wall Area > Roadside > Coopers Rock State Forest > Northern WV > West Virginia,https://www.mountainproject.com/route/116179937/zig-zag-wanderer,3,"Trad, TR",5.8-,1,35,39.63509,-79.81075
113205281,Nubbin Drubbin,North Peak - East Face > Seneca Rocks > West Virginia,https://www.mountainproject.com/route/113205281/nubbin-drubbin,2.7,"Sport, TR",5.10a,1,70,38.83537,-79.36542
105963020,Supersymmetry,G) Diamond Point > Endless Wall > New River Gorge Proper > The New River Gorge Region > West Virginia,https://www.mountainproject.com/route/105963020/supersymmetry,2.3,"Trad, TR",5.7 X,1,75,38.05317,-81.05956
118792442,Hold my Hilti and give me some tea,Hole N The Wall > Snake Hill Wildlife Management Area > Cheat Canyon > Northern WV > West Virginia,https://www.mountainproject.com/route/118792442/hold-my-hilti-and-give-me-some-tea,2.8,Sport,5.10a/b,1,NA,39.6284,-79.83122
116180012,Stop N' Go,Sunset Wall > Sunset Wall Area > Roadside > Coopers Rock State Forest > Northern WV > West Virginia,https://www.mountainproject.com/route/116180012/stop-n-go,2.5,TR,5.9+,1,35,39.63527,-79.81075
116994337,Barnes Mixed Bag,Long Branch Wall > Smoke Hole Canyon > Eastern WV > West Virginia,https://www.mountainproject.com/route/116994337/barnes-mixed-bag,2.8,Trad,5.8,1,50,38.87368,-79.27092
114139999,Crackatoa,Long Point > Summersville (Gauley River) Area > The New River Gorge Region > West Virginia,https://www.mountainproject.com/route/114139999/crackatoa,2.7,Trad,5.10a,1,50,38.22643,-80.85637
105951069,The Mayfly,2 Bridge Buttress > Bridge Area > New River Gorge Proper > The New River Gorge Region > West Virginia,https://www.mountainproject.com/route/105951069/the-mayfly,2.2,Trad,5.9,1,50,38.07178,-81.08006
116192801,Ceiling Block Crack,Ceiling Block Area > Roadside > Coopers Rock State Forest > Northern WV > West Virginia,https://www.mountainproject.com/route/116192801/ceiling-block-crack,2.4,Trad,5.8,1,25,39.63559,-79.81191
106060054,Lobster in Cleavage Probe,K) Scream Seam Area > Endless Wall > New River Gorge Proper > The New River Gorge Region > West Virginia,https://www.mountainproject.com/route/106060054/lobster-in-cleavage-probe,2.5,Trad,5.10a,1,70,38.05542,-81.05611
106045465,Kidspeak,Ambassador Buttress > New River Gorge Proper > The New River Gorge Region > West Virginia,https://www.mountainproject.com/route/106045465/kidspeak,2.4,Trad,5.10a,1,30,38.0685,-81.0743
118792280,Jacobs ladder,Hole N The Wall > Snake Hill Wildlife Management Area > Cheat Canyon > Northern WV > West Virginia,https://www.mountainproject.com/route/118792280/jacobs-ladder,2.5,Sport,5.7,1,35,39.6284,-79.83122
116210553,Crimper,Sunset Wall > Sunset Wall Area > Roadside > Coopers Rock State Forest > Northern WV > West Virginia,https://www.mountainproject.com/route/116210553/crimper,2.6,TR,5.10a,1,35,39.63527,-79.81075
120044620,Gimpy Grimpeur,2 Toxic Hueco Area > Lower Meadow > Meadow River Gorge > The New River Gorge Region > West Virginia,https://www.mountainproject.com/route/120044620/gimpy-grimpeur,2.8,Trad,5.8,1,80,38.15323,-80.93233
107899395,Three Paths to Glory (Wayne's Woute),09. White Wall > Bozoo > Southern WV > West Virginia,https://www.mountainproject.com/route/107899395/three-paths-to-glory-waynes-woute,2.4,Trad,5.9,1,50,37.4784,-80.8652
106039941,Diversity in Microcosm,B) Party Buttress > Endless Wall > New River Gorge Proper > The New River Gorge Region > West Virginia,https://www.mountainproject.com/route/106039941/diversity-in-microcosm,2.4,Trad,5.9,1,80,38.05569,-81.06276
107834145,S&M,Southeast Corner > South Peak - East Face > Seneca Rocks > West Virginia,https://www.mountainproject.com/route/107834145/sm,2.6,Sport,5.8,1,100,38.83343,-79.36659
119264204,Ventilator Shaft,Cotton Club > Cotton Hill > New River Gorge Proper > The New River Gorge Region > West Virginia,https://www.mountainproject.com/route/119264204/ventilator-shaft,2.2,Trad,5.7,1,50,38.1138,-81.13935
121511143,SPI Hole,1 Tan Wall > Lower Meadow > Meadow River Gorge > The New River Gorge Region > West Virginia,https://www.mountainproject.com/route/121511143/spi-hole,2.6,Trad,5.8,1,50,38.15273,-80.92798
118685860,Ecstasy Loves Company,Reeds Creek > Eastern WV > West Virginia,https://www.mountainproject.com/route/118685860/ecstasy-loves-company,2.4,Trad,5.10a,1,45,38.785,-79.288
114216465,Adam Ant,J) Snake Buttress > Endless Wall > New River Gorge Proper > The New River Gorge Region > West Virginia,https://www.mountainproject.com/route/114216465/adam-ant,2.8,Trad,5.10a,1,100,38.05474,-81.05704
107918856,Cool Whip,08. Iceberg Area > Bozoo > Southern WV > West Virginia,https://www.mountainproject.com/route/107918856/cool-whip,2.4,"Trad, TR",5.7 R,1,45,37.478,-80.8663
106704335,Barts Crack,02. Simpson Wall > Bozoo > Southern WV > West Virginia,https://www.mountainproject.com/route/106704335/barts-crack,2.4,Trad,5.9,1,45,37.4803,-80.8704
107945987,The Mighty Santos,10. Savory Area > Bozoo > Southern WV > West Virginia,https://www.mountainproject.com/route/107945987/the-mighty-santos,2.5,"Trad, TR",5.9,1,45,37.4781,-80.8644
120428097,Kimba,3. Second Buttress > Upper Meadow > Meadow River Gorge > The New River Gorge Region > West Virginia,https://www.mountainproject.com/route/120428097/kimba,2.5,Sport,5.10a,1,60,38.14295,-80.91755
106372913,Two-Step Arete,M) Fantasy Area > Endless Wall > New River Gorge Proper > The New River Gorge Region > West Virginia,https://www.mountainproject.com/route/106372913/two-step-arete,2,Trad,5.8+,1,90,38.05596,-81.05393
107746890,Cast of Thousands,South Peak West Face (Main Area) > South Peak - West Face > Seneca Rocks > West Virginia,https://www.mountainproject.com/route/107746890/cast-of-thousands,2.4,Trad,5.10a,4,200,38.83453,-79.36677
112300651,Yert Yak Crack,2) Monolith Wall > Fern Buttress > New River Gorge Proper > The New River Gorge Region > West Virginia,https://www.mountainproject.com/route/112300651/yert-yak-crack,2.5,Trad,5.9,1,NA,38.0657,-81.07019
107900990,Tastes Like Chicken,04. Rigor Wall > Bozoo > Southern WV > West Virginia,https://www.mountainproject.com/route/107900990/tastes-like-chicken,2.3,Trad,5.7,1,45,37.4799,-80.8692
106386768,Two Finger Limit,The Satisfaction Wall > Summersville Lake (main) > Summersville (Gauley River) Area > The New River Gorge Region > West Virginia,https://www.mountainproject.com/route/106386768/two-finger-limit,2.1,Sport,5.10a,1,80,38.24161,-80.8422
107706815,Home Schooled,4 Moon Wall > Lower Meadow > Meadow River Gorge > The New River Gorge Region > West Virginia,https://www.mountainproject.com/route/107706815/home-schooled,2.4,Trad,5.9,1,80,38.15369,-80.93558
107792700,Bad Hair Day,The Satisfaction Wall > Summersville Lake (main) > Summersville (Gauley River) Area > The New River Gorge Region > West Virginia,https://www.mountainproject.com/route/107792700/bad-hair-day,2.6,Trad,5.9,1,60,38.24161,-80.8422
106740386,Unnamed RB 2,Riverbend > Franklin Gorge > Eastern WV > West Virginia,https://www.mountainproject.com/route/106740386/unnamed-rb-2,2.6,Sport,5.9+,1,80,38.66538,-79.32472
107773476,Bulgarian,5 Sunkist Wall > Lower Meadow > Meadow River Gorge > The New River Gorge Region > West Virginia,https://www.mountainproject.com/route/107773476/bulgarian,2.4,Trad,5.9,1,50,38.15655,-80.93978
106538002,Playing Hookie,08. Iceberg Area > Bozoo > Southern WV > West Virginia,https://www.mountainproject.com/route/106538002/playing-hookie,2.2,"Trad, TR",5.8,1,30,37.478,-80.8663
116210517,Reachy,Sunset Wall > Sunset Wall Area > Roadside > Coopers Rock State Forest > Northern WV > West Virginia,https://www.mountainproject.com/route/116210517/reachy,2.6,TR,5.8+,1,35,39.63527,-79.81075
107899500,West Virginia Clam Bake,08. Iceberg Area > Bozoo > Southern WV > West Virginia,https://www.mountainproject.com/route/107899500/west-virginia-clam-bake,2.3,Trad,5.10- R,1,45,37.478,-80.8663
121128360,Kenny Said So,3. Second Buttress > Upper Meadow > Meadow River Gorge > The New River Gorge Region > West Virginia,https://www.mountainproject.com/route/121128360/kenny-said-so,2.5,Trad,5.7+,1,80,38.14295,-80.91755
122385795,TASTYKÄKE,Piney Creek Watershed > The New River Gorge Region > West Virginia,https://www.mountainproject.com/route/122385795/tastykake,2,Trad,5.9- PG13,1,35,37.79566,-81.14446
122296445,My Silver Lining,Long Branch Wall > Smoke Hole Canyon > Eastern WV > West Virginia,https://www.mountainproject.com/route/122296445/my-silver-lining,2.4,Sport,5.7,1,45,38.87368,-79.27092
117997883,His,Cotton Club > Cotton Hill > New River Gorge Proper > The New River Gorge Region > West Virginia,https://www.mountainproject.com/route/117997883/his,2.1,Sport,5.10a,1,70,38.1138,-81.13935
116210475,Wide Point Roof,Sunset Wall > Sunset Wall Area > Roadside > Coopers Rock State Forest > Northern WV > West Virginia,https://www.mountainproject.com/route/116210475/wide-point-roof,2.5,TR,5.10a,1,35,39.63527,-79.81075
118792416,Hourglass crack,Hole N The Wall > Snake Hill Wildlife Management Area > Cheat Canyon > Northern WV > West Virginia,https://www.mountainproject.com/route/118792416/hourglass-crack,2.3,"Trad, TR",5.8,1,40,39.6284,-79.83122
116177684,Way of the Woodpecker,Jekyll and Hyde Block > Jekyll and Hyde Area > Lower Rock City > Coopers Rock State Forest > Northern WV > West Virginia,https://www.mountainproject.com/route/116177684/way-of-the-woodpecker,2.3,Trad,5.7+,1,40,39.64116,-79.82689
114290719,Jugnasium,4 Moon Wall > Lower Meadow > Meadow River Gorge > The New River Gorge Region > West Virginia,https://www.mountainproject.com/route/114290719/jugnasium,2.5,Trad,5.8,2,80,38.15369,-80.93558
111637757,Zendo,Sunshine Wall (Guide Wall) > Guide Wall > Smoke Hole Canyon > Eastern WV > West Virginia,https://www.mountainproject.com/route/111637757/zendo,1.9,Sport,5.8 R,1,50,38.87549,-79.26792
114560229,Handjob,Impact Zone > Main Wall > Franklin Gorge > Eastern WV > West Virginia,https://www.mountainproject.com/route/114560229/handjob,2.5,Sport,5.10a/b,1,50,38.66516,-79.32026
122167126,Nano Revoluzione,Long Point > Summersville (Gauley River) Area > The New River Gorge Region > West Virginia,https://www.mountainproject.com/route/122167126/nano-revoluzione,2.5,Trad,5.10a,1,50,38.22643,-80.85637
114560218,No Weld,Impact Zone > Main Wall > Franklin Gorge > Eastern WV > West Virginia,https://www.mountainproject.com/route/114560218/no-weld,2.3,Sport,5.9 PG13,1,50,38.66516,-79.32026
110715076,Dirty Hairy,Southwest Corner > South Peak - West Face > Seneca Rocks > West Virginia,https://www.mountainproject.com/route/110715076/dirty-hairy,2.5,Trad,5.7,1,140,38.83453,-79.36677
110593876,Tony's Nightmare Direct Finish,South End > Seneca Rocks > West Virginia,https://www.mountainproject.com/route/110593876/tonys-nightmare-direct-finish,2.5,Trad,5.7+ PG13,3,215,38.83377,-79.36693
109052836,In Need of Repair,04. Rigor Wall > Bozoo > Southern WV > West Virginia,https://www.mountainproject.com/route/109052836/in-need-of-repair,2.5,"Trad, TR",5.8,1,40,37.4799,-80.8692
107767256,Green Carpet,08. Iceberg Area > Bozoo > Southern WV > West Virginia,https://www.mountainproject.com/route/107767256/green-carpet,2.5,Trad,5.9,1,NA,37.478,-80.8663
107945898,Stinger Arete,10. Savory Area > Bozoo > Southern WV > West Virginia,https://www.mountainproject.com/route/107945898/stinger-arete,2.5,"Trad, TR",5.9+,1,55,37.4781,-80.8644
107911593,Crusty,02. Simpson Wall > Bozoo > Southern WV > West Virginia,https://www.mountainproject.com/route/107911593/crusty,2.5,Trad,5.10-,1,50,37.4803,-80.8704
106037049,Peanut Bubba and Jam,Bimbo Buttress > Bubba City > New River Gorge Proper > The New River Gorge Region > West Virginia,https://www.mountainproject.com/route/106037049/peanut-bubba-and-jam,2.5,Trad,5.8,1,40,38.09332,-81.09376
106155566,Out to Lunch,1 Overlook Buttress > Bridge Area > New River Gorge Proper > The New River Gorge Region > West Virginia,https://www.mountainproject.com/route/106155566/out-to-lunch,2.5,Trad,5.8,1,40,38.07012,-81.07833
106970327,Gimp Verdé,05. Headless Wall > Bubba City > New River Gorge Proper > The New River Gorge Region > West Virginia,https://www.mountainproject.com/route/106970327/gimp-verde,1.9,Sport,5.8,1,30,38.09447,-81.09571
106060079,The Jackie Gleason Flake,I) Honeymooner's Area > Endless Wall > New River Gorge Proper > The New River Gorge Region > West Virginia,https://www.mountainproject.com/route/106060079/the-jackie-gleason-flake,1.9,Trad,5.9,1,80,38.05426,-81.05828
112201678,Night Moves,9) Star Trek Wall > Fern Buttress > New River Gorge Proper > The New River Gorge Region > West Virginia,https://www.mountainproject.com/route/112201678/night-moves,2.1,Trad,5.9,1,50,38.05916,-81.06311
115411048,Jack In The Pulpit,Entrance Walls. > Smoke Hole Canyon > Eastern WV > West Virginia,https://www.mountainproject.com/route/115411048/jack-in-the-pulpit,2.1,Sport,5.8+,1,40,38.80891,-79.28054
119287780,Fear of Flailing,Southern Pillar - West Side > Southern Pillar > Seneca Rocks > West Virginia,https://www.mountainproject.com/route/119287780/fear-of-flailing,2.3,Trad,5.7,1,90,38.83261,-79.36748
106970320,Mo' Verdé,05. Headless Wall > Bubba City > New River Gorge Proper > The New River Gorge Region > West Virginia,https://www.mountainproject.com/route/106970320/mo-verde,2,Sport,5.10a,1,35,38.09447,-81.09571
114496329,Revenge of the Gimp,2 Toxic Hueco Area > Lower Meadow > Meadow River Gorge > The New River Gorge Region > West Virginia,https://www.mountainproject.com/route/114496329/revenge-of-the-gimp,2.2,Trad,5.7 PG13,1,80,38.15323,-80.93233
121571617,World's Hardest 5.9,Sunshine Wall (Guide Wall) > Guide Wall > Smoke Hole Canyon > Eastern WV > West Virginia,https://www.mountainproject.com/route/121571617/worlds-hardest-59,2.1,Sport,5.9+,1,60,38.87549,-79.26792
115453750,Horse With No Name,Reeds Creek > Eastern WV > West Virginia,https://www.mountainproject.com/route/115453750/horse-with-no-name,2.1,Sport,5.8+ PG13,1,50,38.785,-79.288
118856355,Bohemian Rhapsody,Reeds Creek > Eastern WV > West Virginia,https://www.mountainproject.com/route/118856355/bohemian-rhapsody,2.3,Trad,5.9,1,35,38.785,-79.288
122492704,Biscuit World Bypass,Cotton Club > Cotton Hill > New River Gorge Proper > The New River Gorge Region > West Virginia,https://www.mountainproject.com/route/122492704/biscuit-world-bypass,2.3,Trad,5.9,1,70,38.1138,-81.13935
118792124,Does that count?,Hole N The Wall > Snake Hill Wildlife Management Area > Cheat Canyon > Northern WV > West Virginia,https://www.mountainproject.com/route/118792124/does-that-count,2.6,Sport,5.10-,1,30,39.6284,-79.83122
117609573,The First Cut is the Deepest,Roof Rocks > Furnace Road Areas > Coopers Rock State Forest > Northern WV > West Virginia,https://www.mountainproject.com/route/117609573/the-first-cut-is-the-deepest,2.5,TR,5.9+,1,NA,39.65119,-79.81717
121068632,River Song,Entrance Walls. > Smoke Hole Canyon > Eastern WV > West Virginia,https://www.mountainproject.com/route/121068632/river-song,2.9,Sport,5.8,1,45,38.80891,-79.28054
120834572,Mrs. Workman’s Corner,3) Workmen's Buttress > Fern Buttress > New River Gorge Proper > The New River Gorge Region > West Virginia,https://www.mountainproject.com/route/120834572/mrs-workmans-corner,2.3,Trad,5.9,1,70,38.06369,-81.06911
121068741,Right Above It,Entrance Walls. > Smoke Hole Canyon > Eastern WV > West Virginia,https://www.mountainproject.com/route/121068741/right-above-it,2.7,Sport,5.8,1,45,38.80891,-79.28054
117886306,Tanning Bed,Cotton Club > Cotton Hill > New River Gorge Proper > The New River Gorge Region > West Virginia,https://www.mountainproject.com/route/117886306/tanning-bed,2.3,Trad,5.10a/b,1,80,38.1138,-81.13935
110583762,Rhododendron Corner,Southern Pillar - West Side > Southern Pillar > Seneca Rocks > West Virginia,https://www.mountainproject.com/route/110583762/rhododendron-corner,2.3,Trad,5.7 PG13,3,260,38.83261,-79.36748
109594933,Stoney's,Southern Pillar - West Side > Southern Pillar > Seneca Rocks > West Virginia,https://www.mountainproject.com/route/109594933/stoneys,2.3,Trad,5.7,2,190,38.83261,-79.36748
109252384,Opulence,5 Sunkist Wall > Lower Meadow > Meadow River Gorge > The New River Gorge Region > West Virginia,https://www.mountainproject.com/route/109252384/opulence,2.5,Trad,5.9,1,80,38.15655,-80.93978
119595668,Retired Monk,The Satisfaction Wall > Summersville Lake (main) > Summersville (Gauley River) Area > The New River Gorge Region > West Virginia,https://www.mountainproject.com/route/119595668/retired-monk,2.2,Sport,5.9 PG13,1,55,38.24161,-80.8422
118792257,What thu?,Hole N The Wall > Snake Hill Wildlife Management Area > Cheat Canyon > Northern WV > West Virginia,https://www.mountainproject.com/route/118792257/what-thu,2.2,Sport,5.8,1,NA,39.6284,-79.83122
115435697,Quasimodo,Ninja Wall > Guide Wall > Smoke Hole Canyon > Eastern WV > West Virginia,https://www.mountainproject.com/route/115435697/quasimodo,2.5,Sport,5.8,1,50,38.87567,-79.26769
107865528,Unholy Mackerel,Whippoorwill > Summersville (Gauley River) Area > The New River Gorge Region > West Virginia,https://www.mountainproject.com/route/107865528/unholy-mackerel,2.3,"Trad, TR",5.10a R,1,50,38.2338,-80.8552
117609625,Geometree,Roof Rocks > Furnace Road Areas > Coopers Rock State Forest > Northern WV > West Virginia,https://www.mountainproject.com/route/117609625/geometree,2.4,"Trad, TR",5.8,1,NA,39.65119,-79.81717
116210663,Stockholm,Sunset Wall > Sunset Wall Area > Roadside > Coopers Rock State Forest > Northern WV > West Virginia,https://www.mountainproject.com/route/116210663/stockholm,2.3,TR,5.7,1,25,39.63527,-79.81075
121529489,Zombia,3. Second Buttress > Upper Meadow > Meadow River Gorge > The New River Gorge Region > West Virginia,https://www.mountainproject.com/route/121529489/zombia,2.4,Sport,5.10a,1,60,38.14295,-80.91755
110718838,NOVA,South Peak West Face (Main Area) > South Peak - West Face > Seneca Rocks > West Virginia,https://www.mountainproject.com/route/110718838/nova,2.3,Trad,5.8+,1,40,38.83453,-79.36677
117788397,Bushman,Narcissus Cave > Summersville Lake (main) > Summersville (Gauley River) Area > The New River Gorge Region > West Virginia,https://www.mountainproject.com/route/117788397/bushman,2.1,Trad,5.8,1,50,38.24193,-80.84067
107791123,Rhododenema,Junkyard Wall > Junkyard Area > New River Gorge Proper > The New River Gorge Region > West Virginia,https://www.mountainproject.com/route/107791123/rhododenema,2.3,Trad,5.10a,1,70,38.08299,-81.08043
109035496,Tractor Beam,9) Star Trek Wall > Fern Buttress > New River Gorge Proper > The New River Gorge Region > West Virginia,https://www.mountainproject.com/route/109035496/tractor-beam,2.3,"Trad, TR",5.8 R,1,40,38.05916,-81.06311
107651247,The Victim,Southern Pillar - West Side > Southern Pillar > Seneca Rocks > West Virginia,https://www.mountainproject.com/route/107651247/the-victim,2.2,Trad,5.7,1,60,38.83261,-79.36748
108398854,Lewd Operator,7) Orchard Wall > Fern Buttress > New River Gorge Proper > The New River Gorge Region > West Virginia,https://www.mountainproject.com/route/108398854/lewd-operator,2.3,Trad,5.10-,1,70,38.06056,-81.06663
106039961,Nasty Groove,A) Fern Point > Endless Wall > New River Gorge Proper > The New River Gorge Region > West Virginia,https://www.mountainproject.com/route/106039961/nasty-groove,2.3,Trad,5.9,1,60,38.05598,-81.06313
107946009,Ode To Bugg,10. Savory Area > Bozoo > Southern WV > West Virginia,https://www.mountainproject.com/route/107946009/ode-to-bugg,2.3,"Trad, TR",5.9,1,45,37.4781,-80.8644
119598635,Landspout,Piney Creek Watershed > The New River Gorge Region > West Virginia,https://www.mountainproject.com/route/119598635/landspout,2.2,Sport,5.7,1,25,37.79566,-81.14446
113456186,T. Love,The Satisfaction Wall > Summersville Lake (main) > Summersville (Gauley River) Area > The New River Gorge Region > West Virginia,https://www.mountainproject.com/route/113456186/t-love,1.8,Sport,5.10a,1,40,38.24161,-80.8422
106618714,Odysseus,Parking Area Wall > Main Wall > Franklin Gorge > Eastern WV > West Virginia,https://www.mountainproject.com/route/106618714/odysseus,2,Sport,5.10a,1,40,38.66462,-79.32434
106493753,S&M,8) Ritz Cracker Area > Fern Buttress > New River Gorge Proper > The New River Gorge Region > West Virginia,https://www.mountainproject.com/route/106493753/sm,2.1,Trad,5.9,1,60,38.05999,-81.06543
107154066,The Vision,Upper Broadway > South Peak - East Face > Seneca Rocks > West Virginia,https://www.mountainproject.com/route/107154066/the-vision,2,Trad,5.7 PG13,1,95,38.8344,-79.36659
106781863,Nasty Poodle Chew,Dog Wall > Junkyard Area > New River Gorge Proper > The New River Gorge Region > West Virginia,https://www.mountainproject.com/route/106781863/nasty-poodle-chew,2,Trad,5.7,1,70,38.08696,-81.08255
120364415,Piscosouer,The Satisfaction Wall > Summersville Lake (main) > Summersville (Gauley River) Area > The New River Gorge Region > West Virginia,https://www.mountainproject.com/route/120364415/piscosouer,2.5,Sport,5.10a,1,60,38.24161,-80.8422
105997731,A Pound of Prevention,12. Beer Wall > Bubba City > New River Gorge Proper > The New River Gorge Region > West Virginia,https://www.mountainproject.com/route/105997731/a-pound-of-prevention,1.9,Trad,5.8+,1,55,38.09026,-81.08717
106237455,Stroke Victim,F) Flash Point Area > Endless Wall > New River Gorge Proper > The New River Gorge Region > West Virginia,https://www.mountainproject.com/route/106237455/stroke-victim,2,Trad,5.8,1,40,38.05354,-81.06018
112020916,Franklinstein,Contact Zone > Main Wall > Franklin Gorge > Eastern WV > West Virginia,https://www.mountainproject.com/route/112020916/franklinstein,1.9,Sport,5.9,1,65,38.66399,-79.32257
106037062,Learning Curve,Bimbo Buttress > Bubba City > New River Gorge Proper > The New River Gorge Region > West Virginia,https://www.mountainproject.com/route/106037062/learning-curve,2,Sport,5.8,1,40,38.09332,-81.09376
112813870,Flying Turkey,4. Third Buttress > Upper Meadow > Meadow River Gorge > The New River Gorge Region > West Virginia,https://www.mountainproject.com/route/112813870/flying-turkey,2.1,Trad,5.8,1,60,38.14336,-80.91556
109197578,P-7,08. Iceberg Area > Bozoo > Southern WV > West Virginia,https://www.mountainproject.com/route/109197578/p-7,2,"Trad, TR",5.7,1,35,37.478,-80.8663
107511187,Campground Vanlifer Trustafarians,1 Tan Wall > Lower Meadow > Meadow River Gorge > The New River Gorge Region > West Virginia,https://www.mountainproject.com/route/107511187/campground-vanlifer-trustafarians,2,Sport,5.10a/b,1,40,38.15273,-80.92798
105944162,The Rock,1) Super Mario Boulder > Beauty Mountain > New River Gorge Proper > The New River Gorge Region > West Virginia,https://www.mountainproject.com/route/105944162/the-rock,2.3,TR,5.7,1,30,38.05531,-81.0362
117739666,Where's Rudaw?,0. Zero Buttress > Upper Meadow > Meadow River Gorge > The New River Gorge Region > West Virginia,https://www.mountainproject.com/route/117739666/wheres-rudaw,2,Trad,5.9,1,60,38.14399,-80.92018
106921437,Mononuclear Knows It,6) Middle Beauty > Beauty Mountain > New River Gorge Proper > The New River Gorge Region > West Virginia,https://www.mountainproject.com/route/106921437/mononuclear-knows-it,1.9,Trad,5.8,1,80,38.05129,-81.03222
108364892,Bedtime for Bubba,10. Central Bubba > Bubba City > New River Gorge Proper > The New River Gorge Region > West Virginia,https://www.mountainproject.com/route/108364892/bedtime-for-bubba,2,Trad,5.9,1,60,38.0909,-81.0892
106704332,Love Handle,03. Double-Tier Wall > Bozoo > Southern WV > West Virginia,https://www.mountainproject.com/route/106704332/love-handle,2,Trad,5.10a,1,55,37.4802,-80.8699
110715815,Pleasant Overhangs - Variation: Direct Start,South Peak West Face (Main Area) > South Peak - West Face > Seneca Rocks > West Virginia,https://www.mountainproject.com/route/110715815/pleasant-overhangs-variation-direct-start,2.2,Trad,5.9,1,60,38.83453,-79.36677
121300117,Hers,Cotton Club > Cotton Hill > New River Gorge Proper > The New River Gorge Region > West Virginia,https://www.mountainproject.com/route/121300117/hers,2,Trad,5.9,1,70,38.1138,-81.13935
118173793,General Admission,Southeast Corner > South Peak - East Face > Seneca Rocks > West Virginia,https://www.mountainproject.com/route/118173793/general-admission,2.3,Trad,5.9,4,315,38.83343,-79.36659
106155536,The Tide,M) Fantasy Area > Endless Wall > New River Gorge Proper > The New River Gorge Region > West Virginia,https://www.mountainproject.com/route/106155536/the-tide,2.3,Trad,5.8,1,100,38.05596,-81.05393
107976972,Wasian School Boys,04. Rigor Wall > Bozoo > Southern WV > West Virginia,https://www.mountainproject.com/route/107976972/wasian-school-boys,2,"Trad, TR",5.9 PG13,1,50,37.4799,-80.8692
108894051,Entrance Crack,Big Easy Cliffs > North Bend State Park > Northern WV > West Virginia,https://www.mountainproject.com/route/108894051/entrance-crack,2,"Trad, TR",5.7,1,NA,39.22139,-81.10189
120736823,Commitment Issues,Cotton Club > Cotton Hill > New River Gorge Proper > The New River Gorge Region > West Virginia,https://www.mountainproject.com/route/120736823/commitment-issues,2,Sport,5.10a,1,35,38.1138,-81.13935
110297457,Take me to the River,06. Head Wall > Bubba City > New River Gorge Proper > The New River Gorge Region > West Virginia,https://www.mountainproject.com/route/110297457/take-me-to-the-river,2.3,Trad,5.10a,1,70,38.09307,-81.09555
107899539,A Weighted Arrival,07. Necro Wall > Bozoo > Southern WV > West Virginia,https://www.mountainproject.com/route/107899539/a-weighted-arrival,2,Trad,5.8,1,40,37.4784,-80.8668
107048795,The Reverse Traverse,7 The Pinnacle > Bridge Area > New River Gorge Proper > The New River Gorge Region > West Virginia,https://www.mountainproject.com/route/107048795/the-reverse-traverse,2,Trad,5.9 PG13,1,60,38.08015,-81.08012
117997801,Copper-Colored Transitions,Cotton Club > Cotton Hill > New River Gorge Proper > The New River Gorge Region > West Virginia,https://www.mountainproject.com/route/117997801/copper-colored-transitions,2.1,Sport,5.10a,1,40,38.1138,-81.13935
109580796,Gendarme Direct,South Peak West Face (Main Area) > South Peak - West Face > Seneca Rocks > West Virginia,https://www.mountainproject.com/route/109580796/gendarme-direct,2,Trad,5.8,1,25,38.83453,-79.36677
109580784,The Gendarme South Face,South Peak West Face (Main Area) > South Peak - West Face > Seneca Rocks > West Virginia,https://www.mountainproject.com/route/109580784/the-gendarme-south-face,2,Trad,5.9,1,25,38.83453,-79.36677
121588222,Lil Boba,Whippoorwill > Summersville (Gauley River) Area > The New River Gorge Region > West Virginia,https://www.mountainproject.com/route/121588222/lil-boba,2,Sport,5.9,1,35,38.2338,-80.8552
116654907,Flesh Eating Newts,Sandcrag > Cheat Canyon > Northern WV > West Virginia,https://www.mountainproject.com/route/116654907/flesh-eating-newts,2,Trad,5.8,1,30,39.60408,-79.80964
121295810,Rock City Crack,Romulus and Remus Area > Upper Rock City > Coopers Rock State Forest > Northern WV > West Virginia,https://www.mountainproject.com/route/121295810/rock-city-crack,2,"Trad, TR",5.7,1,25,39.63832,-79.81743
114284395,Meeting the Siskin,Lost World > Summersville (Gauley River) Area > The New River Gorge Region > West Virginia,https://www.mountainproject.com/route/114284395/meeting-the-siskin,2.3,Sport,5.9,1,35,38.2274,-80.85231
119569275,Total Perspective Vortex,Ambassador Buttress > New River Gorge Proper > The New River Gorge Region > West Virginia,https://www.mountainproject.com/route/119569275/total-perspective-vortex,2,Trad,5.7,1,50,38.0685,-81.0743
107541334,Circumflex,North Peak - West Face > Seneca Rocks > West Virginia,https://www.mountainproject.com/route/107541334/circumflex,2.2,Trad,5.9,2,120,38.8353,-79.36614
122167601,Luxtorpeda,Long Point > Summersville (Gauley River) Area > The New River Gorge Region > West Virginia,https://www.mountainproject.com/route/122167601/luxtorpeda,2,Sport,5.10a,1,60,38.22643,-80.85637
112778174,Mythos,Whippoorwill > Summersville (Gauley River) Area > The New River Gorge Region > West Virginia,https://www.mountainproject.com/route/112778174/mythos,2,Trad,5.10-,1,45,38.2338,-80.8552
109026806,Doddridge County,Big Easy Cliffs > North Bend State Park > Northern WV > West Virginia,https://www.mountainproject.com/route/109026806/doddridge-county,2,"Trad, TR",5.10a,1,NA,39.22139,-81.10189
121024383,Upper Burn to Ecstasy Junior (Burn Variation),Southwest Corner > South Peak - West Face > Seneca Rocks > West Virginia,https://www.mountainproject.com/route/121024383/upper-burn-to-ecstasy-junior-burn-variation,2,Trad,5.7,1,85,38.83453,-79.36677
117995633,Eye Booger,Long Point > Summersville (Gauley River) Area > The New River Gorge Region > West Virginia,https://www.mountainproject.com/route/117995633/eye-booger,2.7,Trad,5.8+,1,80,38.22643,-80.85637
109241423,The Dish,08. Iceberg Area > Bozoo > Southern WV > West Virginia,https://www.mountainproject.com/route/109241423/the-dish,2.7,"Trad, TR",5.9+,1,30,37.478,-80.8663
111644461,Free Ballin',Southern Pillar - East Side > Southern Pillar > Seneca Rocks > West Virginia,https://www.mountainproject.com/route/111644461/free-ballin,2,Trad,5.10a PG13,1,90,38.83257,-79.36727
111612199,Window on the West,Southern Pillar - East Side > Southern Pillar > Seneca Rocks > West Virginia,https://www.mountainproject.com/route/111612199/window-on-the-west,2,Trad,5.9,1,90,38.83257,-79.36727
111644376,Back Scratcher,Southern Pillar - East Side > Southern Pillar > Seneca Rocks > West Virginia,https://www.mountainproject.com/route/111644376/back-scratcher,2.3,Trad,5.9,1,90,38.83257,-79.36727
107834255,Clarke's Climb,South Peak West Face (Main Area) > South Peak - West Face > Seneca Rocks > West Virginia,https://www.mountainproject.com/route/107834255/clarkes-climb,2.6,Trad,5.9,3,120,38.83453,-79.36677
114216312,Night Gallery,K) Scream Seam Area > Endless Wall > New River Gorge Proper > The New River Gorge Region > West Virginia,https://www.mountainproject.com/route/114216312/night-gallery,2,Trad,5.10-,1,80,38.05542,-81.05611
107922690,Mutts Furniture,03. Double-Tier Wall > Bozoo > Southern WV > West Virginia,https://www.mountainproject.com/route/107922690/mutts-furniture,2,"Trad, TR",5.8,1,35,37.4802,-80.8699
107911607,Crack Of Noon,04. Rigor Wall > Bozoo > Southern WV > West Virginia,https://www.mountainproject.com/route/107911607/crack-of-noon,2,Trad,5.10-,1,50,37.4799,-80.8692
107911737,Cruella De Vil,07. Necro Wall > Bozoo > Southern WV > West Virginia,https://www.mountainproject.com/route/107911737/cruella-de-vil,2,Trad,5.7,1,32,37.4784,-80.8668
107379918,Some People,Lower Slabs > Seneca Rocks > West Virginia,https://www.mountainproject.com/route/107379918/some-people,2.5,Trad,5.9 PG13,1,100,38.83609,-79.36621
106037070,Axis Bold as Bubba,10. Central Bubba > Bubba City > New River Gorge Proper > The New River Gorge Region > West Virginia,https://www.mountainproject.com/route/106037070/axis-bold-as-bubba,2.3,Trad,5.9,1,40,38.0909,-81.0892
107911817,Iron Butterfly,02. Simpson Wall > Bozoo > Southern WV > West Virginia,https://www.mountainproject.com/route/107911817/iron-butterfly,2,Trad,5.9+,1,50,37.4803,-80.8704
107911787,Silverfish,05. Bovine Area > Bozoo > Southern WV > West Virginia,https://www.mountainproject.com/route/107911787/silverfish,2,Trad,5.9,1,45,37.4797,-80.8685
107946026,Peaceful Warrior,10. Savory Area > Bozoo > Southern WV > West Virginia,https://www.mountainproject.com/route/107946026/peaceful-warrior,2,"Trad, TR",5.9,1,45,37.4781,-80.8644
107535235,Explanation Complete,A-2 > Long Mountain > Eastern WV > West Virginia,https://www.mountainproject.com/route/107535235/explanation-complete,2,Trad,5.9+,1,75,38.958,-78.7044
106263791,Skin the Thief,O) Kline Wall > Endless Wall > New River Gorge Proper > The New River Gorge Region > West Virginia,https://www.mountainproject.com/route/106263791/skin-the-thief,2,Sport,5.10a PG13,1,50,38.05685,-81.05105
122235066,Krick in the Nuts,5 First Strike Area > Bridge Area > New River Gorge Proper > The New River Gorge Region > West Virginia,https://www.mountainproject.com/route/122235066/krick-in-the-nuts,2,Trad,5.8- R,1,80,38.07637,-81.07911
121027320,Hokey Pokey,Narcissus Cave > Summersville Lake (main) > Summersville (Gauley River) Area > The New River Gorge Region > West Virginia,https://www.mountainproject.com/route/121027320/hokey-pokey,2.2,Sport,5.8,1,60,38.24193,-80.84067
121777624,Swiss Seat,3. Rico Suave Buttress > Kaymoor > New River Gorge Proper > The New River Gorge Region > West Virginia,https://www.mountainproject.com/route/121777624/swiss-seat,2.8,Trad,5.7,1,60,38.04716,-81.06756
118855782,Foaming at the Mouth,Reeds Creek > Eastern WV > West Virginia,https://www.mountainproject.com/route/118855782/foaming-at-the-mouth,2,Sport,5.9+,1,40,38.785,-79.288
122271620,Unknown,M) Fantasy Area > Endless Wall > New River Gorge Proper > The New River Gorge Region > West Virginia,https://www.mountainproject.com/route/122271620/unknown,2.7,Trad,5.8,1,80,38.05596,-81.05393
119162834,Right of His Crack,Cotton Club > Cotton Hill > New River Gorge Proper > The New River Gorge Region > West Virginia,https://www.mountainproject.com/route/119162834/right-of-his-crack,2,Trad,5.8,1,80,38.1138,-81.13935
121746185,Slip of the Tongue,Lost World > Summersville (Gauley River) Area > The New River Gorge Region > West Virginia,https://www.mountainproject.com/route/121746185/slip-of-the-tongue,2.6,Sport,5.8,1,40,38.2274,-80.85231
118856129,Pleather,Reeds Creek > Eastern WV > West Virginia,https://www.mountainproject.com/route/118856129/pleather,2,Trad,5.8,1,25,38.785,-79.288
121068691,Mixed Blessings,Entrance Walls. > Smoke Hole Canyon > Eastern WV > West Virginia,https://www.mountainproject.com/route/121068691/mixed-blessings,2,"Trad, TR",5.7+,1,45,38.80891,-79.28054
116212137,Friends in High Places,Big Blocks > Sunset Wall Area > Roadside > Coopers Rock State Forest > Northern WV > West Virginia,https://www.mountainproject.com/route/116212137/friends-in-high-places,2,"Trad, TR",5.7+,1,25,39.63509,-79.81075
121337729,The Hang,The Old Hemlock Grove > South Peak - West Face > Seneca Rocks > West Virginia,https://www.mountainproject.com/route/121337729/the-hang,2,"Trad, TR",5.9+,1,75,38.83373,-79.36708
121337850,Bottom Torque,The Old Hemlock Grove > South Peak - West Face > Seneca Rocks > West Virginia,https://www.mountainproject.com/route/121337850/bottom-torque,2,"Trad, TR",5.9+,1,75,38.83373,-79.36708
121779376,"Dude, Where's My Van?",Sunshine Buttress > New River Gorge Proper > The New River Gorge Region > West Virginia,https://www.mountainproject.com/route/121779376/dude-wheres-my-van,2,Trad,5.9,1,80,38.0752,-81.0891
112825826,White Wall Overhang,Big Blocks > Sunset Wall Area > Roadside > Coopers Rock State Forest > Northern WV > West Virginia,https://www.mountainproject.com/route/112825826/white-wall-overhang,2,"Trad, TR",5.9,1,35,39.63509,-79.81075
118856228,Crystal Chandelier,Reeds Creek > Eastern WV > West Virginia,https://www.mountainproject.com/route/118856228/crystal-chandelier,2.5,Trad,5.9+,1,30,38.785,-79.288
114271309,Institution Green,5 Sunkist Wall > Lower Meadow > Meadow River Gorge > The New River Gorge Region > West Virginia,https://www.mountainproject.com/route/114271309/institution-green,2,Sport,5.10a,1,55,38.15655,-80.93978
122178512,Pachamama,Long Point > Summersville (Gauley River) Area > The New River Gorge Region > West Virginia,https://www.mountainproject.com/route/122178512/pachamama,2,Sport,5.10a,1,50,38.22643,-80.85637
112469547,Depardieu 14,Carnifex Ferry > Summersville (Gauley River) Area > The New River Gorge Region > West Virginia,https://www.mountainproject.com/route/112469547/depardieu-14,2,Sport,5.8,1,65,38.19693,-80.94463
116203152,A Good Climb,The Good Block > Good Block Area > Tilted Tree > Coopers Rock State Forest > Northern WV > West Virginia,https://www.mountainproject.com/route/116203152/a-good-climb,2.7,Trad,5.7,1,30,39.63288,-79.80559
112834971,Banzai,Reeds Creek > Eastern WV > West Virginia,https://www.mountainproject.com/route/112834971/banzai,2,Trad,5.8,1,60,38.785,-79.288
118116408,Hamburger,Upper Broadway > South Peak - East Face > Seneca Rocks > West Virginia,https://www.mountainproject.com/route/118116408/hamburger,2,Trad,5.8,1,65,38.8344,-79.36659
119659817,Light at the End of the Tunnel,Circus Wall > Summersville Lake (main) > Summersville (Gauley River) Area > The New River Gorge Region > West Virginia,https://www.mountainproject.com/route/119659817/light-at-the-end-of-the-tunnel,2,Trad,5.10- PG13,1,60,38.24291,-80.8361
116605015,Heat Lichening,North Peak - East Face > Seneca Rocks > West Virginia,https://www.mountainproject.com/route/116605015/heat-lichening,2,Trad,5.10a,1,70,38.83537,-79.36542
120605166,Lollipop,4 Promised Area > Bridge Area > New River Gorge Proper > The New River Gorge Region > West Virginia,https://www.mountainproject.com/route/120605166/lollipop,2.3,Trad,5.7+,1,40,38.07434,-81.07957
120067540,Scarce Women and Nervous Sheep,Ninja Wall > Guide Wall > Smoke Hole Canyon > Eastern WV > West Virginia,https://www.mountainproject.com/route/120067540/scarce-women-and-nervous-sheep,2,Trad,5.7+,1,45,38.87567,-79.26769
116212274,Gemstone,Big Blocks > Sunset Wall Area > Roadside > Coopers Rock State Forest > Northern WV > West Virginia,https://www.mountainproject.com/route/116212274/gemstone,2,TR,5.8,1,25,39.63509,-79.81075
109583065,Wall of Death,Entrance Walls. > Smoke Hole Canyon > Eastern WV > West Virginia,https://www.mountainproject.com/route/109583065/wall-of-death,2,Trad,5.9,1,65,38.80891,-79.28054
110608718,Karma Crack,Eagle Rock > Eastern WV > West Virginia,https://www.mountainproject.com/route/110608718/karma-crack,2,Trad,5.9,3,250,38.82491,-79.29191
115377318,Wave Crest,North East Area > Devil's Nose > Eastern WV > West Virginia,https://www.mountainproject.com/route/115377318/wave-crest,2.5,TR,5.8,1,60,39.60882,-78.11299
120727767,Far From The Maddening Crowd,Southern Pillar - East Side > Southern Pillar > Seneca Rocks > West Virginia,https://www.mountainproject.com/route/120727767/far-from-the-maddening-crowd,2,Trad,5.7 PG13,1,100,38.83257,-79.36727
116192739,Bolt Stub,Greenback Wall > Haystack Area > Underlook Trail Boulders > Coopers Rock State Forest > Northern WV > West Virginia,https://www.mountainproject.com/route/116192739/bolt-stub,2,TR,5.10a/b,1,30,39.63597,-79.8148
107416615,Arrested Mental Development 'AMD',South Peak West Face (Main Area) > South Peak - West Face > Seneca Rocks > West Virginia,https://www.mountainproject.com/route/107416615/arrested-mental-development-amd,2,Trad,5.9+ PG13,1,150,38.83453,-79.36677
119642034,Unknown,4 Moon Wall > Lower Meadow > Meadow River Gorge > The New River Gorge Region > West Virginia,https://www.mountainproject.com/route/119642034/unknown,2,Trad,5.7,1,NA,38.15369,-80.93558
120705966,The Fragmatist,Southern Pillar - East Side > Southern Pillar > Seneca Rocks > West Virginia,https://www.mountainproject.com/route/120705966/the-fragmatist,2,Trad,5.7,2,115,38.83257,-79.36727
121344396,(VAR) Indirect Start to FFTMC,Southern Pillar - East Side > Southern Pillar > Seneca Rocks > West Virginia,https://www.mountainproject.com/route/121344396/var-indirect-start-to-fftmc,2,Trad,5.8,1,40,38.83257,-79.36727
120726946,Loosey Goosey,Southern Pillar - East Side > Southern Pillar > Seneca Rocks > West Virginia,https://www.mountainproject.com/route/120726946/loosey-goosey,2,Trad,5.8,1,55,38.83257,-79.36727
121676267,Black Bag Job,"Area 51 > West Face, West Fin > Nelson Rocks > Eastern WV > West Virginia",https://www.mountainproject.com/route/121676267/black-bag-job,2,TR,5.7,1,NA,38.6955,-79.465
120726616,Where The Wild Goose Goes,Southern Pillar - East Side > Southern Pillar > Seneca Rocks > West Virginia,https://www.mountainproject.com/route/120726616/where-the-wild-goose-goes,2,Trad,5.9+,1,60,38.83257,-79.36727
121777741,Durometer 32,Coal Point > Endless Wall > New River Gorge Proper > The New River Gorge Region > West Virginia,https://www.mountainproject.com/route/121777741/durometer-32,2,Trad,5.9,1,60,38.05192,-81.05979
115399017,unnamed ledge crack,Alma West > Alma Crag > Southern WV > West Virginia,https://www.mountainproject.com/route/115399017/unnamed-ledge-crack,2,Trad,5.7,1,35,37.75754,-82.30993
123108077,Bogtrotter,Upper Broadway > South Peak - East Face > Seneca Rocks > West Virginia,https://www.mountainproject.com/route/123108077/bogtrotter,2.3,Trad,5.9 R,1,50,38.8344,-79.36659
117995604,Turn and Cough,Long Point > Summersville (Gauley River) Area > The New River Gorge Region > West Virginia,https://www.mountainproject.com/route/117995604/turn-and-cough,2,Trad,5.9,1,80,38.22643,-80.85637
121024356,Upper Burn (Burn variation),Southwest Corner > South Peak - West Face > Seneca Rocks > West Virginia,https://www.mountainproject.com/route/121024356/upper-burn-burn-variation,2.3,Trad,5.7,1,85,38.83453,-79.36677
115398954,Unnamed Offwidth,Alma West > Alma Crag > Southern WV > West Virginia,https://www.mountainproject.com/route/115398954/unnamed-offwidth,2,Trad,5.7,1,30,37.75754,-82.30993
112422966,Unknown,Long Point > Summersville (Gauley River) Area > The New River Gorge Region > West Virginia,https://www.mountainproject.com/route/112422966/unknown,2,Trad,5.8,1,50,38.22643,-80.85637
112438086,Surrounded by cops,Fort Hill Area > Southern WV > West Virginia,https://www.mountainproject.com/route/112438086/surrounded-by-cops,2,Trad,5.9-,1,50,38.35184,-81.65013
114560185,Unknown,Contact Zone > Main Wall > Franklin Gorge > Eastern WV > West Virginia,https://www.mountainproject.com/route/114560185/unknown,2,Trad,5.9,1,60,38.66399,-79.32257
113015382,Holey Sheets,Castle Rock > North Bend State Park > Northern WV > West Virginia,https://www.mountainproject.com/route/113015382/holey-sheets,2,TR,5.9 PG13,1,35,39.21904,-81.10091
112808560,Under Surveillance,South West Area > Devil's Nose > Eastern WV > West Virginia,https://www.mountainproject.com/route/112808560/under-surveillance,2,TR,5.8,1,35,39.60799,-78.11347
106449486,The Faster,Circus Wall > Summersville Lake (main) > Summersville (Gauley River) Area > The New River Gorge Region > West Virginia,https://www.mountainproject.com/route/106449486/the-faster,2,Trad,5.10-,1,NA,38.24291,-80.8361
109515392,Hidden Pleasures,5. White Wall > Kaymoor > New River Gorge Proper > The New River Gorge Region > West Virginia,https://www.mountainproject.com/route/109515392/hidden-pleasures,2.5,Trad,5.9,1,80,38.04953,-81.07039
107963467,Debasaurus Crack,08. Iceberg Area > Bozoo > Southern WV > West Virginia,https://www.mountainproject.com/route/107963467/debasaurus-crack,2,Trad,5.8,1,NA,37.478,-80.8663
109052858,Lunch Break,04. Rigor Wall > Bozoo > Southern WV > West Virginia,https://www.mountainproject.com/route/109052858/lunch-break,2,Trad,5.9,1,40,37.4799,-80.8692
109594913,Rolling Rock,Southern Pillar - West Side > Southern Pillar > Seneca Rocks > West Virginia,https://www.mountainproject.com/route/109594913/rolling-rock,2,Trad,5.8,1,120,38.83261,-79.36748
108170581,Check Your Pants,04. Little Head Wall > Bubba City > New River Gorge Proper > The New River Gorge Region > West Virginia,https://www.mountainproject.com/route/108170581/check-your-pants,2,Trad,5.9-,1,50,38.09582,-81.09529
107648014,Hidden Gem,Southern Pillar - East Side > Southern Pillar > Seneca Rocks > West Virginia,https://www.mountainproject.com/route/107648014/hidden-gem,2,"Trad, Sport",5.10-,1,60,38.83257,-79.36727
106171613,Colby Martin Route,Lower Broadway > South Peak - East Face > Seneca Rocks > West Virginia,https://www.mountainproject.com/route/106171613/colby-martin-route,2,Trad,5.9,1,50,38.83449,-79.36664
107963280,"Monkey See, Monkey Do",10. Savory Area > Bozoo > Southern WV > West Virginia,https://www.mountainproject.com/route/107963280/monkey-see-monkey-do,2,Trad,5.9+ R,1,40,37.4781,-80.8644
108007547,Hand Crack (5.8?),10. Savory Area > Bozoo > Southern WV > West Virginia,https://www.mountainproject.com/route/108007547/hand-crack-58,2,"Trad, TR",5.8,1,30,37.4781,-80.8644
108923127,Crystal Vision,L) Dr. Ruth's Big Buttress > Endless Wall > New River Gorge Proper > The New River Gorge Region > West Virginia,https://www.mountainproject.com/route/108923127/crystal-vision,2,Trad,5.10a R,1,70,38.05577,-81.05541
107963252,Shits-N-Giggles,10. Savory Area > Bozoo > Southern WV > West Virginia,https://www.mountainproject.com/route/107963252/shits-n-giggles,2,Trad,5.9,1,35,37.4781,-80.8644
106883414,The Walrus,North Bridge Wall > Bridge Area > New River Gorge Proper > The New River Gorge Region > West Virginia,https://www.mountainproject.com/route/106883414/the-walrus,2,Trad,5.10- PG13,1,NA,38.07938,-81.08001
123374822,Unnamed crack,Long Point > Summersville (Gauley River) Area > The New River Gorge Region > West Virginia,https://www.mountainproject.com/route/123374822/unnamed-crack,2,Trad,5.8,1,60,38.22643,-80.85637
120724868,The Loner,Snowflake Wall > Snake Hill Wildlife Management Area > Cheat Canyon > Northern WV > West Virginia,https://www.mountainproject.com/route/120724868/the-loner,2.2,"Trad, TR",5.8+,1,30,39.62446,-79.83697
110429451,Blowing Mud,Riverbend > Franklin Gorge > Eastern WV > West Virginia,https://www.mountainproject.com/route/110429451/blowing-mud,2.2,Sport,5.10a,1,50,38.66538,-79.32472
113618954,Lunar Tunes,Ambassador Buttress > New River Gorge Proper > The New River Gorge Region > West Virginia,https://www.mountainproject.com/route/113618954/lunar-tunes,1.9,Trad,5.10a,1,60,38.0685,-81.0743
119709742,Unknown,Trad Wall  Roped Routes > Trad Wall Area > Snake Hill Wildlife Management Area > Cheat Canyon > Northern WV > West Virginia,https://www.mountainproject.com/route/119709742/unknown,2,Trad,5.10-,1,30,39.62747,-79.83689
120655210,Reproduction,Entrance Walls. > Smoke Hole Canyon > Eastern WV > West Virginia,https://www.mountainproject.com/route/120655210/reproduction,1.8,Sport,5.8-,1,30,38.80891,-79.28054
108397218,H&H,Southeast Corner > South Peak - East Face > Seneca Rocks > West Virginia,https://www.mountainproject.com/route/108397218/hh,1.9,Trad,5.7 R,2,170,38.83343,-79.36659
121511274,Guide’s Leftest,1 Tan Wall > Lower Meadow > Meadow River Gorge > The New River Gorge Region > West Virginia,https://www.mountainproject.com/route/121511274/guides-leftest,2.2,Trad,5.7,1,30,38.15273,-80.92798
107042258,Penalty Situation,2 Bridge Buttress > Bridge Area > New River Gorge Proper > The New River Gorge Region > West Virginia,https://www.mountainproject.com/route/107042258/penalty-situation,2,"Trad, TR",5.8 PG13,1,30,38.07178,-81.08006
107131835,"Shaken, Not Stirred","007 Wall > East Face, West Fin > Nelson Rocks > Eastern WV > West Virginia",https://www.mountainproject.com/route/107131835/shaken-not-stirred,2,Trad,5.8,1,45,38.6955,-79.465
123775334,Corporate Style Takeover,Ambassador Buttress > New River Gorge Proper > The New River Gorge Region > West Virginia,https://www.mountainproject.com/route/123775334/corporate-style-takeover,2,Trad,5.7,1,70,38.0685,-81.0743
123985153,Men Who Love Sheep,03. Ameless Wall > Bubba City > New River Gorge Proper > The New River Gorge Region > West Virginia,https://www.mountainproject.com/route/123985153/men-who-love-sheep,2,"Trad, TR",5.7,1,60,38.09736,-81.09548
124743420,Gypsy 'Biner Thugs,Entrance Walls. > Smoke Hole Canyon > Eastern WV > West Virginia,https://www.mountainproject.com/route/124743420/gypsy-biner-thugs,2,Sport,5.7,1,25,38.80891,-79.28054
125096784,Happy Flying,4. Third Buttress > Upper Meadow > Meadow River Gorge > The New River Gorge Region > West Virginia,https://www.mountainproject.com/route/125096784/happy-flying,3,Trad,5.7,1,85,38.14336,-80.91556
126260344,Master Gardener,Cotton Club > Cotton Hill > New River Gorge Proper > The New River Gorge Region > West Virginia,https://www.mountainproject.com/route/126260344/master-gardener,2.7,Trad,5.7,1,80,38.1138,-81.13935
200660188,Bubba's Talon,0. The Bubba Nest > Bubba City > New River Gorge Proper > The New River Gorge Region > West Virginia,https://www.mountainproject.com/route/200660188/bubbas-talon,2,Trad,5.7,1,60,38.10257,-81.09713
200824585,Horrendous Traverse,South Peak West Face (Main Area) > South Peak - West Face > Seneca Rocks > West Virginia,https://www.mountainproject.com/route/200824585/horrendous-traverse,2,Trad,5.7,2,60,38.83453,-79.36677
201479435,West Pole Direct Start,South Peak West Face (Main Area) > South Peak - West Face > Seneca Rocks > West Virginia,https://www.mountainproject.com/route/201479435/west-pole-direct-start,3,Trad,5.7 R,1,90,38.83453,-79.36677
202237978,Odrobinas,Carnifex Ferry > Summersville (Gauley River) Area > The New River Gorge Region > West Virginia,https://www.mountainproject.com/route/202237978/odrobinas,2,Trad,5.7,1,50,38.19693,-80.94463
126432073,Unnamed 5.8,Snowflake Wall > Snake Hill Wildlife Management Area > Cheat Canyon > Northern WV > West Virginia,https://www.mountainproject.com/route/126432073/unnamed-58,2.4,Trad,5.8-,1,30,39.62446,-79.83697
127348574,Corridor hand crack,South East Area > Devil's Nose > Eastern WV > West Virginia,https://www.mountainproject.com/route/127348574/corridor-hand-crack,2,TR,5.8-,1,50,39.60816,-78.11311
202147306,West End Girls,Reeds Creek > Eastern WV > West Virginia,https://www.mountainproject.com/route/202147306/west-end-girls,2,Sport,5.8-,1,25,38.785,-79.288
123972868,Oopsie Daisy,Overlooked Wall > North Fork Mountain Headwall > Eastern WV > West Virginia,https://www.mountainproject.com/route/123972868/oopsie-daisy,2,Trad,5.8,1,60,38.9845,-79.23728
123972959,Black racer,Black Racer Wall > North Fork Mountain Headwall > Eastern WV > West Virginia,https://www.mountainproject.com/route/123972959/black-racer,3,Trad,5.8,1,90,38.98439,-79.23809
124795014,Dumpster Fire,Entrance Walls. > Smoke Hole Canyon > Eastern WV > West Virginia,https://www.mountainproject.com/route/124795014/dumpster-fire,2.3,Sport,5.8,1,30,38.80891,-79.28054
126005790,Line of Demarcation,4. Third Buttress > Upper Meadow > Meadow River Gorge > The New River Gorge Region > West Virginia,https://www.mountainproject.com/route/126005790/line-of-demarcation,2,Trad,5.8,1,50,38.14336,-80.91556
126694149,Surreality,Cotton Club > Cotton Hill > New River Gorge Proper > The New River Gorge Region > West Virginia,https://www.mountainproject.com/route/126694149/surreality,2.5,Trad,5.8,1,70,38.1138,-81.13935
127151015,Practice Crack,DC Memorial Boulder > Summersville Lake (main) > Summersville (Gauley River) Area > The New River Gorge Region > West Virginia,https://www.mountainproject.com/route/127151015/practice-crack,3,Trad,5.8,1,42,38.24156,-80.84428
200532676,Bring Me Something Peachy,Reeds Creek > Eastern WV > West Virginia,https://www.mountainproject.com/route/200532676/bring-me-something-peachy,2,Trad,5.8 PG13,1,80,38.785,-79.288
200660125,Choose the Sword,0. The Bubba Nest > Bubba City > New River Gorge Proper > The New River Gorge Region > West Virginia,https://www.mountainproject.com/route/200660125/choose-the-sword,3,Trad,5.8,1,65,38.10257,-81.09713
201562649,Poot's Corner,Entrance Walls. > Smoke Hole Canyon > Eastern WV > West Virginia,https://www.mountainproject.com/route/201562649/poots-corner,2,Trad,5.8 PG13,1,40,38.80891,-79.28054
201563621,Let It Be,Reeds Creek > Eastern WV > West Virginia,https://www.mountainproject.com/route/201563621/let-it-be,2.5,Sport,5.8,1,30,38.785,-79.288
201986086,Five Ten,South Nuttall > New River Gorge Proper > The New River Gorge Region > West Virginia,https://www.mountainproject.com/route/201986086/five-ten,2,Trad,5.8,1,80,38.0416,-81.0376
202147380,Pink Kung Fu,Reeds Creek > Eastern WV > West Virginia,https://www.mountainproject.com/route/202147380/pink-kung-fu,2,Sport,5.8,1,35,38.785,-79.288
202218823,Vinho Verde,Carnifex Ferry > Summersville (Gauley River) Area > The New River Gorge Region > West Virginia,https://www.mountainproject.com/route/202218823/vinho-verde,2,Trad,5.8,1,50,38.19693,-80.94463
202234530,Konie,Carnifex Ferry > Summersville (Gauley River) Area > The New River Gorge Region > West Virginia,https://www.mountainproject.com/route/202234530/konie,2,Trad,5.8,1,60,38.19693,-80.94463
200609606,Rockdale,Eminence Wall > Terry Buttress > Needleseye Roped Climbing > Needleseye Boulder Park > The New River Gorge Region > West Virginia,https://www.mountainproject.com/route/200609606/rockdale,3,Trad,5.8+,1,60,37.98097,-81.12532
201562905,Solo Blues,Entrance Walls. > Smoke Hole Canyon > Eastern WV > West Virginia,https://www.mountainproject.com/route/201562905/solo-blues,2,Sport,5.8+,1,35,38.80891,-79.28054
201563558,Gone Girl Arete,Reeds Creek > Eastern WV > West Virginia,https://www.mountainproject.com/route/201563558/gone-girl-arete,2,Trad,5.8+,1,30,38.785,-79.288
201563604,The Smoke Eater,Reeds Creek > Eastern WV > West Virginia,https://www.mountainproject.com/route/201563604/the-smoke-eater,2,Sport,5.8+,1,30,38.785,-79.288
201563661,Unbearable Lightness,Reeds Creek > Eastern WV > West Virginia,https://www.mountainproject.com/route/201563661/unbearable-lightness,2,TR,5.8+,1,30,38.785,-79.288
201925256,Aperitif,Copperhead Cove > Smoke Hole Canyon > Eastern WV > West Virginia,https://www.mountainproject.com/route/201925256/aperitif,2,Sport,5.8+,1,25,38.08601,-79.60281
201991026,Unknown,Reeds Creek > Eastern WV > West Virginia,https://www.mountainproject.com/route/201991026/unknown,2,Sport,5.8+,1,75,38.785,-79.288
125865616,Sin,Reeds Creek > Eastern WV > West Virginia,https://www.mountainproject.com/route/125865616/sin,2,Trad,5.9-,1,40,38.785,-79.288
201083943,Angel’s Wing,Lower Broadway > South Peak - East Face > Seneca Rocks > West Virginia,https://www.mountainproject.com/route/201083943/angels-wing,4,Trad,5.9- PG13,1,80,38.83449,-79.36664
123788195,Chimp Goes to Jugtown,2 Toxic Hueco Area > Lower Meadow > Meadow River Gorge > The New River Gorge Region > West Virginia,https://www.mountainproject.com/route/123788195/chimp-goes-to-jugtown,2.7,Trad,5.9,1,80,38.15323,-80.93233
124076257,Salad Day,3. Second Buttress > Upper Meadow > Meadow River Gorge > The New River Gorge Region > West Virginia,https://www.mountainproject.com/route/124076257/salad-day,3,Sport,5.9,1,55,38.14295,-80.91755
124228418,Pernicious Twits,Entrance Walls. > Smoke Hole Canyon > Eastern WV > West Virginia,https://www.mountainproject.com/route/124228418/pernicious-twits,2.4,Sport,5.9,1,40,38.80891,-79.28054
124373906,Fly Wheel,Carnifex Ferry > Summersville (Gauley River) Area > The New River Gorge Region > West Virginia,https://www.mountainproject.com/route/124373906/fly-wheel,3,Sport,5.9,1,40,38.19693,-80.94463
124483473,Street Twin Zośka,Circus Wall > Summersville Lake (main) > Summersville (Gauley River) Area > The New River Gorge Region > West Virginia,https://www.mountainproject.com/route/124483473/street-twin-zoska,2.3,Trad,5.9,1,35,38.24291,-80.8361
125054044,The Gatekeeper,Copperhead Cove > Smoke Hole Canyon > Eastern WV > West Virginia,https://www.mountainproject.com/route/125054044/the-gatekeeper,2,Sport,5.9,1,30,38.08601,-79.60281
125054062,Key Master,Copperhead Cove > Smoke Hole Canyon > Eastern WV > West Virginia,https://www.mountainproject.com/route/125054062/key-master,2.5,Sport,5.9,1,30,38.08601,-79.60281
125054087,Going on a Bender,Copperhead Cove > Smoke Hole Canyon > Eastern WV > West Virginia,https://www.mountainproject.com/route/125054087/going-on-a-bender,2.5,Sport,5.9,1,40,38.08601,-79.60281
125568561,P. Mohican,Circus Wall > Summersville Lake (main) > Summersville (Gauley River) Area > The New River Gorge Region > West Virginia,https://www.mountainproject.com/route/125568561/p-mohican,2,Trad,5.9,1,55,38.24291,-80.8361
126326727,An Ordinary Monster,Reeds Creek > Eastern WV > West Virginia,https://www.mountainproject.com/route/126326727/an-ordinary-monster,2,Trad,5.9,1,70,38.785,-79.288
127263754,Tomahawk,Long Point > Summersville (Gauley River) Area > The New River Gorge Region > West Virginia,https://www.mountainproject.com/route/127263754/tomahawk,3,Trad,5.9,1,70,38.22643,-80.85637
127348592,Corridor finger crack,South East Area > Devil's Nose > Eastern WV > West Virginia,https://www.mountainproject.com/route/127348592/corridor-finger-crack,3,TR,5.9,1,60,39.60816,-78.11311
200228903,New Yo-yo,0. The Bubba Nest > Bubba City > New River Gorge Proper > The New River Gorge Region > West Virginia,https://www.mountainproject.com/route/200228903/new-yo-yo,2,Trad,5.9,1,70,38.10257,-81.09713
200531826,Spacewalk,Reeds Creek > Eastern WV > West Virginia,https://www.mountainproject.com/route/200531826/spacewalk,2.8,Sport,5.9,1,75,38.785,-79.288
200532572,Leaning Tower,Reeds Creek > Eastern WV > West Virginia,https://www.mountainproject.com/route/200532572/leaning-tower,2.5,Sport,5.9,1,30,38.785,-79.288
200605424,Mud Lizard,5.10 Wall > Terry Buttress > Needleseye Roped Climbing > Needleseye Boulder Park > The New River Gorge Region > West Virginia,https://www.mountainproject.com/route/200605424/mud-lizard,2,Trad,5.9,1,50,37.98074,-81.12593
200660089,The Rash,Eminence Wall > Terry Buttress > Needleseye Roped Climbing > Needleseye Boulder Park > The New River Gorge Region > West Virginia,https://www.mountainproject.com/route/200660089/the-rash,2,Trad,5.9,1,70,37.98097,-81.12532
201736762,Rocambole,4. Third Buttress > Upper Meadow > Meadow River Gorge > The New River Gorge Region > West Virginia,https://www.mountainproject.com/route/201736762/rocambole,2.3,Sport,5.9,1,45,38.14336,-80.91556
201938305,Stoat's Aren't Dangerous,South Nuttall > New River Gorge Proper > The New River Gorge Region > West Virginia,https://www.mountainproject.com/route/201938305/stoats-arent-dangerous,2,Trad,5.9,1,80,38.0416,-81.0376
201968461,Ice on the Mountain,Reeds Creek > Eastern WV > West Virginia,https://www.mountainproject.com/route/201968461/ice-on-the-mountain,2,Sport,5.9,1,55,38.785,-79.288
201980281,Stress Intolerance,South Nuttall > New River Gorge Proper > The New River Gorge Region > West Virginia,https://www.mountainproject.com/route/201980281/stress-intolerance,2,Trad,5.9,1,80,38.0416,-81.0376
124228443,Lady Slipper,Entrance Walls. > Smoke Hole Canyon > Eastern WV > West Virginia,https://www.mountainproject.com/route/124228443/lady-slipper,2.7,Sport,5.9+,1,45,38.80891,-79.28054
124863937,Areted Development,Halfmoon Run Rocks > Eastern WV > West Virginia,https://www.mountainproject.com/route/124863937/areted-development,2,TR,5.9+,1,35,39.02745,-78.63185
125056411,Pickled Pigs Feet,Pork Palace > Smoke Hole Canyon > Eastern WV > West Virginia,https://www.mountainproject.com/route/125056411/pickled-pigs-feet,3,Trad,5.9+,1,75,38.81352,-79.28219
125865637,Umpferstandisch,Reeds Creek > Eastern WV > West Virginia,https://www.mountainproject.com/route/125865637/umpferstandisch,3,Trad,5.9+,1,50,38.785,-79.288
126194686,All in a Days Work,Piney Creek Watershed > The New River Gorge Region > West Virginia,https://www.mountainproject.com/route/126194686/all-in-a-days-work,2.7,Sport,5.9+,1,75,37.79566,-81.14446
126901288,Guacamole Toasters,Reeds Creek > Eastern WV > West Virginia,https://www.mountainproject.com/route/126901288/guacamole-toasters,3,Trad,5.9+,1,70,38.785,-79.288
123918260,Powerbar Power,4. Third Buttress > Upper Meadow > Meadow River Gorge > The New River Gorge Region > West Virginia,https://www.mountainproject.com/route/123918260/powerbar-power,1.9,Sport,5.10a,1,50,38.14336,-80.91556
124339445,Nuts and Bolts,Carnifex Ferry > Summersville (Gauley River) Area > The New River Gorge Region > West Virginia,https://www.mountainproject.com/route/124339445/nuts-and-bolts,3,Trad,5.10a,1,65,38.19693,-80.94463
124385344,Ponce de Leon,1 Tan Wall > Lower Meadow > Meadow River Gorge > The New River Gorge Region > West Virginia,https://www.mountainproject.com/route/124385344/ponce-de-leon,3.3,Trad,5.10a,1,60,38.15273,-80.92798
124573895,Unnamed,Shale City > Huntington/Barboursville > Southern WV > West Virginia,https://www.mountainproject.com/route/124573895/unnamed,2,Trad,5.10a,1,25,38.39316,-82.30612
124794973,The Brute Divine,Entrance Walls. > Smoke Hole Canyon > Eastern WV > West Virginia,https://www.mountainproject.com/route/124794973/the-brute-divine,3.3,Sport,5.10a,1,35,38.80891,-79.28054
124811673,Gurundi,3. Second Buttress > Upper Meadow > Meadow River Gorge > The New River Gorge Region > West Virginia,https://www.mountainproject.com/route/124811673/gurundi,2.6,Sport,5.10a,1,60,38.14295,-80.91755
124811723,End of Sunkist,5 Sunkist Wall > Lower Meadow > Meadow River Gorge > The New River Gorge Region > West Virginia,https://www.mountainproject.com/route/124811723/end-of-sunkist,2,Sport,5.10a,1,35,38.15655,-80.93978
124953928,Glossolalia,Ninja Wall > Guide Wall > Smoke Hole Canyon > Eastern WV > West Virginia,https://www.mountainproject.com/route/124953928/glossolalia,2.5,Sport,5.10a,1,60,38.87567,-79.26769
125117683,Bone Sugar,South Nuttall > New River Gorge Proper > The New River Gorge Region > West Virginia,https://www.mountainproject.com/route/125117683/bone-sugar,2.3,Trad,5.10a,1,80,38.0416,-81.0376
125331448,Process,Piney Creek Watershed > The New River Gorge Region > West Virginia,https://www.mountainproject.com/route/125331448/process,2,Trad,5.10a,1,70,37.79566,-81.14446
126779263,Initiation,Long Branch Wall > Smoke Hole Canyon > Eastern WV > West Virginia,https://www.mountainproject.com/route/126779263/initiation,3,Sport,5.10a,1,30,38.87368,-79.27092
126914615,Highlander,4 Promised Area > Bridge Area > New River Gorge Proper > The New River Gorge Region > West Virginia,https://www.mountainproject.com/route/126914615/highlander,2,Trad,5.10a,1,60,38.07434,-81.07957
127042272,Deadly Sperm Buildup,09. Rainbow Ledge Area > Bubba City > New River Gorge Proper > The New River Gorge Region > West Virginia,https://www.mountainproject.com/route/127042272/deadly-sperm-buildup,2,Trad,5.10a,1,40,38.09088,-81.0903
127054067,Land of the Lost,Land of the Lost > Cotton Hill > New River Gorge Proper > The New River Gorge Region > West Virginia,https://www.mountainproject.com/route/127054067/land-of-the-lost,2.7,Trad,5.10a,1,90,38.11581,-81.13425
200601894,The O.R.,5.10 Wall > Terry Buttress > Needleseye Roped Climbing > Needleseye Boulder Park > The New River Gorge Region > West Virginia,https://www.mountainproject.com/route/200601894/the-or,3.8,Sport,5.10a,1,75,37.98074,-81.12593
201214233,A Place in Space,7. Seven Eleven Wall > Kaymoor > New River Gorge Proper > The New River Gorge Region > West Virginia,https://www.mountainproject.com/route/201214233/a-place-in-space,2,"Trad, TR",5.10a,1,90,38.05238,-81.07272
202199609,R.N.R.,Pirate's Cove > Summersville Lake (main) > Summersville (Gauley River) Area > The New River Gorge Region > West Virginia,https://www.mountainproject.com/route/202199609/rnr,2,Sport,5.10a,1,50,38.2427,-80.8485
125692713,Pocket Rescue,Rattlesnake Point > Coopers Rock State Forest > Northern WV > West Virginia,https://www.mountainproject.com/route/125692713/pocket-rescue,4,"Trad, TR",5.10-,1,50,39.64013,-79.82325
125695905,Serpentarium,Rattlesnake Point > Coopers Rock State Forest > Northern WV > West Virginia,https://www.mountainproject.com/route/125695905/serpentarium,3,"Trad, TR",5.10-,1,45,39.64013,-79.82325
126586250,Green Dragon,South Peak West Face (Main Area) > South Peak - West Face > Seneca Rocks > West Virginia,https://www.mountainproject.com/route/126586250/green-dragon,3,Trad,5.10- R,1,90,38.83453,-79.36677
127042862,What's Trad?,05. Headless Wall > Bubba City > New River Gorge Proper > The New River Gorge Region > West Virginia,https://www.mountainproject.com/route/127042862/whats-trad,2,Trad,5.10-,1,60,38.09447,-81.09571
125326806,Portofino,Long Point > Summersville (Gauley River) Area > The New River Gorge Region > West Virginia,https://www.mountainproject.com/route/125326806/portofino,3.5,Sport,5.10a/b,1,60,38.22643,-80.85637
200605472,Hungersite,5.10 Wall > Terry Buttress > Needleseye Roped Climbing > Needleseye Boulder Park > The New River Gorge Region > West Virginia,https://www.mountainproject.com/route/200605472/hungersite,3,Sport,5.10a/b,1,70,37.98074,-81.12593
106039953,Party in My Mind,B) Party Buttress > Endless Wall > New River Gorge Proper > The New River Gorge Region > West Virginia,https://www.mountainproject.com/route/106039953/party-in-my-mind,3.9,Trad,5.10b,1,90,38.05569,-81.06276
106001499,Burning Calves,5) Burning Buttress > Beauty Mountain > New River Gorge Proper > The New River Gorge Region > West Virginia,https://www.mountainproject.com/route/106001499/burning-calves,3.8,Trad,5.10b,1,70,38.05238,-81.03324
107636251,Fairtracer,7. Seven Eleven Wall > Kaymoor > New River Gorge Proper > The New River Gorge Region > West Virginia,https://www.mountainproject.com/route/107636251/fairtracer,3.8,Trad,5.10d,1,90,38.05238,-81.07272
105976636,Rapscallion's Blues,Junkyard Wall > Junkyard Area > New River Gorge Proper > The New River Gorge Region > West Virginia,https://www.mountainproject.com/route/105976636/rapscallions-blues,3.8,Trad,5.10c,1,65,38.08299,-81.08043
105963436,Springboard,7) Orchard Wall > Fern Buttress > New River Gorge Proper > The New River Gorge Region > West Virginia,https://www.mountainproject.com/route/105963436/springboard,3.7,Trad,5.10b,1,70,38.06056,-81.06663
106184767,"Decameron, The",01. Sandstonia > Bubba City > New River Gorge Proper > The New River Gorge Region > West Virginia,https://www.mountainproject.com/route/106184767/decameron-the,3.6,Sport,5.10b,1,90,38.10049,-81.09596
105987545,Kinesthetica,01. Sandstonia > Bubba City > New River Gorge Proper > The New River Gorge Region > West Virginia,https://www.mountainproject.com/route/105987545/kinesthetica,3.6,Sport,5.10c,1,90,38.10049,-81.09596
106036569,Wham Bam Thanks for the Jam,5) Burning Buttress > Beauty Mountain > New River Gorge Proper > The New River Gorge Region > West Virginia,https://www.mountainproject.com/route/106036569/wham-bam-thanks-for-the-jam,3.5,Trad,5.10b,1,70,38.05238,-81.03324
106037625,Remission,G) Diamond Point > Endless Wall > New River Gorge Proper > The New River Gorge Region > West Virginia,https://www.mountainproject.com/route/106037625/remission,3.5,Trad,5.10b,1,90,38.05317,-81.05956
107540073,Latch Key Kids,Whippoorwill > Summersville (Gauley River) Area > The New River Gorge Region > West Virginia,https://www.mountainproject.com/route/107540073/latch-key-kids,3.4,Sport,5.10b,1,70,38.2338,-80.8552
106550348,Floaters,1. First Buttress > Upper Meadow > Meadow River Gorge > The New River Gorge Region > West Virginia,https://www.mountainproject.com/route/106550348/floaters,3.4,Sport,5.10d,1,80,38.14319,-80.91967
105963042,Strike A Scowl,G) Diamond Point > Endless Wall > New River Gorge Proper > The New River Gorge Region > West Virginia,https://www.mountainproject.com/route/105963042/strike-a-scowl,3.3,Sport,5.10b,1,75,38.05317,-81.05956
117081063,Essence,Cotton Club > Cotton Hill > New River Gorge Proper > The New River Gorge Region > West Virginia,https://www.mountainproject.com/route/117081063/essence,3.2,Sport,5.10c,1,35,38.1138,-81.13935
106418047,Badass Tattoo,01. Sandstonia > Bubba City > New River Gorge Proper > The New River Gorge Region > West Virginia,https://www.mountainproject.com/route/106418047/badass-tattoo,3.2,Sport,5.10b,1,90,38.10049,-81.09596
105966939,First Steps,7. Seven Eleven Wall > Kaymoor > New River Gorge Proper > The New River Gorge Region > West Virginia,https://www.mountainproject.com/route/105966939/first-steps,3.3,Sport,5.10c,1,90,38.05238,-81.07272
106818549,Baby Has a Bolt Gun,Orange Oswald Wall > Summersville Lake (main) > Summersville (Gauley River) Area > The New River Gorge Region > West Virginia,https://www.mountainproject.com/route/106818549/baby-has-a-bolt-gun,3.1,Sport,5.10c,1,80,38.2422,-80.83949
109532099,Alleluja,4. Third Buttress > Upper Meadow > Meadow River Gorge > The New River Gorge Region > West Virginia,https://www.mountainproject.com/route/109532099/alleluja,3.1,Sport,5.10c,1,106,38.14336,-80.91556
106145721,Orangeaid,Upper Broadway > South Peak - East Face > Seneca Rocks > West Virginia,https://www.mountainproject.com/route/106145721/orangeaid,3.5,Trad,5.10b,1,80,38.8344,-79.36659
106023161,Brain Tweezers,3) The Brain > Beauty Mountain > New River Gorge Proper > The New River Gorge Region > West Virginia,https://www.mountainproject.com/route/106023161/brain-tweezers,3.1,Sport,5.10c,1,60,38.05452,-81.03346
106310004,St. Pauli Girl,12. Beer Wall > Bubba City > New River Gorge Proper > The New River Gorge Region > West Virginia,https://www.mountainproject.com/route/106310004/st-pauli-girl,3,Sport,5.10b/c,1,50,38.09026,-81.08717
105963432,Triple Treat,7) Orchard Wall > Fern Buttress > New River Gorge Proper > The New River Gorge Region > West Virginia,https://www.mountainproject.com/route/105963432/triple-treat,3.6,Trad,5.10,1,70,38.06056,-81.06663
107094773,Flight Path,The Long Wall > Summersville Lake (main) > Summersville (Gauley River) Area > The New River Gorge Region > West Virginia,https://www.mountainproject.com/route/107094773/flight-path,3,Sport,5.10b,1,40,38.24137,-80.84379
110967550,Rodent's Party,3. Second Buttress > Upper Meadow > Meadow River Gorge > The New River Gorge Region > West Virginia,https://www.mountainproject.com/route/110967550/rodents-party,3,Sport,5.10c,1,65,38.14295,-80.91755
106759846,Cottonhead,Cotton Top > Cotton Hill > New River Gorge Proper > The New River Gorge Region > West Virginia,https://www.mountainproject.com/route/106759846/cottonhead,2.9,Sport,5.10d,1,40,38.1151,-81.14094
106138623,Layback and Enjoy It,01. Sandstonia > Bubba City > New River Gorge Proper > The New River Gorge Region > West Virginia,https://www.mountainproject.com/route/106138623/layback-and-enjoy-it,3,Sport,5.10d,1,60,38.10049,-81.09596
106603133,Going Ballistic,The Long Wall > Summersville Lake (main) > Summersville (Gauley River) Area > The New River Gorge Region > West Virginia,https://www.mountainproject.com/route/106603133/going-ballistic,2.9,Sport,5.10d,1,50,38.24137,-80.84379
106037604,Can I Do It Till I Need Glasses,G) Diamond Point > Endless Wall > New River Gorge Proper > The New River Gorge Region > West Virginia,https://www.mountainproject.com/route/106037604/can-i-do-it-till-i-need-glasses,3.4,Trad,5.10c,1,90,38.05317,-81.05956
106156848,Strong Arming the Little Guy,Orange Oswald Wall > Summersville Lake (main) > Summersville (Gauley River) Area > The New River Gorge Region > West Virginia,https://www.mountainproject.com/route/106156848/strong-arming-the-little-guy,2.8,Sport,5.10b/c,1,70,38.2422,-80.83949
105951052,High Times,2 Bridge Buttress > Bridge Area > New River Gorge Proper > The New River Gorge Region > West Virginia,https://www.mountainproject.com/route/105951052/high-times,2.8,Trad,5.10+,1,40,38.07178,-81.08006
105944381,The Green Piece,6. Butcher's Branch > Kaymoor > New River Gorge Proper > The New River Gorge Region > West Virginia,https://www.mountainproject.com/route/105944381/the-green-piece,2.8,Sport,5.10b,1,NA,38.05092,-81.07276
106127068,Rod Serling Crack,5) Burning Buttress > Beauty Mountain > New River Gorge Proper > The New River Gorge Region > West Virginia,https://www.mountainproject.com/route/106127068/rod-serling-crack,3.7,Trad,5.10b,1,75,38.05238,-81.03324
105993756,Chewy,The Long Wall > Summersville Lake (main) > Summersville (Gauley River) Area > The New River Gorge Region > West Virginia,https://www.mountainproject.com/route/105993756/chewy,2.7,Sport,5.10b,1,40,38.24137,-80.84379
106575442,The Undeserved,N) The Undeserved Area > Endless Wall > New River Gorge Proper > The New River Gorge Region > West Virginia,https://www.mountainproject.com/route/106575442/the-undeserved,3.7,Trad,5.10b/c,1,90,38.05632,-81.05225
106960810,Lady Punk,1. First Buttress > Upper Meadow > Meadow River Gorge > The New River Gorge Region > West Virginia,https://www.mountainproject.com/route/106960810/lady-punk,2.7,Sport,5.10c,1,80,38.14319,-80.91967
105966917,Low Voltage,6. Butcher's Branch > Kaymoor > New River Gorge Proper > The New River Gorge Region > West Virginia,https://www.mountainproject.com/route/105966917/low-voltage,2.7,Sport,5.10b,1,70,38.05092,-81.07276
107260051,Orange Express,Orange Oswald Wall > Summersville Lake (main) > Summersville (Gauley River) Area > The New River Gorge Region > West Virginia,https://www.mountainproject.com/route/107260051/orange-express,2.8,Sport,5.10b,1,75,38.2422,-80.83949
105966922,Springer,6. Butcher's Branch > Kaymoor > New River Gorge Proper > The New River Gorge Region > West Virginia,https://www.mountainproject.com/route/105966922/springer,2.6,Sport,5.10b,1,75,38.05092,-81.07276
112305851,Frog Hunt,3. Second Buttress > Upper Meadow > Meadow River Gorge > The New River Gorge Region > West Virginia,https://www.mountainproject.com/route/112305851/frog-hunt,2.6,Sport,5.10,1,60,38.14295,-80.91755
106765758,Chimpanzabubbas,2 Toxic Hueco Area > Lower Meadow > Meadow River Gorge > The New River Gorge Region > West Virginia,https://www.mountainproject.com/route/106765758/chimpanzabubbas,3.2,Trad,5.10c,1,80,38.15323,-80.93233
106891706,Voodoo Surfing,Orange Oswald Wall > Summersville Lake (main) > Summersville (Gauley River) Area > The New River Gorge Region > West Virginia,https://www.mountainproject.com/route/106891706/voodoo-surfing,2.5,Sport,5.10c,1,70,38.2422,-80.83949
106519046,Boing,6. Butcher's Branch > Kaymoor > New River Gorge Proper > The New River Gorge Region > West Virginia,https://www.mountainproject.com/route/106519046/boing,2.6,Sport,5.10b,1,70,38.05092,-81.07276
106759066,Party Till Yer Blind,B) Party Buttress > Endless Wall > New River Gorge Proper > The New River Gorge Region > West Virginia,https://www.mountainproject.com/route/106759066/party-till-yer-blind,3.5,Trad,5.10b,1,90,38.05569,-81.06276
105963118,Exoduster,B) Party Buttress > Endless Wall > New River Gorge Proper > The New River Gorge Region > West Virginia,https://www.mountainproject.com/route/105963118/exoduster,2.4,Sport,5.10b/c,1,45,38.05569,-81.06276
106179925,Two-Tone Arete,6) Thieves Area > Fern Buttress > New River Gorge Proper > The New River Gorge Region > West Virginia,https://www.mountainproject.com/route/106179925/two-tone-arete,3.5,Sport,5.10b,1,65,38.06239,-81.06757
106175499,Maranatha,3 Maranatha Area > Bridge Area > New River Gorge Proper > The New River Gorge Region > West Virginia,https://www.mountainproject.com/route/106175499/maranatha,3.1,Trad,5.10c,1,65,38.07311,-81.07947
106848354,Almost Heaven,5. White Wall > Kaymoor > New River Gorge Proper > The New River Gorge Region > West Virginia,https://www.mountainproject.com/route/106848354/almost-heaven,2.4,Sport,5.10c,1,40,38.04953,-81.07039
106289170,Gun Lust,Gun Wall > Summersville Lake (main) > Summersville (Gauley River) Area > The New River Gorge Region > West Virginia,https://www.mountainproject.com/route/106289170/gun-lust,2.3,Sport,5.10c,1,30,38.2418,-80.84524
106171345,Glass Onion,H) Hellbound Area > Endless Wall > New River Gorge Proper > The New River Gorge Region > West Virginia,https://www.mountainproject.com/route/106171345/glass-onion,2.4,Sport,5.10b,1,70,38.0536,-81.05917
106019836,Totally Tammy,3. Rico Suave Buttress > Kaymoor > New River Gorge Proper > The New River Gorge Region > West Virginia,https://www.mountainproject.com/route/106019836/totally-tammy,2.2,Sport,5.10b,1,50,38.04716,-81.06756
112305844,Ikar Lost,3. Second Buttress > Upper Meadow > Meadow River Gorge > The New River Gorge Region > West Virginia,https://www.mountainproject.com/route/112305844/ikar-lost,2.8,Sport,5.10c,1,60,38.14295,-80.91755
107082571,Autumn Fire,B) Party Buttress > Endless Wall > New River Gorge Proper > The New River Gorge Region > West Virginia,https://www.mountainproject.com/route/107082571/autumn-fire,3.2,Trad,5.10b,1,70,38.05569,-81.06276
105910414,Cottonmouth - Venom,South Peak West Face (Main Area) > South Peak - West Face > Seneca Rocks > West Virginia,https://www.mountainproject.com/route/105910414/cottonmouth-venom,3.7,Trad,5.10,2,200,38.83453,-79.36677
106179907,Fragile Ego System,5) Wild Seed Area > Fern Buttress > New River Gorge Proper > The New River Gorge Region > West Virginia,https://www.mountainproject.com/route/106179907/fragile-ego-system,2.5,Sport,5.10b,1,60,38.06305,-81.06778
106874818,Celibate Mallard,N) The Undeserved Area > Endless Wall > New River Gorge Proper > The New River Gorge Region > West Virginia,https://www.mountainproject.com/route/106874818/celibate-mallard,3.7,Trad,5.10c,1,90,38.05632,-81.05225
106023192,Spiderwand,5) Burning Buttress > Beauty Mountain > New River Gorge Proper > The New River Gorge Region > West Virginia,https://www.mountainproject.com/route/106023192/spiderwand,3.5,Trad,5.10b,1,80,38.05238,-81.03324
105943599,Realignment,Junkyard Wall > Junkyard Area > New River Gorge Proper > The New River Gorge Region > West Virginia,https://www.mountainproject.com/route/105943599/realignment,3.3,"Trad, TR",5.10d,1,80,38.08299,-81.08043
108312685,New Tricks for the Old Dog,8) Ritz Cracker Area > Fern Buttress > New River Gorge Proper > The New River Gorge Region > West Virginia,https://www.mountainproject.com/route/108312685/new-tricks-for-the-old-dog,2.5,Sport,5.10b/c,1,60,38.05999,-81.06543
106040108,Zealous,Zealous Area > Junkyard Area > New River Gorge Proper > The New River Gorge Region > West Virginia,https://www.mountainproject.com/route/106040108/zealous,3.5,Trad,5.10d,1,65,38.08435,-81.08108
106386748,Make Way For Ducklings,The Satisfaction Wall > Summersville Lake (main) > Summersville (Gauley River) Area > The New River Gorge Region > West Virginia,https://www.mountainproject.com/route/106386748/make-way-for-ducklings,2.3,Sport,5.10b,1,80,38.24161,-80.8422
117711374,Sequence of Events,Cotton Club > Cotton Hill > New River Gorge Proper > The New River Gorge Region > West Virginia,https://www.mountainproject.com/route/117711374/sequence-of-events,2.9,Sport,5.10b,1,80,38.1138,-81.13935
105951057,Labor Day,2 Bridge Buttress > Bridge Area > New River Gorge Proper > The New River Gorge Region > West Virginia,https://www.mountainproject.com/route/105951057/labor-day,2.7,Trad,5.10c,1,80,38.07178,-81.08006
106491999,Winter Harvest,4 Moon Wall > Lower Meadow > Meadow River Gorge > The New River Gorge Region > West Virginia,https://www.mountainproject.com/route/106491999/winter-harvest,2.3,Sport,5.10d,1,80,38.15369,-80.93558
105993742,Stick 'em Up,Gun Wall > Summersville Lake (main) > Summersville (Gauley River) Area > The New River Gorge Region > West Virginia,https://www.mountainproject.com/route/105993742/stick-em-up,2.2,Sport,5.10b/c,1,30,38.2418,-80.84524
105997974,Moon Pie Deluxe,Orange Oswald Wall > Summersville Lake (main) > Summersville (Gauley River) Area > The New River Gorge Region > West Virginia,https://www.mountainproject.com/route/105997974/moon-pie-deluxe,2.1,Sport,5.10d,1,60,38.2422,-80.83949
112305837,"You, Watch the Clocks!",1. First Buttress > Upper Meadow > Meadow River Gorge > The New River Gorge Region > West Virginia,https://www.mountainproject.com/route/112305837/you-watch-the-clocks,3,Sport,5.10c,1,90,38.14319,-80.91967
110715391,Breakneck Direct,South Peak West Face (Main Area) > South Peak - West Face > Seneca Rocks > West Virginia,https://www.mountainproject.com/route/110715391/breakneck-direct,3.2,Trad,5.10b,1,80,38.83453,-79.36677
109427654,Moselstraße 7,4. Third Buttress > Upper Meadow > Meadow River Gorge > The New River Gorge Region > West Virginia,https://www.mountainproject.com/route/109427654/moselstrasse-7,2.5,Sport,5.10d,1,90,38.14336,-80.91556
107885992,Witches of Bangor,01. Sandstonia > Bubba City > New River Gorge Proper > The New River Gorge Region > West Virginia,https://www.mountainproject.com/route/107885992/witches-of-bangor,2.6,Sport,5.10c,1,50,38.10049,-81.09596
108938328,Madmen Rule the World,3. Second Buttress > Upper Meadow > Meadow River Gorge > The New River Gorge Region > West Virginia,https://www.mountainproject.com/route/108938328/madmen-rule-the-world,2.7,Sport,5.10d,1,70,38.14295,-80.91755
116075221,Angelfire,Reeds Creek > Eastern WV > West Virginia,https://www.mountainproject.com/route/116075221/angelfire,3.4,Sport,5.10b/c,1,60,38.785,-79.288
107257199,So Freakin' Fun,06. Head Wall > Bubba City > New River Gorge Proper > The New River Gorge Region > West Virginia,https://www.mountainproject.com/route/107257199/so-freakin-fun,3.2,Sport,5.10d,1,70,38.09307,-81.09555
116233506,Guide's 10b,Sunshine Wall (Guide Wall) > Guide Wall > Smoke Hole Canyon > Eastern WV > West Virginia,https://www.mountainproject.com/route/116233506/guides-10b,3.7,Sport,5.10b,1,60,38.87549,-79.26792
106765628,Bust a Move,4 Moon Wall > Lower Meadow > Meadow River Gorge > The New River Gorge Region > West Virginia,https://www.mountainproject.com/route/106765628/bust-a-move,3.1,Sport,5.10d,1,60,38.15369,-80.93558
106188754,Bircham's Beach,Contact Zone > Main Wall > Franklin Gorge > Eastern WV > West Virginia,https://www.mountainproject.com/route/106188754/birchams-beach,2.9,Sport,5.10b,1,70,38.66399,-79.32257
105909984,Nip and Tuck,Upper Broadway > South Peak - East Face > Seneca Rocks > West Virginia,https://www.mountainproject.com/route/105909984/nip-and-tuck,3.6,Trad,5.10c,1,125,38.8344,-79.36659
106171317,Party All the Time,B) Party Buttress > Endless Wall > New River Gorge Proper > The New River Gorge Region > West Virginia,https://www.mountainproject.com/route/106171317/party-all-the-time,3.6,Trad,5.10b,1,85,38.05569,-81.06276
106188745,Potential Energy,Contact Zone > Main Wall > Franklin Gorge > Eastern WV > West Virginia,https://www.mountainproject.com/route/106188745/potential-energy,3.1,Sport,5.10b,1,60,38.66399,-79.32257
105910403,Agony,South Peak West Face (Main Area) > South Peak - West Face > Seneca Rocks > West Virginia,https://www.mountainproject.com/route/105910403/agony,3.6,Trad,5.10b,2,200,38.83453,-79.36677
113081479,Still Laughing,Reeds Creek > Eastern WV > West Virginia,https://www.mountainproject.com/route/113081479/still-laughing,2.9,Sport,5.10b,1,55,38.785,-79.288
109043168,Happy Sexgiving,4. Third Buttress > Upper Meadow > Meadow River Gorge > The New River Gorge Region > West Virginia,https://www.mountainproject.com/route/109043168/happy-sexgiving,2,Sport,5.10c,1,60,38.14336,-80.91556
106784281,The Diddler,L) Dr. Ruth's Big Buttress > Endless Wall > New River Gorge Proper > The New River Gorge Region > West Virginia,https://www.mountainproject.com/route/106784281/the-diddler,3.1,Trad,5.10b,1,80,38.05577,-81.05541
106741312,Decompression Sickness,Impact Zone > Main Wall > Franklin Gorge > Eastern WV > West Virginia,https://www.mountainproject.com/route/106741312/decompression-sickness,3.2,Sport,5.10d,1,85,38.66516,-79.32026
106603023,Bubbaweiser,12. Beer Wall > Bubba City > New River Gorge Proper > The New River Gorge Region > West Virginia,https://www.mountainproject.com/route/106603023/bubbaweiser,2.7,Sport,5.10d,1,70,38.09026,-81.08717
106289180,All Ears aka Armed and Dangerous,Gun Wall > Summersville Lake (main) > Summersville (Gauley River) Area > The New River Gorge Region > West Virginia,https://www.mountainproject.com/route/106289180/all-ears-aka-armed-and-dangerous,2.2,Sport,5.10b,1,30,38.2418,-80.84524
107634200,Raiders of the Lost Crag,4. Fire and Ice Buttress > Kaymoor > New River Gorge Proper > The New River Gorge Region > West Virginia,https://www.mountainproject.com/route/107634200/raiders-of-the-lost-crag,3.5,Trad,5.10b,1,90,38.04821,-81.06853
108903794,Not A Chance Dude,0. Zero Buttress > Upper Meadow > Meadow River Gorge > The New River Gorge Region > West Virginia,https://www.mountainproject.com/route/108903794/not-a-chance-dude,2.4,Sport,5.10c,1,65,38.14399,-80.92018
113081535,Reaching Conclusions,Reeds Creek > Eastern WV > West Virginia,https://www.mountainproject.com/route/113081535/reaching-conclusions,3,Sport,5.10b,1,60,38.785,-79.288
106190832,Promised,4 Promised Area > Bridge Area > New River Gorge Proper > The New River Gorge Region > West Virginia,https://www.mountainproject.com/route/106190832/promised,3.1,Trad,5.10b,1,60,38.07434,-81.07957
107298505,Useless Beauty,The Satisfaction Wall > Summersville Lake (main) > Summersville (Gauley River) Area > The New River Gorge Region > West Virginia,https://www.mountainproject.com/route/107298505/useless-beauty,2.7,Sport,5.10b,1,60,38.24161,-80.8422
106493778,Scoot Your Muffin,Orange Oswald Wall > Summersville Lake (main) > Summersville (Gauley River) Area > The New River Gorge Region > West Virginia,https://www.mountainproject.com/route/106493778/scoot-your-muffin,2.3,Sport,5.10b,1,80,38.2422,-80.83949
118983013,Wandering Crack,Trad Wall  Roped Routes > Trad Wall Area > Snake Hill Wildlife Management Area > Cheat Canyon > Northern WV > West Virginia,https://www.mountainproject.com/route/118983013/wandering-crack,3.9,"Trad, TR",5.10b/c,1,45,39.62747,-79.83689
106386798,Hat Change,Whippoorwill > Summersville (Gauley River) Area > The New River Gorge Region > West Virginia,https://www.mountainproject.com/route/106386798/hat-change,2.5,Sport,5.10d,1,60,38.2338,-80.8552
105910047,Malevolence,North Peak - West Face > Seneca Rocks > West Virginia,https://www.mountainproject.com/route/105910047/malevolence,3.5,Trad,5.10c,1,100,38.8353,-79.36614
115404612,In the Roof,Sunshine Wall (Guide Wall) > Guide Wall > Smoke Hole Canyon > Eastern WV > West Virginia,https://www.mountainproject.com/route/115404612/in-the-roof,3,Sport,5.10b,1,NA,38.87549,-79.26792
111226471,Apophis,Reeds Creek > Eastern WV > West Virginia,https://www.mountainproject.com/route/111226471/apophis,3.1,Sport,5.10+,1,70,38.785,-79.288
113794770,Armed and Dangerous,Gun Wall > Summersville Lake (main) > Summersville (Gauley River) Area > The New River Gorge Region > West Virginia,https://www.mountainproject.com/route/113794770/armed-and-dangerous,2.7,Sport,5.10b,1,30,38.2418,-80.84524
114118203,Yesterdaze,6. Cambodia > Upper Meadow > Meadow River Gorge > The New River Gorge Region > West Virginia,https://www.mountainproject.com/route/114118203/yesterdaze,4,Trad,5.10c,1,90,38.13843,-80.90748
106608613,Load,3. Second Buttress > Upper Meadow > Meadow River Gorge > The New River Gorge Region > West Virginia,https://www.mountainproject.com/route/106608613/load,2.7,Sport,5.10d,1,70,38.14295,-80.91755
113097608,Carpe Diem,Ninja Wall > Guide Wall > Smoke Hole Canyon > Eastern WV > West Virginia,https://www.mountainproject.com/route/113097608/carpe-diem,3.5,Sport,5.10,1,60,38.87567,-79.26769
106342328,Shiny Faces,7) Orchard Wall > Fern Buttress > New River Gorge Proper > The New River Gorge Region > West Virginia,https://www.mountainproject.com/route/106342328/shiny-faces,3.2,Trad,5.10d,1,60,38.06056,-81.06663
108903782,Modern Pictograph,0. Zero Buttress > Upper Meadow > Meadow River Gorge > The New River Gorge Region > West Virginia,https://www.mountainproject.com/route/108903782/modern-pictograph,2.4,Sport,5.10b,1,60,38.14399,-80.92018
109094662,Mig Squadron,N) The Undeserved Area > Endless Wall > New River Gorge Proper > The New River Gorge Region > West Virginia,https://www.mountainproject.com/route/109094662/mig-squadron,3.6,Trad,5.10d,1,80,38.05632,-81.05225
120736986,Orchestration For a Dance,Cotton Club > Cotton Hill > New River Gorge Proper > The New River Gorge Region > West Virginia,https://www.mountainproject.com/route/120736986/orchestration-for-a-dance,3.2,Sport,5.10+,1,70,38.1138,-81.13935
117528897,Amber,North Peak - West Face > Seneca Rocks > West Virginia,https://www.mountainproject.com/route/117528897/amber,4,Trad,5.10b R,1,90,38.8353,-79.36614
116652249,Table Scraps,Table Rock > Snake Hill Wildlife Management Area > Cheat Canyon > Northern WV > West Virginia,https://www.mountainproject.com/route/116652249/table-scraps,3.7,Sport,5.10b,1,45,39.62528,-79.82374
122422771,Dr. Rosenbud’s Nose,North Bridge Wall > Bridge Area > New River Gorge Proper > The New River Gorge Region > West Virginia,https://www.mountainproject.com/route/122422771/dr-rosenbuds-nose,3.3,Trad,5.10c,1,60,38.07938,-81.08001
117756098,Unknown (left),0. Upper Kaymoor > Kaymoor > New River Gorge Proper > The New River Gorge Region > West Virginia,https://www.mountainproject.com/route/117756098/unknown-left,4,Sport,5.10,1,60,38.04461,-81.06411
106727938,Super Amazing Sea Monkeys,Impact Zone > Main Wall > Franklin Gorge > Eastern WV > West Virginia,https://www.mountainproject.com/route/106727938/super-amazing-sea-monkeys,3,Sport,5.10d,1,30,38.66516,-79.32026
107945933,Recycle Your Soul,10. Savory Area > Bozoo > Southern WV > West Virginia,https://www.mountainproject.com/route/107945933/recycle-your-soul,3.8,"Trad, TR",5.10c,1,45,37.4781,-80.8644
117885904,Ra,Cotton Club > Cotton Hill > New River Gorge Proper > The New River Gorge Region > West Virginia,https://www.mountainproject.com/route/117885904/ra,2.8,Sport,5.10c,1,80,38.1138,-81.13935
117711393,You Party Too Much,Cotton Club > Cotton Hill > New River Gorge Proper > The New River Gorge Region > West Virginia,https://www.mountainproject.com/route/117711393/you-party-too-much,2.7,Sport,5.10b,1,75,38.1138,-81.13935
106175519,Gemini Crack Left,4 Promised Area > Bridge Area > New River Gorge Proper > The New River Gorge Region > West Virginia,https://www.mountainproject.com/route/106175519/gemini-crack-left,3.1,Trad,5.10c,1,50,38.07434,-81.07957
106773476,How 'Bout 'Em Apples aka Gunned but Not Forgotten,Gun Wall > Summersville Lake (main) > Summersville (Gauley River) Area > The New River Gorge Region > West Virginia,https://www.mountainproject.com/route/106773476/how-bout-em-apples-aka-gunned-but-not-forgotten,2.4,Sport,5.10c,1,40,38.2418,-80.84524
107671968,Little Creatures,06. Head Wall > Bubba City > New River Gorge Proper > The New River Gorge Region > West Virginia,https://www.mountainproject.com/route/107671968/little-creatures,3.4,Trad,5.10d,1,70,38.09307,-81.09555
117057258,Shattered Illusions,Long Branch Wall > Smoke Hole Canyon > Eastern WV > West Virginia,https://www.mountainproject.com/route/117057258/shattered-illusions,3.2,Sport,5.10+,1,80,38.87368,-79.27092
111475930,Guide's 10 (George's Dilemma),Sunshine Wall (Guide Wall) > Guide Wall > Smoke Hole Canyon > Eastern WV > West Virginia,https://www.mountainproject.com/route/111475930/guides-10-georges-dilemma,3.2,Sport,5.10c,1,65,38.87549,-79.26792
106001493,Bisect,7) Orchard Wall > Fern Buttress > New River Gorge Proper > The New River Gorge Region > West Virginia,https://www.mountainproject.com/route/106001493/bisect,2,Trad,5.10c,1,50,38.06056,-81.06663
106058488,Helter Skelter,North Peak - East Face > Seneca Rocks > West Virginia,https://www.mountainproject.com/route/106058488/helter-skelter,2.9,Trad,5.10c,1,90,38.83537,-79.36542
107244344,A Different School of Thought,South End > Seneca Rocks > West Virginia,https://www.mountainproject.com/route/107244344/a-different-school-of-thought,3.7,Trad,5.10+ PG13,2,200,38.83377,-79.36693
113608659,Guillotine,South Nuttall > New River Gorge Proper > The New River Gorge Region > West Virginia,https://www.mountainproject.com/route/113608659/guillotine,3.8,Trad,5.10c,1,90,38.0416,-81.0376
116720785,Nick Fury,Ninja Wall > Guide Wall > Smoke Hole Canyon > Eastern WV > West Virginia,https://www.mountainproject.com/route/116720785/nick-fury,2.9,Sport,5.10c,1,65,38.87567,-79.26769
106809641,Clumsy Club Crack,Ambassador Buttress > New River Gorge Proper > The New River Gorge Region > West Virginia,https://www.mountainproject.com/route/106809641/clumsy-club-crack,3,Trad,5.10b,1,70,38.0685,-81.0743
105947521,S.T.A.N.C.,J) Snake Buttress > Endless Wall > New River Gorge Proper > The New River Gorge Region > West Virginia,https://www.mountainproject.com/route/105947521/stanc,3.4,Trad,5.10+,1,80,38.05474,-81.05704
106170966,Spiderwalk,2) Monolith Wall > Fern Buttress > New River Gorge Proper > The New River Gorge Region > West Virginia,https://www.mountainproject.com/route/106170966/spiderwalk,3.1,Trad,5.10c,1,55,38.0657,-81.07019
106475298,Break the  Chain,Contact Zone > Main Wall > Franklin Gorge > Eastern WV > West Virginia,https://www.mountainproject.com/route/106475298/break-the-chain,2.8,Sport,5.10c,1,80,38.66399,-79.32257
119598940,What's Kraken?,Piney Creek Watershed > The New River Gorge Region > West Virginia,https://www.mountainproject.com/route/119598940/whats-kraken,3,Sport,5.10,1,55,37.79566,-81.14446
106060827,Psychoprophylaxis,North Peak - East Face > Seneca Rocks > West Virginia,https://www.mountainproject.com/route/106060827/psychoprophylaxis,3,Trad,5.10c/d,1,75,38.83537,-79.36542
117711446,Deregulation,Cotton Club > Cotton Hill > New River Gorge Proper > The New River Gorge Region > West Virginia,https://www.mountainproject.com/route/117711446/deregulation,2.3,Sport,5.10b,1,60,38.1138,-81.13935
106782906,Hepatitis C,01. Sandstonia > Bubba City > New River Gorge Proper > The New River Gorge Region > West Virginia,https://www.mountainproject.com/route/106782906/hepatitis-c,2.5,Sport,5.10d,1,80,38.10049,-81.09596
107524766,Eddie's 10b Roof,Contact Zone > Main Wall > Franklin Gorge > Eastern WV > West Virginia,https://www.mountainproject.com/route/107524766/eddies-10b-roof,2.8,Sport,5.10b,1,50,38.66399,-79.32257
106386782,Tequila Maria,The Satisfaction Wall > Summersville Lake (main) > Summersville (Gauley River) Area > The New River Gorge Region > West Virginia,https://www.mountainproject.com/route/106386782/tequila-maria,2.6,Sport,5.10d,1,60,38.24161,-80.8422
108287485,"Bag, The",6. Butcher's Branch > Kaymoor > New River Gorge Proper > The New River Gorge Region > West Virginia,https://www.mountainproject.com/route/108287485/bag-the,2.9,Trad,5.10d,1,60,38.05092,-81.07276
120724374,Grab and Go,Snowflake Wall > Snake Hill Wildlife Management Area > Cheat Canyon > Northern WV > West Virginia,https://www.mountainproject.com/route/120724374/grab-and-go,3.4,"Trad, TR",5.10c,1,45,39.62446,-79.83697
106073377,Radial Rimmed,08. Ames Wall > Bubba City > New River Gorge Proper > The New River Gorge Region > West Virginia,https://www.mountainproject.com/route/106073377/radial-rimmed,2,Sport,5.10c,1,60,38.09182,-81.09286
106704286,Limehouse,05. Bovine Area > Bozoo > Southern WV > West Virginia,https://www.mountainproject.com/route/106704286/limehouse,3.1,Sport,5.10c,1,50,37.4797,-80.8685
107129386,Toss that Beat in the Garbage Can,3) Workmen's Buttress > Fern Buttress > New River Gorge Proper > The New River Gorge Region > West Virginia,https://www.mountainproject.com/route/107129386/toss-that-beat-in-the-garbage-can,3.2,Trad,5.10d PG13,1,80,38.06369,-81.06911
122009222,Baby Burrito,Whippoorwill > Summersville (Gauley River) Area > The New River Gorge Region > West Virginia,https://www.mountainproject.com/route/122009222/baby-burrito,3,Sport,5.10d,1,70,38.2338,-80.8552
119163550,98% Cotton,Cotton Top > Cotton Hill > New River Gorge Proper > The New River Gorge Region > West Virginia,https://www.mountainproject.com/route/119163550/98-cotton,2.2,Sport,5.10b,1,50,38.1151,-81.14094
117886431,Red Hot Hoochie Coocher,Cotton Club > Cotton Hill > New River Gorge Proper > The New River Gorge Region > West Virginia,https://www.mountainproject.com/route/117886431/red-hot-hoochie-coocher,2.8,Sport,5.10c,1,70,38.1138,-81.13935
117781065,Golden Horseshoe,Reeds Creek > Eastern WV > West Virginia,https://www.mountainproject.com/route/117781065/golden-horseshoe,2.7,Sport,5.10b/c PG13,1,60,38.785,-79.288
106789227,In the Line of Fire,Gun Wall > Summersville Lake (main) > Summersville (Gauley River) Area > The New River Gorge Region > West Virginia,https://www.mountainproject.com/route/106789227/in-the-line-of-fire,2.3,Sport,5.10d,1,35,38.2418,-80.84524
113153120,Agony Til Dawn,South Peak West Face (Main Area) > South Peak - West Face > Seneca Rocks > West Virginia,https://www.mountainproject.com/route/113153120/agony-til-dawn,3.3,Trad,5.10b,1,120,38.83453,-79.36677
106023214,Back in the Saddle,B) Party Buttress > Endless Wall > New River Gorge Proper > The New River Gorge Region > West Virginia,https://www.mountainproject.com/route/106023214/back-in-the-saddle,2.6,Trad,5.10c,1,65,38.05569,-81.06276
108173138,Hilly Billy,5 Sunkist Wall > Lower Meadow > Meadow River Gorge > The New River Gorge Region > West Virginia,https://www.mountainproject.com/route/108173138/hilly-billy,2.6,Sport,5.10d,1,60,38.15655,-80.93978
105948008,Underfling,2 Bridge Buttress > Bridge Area > New River Gorge Proper > The New River Gorge Region > West Virginia,https://www.mountainproject.com/route/105948008/underfling,2.6,Trad,5.10b/c,1,75,38.07178,-81.08006
107258161,Disco Death March,Southern Pillar - West Side > Southern Pillar > Seneca Rocks > West Virginia,https://www.mountainproject.com/route/107258161/disco-death-march,2.6,Trad,5.10b,1,70,38.83261,-79.36748
119928513,Crack Master,Cheat View > Snake Hill Wildlife Management Area > Cheat Canyon > Northern WV > West Virginia,https://www.mountainproject.com/route/119928513/crack-master,3.5,"Trad, TR",5.10,1,50,39.62025,-79.81632
110315495,Crimes of Fashion,I) Honeymooner's Area > Endless Wall > New River Gorge Proper > The New River Gorge Region > West Virginia,https://www.mountainproject.com/route/110315495/crimes-of-fashion,3.5,Trad,5.10c,1,100,38.05426,-81.05828
106035723,Bubbarete,11. Bubba Buttress > Bubba City > New River Gorge Proper > The New River Gorge Region > West Virginia,https://www.mountainproject.com/route/106035723/bubbarete,3.2,Trad,5.10b,1,80,38.09087,-81.08835
116204500,Gets Me Horney,Roof Rocks > Furnace Road Areas > Coopers Rock State Forest > Northern WV > West Virginia,https://www.mountainproject.com/route/116204500/gets-me-horney,3.2,TR,5.10b,1,40,39.65119,-79.81717
119598786,Fart Exhibit,Piney Creek Watershed > The New River Gorge Region > West Virginia,https://www.mountainproject.com/route/119598786/fart-exhibit,2.9,Sport,5.10b/c,1,55,37.79566,-81.14446
108265123,Do the Funky Evan,K) Scream Seam Area > Endless Wall > New River Gorge Proper > The New River Gorge Region > West Virginia,https://www.mountainproject.com/route/108265123/do-the-funky-evan,3.3,Trad,5.10d PG13,1,80,38.05542,-81.05611
115435666,Black Hanger,Ninja Wall > Guide Wall > Smoke Hole Canyon > Eastern WV > West Virginia,https://www.mountainproject.com/route/115435666/black-hanger,2.8,Sport,5.10c,1,50,38.87567,-79.26769
109829479,Blimey,Whippoorwill > Summersville (Gauley River) Area > The New River Gorge Region > West Virginia,https://www.mountainproject.com/route/109829479/blimey,2.8,Sport,5.10b,1,60,38.2338,-80.8552
112026609,Funiek's Line,0. Zero Buttress > Upper Meadow > Meadow River Gorge > The New River Gorge Region > West Virginia,https://www.mountainproject.com/route/112026609/funieks-line,2.5,Sport,5.10b,1,60,38.14399,-80.92018
108905471,Neptune (?),Impact Zone > Main Wall > Franklin Gorge > Eastern WV > West Virginia,https://www.mountainproject.com/route/108905471/neptune,2.7,Sport,5.10b,1,65,38.66516,-79.32026
106535978,Tip of the Iceberg,08. Iceberg Area > Bozoo > Southern WV > West Virginia,https://www.mountainproject.com/route/106535978/tip-of-the-iceberg,2.9,"Trad, TR",5.10b,1,40,37.478,-80.8663
106179826,Immaculate Combustion,11. Bubba Buttress > Bubba City > New River Gorge Proper > The New River Gorge Region > West Virginia,https://www.mountainproject.com/route/106179826/immaculate-combustion,2.5,Sport,5.10d,1,80,38.09087,-81.08835
117890308,Hayduke Shrugged,Lower Slabs > Seneca Rocks > West Virginia,https://www.mountainproject.com/route/117890308/hayduke-shrugged,2.7,"Sport, TR",5.10b/c,1,70,38.83609,-79.36621
107895953,Booby Prize,01. Sandstonia > Bubba City > New River Gorge Proper > The New River Gorge Region > West Virginia,https://www.mountainproject.com/route/107895953/booby-prize,2.5,Sport,5.10d,1,70,38.10049,-81.09596
106046097,Jacuzzi Bop,8) Ritz Cracker Area > Fern Buttress > New River Gorge Proper > The New River Gorge Region > West Virginia,https://www.mountainproject.com/route/106046097/jacuzzi-bop,2.7,Trad,5.10d,1,90,38.05999,-81.06543
106741283,Edge-U-Cate,Impact Zone > Main Wall > Franklin Gorge > Eastern WV > West Virginia,https://www.mountainproject.com/route/106741283/edge-u-cate,2.9,Sport,5.10c,1,35,38.66516,-79.32026
106060101,Wire Train,I) Honeymooner's Area > Endless Wall > New River Gorge Proper > The New River Gorge Region > West Virginia,https://www.mountainproject.com/route/106060101/wire-train,3,Trad,5.10c,1,70,38.05426,-81.05828
106175512,Esse Crack,4 Promised Area > Bridge Area > New River Gorge Proper > The New River Gorge Region > West Virginia,https://www.mountainproject.com/route/106175512/esse-crack,3,Trad,5.10c,1,40,38.07434,-81.07957
106704310,Bovine Crack,05. Bovine Area > Bozoo > Southern WV > West Virginia,https://www.mountainproject.com/route/106704310/bovine-crack,2.9,Trad,5.10b,1,50,37.4797,-80.8685
107129370,Workman's Comp,3) Workmen's Buttress > Fern Buttress > New River Gorge Proper > The New River Gorge Region > West Virginia,https://www.mountainproject.com/route/107129370/workmans-comp,2.2,Sport,5.10d,1,60,38.06369,-81.06911
108041116,Blunder and Frightening,2 Bridge Buttress > Bridge Area > New River Gorge Proper > The New River Gorge Region > West Virginia,https://www.mountainproject.com/route/108041116/blunder-and-frightening,3.1,"Trad, TR",5.10b,1,50,38.07178,-81.08006
108409605,Blood On The Tracks,South End > Seneca Rocks > West Virginia,https://www.mountainproject.com/route/108409605/blood-on-the-tracks,3,"Trad, TR",5.10b R,1,70,38.83377,-79.36693
106171598,Hidden Assets,Upper Broadway > South Peak - East Face > Seneca Rocks > West Virginia,https://www.mountainproject.com/route/106171598/hidden-assets,2.9,Trad,5.10b,1,NA,38.8344,-79.36659
107468210,Back to Power,3 Greatest Show Area > Lower Meadow > Meadow River Gorge > The New River Gorge Region > West Virginia,https://www.mountainproject.com/route/107468210/back-to-power,2.8,Trad,5.10,1,50,38.15303,-80.93231
117982524,Macdaddy Hensley Roof,Sunshine Wall (Guide Wall) > Guide Wall > Smoke Hole Canyon > Eastern WV > West Virginia,https://www.mountainproject.com/route/117982524/macdaddy-hensley-roof,2.6,Sport,5.10d,1,65,38.87549,-79.26792
117737881,Destiny,Ninja Wall > Guide Wall > Smoke Hole Canyon > Eastern WV > West Virginia,https://www.mountainproject.com/route/117737881/destiny,3,Sport,5.10 PG13,1,45,38.87567,-79.26769
121068931,Invasive Species,Reeds Creek > Eastern WV > West Virginia,https://www.mountainproject.com/route/121068931/invasive-species,2.8,Sport,5.10,1,80,38.785,-79.288
108847323,Lichening Bolt,North Peak - East Face > Seneca Rocks > West Virginia,https://www.mountainproject.com/route/108847323/lichening-bolt,2.8,"Trad, Sport, TR",5.10c R,1,50,38.83537,-79.36542
119349956,Flaming Butterflies,Cotton Club > Cotton Hill > New River Gorge Proper > The New River Gorge Region > West Virginia,https://www.mountainproject.com/route/119349956/flaming-butterflies,3,Trad,5.10d,1,60,38.1138,-81.13935
119925566,Archangel,Cheat View > Snake Hill Wildlife Management Area > Cheat Canyon > Northern WV > West Virginia,https://www.mountainproject.com/route/119925566/archangel,3,"Trad, TR",5.10,1,40,39.62025,-79.81632
117885949,Solar Power,Cotton Club > Cotton Hill > New River Gorge Proper > The New River Gorge Region > West Virginia,https://www.mountainproject.com/route/117885949/solar-power,2.6,Sport,5.10b,1,80,38.1138,-81.13935
121070075,Webster is a Loose Flake,Cheat View > Snake Hill Wildlife Management Area > Cheat Canyon > Northern WV > West Virginia,https://www.mountainproject.com/route/121070075/webster-is-a-loose-flake,2.8,Trad,5.10c,1,50,39.62025,-79.81632
117886312,Le Petit Mort,Cotton Club > Cotton Hill > New River Gorge Proper > The New River Gorge Region > West Virginia,https://www.mountainproject.com/route/117886312/le-petit-mort,2.8,Sport,5.10c,1,80,38.1138,-81.13935
121603393,Climate Change,Land of the Lost > Cotton Hill > New River Gorge Proper > The New River Gorge Region > West Virginia,https://www.mountainproject.com/route/121603393/climate-change,2.6,Sport,5.10b,1,80,38.11581,-81.13425
107900220,Rigor Mortise,04. Rigor Wall > Bozoo > Southern WV > West Virginia,https://www.mountainproject.com/route/107900220/rigor-mortise,3,Trad,5.10d,1,50,37.4799,-80.8692
120724177,Crimptastic,Snowflake Wall > Snake Hill Wildlife Management Area > Cheat Canyon > Northern WV > West Virginia,https://www.mountainproject.com/route/120724177/crimptastic,2.9,"Sport, TR",5.10b,1,45,39.62446,-79.83697
116720902,Honey Badger,Long Point > Summersville (Gauley River) Area > The New River Gorge Region > West Virginia,https://www.mountainproject.com/route/116720902/honey-badger,3,Sport,5.10b,1,80,38.22643,-80.85637
108435242,A Touch Too Much,Southeast Corner > South Peak - East Face > Seneca Rocks > West Virginia,https://www.mountainproject.com/route/108435242/a-touch-too-much,3,"Trad, Sport",5.10c/d,1,100,38.83343,-79.36659
120054595,Unlimited Sky,North Peak - East Face > Seneca Rocks > West Virginia,https://www.mountainproject.com/route/120054595/unlimited-sky,3,Trad,5.10d R,1,95,38.83537,-79.36542
108034563,Unnamed 5.10a,Pirate's Cove > Summersville Lake (main) > Summersville (Gauley River) Area > The New River Gorge Region > West Virginia,https://www.mountainproject.com/route/108034563/unnamed-510a,3,Trad,5.10+,1,90,38.2427,-80.8485
116212054,Wayward Penguins,Big Blocks > Sunset Wall Area > Roadside > Coopers Rock State Forest > Northern WV > West Virginia,https://www.mountainproject.com/route/116212054/wayward-penguins,2.5,TR,5.10b,1,25,39.63509,-79.81075
120725144,Two Eggs and Two Martinis,3. Second Buttress > Upper Meadow > Meadow River Gorge > The New River Gorge Region > West Virginia,https://www.mountainproject.com/route/120725144/two-eggs-and-two-martinis,2.6,Sport,5.10c,1,60,38.14295,-80.91755
107319646,Summer Breeze,Lower Slabs > Seneca Rocks > West Virginia,https://www.mountainproject.com/route/107319646/summer-breeze,3,Trad,5.10b,1,75,38.83609,-79.36621
106039032,Manute Bol,B) Party Buttress > Endless Wall > New River Gorge Proper > The New River Gorge Region > West Virginia,https://www.mountainproject.com/route/106039032/manute-bol,3,Trad,5.10d,1,90,38.05569,-81.06276
107918863,Icecapades,08. Iceberg Area > Bozoo > Southern WV > West Virginia,https://www.mountainproject.com/route/107918863/icecapades,3,"Trad, TR",5.10b/c PG13,1,45,37.478,-80.8663
108754713,Earn Your Dinner,Keeney's Buttress > New River Gorge Proper > The New River Gorge Region > West Virginia,https://www.mountainproject.com/route/108754713/earn-your-dinner,3,Trad,5.10+,1,60,38.04411,-81.02511
107176590,Rock Lobster,J) Snake Buttress > Endless Wall > New River Gorge Proper > The New River Gorge Region > West Virginia,https://www.mountainproject.com/route/107176590/rock-lobster,2.9,Trad,5.10c PG13,1,100,38.05474,-81.05704
107767246,Bozippity,08. Iceberg Area > Bozoo > Southern WV > West Virginia,https://www.mountainproject.com/route/107767246/bozippity,2.7,"Trad, TR",5.10,1,NA,37.478,-80.8663
118856404,Grain of Sand,Reeds Creek > Eastern WV > West Virginia,https://www.mountainproject.com/route/118856404/grain-of-sand,2.9,Sport,5.10c,1,50,38.785,-79.288
110718449,Pleasant Overhangs - Variation: Nowhere to Run,South Peak West Face (Main Area) > South Peak - West Face > Seneca Rocks > West Virginia,https://www.mountainproject.com/route/110718449/pleasant-overhangs-variation-nowhere-to-run,3,Trad,5.10 PG13,1,60,38.83453,-79.36677
120483148,Foxfire,7. Seven Eleven Wall > Kaymoor > New River Gorge Proper > The New River Gorge Region > West Virginia,https://www.mountainproject.com/route/120483148/foxfire,3,Trad,5.10c,1,70,38.05238,-81.07272
121777632,Mountaineer Matt and the Thundering Boom,4. Fire and Ice Buttress > Kaymoor > New River Gorge Proper > The New River Gorge Region > West Virginia,https://www.mountainproject.com/route/121777632/mountaineer-matt-and-the-thundering-boom,3.7,Trad,5.10+,1,105,38.04821,-81.06853
106496502,Let Them Eat Pancake,08. Ames Wall > Bubba City > New River Gorge Proper > The New River Gorge Region > West Virginia,https://www.mountainproject.com/route/106496502/let-them-eat-pancake,2.2,Sport,5.10b,1,45,38.09182,-81.09286
116211773,Titanium Digit,Big Blocks > Sunset Wall Area > Roadside > Coopers Rock State Forest > Northern WV > West Virginia,https://www.mountainproject.com/route/116211773/titanium-digit,3.3,TR,5.10b/c,1,35,39.63509,-79.81075
121746095,Tongue Taco,Lost World > Summersville (Gauley River) Area > The New River Gorge Region > West Virginia,https://www.mountainproject.com/route/121746095/tongue-taco,2.8,Sport,5.10d,1,40,38.2274,-80.85231
116767308,Dread Skills,Ninja Wall > Guide Wall > Smoke Hole Canyon > Eastern WV > West Virginia,https://www.mountainproject.com/route/116767308/dread-skills,3,Sport,5.10c,1,50,38.87567,-79.26769
121746276,Chimp Crack,Lost World > Summersville (Gauley River) Area > The New River Gorge Region > West Virginia,https://www.mountainproject.com/route/121746276/chimp-crack,2,Trad,5.10b,1,40,38.2274,-80.85231
116709737,Timber,South Nuttall > New River Gorge Proper > The New River Gorge Region > West Virginia,https://www.mountainproject.com/route/116709737/timber,3.5,Trad,5.10c,1,90,38.0416,-81.0376
112825833,Super Alloy,Big Blocks > Sunset Wall Area > Roadside > Coopers Rock State Forest > Northern WV > West Virginia,https://www.mountainproject.com/route/112825833/super-alloy,2.5,TR,5.10c,1,40,39.63509,-79.81075
108974620,Birds of Prey,South End > Seneca Rocks > West Virginia,https://www.mountainproject.com/route/108974620/birds-of-prey,3,Trad,5.10b,1,70,38.83377,-79.36693
122491430,Disco Death March Direct,Southern Pillar - West Side > Southern Pillar > Seneca Rocks > West Virginia,https://www.mountainproject.com/route/122491430/disco-death-march-direct,2.5,Trad,5.10d R,1,120,38.83261,-79.36748
120471883,Natural Mystic,Upper Broadway > South Peak - East Face > Seneca Rocks > West Virginia,https://www.mountainproject.com/route/120471883/natural-mystic,2.5,Trad,5.10c/d PG13,1,80,38.8344,-79.36659
117789590,Brown Dirt Cowboy,Zealous Area > Junkyard Area > New River Gorge Proper > The New River Gorge Region > West Virginia,https://www.mountainproject.com/route/117789590/brown-dirt-cowboy,3,Trad,5.10,1,70,38.08435,-81.08108
121081736,Social Distancing,Sandcrag > Cheat Canyon > Northern WV > West Virginia,https://www.mountainproject.com/route/121081736/social-distancing,3,Trad,5.10b,1,75,39.60408,-79.80964
121779333,Kielbasa Vinyasa,4 Promised Area > Bridge Area > New River Gorge Proper > The New River Gorge Region > West Virginia,https://www.mountainproject.com/route/121779333/kielbasa-vinyasa,3,Trad,5.10,1,70,38.07434,-81.07957
114299624,Constant Velocity,8) Ritz Cracker Area > Fern Buttress > New River Gorge Proper > The New River Gorge Region > West Virginia,https://www.mountainproject.com/route/114299624/constant-velocity,3,Trad,5.10b,1,80,38.05999,-81.06543
121676316,Kamikaze,"Crescendo Wall > West Face, East Fin > Nelson Rocks > Eastern WV > West Virginia",https://www.mountainproject.com/route/121676316/kamikaze,3,Sport,5.10 R,1,NA,38.6955,-79.465
106997270,To Punch a Pterodactyl,Sunset Wall > Sunset Wall Area > Roadside > Coopers Rock State Forest > Northern WV > West Virginia,https://www.mountainproject.com/route/106997270/to-punch-a-pterodactyl,3,Trad,5.10c R,1,40,39.63527,-79.81075
116654975,Rhodocide,Sandcrag > Cheat Canyon > Northern WV > West Virginia,https://www.mountainproject.com/route/116654975/rhodocide,3,Trad,5.10+ PG13,1,30,39.60408,-79.80964
114299680,Nestle Krunch Roof,H) Hellbound Area > Endless Wall > New River Gorge Proper > The New River Gorge Region > West Virginia,https://www.mountainproject.com/route/114299680/nestle-krunch-roof,3.5,Trad,5.10b,2,100,38.0536,-81.05917
114560238,Persephone,Impact Zone > Main Wall > Franklin Gorge > Eastern WV > West Virginia,https://www.mountainproject.com/route/114560238/persephone,3,Sport,5.10d,1,40,38.66516,-79.32026
106618683,Rock Your World,Impact Zone > Main Wall > Franklin Gorge > Eastern WV > West Virginia,https://www.mountainproject.com/route/106618683/rock-your-world,2.8,Sport,5.10c PG13,1,45,38.66516,-79.32026
110593810,Wild Men Only,South End > Seneca Rocks > West Virginia,https://www.mountainproject.com/route/110593810/wild-men-only,2.5,Trad,5.10 PG13,3,315,38.83377,-79.36693
113660750,Alluring Fire,North East Area > Devil's Nose > Eastern WV > West Virginia,https://www.mountainproject.com/route/113660750/alluring-fire,3,TR,5.10b,1,70,39.60882,-78.11299
107536973,Grand Finale,Upper Broadway > South Peak - East Face > Seneca Rocks > West Virginia,https://www.mountainproject.com/route/107536973/grand-finale,2.9,Trad,5.10b,1,70,38.8344,-79.36659
110598584,Nightwings,South End > Seneca Rocks > West Virginia,https://www.mountainproject.com/route/110598584/nightwings,3,Trad,5.10 PG13,1,90,38.83377,-79.36693
107911007,Diamonds Are Forever,06. Bond Wall > Bozoo > Southern WV > West Virginia,https://www.mountainproject.com/route/107911007/diamonds-are-forever,3,"Trad, TR",5.10 R,1,65,37.4794,-80.8678
107963388,Pump-kin,04. Rigor Wall > Bozoo > Southern WV > West Virginia,https://www.mountainproject.com/route/107963388/pump-kin,3,"Trad, TR",5.10+ R,1,40,37.4799,-80.8692
110334694,Eat at the Wye,09. Rainbow Ledge Area > Bubba City > New River Gorge Proper > The New River Gorge Region > West Virginia,https://www.mountainproject.com/route/110334694/eat-at-the-wye,3,Trad,5.10d,1,75,38.09088,-81.0903
107911577,K.P. Crack,08. Iceberg Area > Bozoo > Southern WV > West Virginia,https://www.mountainproject.com/route/107911577/kp-crack,3,"Trad, TR",5.10,1,35,37.478,-80.8663
106270977,Sojourners,8) Ram's Head > Beauty Mountain > New River Gorge Proper > The New River Gorge Region > West Virginia,https://www.mountainproject.com/route/106270977/sojourners,3.7,Trad,5.10b,2,90,38.04972,-81.02993
107899525,Necromancer,07. Necro Wall > Bozoo > Southern WV > West Virginia,https://www.mountainproject.com/route/107899525/necromancer,3,Trad,5.10d,1,60,37.4784,-80.8668
106237478,Two-Edged Sword,3 Maranatha Area > Bridge Area > New River Gorge Proper > The New River Gorge Region > West Virginia,https://www.mountainproject.com/route/106237478/two-edged-sword,3.5,Trad,5.10d,1,60,38.07311,-81.07947
123234945,Blackbeard,Circus Wall > Summersville Lake (main) > Summersville (Gauley River) Area > The New River Gorge Region > West Virginia,https://www.mountainproject.com/route/123234945/blackbeard,2.3,Sport,5.10c,1,45,38.24291,-80.8361
123386131,Mornings In Mexico,Carnifex Ferry > Summersville (Gauley River) Area > The New River Gorge Region > West Virginia,https://www.mountainproject.com/route/123386131/mornings-in-mexico,3,Sport,5.10c,1,50,38.19693,-80.94463
123458306,Twerker's Comp,Whippoorwill > Summersville (Gauley River) Area > The New River Gorge Region > West Virginia,https://www.mountainproject.com/route/123458306/twerkers-comp,3.2,Sport,5.10+,1,55,38.2338,-80.8552
109591180,Frigidator,Junkyard Wall > Junkyard Area > New River Gorge Proper > The New River Gorge Region > West Virginia,https://www.mountainproject.com/route/109591180/frigidator,2.5,TR,5.10b,1,60,38.08299,-81.08043
119957277,Transfat,3. Second Buttress > Upper Meadow > Meadow River Gorge > The New River Gorge Region > West Virginia,https://www.mountainproject.com/route/119957277/transfat,2.6,Sport,5.10,1,60,38.14295,-80.91755
117735628,Zośka,Orange Oswald Wall > Summersville Lake (main) > Summersville (Gauley River) Area > The New River Gorge Region > West Virginia,https://www.mountainproject.com/route/117735628/zoska,2.7,Sport,5.10b,1,50,38.2422,-80.83949
117829051,Girl in the Hornet's Nest,3. Second Buttress > Upper Meadow > Meadow River Gorge > The New River Gorge Region > West Virginia,https://www.mountainproject.com/route/117829051/girl-in-the-hornets-nest,2.4,Sport,5.10b,1,NA,38.14295,-80.91755
106060036,Durometer 64,G) Diamond Point > Endless Wall > New River Gorge Proper > The New River Gorge Region > West Virginia,https://www.mountainproject.com/route/106060036/durometer-64,2.8,Trad,5.10b,1,80,38.05317,-81.05956
108894236,Lightning,Big Easy Cliffs > North Bend State Park > Northern WV > West Virginia,https://www.mountainproject.com/route/108894236/lightning,2.8,"Sport, TR",5.10,1,NA,39.22139,-81.10189
112849237,The Orgasmatron,M) Fantasy Area > Endless Wall > New River Gorge Proper > The New River Gorge Region > West Virginia,https://www.mountainproject.com/route/112849237/the-orgasmatron,2.8,Trad,5.10d,1,90,38.05596,-81.05393
117735685,Fontanero,Orange Oswald Wall > Summersville Lake (main) > Summersville (Gauley River) Area > The New River Gorge Region > West Virginia,https://www.mountainproject.com/route/117735685/fontanero,2.3,Sport,5.10c,1,50,38.2422,-80.83949
107792710,No Refund,The Satisfaction Wall > Summersville Lake (main) > Summersville (Gauley River) Area > The New River Gorge Region > West Virginia,https://www.mountainproject.com/route/107792710/no-refund,2.2,Sport,5.10d,1,60,38.24161,-80.8422
109727231,Insistent Irony,09. Rainbow Ledge Area > Bubba City > New River Gorge Proper > The New River Gorge Region > West Virginia,https://www.mountainproject.com/route/109727231/insistent-irony,2.5,Sport,5.10c,1,40,38.09088,-81.0903
107019082,Verde Bunyan,06. Head Wall > Bubba City > New River Gorge Proper > The New River Gorge Region > West Virginia,https://www.mountainproject.com/route/107019082/verde-bunyan,2.6,Sport,5.10c,1,40,38.09307,-81.09555
122178279,Mini K,Whippoorwill > Summersville (Gauley River) Area > The New River Gorge Region > West Virginia,https://www.mountainproject.com/route/122178279/mini-k,2.6,Sport,5.10b,1,70,38.2338,-80.8552
107860492,Right to the Left  (A Thought Forgotten ),South Peak West Face (Main Area) > South Peak - West Face > Seneca Rocks > West Virginia,https://www.mountainproject.com/route/107860492/right-to-the-left-a-thought-forgotten,2.7,Trad,5.10c,1,80,38.83453,-79.36677
107961007,Cafe Chic,02. Kingfish > Bubba City > New River Gorge Proper > The New River Gorge Region > West Virginia,https://www.mountainproject.com/route/107961007/cafe-chic,2.3,Sport,5.10d,1,60,38.09886,-81.09547
110584019,Welcome to Seneca,South End > Seneca Rocks > West Virginia,https://www.mountainproject.com/route/110584019/welcome-to-seneca,2.3,Trad,5.10+ PG13,3,210,38.83377,-79.36693
117995652,Tainted Veal,Long Point > Summersville (Gauley River) Area > The New River Gorge Region > West Virginia,https://www.mountainproject.com/route/117995652/tainted-veal,2.4,Sport,5.10b,1,50,38.22643,-80.85637
113751561,WW Bolted Crack,South Nuttall > New River Gorge Proper > The New River Gorge Region > West Virginia,https://www.mountainproject.com/route/113751561/ww-bolted-crack,2.4,Sport,5.10c,1,100,38.0416,-81.0376
109050665,Mud and Guts,4) Just Send It Wall > Fern Buttress > New River Gorge Proper > The New River Gorge Region > West Virginia,https://www.mountainproject.com/route/109050665/mud-and-guts,2.5,Trad,5.10b,1,70,38.06357,-81.06849
107961032,Solitude Standing,02. Kingfish > Bubba City > New River Gorge Proper > The New River Gorge Region > West Virginia,https://www.mountainproject.com/route/107961032/solitude-standing,2.5,Sport,5.10b,1,40,38.09886,-81.09547
117739633,Dirty Love,0. Zero Buttress > Upper Meadow > Meadow River Gorge > The New River Gorge Region > West Virginia,https://www.mountainproject.com/route/117739633/dirty-love,2.3,Sport,5.10c,1,60,38.14399,-80.92018
107129436,Ziggerknot,3 Greatest Show Area > Lower Meadow > Meadow River Gorge > The New River Gorge Region > West Virginia,https://www.mountainproject.com/route/107129436/ziggerknot,2.5,Trad,5.10c,1,70,38.15303,-80.93231
120624764,Past & Pleasant,South Peak West Face (Main Area) > South Peak - West Face > Seneca Rocks > West Virginia,https://www.mountainproject.com/route/120624764/past-pleasant,3.2,Sport,5.10b/c,1,90,38.83453,-79.36677
121665260,Pour the Lead,Whippoorwill > Summersville (Gauley River) Area > The New River Gorge Region > West Virginia,https://www.mountainproject.com/route/121665260/pour-the-lead,2.7,Sport,5.10d,1,50,38.2338,-80.8552
116620539,Crocodiles are Coming,Long Point > Summersville (Gauley River) Area > The New River Gorge Region > West Virginia,https://www.mountainproject.com/route/116620539/crocodiles-are-coming,2.7,Sport,5.10b,1,60,38.22643,-80.85637
122481271,Spanker Right,Long Branch Wall > Smoke Hole Canyon > Eastern WV > West Virginia,https://www.mountainproject.com/route/122481271/spanker-right,2.5,Sport,5.10c,1,35,38.87368,-79.27092
122178403,Milo's Greatest Hits,Whippoorwill > Summersville (Gauley River) Area > The New River Gorge Region > West Virginia,https://www.mountainproject.com/route/122178403/milos-greatest-hits,2.6,Sport,5.10b,1,70,38.2338,-80.8552
121598373,Fandango,Cotton Club > Cotton Hill > New River Gorge Proper > The New River Gorge Region > West Virginia,https://www.mountainproject.com/route/121598373/fandango,2.6,Trad,5.10b,1,60,38.1138,-81.13935
121024284,Afterburn (Burn Variation),Southwest Corner > South Peak - West Face > Seneca Rocks > West Virginia,https://www.mountainproject.com/route/121024284/afterburn-burn-variation,3,Trad,5.10b R,1,85,38.83453,-79.36677
117100727,High and Lively,U) Upper Endless > Endless Wall > New River Gorge Proper > The New River Gorge Region > West Virginia,https://www.mountainproject.com/route/117100727/high-and-lively,2.5,Trad,5.10b,1,100,38.05508,-81.05766
114560170,Hello,Contact Zone > Main Wall > Franklin Gorge > Eastern WV > West Virginia,https://www.mountainproject.com/route/114560170/hello,2.5,Sport,5.10c,1,60,38.66399,-79.32257
122664202,Devil's Lettuce,Long Point > Summersville (Gauley River) Area > The New River Gorge Region > West Virginia,https://www.mountainproject.com/route/122664202/devils-lettuce,2.7,Trad,5.10c,1,85,38.22643,-80.85637
106245963,Pedro's Problem,South Peak West Face (Main Area) > South Peak - West Face > Seneca Rocks > West Virginia,https://www.mountainproject.com/route/106245963/pedros-problem,2.5,Trad,5.10c,1,20,38.83453,-79.36677
107946021,Rainforest Crunch,10. Savory Area > Bozoo > Southern WV > West Virginia,https://www.mountainproject.com/route/107946021/rainforest-crunch,2.5,"Trad, TR",5.10,1,45,37.4781,-80.8644
107945964,Raindogs,10. Savory Area > Bozoo > Southern WV > West Virginia,https://www.mountainproject.com/route/107945964/raindogs,2.5,"Trad, TR",5.10,1,45,37.4781,-80.8644
123342700,"Pumpy, Monkey, Baby",Cotton Club > Cotton Hill > New River Gorge Proper > The New River Gorge Region > West Virginia,https://www.mountainproject.com/route/123342700/pumpy-monkey-baby,3,Trad,5.10b,1,70,38.1138,-81.13935
118856305,Professor Gray's School of Bolting,Reeds Creek > Eastern WV > West Virginia,https://www.mountainproject.com/route/118856305/professor-grays-school-of-bolting,2.8,Sport,5.10d,1,35,38.785,-79.288
119902956,Before the Fall,South Peak West Face (Main Area) > South Peak - West Face > Seneca Rocks > West Virginia,https://www.mountainproject.com/route/119902956/before-the-fall,3.2,Trad,5.10b R,3,220,38.83453,-79.36677
106741128,Dig Dog Dig,Riverbend > Franklin Gorge > Eastern WV > West Virginia,https://www.mountainproject.com/route/106741128/dig-dog-dig,2.1,Sport,5.10b,1,65,38.66538,-79.32472
116767364,Defenders of The Faith,Ninja Wall > Guide Wall > Smoke Hole Canyon > Eastern WV > West Virginia,https://www.mountainproject.com/route/116767364/defenders-of-the-faith,2.8,Sport,5.10d,1,55,38.87567,-79.26769
111148362,Forrest Dump,4. Third Buttress > Upper Meadow > Meadow River Gorge > The New River Gorge Region > West Virginia,https://www.mountainproject.com/route/111148362/forrest-dump,2,Sport,5.10c,1,50,38.14336,-80.91556
106741142,Wish I Were a Golfer,Riverbend > Franklin Gorge > Eastern WV > West Virginia,https://www.mountainproject.com/route/106741142/wish-i-were-a-golfer,2.3,Sport,5.10d,1,40,38.66538,-79.32472
106037054,The Icon of Control,Bimbo Buttress > Bubba City > New River Gorge Proper > The New River Gorge Region > West Virginia,https://www.mountainproject.com/route/106037054/the-icon-of-control,2.5,Trad,5.10c,1,40,38.09332,-81.09376
116192639,Dinkus Brain,Ceiling Block Area > Roadside > Coopers Rock State Forest > Northern WV > West Virginia,https://www.mountainproject.com/route/116192639/dinkus-brain,2.3,TR,5.10d,1,20,39.63559,-79.81191
117997765,Cold Calculus,Cotton Club > Cotton Hill > New River Gorge Proper > The New River Gorge Region > West Virginia,https://www.mountainproject.com/route/117997765/cold-calculus,2.2,Sport,5.10c,1,50,38.1138,-81.13935
113936368,Route of All Evil,Parking Area Wall > Main Wall > Franklin Gorge > Eastern WV > West Virginia,https://www.mountainproject.com/route/113936368/route-of-all-evil,2.3,Sport,5.10b/c,1,70,38.66462,-79.32434
107902348,The Ships Prow,02. Simpson Wall > Bozoo > Southern WV > West Virginia,https://www.mountainproject.com/route/107902348/the-ships-prow,2.3,Trad,5.10,1,50,37.4803,-80.8704
106045469,The Underdiddled,Ambassador Buttress > New River Gorge Proper > The New River Gorge Region > West Virginia,https://www.mountainproject.com/route/106045469/the-underdiddled,2.3,Trad,5.10c R,1,50,38.0685,-81.0743
106970312,Ichabod Crane,05. Headless Wall > Bubba City > New River Gorge Proper > The New River Gorge Region > West Virginia,https://www.mountainproject.com/route/106970312/ichabod-crane,2.3,Sport,5.10c,1,40,38.09447,-81.09571
106039082,Fire and Waste,8) Ritz Cracker Area > Fern Buttress > New River Gorge Proper > The New River Gorge Region > West Virginia,https://www.mountainproject.com/route/106039082/fire-and-waste,2.3,Trad,5.10b,1,80,38.05999,-81.06543
106031215,Dog Fight,2 Bridge Buttress > Bridge Area > New River Gorge Proper > The New River Gorge Region > West Virginia,https://www.mountainproject.com/route/106031215/dog-fight,2,Trad,5.10b,1,40,38.07178,-81.08006
116227000,Dangerous Freedoms,Reeds Creek > Eastern WV > West Virginia,https://www.mountainproject.com/route/116227000/dangerous-freedoms,1.9,Sport,5.10c,1,70,38.785,-79.288
107854238,Keelhauled,Impact Zone > Main Wall > Franklin Gorge > Eastern WV > West Virginia,https://www.mountainproject.com/route/107854238/keelhauled,2,Sport,5.10b,1,NA,38.66516,-79.32026
106245953,Manual Dexterity,South Peak West Face (Main Area) > South Peak - West Face > Seneca Rocks > West Virginia,https://www.mountainproject.com/route/106245953/manual-dexterity,2,Trad,5.10d PG13,1,35,38.83453,-79.36677
112021859,Wasted Wimper,2 Toxic Hueco Area > Lower Meadow > Meadow River Gorge > The New River Gorge Region > West Virginia,https://www.mountainproject.com/route/112021859/wasted-wimper,2,Trad,5.10b,1,60,38.15323,-80.93233
106032027,Silent But Deadly,North Peak - West Face > Seneca Rocks > West Virginia,https://www.mountainproject.com/route/106032027/silent-but-deadly,2,Trad,5.10+,1,40,38.8353,-79.36614
108231713,Touch and Go,Southeast Corner > South Peak - East Face > Seneca Rocks > West Virginia,https://www.mountainproject.com/route/108231713/touch-and-go,2,"Trad, Sport",5.10c/d,1,100,38.83343,-79.36659
110763124,Kosher Critter,South Peak West Face (Main Area) > South Peak - West Face > Seneca Rocks > West Virginia,https://www.mountainproject.com/route/110763124/kosher-critter,2,Trad,5.10d,1,45,38.83453,-79.36677
112319230,Six Gun Serenade,Whippoorwill > Summersville (Gauley River) Area > The New River Gorge Region > West Virginia,https://www.mountainproject.com/route/112319230/six-gun-serenade,2,Trad,5.10c,1,70,38.2338,-80.8552
110525739,Faith Crack,Zealous Area > Junkyard Area > New River Gorge Proper > The New River Gorge Region > West Virginia,https://www.mountainproject.com/route/110525739/faith-crack,2,Trad,5.10c,1,50,38.08435,-81.08108
110727890,Hopeful Illusions,Upper Broadway > South Peak - East Face > Seneca Rocks > West Virginia,https://www.mountainproject.com/route/110727890/hopeful-illusions,2,Trad,5.10+,1,90,38.8344,-79.36659
120191397,Natural Selection,2 Toxic Hueco Area > Lower Meadow > Meadow River Gorge > The New River Gorge Region > West Virginia,https://www.mountainproject.com/route/120191397/natural-selection,2.4,Trad,5.10c,1,60,38.15323,-80.93233
112919988,Angry Angles,Lower Slabs > Seneca Rocks > West Virginia,https://www.mountainproject.com/route/112919988/angry-angles,2,"Trad, TR",5.10d R,1,45,38.83609,-79.36621
112923684,Aquariun Conspiracy,C) Fern Cirque > Endless Wall > New River Gorge Proper > The New River Gorge Region > West Virginia,https://www.mountainproject.com/route/112923684/aquariun-conspiracy,2,Trad,5.10c,1,80,38.05552,-81.06155
107924155,Tree Hugger,04. Rigor Wall > Bozoo > Southern WV > West Virginia,https://www.mountainproject.com/route/107924155/tree-hugger,2,"Trad, TR",5.10,1,30,37.4799,-80.8692
107048766,The Vertex,7 The Pinnacle > Bridge Area > New River Gorge Proper > The New River Gorge Region > West Virginia,https://www.mountainproject.com/route/107048766/the-vertex,2,Trad,5.10c/d R,1,100,38.08015,-81.08012
107524601,Van Idle Route 2,Impact Zone > Main Wall > Franklin Gorge > Eastern WV > West Virginia,https://www.mountainproject.com/route/107524601/van-idle-route-2,2,Sport,5.10b,1,50,38.66516,-79.32026
106179842,Dumbolt County,11. Bubba Buttress > Bubba City > New River Gorge Proper > The New River Gorge Region > West Virginia,https://www.mountainproject.com/route/106179842/dumbolt-county,2,Trad,5.10b,1,60,38.09087,-81.08835
117698680,1 Tan Wall | 8680,1 Tan Wall > Lower Meadow > Meadow River Gorge > The New River Gorge Region > West Virginia,https://www.mountainproject.com/route/117698680/1-tan-wall-8680,2,Trad,5.10b,1,45,38.15273,-80.92798
120737332,Salt The Earth,Land of the Lost > Cotton Hill > New River Gorge Proper > The New River Gorge Region > West Virginia,https://www.mountainproject.com/route/120737332/salt-the-earth,2,Trad,5.10b,1,40,38.11581,-81.13425
121588387,Godzilla and Little Foot,Whippoorwill > Summersville (Gauley River) Area > The New River Gorge Region > West Virginia,https://www.mountainproject.com/route/121588387/godzilla-and-little-foot,2.1,Sport,5.10,1,30,38.2338,-80.8552
119665831,Beach Boy,Long Point > Summersville (Gauley River) Area > The New River Gorge Region > West Virginia,https://www.mountainproject.com/route/119665831/beach-boy,2.3,Sport,5.10b,1,35,38.22643,-80.85637
121032889,Bowling for Buzzards,Reeds Creek > Eastern WV > West Virginia,https://www.mountainproject.com/route/121032889/bowling-for-buzzards,2,Sport,5.10b/c,1,70,38.785,-79.288
121588329,Subdivisions,Whippoorwill > Summersville (Gauley River) Area > The New River Gorge Region > West Virginia,https://www.mountainproject.com/route/121588329/subdivisions,2,Sport,5.10,1,35,38.2338,-80.8552
122480134,Hunting Unicorns,Entrance Walls. > Smoke Hole Canyon > Eastern WV > West Virginia,https://www.mountainproject.com/route/122480134/hunting-unicorns,3.1,Sport,5.10b/c,1,NA,38.80891,-79.28054
119715625,Krokodili Dolaze,Long Point > Summersville (Gauley River) Area > The New River Gorge Region > West Virginia,https://www.mountainproject.com/route/119715625/krokodili-dolaze,2,Sport,5.10d,1,60,38.22643,-80.85637
121337686,Flying Circus,The Old Hemlock Grove > South Peak - West Face > Seneca Rocks > West Virginia,https://www.mountainproject.com/route/121337686/flying-circus,2,"Trad, TR",5.10c/d PG13,1,75,38.83373,-79.36708
119672253,Huaqueros,Whippoorwill > Summersville (Gauley River) Area > The New River Gorge Region > West Virginia,https://www.mountainproject.com/route/119672253/huaqueros,2,Trad,5.10c,1,60,38.2338,-80.8552
121779903,Reservations and Mild Life,Fern Gully > Fern Buttress > New River Gorge Proper > The New River Gorge Region > West Virginia,https://www.mountainproject.com/route/121779903/reservations-and-mild-life,2,Trad,5.10,1,55,38.06245,-81.06988
121779288,Bland Space,Fern Gully > Fern Buttress > New River Gorge Proper > The New River Gorge Region > West Virginia,https://www.mountainproject.com/route/121779288/bland-space,2,Trad,5.10+,1,55,38.06245,-81.06988
107603824,Enteruptus,Junkyard Wall > Junkyard Area > New River Gorge Proper > The New River Gorge Region > West Virginia,https://www.mountainproject.com/route/107603824/enteruptus,1.8,Trad,5.10b,1,70,38.08299,-81.08043
116211721,High Carbon,Big Blocks > Sunset Wall Area > Roadside > Coopers Rock State Forest > Northern WV > West Virginia,https://www.mountainproject.com/route/116211721/high-carbon,2,TR,5.10,1,25,39.63509,-79.81075
116606271,I Dream of Gina,North Peak - East Face > Seneca Rocks > West Virginia,https://www.mountainproject.com/route/116606271/i-dream-of-gina,2,Trad,5.10b,1,50,38.83537,-79.36542
120726669,The Rowdy Goose,Southern Pillar - East Side > Southern Pillar > Seneca Rocks > West Virginia,https://www.mountainproject.com/route/120726669/the-rowdy-goose,2,Trad,5.10,1,55,38.83257,-79.36727
121779254,Mild Seed,Fern Gully > Fern Buttress > New River Gorge Proper > The New River Gorge Region > West Virginia,https://www.mountainproject.com/route/121779254/mild-seed,2,Trad,5.10,1,60,38.06245,-81.06988
120704906,"The Americans, Baby",F) Flash Point Area > Endless Wall > New River Gorge Proper > The New River Gorge Region > West Virginia,https://www.mountainproject.com/route/120704906/the-americans-baby,2,Trad,5.10c R,1,90,38.05354,-81.06018
110430283,Mowed Out Mama,M) Fantasy Area > Endless Wall > New River Gorge Proper > The New River Gorge Region > West Virginia,https://www.mountainproject.com/route/110430283/mowed-out-mama,2,Trad,5.10c,1,110,38.05596,-81.05393
112319293,Cowboy,Whippoorwill > Summersville (Gauley River) Area > The New River Gorge Region > West Virginia,https://www.mountainproject.com/route/112319293/cowboy,2,Trad,5.10b,1,70,38.2338,-80.8552
107899980,Back to the Known,Whippoorwill > Summersville (Gauley River) Area > The New River Gorge Region > West Virginia,https://www.mountainproject.com/route/107899980/back-to-the-known,3.3,Sport,5.10+,1,90,38.2338,-80.8552
122598661,Hot Flash,3) The Brain > Beauty Mountain > New River Gorge Proper > The New River Gorge Region > West Virginia,https://www.mountainproject.com/route/122598661/hot-flash,2.5,Trad,5.10c,1,60,38.05452,-81.03346
113625570,Bugerschnatz,Bimbo Buttress > Bubba City > New River Gorge Proper > The New River Gorge Region > West Virginia,https://www.mountainproject.com/route/113625570/bugerschnatz,2,Sport,5.10d,1,50,38.09332,-81.09376
122618515,Irrelevance,North Peak - West Face > Seneca Rocks > West Virginia,https://www.mountainproject.com/route/122618515/irrelevance,2,Trad,5.10d R,1,90,38.8353,-79.36614
109544310,Question of Integrity,Gauley Crag > Summersville (Gauley River) Area > The New River Gorge Region > West Virginia,https://www.mountainproject.com/route/109544310/question-of-integrity,2,Trad,5.10c,1,60,38.20387,-80.89914
107801323,Psycho Warfare,North Peak - West Face > Seneca Rocks > West Virginia,https://www.mountainproject.com/route/107801323/psycho-warfare,2,Trad,5.10c X,1,NA,38.8353,-79.36614
106037088,Churning in the Huecos,Junkyard Wall > Junkyard Area > New River Gorge Proper > The New River Gorge Region > West Virginia,https://www.mountainproject.com/route/106037088/churning-in-the-huecos,2,Trad,5.10d,1,60,38.08299,-81.08043
107918921,Cam-O-Rama,03. Double-Tier Wall > Bozoo > Southern WV > West Virginia,https://www.mountainproject.com/route/107918921/cam-o-rama,2,Trad,5.10,1,40,37.4802,-80.8699
107963361,Alaskan Vacation,04. Rigor Wall > Bozoo > Southern WV > West Virginia,https://www.mountainproject.com/route/107963361/alaskan-vacation,2,Trad,5.10,1,40,37.4799,-80.8692
107820084,And God Created All Men Equal,Lower Slabs > Seneca Rocks > West Virginia,https://www.mountainproject.com/route/107820084/and-god-created-all-men-equal,2,Trad,5.10c,1,90,38.83609,-79.36621
107922747,C-section,09. White Wall > Bozoo > Southern WV > West Virginia,https://www.mountainproject.com/route/107922747/c-section,2,TR,5.10,1,55,37.4784,-80.8652
107946039,(flake to face),10. Savory Area > Bozoo > Southern WV > West Virginia,https://www.mountainproject.com/route/107946039/flake-to-face,2,"Trad, TR",5.10,1,45,37.4781,-80.8644
107899530,K.P. Corner,07. Necro Wall > Bozoo > Southern WV > West Virginia,https://www.mountainproject.com/route/107899530/kp-corner,2,Trad,5.10b,1,60,37.4784,-80.8668
107918976,Doppleganger,07. Necro Wall > Bozoo > Southern WV > West Virginia,https://www.mountainproject.com/route/107918976/doppleganger,2,Trad,5.10b,1,65,37.4784,-80.8668
121603049,Resilience,Land of the Lost > Cotton Hill > New River Gorge Proper > The New River Gorge Region > West Virginia,https://www.mountainproject.com/route/121603049/resilience,2.2,Sport,5.10c,1,80,38.11581,-81.13425
110727841,Terminal Velocity,Upper Broadway > South Peak - East Face > Seneca Rocks > West Virginia,https://www.mountainproject.com/route/110727841/terminal-velocity,2,Trad,5.10d,1,75,38.8344,-79.36659
121676392,34D,"34D Wall > West Face, East Fin > Nelson Rocks > Eastern WV > West Virginia",https://www.mountainproject.com/route/121676392/34d,2,Sport,5.10b,1,NA,38.6961,-79.46436
123972892,Racknaphobia,Overlooked Wall > North Fork Mountain Headwall > Eastern WV > West Virginia,https://www.mountainproject.com/route/123972892/racknaphobia,3,Trad,5.10b,1,60,38.9845,-79.23728
124535689,Close to the Edge,Shale City > Huntington/Barboursville > Southern WV > West Virginia,https://www.mountainproject.com/route/124535689/close-to-the-edge,2.2,"Sport, TR",5.10b R,1,30,38.39316,-82.30612
125449187,Tita,4. Third Buttress > Upper Meadow > Meadow River Gorge > The New River Gorge Region > West Virginia,https://www.mountainproject.com/route/125449187/tita,2.8,Sport,5.10b,1,75,38.14336,-80.91556
125650254,Lost In The Sauce,Whippoorwill > Summersville (Gauley River) Area > The New River Gorge Region > West Virginia,https://www.mountainproject.com/route/125650254/lost-in-the-sauce,2,Sport,5.10b,1,55,38.2338,-80.8552
125906290,Etos-Patos-Bigos-Polmos,Long Point > Summersville (Gauley River) Area > The New River Gorge Region > West Virginia,https://www.mountainproject.com/route/125906290/etos-patos-bigos-polmos,2,Sport,5.10b,1,60,38.22643,-80.85637
127359931,Gabriel's Horn,Copperhead Cove > Smoke Hole Canyon > Eastern WV > West Virginia,https://www.mountainproject.com/route/127359931/gabriels-horn,2.5,Sport,5.10b,1,30,38.08601,-79.60281
202024060,Headless Mouse Memorial,South Nuttall > New River Gorge Proper > The New River Gorge Region > West Virginia,https://www.mountainproject.com/route/202024060/headless-mouse-memorial,3,Trad,5.10b,1,80,38.0416,-81.0376
124198465,Breadcrumb Trail,G) Diamond Point > Endless Wall > New River Gorge Proper > The New River Gorge Region > West Virginia,https://www.mountainproject.com/route/124198465/breadcrumb-trail,2,Trad,5.10 PG13,1,80,38.05317,-81.05956
125117586,Hyperactive,South Nuttall > New River Gorge Proper > The New River Gorge Region > West Virginia,https://www.mountainproject.com/route/125117586/hyperactive,4,Trad,5.10,1,90,38.0416,-81.0376
125693097,Rattlesnake Flake,Rattlesnake Point > Coopers Rock State Forest > Northern WV > West Virginia,https://www.mountainproject.com/route/125693097/rattlesnake-flake,4,"Trad, TR",5.10 PG13,1,45,39.64013,-79.82325
127203126,Holey Diver,Ninja Wall > Guide Wall > Smoke Hole Canyon > Eastern WV > West Virginia,https://www.mountainproject.com/route/127203126/holey-diver,3,Sport,5.10,1,50,38.87567,-79.26769
200229033,Ponyboy,0. The Bubba Nest > Bubba City > New River Gorge Proper > The New River Gorge Region > West Virginia,https://www.mountainproject.com/route/200229033/ponyboy,4,Trad,5.10,1,85,38.10257,-81.09713
200466826,Stay Gold,0. The Bubba Nest > Bubba City > New River Gorge Proper > The New River Gorge Region > West Virginia,https://www.mountainproject.com/route/200466826/stay-gold,4,Trad,5.10,1,85,38.10257,-81.09713
200468790,What Would Eddie Do?,Reeds Creek > Eastern WV > West Virginia,https://www.mountainproject.com/route/200468790/what-would-eddie-do,2,Trad,5.10,1,65,38.785,-79.288
200605431,Simaran,5.10 Wall > Terry Buttress > Needleseye Roped Climbing > Needleseye Boulder Park > The New River Gorge Region > West Virginia,https://www.mountainproject.com/route/200605431/simaran,2,Sport,5.10,1,50,37.98074,-81.12593
127203237,Pon Hoss,Ninja Wall > Guide Wall > Smoke Hole Canyon > Eastern WV > West Virginia,https://www.mountainproject.com/route/127203237/pon-hoss,2,Sport,5.10b/c,1,40,38.87567,-79.26769
200468768,Dirty Gypsy Boy,Reeds Creek > Eastern WV > West Virginia,https://www.mountainproject.com/route/200468768/dirty-gypsy-boy,2,Trad,5.10b/c,1,40,38.785,-79.288
200605452,Borne,5.10 Wall > Terry Buttress > Needleseye Roped Climbing > Needleseye Boulder Park > The New River Gorge Region > West Virginia,https://www.mountainproject.com/route/200605452/borne,3,Sport,5.10b/c,1,70,37.98074,-81.12593
201191630,Mental Block,Southern Pillar - West Side > Southern Pillar > Seneca Rocks > West Virginia,https://www.mountainproject.com/route/201191630/mental-block,3,Trad,5.10b/c,1,50,38.83261,-79.36748
123599688,Wingsuit,Whippoorwill > Summersville (Gauley River) Area > The New River Gorge Region > West Virginia,https://www.mountainproject.com/route/123599688/wingsuit,2,Sport,5.10c,1,65,38.2338,-80.8552
125055647,Inky Ribbons,Circus Wall > Summersville Lake (main) > Summersville (Gauley River) Area > The New River Gorge Region > West Virginia,https://www.mountainproject.com/route/125055647/inky-ribbons,2,Sport,5.10c,1,55,38.24291,-80.8361
125145542,Broken Vowels,South Nuttall > New River Gorge Proper > The New River Gorge Region > West Virginia,https://www.mountainproject.com/route/125145542/broken-vowels,3.2,Trad,5.10c,1,90,38.0416,-81.0376
125274423,Bounce,6. Cambodia > Upper Meadow > Meadow River Gorge > The New River Gorge Region > West Virginia,https://www.mountainproject.com/route/125274423/bounce,2.3,Sport,5.10c,1,50,38.13843,-80.90748
125300334,Necromancer,Sunshine Buttress > New River Gorge Proper > The New River Gorge Region > West Virginia,https://www.mountainproject.com/route/125300334/necromancer,2,Sport,5.10c,1,30,38.0752,-81.0891
125431842,Mitogenom,The Satisfaction Wall > Summersville Lake (main) > Summersville (Gauley River) Area > The New River Gorge Region > West Virginia,https://www.mountainproject.com/route/125431842/mitogenom,2,Trad,5.10c,1,60,38.24161,-80.8422
125474201,The Surplus,Gun Wall > Summersville Lake (main) > Summersville (Gauley River) Area > The New River Gorge Region > West Virginia,https://www.mountainproject.com/route/125474201/the-surplus,2.3,Sport,5.10c,1,30,38.2418,-80.84524
125476573,YYZ,Whippoorwill > Summersville (Gauley River) Area > The New River Gorge Region > West Virginia,https://www.mountainproject.com/route/125476573/yyz,2,Sport,5.10c,1,70,38.2338,-80.8552
125504871,Nocturnal Efforts,Piney Creek Watershed > The New River Gorge Region > West Virginia,https://www.mountainproject.com/route/125504871/nocturnal-efforts,3,Sport,5.10c,1,70,37.79566,-81.14446
127263821,Wave to the Chief,Long Point > Summersville (Gauley River) Area > The New River Gorge Region > West Virginia,https://www.mountainproject.com/route/127263821/wave-to-the-chief,3,Sport,5.10c,1,70,38.22643,-80.85637
200663323,Glory Slot,Long Point > Summersville (Gauley River) Area > The New River Gorge Region > West Virginia,https://www.mountainproject.com/route/200663323/glory-slot,4,Trad,5.10c,1,70,38.22643,-80.85637
201702345,Sad Layer,Carnifex Ferry > Summersville (Gauley River) Area > The New River Gorge Region > West Virginia,https://www.mountainproject.com/route/201702345/sad-layer,2,Sport,5.10c,1,35,38.19693,-80.94463
202109979,Cranial Rectalasia,South Nuttall > New River Gorge Proper > The New River Gorge Region > West Virginia,https://www.mountainproject.com/route/202109979/cranial-rectalasia,3,Trad,5.10c,1,90,38.0416,-81.0376
202230810,The Reckoning,South Nuttall > New River Gorge Proper > The New River Gorge Region > West Virginia,https://www.mountainproject.com/route/202230810/the-reckoning,3,Trad,5.10c,1,80,38.0416,-81.0376
125098548,Cracklings,Pork Palace > Smoke Hole Canyon > Eastern WV > West Virginia,https://www.mountainproject.com/route/125098548/cracklings,2.7,TR,5.10+,1,40,38.81352,-79.28219
127049091,BUCKETS,Lost World > Summersville (Gauley River) Area > The New River Gorge Region > West Virginia,https://www.mountainproject.com/route/127049091/buckets,3,Trad,5.10+,1,65,38.2274,-80.85231
200660162,The Assassin,Eminence Wall > Terry Buttress > Needleseye Roped Climbing > Needleseye Boulder Park > The New River Gorge Region > West Virginia,https://www.mountainproject.com/route/200660162/the-assassin,2.5,Sport,5.10+,1,55,37.98097,-81.12532
200616806,Mat's Arete,Needleseye Boulder > Central Needleseye > Needleseye Roped Climbing > Needleseye Boulder Park > The New River Gorge Region > West Virginia,https://www.mountainproject.com/route/200616806/mats-arete,2.5,Sport,5.10+,1,45,37.98178,-81.11473
201274005,Smooth Criminal,Long Point > Summersville (Gauley River) Area > The New River Gorge Region > West Virginia,https://www.mountainproject.com/route/201274005/smooth-criminal,3,Trad,5.10+,1,80,38.22643,-80.85637
201797284,Rozalia's Turnip,Long Point > Summersville (Gauley River) Area > The New River Gorge Region > West Virginia,https://www.mountainproject.com/route/201797284/rozalias-turnip,2,Sport,5.10+,1,45,38.22643,-80.85637
124001033,Mare Imbrium,Reeds Creek > Eastern WV > West Virginia,https://www.mountainproject.com/route/124001033/mare-imbrium,2.3,Sport,5.10c/d X,1,55,38.785,-79.288
124285979,Natural Selection,North Peak - West Face > Seneca Rocks > West Virginia,https://www.mountainproject.com/route/124285979/natural-selection,4,Sport,5.10d,1,90,38.8353,-79.36614
124524005,Underground Phat Party Bloodhound,North Peak - West Face > Seneca Rocks > West Virginia,https://www.mountainproject.com/route/124524005/underground-phat-party-bloodhound,2,Trad,5.10d,1,70,38.8353,-79.36614
125097851,Pigs in Heaven,Pork Palace > Smoke Hole Canyon > Eastern WV > West Virginia,https://www.mountainproject.com/route/125097851/pigs-in-heaven,3,Sport,5.10d,1,97,38.81352,-79.28219
125099008,Never Sweat,2 Toxic Hueco Area > Lower Meadow > Meadow River Gorge > The New River Gorge Region > West Virginia,https://www.mountainproject.com/route/125099008/never-sweat,2,Sport,5.10d,1,70,38.15323,-80.93233
125681810,The Gift of Gad,Long Point > Summersville (Gauley River) Area > The New River Gorge Region > West Virginia,https://www.mountainproject.com/route/125681810/the-gift-of-gad,3.3,Sport,5.10d,1,80,38.22643,-80.85637
127216227,The Analog Kid,Whippoorwill > Summersville (Gauley River) Area > The New River Gorge Region > West Virginia,https://www.mountainproject.com/route/127216227/the-analog-kid,3,Sport,5.10d,1,60,38.2338,-80.8552
127220344,Origin of Species,Land of the Lost > Cotton Hill > New River Gorge Proper > The New River Gorge Region > West Virginia,https://www.mountainproject.com/route/127220344/origin-of-species,2,Sport,5.10d,1,90,38.11581,-81.13425
127296438,Truco o Trato,Long Point > Summersville (Gauley River) Area > The New River Gorge Region > West Virginia,https://www.mountainproject.com/route/127296438/truco-o-trato,3,Sport,5.10d,1,70,38.22643,-80.85637
200619646,Digital Man,Whippoorwill > Summersville (Gauley River) Area > The New River Gorge Region > West Virginia,https://www.mountainproject.com/route/200619646/digital-man,2.8,Sport,5.10d,1,70,38.2338,-80.8552
200625499,DRP,The Prow > Terry Buttress > Needleseye Roped Climbing > Needleseye Boulder Park > The New River Gorge Region > West Virginia,https://www.mountainproject.com/route/200625499/drp,2,Sport,5.10d,1,45,37.98119,-81.12512
200691262,Ezekial's Wheel,Entrance Walls. > Smoke Hole Canyon > Eastern WV > West Virginia,https://www.mountainproject.com/route/200691262/ezekials-wheel,3.5,Sport,5.10d,1,45,38.80891,-79.28054
202106398,Drunken Goat,Long Point > Summersville (Gauley River) Area > The New River Gorge Region > West Virginia,https://www.mountainproject.com/route/202106398/drunken-goat,3,Sport,5.10d,1,90,38.22643,-80.85637
