route,location,url,avg_stars,route_type,rating,pitches,length,y,x
Crescent Crack,Devil Boulder > West Side Boulders > Rumbling Bald Bouldering > Rumbling Bald > 1. Southern Mountains Region > North Carolina,https://www.mountainproject.com/route/106923851/crescent-crack,3.6,Boulder,V2,1,15,35.44977,-82.21876
Basketball Mantle,Shady Grove > Hull Area > West Side Boulders > Rumbling Bald Bouldering > Rumbling Bald > 1. Southern Mountains Region > North Carolina,https://www.mountainproject.com/route/106924367/basketball-mantle,3.5,Boulder,V3,1,NA,35.4508,-82.21909
Black Slab Right,Cave Boulder > West Side Boulders > Rumbling Bald Bouldering > Rumbling Bald > 1. Southern Mountains Region > North Carolina,https://www.mountainproject.com/route/106700575/black-slab-right,3,Boulder,V3,1,NA,35.45016,-82.21828
Captain Aslab,Moby Dick Boulder > West Side Boulders > Rumbling Bald Bouldering > Rumbling Bald > 1. Southern Mountains Region > North Carolina,https://www.mountainproject.com/route/106923897/captain-aslab,2.9,Boulder,V2,1,15,35.34877,-82.16269
Short Crack,Short Crack Boulder > West Side Boulders > Rumbling Bald Bouldering > Rumbling Bald > 1. Southern Mountains Region > North Carolina,https://www.mountainproject.com/route/106923905/short-crack,2.9,Boulder,5.8- V2-,1,10,35.44986,-82.21903
Classic Overhang,Classic Overhang > West Side Boulders > Rumbling Bald Bouldering > Rumbling Bald > 1. Southern Mountains Region > North Carolina,https://www.mountainproject.com/route/108548398/classic-overhang,3.8,Boulder,V3,1,15,35.14451,-82.04893
Center 45,45 Degree Wall > Blowing Rock Boulders > 2. Northern Mountains Region > North Carolina,https://www.mountainproject.com/route/107074873/center-45,3.6,Boulder,V3,1,NA,36.00765,-81.83629
The Ladder,Cave Boulder > West Side Boulders > Rumbling Bald Bouldering > Rumbling Bald > 1. Southern Mountains Region > North Carolina,https://www.mountainproject.com/route/106615393/the-ladder,2.6,Boulder,V1,1,15,35.45016,-82.21828
Gone Missing,Trailside Boulder > Trailside Area > West Side Boulders > Rumbling Bald Bouldering > Rumbling Bald > 1. Southern Mountains Region > North Carolina,https://www.mountainproject.com/route/114186546/gone-missing,3.1,Boulder,V3,1,20,35.44919,-82.21852
Silver Platter,Silver Platter Boulder > East Side Boulders > Rumbling Bald Bouldering > Rumbling Bald > 1. Southern Mountains Region > North Carolina,https://www.mountainproject.com/route/106652741/silver-platter,3.9,Boulder,V2,1,NA,35.44897,-82.2143
Oh-V1-Kenobi,Masterlock Boulder > Central Area > Sentinel Buttress Boulderfield > Moore's Wall (Bouldering) > Hanging Rock State Park > 3. Piedmont Region > North Carolina,https://www.mountainproject.com/route/108526195/oh-v1-kenobi,2.8,Boulder,V1,1,NA,36.39718,-80.28724
Homer,Bart Simpson Boulder > West Side Boulders > Rumbling Bald Bouldering > Rumbling Bald > 1. Southern Mountains Region > North Carolina,https://www.mountainproject.com/route/106286589/homer,2.4,Boulder,V2+,1,10,35.45044,-82.21996
V3PO,V3PO Boulder > Central Area > Sentinel Buttress Boulderfield > Moore's Wall (Bouldering) > Hanging Rock State Park > 3. Piedmont Region > North Carolina,https://www.mountainproject.com/route/108182992/v3po,2.7,Boulder,V3+,1,10,36.39713,-80.28719
Classic Overhang,Classic Overhang Boulder > Classics Patio > Lower Dixon > Dixon School Boulders > Crowders Mountain > 3. Piedmont Region > North Carolina,https://www.mountainproject.com/route/107726854/classic-overhang,3,Boulder,V2,1,20,35.17503,-81.36209
Snake Jam,Snake Jam Boulder > Gus’s Old School Jams > Upper Dixon > Dixon School Boulders > Crowders Mountain > 3. Piedmont Region > North Carolina,https://www.mountainproject.com/route/107726919/snake-jam,2.9,Boulder,V3,1,15,35.1758,-81.36001
Classic Overhang Direct,Classic Overhang Boulder > Classics Patio > Lower Dixon > Dixon School Boulders > Crowders Mountain > 3. Piedmont Region > North Carolina,https://www.mountainproject.com/route/107704884/classic-overhang-direct,3.3,Boulder,V3,1,20,35.17503,-81.36209
Shadow Figures,Cave Boulder > West Side Boulders > Rumbling Bald Bouldering > Rumbling Bald > 1. Southern Mountains Region > North Carolina,https://www.mountainproject.com/route/106615353/shadow-figures,2.4,Boulder,V1,1,15,35.45016,-82.21828
Marge,Bart Simpson Boulder > West Side Boulders > Rumbling Bald Bouldering > Rumbling Bald > 1. Southern Mountains Region > North Carolina,https://www.mountainproject.com/route/106924011/marge,2.5,Boulder,V1,1,10,35.45044,-82.21996
The Helicopter,Washing Machine Boulder > West Side Boulders > Rumbling Bald Bouldering > Rumbling Bald > 1. Southern Mountains Region > North Carolina,https://www.mountainproject.com/route/106968874/the-helicopter,3.1,Boulder,V2,1,10,35.34877,-82.16269
Cave Rave,Cave Boulder > West Side Boulders > Rumbling Bald Bouldering > Rumbling Bald > 1. Southern Mountains Region > North Carolina,https://www.mountainproject.com/route/106615401/cave-rave,2.4,Boulder,V2,1,20,35.45016,-82.21828
Heretic,Hound Ears > 2. Northern Mountains Region > North Carolina,https://www.mountainproject.com/route/111787452/heretic,4,Boulder,V3,1,18,35.6037,-79.2773
Galvatron,Decepticon Boulder > Gus’s Old School Jams > Upper Dixon > Dixon School Boulders > Crowders Mountain > 3. Piedmont Region > North Carolina,https://www.mountainproject.com/route/107754953/galvatron,3.5,Boulder,V3,1,20,35.17608,-81.35995
The Good Life,Gateway Boulders > West Side Boulders > Rumbling Bald Bouldering > Rumbling Bald > 1. Southern Mountains Region > North Carolina,https://www.mountainproject.com/route/113830075/the-good-life,3.4,Boulder,V3,1,12,35.44965,-82.21805
Shotgun Betty,Warmup Boulder > The Valley Boulderfield > Moore's Wall (Bouldering) > Hanging Rock State Park > 3. Piedmont Region > North Carolina,https://www.mountainproject.com/route/118568679/shotgun-betty,3.5,Boulder,V0,1,8,36.40123,-80.28552
2+2=5,George Orwell Boulder > Classics Patio > Lower Dixon > Dixon School Boulders > Crowders Mountain > 3. Piedmont Region > North Carolina,https://www.mountainproject.com/route/107774794/225,3,Boulder,V3,1,12,35.17485,-81.36198
Bart,Bart Simpson Boulder > West Side Boulders > Rumbling Bald Bouldering > Rumbling Bald > 1. Southern Mountains Region > North Carolina,https://www.mountainproject.com/route/106924032/bart,2.5,Boulder,V1,1,10,35.45044,-82.21996
R2-V2,R2V2 Boulder > Central Area > Sentinel Buttress Boulderfield > Moore's Wall (Bouldering) > Hanging Rock State Park > 3. Piedmont Region > North Carolina,https://www.mountainproject.com/route/109916014/r2-v2,2.6,Boulder,V2,1,12,36.39719,-80.28731
Prickly Pear,The Gym > East Side Boulders > Rumbling Bald Bouldering > Rumbling Bald > 1. Southern Mountains Region > North Carolina,https://www.mountainproject.com/route/110131750/prickly-pear,3,Boulder,V1,1,NA,35.44897,-82.2143
Classic Arete (Stand),Classic Boulder > Blowing Rock Boulders > 2. Northern Mountains Region > North Carolina,https://www.mountainproject.com/route/107597364/classic-arete-stand,3.7,Boulder,V2,1,15,36.14179,-81.70671
Mike's Slab,The Cluster > West Side Boulders > Rumbling Bald Bouldering > Rumbling Bald > 1. Southern Mountains Region > North Carolina,https://www.mountainproject.com/route/111418892/mikes-slab,3,Boulder,V3 PG13,1,25,35.4501,-82.2195
Baleen,Whale's Head Boulder > Classics Patio > Lower Dixon > Dixon School Boulders > Crowders Mountain > 3. Piedmont Region > North Carolina,https://www.mountainproject.com/route/107726829/baleen,2.3,Boulder,V2,1,8,35.17499,-81.36205
Men Are From Moore's,The Pit Area > Central Area > Sentinel Buttress Boulderfield > Moore's Wall (Bouldering) > Hanging Rock State Park > 3. Piedmont Region > North Carolina,https://www.mountainproject.com/route/112038837/men-are-from-moores,2.7,Boulder,V3,1,10,35.44931,-82.2116
Air Jesus,Hound Ears > 2. Northern Mountains Region > North Carolina,https://www.mountainproject.com/route/111808713/air-jesus,3.6,Boulder,V3,1,15,35.6037,-79.2773
The Horn,Classic Boulder > Blowing Rock Boulders > 2. Northern Mountains Region > North Carolina,https://www.mountainproject.com/route/107597355/the-horn,3.5,Boulder,V2,1,20,36.14179,-81.70671
Carolina Bamboo,Front Door Boulder > 107 Boulders > 1. Southern Mountains Region > North Carolina,https://www.mountainproject.com/route/107508292/carolina-bamboo,3.4,Boulder,V3,1,15,35.19565,-83.13872
Y-Axis,Y-Axis Boulder > Bethlehem > Lower Dixon > Dixon School Boulders > Crowders Mountain > 3. Piedmont Region > North Carolina,https://www.mountainproject.com/route/107704042/y-axis,2.6,Boulder,V1-,1,10,35.17508,-81.36241
Chrome Dome,Bold Moon preserve boulder > 3. Piedmont Region > North Carolina,https://www.mountainproject.com/route/118750600/chrome-dome,4,Boulder,V2,1,-20,36.17114,-79.65761
The Harvest,The Cluster > West Side Boulders > Rumbling Bald Bouldering > Rumbling Bald > 1. Southern Mountains Region > North Carolina,https://www.mountainproject.com/route/120595649/the-harvest,3.5,Boulder,V3+,1,20,35.4501,-82.2195
Monkey's Brain,Mushroom Boulder > Blowing Rock Boulders > 2. Northern Mountains Region > North Carolina,https://www.mountainproject.com/route/113663169/monkeys-brain,3.1,Boulder,V3,1,NA,36.00765,-81.83629
Come Out and Play,Come Out & Play Blocks > East Side Boulders > Rumbling Bald Bouldering > Rumbling Bald > 1. Southern Mountains Region > North Carolina,https://www.mountainproject.com/route/106650472/come-out-and-play,2.5,Boulder,V2,1,NA,35.44897,-82.2143
Rona,Lower Tier > Eagle Rock > 1. Southern Mountains Region > North Carolina,https://www.mountainproject.com/route/118912553/rona,4,Boulder,V1,1,12,35.4736,-82.23673
Gnarcissus,Carrboro High School Retaining Wall > Carrboro/University Lake boulders > 4. Eastern Region > North Carolina,https://www.mountainproject.com/route/118723716/gnarcissus,2.5,"TR, Boulder",5.4 V0- PG13,1,20,35.89306,-79.08592
Jenga,Jenga Boulder > The Valley Boulderfield > Moore's Wall (Bouldering) > Hanging Rock State Park > 3. Piedmont Region > North Carolina,https://www.mountainproject.com/route/115350360/jenga,4,Boulder,V2-3,1,20,36.40027,-80.28447
Crux #3 (The Finger Crack),NCSU Traverse Wall > NC States Campus > Raleigh area climbing > 4. Eastern Region > North Carolina,https://www.mountainproject.com/route/118715674/crux-3-the-finger-crack,4,Boulder,V2,1,NA,35.78376,-78.67237
Water You Talkin Bout,Creek Bed Boulder > Northside Boulders > Looking Glass Boulders > Looking Glass Rock > 1. Southern Mountains Region > North Carolina,https://www.mountainproject.com/route/120619399/water-you-talkin-bout,2.5,Boulder,V3-,1,10,35.30752,-82.78843
Beep Bops Big Birthday,Beep Bop Boulder > Looking Glass Boulders > Looking Glass Rock > 1. Southern Mountains Region > North Carolina,https://www.mountainproject.com/route/121812497/beep-bops-big-birthday,4,Boulder,V3-4,1,12,35.30446,-82.79644
Rona Direct,Lower Tier > Eagle Rock > 1. Southern Mountains Region > North Carolina,https://www.mountainproject.com/route/118912604/rona-direct,4,Boulder,V2,1,12,35.4736,-82.23673
Slurpee Slab,Beep Bop Boulder > Looking Glass Boulders > Looking Glass Rock > 1. Southern Mountains Region > North Carolina,https://www.mountainproject.com/route/121812511/slurpee-slab,4,Boulder,V2-3,1,8,35.30446,-82.79644
Trad Problem,Trad Boulder > Weaver Knob Boulders > 2. Northern Mountains Region > North Carolina,https://www.mountainproject.com/route/121966021/trad-problem,4,Boulder,V0 R,1,40,35.96517,-82.48083
No Fault Line,Tatanka Boulder > Buffalo Creek Park > 1. Southern Mountains Region > North Carolina,https://www.mountainproject.com/route/120407530/no-fault-line,3.5,Boulder,V2,1,NA,35.48153,-82.18871
Weed Patch Crack,Weed Patch Boulders > Weed Patch Mountain Trail Boulders > Eagle Rock > 1. Southern Mountains Region > North Carolina,https://www.mountainproject.com/route/116159694/weed-patch-crack,4,Boulder,V2,1,15,35.47678,-82.23175
Poison Ivy Sit Start,The Nettles are Stinging My Legs Boulder > Wolf Branch/Rich Knob > 2. Northern Mountains Region > North Carolina,https://www.mountainproject.com/route/121003243/poison-ivy-sit-start,4,Boulder,V1-2,1,12,35.6695,-82.44686
Dark Corner aka Moonshine Arete,Dark Corner Boulder > Second/Many Boulders > Stony Bald > 1. Southern Mountains Region > North Carolina,https://www.mountainproject.com/route/107734149/dark-corner-aka-moonshine-arete,4,Boulder,V3-4,1,NA,35.4353,-82.7291
Unclimbed Arete,Unclimbed Highball Boulder > Unclimbed Boulders > Stony Bald > 1. Southern Mountains Region > North Carolina,https://www.mountainproject.com/route/107686613/unclimbed-arete,4,Boulder,V3,1,NA,35.43618,-82.72854
Lisa,Bart Simpson Boulder > West Side Boulders > Rumbling Bald Bouldering > Rumbling Bald > 1. Southern Mountains Region > North Carolina,https://www.mountainproject.com/route/106924018/lisa,2.3,Boulder,V1,1,10,35.45044,-82.21996
Spence Ridge Fin,Wonderland > Spence Ridge Access > Linville Gorge Bouldering > Linville Gorge > 2. Northern Mountains Region > North Carolina,https://www.mountainproject.com/route/114273308/spence-ridge-fin,3.8,Boulder,V3-4,1,20,35.89938,-81.89993
Immaculate Face,Devil Boulder > West Side Boulders > Rumbling Bald Bouldering > Rumbling Bald > 1. Southern Mountains Region > North Carolina,https://www.mountainproject.com/route/114191197/immaculate-face,2.9,Boulder,V2,1,10,35.44977,-82.21876
Bobba Threat,Zschiesche's Corridor Left Side > Central Area > Sentinel Buttress Boulderfield > Moore's Wall (Bouldering) > Hanging Rock State Park > 3. Piedmont Region > North Carolina,https://www.mountainproject.com/route/112825188/bobba-threat,3.4,Boulder,V2,1,15,36.397,-80.28752
Exponential,Y-Axis Boulder > Bethlehem > Lower Dixon > Dixon School Boulders > Crowders Mountain > 3. Piedmont Region > North Carolina,https://www.mountainproject.com/route/107704026/exponential,2.4,Boulder,V1,1,15,35.17508,-81.36241
Unicron,Decepticon Boulder > Gus’s Old School Jams > Upper Dixon > Dixon School Boulders > Crowders Mountain > 3. Piedmont Region > North Carolina,https://www.mountainproject.com/route/107754965/unicron,2.4,Boulder,V3,1,10,35.17608,-81.35995
Poison Arete,Gettysburg Boulder > East Side Boulders > Rumbling Bald Bouldering > Rumbling Bald > 1. Southern Mountains Region > North Carolina,https://www.mountainproject.com/route/106652745/poison-arete,3.2,Boulder,V1,1,NA,35.44897,-82.2143
Iris,Trailside Boulder > Trailside Area > West Side Boulders > Rumbling Bald Bouldering > Rumbling Bald > 1. Southern Mountains Region > North Carolina,https://www.mountainproject.com/route/111418581/iris,2.6,Boulder,V1,1,25,35.44919,-82.21852
Hypotenuse,Y-Axis Boulder > Bethlehem > Lower Dixon > Dixon School Boulders > Crowders Mountain > 3. Piedmont Region > North Carolina,https://www.mountainproject.com/route/107704016/hypotenuse,2.8,Boulder,V3,1,15,35.17508,-81.36241
45 wedge,Backyard Boulder > Pride Lands > Upper Dixon > Dixon School Boulders > Crowders Mountain > 3. Piedmont Region > North Carolina,https://www.mountainproject.com/route/114121817/45-wedge,3.1,Boulder,V2-3,1,5,35.17666,-81.35884
Rattler,Snake Jam Boulder > Gus’s Old School Jams > Upper Dixon > Dixon School Boulders > Crowders Mountain > 3. Piedmont Region > North Carolina,https://www.mountainproject.com/route/107726889/rattler,2.4,Boulder,V2,1,15,35.1758,-81.36001
Third-Degree,Incinerator Boulder > TMI > Lower Dixon > Dixon School Boulders > Crowders Mountain > 3. Piedmont Region > North Carolina,https://www.mountainproject.com/route/107815144/third-degree,3.1,Boulder,V3,1,25,35.17529,-81.36123
Sexual Chocolate,Warmup Boulder > The Valley Boulderfield > Moore's Wall (Bouldering) > Hanging Rock State Park > 3. Piedmont Region > North Carolina,https://www.mountainproject.com/route/112039043/sexual-chocolate,2.5,Boulder,V2,1,12,36.40123,-80.28552
The Diamond,Stigmata Boulder > Two Mile Boulderfield > Hanging Rock State Park > 3. Piedmont Region > North Carolina,https://www.mountainproject.com/route/113903187/the-diamond,3.1,Boulder,V2,1,NA,36.38623,-80.29532
Hostess With The Mostest,French Maid Area > West Side Boulders > Rumbling Bald Bouldering > Rumbling Bald > 1. Southern Mountains Region > North Carolina,https://www.mountainproject.com/route/118641708/hostess-with-the-mostest,3.2,Boulder,V0,1,15,35.45007,-82.21986
Fitness,The Gym > East Side Boulders > Rumbling Bald Bouldering > Rumbling Bald > 1. Southern Mountains Region > North Carolina,https://www.mountainproject.com/route/112413670/fitness,3,Boulder,V2,1,15,35.44897,-82.2143
The Greenness,Eco Terrorism Boulder > Trailside Boulderfield > Sentinel Buttress Boulderfield > Moore's Wall (Bouldering) > Hanging Rock State Park > 3. Piedmont Region > North Carolina,https://www.mountainproject.com/route/121712715/the-greenness,3.1,Boulder,V2,1,NA,36.39868,-80.28656
Dynomantle,Robotto Boulder > Two Mile Boulderfield > Hanging Rock State Park > 3. Piedmont Region > North Carolina,https://www.mountainproject.com/route/112410213/dynomantle,2.9,Boulder,V2,1,NA,36.38609,-80.29572
The Gathering,The Cluster > West Side Boulders > Rumbling Bald Bouldering > Rumbling Bald > 1. Southern Mountains Region > North Carolina,https://www.mountainproject.com/route/111418906/the-gathering,2.6,Boulder,V3-,1,20,35.4501,-82.2195
Back Splinters,Old Folks Home > Gus’s Old School Jams > Upper Dixon > Dixon School Boulders > Crowders Mountain > 3. Piedmont Region > North Carolina,https://www.mountainproject.com/route/107789250/back-splinters,2.9,Boulder,V1,1,NA,35.17592,-81.36014
St. Peter,Gateway Boulders > West Side Boulders > Rumbling Bald Bouldering > Rumbling Bald > 1. Southern Mountains Region > North Carolina,https://www.mountainproject.com/route/107948796/st-peter,2.8,Boulder,V2,1,15,35.44965,-82.21805
Boone Swoon,Greenway Boulder > Boone Greenway Trail Boulders > 2. Northern Mountains Region > North Carolina,https://www.mountainproject.com/route/116958137/boone-swoon,3.5,Boulder,V2,1,20,36.213,-81.64719
Liking The Tree,Liking The Lichen Boulder > Two Mile Boulderfield > Hanging Rock State Park > 3. Piedmont Region > North Carolina,https://www.mountainproject.com/route/118889444/liking-the-tree,3.5,Boulder,V2 PG13,1,18,36.3902,-80.2954
Straight to the Dome.,Bold Moon preserve boulder > 3. Piedmont Region > North Carolina,https://www.mountainproject.com/route/118750549/straight-to-the-dome,2.7,Boulder,V2-,1,20,36.17114,-79.65761
The Diamond Left,Stigmata Boulder > Two Mile Boulderfield > Hanging Rock State Park > 3. Piedmont Region > North Carolina,https://www.mountainproject.com/route/112418345/the-diamond-left,2.8,Boulder,V2,1,NA,36.38623,-80.29532
Bottle Rocket War,Fireworks Boulder > First Boulders > Stony Bald > 1. Southern Mountains Region > North Carolina,https://www.mountainproject.com/route/107686114/bottle-rocket-war,3.5,Boulder,V1-,1,NA,35.43635,-82.72623
Welcome to Dixon,TMI Boulder > TMI > Lower Dixon > Dixon School Boulders > Crowders Mountain > 3. Piedmont Region > North Carolina,https://www.mountainproject.com/route/107815087/welcome-to-dixon,2.7,Boulder,V0-,1,25,35.17529,-81.36139
Extension Ladder,Cave Boulder > West Side Boulders > Rumbling Bald Bouldering > Rumbling Bald > 1. Southern Mountains Region > North Carolina,https://www.mountainproject.com/route/118072728/extension-ladder,2.6,Boulder,V1-2,1,NA,35.45016,-82.21828
Icky Thump,White Stripes Boulder > Bethlehem > Lower Dixon > Dixon School Boulders > Crowders Mountain > 3. Piedmont Region > North Carolina,https://www.mountainproject.com/route/107778350/icky-thump,2.5,Boulder,V1,1,12,35.17478,-81.36243
Hades Hemorrhage,Zeus Eye Boulder > Bethlehem > Lower Dixon > Dixon School Boulders > Crowders Mountain > 3. Piedmont Region > North Carolina,https://www.mountainproject.com/route/107773590/hades-hemorrhage,2.9,Boulder,V3,1,13,35.17467,-81.36242
The Brink,The Brink > The Valley Boulderfield > Moore's Wall (Bouldering) > Hanging Rock State Park > 3. Piedmont Region > North Carolina,https://www.mountainproject.com/route/118624252/the-brink,3.1,Boulder,V0,1,10,36.40231,-80.28532
Pancakes,Mushroom Boulder > Blowing Rock Boulders > 2. Northern Mountains Region > North Carolina,https://www.mountainproject.com/route/113663191/pancakes,2.7,Boulder,V1-2,1,NA,36.00765,-81.83629
Maggie,Bart Simpson Boulder > West Side Boulders > Rumbling Bald Bouldering > Rumbling Bald > 1. Southern Mountains Region > North Carolina,https://www.mountainproject.com/route/106924038/maggie,2.3,Boulder,V2,1,15,35.45044,-82.21996
Classic Traverse,Classic Overhang > West Side Boulders > Rumbling Bald Bouldering > Rumbling Bald > 1. Southern Mountains Region > North Carolina,https://www.mountainproject.com/route/113957686/classic-traverse,2.7,Boulder,V2-,1,15,35.14451,-82.04893
El Swiper,White Squirrel/El Swiper Boulder > First Boulders > Stony Bald > 1. Southern Mountains Region > North Carolina,https://www.mountainproject.com/route/107681032/el-swiper,3.2,Boulder,V2,1,NA,35.4353,-82.7291
Little Politician,Upper Tier > Eagle Rock > 1. Southern Mountains Region > North Carolina,https://www.mountainproject.com/route/119497245/little-politician,3.3,Boulder,V1,1,10,35.60369,-79.27729
Aggro Assassin,Proper Modulation Boulder > The Valley Boulderfield > Moore's Wall (Bouldering) > Hanging Rock State Park > 3. Piedmont Region > North Carolina,https://www.mountainproject.com/route/114788555/aggro-assassin,3.1,Boulder,V2,1,12,36.40048,-80.28448
The Guinea Hen & the Gilliam,Stigmata Boulder > Two Mile Boulderfield > Hanging Rock State Park > 3. Piedmont Region > North Carolina,https://www.mountainproject.com/route/119997467/the-guinea-hen-the-gilliam,3.3,Boulder,V3,1,12,36.38623,-80.29532
Baby Groot,Front Door Boulder > 107 Boulders > 1. Southern Mountains Region > North Carolina,https://www.mountainproject.com/route/112874561/baby-groot,3.2,Boulder,V1 PG13,1,10,35.19565,-83.13872
Trashcanistan,The Pit Area > Central Area > Sentinel Buttress Boulderfield > Moore's Wall (Bouldering) > Hanging Rock State Park > 3. Piedmont Region > North Carolina,https://www.mountainproject.com/route/112258324/trashcanistan,2.5,Boulder,V3+,1,10,35.44931,-82.2116
Gas Booster,Gas Boulder > Wash Rock > Latta Nature Preserve > 3. Piedmont Region > North Carolina,https://www.mountainproject.com/route/118861813/gas-booster,3.2,Boulder,V2,1,15,35.35557,-80.92167
Stone Mountain Simulator,Stone Mountain Bouldering > Stone Mountain > 3. Piedmont Region > North Carolina,https://www.mountainproject.com/route/108239897/stone-mountain-simulator,3.1,Boulder,V0+,1,NA,36.3916,-81.0473
Service,French Maid Area > West Side Boulders > Rumbling Bald Bouldering > Rumbling Bald > 1. Southern Mountains Region > North Carolina,https://www.mountainproject.com/route/118641793/service,3,Boulder,V1,1,15,35.45007,-82.21986
Portland Cement,Concrete Boulder > TMI > Lower Dixon > Dixon School Boulders > Crowders Mountain > 3. Piedmont Region > North Carolina,https://www.mountainproject.com/route/117711585/portland-cement,2.9,Boulder,V1,1,10,35.17521,-81.36194
Tip Off,Devil Boulder > West Side Boulders > Rumbling Bald Bouldering > Rumbling Bald > 1. Southern Mountains Region > North Carolina,https://www.mountainproject.com/route/118072808/tip-off,2.7,Boulder,V0,1,10,35.44977,-82.21876
Trailside Slab Left,Trailside Boulder > Trailside Area > West Side Boulders > Rumbling Bald Bouldering > Rumbling Bald > 1. Southern Mountains Region > North Carolina,https://www.mountainproject.com/route/111418574/trailside-slab-left,2,Boulder,V0,1,16,35.44919,-82.21852
The Brevard Fault,The Brevard Fault > Central Boulders > Rumbling Bald Bouldering > Rumbling Bald > 1. Southern Mountains Region > North Carolina,https://www.mountainproject.com/route/107971608/the-brevard-fault,2.8,Boulder,V2,1,NA,35.44899,-82.2143
Final Thoughts,White Trash Boulder > TMI > Lower Dixon > Dixon School Boulders > Crowders Mountain > 3. Piedmont Region > North Carolina,https://www.mountainproject.com/route/107789848/final-thoughts,2.3,Boulder,V1,1,NA,35.17526,-81.36152
Yarp,Robotto Boulder > Two Mile Boulderfield > Hanging Rock State Park > 3. Piedmont Region > North Carolina,https://www.mountainproject.com/route/112410206/yarp,2.8,Boulder,V3,1,NA,36.38609,-80.29572
Tooth-ache,Diente > Northside Boulders > Looking Glass Boulders > Looking Glass Rock > 1. Southern Mountains Region > North Carolina,https://www.mountainproject.com/route/108274922/tooth-ache,2.8,Boulder,V3,1,12,35.30578,-82.7904
Angel Share,Warmup Boulder > The Valley Boulderfield > Moore's Wall (Bouldering) > Hanging Rock State Park > 3. Piedmont Region > North Carolina,https://www.mountainproject.com/route/118568744/angel-share,2.8,Boulder,V3-,1,12,36.40123,-80.28552
Snoop Dogg Mantle,Warmup Boulder > The Valley Boulderfield > Moore's Wall (Bouldering) > Hanging Rock State Park > 3. Piedmont Region > North Carolina,https://www.mountainproject.com/route/112813505/snoop-dogg-mantle,2.6,Boulder,V2-3,1,NA,36.40123,-80.28552
Mega Scoop,Crowd Pleaser & Berry Patio > East Side Boulders > Rumbling Bald Bouldering > Rumbling Bald > 1. Southern Mountains Region > North Carolina,https://www.mountainproject.com/route/113831094/mega-scoop,2.7,Boulder,V0,1,12,35.44897,-82.2143
It's A Trap,V3PO Boulder > Central Area > Sentinel Buttress Boulderfield > Moore's Wall (Bouldering) > Hanging Rock State Park > 3. Piedmont Region > North Carolina,https://www.mountainproject.com/route/112825180/its-a-trap,2.5,Boulder,V1+,1,10,36.39713,-80.28719
Longitude,Y-Axis Boulder > Bethlehem > Lower Dixon > Dixon School Boulders > Crowders Mountain > 3. Piedmont Region > North Carolina,https://www.mountainproject.com/route/107754872/longitude,2,Boulder,V1,1,12,35.17508,-81.36241
Starboard,Y-Axis Boulder > Bethlehem > Lower Dixon > Dixon School Boulders > Crowders Mountain > 3. Piedmont Region > North Carolina,https://www.mountainproject.com/route/107773689/starboard,2.2,Boulder,V1,1,12,35.17508,-81.36241
Boone Lounge,Zschiesche's Corridor Left Side > Central Area > Sentinel Buttress Boulderfield > Moore's Wall (Bouldering) > Hanging Rock State Park > 3. Piedmont Region > North Carolina,https://www.mountainproject.com/route/108182998/boone-lounge,2.3,Boulder,V3,1,10,36.397,-80.28752
The Thing,Trailside Boulder > Trailside Area > West Side Boulders > Rumbling Bald Bouldering > Rumbling Bald > 1. Southern Mountains Region > North Carolina,https://www.mountainproject.com/route/118072890/the-thing,2.8,Boulder,V1,1,NA,35.44919,-82.21852
"Pop, Lock & Drop It",Lake Raleigh Boulders > Raleigh area climbing > 4. Eastern Region > North Carolina,https://www.mountainproject.com/route/112092828/pop-lock-drop-it,2.7,Boulder,V3,1,8,35.7692,-78.6887
Gorman the Cornman,Eighth Dome > Wash Rock > Latta Nature Preserve > 3. Piedmont Region > North Carolina,https://www.mountainproject.com/route/118861937/gorman-the-cornman,3,Boulder,V3,1,7,35.35547,-80.92191
Rattata,Gym Rat Kevin Boulder > Trailside Boulderfield > Sentinel Buttress Boulderfield > Moore's Wall (Bouldering) > Hanging Rock State Park > 3. Piedmont Region > North Carolina,https://www.mountainproject.com/route/122271027/rattata,2.4,Boulder,V0,1,NA,36.39883,-80.28649
Standard Traverse,Standard Traverse > The Terraces > West Side Boulders > Rumbling Bald Bouldering > Rumbling Bald > 1. Southern Mountains Region > North Carolina,https://www.mountainproject.com/route/116847283/standard-traverse,3,Boulder,V3,1,NA,35.45221,-82.22023
What's In A Name,Masterlock Boulder > Central Area > Sentinel Buttress Boulderfield > Moore's Wall (Bouldering) > Hanging Rock State Park > 3. Piedmont Region > North Carolina,https://www.mountainproject.com/route/108526253/whats-in-a-name,2.3,Boulder,V3,1,NA,36.39718,-80.28724
Ishtar,Gateway Boulders > West Side Boulders > Rumbling Bald Bouldering > Rumbling Bald > 1. Southern Mountains Region > North Carolina,https://www.mountainproject.com/route/113809542/ishtar,2.7,Boulder,V3,1,12,35.44965,-82.21805
Bull Whip,Driver Boulder > East Side Boulders > Rumbling Bald Bouldering > Rumbling Bald > 1. Southern Mountains Region > North Carolina,https://www.mountainproject.com/route/106652749/bull-whip,2.4,Boulder,V2+,1,NA,35.44874,-82.21236
Trailside Chimney,Trailside Boulder > Trailside Area > West Side Boulders > Rumbling Bald Bouldering > Rumbling Bald > 1. Southern Mountains Region > North Carolina,https://www.mountainproject.com/route/118072895/trailside-chimney,2.3,Boulder,V0,1,NA,35.44919,-82.21852
Standard Block,Greenway Block > Boone Greenway Trail Boulders > 2. Northern Mountains Region > North Carolina,https://www.mountainproject.com/route/116957913/standard-block,3,Boulder,V2,1,9,36.213,-81.64718
Stupid Little Head,Front Door Boulder > 107 Boulders > 1. Southern Mountains Region > North Carolina,https://www.mountainproject.com/route/118270682/stupid-little-head,3,Boulder,V3 PG13,1,15,35.19565,-83.13872
My Adidas,Fun-Filled Boulder > West Side Boulders > Rumbling Bald Bouldering > Rumbling Bald > 1. Southern Mountains Region > North Carolina,https://www.mountainproject.com/route/119664827/my-adidas,2.6,Boulder,V0,1,10,35.45093,-82.21982
A Slab Called Quest,Greenway Slab > Boone Greenway Trail Boulders > 2. Northern Mountains Region > North Carolina,https://www.mountainproject.com/route/116958458/a-slab-called-quest,3.3,Boulder,V1,1,12,36.213,-81.64719
Wool Panties,Gettysburg Boulder > East Side Boulders > Rumbling Bald Bouldering > Rumbling Bald > 1. Southern Mountains Region > North Carolina,https://www.mountainproject.com/route/113831246/wool-panties,2.8,Boulder,V2,1,11,35.44897,-82.2143
Great White,The Shark Fin > Buffalo Creek Park > 1. Southern Mountains Region > North Carolina,https://www.mountainproject.com/route/114171717/great-white,2.8,Boulder,V3,1,NA,35.48153,-82.18871
unnamed V1 right side,Trailside Boulders > 00. Pilot Mountain Boulders > Pilot Mountain > 3. Piedmont Region > North Carolina,https://www.mountainproject.com/route/112930922/unnamed-v1-right-side,3,Boulder,V1,1,12,36.34043,-80.48428
Forte Stand,Upper Thunder Hill > Thunder Hill Boulders > 2. Northern Mountains Region > North Carolina,https://www.mountainproject.com/route/109549964/forte-stand,3,Boulder,V3,1,20,36.14673,-81.65104
Red Clouds Above,Red Clouds Above Boulder > East Side Boulders > Rumbling Bald Bouldering > Rumbling Bald > 1. Southern Mountains Region > North Carolina,https://www.mountainproject.com/route/106650439/red-clouds-above,2.8,Boulder,V3,1,NA,35.44897,-82.2143
Potato Face,Potato Boulder > Thunder Hill Boulders > 2. Northern Mountains Region > North Carolina,https://www.mountainproject.com/route/109502480/potato-face,3,Boulder,V3,1,10,36.14673,-81.65104
Curve Right,Switchback Boulder > Rocky Knob Park > 2. Northern Mountains Region > North Carolina,https://www.mountainproject.com/route/108157893/curve-right,3,Boulder,V3,1,15,36.22112,-81.68043
Raise my Rent,Eighth Dome > Wash Rock > Latta Nature Preserve > 3. Piedmont Region > North Carolina,https://www.mountainproject.com/route/118340580/raise-my-rent,2.9,Boulder,V2,1,7,35.35547,-80.92191
Faux-Hawkeye,Corner Rock > 2. Northern Mountains Region > North Carolina,https://www.mountainproject.com/route/112379864/faux-hawkeye,2.9,Boulder,V3-4,1,NA,35.77289,-82.36285
Sloperfreak,Trailside Boulder > Two Mile Boulderfield > Hanging Rock State Park > 3. Piedmont Region > North Carolina,https://www.mountainproject.com/route/112348210/sloperfreak,2.9,Boulder,V3,1,NA,36.38688,-80.29773
The Gaston,Robotto Boulder > Two Mile Boulderfield > Hanging Rock State Park > 3. Piedmont Region > North Carolina,https://www.mountainproject.com/route/112410196/the-gaston,2.5,Boulder,V3,1,NA,36.38609,-80.29572
Chubby Knuckles,Stone Mountain Bouldering > Stone Mountain > 3. Piedmont Region > North Carolina,https://www.mountainproject.com/route/117598558/chubby-knuckles,2.3,Boulder,V1-,1,7,36.3916,-81.0473
Squishy,Haw River Boulders > 4. Eastern Region > North Carolina,https://www.mountainproject.com/route/117071373/squishy,3,Boulder,V2-3,1,10,35.72747,-79.10378
Route 5,Route 181 Rock face > Linville Gorge > 2. Northern Mountains Region > North Carolina,https://www.mountainproject.com/route/120434393/route-5,2.7,"TR, Boulder",5.7 V1-2,1,20,35.9572,-81.85848
Flashlight crack,Flashlight Boulder > TMI > Lower Dixon > Dixon School Boulders > Crowders Mountain > 3. Piedmont Region > North Carolina,https://www.mountainproject.com/route/107815180/flashlight-crack,2.5,Boulder,V1+,1,25,35.1702,-81.3649
Floater Crack,Upper Boulder > Table Rock Parking Lot Boulders > Linville Gorge Bouldering > Linville Gorge > 2. Northern Mountains Region > North Carolina,https://www.mountainproject.com/route/113881462/floater-crack,2.7,Boulder,V1,1,15,35.88654,-81.88495
Unique New York,Trailside Highball > Trailside Boulderfield > Sentinel Buttress Boulderfield > Moore's Wall (Bouldering) > Hanging Rock State Park > 3. Piedmont Region > North Carolina,https://www.mountainproject.com/route/122270995/unique-new-york,3,Boulder,V3+,1,NA,36.39828,-80.28846
Double Dribble,Shady Grove > Hull Area > West Side Boulders > Rumbling Bald Bouldering > Rumbling Bald > 1. Southern Mountains Region > North Carolina,https://www.mountainproject.com/route/117028670/double-dribble,2.6,Boulder,V2,1,10,35.4508,-82.21909
Stickboy,Greenway Boulder > Boone Greenway Trail Boulders > 2. Northern Mountains Region > North Carolina,https://www.mountainproject.com/route/116958223/stickboy,2.7,Boulder,V1,1,19,36.213,-81.64719
Put It On The Fridge,Family Boulders > West Side Boulders > Rumbling Bald Bouldering > Rumbling Bald > 1. Southern Mountains Region > North Carolina,https://www.mountainproject.com/route/116999010/put-it-on-the-fridge,2.8,Boulder,V3,1,10,35.44986,-82.21387
Donkey Hotay,Two-move rock > Wash Rock > Latta Nature Preserve > 3. Piedmont Region > North Carolina,https://www.mountainproject.com/route/118340540/donkey-hotay,2.8,Boulder,V1+,1,6,35.35547,-80.92183
Side Trip extension,Upper Tier > Eagle Rock > 1. Southern Mountains Region > North Carolina,https://www.mountainproject.com/route/119497322/side-trip-extension,3,Boulder,V1,1,10,35.60369,-79.27729
Poison Gas Shuffle,Gas Boulder > Wash Rock > Latta Nature Preserve > 3. Piedmont Region > North Carolina,https://www.mountainproject.com/route/118861896/poison-gas-shuffle,3,Boulder,V2+,1,18,35.35557,-80.92167
Depends,Old Folks Home > Gus’s Old School Jams > Upper Dixon > Dixon School Boulders > Crowders Mountain > 3. Piedmont Region > North Carolina,https://www.mountainproject.com/route/107789241/depends,2.5,Boulder,V3,1,NA,35.17592,-81.36014
White Rama,Rift Cluster > East Side Boulders > Rumbling Bald Bouldering > Rumbling Bald > 1. Southern Mountains Region > North Carolina,https://www.mountainproject.com/route/113831133/white-rama,3,Boulder,V0+,1,11,35.44897,-82.2143
Piss-ant,Jolly Green Boulder > Carrboro/University Lake boulders > 4. Eastern Region > North Carolina,https://www.mountainproject.com/route/107216009/piss-ant,3,Boulder,V2,1,10,35.8966,-79.0851
Unknown,The Gym > East Side Boulders > Rumbling Bald Bouldering > Rumbling Bald > 1. Southern Mountains Region > North Carolina,https://www.mountainproject.com/route/112413723/unknown,2.7,Boulder,V3,1,15,35.44897,-82.2143
Bob Esponja,New Frontiers Boulder > 107 Boulders > 1. Southern Mountains Region > North Carolina,https://www.mountainproject.com/route/123516525/bob-esponja,3,Boulder,V3,1,11,35.19565,-83.13872
Royal Air,Black Mountain Range Alpine > 2. Northern Mountains Region > North Carolina,https://www.mountainproject.com/route/109659300/royal-air,3,"Trad, Boulder, Ice, Snow, Alpine",V-easy WI4-5 Mod. Snow R,5,1000,35.85362,-82.24006
Disinformation,George Orwell Boulder > Classics Patio > Lower Dixon > Dixon School Boulders > Crowders Mountain > 3. Piedmont Region > North Carolina,https://www.mountainproject.com/route/107774759/disinformation,2.3,Boulder,V2,1,15,35.17485,-81.36198
No I Wont,University of North Carolina at Charlotte > 3. Piedmont Region > North Carolina,https://www.mountainproject.com/route/122224576/no-i-wont,3,Boulder,V2-,1,15,35.30776,-80.74231
submerge the rocks!,west point at the eno > 4. Eastern Region > North Carolina,https://www.mountainproject.com/route/122492487/submerge-the-rocks,3.5,Boulder,V1+,1,9,36.06921,-78.9185
King's Crown,Black Creek Kings > Raleigh area climbing > 4. Eastern Region > North Carolina,https://www.mountainproject.com/route/122298054/kings-crown,3,Boulder,V2,1,21,35.82723,-78.78527
Burning Sensation,Incinerator Boulder > TMI > Lower Dixon > Dixon School Boulders > Crowders Mountain > 3. Piedmont Region > North Carolina,https://www.mountainproject.com/route/107815151/burning-sensation,2.4,Boulder,V3,1,8,35.17529,-81.36123
Route 4,Route 181 Rock face > Linville Gorge > 2. Northern Mountains Region > North Carolina,https://www.mountainproject.com/route/120201502/route-4,3,"Trad, TR, Boulder",5.9- V0-1,1,15,35.9572,-81.85848
Route 1,Route 181 Rock face > Linville Gorge > 2. Northern Mountains Region > North Carolina,https://www.mountainproject.com/route/120201403/route-1,3,"Trad, TR, Boulder",5.10c/d V1-2,1,20,35.9572,-81.85848
Ship Prow,North Cary Park Boulders > Raleigh area climbing > 4. Eastern Region > North Carolina,https://www.mountainproject.com/route/122073035/ship-prow,2.4,Boulder,V3,1,11,35.82189,-78.78747
Leap of Faith,Come Out & Play Blocks > East Side Boulders > Rumbling Bald Bouldering > Rumbling Bald > 1. Southern Mountains Region > North Carolina,https://www.mountainproject.com/route/106652759/leap-of-faith,2.5,Boulder,V3,1,NA,35.44897,-82.2143
Walk the plank,Upper Boulder > Table Rock Parking Lot Boulders > Linville Gorge Bouldering > Linville Gorge > 2. Northern Mountains Region > North Carolina,https://www.mountainproject.com/route/118128172/walk-the-plank,3,Boulder,V2-,1,10,35.88654,-81.88495
Petroleum Jelly,Petroleum Boulder > 107 Boulders > 1. Southern Mountains Region > North Carolina,https://www.mountainproject.com/route/118794952/petroleum-jelly,2.7,Boulder,V3,1,NA,35.19564,-83.13872
The Thing,Granite City > 1. Southern Mountains Region > North Carolina,https://www.mountainproject.com/route/119786921/the-thing,2.3,Boulder,V1-,1,9,35.04541,-83.13769
Crux #1 (The Introduction),NCSU Traverse Wall > NC States Campus > Raleigh area climbing > 4. Eastern Region > North Carolina,https://www.mountainproject.com/route/118715655/crux-1-the-introduction,3,Boulder,V2+,1,NA,35.78376,-78.67237
Fern Top,Bench Boulder > Central Area > Sentinel Buttress Boulderfield > Moore's Wall (Bouldering) > Hanging Rock State Park > 3. Piedmont Region > North Carolina,https://www.mountainproject.com/route/118083898/fern-top,3,Boulder,V0+,1,10,36.39747,-80.28772
White Lightning,Granite City > 1. Southern Mountains Region > North Carolina,https://www.mountainproject.com/route/119786635/white-lightning,3.5,Boulder,V0,1,10,35.04541,-83.13769
Shark Teeth,Mini Fin 2 > Weaver Knob Boulders > 2. Northern Mountains Region > North Carolina,https://www.mountainproject.com/route/122560724/shark-teeth,3,Boulder,V1-2,1,10,35.96553,-82.4707
For the Greater Good,Jolly Green Boulder > Carrboro/University Lake boulders > 4. Eastern Region > North Carolina,https://www.mountainproject.com/route/107215774/for-the-greater-good,2.8,Boulder,V-easy,1,10,35.8966,-79.0851
The Sign,Upper Tier > Eagle Rock > 1. Southern Mountains Region > North Carolina,https://www.mountainproject.com/route/116247946/the-sign,3,Boulder,V0,1,25,35.60369,-79.27729
Beta,Omega Boulder > Central Area > Sentinel Buttress Boulderfield > Moore's Wall (Bouldering) > Hanging Rock State Park > 3. Piedmont Region > North Carolina,https://www.mountainproject.com/route/121442448/beta,3,Boulder,V1,1,10,36.39708,-80.28751
Double Jam,Upper Tier > Eagle Rock > 1. Southern Mountains Region > North Carolina,https://www.mountainproject.com/route/116247975/double-jam,3,Boulder,V0-1,1,20,35.60369,-79.27729
Bob Fudge SDS,Bob Fudge Boulder > Wolf Branch/Rich Knob > 2. Northern Mountains Region > North Carolina,https://www.mountainproject.com/route/118990977/bob-fudge-sds,3,Boulder,V2,1,13,35.6693,-82.44686
Baby's First Mantle,West Cliff - Mini > Melrose Mtn. Climbing Park > 1. Southern Mountains Region > North Carolina,https://www.mountainproject.com/route/122150096/babys-first-mantle,3,Boulder,V0,1,2,35.20205,-82.28014
Through the Window,North Campus > NC States Campus > Raleigh area climbing > 4. Eastern Region > North Carolina,https://www.mountainproject.com/route/120060209/through-the-window,3,Boulder,V2,1,15,35.78582,-78.6682
Silver Linings (Jump Start),Black Cloud Boulder > Pride Lands > Upper Dixon > Dixon School Boulders > Crowders Mountain > 3. Piedmont Region > North Carolina,https://www.mountainproject.com/route/119072003/silver-linings-jump-start,3,Boulder,V3-4 PG13,1,23,35.17685,-81.35832
Shotgun Betty Left,Warmup Boulder > The Valley Boulderfield > Moore's Wall (Bouldering) > Hanging Rock State Park > 3. Piedmont Region > North Carolina,https://www.mountainproject.com/route/118568715/shotgun-betty-left,2.7,Boulder,V3,1,8,36.40123,-80.28552
Sine,Denominator > Gus’s Old School Jams > Upper Dixon > Dixon School Boulders > Crowders Mountain > 3. Piedmont Region > North Carolina,https://www.mountainproject.com/route/118079604/sine,3,Boulder,V2,1,20,35.1761,-81.35971
Chambermaid,French Maid Area > West Side Boulders > Rumbling Bald Bouldering > Rumbling Bald > 1. Southern Mountains Region > North Carolina,https://www.mountainproject.com/route/122212043/chambermaid,3,Boulder,V3,1,NA,35.45007,-82.21986
Golden Hour,Upper Tier > Eagle Rock > 1. Southern Mountains Region > North Carolina,https://www.mountainproject.com/route/119497295/golden-hour,3,Boulder,V2,1,10,35.60369,-79.27729
Biz-Cas,Stu's Boulder > Central Area > Sentinel Buttress Boulderfield > Moore's Wall (Bouldering) > Hanging Rock State Park > 3. Piedmont Region > North Carolina,https://www.mountainproject.com/route/118330614/biz-cas,2.4,Boulder,V2,1,9,36.39674,-80.28818
Passage,Upper Tier > Eagle Rock > 1. Southern Mountains Region > North Carolina,https://www.mountainproject.com/route/120570343/passage,3,Boulder,V1-2,1,30,35.60369,-79.27729
True North,Ned's Arete Boulder > Central Boulders > Rumbling Bald Bouldering > Rumbling Bald > 1. Southern Mountains Region > North Carolina,https://www.mountainproject.com/route/121348463/true-north,3,Boulder,V2,1,NA,35.45018,-82.21722
iReek,Creek Bed Boulder > Northside Boulders > Looking Glass Boulders > Looking Glass Rock > 1. Southern Mountains Region > North Carolina,https://www.mountainproject.com/route/120619613/ireek,3,Boulder,V3-,1,NA,35.30752,-82.78843
Mutant and Proud,Two-move rock > Wash Rock > Latta Nature Preserve > 3. Piedmont Region > North Carolina,https://www.mountainproject.com/route/120226396/mutant-and-proud,3,Boulder,V3-,1,NA,35.35547,-80.92183
Life is a Highway,Cedar Mountain Boulders > 3. Piedmont Region > North Carolina,https://www.mountainproject.com/route/119198369/life-is-a-highway,3,Boulder,V1-,1,7,36.43697,-79.93089
Flap Stack Crack,Flap Stack/ Grey Rock > Weed Patch Mountain Trail Boulders > Eagle Rock > 1. Southern Mountains Region > North Carolina,https://www.mountainproject.com/route/116159724/flap-stack-crack,3,Boulder,V1,1,NA,35.47948,-82.22224
Barndoor Problem,R2V2 Boulder > Central Area > Sentinel Buttress Boulderfield > Moore's Wall (Bouldering) > Hanging Rock State Park > 3. Piedmont Region > North Carolina,https://www.mountainproject.com/route/123094879/barndoor-problem,3,Boulder,V2,1,10,36.39719,-80.28731
Mossy Horse,Wash Rock Boulders > Latta Nature Preserve > 3. Piedmont Region > North Carolina,https://www.mountainproject.com/route/121353100/mossy-horse,3,Boulder,V3-,1,NA,35.35559,-80.92187
Moist Pedipalps,Spiderqueen > Carrboro/University Lake boulders > 4. Eastern Region > North Carolina,https://www.mountainproject.com/route/107315949/moist-pedipalps,3,Boulder,V2-,1,8,35.8974,-79.0909
Abul-Abbas,The Elephant Boulder > Thunder Hill Boulders > 2. Northern Mountains Region > North Carolina,https://www.mountainproject.com/route/111538335/abul-abbas,3,Boulder,V3,1,10,36.14687,-81.65091
S is for Sam,Trailside Boulder > Buffalo Creek Park > 1. Southern Mountains Region > North Carolina,https://www.mountainproject.com/route/111767981/s-is-for-sam,3,Boulder,V3+,1,20,35.48153,-82.18871
Old Man's Crack,Gemini Boulder > Thunder Hill Boulders > 2. Northern Mountains Region > North Carolina,https://www.mountainproject.com/route/109932772/old-mans-crack,3,Boulder,V3,1,8,36.14673,-81.65104
Leaning Tower Arete,Leaning Tower Boulder > Gus’s Old School Jams > Upper Dixon > Dixon School Boulders > Crowders Mountain > 3. Piedmont Region > North Carolina,https://www.mountainproject.com/route/107793288/leaning-tower-arete,3,Boulder,V3,1,20,35.17609,-81.36015
Butterscotch Shine,Dark Corner Boulder > Second/Many Boulders > Stony Bald > 1. Southern Mountains Region > North Carolina,https://www.mountainproject.com/route/107734204/butterscotch-shine,3,Boulder,V1,1,NA,35.4353,-82.7291
Ice Cream Face,Steal Your Face Boulder > Second/Many Boulders > Stony Bald > 1. Southern Mountains Region > North Carolina,https://www.mountainproject.com/route/107739366/ice-cream-face,3,Boulder,V1-2,1,NA,35.4353,-82.7291
I Did It All For The Wookie,Zschiesche's Corridor Left Side > Central Area > Sentinel Buttress Boulderfield > Moore's Wall (Bouldering) > Hanging Rock State Park > 3. Piedmont Region > North Carolina,https://www.mountainproject.com/route/123501954/i-did-it-all-for-the-wookie,3.2,Boulder,V2,1,12,36.397,-80.28752
The Kessel Run,V3PO Boulder > Central Area > Sentinel Buttress Boulderfield > Moore's Wall (Bouldering) > Hanging Rock State Park > 3. Piedmont Region > North Carolina,https://www.mountainproject.com/route/112829875/the-kessel-run,2.4,Boulder,V3,1,NA,36.39713,-80.28719
Honored Guest,French Maid Area > West Side Boulders > Rumbling Bald Bouldering > Rumbling Bald > 1. Southern Mountains Region > North Carolina,https://www.mountainproject.com/route/118680195/honored-guest,2.7,Boulder,V3,1,NA,35.45007,-82.21986
Teetering on the Edge,The Brink > The Valley Boulderfield > Moore's Wall (Bouldering) > Hanging Rock State Park > 3. Piedmont Region > North Carolina,https://www.mountainproject.com/route/118624392/teetering-on-the-edge,2.7,Boulder,V1,1,12,36.40231,-80.28532
Stone Wall,Stone Wall > East Side Boulders > Rumbling Bald Bouldering > Rumbling Bald > 1. Southern Mountains Region > North Carolina,https://www.mountainproject.com/route/109832006/stone-wall,2.7,Boulder,V3,1,NA,35.44897,-82.2143
Jaws,Hound Ears > 2. Northern Mountains Region > North Carolina,https://www.mountainproject.com/route/106270700/jaws,2.9,Boulder,V3,1,15,35.6037,-79.2773
Short Arête,Short Crack Boulder > West Side Boulders > Rumbling Bald Bouldering > Rumbling Bald > 1. Southern Mountains Region > North Carolina,https://www.mountainproject.com/route/111418877/short-arete,2.2,Boulder,V2,1,12,35.44986,-82.21903
Trailside Slab Right,Trailside Boulder > Trailside Area > West Side Boulders > Rumbling Bald Bouldering > Rumbling Bald > 1. Southern Mountains Region > North Carolina,https://www.mountainproject.com/route/118072909/trailside-slab-right,2,Boulder,V0,1,NA,35.44919,-82.21852
Rock Cleavage,Masterlock Boulder > Central Area > Sentinel Buttress Boulderfield > Moore's Wall (Bouldering) > Hanging Rock State Park > 3. Piedmont Region > North Carolina,https://www.mountainproject.com/route/116491571/rock-cleavage,2.3,Boulder,V3,1,10,36.39718,-80.28724
Fundango,Fun-Filled Boulder > West Side Boulders > Rumbling Bald Bouldering > Rumbling Bald > 1. Southern Mountains Region > North Carolina,https://www.mountainproject.com/route/122111799/fundango,2.5,Boulder,V3+,1,15,35.45093,-82.21982
Seems Good,Greenway Slab > Boone Greenway Trail Boulders > 2. Northern Mountains Region > North Carolina,https://www.mountainproject.com/route/116958443/seems-good,2.6,Boulder,V3,1,12,36.213,-81.64719
Grey Arete Left,Tatanka Boulder > Buffalo Creek Park > 1. Southern Mountains Region > North Carolina,https://www.mountainproject.com/route/114172123/grey-arete-left,2.8,Boulder,V2,1,NA,35.48153,-82.18871
Warm Up Crack,Warm Up Wall > Thunder Hill Boulders > 2. Northern Mountains Region > North Carolina,https://www.mountainproject.com/route/109502606/warm-up-crack,2.6,Boulder,V0,1,11,36.14664,-81.63347
Jackie Span,Lake Raleigh Boulders > Raleigh area climbing > 4. Eastern Region > North Carolina,https://www.mountainproject.com/route/114207671/jackie-span,2.6,Boulder,V2+,1,12,35.7692,-78.6887
Warm yo' self,Lake Raleigh Boulders > Raleigh area climbing > 4. Eastern Region > North Carolina,https://www.mountainproject.com/route/112552733/warm-yo-self,2.5,Boulder,V0,1,NA,35.7692,-78.6887
Hermes Heel,Zeus Eye Boulder > Bethlehem > Lower Dixon > Dixon School Boulders > Crowders Mountain > 3. Piedmont Region > North Carolina,https://www.mountainproject.com/route/107773628/hermes-heel,2.5,Boulder,V1,1,12,35.17467,-81.36242
Queequeg,Moby Dick Boulder > West Side Boulders > Rumbling Bald Bouldering > Rumbling Bald > 1. Southern Mountains Region > North Carolina,https://www.mountainproject.com/route/108704251/queequeg,2,Boulder,V1,1,10,35.34877,-82.16269
Safe-Fun,Fun-Filled Boulder > West Side Boulders > Rumbling Bald Bouldering > Rumbling Bald > 1. Southern Mountains Region > North Carolina,https://www.mountainproject.com/route/119664927/safe-fun,2.4,Boulder,V3,1,10,35.45093,-82.21982
Plastic Psyche,Gym Rat Kevin Boulder > Trailside Boulderfield > Sentinel Buttress Boulderfield > Moore's Wall (Bouldering) > Hanging Rock State Park > 3. Piedmont Region > North Carolina,https://www.mountainproject.com/route/122271020/plastic-psyche,2.7,Boulder,V1+,1,NA,36.39883,-80.28649
St. Therese's,Warmup Boulder > The Valley Boulderfield > Moore's Wall (Bouldering) > Hanging Rock State Park > 3. Piedmont Region > North Carolina,https://www.mountainproject.com/route/118568646/st-thereses,2.3,Boulder,V3,1,12,36.40123,-80.28552
Almost There,The Brink > The Valley Boulderfield > Moore's Wall (Bouldering) > Hanging Rock State Park > 3. Piedmont Region > North Carolina,https://www.mountainproject.com/route/118624383/almost-there,2.2,Boulder,V2,1,10,36.40231,-80.28532
Cerberus,Hell Boulder > Classics Patio > Lower Dixon > Dixon School Boulders > Crowders Mountain > 3. Piedmont Region > North Carolina,https://www.mountainproject.com/route/116067446/cerberus,2.1,Boulder,V3,1,8,35.175,-81.36209
Trailside Highball,Trailside Highball > Trailside Boulderfield > Sentinel Buttress Boulderfield > Moore's Wall (Bouldering) > Hanging Rock State Park > 3. Piedmont Region > North Carolina,https://www.mountainproject.com/route/122270987/trailside-highball,2.5,Boulder,V0,1,NA,36.39828,-80.28846
This Moment is Worth More than It Seems,Pump Tunnel > Other Nearby places to climb > Carrboro/University Lake boulders > 4. Eastern Region > North Carolina,https://www.mountainproject.com/route/107335155/this-moment-is-worth-more-than-it-seems,2.7,Boulder,5.10+ V3+,1,40,35.9255,-79.0538
Circus Tricks,The Cluster > West Side Boulders > Rumbling Bald Bouldering > Rumbling Bald > 1. Southern Mountains Region > North Carolina,https://www.mountainproject.com/route/121655912/circus-tricks,3.1,Boulder,V3,1,8,35.4501,-82.2195
Cake Walk,Grindstone Mini Wall Boulders > 00. Pilot Mountain Boulders > Pilot Mountain > 3. Piedmont Region > North Carolina,https://www.mountainproject.com/route/111309494/cake-walk,2.7,Boulder,V1-2,1,12,36.35037,-80.47544
Portland Cement Direct,Concrete Boulder > TMI > Lower Dixon > Dixon School Boulders > Crowders Mountain > 3. Piedmont Region > North Carolina,https://www.mountainproject.com/route/117711865/portland-cement-direct,2.5,Boulder,V1-2,1,10,35.17521,-81.36194
Breakfast In Bed,Breakfast Boulder > East Side Boulders > Rumbling Bald Bouldering > Rumbling Bald > 1. Southern Mountains Region > North Carolina,https://www.mountainproject.com/route/113831235/breakfast-in-bed,2.8,Boulder,V1,1,12,35.44897,-82.2143
Backside Flashlight,Flashlight Boulder > TMI > Lower Dixon > Dixon School Boulders > Crowders Mountain > 3. Piedmont Region > North Carolina,https://www.mountainproject.com/route/113941429/backside-flashlight,2,Boulder,V0,1,30,35.1702,-81.3649
unnamed V0,Trailside Boulders > 00. Pilot Mountain Boulders > Pilot Mountain > 3. Piedmont Region > North Carolina,https://www.mountainproject.com/route/112930891/unnamed-v0,2.7,Boulder,V0,1,12,36.34043,-80.48428
unnamed V1,Trailside Boulders > 00. Pilot Mountain Boulders > Pilot Mountain > 3. Piedmont Region > North Carolina,https://www.mountainproject.com/route/112930903/unnamed-v1,2.7,Boulder,V1-,1,12,36.34043,-80.48428
Triple B Stand,Front Door Boulder > 107 Boulders > 1. Southern Mountains Region > North Carolina,https://www.mountainproject.com/route/107521994/triple-b-stand,2.8,Boulder,V3,1,NA,35.19565,-83.13872
Admiral Aretebar,V3PO Boulder > Central Area > Sentinel Buttress Boulderfield > Moore's Wall (Bouldering) > Hanging Rock State Park > 3. Piedmont Region > North Carolina,https://www.mountainproject.com/route/112825173/admiral-aretebar,1.8,Boulder,V2,1,10,36.39713,-80.28719
Horizontal Waterfall,Wave Boulder > 107 Boulders > 1. Southern Mountains Region > North Carolina,https://www.mountainproject.com/route/107530885/horizontal-waterfall,2.5,Boulder,V3,1,NA,35.19565,-83.13872
Blind Justice Slab,White Squirrel/El Swiper Boulder > First Boulders > Stony Bald > 1. Southern Mountains Region > North Carolina,https://www.mountainproject.com/route/107681585/blind-justice-slab,3,Boulder,V0,1,NA,35.4353,-82.7291
Shedding Shark,The Shark Fin > Buffalo Creek Park > 1. Southern Mountains Region > North Carolina,https://www.mountainproject.com/route/109066568/shedding-shark,2.4,Boulder,V1,1,NA,35.48153,-82.18871
Eye Sockets,Eye Sockets > Bethlehem > Lower Dixon > Dixon School Boulders > Crowders Mountain > 3. Piedmont Region > North Carolina,https://www.mountainproject.com/route/116166090/eye-sockets,2.7,Boulder,V3,1,8,35.17488,-81.36216
White Stripes,White Stripes Boulder > Bethlehem > Lower Dixon > Dixon School Boulders > Crowders Mountain > 3. Piedmont Region > North Carolina,https://www.mountainproject.com/route/107778321/white-stripes,2,Boulder,V3,1,12,35.17478,-81.36243
No Pressure,Y-Axis Boulder > Bethlehem > Lower Dixon > Dixon School Boulders > Crowders Mountain > 3. Piedmont Region > North Carolina,https://www.mountainproject.com/route/110853023/no-pressure,2.4,Boulder,V3+,1,15,35.17508,-81.36241
Don't Be a STEMpleton,Lake Raleigh Boulders > Raleigh area climbing > 4. Eastern Region > North Carolina,https://www.mountainproject.com/route/117903820/dont-be-a-stempleton,2.5,Boulder,V2-,1,NA,35.7692,-78.6887
Galapagos,North Cary Park Boulders > Raleigh area climbing > 4. Eastern Region > North Carolina,https://www.mountainproject.com/route/112408783/galapagos,2.3,Boulder,V1,1,NA,35.82189,-78.78747
X-Axis,Y-Axis Boulder > Bethlehem > Lower Dixon > Dixon School Boulders > Crowders Mountain > 3. Piedmont Region > North Carolina,https://www.mountainproject.com/route/116351845/x-axis,2.7,Boulder,V3+,1,NA,35.17508,-81.36241
Edge of Ecstasy,The Brink > The Valley Boulderfield > Moore's Wall (Bouldering) > Hanging Rock State Park > 3. Piedmont Region > North Carolina,https://www.mountainproject.com/route/118624413/edge-of-ecstasy,2.6,Boulder,V2-3,1,6,36.40231,-80.28532
Unnamed,Circus Roof Boulder > Two Mile Boulderfield > Hanging Rock State Park > 3. Piedmont Region > North Carolina,https://www.mountainproject.com/route/119176560/unnamed,2.4,Boulder,V1+,1,8,36.3863,-80.29045
Peach Fuzz,The Gym > East Side Boulders > Rumbling Bald Bouldering > Rumbling Bald > 1. Southern Mountains Region > North Carolina,https://www.mountainproject.com/route/113836644/peach-fuzz,2.4,Boulder,V1,1,18,35.44897,-82.2143
Crystal Ball,Hound Ears > 2. Northern Mountains Region > North Carolina,https://www.mountainproject.com/route/111787472/crystal-ball,2.5,Boulder,V3,1,12,35.6037,-79.2773
Warm Up Face,Warm Up Wall > Thunder Hill Boulders > 2. Northern Mountains Region > North Carolina,https://www.mountainproject.com/route/109502615/warm-up-face,2.4,Boulder,V1,1,11,36.14664,-81.63347
Mantle,Short Crack Boulder > West Side Boulders > Rumbling Bald Bouldering > Rumbling Bald > 1. Southern Mountains Region > North Carolina,https://www.mountainproject.com/route/106923868/mantle,1.9,Boulder,V2,1,10,35.44986,-82.21903
Transform and Roll Out!,Decepticon Boulder > Gus’s Old School Jams > Upper Dixon > Dixon School Boulders > Crowders Mountain > 3. Piedmont Region > North Carolina,https://www.mountainproject.com/route/119518243/transform-and-roll-out,2.3,Boulder,V2-3,1,13,35.17608,-81.35995
Baby Tomahawk,Corner Rock > 2. Northern Mountains Region > North Carolina,https://www.mountainproject.com/route/112379749/baby-tomahawk,2.6,Boulder,V3-4,1,NA,35.77289,-82.36285
It's The Pleats,Trailside Highball > Trailside Boulderfield > Sentinel Buttress Boulderfield > Moore's Wall (Bouldering) > Hanging Rock State Park > 3. Piedmont Region > North Carolina,https://www.mountainproject.com/route/112463688/its-the-pleats,2.8,Boulder,V3+,1,NA,36.39828,-80.28846
Hot Cross Buns,Titan Boulder > Central Area > Sentinel Buttress Boulderfield > Moore's Wall (Bouldering) > Hanging Rock State Park > 3. Piedmont Region > North Carolina,https://www.mountainproject.com/route/109196503/hot-cross-buns,2.1,Boulder,V0,1,25,36.39743,-80.28705
El Swiper Right,White Squirrel/El Swiper Boulder > First Boulders > Stony Bald > 1. Southern Mountains Region > North Carolina,https://www.mountainproject.com/route/108077512/el-swiper-right,2.5,Boulder,V3,1,13,35.4353,-82.7291
E for Everyone,Come Out & Play Blocks > East Side Boulders > Rumbling Bald Bouldering > Rumbling Bald > 1. Southern Mountains Region > North Carolina,https://www.mountainproject.com/route/109831995/e-for-everyone,2.3,Boulder,V0,1,NA,35.44897,-82.2143
Ladder,Patio Area > Pride Lands > Upper Dixon > Dixon School Boulders > Crowders Mountain > 3. Piedmont Region > North Carolina,https://www.mountainproject.com/route/114176646/ladder,2.3,Boulder,V2-,1,10,35.17748,-81.35851
Fungus Flakes,Monster Cereals > Bethlehem > Lower Dixon > Dixon School Boulders > Crowders Mountain > 3. Piedmont Region > North Carolina,https://www.mountainproject.com/route/107837924/fungus-flakes,2.6,Boulder,V0-,1,20,35.1702,-81.3649
Super Wavedash,Trailside Boulder > Trailside Area > West Side Boulders > Rumbling Bald Bouldering > Rumbling Bald > 1. Southern Mountains Region > North Carolina,https://www.mountainproject.com/route/121266501/super-wavedash,2.6,Boulder,V2,1,20,35.44919,-82.21852
Greenway Arete,Greenway Boulder > Boone Greenway Trail Boulders > 2. Northern Mountains Region > North Carolina,https://www.mountainproject.com/route/116958082/greenway-arete,2.7,Boulder,V1,1,20,36.213,-81.64719
Murder She Wrote,Greenway Boulder > Boone Greenway Trail Boulders > 2. Northern Mountains Region > North Carolina,https://www.mountainproject.com/route/116958038/murder-she-wrote,2.5,Boulder,V3,1,10,36.213,-81.64719
Left Hand Arête,Fun-Filled Boulder > West Side Boulders > Rumbling Bald Bouldering > Rumbling Bald > 1. Southern Mountains Region > North Carolina,https://www.mountainproject.com/route/119664878/left-hand-arete,2.3,Boulder,V1+,1,12,35.45093,-82.21982
Skin Sucker,Two-move rock > Wash Rock > Latta Nature Preserve > 3. Piedmont Region > North Carolina,https://www.mountainproject.com/route/118862051/skin-sucker,2.3,Boulder,V3,1,7,35.35547,-80.92183
Fun-Safe,Fun-Filled Boulder > West Side Boulders > Rumbling Bald Bouldering > Rumbling Bald > 1. Southern Mountains Region > North Carolina,https://www.mountainproject.com/route/122111847/fun-safe,2.4,Boulder,V0,1,10,35.45093,-82.21982
Two-move traverse,Two-move rock > Wash Rock > Latta Nature Preserve > 3. Piedmont Region > North Carolina,https://www.mountainproject.com/route/118340545/two-move-traverse,2.3,Boulder,V3-,1,20,35.35547,-80.92183
Principle's Office,Dunce hat > Northside Boulders > Looking Glass Boulders > Looking Glass Rock > 1. Southern Mountains Region > North Carolina,https://www.mountainproject.com/route/108275319/principles-office,2.5,Boulder,V2 PG13,1,20,35.3052,-82.796
Urinal Cake,V2 Boulder > East Side Boulders > Rumbling Bald Bouldering > Rumbling Bald > 1. Southern Mountains Region > North Carolina,https://www.mountainproject.com/route/107063759/urinal-cake,2.5,Boulder,V3,1,NA,35.44897,-82.2143
Minor Quake,The Brevard Fault > Central Boulders > Rumbling Bald Bouldering > Rumbling Bald > 1. Southern Mountains Region > North Carolina,https://www.mountainproject.com/route/108003647/minor-quake,2.5,Boulder,V2,1,NA,35.44899,-82.2143
Rocket Surgery,Hound Ears > 2. Northern Mountains Region > North Carolina,https://www.mountainproject.com/route/111808696/rocket-surgery,2.5,Boulder,V3,1,10,35.6037,-79.2773
Big feet,Big Baby > Boulders > 07. Resurgence Walls > Main Climbing Areas > Crowders Mountain > 3. Piedmont Region > North Carolina,https://www.mountainproject.com/route/107848564/big-feet,2.5,Boulder,V1,1,NA,35.24076,-81.26903
Curve Left,Switchback Boulder > Rocky Knob Park > 2. Northern Mountains Region > North Carolina,https://www.mountainproject.com/route/108157880/curve-left,2.5,Boulder,V3,1,15,36.22112,-81.68043
Minister Sinister,Hound Ears > 2. Northern Mountains Region > North Carolina,https://www.mountainproject.com/route/106272004/minister-sinister,2.5,Boulder,V3,1,10,35.6037,-79.2773
Webslinger,Superhero Boulder > Stony Bald > 1. Southern Mountains Region > North Carolina,https://www.mountainproject.com/route/107710946/webslinger,2.7,Boulder,V1-2,1,NA,35.4353,-82.7291
STEM Student,Lake Raleigh Boulders > Raleigh area climbing > 4. Eastern Region > North Carolina,https://www.mountainproject.com/route/112175160/stem-student,2.2,Boulder,V1,1,10,35.7692,-78.6887
High Rail,Governing Dynamics Boulder > The Valley Boulderfield > Moore's Wall (Bouldering) > Hanging Rock State Park > 3. Piedmont Region > North Carolina,https://www.mountainproject.com/route/112509235/high-rail,2.1,Boulder,V3,1,NA,36.40103,-80.2833
Ripper,Gym Rat Kevin Boulder > Trailside Boulderfield > Sentinel Buttress Boulderfield > Moore's Wall (Bouldering) > Hanging Rock State Park > 3. Piedmont Region > North Carolina,https://www.mountainproject.com/route/112491553/ripper,2.1,Boulder,V3,1,8,36.39883,-80.28649
The Taoist,Zschiesche's Corridor Right Side > Central Area > Sentinel Buttress Boulderfield > Moore's Wall (Bouldering) > Hanging Rock State Park > 3. Piedmont Region > North Carolina,https://www.mountainproject.com/route/115407011/the-taoist,2.1,Boulder,V1,1,10,36.397,-80.28743
Hash Slinging Slabber,North Cary Park Boulders > Raleigh area climbing > 4. Eastern Region > North Carolina,https://www.mountainproject.com/route/119455916/hash-slinging-slabber,2.7,Boulder,V1+,1,12,35.82189,-78.78747
She’ll Be Right,Trailside Boulder > Trailside Area > West Side Boulders > Rumbling Bald Bouldering > Rumbling Bald > 1. Southern Mountains Region > North Carolina,https://www.mountainproject.com/route/116988064/shell-be-right,2.3,Boulder,V3-4,1,5,35.44919,-82.21852
Trailside Arete,Stone Mountain Bouldering > Stone Mountain > 3. Piedmont Region > North Carolina,https://www.mountainproject.com/route/108239874/trailside-arete,2.5,Boulder,V0+,1,12,36.3916,-81.0473
By the Beard of Zeus,Trailside Highball > Trailside Boulderfield > Sentinel Buttress Boulderfield > Moore's Wall (Bouldering) > Hanging Rock State Park > 3. Piedmont Region > North Carolina,https://www.mountainproject.com/route/122271001/by-the-beard-of-zeus,2.5,Boulder,V0,1,NA,36.39828,-80.28846
Chimney Chase,Old Folks Home > Gus’s Old School Jams > Upper Dixon > Dixon School Boulders > Crowders Mountain > 3. Piedmont Region > North Carolina,https://www.mountainproject.com/route/119518158/chimney-chase,2.4,Boulder,V1,1,13,35.17592,-81.36014
Virgin Boi,Lake Raleigh Boulders > Raleigh area climbing > 4. Eastern Region > North Carolina,https://www.mountainproject.com/route/118144126/virgin-boi,2.5,Boulder,V2-3,1,NA,35.7692,-78.6887
Brink Crack,The Brink > The Valley Boulderfield > Moore's Wall (Bouldering) > Hanging Rock State Park > 3. Piedmont Region > North Carolina,https://www.mountainproject.com/route/121197234/brink-crack,1.9,Boulder,V0,1,10,36.40231,-80.28532
Polecat Prow,The Playground > East Side Boulders > Rumbling Bald Bouldering > Rumbling Bald > 1. Southern Mountains Region > North Carolina,https://www.mountainproject.com/route/110131741/polecat-prow,2.2,Boulder,V2,1,NA,35.44897,-82.2143
Hull Breach,The Hull > Hull Area > West Side Boulders > Rumbling Bald Bouldering > Rumbling Bald > 1. Southern Mountains Region > North Carolina,https://www.mountainproject.com/route/106924390/hull-breach,2.4,Boulder,V2,1,NA,35.4617,-82.20965
Masters Traverse,Lake Raleigh Boulders > Raleigh area climbing > 4. Eastern Region > North Carolina,https://www.mountainproject.com/route/112177236/masters-traverse,2.2,Boulder,V2,1,30,35.7692,-78.6887
Layback for the Pack,Lake Raleigh Boulders > Raleigh area climbing > 4. Eastern Region > North Carolina,https://www.mountainproject.com/route/112175194/layback-for-the-pack,2.2,Boulder,V2+,1,10,35.7692,-78.6887
Slab Arete,Greenway Slab > Boone Greenway Trail Boulders > 2. Northern Mountains Region > North Carolina,https://www.mountainproject.com/route/116958436/slab-arete,2,Boulder,V1,1,12,36.213,-81.64719
Warm-up Traverse,Warm-up Boulder > Northside Boulders > Looking Glass Boulders > Looking Glass Rock > 1. Southern Mountains Region > North Carolina,https://www.mountainproject.com/route/108274882/warm-up-traverse,2.3,Boulder,V2,1,40,35.30573,-82.7905
Warmer Up,Warm-up Boulder > Northside Boulders > Looking Glass Boulders > Looking Glass Rock > 1. Southern Mountains Region > North Carolina,https://www.mountainproject.com/route/108275353/warmer-up,2.2,Boulder,V3,1,10,35.30573,-82.7905
Crack Thing,Boat Rock Wall > Rocky Knob Park > 2. Northern Mountains Region > North Carolina,https://www.mountainproject.com/route/108157837/crack-thing,2.3,Boulder,V2,1,16,36.2231,-81.6265
White Squirrel,White Squirrel/El Swiper Boulder > First Boulders > Stony Bald > 1. Southern Mountains Region > North Carolina,https://www.mountainproject.com/route/107681575/white-squirrel,2.2,Boulder,V3,1,NA,35.4353,-82.7291
Yoda,Hound Ears > 2. Northern Mountains Region > North Carolina,https://www.mountainproject.com/route/111800835/yoda,2.5,Boulder,V3,1,5,35.6037,-79.2773
Krymptonite Arete,Superhero Boulder > Stony Bald > 1. Southern Mountains Region > North Carolina,https://www.mountainproject.com/route/107710582/krymptonite-arete,2.3,Boulder,V3-,1,NA,35.4353,-82.7291
LeSteffen,Lake Raleigh Boulders > Raleigh area climbing > 4. Eastern Region > North Carolina,https://www.mountainproject.com/route/112775257/lesteffen,2.2,Boulder,V0,1,7,35.7692,-78.6887
I Kneed This,The Egg Boulder > The Obscure Area > West Side Boulders > Rumbling Bald Bouldering > Rumbling Bald > 1. Southern Mountains Region > North Carolina,https://www.mountainproject.com/route/107862743/i-kneed-this,2.4,Boulder,V3,1,7,35.34877,-82.16269
Lawrence Welk,Old Folks Home > Gus’s Old School Jams > Upper Dixon > Dixon School Boulders > Crowders Mountain > 3. Piedmont Region > North Carolina,https://www.mountainproject.com/route/108303120/lawrence-welk,1.9,Boulder,V0 R,1,40,35.17592,-81.36014
false tooth,Old Folks Home > Gus’s Old School Jams > Upper Dixon > Dixon School Boulders > Crowders Mountain > 3. Piedmont Region > North Carolina,https://www.mountainproject.com/route/108257099/false-tooth,1.8,Boulder,V0,1,22,35.17592,-81.36014
Shoots and Ladders,Big Rock Nature Preserve > 3. Piedmont Region > North Carolina,https://www.mountainproject.com/route/120062188/shoots-and-ladders,2.4,Boulder,V1 PG13,1,15,35.06157,-80.82779
Chasm,Tatanka Boulder > Buffalo Creek Park > 1. Southern Mountains Region > North Carolina,https://www.mountainproject.com/route/114172086/chasm,1.8,Boulder,V1,1,NA,35.48153,-82.18871
Just As I Am,Devil Boulder > West Side Boulders > Rumbling Bald Bouldering > Rumbling Bald > 1. Southern Mountains Region > North Carolina,https://www.mountainproject.com/route/118072797/just-as-i-am,2.2,Boulder,V0,1,NA,35.44977,-82.21876
Big Toe,North Cary Park Boulders > Raleigh area climbing > 4. Eastern Region > North Carolina,https://www.mountainproject.com/route/112408769/big-toe,2.3,Boulder,V3,1,NA,35.82189,-78.78747
Revenge of the Crabdactyl,Eighth Dome > Wash Rock > Latta Nature Preserve > 3. Piedmont Region > North Carolina,https://www.mountainproject.com/route/118880490/revenge-of-the-crabdactyl,2.3,Boulder,V3+,1,7,35.35547,-80.92191
Battery Crack,Flashlight Boulder > TMI > Lower Dixon > Dixon School Boulders > Crowders Mountain > 3. Piedmont Region > North Carolina,https://www.mountainproject.com/route/116812690/battery-crack,2.2,Boulder,V2,1,30,35.1702,-81.3649
Franken Berry Stool,Monster Cereals > Bethlehem > Lower Dixon > Dixon School Boulders > Crowders Mountain > 3. Piedmont Region > North Carolina,https://www.mountainproject.com/route/107837932/franken-berry-stool,2,Boulder,V0-,1,15,35.1702,-81.3649
Left Crack,Upper Thunder Hill > Thunder Hill Boulders > 2. Northern Mountains Region > North Carolina,https://www.mountainproject.com/route/110867955/left-crack,2.4,Boulder,V1,1,18,36.14673,-81.65104
Megatron,Decepticon Boulder > Gus’s Old School Jams > Upper Dixon > Dixon School Boulders > Crowders Mountain > 3. Piedmont Region > North Carolina,https://www.mountainproject.com/route/107789271/megatron,1.9,Boulder,V2+,1,NA,35.17608,-81.35995
The Washing Machine,Washing Machine Boulder > West Side Boulders > Rumbling Bald Bouldering > Rumbling Bald > 1. Southern Mountains Region > North Carolina,https://www.mountainproject.com/route/119665009/the-washing-machine,2,Boulder,V0 PG13,1,20,35.34877,-82.16269
Big Lake,North Cary Park Boulders > Raleigh area climbing > 4. Eastern Region > North Carolina,https://www.mountainproject.com/route/112408775/big-lake,2,Boulder,V3,1,NA,35.82189,-78.78747
Glass Corner,Petroleum Boulder > 107 Boulders > 1. Southern Mountains Region > North Carolina,https://www.mountainproject.com/route/118805662/glass-corner,2.5,Boulder,V2,1,NA,35.19564,-83.13872
Bulge,Birkhead Wilderness Boulders > 3. Piedmont Region > North Carolina,https://www.mountainproject.com/route/112809044/bulge,2,Boulder,V1,1,12,35.58953,-79.94919
Ryan's Arete,Stone Mountain Bouldering > Stone Mountain > 3. Piedmont Region > North Carolina,https://www.mountainproject.com/route/106129547/ryans-arete,2,Boulder,V1+,1,15,36.3916,-81.0473
Split Arete,Split Boulder > Central Area > Sentinel Buttress Boulderfield > Moore's Wall (Bouldering) > Hanging Rock State Park > 3. Piedmont Region > North Carolina,https://www.mountainproject.com/route/118896907/split-arete,2.2,Boulder,V2,1,NA,36.39674,-80.28784
Firing Squad,Stone Mountain Bouldering > Stone Mountain > 3. Piedmont Region > North Carolina,https://www.mountainproject.com/route/106129558/firing-squad,2,Boulder,V0+,1,8,36.3916,-81.0473
Hollow Prow,Hollow Prow Boulder > First Boulders > Stony Bald > 1. Southern Mountains Region > North Carolina,https://www.mountainproject.com/route/107680843/hollow-prow,2.2,Boulder,V1-2,1,NA,35.4353,-82.7291
Adamantium Claws,Superhero Boulder > Stony Bald > 1. Southern Mountains Region > North Carolina,https://www.mountainproject.com/route/107711057/adamantium-claws,2,Boulder,V1-2,1,NA,35.4353,-82.7291
2 Live Crew Boulder | 5745,2 Live Crew Boulder > Gus’s Old School Jams > Upper Dixon > Dixon School Boulders > Crowders Mountain > 3. Piedmont Region > North Carolina,https://www.mountainproject.com/route/116525745/2-live-crew-boulder-5745,1.9,Boulder,V3-4,1,12,35.17639,-81.35945
The Winchester,Robotto Boulder > Two Mile Boulderfield > Hanging Rock State Park > 3. Piedmont Region > North Carolina,https://www.mountainproject.com/route/112410190/the-winchester,1.9,Boulder,V1,1,NA,36.38609,-80.29572
One lowball to rule them all,Haw River Boulders > 4. Eastern Region > North Carolina,https://www.mountainproject.com/route/117255214/one-lowball-to-rule-them-all,2.3,Boulder,V0,1,6,35.72747,-79.10378
TBD,Lake Raleigh Boulders > Raleigh area climbing > 4. Eastern Region > North Carolina,https://www.mountainproject.com/route/117925519/tbd,2,Boulder,V2,1,NA,35.7692,-78.6887
Swinging Door,Birkhead Wilderness Boulders > 3. Piedmont Region > North Carolina,https://www.mountainproject.com/route/112808998/swinging-door,2,Boulder,V1+,1,15,35.58953,-79.94919
Holy Mackerel,Rodanthe Boulders > 4. Eastern Region > North Carolina,https://www.mountainproject.com/route/113152440/holy-mackerel,2,Boulder,V0,1,4,35.77386,-75.52502
Mantletee,Birkhead Wilderness Boulders > 3. Piedmont Region > North Carolina,https://www.mountainproject.com/route/112809066/mantletee,2,Boulder,V1+,1,15,35.58953,-79.94919
Route 2,Route 181 Rock face > Linville Gorge > 2. Northern Mountains Region > North Carolina,https://www.mountainproject.com/route/120201462/route-2,2,"Trad, TR, Boulder",5.10b/c V1-2,1,20,35.9572,-81.85848
Mystery Hole,Turdslinger Boulder > The Valley Boulderfield > Moore's Wall (Bouldering) > Hanging Rock State Park > 3. Piedmont Region > North Carolina,https://www.mountainproject.com/route/121361156/mystery-hole,2,Boulder,V2,1,10,36.40114,-80.2844
Fruity Yummy Mummy,Monster Cereals > Bethlehem > Lower Dixon > Dixon School Boulders > Crowders Mountain > 3. Piedmont Region > North Carolina,https://www.mountainproject.com/route/116146309/fruity-yummy-mummy,2,Boulder,V1-2,1,10,35.1702,-81.3649
Mexican Robin Hood,The Muffins & Zorro > Hull Area > West Side Boulders > Rumbling Bald Bouldering > Rumbling Bald > 1. Southern Mountains Region > North Carolina,https://www.mountainproject.com/route/116847235/mexican-robin-hood,2,Boulder,V3+,1,NA,35.45022,-82.219220000000007
Gas Blaster,Gas Boulder > Wash Rock > Latta Nature Preserve > 3. Piedmont Region > North Carolina,https://www.mountainproject.com/route/118861879/gas-blaster,2,Boulder,V2-,1,7,35.35557,-80.92167
More Larry Than Scary,Split Boulder > Central Area > Sentinel Buttress Boulderfield > Moore's Wall (Bouldering) > Hanging Rock State Park > 3. Piedmont Region > North Carolina,https://www.mountainproject.com/route/113233259/more-larry-than-scary,2.4,Boulder,V2,1,NA,36.39674,-80.28784
GREYBEARD’S Lip,Up and Over Boulders > Greybeard Boulders > 2. Northern Mountains Region > North Carolina,https://www.mountainproject.com/route/118294490/greybeards-lip,2,Boulder,V1,1,10,35.65201,-82.29705
Pleasant Arete,V2 Boulder > East Side Boulders > Rumbling Bald Bouldering > Rumbling Bald > 1. Southern Mountains Region > North Carolina,https://www.mountainproject.com/route/116223326/pleasant-arete,2,Boulder,V2,1,14,35.44897,-82.2143
Trailside Treat,Trail Side > Greybeard Boulders > 2. Northern Mountains Region > North Carolina,https://www.mountainproject.com/route/118294527/trailside-treat,2,Boulder,V0,1,5,35.65206,-82.29707
Hetchy Sketchy,Front Door Boulder > 107 Boulders > 1. Southern Mountains Region > North Carolina,https://www.mountainproject.com/route/107521977/hetchy-sketchy,2,Boulder,V1,1,15,35.19565,-83.13872
Bloodroot,Springtime Boulder > East Side Boulders > Rumbling Bald Bouldering > Rumbling Bald > 1. Southern Mountains Region > North Carolina,https://www.mountainproject.com/route/108034630/bloodroot,2,Boulder,V1,1,NA,35.44897,-82.2143
Mr. Kennedy,Jolly Green Boulder > Carrboro/University Lake boulders > 4. Eastern Region > North Carolina,https://www.mountainproject.com/route/107215995/mr-kennedy,2,Boulder,V2,1,11,35.8966,-79.0851
Cramped,V2 Boulder > East Side Boulders > Rumbling Bald Bouldering > Rumbling Bald > 1. Southern Mountains Region > North Carolina,https://www.mountainproject.com/route/108032538/cramped,2,Boulder,V2-3,1,NA,35.44897,-82.2143
Crazy Dave's Roof Problem,Hound Ears > 2. Northern Mountains Region > North Carolina,https://www.mountainproject.com/route/106272011/crazy-daves-roof-problem,2,Boulder,V1,1,11,35.6037,-79.2773
Tiger Lily,Springtime Boulder > East Side Boulders > Rumbling Bald Bouldering > Rumbling Bald > 1. Southern Mountains Region > North Carolina,https://www.mountainproject.com/route/108034634/tiger-lily,2,Boulder,V3,1,NA,35.44897,-82.2143
Collaborative,Two Face Boulder > Buffalo Creek Park > 1. Southern Mountains Region > North Carolina,https://www.mountainproject.com/route/109066457/collaborative,2,Boulder,V0+,1,NA,35.48153,-82.18871
Num Num,Big Baby > Boulders > 07. Resurgence Walls > Main Climbing Areas > Crowders Mountain > 3. Piedmont Region > North Carolina,https://www.mountainproject.com/route/107848596/num-num,2,Boulder,V1 PG13,1,35,35.24076,-81.26903
reggatta de blanc,So Lonely > Boulders > 07. Resurgence Walls > Main Climbing Areas > Crowders Mountain > 3. Piedmont Region > North Carolina,https://www.mountainproject.com/route/107845207/reggatta-de-blanc,2,Boulder,V0+,1,15,35.23542,-81.27272
The Iron Cross,Hound Ears > 2. Northern Mountains Region > North Carolina,https://www.mountainproject.com/route/106270821/the-iron-cross,2.3,Boulder,V3,1,14,35.6037,-79.2773
quilla,Big Baby > Boulders > 07. Resurgence Walls > Main Climbing Areas > Crowders Mountain > 3. Piedmont Region > North Carolina,https://www.mountainproject.com/route/107848579/quilla,2,Boulder,V0,1,NA,35.24076,-81.26903
"""You Wouldn't Like Me When I'm Angry""",Superhero Boulder > Stony Bald > 1. Southern Mountains Region > North Carolina,https://www.mountainproject.com/route/107710937/you-wouldnt-like-me-when-im-angry,2,Boulder,V0+,1,NA,35.4353,-82.7291
God Of Thunder,Superhero Boulder > Stony Bald > 1. Southern Mountains Region > North Carolina,https://www.mountainproject.com/route/107710919/god-of-thunder,2,Boulder,V0+,1,NA,35.4353,-82.7291
Batman,North Cary Park Boulders > Raleigh area climbing > 4. Eastern Region > North Carolina,https://www.mountainproject.com/route/112819608/batman,2,Boulder,V2+,1,10,35.82189,-78.78747
Teabag Mantle,Uwharrie National Forest > 3. Piedmont Region > North Carolina,https://www.mountainproject.com/route/118651955/teabag-mantle,2,Boulder,V1-2,1,15,35.4861,-79.67872
Cable Route,Rodanthe Boulders > 4. Eastern Region > North Carolina,https://www.mountainproject.com/route/113152200/cable-route,2,Boulder,V3,1,4,35.77386,-75.52502
Intro to Outdoor Climbing Chapter 1,North Cary Park Boulders > Raleigh area climbing > 4. Eastern Region > North Carolina,https://www.mountainproject.com/route/118743921/intro-to-outdoor-climbing-chapter-1,2,Boulder,V0,1,8,35.82189,-78.78747
Intro to Outdoor Climbing Chapter 2,North Cary Park Boulders > Raleigh area climbing > 4. Eastern Region > North Carolina,https://www.mountainproject.com/route/118743972/intro-to-outdoor-climbing-chapter-2,3,Boulder,V0-,1,8,35.82189,-78.78747
Riding the Rails (Project),Rodanthe Boulders > 4. Eastern Region > North Carolina,https://www.mountainproject.com/route/113152561/riding-the-rails-project,2,Boulder,V3 PG13,1,NA,35.77386,-75.52502
Sure footed,Battle Park Boulders > 4. Eastern Region > North Carolina,https://www.mountainproject.com/route/121780385/sure-footed,2,Boulder,V2,1,10,35.96181,-77.80224
Solely Slopers,Haw River Boulders > 4. Eastern Region > North Carolina,https://www.mountainproject.com/route/117254464/solely-slopers,2,Boulder,V2,1,10,35.72747,-79.10378
Hollow (Log)  Club,West Cliff - Mini > Melrose Mtn. Climbing Park > 1. Southern Mountains Region > North Carolina,https://www.mountainproject.com/route/120447204/hollow-log-club,2,Boulder,V2+ R,1,15,35.20205,-82.28014
Hell No!,University of North Carolina at Charlotte > 3. Piedmont Region > North Carolina,https://www.mountainproject.com/route/122477831/hell-no,2,Boulder,V3,1,25,35.30776,-80.74231
Kids table,Upper Boulder > Table Rock Parking Lot Boulders > Linville Gorge Bouldering > Linville Gorge > 2. Northern Mountains Region > North Carolina,https://www.mountainproject.com/route/118131575/kids-table,2,Boulder,V2+,1,10,35.88654,-81.88495
Henry IV's pet slug,Black Creek Kings > Raleigh area climbing > 4. Eastern Region > North Carolina,https://www.mountainproject.com/route/122297418/henry-ivs-pet-slug,2.3,Boulder,V2+,1,18,35.82723,-78.78527
Nobody Puts Wolfy in the Corner,Lake Raleigh Boulders > Raleigh area climbing > 4. Eastern Region > North Carolina,https://www.mountainproject.com/route/112175180/nobody-puts-wolfy-in-the-corner,1.8,Boulder,V1+,1,10,35.7692,-78.6887
The Montreat Mini Arete,Site 22 Boulder > Greybeard Boulders > 2. Northern Mountains Region > North Carolina,https://www.mountainproject.com/route/118288494/the-montreat-mini-arete,2,Boulder,V3-,1,6,35.65161,-82.29694
Crimp-Eze,Fews Ford > 4. Eastern Region > North Carolina,https://www.mountainproject.com/route/117128529/crimp-eze,2,Boulder,V1-2,1,15,36.08713,-79.01529
Shuffled,Fews Ford > 4. Eastern Region > North Carolina,https://www.mountainproject.com/route/117128459/shuffled,2,Boulder,V2 PG13,1,NA,36.08713,-79.01529
Numerator,Denominator > Gus’s Old School Jams > Upper Dixon > Dixon School Boulders > Crowders Mountain > 3. Piedmont Region > North Carolina,https://www.mountainproject.com/route/116750085/numerator,2,Boulder,V3-4,1,15,35.1761,-81.35971
Alpha,Omega Boulder > Central Area > Sentinel Buttress Boulderfield > Moore's Wall (Bouldering) > Hanging Rock State Park > 3. Piedmont Region > North Carolina,https://www.mountainproject.com/route/121442358/alpha,2,Boulder,V0,1,10,36.39708,-80.28751
Suzie Q,Beep Bop Boulder > Looking Glass Boulders > Looking Glass Rock > 1. Southern Mountains Region > North Carolina,https://www.mountainproject.com/route/121812545/suzie-q,2,Boulder,V1-2,1,10,35.30446,-82.79644
De Stilj,White Stripes Boulder > Bethlehem > Lower Dixon > Dixon School Boulders > Crowders Mountain > 3. Piedmont Region > North Carolina,https://www.mountainproject.com/route/119095307/de-stilj,2,Boulder,V2,1,8,35.17478,-81.36243
Divisor,Denominator > Gus’s Old School Jams > Upper Dixon > Dixon School Boulders > Crowders Mountain > 3. Piedmont Region > North Carolina,https://www.mountainproject.com/route/117698495/divisor,2,Boulder,V3-,1,12,35.1761,-81.35971
Hippy Crippler,Halfpipe Boulder > The Obscure Area > West Side Boulders > Rumbling Bald Bouldering > Rumbling Bald > 1. Southern Mountains Region > North Carolina,https://www.mountainproject.com/route/118997576/hippy-crippler,2,Boulder,V3 R,1,15,35.44747,-82.21659
Chimney Sweep,Granite City > 1. Southern Mountains Region > North Carolina,https://www.mountainproject.com/route/122513018/chimney-sweep,2,Boulder,V0,1,NA,35.04541,-83.13769
The Thing Left,Granite City > 1. Southern Mountains Region > North Carolina,https://www.mountainproject.com/route/122512606/the-thing-left,2,Boulder,V1,1,NA,35.04541,-83.13769
Scratch the Itch,Upper Tier > Eagle Rock > 1. Southern Mountains Region > North Carolina,https://www.mountainproject.com/route/116720173/scratch-the-itch,2,Boulder,V1,1,NA,35.60369,-79.27729
Welcome Home,Brackish Boulder > East Side Boulders > Rumbling Bald Bouldering > Rumbling Bald > 1. Southern Mountains Region > North Carolina,https://www.mountainproject.com/route/120104011/welcome-home,2.5,Boulder,V3,1,10,35.44861,-82.21211
Short man don’t dab,Site 22 Boulder > Greybeard Boulders > 2. Northern Mountains Region > North Carolina,https://www.mountainproject.com/route/118288531/short-man-dont-dab,2,Boulder,V2+,1,7,35.65161,-82.29694
Inigo Montoya,Bob Fudge Boulder > Wolf Branch/Rich Knob > 2. Northern Mountains Region > North Carolina,https://www.mountainproject.com/route/118991797/inigo-montoya,2,Boulder,V3,1,12,35.6693,-82.44686
Hobbit's Ladder,The Black Gate > Rocky Head > Greybeard Boulders > 2. Northern Mountains Region > North Carolina,https://www.mountainproject.com/route/120464796/hobbits-ladder,2,Boulder,V1-2,1,12,35.6573,-82.29162
Montreat Lip Traverse,Site 22 Boulder > Greybeard Boulders > 2. Northern Mountains Region > North Carolina,https://www.mountainproject.com/route/118288579/montreat-lip-traverse,2,Boulder,V1,1,12,35.65161,-82.29694
The Ghetto,Granite City > 1. Southern Mountains Region > North Carolina,https://www.mountainproject.com/route/119787155/the-ghetto,2,Boulder,V1,1,8,35.04541,-83.13769
Chimney Arête Right,Granite City > 1. Southern Mountains Region > North Carolina,https://www.mountainproject.com/route/122513080/chimney-arete-right,2,Boulder,V0,1,NA,35.04541,-83.13769
Tips and Toes,Two-move rock > Wash Rock > Latta Nature Preserve > 3. Piedmont Region > North Carolina,https://www.mountainproject.com/route/118340481/tips-and-toes,1.8,Boulder,V1,1,6,35.35547,-80.92183
Introduction to fun,Mini Fin 2 > Weaver Knob Boulders > 2. Northern Mountains Region > North Carolina,https://www.mountainproject.com/route/122560741/introduction-to-fun,2,Boulder,V0-,1,10,35.96553,-82.4707
Take My Hand Sit,Found Boulder > Egg Area > Upper Dixon > Dixon School Boulders > Crowders Mountain > 3. Piedmont Region > North Carolina,https://www.mountainproject.com/route/120360323/take-my-hand-sit,2,Boulder,V2-3,1,10,35.17676,-81.35886
Slipe and Slide,Secluded Field > Looking Glass Boulders > Looking Glass Rock > 1. Southern Mountains Region > North Carolina,https://www.mountainproject.com/route/117894937/slipe-and-slide,2,Boulder,V3-,1,18,35.30476,-82.7964
Baby Shark,Mini Fin 1 > Weaver Knob Boulders > 2. Northern Mountains Region > North Carolina,https://www.mountainproject.com/route/122560590/baby-shark,2,Boulder,V0-,1,10,35.96553,-82.4707
The Ledge Inspector,Wall-K in the Park > 2. Northern Mountains Region > North Carolina,https://www.mountainproject.com/route/118105935/the-ledge-inspector,2,Boulder,V2,1,15,35.90169,-81.5244
On the Side,Granite City > 1. Southern Mountains Region > North Carolina,https://www.mountainproject.com/route/122513202/on-the-side,2,Boulder,V1,1,NA,35.04541,-83.13769
Cuspid,Below Raven Rock? > Thunder Hill Boulders > 2. Northern Mountains Region > North Carolina,https://www.mountainproject.com/route/114577250/cuspid,2,Boulder,V2- PG13,1,15,36.14727,-81.63346
Jester's Slide,Black Creek Kings > Raleigh area climbing > 4. Eastern Region > North Carolina,https://www.mountainproject.com/route/122298179/jesters-slide,2,Boulder,V2,1,10,35.82723,-78.78527
One Year Older,West Cliff - Mini > Melrose Mtn. Climbing Park > 1. Southern Mountains Region > North Carolina,https://www.mountainproject.com/route/122168815/one-year-older,2,Boulder,V3+ R,1,12,35.20205,-82.28014
The Vines!,Wall-K in the Park > 2. Northern Mountains Region > North Carolina,https://www.mountainproject.com/route/118105854/the-vines,2,Boulder,V2 PG13,1,20,35.90169,-81.5244
Layback Shark,Mini Fin 1 > Weaver Knob Boulders > 2. Northern Mountains Region > North Carolina,https://www.mountainproject.com/route/122560668/layback-shark,2.5,Boulder,V0,1,8,35.96553,-82.4707
General Meade,Gettysburg Boulder > East Side Boulders > Rumbling Bald Bouldering > Rumbling Bald > 1. Southern Mountains Region > North Carolina,https://www.mountainproject.com/route/116223335/general-meade,2,Boulder,V2-,1,14,35.44897,-82.2143
Transverse Shark,Mini Fin 1 > Weaver Knob Boulders > 2. Northern Mountains Region > North Carolina,https://www.mountainproject.com/route/122560629/transverse-shark,2,Boulder,V0+,1,10,35.96553,-82.4707
Nerodia,Big Godson > 4. Eastern Region > North Carolina,https://www.mountainproject.com/route/117067581/nerodia,2,Boulder,V1+,1,17,35.95559,-79.3318
Tree of Life,Big Godson > 4. Eastern Region > North Carolina,https://www.mountainproject.com/route/117071079/tree-of-life,2,Boulder,V2,1,17,35.95559,-79.3318
Beefalo Slab,Tatanka Boulder > Buffalo Creek Park > 1. Southern Mountains Region > North Carolina,https://www.mountainproject.com/route/118197207/beefalo-slab,2,Boulder,V3-4,1,12,35.48153,-82.18871
Lip Chaverse,Tatanka Boulder > Buffalo Creek Park > 1. Southern Mountains Region > North Carolina,https://www.mountainproject.com/route/120407557/lip-chaverse,2.5,Boulder,V2,1,25,35.48153,-82.18871
Jack Reacher,Jack Smith Park > Raleigh area climbing > 4. Eastern Region > North Carolina,https://www.mountainproject.com/route/122159541/jack-reacher,2,Boulder,V0,1,8,35.70913,-78.76616
Weed Patch Lieback,Weed Patch Boulders > Weed Patch Mountain Trail Boulders > Eagle Rock > 1. Southern Mountains Region > North Carolina,https://www.mountainproject.com/route/116159688/weed-patch-lieback,2,Boulder,V0,1,15,35.47678,-82.23175
A Bull Named Fumanchu,Stokes County Rodeo Boulder > North End Boulderfield > Moore's Wall (Bouldering) > Hanging Rock State Park > 3. Piedmont Region > North Carolina,https://www.mountainproject.com/route/114166104/a-bull-named-fumanchu,2,"TR, Boulder",V3-4,1,10,36.40191,-80.27848
The Howerton Traverse,Trail Side > Greybeard Boulders > 2. Northern Mountains Region > North Carolina,https://www.mountainproject.com/route/118294540/the-howerton-traverse,2,Boulder,V1-,1,10,35.65206,-82.29707
Smokey,Gneiss Try Boulder > Wolf Branch/Rich Knob > 2. Northern Mountains Region > North Carolina,https://www.mountainproject.com/route/119038762/smokey,2,Boulder,V1,1,8,35.66902,-82.447
Not a Dud,Fireworks Boulder > First Boulders > Stony Bald > 1. Southern Mountains Region > North Carolina,https://www.mountainproject.com/route/120912312/not-a-dud,2,Boulder,V1,1,12,35.43635,-82.72623
Fern Bulge,Bench Boulder > Central Area > Sentinel Buttress Boulderfield > Moore's Wall (Bouldering) > Hanging Rock State Park > 3. Piedmont Region > North Carolina,https://www.mountainproject.com/route/123102893/fern-bulge,2,Boulder,V3,1,12,36.39747,-80.28772
Jack in the Box,Jack Smith Park > Raleigh area climbing > 4. Eastern Region > North Carolina,https://www.mountainproject.com/route/122159553/jack-in-the-box,2,Boulder,V0,1,8,35.70913,-78.76616
The Tunnel,Hound Ears > 2. Northern Mountains Region > North Carolina,https://www.mountainproject.com/route/111800695/the-tunnel,2.7,Boulder,V3,1,8,35.6037,-79.2773
Knob Scorcher,The Wishing Well > Central Boulders > Rumbling Bald Bouldering > Rumbling Bald > 1. Southern Mountains Region > North Carolina,https://www.mountainproject.com/route/108003662/knob-scorcher,2,Boulder,V3,1,NA,35.44899,-82.2143
Revamp,Triangle Boulder > 107 Boulders > 1. Southern Mountains Region > North Carolina,https://www.mountainproject.com/route/107530897/revamp,2,Boulder,V2,1,NA,35.19564,-83.13872
Breach,Hound Ears > 2. Northern Mountains Region > North Carolina,https://www.mountainproject.com/route/106270828/breach,2,Boulder,V2,1,9,35.6037,-79.2773
Jumping Jacks,Fireworks Boulder > First Boulders > Stony Bald > 1. Southern Mountains Region > North Carolina,https://www.mountainproject.com/route/107686172/jumping-jacks,2,Boulder,V0,1,NA,35.43635,-82.72623
Unclimbed Highball,Unclimbed Highball Boulder > Unclimbed Boulders > Stony Bald > 1. Southern Mountains Region > North Carolina,https://www.mountainproject.com/route/107686625/unclimbed-highball,2,Boulder,V1,1,NA,35.43618,-82.72854
Atelectasis,Lung Buster Boulder > Second/Many Boulders > Stony Bald > 1. Southern Mountains Region > North Carolina,https://www.mountainproject.com/route/107739428/atelectasis,2,Boulder,V0,1,NA,35.4353,-82.7291
One Legged Bat Crack,Grindstone Mini Wall Boulders > 00. Pilot Mountain Boulders > Pilot Mountain > 3. Piedmont Region > North Carolina,https://www.mountainproject.com/route/123380533/one-legged-bat-crack,2,Boulder,V2,1,8,36.35037,-80.47544
Fence Lizard,Grindstone Mini Wall Boulders > 00. Pilot Mountain Boulders > Pilot Mountain > 3. Piedmont Region > North Carolina,https://www.mountainproject.com/route/123383711/fence-lizard,2,Boulder,V2,1,8,36.35037,-80.47544
Convoluted Convolution,Grindstone Mini Wall Boulders > 00. Pilot Mountain Boulders > Pilot Mountain > 3. Piedmont Region > North Carolina,https://www.mountainproject.com/route/123380448/convoluted-convolution,2,Boulder,V2+,1,20,36.35037,-80.47544
Inchworm Deviation,Grindstone Mini Wall Boulders > 00. Pilot Mountain Boulders > Pilot Mountain > 3. Piedmont Region > North Carolina,https://www.mountainproject.com/route/123380674/inchworm-deviation,2,Boulder,V3,1,15,36.35037,-80.47544
Olde Flesh,New Frontiers Boulder > 107 Boulders > 1. Southern Mountains Region > North Carolina,https://www.mountainproject.com/route/123516456/olde-flesh,2.5,Boulder,V3,1,12,35.19565,-83.13872
Portland Arete,Concrete Boulder > TMI > Lower Dixon > Dixon School Boulders > Crowders Mountain > 3. Piedmont Region > North Carolina,https://www.mountainproject.com/route/117711894/portland-arete,2,Boulder,V1-2,1,8,35.17521,-81.36194
Pepper,Breakfast Boulder > East Side Boulders > Rumbling Bald Bouldering > Rumbling Bald > 1. Southern Mountains Region > North Carolina,https://www.mountainproject.com/route/120103949/pepper,2.2,Boulder,V1-2,1,10,35.44897,-82.2143
Salt,Breakfast Boulder > East Side Boulders > Rumbling Bald Bouldering > Rumbling Bald > 1. Southern Mountains Region > North Carolina,https://www.mountainproject.com/route/120103929/salt,2,Boulder,V2,1,10,35.44897,-82.2143
Snuggie,Infomercial > Gus’s Old School Jams > Upper Dixon > Dixon School Boulders > Crowders Mountain > 3. Piedmont Region > North Carolina,https://www.mountainproject.com/route/120160917/snuggie,2,Boulder,V0,1,10,35.17564,-81.36101
Thorn in My Side,Front Door Boulder > 107 Boulders > 1. Southern Mountains Region > North Carolina,https://www.mountainproject.com/route/107521991/thorn-in-my-side,2,Boulder,V1,1,NA,35.19565,-83.13872
Pocket Head,Hound Ears > 2. Northern Mountains Region > North Carolina,https://www.mountainproject.com/route/106270710/pocket-head,2.3,Boulder,V1,1,10,35.6037,-79.2773
Tooth Crack,Birkhead Wilderness Boulders > 3. Piedmont Region > North Carolina,https://www.mountainproject.com/route/112809078/tooth-crack,2,Boulder,V1,1,15,35.58953,-79.94919
Sandy Man,Battle Park Boulders > 4. Eastern Region > North Carolina,https://www.mountainproject.com/route/121780477/sandy-man,2,Boulder,V2,1,7,35.96181,-77.80224
Star Spangled Shield,Superhero Boulder > Stony Bald > 1. Southern Mountains Region > North Carolina,https://www.mountainproject.com/route/107710899/star-spangled-shield,2.5,Boulder,V0,1,NA,35.4353,-82.7291
Ejector Seat,Umstead Park > Other Nearby places to climb > Carrboro/University Lake boulders > 4. Eastern Region > North Carolina,https://www.mountainproject.com/route/123521868/ejector-seat,2.3,Boulder,V1,1,5,35.92157,-79.06163
Milk Thistle,Giant Slab Boulder > 107 Boulders > 1. Southern Mountains Region > North Carolina,https://www.mountainproject.com/route/107530910/milk-thistle,4,Boulder,V3+,1,NA,35.19565,-83.13872
On the brink,The Brink > The Valley Boulderfield > Moore's Wall (Bouldering) > Hanging Rock State Park > 3. Piedmont Region > North Carolina,https://www.mountainproject.com/route/125363288/on-the-brink,2,Boulder,V-easy,1,NA,36.40231,-80.28532
Dice,Opportunist Boulder > West Side Boulders > Rumbling Bald Bouldering > Rumbling Bald > 1. Southern Mountains Region > North Carolina,https://www.mountainproject.com/route/124189120/dice,2,Boulder,V0-,1,NA,35.45159,-82.22038
Cleverly Disguised as an Adult,The Adult Boulder > Trailside Boulderfield > Sentinel Buttress Boulderfield > Moore's Wall (Bouldering) > Hanging Rock State Park > 3. Piedmont Region > North Carolina,https://www.mountainproject.com/route/125587478/cleverly-disguised-as-an-adult,2.7,Boulder,V0-,1,NA,36.39877,-80.28655
Starfish,TMI Boulder > TMI > Lower Dixon > Dixon School Boulders > Crowders Mountain > 3. Piedmont Region > North Carolina,https://www.mountainproject.com/route/125741335/starfish,2.5,Boulder,V0-,1,NA,35.17529,-81.36139
Plonk,TMI Boulder > TMI > Lower Dixon > Dixon School Boulders > Crowders Mountain > 3. Piedmont Region > North Carolina,https://www.mountainproject.com/route/125741367/plonk,2.5,Boulder,V0-,1,25,35.17529,-81.36139
Family Ties,Family Boulders > West Side Boulders > Rumbling Bald Bouldering > Rumbling Bald > 1. Southern Mountains Region > North Carolina,https://www.mountainproject.com/route/123796464/family-ties,2.3,Boulder,V0,1,NA,35.44986,-82.21387
Pez,Opportunist Boulder > West Side Boulders > Rumbling Bald Bouldering > Rumbling Bald > 1. Southern Mountains Region > North Carolina,https://www.mountainproject.com/route/124189099/pez,2.3,Boulder,V0,1,NA,35.45159,-82.22038
Dominoes,Opportunist Boulder > West Side Boulders > Rumbling Bald Bouldering > Rumbling Bald > 1. Southern Mountains Region > North Carolina,https://www.mountainproject.com/route/124189113/dominoes,2,Boulder,V0,1,NA,35.45159,-82.22038
Big Booty Hoes,Chamber Pot Boulder > The Terraces > West Side Boulders > Rumbling Bald Bouldering > Rumbling Bald > 1. Southern Mountains Region > North Carolina,https://www.mountainproject.com/route/124273703/big-booty-hoes,2,Boulder,V0,1,25,35.4519,-82.22049
Ladies in Waiting,Chamber Pot Boulder > The Terraces > West Side Boulders > Rumbling Bald Bouldering > Rumbling Bald > 1. Southern Mountains Region > North Carolina,https://www.mountainproject.com/route/124273733/ladies-in-waiting,3,Boulder,V0,1,25,35.4519,-82.22049
My Little Pony,Warm-Up Boulder > The Terraces > West Side Boulders > Rumbling Bald Bouldering > Rumbling Bald > 1. Southern Mountains Region > North Carolina,https://www.mountainproject.com/route/124273916/my-little-pony,2.7,Boulder,V0,1,12,35.45207,-82.22043
Ages 3 & Up,Come Out & Play Blocks > East Side Boulders > Rumbling Bald Bouldering > Rumbling Bald > 1. Southern Mountains Region > North Carolina,https://www.mountainproject.com/route/125674844/ages-3-up,2,Boulder,V0,1,NA,35.44897,-82.2143
Burson Buttcrag,University of North Carolina at Charlotte > 3. Piedmont Region > North Carolina,https://www.mountainproject.com/route/125735561/burson-buttcrag,4,Boulder,V0,1,12,35.30776,-80.74231
Wide Open,University of North Carolina at Charlotte > 3. Piedmont Region > North Carolina,https://www.mountainproject.com/route/125870861/wide-open,3,Boulder,V0,1,15,35.30776,-80.74231
Barbs Warm-Up,Skyline Boulder > Central Area > Sentinel Buttress Boulderfield > Moore's Wall (Bouldering) > Hanging Rock State Park > 3. Piedmont Region > North Carolina,https://www.mountainproject.com/route/126151816/barbs-warm-up,3,Boulder,V0,1,NA,36.39685,-80.28737
Got Insurance,Skyline Boulder > Central Area > Sentinel Buttress Boulderfield > Moore's Wall (Bouldering) > Hanging Rock State Park > 3. Piedmont Region > North Carolina,https://www.mountainproject.com/route/126151879/got-insurance,3,Boulder,V0,1,NA,36.39685,-80.28737
Warm-up Traverse,Warmup Boulder > The Valley Boulderfield > Moore's Wall (Bouldering) > Hanging Rock State Park > 3. Piedmont Region > North Carolina,https://www.mountainproject.com/route/125327154/warm-up-traverse,2,Boulder,V0,1,NA,36.40123,-80.28552
Warm up slab,Warmup Boulder > The Valley Boulderfield > Moore's Wall (Bouldering) > Hanging Rock State Park > 3. Piedmont Region > North Carolina,https://www.mountainproject.com/route/125359402/warm-up-slab,2,Boulder,V0,1,NA,36.40123,-80.28552
Modulation,Proper Modulation Boulder > The Valley Boulderfield > Moore's Wall (Bouldering) > Hanging Rock State Park > 3. Piedmont Region > North Carolina,https://www.mountainproject.com/route/125363507/modulation,2.7,Boulder,V0,1,NA,36.40048,-80.28448
The Lagrangian,Governing Dynamics Boulder > The Valley Boulderfield > Moore's Wall (Bouldering) > Hanging Rock State Park > 3. Piedmont Region > North Carolina,https://www.mountainproject.com/route/125327267/the-lagrangian,2,Boulder,V0,1,NA,36.40103,-80.2833
Broken,Crack Rock Boulder > The Valley Boulderfield > Moore's Wall (Bouldering) > Hanging Rock State Park > 3. Piedmont Region > North Carolina,https://www.mountainproject.com/route/125566267/broken,2,Boulder,V0,1,12,36.40087,-80.2844
Pipeline,Crack Rock Boulder > The Valley Boulderfield > Moore's Wall (Bouldering) > Hanging Rock State Park > 3. Piedmont Region > North Carolina,https://www.mountainproject.com/route/125566295/pipeline,2,Boulder,V0,1,15,36.40087,-80.2844
Orange Juice,Breakfast Boulder > East Side Boulders > Rumbling Bald Bouldering > Rumbling Bald > 1. Southern Mountains Region > North Carolina,https://www.mountainproject.com/route/200637868/orange-juice,2,Boulder,V0,1,NA,35.44897,-82.2143
Jugalicious,Lower Boulder > Table Rock Parking Lot Boulders > Linville Gorge Bouldering > Linville Gorge > 2. Northern Mountains Region > North Carolina,https://www.mountainproject.com/route/200922630/jugalicious,2,Boulder,V0,1,20,35.88659,-81.88512
Poison Arete,Dab Police > East Side Boulders > Rumbling Bald Bouldering > Rumbling Bald > 1. Southern Mountains Region > North Carolina,https://www.mountainproject.com/route/200990490/poison-arete,2,Boulder,V0 PG13,1,12,35.44897,-82.2143
Boo Berry,Monster Cereals > Bethlehem > Lower Dixon > Dixon School Boulders > Crowders Mountain > 3. Piedmont Region > North Carolina,https://www.mountainproject.com/route/125735629/boo-berry,3,Boulder,V0,1,NA,35.1702,-81.3649
Classic Slab,Classic Overhang Boulder > Classics Patio > Lower Dixon > Dixon School Boulders > Crowders Mountain > 3. Piedmont Region > North Carolina,https://www.mountainproject.com/route/200894189/classic-slab,2.3,Boulder,V0,1,20,35.17503,-81.36209
Unknown Warmup,Flashlight Boulder > TMI > Lower Dixon > Dixon School Boulders > Crowders Mountain > 3. Piedmont Region > North Carolina,https://www.mountainproject.com/route/200894132/unknown-warmup,2,Boulder,V0,1,NA,35.1702,-81.3649
Thing Two,Dr. Seuss Boulder > Gus’s Old School Jams > Upper Dixon > Dixon School Boulders > Crowders Mountain > 3. Piedmont Region > North Carolina,https://www.mountainproject.com/route/127326722/thing-two,2.5,Boulder,V0,1,15,35.17633,-81.36003
Baby Greens,Far Away Slab > Pride Lands > Upper Dixon > Dixon School Boulders > Crowders Mountain > 3. Piedmont Region > North Carolina,https://www.mountainproject.com/route/200913635/baby-greens,2.5,Boulder,V0,1,25,35.17708,-81.35835
Wumbology,Rock Bottom > Pride Lands > Upper Dixon > Dixon School Boulders > Crowders Mountain > 3. Piedmont Region > North Carolina,https://www.mountainproject.com/route/202043223/wumbology,2,Boulder,V0,1,10,35.17685,-81.35853
Garter,Snake Jam Boulder > Gus’s Old School Jams > Upper Dixon > Dixon School Boulders > Crowders Mountain > 3. Piedmont Region > North Carolina,https://www.mountainproject.com/route/202212649/garter,2,Boulder,V0,1,12,35.1758,-81.36001
Crack Traverse,TMI Boulder > TMI > Lower Dixon > Dixon School Boulders > Crowders Mountain > 3. Piedmont Region > North Carolina,https://www.mountainproject.com/route/202278931/crack-traverse,2,Boulder,V0,1,10,35.17529,-81.36139
Family Tree,Domestic Affairs > West Side Boulders > Rumbling Bald Bouldering > Rumbling Bald > 1. Southern Mountains Region > North Carolina,https://www.mountainproject.com/route/124189170/family-tree,2,Boulder,V0+,1,NA,35.4515,-82.22018
Full Court Crimp,Bench Boulder > Central Area > Sentinel Buttress Boulderfield > Moore's Wall (Bouldering) > Hanging Rock State Park > 3. Piedmont Region > North Carolina,https://www.mountainproject.com/route/125280579/full-court-crimp,3.4,Boulder,V0+,1,NA,36.39747,-80.28772
Meat Grinder,Battle Park Boulders > 4. Eastern Region > North Carolina,https://www.mountainproject.com/route/125948504/meat-grinder,2,Boulder,V0-1,1,12,35.96181,-77.80224
Mulcher,Haw River Boulders > 4. Eastern Region > North Carolina,https://www.mountainproject.com/route/126153235/mulcher,3.5,Boulder,V0-1 R,1,10,35.72747,-79.10378
I peed in nature,Birkhead Wilderness Boulders > 3. Piedmont Region > North Carolina,https://www.mountainproject.com/route/125595540/i-peed-in-nature,2,Boulder,V1-,1,11,35.58953,-79.94919
Dogsback left,Dogsback Mountain boulders > Gold Coast Cliffs > Linville Gorge > 2. Northern Mountains Region > North Carolina,https://www.mountainproject.com/route/200608383/dogsback-left,2,Boulder,V1-,1,NA,35.86483,-81.9141
Spider Central,Lower Boulder > Table Rock Parking Lot Boulders > Linville Gorge Bouldering > Linville Gorge > 2. Northern Mountains Region > North Carolina,https://www.mountainproject.com/route/200922732/spider-central,3,Boulder,V1-,1,20,35.88659,-81.88512
Sergeant Standup,Captain Heel Hook Boulder > McKinney Gap Boulders > 2. Northern Mountains Region > North Carolina,https://www.mountainproject.com/route/123599321/sergeant-standup,2,Boulder,V1,1,10,35.95802,-82.46785
Between a Rock and a Heart Place,University of North Carolina at Charlotte > 3. Piedmont Region > North Carolina,https://www.mountainproject.com/route/123704531/between-a-rock-and-a-heart-place,3,Boulder,V1,1,20,35.30776,-80.74231
Family Feud,Family Boulders > West Side Boulders > Rumbling Bald Bouldering > Rumbling Bald > 1. Southern Mountains Region > North Carolina,https://www.mountainproject.com/route/123796485/family-feud,1.8,Boulder,V1,1,NA,35.44986,-82.21387
Chondroitin,Power Pills > East Side Boulders > Rumbling Bald Bouldering > Rumbling Bald > 1. Southern Mountains Region > North Carolina,https://www.mountainproject.com/route/123796795/chondroitin,2,Boulder,V1,1,NA,35.44897,-82.2143
Chamber Maid,Chamber Pot Boulder > The Terraces > West Side Boulders > Rumbling Bald Bouldering > Rumbling Bald > 1. Southern Mountains Region > North Carolina,https://www.mountainproject.com/route/124273721/chamber-maid,3,Boulder,V1,1,25,35.4519,-82.22049
Hash,Sweet Tea Boulder > The Terraces > West Side Boulders > Rumbling Bald Bouldering > Rumbling Bald > 1. Southern Mountains Region > North Carolina,https://www.mountainproject.com/route/124273802/hash,2,Boulder,V1,1,10,35.45219,-82.22047
Heart Place,University of North Carolina at Charlotte > 3. Piedmont Region > North Carolina,https://www.mountainproject.com/route/124526143/heart-place,2,Boulder,V1,1,10,35.30776,-80.74231
Sea-Saw,The Playground > East Side Boulders > Rumbling Bald Bouldering > Rumbling Bald > 1. Southern Mountains Region > North Carolina,https://www.mountainproject.com/route/125673075/sea-saw,2,Boulder,V1,1,NA,35.44897,-82.2143
White Whale,Moby Dick Boulder > West Side Boulders > Rumbling Bald Bouldering > Rumbling Bald > 1. Southern Mountains Region > North Carolina,https://www.mountainproject.com/route/125679326/white-whale,3,Boulder,V1,1,NA,35.34877,-82.16269
Right Side,Classic Overhang > West Side Boulders > Rumbling Bald Bouldering > Rumbling Bald > 1. Southern Mountains Region > North Carolina,https://www.mountainproject.com/route/125681239/right-side,2,Boulder,V1,1,NA,35.14451,-82.04893
Rock and a Hard Place,University of North Carolina at Charlotte > 3. Piedmont Region > North Carolina,https://www.mountainproject.com/route/126120183/rock-and-a-hard-place,2,Boulder,V1,1,7,35.30776,-80.74231
Titan Face,Titan Boulder > Central Area > Sentinel Buttress Boulderfield > Moore's Wall (Bouldering) > Hanging Rock State Park > 3. Piedmont Region > North Carolina,https://www.mountainproject.com/route/125326822/titan-face,3.3,Boulder,V1,1,NA,36.39743,-80.28705
Off the bench,Bench Boulder > Central Area > Sentinel Buttress Boulderfield > Moore's Wall (Bouldering) > Hanging Rock State Park > 3. Piedmont Region > North Carolina,https://www.mountainproject.com/route/125587359/off-the-bench,2,Boulder,V1,1,NA,36.39747,-80.28772
Angry Angel,Warmup Boulder > The Valley Boulderfield > Moore's Wall (Bouldering) > Hanging Rock State Park > 3. Piedmont Region > North Carolina,https://www.mountainproject.com/route/125089070/angry-angel,2.3,Boulder,V1,1,NA,36.40123,-80.28552
Red oak,Warmup Boulder > The Valley Boulderfield > Moore's Wall (Bouldering) > Hanging Rock State Park > 3. Piedmont Region > North Carolina,https://www.mountainproject.com/route/125359508/red-oak,1.8,Boulder,V1,1,NA,36.40123,-80.28552
Brink of Disaster,The Brink > The Valley Boulderfield > Moore's Wall (Bouldering) > Hanging Rock State Park > 3. Piedmont Region > North Carolina,https://www.mountainproject.com/route/125363357/brink-of-disaster,2.4,Boulder,V1,1,NA,36.40231,-80.28532
Border of badness,The Brink > The Valley Boulderfield > Moore's Wall (Bouldering) > Hanging Rock State Park > 3. Piedmont Region > North Carolina,https://www.mountainproject.com/route/125363395/border-of-badness,2,Boulder,V1,1,NA,36.40231,-80.28532
Tree Stomp,Hanging Rock Baby Boulder > Hanging Rock State Park > 3. Piedmont Region > North Carolina,https://www.mountainproject.com/route/200596845/tree-stomp,4,Boulder,V1,1,6,36.39617,-80.25575
Sticks,Hanging Rock Baby Boulder > Hanging Rock State Park > 3. Piedmont Region > North Carolina,https://www.mountainproject.com/route/200596880/sticks,4,Boulder,V1,1,6,36.39617,-80.25575
Pullback Topology,Innuendo Boulder > 107 Boulders > 1. Southern Mountains Region > North Carolina,https://www.mountainproject.com/route/200622420/pullback-topology,2,Boulder,V1 PG13,1,15,35.19564,-83.13872
Core Enlightenment,Enlightenment Boulder > The Valley Boulderfield > Moore's Wall (Bouldering) > Hanging Rock State Park > 3. Piedmont Region > North Carolina,https://www.mountainproject.com/route/200733766/core-enlightenment,2,Boulder,V1,1,NA,36.40074,-80.28319
Mando Left,Lower Boulder > Table Rock Parking Lot Boulders > Linville Gorge Bouldering > Linville Gorge > 2. Northern Mountains Region > North Carolina,https://www.mountainproject.com/route/200922650/mando-left,3,Boulder,V1,1,25,35.88659,-81.88512
Count Chocula,Monster Cereals > Bethlehem > Lower Dixon > Dixon School Boulders > Crowders Mountain > 3. Piedmont Region > North Carolina,https://www.mountainproject.com/route/125735578/count-chocula,2,Boulder,V1,1,NA,35.1702,-81.3649
Commitment Issues,Lovers Boulder Cluster > TMI > Lower Dixon > Dixon School Boulders > Crowders Mountain > 3. Piedmont Region > North Carolina,https://www.mountainproject.com/route/200878917/commitment-issues,3.2,Boulder,V1,1,25,35.17531,-81.36214
Ares' Avoidance,Zeus Eye Boulder > Bethlehem > Lower Dixon > Dixon School Boulders > Crowders Mountain > 3. Piedmont Region > North Carolina,https://www.mountainproject.com/route/200297090/ares-avoidance,2,Boulder,V1,1,15,35.17467,-81.36242
Pandora's Puzzle,Zeus Eye Boulder > Bethlehem > Lower Dixon > Dixon School Boulders > Crowders Mountain > 3. Piedmont Region > North Carolina,https://www.mountainproject.com/route/200297277/pandoras-puzzle,2,Boulder,V1,1,15,35.17467,-81.36242
Chimera Climbing,Zeus Eye Boulder > Bethlehem > Lower Dixon > Dixon School Boulders > Crowders Mountain > 3. Piedmont Region > North Carolina,https://www.mountainproject.com/route/200297392/chimera-climbing,2,Boulder,V1,1,15,35.17467,-81.36242
Thing One,Dr. Seuss Boulder > Gus’s Old School Jams > Upper Dixon > Dixon School Boulders > Crowders Mountain > 3. Piedmont Region > North Carolina,https://www.mountainproject.com/route/127326704/thing-one,2.7,Boulder,V1,1,15,35.17633,-81.36003
November Sunset,Backyard Boulder > Pride Lands > Upper Dixon > Dixon School Boulders > Crowders Mountain > 3. Piedmont Region > North Carolina,https://www.mountainproject.com/route/127357505/november-sunset,3,Boulder,V1,1,10,35.17666,-81.35884
Backyardagains,Backyard Boulder > Pride Lands > Upper Dixon > Dixon School Boulders > Crowders Mountain > 3. Piedmont Region > North Carolina,https://www.mountainproject.com/route/200877424/backyardagains,2,Boulder,V1,1,20,35.17666,-81.35884
Ceasar Salad,Far Away Slab > Pride Lands > Upper Dixon > Dixon School Boulders > Crowders Mountain > 3. Piedmont Region > North Carolina,https://www.mountainproject.com/route/200913532/ceasar-salad,2,Boulder,V1,1,25,35.17708,-81.35835
Salad Traverse,Far Away Slab > Pride Lands > Upper Dixon > Dixon School Boulders > Crowders Mountain > 3. Piedmont Region > North Carolina,https://www.mountainproject.com/route/200913574/salad-traverse,2,Boulder,V1,1,25,35.17708,-81.35835
Howl,Coyote Cave > McKinney Gap Boulders > 2. Northern Mountains Region > North Carolina,https://www.mountainproject.com/route/201666734/howl,2,Boulder,V1,1,15,35.96027,-82.46826
Senior Discount,Old Folks Home > Gus’s Old School Jams > Upper Dixon > Dixon School Boulders > Crowders Mountain > 3. Piedmont Region > North Carolina,https://www.mountainproject.com/route/201918895/senior-discount,2,Boulder,V1 X,1,40,35.17592,-81.36014
The Rough,Stigmata Boulder > Two Mile Boulderfield > Hanging Rock State Park > 3. Piedmont Region > North Carolina,https://www.mountainproject.com/route/201938723/the-rough,3,Boulder,V1,1,11,36.38623,-80.29532
Cracked Lettuce,Far Away Slab > Pride Lands > Upper Dixon > Dixon School Boulders > Crowders Mountain > 3. Piedmont Region > North Carolina,https://www.mountainproject.com/route/202033477/cracked-lettuce,2,Boulder,V1,1,10,35.17708,-81.35835
Chum Bucket Special,Rock Bottom > Pride Lands > Upper Dixon > Dixon School Boulders > Crowders Mountain > 3. Piedmont Region > North Carolina,https://www.mountainproject.com/route/202043281/chum-bucket-special,2,Boulder,V1,1,10,35.17685,-81.35853
Weenie Hut Jr.,Rock Bottom > Pride Lands > Upper Dixon > Dixon School Boulders > Crowders Mountain > 3. Piedmont Region > North Carolina,https://www.mountainproject.com/route/202043304/weenie-hut-jr,3,Boulder,V1,1,10,35.17685,-81.35853
Anthropomorphic Egg,The Egg Boulder > The Obscure Area > West Side Boulders > Rumbling Bald Bouldering > Rumbling Bald > 1. Southern Mountains Region > North Carolina,https://www.mountainproject.com/route/202222916/anthropomorphic-egg,3,Boulder,V1,1,10,35.34877,-82.16269
"Today, Today",Bold Moon preserve boulder > 3. Piedmont Region > North Carolina,https://www.mountainproject.com/route/123772163/today-today,2,Boulder,V1+,1,15,36.17114,-79.65761
Sesame Street,Warm-Up Boulder > The Terraces > West Side Boulders > Rumbling Bald Bouldering > Rumbling Bald > 1. Southern Mountains Region > North Carolina,https://www.mountainproject.com/route/124273896/sesame-street,2.3,Boulder,V1+,1,12,35.45207,-82.22043
Suspenders and a Bra,Euro Wall > Two Mile Boulderfield > Hanging Rock State Park > 3. Piedmont Region > North Carolina,https://www.mountainproject.com/route/125594600/suspenders-and-a-bra,4,Boulder,V1+,1,NA,36.3864,-80.29475
DogsWizard traverse,Dogsback Mountain boulders > Gold Coast Cliffs > Linville Gorge > 2. Northern Mountains Region > North Carolina,https://www.mountainproject.com/route/200608627/dogswizard-traverse,3,Boulder,V1+,1,100,35.86483,-81.9141
Spider Hole,Table Rock > Linville Gorge > 2. Northern Mountains Region > North Carolina,https://www.mountainproject.com/route/200923368/spider-hole,3,Boulder,V1+,1,10,35.88831,-81.88519
Capytalism,North Cary Park Boulders > Raleigh area climbing > 4. Eastern Region > North Carolina,https://www.mountainproject.com/route/123594377/capytalism,3.3,Boulder,V1-2,1,8,35.82189,-78.78747
Homewrecker,Jack Smith Park > Raleigh area climbing > 4. Eastern Region > North Carolina,https://www.mountainproject.com/route/123594478/homewrecker,4,Boulder,V1-2,1,10,35.70913,-78.76616
Hard rock,Table Rock > Linville Gorge > 2. Northern Mountains Region > North Carolina,https://www.mountainproject.com/route/124879525/hard-rock,4,Boulder,V1-2,1,10,35.88831,-81.88519
Justin Pooped His Pants,Uniprow Boulder > The Valley Boulderfield > Moore's Wall (Bouldering) > Hanging Rock State Park > 3. Piedmont Region > North Carolina,https://www.mountainproject.com/route/126736887/justin-pooped-his-pants,3,Boulder,V1-2,1,NA,36.40134,-80.28398
Cashmere,Textile Boulder > Pride Lands > Upper Dixon > Dixon School Boulders > Crowders Mountain > 3. Piedmont Region > North Carolina,https://www.mountainproject.com/route/200365639/cashmere,3,Boulder,V1-2,1,10,35.17749,-81.35839
FTK,Jack Smith Park > Raleigh area climbing > 4. Eastern Region > North Carolina,https://www.mountainproject.com/route/123594444/ftk,4,Boulder,V2-,1,10,35.70913,-78.76616
Flamingo or Ignition Remix,Datsun Boulder > Stony Mountain Vineyards > 3. Piedmont Region > North Carolina,https://www.mountainproject.com/route/200613407/flamingo-or-ignition-remix,3,Boulder,V2-,1,8,35.32883,-80.0977
Sitting Boulder Mantle,Front Door Boulder > 107 Boulders > 1. Southern Mountains Region > North Carolina,https://www.mountainproject.com/route/200622060/sitting-boulder-mantle,2,Boulder,V2-,1,5,35.19565,-83.13872
Megamouth,Baskin Shark Boulder > McKinney Gap Boulders > 2. Northern Mountains Region > North Carolina,https://www.mountainproject.com/route/123599960/megamouth,2,Boulder,V2,1,8,35.9597,-82.46776
Tylenol,Power Pills > East Side Boulders > Rumbling Bald Bouldering > Rumbling Bald > 1. Southern Mountains Region > North Carolina,https://www.mountainproject.com/route/123796764/tylenol,2.7,Boulder,V2,1,NA,35.44897,-82.2143
Sweet Tea,Sweet Tea Boulder > The Terraces > West Side Boulders > Rumbling Bald Bouldering > Rumbling Bald > 1. Southern Mountains Region > North Carolina,https://www.mountainproject.com/route/124273856/sweet-tea,2,Boulder,V2,1,10,35.45219,-82.22047
Not the Bees!,University of North Carolina at Charlotte > 3. Piedmont Region > North Carolina,https://www.mountainproject.com/route/124813096/not-the-bees,2,Boulder,V2,1,18,35.30776,-80.74231
The Friend Zone,University of North Carolina at Charlotte > 3. Piedmont Region > North Carolina,https://www.mountainproject.com/route/125215942/the-friend-zone,2,"TR, Boulder",V2,1,NA,35.30776,-80.74231
Ripper Direct,Hound Ears > 2. Northern Mountains Region > North Carolina,https://www.mountainproject.com/route/125320595/ripper-direct,3,Boulder,V2,1,12,35.6037,-79.2773
Egg Drop Soup,Come Out & Play Blocks > East Side Boulders > Rumbling Bald Bouldering > Rumbling Bald > 1. Southern Mountains Region > North Carolina,https://www.mountainproject.com/route/125674909/egg-drop-soup,3,Boulder,V2,1,NA,35.44897,-82.2143
Bring Me a Higher Loaf,Trailside Boulder > Two Mile Boulderfield > Hanging Rock State Park > 3. Piedmont Region > North Carolina,https://www.mountainproject.com/route/125594647/bring-me-a-higher-loaf,2.5,Boulder,V2,1,NA,36.38688,-80.29773
Low Tide,Tsunami Boulder > Trailside Boulderfield > Sentinel Buttress Boulderfield > Moore's Wall (Bouldering) > Hanging Rock State Park > 3. Piedmont Region > North Carolina,https://www.mountainproject.com/route/125280726/low-tide,2.4,Boulder,V2,1,NA,36.39831,-80.28771
Eco-Friendly,Eco Terrorism Boulder > Trailside Boulderfield > Sentinel Buttress Boulderfield > Moore's Wall (Bouldering) > Hanging Rock State Park > 3. Piedmont Region > North Carolina,https://www.mountainproject.com/route/123679570/eco-friendly,3,Boulder,V2,1,10,36.39868,-80.28656
5.9,Zschiesche's Corridor Right Side > Central Area > Sentinel Buttress Boulderfield > Moore's Wall (Bouldering) > Hanging Rock State Park > 3. Piedmont Region > North Carolina,https://www.mountainproject.com/route/125327027/59,2,Boulder,V2,1,NA,36.397,-80.28743
Red Card,Bench Boulder > Central Area > Sentinel Buttress Boulderfield > Moore's Wall (Bouldering) > Hanging Rock State Park > 3. Piedmont Region > North Carolina,https://www.mountainproject.com/route/125280610/red-card,3.3,Boulder,V2,1,NA,36.39747,-80.28772
Dirty Diana,Dirty Diana Boulder > Central Area > Sentinel Buttress Boulderfield > Moore's Wall (Bouldering) > Hanging Rock State Park > 3. Piedmont Region > North Carolina,https://www.mountainproject.com/route/125326891/dirty-diana,3,Boulder,V2,1,NA,36.39736,-80.28687
Barb's Tall Broad,Skyline Boulder > Central Area > Sentinel Buttress Boulderfield > Moore's Wall (Bouldering) > Hanging Rock State Park > 3. Piedmont Region > North Carolina,https://www.mountainproject.com/route/126151838/barbs-tall-broad,3,Boulder,V2,1,NA,36.39685,-80.28737
Crispy Biscuit,Pancake Boulder > The Valley Boulderfield > Moore's Wall (Bouldering) > Hanging Rock State Park > 3. Piedmont Region > North Carolina,https://www.mountainproject.com/route/125581400/crispy-biscuit,3,Boulder,V2,1,15,36.40131,-80.28423
Shadow Demon,White Monster Boulder > North End Boulderfield > Moore's Wall (Bouldering) > Hanging Rock State Park > 3. Piedmont Region > North Carolina,https://www.mountainproject.com/route/126151526/shadow-demon,2.5,Boulder,V2,1,NA,36.40222,-80.27957
Arete problem,Trailside Boulders > 00. Pilot Mountain Boulders > Pilot Mountain > 3. Piedmont Region > North Carolina,https://www.mountainproject.com/route/200322355/arete-problem,2,Boulder,V2,1,10,36.34043,-80.48428
Side,North Cary Park Boulders > Raleigh area climbing > 4. Eastern Region > North Carolina,https://www.mountainproject.com/route/200607912/side,4,Boulder,V2,1,6,35.82189,-78.78747
Dogsback,Dogsback Mountain boulders > Gold Coast Cliffs > Linville Gorge > 2. Northern Mountains Region > North Carolina,https://www.mountainproject.com/route/200608367/dogsback,3,Boulder,V2,1,NA,35.86483,-81.9141
DogsYeeter,Dogsback Mountain boulders > Gold Coast Cliffs > Linville Gorge > 2. Northern Mountains Region > North Carolina,https://www.mountainproject.com/route/200608508/dogsyeeter,2,Boulder,V2,1,NA,35.86483,-81.9141
Incoming Transmission,Wave Boulder > 107 Boulders > 1. Southern Mountains Region > North Carolina,https://www.mountainproject.com/route/200621835/incoming-transmission,2,Boulder,V2,1,15,35.19565,-83.13872
Closed Manifold,Innuendo Boulder > 107 Boulders > 1. Southern Mountains Region > North Carolina,https://www.mountainproject.com/route/200621947/closed-manifold,2,Boulder,V2,1,15,35.19564,-83.13872
Freshmans Dream,Wave Boulder > 107 Boulders > 1. Southern Mountains Region > North Carolina,https://www.mountainproject.com/route/200621979/freshmans-dream,2,Boulder,V2,1,15,35.19565,-83.13872
Appalachian Crackhead,Wave Boulder > 107 Boulders > 1. Southern Mountains Region > North Carolina,https://www.mountainproject.com/route/200827062/appalachian-crackhead,3,Boulder,V2 R,1,16,35.19565,-83.13872
General Meade,Dab Police > East Side Boulders > Rumbling Bald Bouldering > Rumbling Bald > 1. Southern Mountains Region > North Carolina,https://www.mountainproject.com/route/200990540/general-meade,2,Boulder,V2,1,13,35.44897,-82.2143
Corporal Contrived,Captain Heel Hook Boulder > McKinney Gap Boulders > 2. Northern Mountains Region > North Carolina,https://www.mountainproject.com/route/201142201/corporal-contrived,2.5,Boulder,V2,1,10,35.95802,-82.46785
Latitude,Y-Axis Boulder > Bethlehem > Lower Dixon > Dixon School Boulders > Crowders Mountain > 3. Piedmont Region > North Carolina,https://www.mountainproject.com/route/125009364/latitude,2.3,Boulder,V2,1,NA,35.17508,-81.36241
Chode,TMI Boulder > TMI > Lower Dixon > Dixon School Boulders > Crowders Mountain > 3. Piedmont Region > North Carolina,https://www.mountainproject.com/route/125750514/chode,2,Boulder,V2,1,NA,35.17529,-81.36139
Odysseus' Traverse,Zeus Eye Boulder > Bethlehem > Lower Dixon > Dixon School Boulders > Crowders Mountain > 3. Piedmont Region > North Carolina,https://www.mountainproject.com/route/200297184/odysseus-traverse,2.7,Boulder,V2,1,15,35.17467,-81.36242
Anaconga,Snake Jam Boulder > Gus’s Old School Jams > Upper Dixon > Dixon School Boulders > Crowders Mountain > 3. Piedmont Region > North Carolina,https://www.mountainproject.com/route/123668526/anaconga,2.5,Boulder,V2,1,15,35.1758,-81.36001
Hognose,Snake Jam Boulder > Gus’s Old School Jams > Upper Dixon > Dixon School Boulders > Crowders Mountain > 3. Piedmont Region > North Carolina,https://www.mountainproject.com/route/124475276/hognose,2.6,Boulder,V2,1,15,35.1758,-81.36001
Copperhead,Snake Jam Boulder > Gus’s Old School Jams > Upper Dixon > Dixon School Boulders > Crowders Mountain > 3. Piedmont Region > North Carolina,https://www.mountainproject.com/route/124475350/copperhead,2.7,Boulder,V2,1,15,35.1758,-81.36001
Slab Salad,Far Away Slab > Pride Lands > Upper Dixon > Dixon School Boulders > Crowders Mountain > 3. Piedmont Region > North Carolina,https://www.mountainproject.com/route/200913467/slab-salad,2.5,Boulder,V2,1,25,35.17708,-81.35835
Jug Drills,Pancake Stacks Boulder > Egg Area > Upper Dixon > Dixon School Boulders > Crowders Mountain > 3. Piedmont Region > North Carolina,https://www.mountainproject.com/route/201063472/jug-drills,3,Boulder,V2,1,15,35.17668,-81.35883
Captain Crunch,Monster Cereals > Bethlehem > Lower Dixon > Dixon School Boulders > Crowders Mountain > 3. Piedmont Region > North Carolina,https://www.mountainproject.com/route/201315934/captain-crunch,3,Boulder,V2,1,15,35.1702,-81.3649
Short Surprise,Teardrop Boulder > West Side Boulders > Rumbling Bald Bouldering > Rumbling Bald > 1. Southern Mountains Region > North Carolina,https://www.mountainproject.com/route/201655339/short-surprise,2,Boulder,V2,1,12,35.44805,-82.217
Paws Up,Coyote Cave > McKinney Gap Boulders > 2. Northern Mountains Region > North Carolina,https://www.mountainproject.com/route/201666721/paws-up,2,Boulder,V2,1,12,35.96027,-82.46826
Modeans,Letter Kenny Boulder > McKinney Gap Boulders > 2. Northern Mountains Region > North Carolina,https://www.mountainproject.com/route/201704455/modeans,4,Boulder,V2,1,15,35.95831,-82.46812
Moss Choss,Giant Slab Boulder > 107 Boulders > 1. Southern Mountains Region > North Carolina,https://www.mountainproject.com/route/201856956/moss-choss,2,Boulder,V2,1,15,35.19565,-83.13872
Classic Slab Direct,Classic Overhang Boulder > Classics Patio > Lower Dixon > Dixon School Boulders > Crowders Mountain > 3. Piedmont Region > North Carolina,https://www.mountainproject.com/route/201887380/classic-slab-direct,3,Boulder,V2,1,20,35.17503,-81.36209
Pinocchio,Whale's Head Boulder > Classics Patio > Lower Dixon > Dixon School Boulders > Crowders Mountain > 3. Piedmont Region > North Carolina,https://www.mountainproject.com/route/201887463/pinocchio,2,Boulder,V2,1,6,35.17499,-81.36205
Chef's Special,Far Away Slab > Pride Lands > Upper Dixon > Dixon School Boulders > Crowders Mountain > 3. Piedmont Region > North Carolina,https://www.mountainproject.com/route/201918736/chefs-special,3.5,Boulder,V2,1,20,35.17708,-81.35835
Early Bird Special,Old Folks Home > Gus’s Old School Jams > Upper Dixon > Dixon School Boulders > Crowders Mountain > 3. Piedmont Region > North Carolina,https://www.mountainproject.com/route/201919007/early-bird-special,3,Boulder,V2 X,1,40,35.17592,-81.36014
Family Hug,Family Boulders > West Side Boulders > Rumbling Bald Bouldering > Rumbling Bald > 1. Southern Mountains Region > North Carolina,https://www.mountainproject.com/route/202076803/family-hug,2,Boulder,V2,1,6,35.44986,-82.21387
Seam Traveler,TMI Boulder > TMI > Lower Dixon > Dixon School Boulders > Crowders Mountain > 3. Piedmont Region > North Carolina,https://www.mountainproject.com/route/202278945/seam-traveler,3,Boulder,V2,1,10,35.17529,-81.36139
Daddy’s arete,Eighth Dome > Wash Rock > Latta Nature Preserve > 3. Piedmont Region > North Carolina,https://www.mountainproject.com/route/124091607/daddys-arete,3,Boulder,V2+,1,8,35.35547,-80.92191
Right Trash Can,Hound Ears > 2. Northern Mountains Region > North Carolina,https://www.mountainproject.com/route/125320484/right-trash-can,3,Boulder,V2+,1,NA,35.6037,-79.2773
Barb's Face,The Pit Area > Central Area > Sentinel Buttress Boulderfield > Moore's Wall (Bouldering) > Hanging Rock State Park > 3. Piedmont Region > North Carolina,https://www.mountainproject.com/route/126384508/barbs-face,2.2,Boulder,V2+,1,NA,35.44931,-82.2116
Seller's nightmare,XXX Boulder > The Valley Boulderfield > Moore's Wall (Bouldering) > Hanging Rock State Park > 3. Piedmont Region > North Carolina,https://www.mountainproject.com/route/125825291/sellers-nightmare,4,Boulder,V2+,1,1,36.40087,-80.28441
DogScrimps,Dogsback Mountain boulders > Gold Coast Cliffs > Linville Gorge > 2. Northern Mountains Region > North Carolina,https://www.mountainproject.com/route/200608568/dogscrimps,2,Boulder,V2+,1,NA,35.86483,-81.9141
Unknown,Upper Upper Thunder Hill Boulders > Thunder Hill Boulders > 2. Northern Mountains Region > North Carolina,https://www.mountainproject.com/route/200697682/unknown,3,Boulder,V2+,1,12,36.14934,-81.65295
Unknown,Upper Upper Thunder Hill Boulders > Thunder Hill Boulders > 2. Northern Mountains Region > North Carolina,https://www.mountainproject.com/route/200697784/unknown,3,Boulder,V2+,1,12,36.14934,-81.65295
Hand of God,Big Rock Nature Preserve > 3. Piedmont Region > North Carolina,https://www.mountainproject.com/route/201760889/hand-of-god,2,Boulder,V2+,1,7,35.06157,-80.82779
Floof,Sugar Creek Gap > 1. Southern Mountains Region > North Carolina,https://www.mountainproject.com/route/125098054/floof,3,Boulder,V2-3,1,10,35.29306,-83.00681
Cary Crab Walk,North Cary Park Boulders > Raleigh area climbing > 4. Eastern Region > North Carolina,https://www.mountainproject.com/route/125514568/cary-crab-walk,2,Boulder,V2-3,1,NA,35.82189,-78.78747
Ferns and Firearms,Bench Boulder > Central Area > Sentinel Buttress Boulderfield > Moore's Wall (Bouldering) > Hanging Rock State Park > 3. Piedmont Region > North Carolina,https://www.mountainproject.com/route/125316437/ferns-and-firearms,2,Boulder,V2-3,1,15,36.39747,-80.28772
Hoppy,North Cary Park Boulders > Raleigh area climbing > 4. Eastern Region > North Carolina,https://www.mountainproject.com/route/200628225/hoppy,4,Boulder,V2-3,1,8,35.82189,-78.78747
Rapture,TMI Boulder > TMI > Lower Dixon > Dixon School Boulders > Crowders Mountain > 3. Piedmont Region > North Carolina,https://www.mountainproject.com/route/125666584/rapture,2.7,Boulder,V2-3 R,1,30,35.17529,-81.36139
Sting-Ray,Ray Boulder > Gus’s Old School Jams > Upper Dixon > Dixon School Boulders > Crowders Mountain > 3. Piedmont Region > North Carolina,https://www.mountainproject.com/route/127338316/sting-ray,2.5,Boulder,V2-3,1,8,35.17608,-81.35984
Classic Arete,West side > Northside Boulders > Looking Glass Boulders > Looking Glass Rock > 1. Southern Mountains Region > North Carolina,https://www.mountainproject.com/route/202247979/classic-arete,4,Boulder,V2-3,1,15,35.30392,-82.79627
Experience Arete,The Ramp (Area) > Northside Boulders > Looking Glass Boulders > Looking Glass Rock > 1. Southern Mountains Region > North Carolina,https://www.mountainproject.com/route/200795269/experience-arete,3.5,Boulder,V3-,1,15,35.30553,-82.79018
Six seven,Trailside Boulders > 00. Pilot Mountain Boulders > Pilot Mountain > 3. Piedmont Region > North Carolina,https://www.mountainproject.com/route/201422812/six-seven,3,Boulder,V3-,1,10,36.34043,-80.48428
Shark Attack,The Shark Fin > Buffalo Creek Park > 1. Southern Mountains Region > North Carolina,https://www.mountainproject.com/route/123683806/shark-attack,2.6,Boulder,V3,1,11,35.48153,-82.18871
The Road Not Taken,Gateway Boulders > West Side Boulders > Rumbling Bald Bouldering > Rumbling Bald > 1. Southern Mountains Region > North Carolina,https://www.mountainproject.com/route/123796563/the-road-not-taken,2,Boulder,V3,1,NA,35.44965,-82.21805
Heist,Cloak Boulder > East Side Boulders > Rumbling Bald Bouldering > Rumbling Bald > 1. Southern Mountains Region > North Carolina,https://www.mountainproject.com/route/123930352/heist,3,Boulder,V3,1,NA,35.44937,-82.21249
On the Rocks,The Ice Block > East Side Boulders > Rumbling Bald Bouldering > Rumbling Bald > 1. Southern Mountains Region > North Carolina,https://www.mountainproject.com/route/123930433/on-the-rocks,2,Boulder,V3,1,NA,35.44939,-82.2125
Gas pack,Gas Boulder > Wash Rock > Latta Nature Preserve > 3. Piedmont Region > North Carolina,https://www.mountainproject.com/route/124092204/gas-pack,3,Boulder,V3,1,10,35.35557,-80.92167
Cornbread,Sweet Tea Boulder > The Terraces > West Side Boulders > Rumbling Bald Bouldering > Rumbling Bald > 1. Southern Mountains Region > North Carolina,https://www.mountainproject.com/route/124273844/cornbread,3,Boulder,V3,1,10,35.45219,-82.22047
Hidden corner,NCSU Traverse Wall > NC States Campus > Raleigh area climbing > 4. Eastern Region > North Carolina,https://www.mountainproject.com/route/125390591/hidden-corner,3,Boulder,V3,1,18,35.78376,-78.67237
The Bowl,Washing Machine Boulder > West Side Boulders > Rumbling Bald Bouldering > Rumbling Bald > 1. Southern Mountains Region > North Carolina,https://www.mountainproject.com/route/125758222/the-bowl,3,Boulder,V3,1,NA,35.34877,-82.16269
Bidet Water,Aretes Area > Hickory Nut Boulders > 1. Southern Mountains Region > North Carolina,https://www.mountainproject.com/route/126438671/bidet-water,4,Boulder,V3,1,4,35.46017,-82.30684
Unnamed boulder problem,Big Rock Nature Preserve > 3. Piedmont Region > North Carolina,https://www.mountainproject.com/route/127367962/unnamed-boulder-problem,2.5,Boulder,V3,1,10,35.06157,-80.82779
Second Law of Physics,Euro Wall > Two Mile Boulderfield > Hanging Rock State Park > 3. Piedmont Region > North Carolina,https://www.mountainproject.com/route/125594611/second-law-of-physics,2,Boulder,V3,1,NA,36.3864,-80.29475
GHC,Zschiesche's Corridor Left Side > Central Area > Sentinel Buttress Boulderfield > Moore's Wall (Bouldering) > Hanging Rock State Park > 3. Piedmont Region > North Carolina,https://www.mountainproject.com/route/125326994/ghc,2,Boulder,V3,1,NA,36.397,-80.28752
Second String,Bench Boulder > Central Area > Sentinel Buttress Boulderfield > Moore's Wall (Bouldering) > Hanging Rock State Park > 3. Piedmont Region > North Carolina,https://www.mountainproject.com/route/125280511/second-string,2.8,Boulder,V3,1,NA,36.39747,-80.28772
MVP,Bench Boulder > Central Area > Sentinel Buttress Boulderfield > Moore's Wall (Bouldering) > Hanging Rock State Park > 3. Piedmont Region > North Carolina,https://www.mountainproject.com/route/125280634/mvp,3,Boulder,V3,1,NA,36.39747,-80.28772
Mellow Moe,Shermanator > Central Area > Sentinel Buttress Boulderfield > Moore's Wall (Bouldering) > Hanging Rock State Park > 3. Piedmont Region > North Carolina,https://www.mountainproject.com/route/126151735/mellow-moe,3,Boulder,V3,1,NA,36.39719,-80.28758
Norsk Country,Proper Modulation Boulder > The Valley Boulderfield > Moore's Wall (Bouldering) > Hanging Rock State Park > 3. Piedmont Region > North Carolina,https://www.mountainproject.com/route/125089163/norsk-country,2.8,Boulder,V3,1,NA,36.40048,-80.28448
Mr Hesitation,The Brink > The Valley Boulderfield > Moore's Wall (Bouldering) > Hanging Rock State Park > 3. Piedmont Region > North Carolina,https://www.mountainproject.com/route/124158634/mr-hesitation,3,Boulder,V3,1,12,36.40231,-80.28532
Chicks Love Unibrows,Uniprow Boulder > The Valley Boulderfield > Moore's Wall (Bouldering) > Hanging Rock State Park > 3. Piedmont Region > North Carolina,https://www.mountainproject.com/route/124263092/chicks-love-unibrows,2.9,Boulder,V3,1,NA,36.40134,-80.28398
Cloud of the Unknown,White Monster Boulder > North End Boulderfield > Moore's Wall (Bouldering) > Hanging Rock State Park > 3. Piedmont Region > North Carolina,https://www.mountainproject.com/route/126151577/cloud-of-the-unknown,2,Boulder,V3,1,NA,36.40222,-80.27957
Field Extension,Wave Boulder > 107 Boulders > 1. Southern Mountains Region > North Carolina,https://www.mountainproject.com/route/200574289/field-extension,2,Boulder,V3,1,12,35.19565,-83.13872
DogSlide,Dogsback Mountain boulders > Gold Coast Cliffs > Linville Gorge > 2. Northern Mountains Region > North Carolina,https://www.mountainproject.com/route/200608455/dogslide,2,Boulder,V3,1,NA,35.86483,-81.9141
Slippery When Whet,Front Door Boulder > 107 Boulders > 1. Southern Mountains Region > North Carolina,https://www.mountainproject.com/route/200634125/slippery-when-whet,2.5,Boulder,V3,1,12,35.19565,-83.13872
Chi,The Notch > Hull Area > West Side Boulders > Rumbling Bald Bouldering > Rumbling Bald > 1. Southern Mountains Region > North Carolina,https://www.mountainproject.com/route/200660323/chi,3,Boulder,V3,1,15,35.45149,-82.2192
Punk in Drublic,The Pub Boulder > McKinney Gap Boulders > 2. Northern Mountains Region > North Carolina,https://www.mountainproject.com/route/201142244/punk-in-drublic,3.7,Boulder,V3,1,15,35.95802,-82.4677
Banjaxed,The Pub Boulder > McKinney Gap Boulders > 2. Northern Mountains Region > North Carolina,https://www.mountainproject.com/route/201142256/banjaxed,3,Boulder,V3,1,15,35.95802,-82.4677
Seven Nation Army,White Stripes Boulder > Bethlehem > Lower Dixon > Dixon School Boulders > Crowders Mountain > 3. Piedmont Region > North Carolina,https://www.mountainproject.com/route/123736115/seven-nation-army,2.3,Boulder,V3,1,10,35.17478,-81.36243
Unknown (Its),His & Hers Boulder > Bethlehem > Lower Dixon > Dixon School Boulders > Crowders Mountain > 3. Piedmont Region > North Carolina,https://www.mountainproject.com/route/127313588/unknown-its,2,Boulder,V3,1,8,35.17505,-81.36227
Dazed And Confused,Led Zeppelin > Classics Patio > Lower Dixon > Dixon School Boulders > Crowders Mountain > 3. Piedmont Region > North Carolina,https://www.mountainproject.com/route/125741271/dazed-and-confused,2.5,Boulder,V3,1,20,35.17495,-81.36191
Desperate Lunge,Lovers Boulder Cluster > TMI > Lower Dixon > Dixon School Boulders > Crowders Mountain > 3. Piedmont Region > North Carolina,https://www.mountainproject.com/route/200893434/desperate-lunge,2.3,Boulder,V3,1,15,35.17531,-81.36214
Big Cojones,TMI Boulder > TMI > Lower Dixon > Dixon School Boulders > Crowders Mountain > 3. Piedmont Region > North Carolina,https://www.mountainproject.com/route/125750494/big-cojones,2,Boulder,V3,1,25,35.17529,-81.36139
Coy Traverse,Coyote Cave > McKinney Gap Boulders > 2. Northern Mountains Region > North Carolina,https://www.mountainproject.com/route/201666489/coy-traverse,2,Boulder,V3,1,30,35.96027,-82.46826
Aftershave,Incinerator Boulder > TMI > Lower Dixon > Dixon School Boulders > Crowders Mountain > 3. Piedmont Region > North Carolina,https://www.mountainproject.com/route/201944306/aftershave,2,Boulder,V3,1,10,35.17529,-81.36123
Break In The Clouds,Black Cloud Boulder > Pride Lands > Upper Dixon > Dixon School Boulders > Crowders Mountain > 3. Piedmont Region > North Carolina,https://www.mountainproject.com/route/201944349/break-in-the-clouds,3,Boulder,V3,1,25,35.17685,-81.35832
Garden Groove,Far Away Slab > Pride Lands > Upper Dixon > Dixon School Boulders > Crowders Mountain > 3. Piedmont Region > North Carolina,https://www.mountainproject.com/route/202033460/garden-groove,3.5,Boulder,V3,1,15,35.17708,-81.35835
Super Weenie Hut Jr.,Rock Bottom > Pride Lands > Upper Dixon > Dixon School Boulders > Crowders Mountain > 3. Piedmont Region > North Carolina,https://www.mountainproject.com/route/202043389/super-weenie-hut-jr,2,Boulder,V3,1,10,35.17685,-81.35853
Opposite Day,Rock Bottom > Pride Lands > Upper Dixon > Dixon School Boulders > Crowders Mountain > 3. Piedmont Region > North Carolina,https://www.mountainproject.com/route/202043464/opposite-day,3,Boulder,V3,1,10,35.17685,-81.35853
Keeper Of The Dick,TMI Boulder > TMI > Lower Dixon > Dixon School Boulders > Crowders Mountain > 3. Piedmont Region > North Carolina,https://www.mountainproject.com/route/202275918/keeper-of-the-dick,2,Boulder,V3,1,10,35.17529,-81.36139
Nugget Traverse,North Cary Park Boulders > Raleigh area climbing > 4. Eastern Region > North Carolina,https://www.mountainproject.com/route/123995185/nugget-traverse,3,Boulder,V3+,1,10,35.82189,-78.78747
Kung Fu Panda (Eliminate),Clark's Creek > 3. Piedmont Region > North Carolina,https://www.mountainproject.com/route/126224989/kung-fu-panda-eliminate,2,Boulder,V3+,1,10,35.32912,-80.77886
Unknown (They),His & Hers Boulder > Bethlehem > Lower Dixon > Dixon School Boulders > Crowders Mountain > 3. Piedmont Region > North Carolina,https://www.mountainproject.com/route/127313666/unknown-they,3,Boulder,V3-4,1,12,35.17505,-81.36227
Dirt Dobber,Patio Area > Pride Lands > Upper Dixon > Dixon School Boulders > Crowders Mountain > 3. Piedmont Region > North Carolina,https://www.mountainproject.com/route/200794252/dirt-dobber,3,Boulder,V3-4,1,8,35.17748,-81.35851
Boney Blues Low,Coyote Cave > McKinney Gap Boulders > 2. Northern Mountains Region > North Carolina,https://www.mountainproject.com/route/201666518/boney-blues-low,2,Boulder,V3-4,1,8,35.96027,-82.46826
