route_id,tag,category
105874179,crack,feature_tags
105874179,face,feature_tags
105874179,jam,skill
105874179,ledge,feature_tags
105874179,rust,bad_tags
105874179,smear,other_tags
105874379,crack,feature_tags
105874379,crux,feature_tags
105874379,difficult,other_tags
105874379,easy,good_tags
105874379,fun,good_tags
105874379,ledge,feature_tags
105874379,slab,feature_tags
105874396,crux,feature_tags
105874396,easier,good_tags
105874396,exposed,feature_tags
105874396,fun,good_tags
105874396,great,good_tags
105874396,ledge,feature_tags
105874396,slab,feature_tags
105874396,traverse,feature_tags
105874515,chimney,feature_tags
105874515,classic,good_tags
105874515,crack,feature_tags
105874515,easier,good_tags
105874515,face,feature_tags
105874515,slab,feature_tags
105874515,thin,other_tags
105882386,crimp,feature_tags
105882386,dihedral,feature_tags
105882386,ledge,feature_tags
105882386,mantle,skill
105887636,arete,feature_tags
105887636,best,good_tags
105887636,classic,good_tags
105887636,crack,feature_tags
105887636,crux,feature_tags
105887636,roof,feature_tags
105887642,crack,feature_tags
105887642,crux,feature_tags
105887642,easy,good_tags
105887642,excellent,good_tags
105887719,crack,feature_tags
105887719,crux,feature_tags
105887719,nice,good_tags
105887719,thin,other_tags
105887741,balance,skill
105887741,crack,feature_tags
105887741,good,good_tags
105887741,interesting,good_tags
105887741,ledge,feature_tags
105887741,run out,bad_tags
105887741,thin,other_tags
105887741,warm up,good_tags
105888558,crack,feature_tags
105888558,crux,feature_tags
105888558,roof,feature_tags
105888558,thin,other_tags
105888951,crack,feature_tags
105888951,crimp,feature_tags
105888951,easy,good_tags
105888951,face,feature_tags
105888951,flake,feature_tags
105888951,jug,feature_tags
105888951,roof,feature_tags
105890192,crux,feature_tags
105890192,flake,feature_tags
105890192,great,good_tags
105890192,ledge,feature_tags
105890192,nice,good_tags
105890192,thin,other_tags
105891892,crack,feature_tags
105891892,difficult,other_tags
105891892,flake,feature_tags
105891892,nice,good_tags
105894448,best,good_tags
105894448,classic,good_tags
105894448,crux,feature_tags
105894448,easier,good_tags
105894448,easy,good_tags
105894448,flake,feature_tags
105894448,fun,good_tags
105894448,good,good_tags
105894448,great,good_tags
105894448,interesting,good_tags
105894448,ledge,feature_tags
105894448,nice,good_tags
105894448,traverse,feature_tags
105898439,balance,skill
105898439,chimney,feature_tags
105898439,crack,feature_tags
105898439,easier,good_tags
105898439,face,feature_tags
105898439,flake,feature_tags
105898439,fun,good_tags
105899306,beautiful,good_tags
105899306,crack,feature_tags
105899306,crux,feature_tags
105899306,easy,good_tags
105899306,flake,feature_tags
105899306,jam,skill
105899306,roof,feature_tags
105899306,traverse,feature_tags
105899475,chimney,feature_tags
105899475,crack,feature_tags
105899475,crux,feature_tags
105899475,dirty,bad_tags
105899475,easy,good_tags
105899475,excellent,good_tags
105899475,face,feature_tags
105899475,good,good_tags
105899475,ledge,feature_tags
105899475,roof,feature_tags
105899475,slab,feature_tags
105899475,thin,other_tags
105899475,traverse,feature_tags
105900646,beautiful,good_tags
105900646,crack,feature_tags
105900646,crux,feature_tags
105900646,dihedral,feature_tags
105900646,easy,good_tags
105900646,flake,feature_tags
105900646,good,good_tags
105900646,pumpy,other_tags
105900646,slab,feature_tags
105900646,technical,skill
105900646,thin,other_tags
105900646,tricky,other_tags
105900752,cool,good_tags
105900752,crack,feature_tags
105900752,crux,feature_tags
105900752,easy,good_tags
105900752,good,good_tags
105900752,slab,feature_tags
105902398,exposed,feature_tags
105902398,face,feature_tags
105902398,great,good_tags
105902398,ledge,feature_tags
105902398,nice,good_tags
105902398,thin,other_tags
105906148,face,feature_tags
105906148,great,good_tags
105906148,run out,bad_tags
105906148,scary,other_tags
105923513,crack,feature_tags
105923513,fun,good_tags
105923513,thin,other_tags
105924900,crack,feature_tags
105924900,crimp,feature_tags
105924900,crux,feature_tags
105924900,great,good_tags
105924900,thin,other_tags
105925443,chimney,feature_tags
105925443,classic,good_tags
105925443,crack,feature_tags
105925443,crux,feature_tags
105925443,face,feature_tags
105925443,good,good_tags
105925443,great,good_tags
105925443,roof,feature_tags
105925443,tricky,other_tags
105925472,best,good_tags
105925472,crack,feature_tags
105925472,dirty,bad_tags
105925472,face,feature_tags
105925472,fun,good_tags
105925472,jam,skill
105925472,ledge,feature_tags
105925472,nice,good_tags
105925472,roof,feature_tags
105925472,slab,feature_tags
105925472,traverse,feature_tags
105929999,crack,feature_tags
105929999,dihedral,feature_tags
105929999,easier,good_tags
105929999,easy,good_tags
105929999,face,feature_tags
105929999,fun,good_tags
105929999,good,good_tags
105929999,great,good_tags
105929999,ledge,feature_tags
105929999,run out,bad_tags
105930037,careful,bad_tags
105930037,crack,feature_tags
105930037,dirty,bad_tags
105930037,flake,feature_tags
105930037,great,good_tags
105930037,ledge,feature_tags
105930037,run out,bad_tags
105930037,thin,other_tags
105930037,traverse,feature_tags
105930048,crack,feature_tags
105930048,dihedral,feature_tags
105930048,dirty,bad_tags
105930048,easy,good_tags
105930048,ledge,feature_tags
105930048,run out,bad_tags
105930048,scary,other_tags
105930048,slab,feature_tags
105930048,thin,other_tags
105930204,fun,good_tags
105930204,slab,feature_tags
105930204,thin,other_tags
105930261,best,good_tags
105930261,crack,feature_tags
105930261,ledge,feature_tags
105930790,crack,feature_tags
105932744,best,good_tags
105932744,classic,good_tags
105932744,crack,feature_tags
105932744,easier,good_tags
105932744,exposed,feature_tags
105932744,jug,feature_tags
105932744,ledge,feature_tags
105932744,roof,feature_tags
105932744,traverse,feature_tags
105934845,beautiful,good_tags
105934845,crack,feature_tags
105934845,crux,feature_tags
105934845,dirty,bad_tags
105934845,excellent,good_tags
105934845,face,feature_tags
105934845,flake,feature_tags
105934845,fun,good_tags
105934845,good,good_tags
105934845,ledge,feature_tags
105934845,slab,feature_tags
105934845,thin,other_tags
105934845,traverse,feature_tags
105936891,arete,feature_tags
105936891,crux,feature_tags
105936891,easier,good_tags
105936891,good,good_tags
105936891,great,good_tags
105936891,ledge,feature_tags
105936891,roof,feature_tags
105937288,classic,good_tags
105937288,crack,feature_tags
105937288,cruise,feature_tags
105937288,face,feature_tags
105937310,arete,feature_tags
105937310,crimp,feature_tags
105937310,crux,feature_tags
105937310,face,feature_tags
105937310,fun,good_tags
105937310,rust,bad_tags
105937310,thin,other_tags
105937346,balance,skill
105937411,balance,skill
105937411,crux,feature_tags
105937411,slab,feature_tags
105939142,crack,feature_tags
105939142,crux,feature_tags
105939142,difficult,other_tags
105939142,easier,good_tags
105939142,easy,good_tags
105939142,run out,bad_tags
105939142,slab,feature_tags
105939175,classic,good_tags
105939175,crack,feature_tags
105939175,crux,feature_tags
105939175,easier,good_tags
105939175,excellent,good_tags
105939175,good,good_tags
105939175,ledge,feature_tags
105939175,run out,bad_tags
105939182,crack,feature_tags
105939182,easier,good_tags
105939182,good,good_tags
105939182,ledge,feature_tags
105939182,slab,feature_tags
105939182,thin,other_tags
105940162,dihedral,feature_tags
105940162,easy,good_tags
105940162,ledge,feature_tags
105940162,nice,good_tags
105940162,roof,feature_tags
105941036,classic,good_tags
105941036,easy,good_tags
105941036,fun,good_tags
105941036,ledge,feature_tags
105941036,roof,feature_tags
105941036,slab,feature_tags
105941036,traverse,feature_tags
105941668,crack,feature_tags
105941668,easy,good_tags
105941668,good,good_tags
105941668,ledge,feature_tags
105941668,run out,bad_tags
105941668,slab,feature_tags
105945079,classic,good_tags
105945079,great,good_tags
105945079,interesting,good_tags
105945079,slab,feature_tags
105945079,thin,other_tags
105947730,flake,feature_tags
105947730,jam,skill
105947730,roof,feature_tags
105950734,crux,feature_tags
105950734,ledge,feature_tags
105950734,nice,good_tags
105950764,balance,skill
105950764,crack,feature_tags
105950764,easier,good_tags
105950764,ledge,feature_tags
105950764,nice,good_tags
105950776,careful,bad_tags
105950776,crack,feature_tags
105950776,great,good_tags
105950776,ledge,feature_tags
105950794,face,feature_tags
105950794,fun,good_tags
105950794,thin,other_tags
105950799,crack,feature_tags
105950799,crux,feature_tags
105950799,ledge,feature_tags
105950799,thin,other_tags
105951265,careful,bad_tags
105951265,crack,feature_tags
105951265,crux,feature_tags
105951265,easy,good_tags
105951265,excellent,good_tags
105951265,face,feature_tags
105951265,good,good_tags
105951265,ledge,feature_tags
105951265,nice,good_tags
105951265,pocket,feature_tags
105951265,roof,feature_tags
105951265,slab,feature_tags
105951265,thin,other_tags
105951265,traverse,feature_tags
105951288,crack,feature_tags
105951288,easier,good_tags
105951288,good,good_tags
105951288,great,good_tags
105951288,ledge,feature_tags
105951288,nice,good_tags
105951288,pocket,feature_tags
105969252,best,good_tags
105969252,crack,feature_tags
105969252,dihedral,feature_tags
105969252,face,feature_tags
105969252,jug,feature_tags
105969252,ledge,feature_tags
105969252,roof,feature_tags
105972319,arete,feature_tags
105972319,chimney,feature_tags
105972319,crack,feature_tags
105972319,face,feature_tags
105972319,good,good_tags
105972319,ledge,feature_tags
105972319,roof,feature_tags
106002384,easy,good_tags
106002384,face,feature_tags
106002407,fun,good_tags
106002407,ledge,feature_tags
106002407,rust,bad_tags
106014851,crack,feature_tags
106014851,dihedral,feature_tags
106014851,face,feature_tags
106014851,thin,other_tags
106019828,crux,feature_tags
106019828,face,feature_tags
106019828,flake,feature_tags
106019828,nice,good_tags
106019828,thin,other_tags
106019832,arete,feature_tags
106019832,crack,feature_tags
106019832,ledge,feature_tags
106019832,tough,other_tags
106025962,chimney,feature_tags
106025962,crack,feature_tags
106025962,easier,good_tags
106025962,face,feature_tags
106025962,fun,good_tags
106025962,good,good_tags
106025962,great,good_tags
106025962,jug,feature_tags
106025962,nice,good_tags
106025962,roof,feature_tags
106025962,thin,other_tags
106028529,crack,feature_tags
106028529,dirty,bad_tags
106028529,easy,good_tags
106028546,great,good_tags
106028546,jam,skill
106028546,jug,feature_tags
106028546,roof,feature_tags
106028976,chimney,feature_tags
106028976,easy,good_tags
106028976,good,good_tags
106028976,interesting,good_tags
106028976,thin,other_tags
106029525,best,good_tags
106029525,crimp,feature_tags
106029525,crux,feature_tags
106029525,easy,good_tags
106029525,excellent,good_tags
106029525,face,feature_tags
106029525,fun,good_tags
106029525,good,good_tags
106029525,great,good_tags
106029525,jug,feature_tags
106029525,ledge,feature_tags
106029525,roof,feature_tags
106029525,slab,feature_tags
106029525,thin,other_tags
106029525,traverse,feature_tags
106034068,easy,good_tags
106034068,run out,bad_tags
106034068,traverse,feature_tags
106034082,traverse,feature_tags
106035599,ledge,feature_tags
106035599,roof,feature_tags
106035605,roof,feature_tags
106035611,ledge,feature_tags
106035611,roof,feature_tags
106035635,roof,feature_tags
106035635,rust,bad_tags
106035644,roof,feature_tags
106036313,face,feature_tags
106036313,ledge,feature_tags
106036321,dihedral,feature_tags
106036321,face,feature_tags
106036331,face,feature_tags
106036331,flake,feature_tags
106036331,scary,other_tags
106036336,nice,good_tags
106036336,roof,feature_tags
106036336,traverse,feature_tags
106036349,crux,feature_tags
106036349,roof,feature_tags
106036355,face,feature_tags
106036355,roof,feature_tags
106036360,face,feature_tags
106036360,roof,feature_tags
106036368,roof,feature_tags
106036426,dihedral,feature_tags
106036426,ledge,feature_tags
106036426,rust,bad_tags
106036426,slab,feature_tags
106036430,face,feature_tags
106036430,traverse,feature_tags
106036437,chimney,feature_tags
106036437,crack,feature_tags
106036437,dihedral,feature_tags
106036437,face,feature_tags
106036437,ledge,feature_tags
106036926,face,feature_tags
106036955,traverse,feature_tags
106036960,crack,feature_tags
106036960,roof,feature_tags
106036976,cool,good_tags
106036976,roof,feature_tags
106037000,beautiful,good_tags
106037000,face,feature_tags
106039706,arete,feature_tags
106039706,classic,good_tags
106039706,crack,feature_tags
106039706,dihedral,feature_tags
106039706,easy,good_tags
106039706,great,good_tags
106039706,ledge,feature_tags
106039706,thin,other_tags
106039789,crack,feature_tags
106039789,ledge,feature_tags
106039789,roof,feature_tags
106039796,crack,feature_tags
106039796,ledge,feature_tags
106039796,roof,feature_tags
106039800,fun,good_tags
106039800,good,good_tags
106039800,roof,feature_tags
106039810,ledge,feature_tags
106039810,roof,feature_tags
106039826,ledge,feature_tags
106039843,crack,feature_tags
106039843,traverse,feature_tags
106039859,face,feature_tags
106039859,roof,feature_tags
106039870,flake,feature_tags
106039887,easy,good_tags
106039887,flake,feature_tags
106039887,ledge,feature_tags
106039887,thin,other_tags
106039892,crack,feature_tags
106039892,run out,bad_tags
106039892,slab,feature_tags
106039897,crack,feature_tags
106039897,crux,feature_tags
106039897,slab,feature_tags
106039901,easier,good_tags
106039901,ledge,feature_tags
106039901,slab,feature_tags
106040826,chimney,feature_tags
106040826,crack,feature_tags
106040826,dihedral,feature_tags
106040826,face,feature_tags
106040826,flake,feature_tags
106040826,good,good_tags
106040826,interesting,good_tags
106040826,roof,feature_tags
106040826,spooky,other_tags
106040826,thin,other_tags
106040826,traverse,feature_tags
106045504,best,good_tags
106045504,crux,feature_tags
106045504,difficult,other_tags
106045504,face,feature_tags
106045504,ledge,feature_tags
106045504,roof,feature_tags
106045504,run out,bad_tags
106045504,slab,feature_tags
106050128,crack,feature_tags
106050128,crimp,feature_tags
106050128,crux,feature_tags
106050128,easier,good_tags
106050128,easy,good_tags
106050128,face,feature_tags
106050128,great,good_tags
106050128,ledge,feature_tags
106050128,nice,good_tags
106050128,roof,feature_tags
106050128,rust,bad_tags
106050128,slab,feature_tags
106050128,thin,other_tags
106050150,fun,good_tags
106050150,roof,feature_tags
106058103,crack,feature_tags
106058103,crux,feature_tags
106058103,face,feature_tags
106058103,jug,feature_tags
106058103,ledge,feature_tags
106058103,nice,good_tags
106058103,slab,feature_tags
106058103,thin,other_tags
106063928,face,feature_tags
106063928,roof,feature_tags
106063928,rust,bad_tags
106064946,crack,feature_tags
106064946,face,feature_tags
106065494,crux,feature_tags
106065494,jug,feature_tags
106065494,thin,other_tags
106065537,crimp,feature_tags
106065537,face,feature_tags
106065537,flake,feature_tags
106065537,ledge,feature_tags
106065537,sloper,feature_tags
106066857,arete,feature_tags
106066857,crux,feature_tags
106066857,stick clip,other_tags
106066857,thin,other_tags
106066865,arete,feature_tags
106066865,great,good_tags
106066865,thin,other_tags
106067420,crack,feature_tags
106067420,face,feature_tags
106067420,slab,feature_tags
106067426,face,feature_tags
106067426,slab,feature_tags
106071946,excellent,good_tags
106071946,face,feature_tags
106071946,good,good_tags
106071946,ledge,feature_tags
106071953,best,good_tags
106071953,choss,bad_tags
106071953,crack,feature_tags
106071953,fun,good_tags
106071953,ledge,feature_tags
106071953,nice,good_tags
106071953,slab,feature_tags
106073700,cool,good_tags
106073700,flake,feature_tags
106073700,fun,good_tags
106073700,good,good_tags
106073700,pocket,feature_tags
106073700,slab,feature_tags
106073700,stick clip,other_tags
106076876,crack,feature_tags
106076876,slab,feature_tags
106076876,thin,other_tags
106076876,traverse,feature_tags
106086935,arete,feature_tags
106086935,easy,good_tags
106086935,good,good_tags
106086935,ledge,feature_tags
106086935,roof,feature_tags
106086935,thin,other_tags
106086935,traverse,feature_tags
106086939,crack,feature_tags
106086939,easier,good_tags
106086939,fun,good_tags
106086939,jug,feature_tags
106090142,easier,good_tags
106090142,ledge,feature_tags
106090142,slab,feature_tags
106092200,crack,feature_tags
106092200,easier,good_tags
106092200,flake,feature_tags
106092200,great,good_tags
106092200,high first bolt,other_tags
106092471,danger,bad_tags
106092471,difficult,other_tags
106092471,face,feature_tags
106092471,slab,feature_tags
106097225,face,feature_tags
106097230,arete,feature_tags
106097230,crimp,feature_tags
106099569,crack,feature_tags
106099569,fun,good_tags
106099569,jug,feature_tags
106099923,face,feature_tags
106099923,flake,feature_tags
106099932,flake,feature_tags
106099932,good,good_tags
106099932,ledge,feature_tags
106099932,rust,bad_tags
106099978,balance,skill
106099978,crack,feature_tags
106099978,flake,feature_tags
106099978,friable,bad_tags
106099978,traverse,feature_tags
106100002,balance,skill
106100002,crimp,feature_tags
106100002,slab,feature_tags
106100372,best,good_tags
106100372,chimney,feature_tags
106100372,crack,feature_tags
106100372,easier,good_tags
106100372,face,feature_tags
106100372,flake,feature_tags
106100372,good,good_tags
106101380,face,feature_tags
106101380,flake,feature_tags
106101380,technical,skill
106101407,crack,feature_tags
106101415,chimney,feature_tags
106101415,exposed,feature_tags
106101415,face,feature_tags
106101917,crack,feature_tags
106101917,face,feature_tags
106101917,ledge,feature_tags
106101924,crimp,feature_tags
106101924,exposed,feature_tags
106101924,face,feature_tags
106101924,flake,feature_tags
106101924,good,good_tags
106101924,great,good_tags
106101924,ledge,feature_tags
106101924,nice,good_tags
106101931,crux,feature_tags
106101931,flake,feature_tags
106101938,crack,feature_tags
106101938,good,good_tags
106101938,roof,feature_tags
106101943,balance,skill
106101943,face,feature_tags
106101943,great,good_tags
106101943,sloper,feature_tags
106101952,easy,good_tags
106101952,face,feature_tags
106102277,good,good_tags
106102277,slab,feature_tags
106106865,crux,feature_tags
106106865,interesting,good_tags
106106873,crack,feature_tags
106106873,easy,good_tags
106106873,roof,feature_tags
106107230,crack,feature_tags
106107230,heel hook,skill
106107230,jam,skill
106107230,jug,feature_tags
106107230,roof,feature_tags
106107230,thin,other_tags
106125723,fun,good_tags
106125723,great,good_tags
106125723,ledge,feature_tags
106125723,slab,feature_tags
106125723,tough,other_tags
106129547,arete,feature_tags
106129547,crimp,feature_tags
106129547,face,feature_tags
106129547,jug,feature_tags
106129558,arete,feature_tags
106129558,balance,skill
106129558,face,feature_tags
106129558,good,good_tags
106129558,jug,feature_tags
106129558,slab,feature_tags
106130365,arete,feature_tags
106130365,tough,other_tags
106135272,best,good_tags
106135272,crux,feature_tags
106135272,face,feature_tags
106135272,great,good_tags
106135272,ledge,feature_tags
106135272,technical,skill
106135677,arete,feature_tags
106135677,crack,feature_tags
106135806,arete,feature_tags
106135806,exposed,feature_tags
106135806,face,feature_tags
106135806,roof,feature_tags
106138197,easier,good_tags
106138197,great,good_tags
106138197,run out,bad_tags
106155180,arete,feature_tags
106155180,crack,feature_tags
106155180,roof,feature_tags
106174037,classic,good_tags
106174037,crack,feature_tags
106174037,crux,feature_tags
106174037,easier,good_tags
106174037,great,good_tags
106174053,crack,feature_tags
106174053,crux,feature_tags
106174053,nice,good_tags
106174053,roof,feature_tags
106176423,ledge,feature_tags
106177078,balance,skill
106177078,crack,feature_tags
106177078,easy,good_tags
106177078,good,good_tags
106177078,nice,good_tags
106177078,roof,feature_tags
106179772,crack,feature_tags
106179772,crux,feature_tags
106179772,face,feature_tags
106179772,roof,feature_tags
106179785,ledge,feature_tags
106179785,mantle,skill
106179785,roof,feature_tags
106201463,jug,feature_tags
106201463,roof,feature_tags
106201473,burly,skill
106219129,roof,feature_tags
106219135,roof,feature_tags
106221597,dihedral,feature_tags
106221597,face,feature_tags
106221597,fun,good_tags
106221597,roof,feature_tags
106234176,crimp,feature_tags
106234176,flake,feature_tags
106234176,fun,good_tags
106234176,good,good_tags
106234176,great,good_tags
106234176,slab,feature_tags
106234176,traverse,feature_tags
106234624,face,feature_tags
106234624,tricky,other_tags
106239362,face,feature_tags
106240116,face,feature_tags
106240116,fun,good_tags
106240116,slab,feature_tags
106240116,traverse,feature_tags
106240130,face,feature_tags
106240130,traverse,feature_tags
106240156,flake,feature_tags
106240172,crimp,feature_tags
106240172,face,feature_tags
106240172,traverse,feature_tags
106243458,face,feature_tags
106245861,face,feature_tags
106246722,flake,feature_tags
106246734,face,feature_tags
106246759,face,feature_tags
106246759,hueco,feature_tags
106246775,face,feature_tags
106246775,pocket,feature_tags
106246795,face,feature_tags
106246795,fun,good_tags
106246802,face,feature_tags
106246802,interesting,good_tags
106246802,roof,feature_tags
106246821,crack,feature_tags
106246828,slab,feature_tags
106247764,slab,feature_tags
106247764,thin,other_tags
106251142,chimney,feature_tags
106251142,crack,feature_tags
106251142,dihedral,feature_tags
106253821,easy,good_tags
106253821,face,feature_tags
106253821,flake,feature_tags
106253829,face,feature_tags
106263488,crack,feature_tags
106263488,crux,feature_tags
106263488,excellent,good_tags
106263488,ledge,feature_tags
106263488,slab,feature_tags
106263488,thin,other_tags
106263488,traverse,feature_tags
106270700,cool,good_tags
106270700,crimp,feature_tags
106270700,face,feature_tags
106270700,jug,feature_tags
106270710,crux,feature_tags
106270710,jug,feature_tags
106270710,nice,good_tags
106270710,pocket,feature_tags
106270814,crimp,feature_tags
106270821,fun,good_tags
106270828,thin,other_tags
106270837,arete,feature_tags
106270837,flake,feature_tags
106270837,fun,good_tags
106270837,mantle,skill
106270837,thin,other_tags
106272004,great,good_tags
106272011,face,feature_tags
106272011,great,good_tags
106272011,roof,feature_tags
106277351,best,good_tags
106277351,crack,feature_tags
106277351,jam,skill
106277701,easier,good_tags
106277701,face,feature_tags
106277701,flake,feature_tags
106277701,fun,good_tags
106277701,good,good_tags
106277701,nice,good_tags
106283376,crimp,feature_tags
106283376,crux,feature_tags
106283376,good,good_tags
106283376,great,good_tags
106283376,ledge,feature_tags
106283376,stick clip,other_tags
106283376,traverse,feature_tags
106285396,best,good_tags
106285396,cool,good_tags
106285396,difficult,other_tags
106285396,flake,feature_tags
106285396,good,good_tags
106285396,ledge,feature_tags
106285396,roof,feature_tags
106285396,slab,feature_tags
106285720,flake,feature_tags
106285720,fun,good_tags
106285720,ledge,feature_tags
106285720,roof,feature_tags
106286589,sloper,feature_tags
106300576,best,good_tags
106300576,good,good_tags
106300576,high first bolt,other_tags
106300576,slab,feature_tags
106300597,crack,feature_tags
106300597,face,feature_tags
106300597,good,good_tags
106300597,thin,other_tags
106300615,chimney,feature_tags
106300615,crux,feature_tags
106300615,fun,good_tags
106300615,good,good_tags
106300615,slab,feature_tags
106311253,classic,good_tags
106311253,crack,feature_tags
106311253,face,feature_tags
106311253,flake,feature_tags
106311253,fun,good_tags
106311253,good,good_tags
106311253,ledge,feature_tags
106311253,slab,feature_tags
106311253,smear,other_tags
106311253,traverse,feature_tags
106322304,face,feature_tags
106322304,good,good_tags
106322304,ledge,feature_tags
106322304,nice,good_tags
106322304,slab,feature_tags
106322304,tough,other_tags
106331726,beautiful,good_tags
106331726,crack,feature_tags
106331726,crux,feature_tags
106331726,easy,good_tags
106331726,excellent,good_tags
106331726,good,good_tags
106331726,ledge,feature_tags
106331726,nice,good_tags
106331726,run out,bad_tags
106331726,slab,feature_tags
106331726,traverse,feature_tags
106333729,chimney,feature_tags
106333729,crack,feature_tags
106333729,crux,feature_tags
106333729,dirty,bad_tags
106333729,excellent,good_tags
106333729,great,good_tags
106333729,ledge,feature_tags
106333738,crack,feature_tags
106333738,crux,feature_tags
106333738,face,feature_tags
106333738,great,good_tags
106333738,jug,feature_tags
106333738,ledge,feature_tags
106333808,chimney,feature_tags
106333808,crack,feature_tags
106333808,fun,good_tags
106333808,ledge,feature_tags
106333808,roof,feature_tags
106333815,face,feature_tags
106333815,ledge,feature_tags
106333815,nice,good_tags
106333815,roof,feature_tags
106333815,slab,feature_tags
106337238,difficult,other_tags
106337238,good,good_tags
106345597,chimney,feature_tags
106345597,crack,feature_tags
106345597,easy,good_tags
106345597,ledge,feature_tags
106345597,roof,feature_tags
106345669,crack,feature_tags
106345669,dihedral,feature_tags
106345669,fun,good_tags
106345669,roof,feature_tags
106345669,traverse,feature_tags
106345692,crack,feature_tags
106345692,dihedral,feature_tags
106345692,roof,feature_tags
106349863,chimney,feature_tags
106349863,cool,good_tags
106349863,crack,feature_tags
106349863,difficult,other_tags
106349863,fun,good_tags
106349863,thin,other_tags
106349863,tricky,other_tags
106352300,face,feature_tags
106352300,good,good_tags
106352300,slab,feature_tags
106352300,thin,other_tags
106352300,traverse,feature_tags
106353357,crack,feature_tags
106353357,face,feature_tags
106353357,fun,good_tags
106353357,good,good_tags
106353357,ledge,feature_tags
106361123,arete,feature_tags
106361123,classic,good_tags
106361123,crux,feature_tags
106361123,face,feature_tags
106361123,good,good_tags
106361123,run out,bad_tags
106362147,crack,feature_tags
106362147,dihedral,feature_tags
106362147,roof,feature_tags
106362147,traverse,feature_tags
106364137,crack,feature_tags
106364137,roof,feature_tags
106369722,crack,feature_tags
106369722,face,feature_tags
106369722,jam,skill
106369722,jug,feature_tags
106369722,ledge,feature_tags
106369722,mantle,skill
106369722,powerful,skill
106369740,face,feature_tags
106369740,ledge,feature_tags
106375915,crack,feature_tags
106375915,face,feature_tags
106375915,good,good_tags
106375915,nice,good_tags
106375915,thin,other_tags
106376195,best,good_tags
106376195,crimp,feature_tags
106376195,face,feature_tags
106376195,flake,feature_tags
106376195,good,good_tags
106376195,smear,other_tags
106390941,fun,good_tags
106390941,roof,feature_tags
106390941,slab,feature_tags
106397899,fun,good_tags
106397899,great,good_tags
106397899,ledge,feature_tags
106398045,crack,feature_tags
106398045,great,good_tags
106398045,ledge,feature_tags
106398045,slab,feature_tags
106398045,traverse,feature_tags
106400504,easy,good_tags
106400504,exposed,feature_tags
106400504,fun,good_tags
106400504,great,good_tags
106400504,thin,other_tags
106427936,chimney,feature_tags
106427936,face,feature_tags
106427936,ledge,feature_tags
106433185,easier,good_tags
106433185,good,good_tags
106451575,careful,bad_tags
106451575,classic,good_tags
106451575,crux,feature_tags
106451575,dihedral,feature_tags
106451575,good,good_tags
106451575,great,good_tags
106451575,ledge,feature_tags
106451575,thin,other_tags
106451575,traverse,feature_tags
106451823,crack,feature_tags
106451823,face,feature_tags
106451823,technical,skill
106455318,arete,feature_tags
106455318,crack,feature_tags
106455318,crux,feature_tags
106455318,flake,feature_tags
106455318,slab,feature_tags
106455318,sloper,feature_tags
106455427,cool,good_tags
106455427,crack,feature_tags
106455427,easier,good_tags
106455427,good,good_tags
106455427,great,good_tags
106455427,jug,feature_tags
106455427,ledge,feature_tags
106455427,nice,good_tags
106455427,slab,feature_tags
106456087,crux,feature_tags
106456087,face,feature_tags
106456087,fun,good_tags
106456087,pumpy,other_tags
106456087,technical,skill
106456129,crack,feature_tags
106456129,easier,good_tags
106456129,face,feature_tags
106456129,good,good_tags
106456129,ledge,feature_tags
106456129,roof,feature_tags
106456129,slab,feature_tags
106456174,careful,bad_tags
106456174,crack,feature_tags
106456174,crux,feature_tags
106456174,easier,good_tags
106456174,face,feature_tags
106456174,fun,good_tags
106456174,good,good_tags
106456174,ledge,feature_tags
106456174,roof,feature_tags
106456174,slab,feature_tags
106461141,chimney,feature_tags
106461141,crack,feature_tags
106461141,exposed,feature_tags
106461141,face,feature_tags
106461141,fun,good_tags
106461141,ledge,feature_tags
106461141,roof,feature_tags
106462411,crux,feature_tags
106462411,difficult,other_tags
106462411,dihedral,feature_tags
106462411,easy,good_tags
106462411,ledge,feature_tags
106462496,ledge,feature_tags
106478843,crux,feature_tags
106478843,ledge,feature_tags
106478843,nice,good_tags
106478843,slab,feature_tags
106479963,crack,feature_tags
106479963,crux,feature_tags
106479963,easier,good_tags
106479963,face,feature_tags
106479963,ledge,feature_tags
106479963,slab,feature_tags
106480040,chimney,feature_tags
106480040,crack,feature_tags
106480040,crux,feature_tags
106480040,difficult,other_tags
106480040,excellent,good_tags
106480040,good,good_tags
106493933,crack,feature_tags
106493933,crux,feature_tags
106493933,fun,good_tags
106493933,great,good_tags
106494519,crack,feature_tags
106494519,crux,feature_tags
106494519,dihedral,feature_tags
106494519,face,feature_tags
106494519,flake,feature_tags
106494519,good,good_tags
106494519,great,good_tags
106494519,ledge,feature_tags
106494519,roof,feature_tags
106494519,rust,bad_tags
106494519,smear,other_tags
106495744,arete,feature_tags
106495744,face,feature_tags
106495744,roof,feature_tags
106495744,thin,other_tags
106495755,arete,feature_tags
106495755,crack,feature_tags
106495755,dihedral,feature_tags
106498781,crack,feature_tags
106498781,flake,feature_tags
106498781,fun,good_tags
106501126,face,feature_tags
106501126,nice,good_tags
106501189,roof,feature_tags
106501189,slab,feature_tags
106504760,fun,good_tags
106504938,face,feature_tags
106504942,dihedral,feature_tags
106504947,crack,feature_tags
106504947,crux,feature_tags
106504947,face,feature_tags
106504947,fun,good_tags
106504947,tricky,other_tags
106530577,crack,feature_tags
106530577,face,feature_tags
106530577,good,good_tags
106530577,jug,feature_tags
106530577,roof,feature_tags
106538984,crack,feature_tags
106538984,dirty,bad_tags
106538984,face,feature_tags
106538984,flake,feature_tags
106538984,fun,good_tags
106538984,nice,good_tags
106538984,rust,bad_tags
106545800,crux,feature_tags
106545800,flake,feature_tags
106545800,good,good_tags
106545800,nice,good_tags
106545800,technical,skill
106545800,traverse,feature_tags
106551713,crack,feature_tags
106551713,ledge,feature_tags
106551735,face,feature_tags
106551757,traverse,feature_tags
106557168,crack,feature_tags
106557168,roof,feature_tags
106562226,thin,other_tags
106562237,thin,other_tags
106568203,careful,bad_tags
106568203,crack,feature_tags
106568203,good,good_tags
106568203,ledge,feature_tags
106568203,roof,feature_tags
106572123,roof,feature_tags
106572478,cool,good_tags
106572478,easier,good_tags
106572478,easy,good_tags
106572478,face,feature_tags
106572478,flake,feature_tags
106572478,thin,other_tags
106572478,traverse,feature_tags
106579024,face,feature_tags
106581662,crack,feature_tags
106581662,difficult,other_tags
106581667,fun,good_tags
106581667,great,good_tags
106581667,slab,feature_tags
106581755,crack,feature_tags
106581755,face,feature_tags
106581755,fun,good_tags
106581755,good,good_tags
106581755,roof,feature_tags
106581755,slab,feature_tags
106581755,traverse,feature_tags
106582189,exposed,feature_tags
106582189,face,feature_tags
106582189,interesting,good_tags
106582189,jug,feature_tags
106582189,roof,feature_tags
106582189,traverse,feature_tags
106587153,crack,feature_tags
106587153,easier,good_tags
106587153,excellent,good_tags
106587153,exposed,feature_tags
106587153,face,feature_tags
106587153,flake,feature_tags
106587153,great,good_tags
106587153,nice,good_tags
106587153,roof,feature_tags
106587153,traverse,feature_tags
106602862,arete,feature_tags
106602862,crux,feature_tags
106602862,face,feature_tags
106602862,pocket,feature_tags
106602862,warm up,good_tags
106611065,flake,feature_tags
106611065,thin,other_tags
106614643,crack,feature_tags
106614643,face,feature_tags
106614643,ledge,feature_tags
106614643,roof,feature_tags
106614643,thin,other_tags
106615353,interesting,good_tags
106615353,mantle,skill
106615353,warm up,good_tags
106615393,crimp,feature_tags
106615393,crux,feature_tags
106615393,warm up,good_tags
106615401,crimp,feature_tags
106615401,jug,feature_tags
106615401,traverse,feature_tags
106615419,classic,good_tags
106615419,crimp,feature_tags
106615419,crux,feature_tags
106615419,heel hook,skill
106615419,warm up,good_tags
106615424,traverse,feature_tags
106615433,crimp,feature_tags
106615433,slab,feature_tags
106615445,classic,good_tags
106615445,crux,feature_tags
106615445,sloper,feature_tags
106615445,toe hook,skill
106615455,classic,good_tags
106615455,crimp,feature_tags
106615455,crux,feature_tags
106615455,good,good_tags
106615455,jug,feature_tags
106615455,mantle,skill
106615455,powerful,skill
106615455,warm up,good_tags
106615473,classic,good_tags
106615473,crimp,feature_tags
106615473,jug,feature_tags
106615473,technical,skill
106617876,crux,feature_tags
106617876,face,feature_tags
106617876,ledge,feature_tags
106617876,roof,feature_tags
106617876,traverse,feature_tags
106621322,easier,good_tags
106621322,excellent,good_tags
106621322,high second bolt,other_tags
106621331,cool,good_tags
106621342,face,feature_tags
106623077,crack,feature_tags
106623077,flake,feature_tags
106623077,fun,good_tags
106623077,jug,feature_tags
106623077,run out,bad_tags
106623077,slab,feature_tags
106631736,crux,feature_tags
106631736,danger,bad_tags
106631736,difficult,other_tags
106631736,dirty,bad_tags
106631736,face,feature_tags
106631736,good,good_tags
106631736,high first bolt,other_tags
106631736,run out,bad_tags
106631736,slab,feature_tags
106631736,thin,other_tags
106631736,traverse,feature_tags
106650439,fun,good_tags
106650439,jug,feature_tags
106650439,nice,good_tags
106650445,classic,good_tags
106650445,crimp,feature_tags
106650445,jug,feature_tags
106650445,nice,good_tags
106650445,sloper,feature_tags
106650445,thin,other_tags
106650450,best,good_tags
106650450,classic,good_tags
106650450,jug,feature_tags
106650450,mantle,skill
106650450,pocket,feature_tags
106650455,crimp,feature_tags
106650455,good,good_tags
106650459,arete,feature_tags
106650459,cool,good_tags
106650459,heel hook,skill
106650459,jug,feature_tags
106650459,mantle,skill
106650466,classic,good_tags
106650466,dyno,skill
106650466,jug,feature_tags
106650466,mantle,skill
106650476,arete,feature_tags
106650476,classic,good_tags
106650476,crimp,feature_tags
106650476,sloper,feature_tags
106652183,crack,feature_tags
106652183,crux,feature_tags
106652183,face,feature_tags
106652183,ledge,feature_tags
106652183,traverse,feature_tags
106652741,crack,feature_tags
106652741,crimp,feature_tags
106652741,great,good_tags
106652745,arete,feature_tags
106652745,classic,good_tags
106652745,flake,feature_tags
106652745,good,good_tags
106652745,thin,other_tags
106652749,arete,feature_tags
106652749,bad,bad_tags
106652749,crimp,feature_tags
106652749,good,good_tags
106652749,jug,feature_tags
106652749,mantle,skill
106652749,sloper,feature_tags
106652749,thin,other_tags
106652755,classic,good_tags
106652755,crimp,feature_tags
106652755,difficult,other_tags
106652755,traverse,feature_tags
106652759,arete,feature_tags
106652759,dyno,skill
106652759,fun,good_tags
106652759,mantle,skill
106652766,crimp,feature_tags
106652766,difficult,other_tags
106652766,mantle,skill
106652770,classic,good_tags
106652770,crimp,feature_tags
106652770,difficult,other_tags
106652770,jug,feature_tags
106652770,mantle,skill
106652770,nice,good_tags
106652781,classic,good_tags
106654964,crux,feature_tags
106654964,face,feature_tags
106654964,ledge,feature_tags
106654964,slab,feature_tags
106654964,sloper,feature_tags
106654964,technical,skill
106654964,techy,skill
106654974,crux,feature_tags
106654974,easier,good_tags
106654974,excellent,good_tags
106654974,stick clip,other_tags
106654979,classic,good_tags
106654979,dirty,bad_tags
106654979,easier,good_tags
106654979,slab,feature_tags
106654986,face,feature_tags
106654990,easy,good_tags
106654990,ledge,feature_tags
106654990,slab,feature_tags
106654999,crack,feature_tags
106654999,ledge,feature_tags
106654999,roof,feature_tags
106654999,scary,other_tags
106654999,thin,other_tags
106656325,slab,feature_tags
106657451,slab,feature_tags
106657457,crack,feature_tags
106657457,good,good_tags
106657457,slab,feature_tags
106657461,face,feature_tags
106657461,ledge,feature_tags
106657465,fun,good_tags
106657465,warm up,good_tags
106658094,crack,feature_tags
106658094,crux,feature_tags
106658094,good,good_tags
106658094,ledge,feature_tags
106658094,thin,other_tags
106664315,face,feature_tags
106664315,ledge,feature_tags
106664323,crux,feature_tags
106664323,face,feature_tags
106664323,ledge,feature_tags
106664323,roof,feature_tags
106665750,crack,feature_tags
106665750,ledge,feature_tags
106679083,best,good_tags
106679083,crux,feature_tags
106679083,easier,good_tags
106679083,face,feature_tags
106679083,good,good_tags
106679083,interesting,good_tags
106679083,slab,feature_tags
106686929,easy,good_tags
106686929,flake,feature_tags
106686929,ledge,feature_tags
106686929,roof,feature_tags
106686929,run out,bad_tags
106690898,classic,good_tags
106690898,danger,bad_tags
106690898,great,good_tags
106690898,pumpy,other_tags
106690898,slab,feature_tags
106690898,sloper,feature_tags
106693241,crack,feature_tags
106693241,easy,good_tags
106693241,face,feature_tags
106693241,fun,good_tags
106693241,good,good_tags
106693241,ledge,feature_tags
106693241,roof,feature_tags
106693241,slab,feature_tags
106693241,traverse,feature_tags
106693241,warm up,good_tags
106700575,crimp,feature_tags
106700575,jug,feature_tags
106700575,slab,feature_tags
106712326,crux,feature_tags
106712326,danger,bad_tags
106712326,difficult,other_tags
106712326,dihedral,feature_tags
106712326,easier,good_tags
106712326,flake,feature_tags
106712326,ledge,feature_tags
106712326,nice,good_tags
106712326,run out,bad_tags
106712653,best,good_tags
106712653,difficult,other_tags
106712653,easier,good_tags
106712653,easy,good_tags
106712653,face,feature_tags
106712653,good,good_tags
106712653,ledge,feature_tags
106712653,slab,feature_tags
106712653,thin,other_tags
106715310,exposed,feature_tags
106715310,good,good_tags
106715310,great,good_tags
106715310,ledge,feature_tags
106715310,roof,feature_tags
106728634,crack,feature_tags
106728634,face,feature_tags
106728634,smear,other_tags
106734202,crack,feature_tags
106734202,crux,feature_tags
106734202,face,feature_tags
106734202,great,good_tags
106734202,jam,skill
106734202,ledge,feature_tags
106734202,slab,feature_tags
106734202,traverse,feature_tags
106734222,beautiful,good_tags
106734222,careful,bad_tags
106734222,cool,good_tags
106734222,crack,feature_tags
106734222,face,feature_tags
106734222,good,good_tags
106734222,ledge,feature_tags
106734222,slab,feature_tags
106734222,sloper,feature_tags
106751340,arete,feature_tags
106751340,cool,good_tags
106751340,crack,feature_tags
106751340,crux,feature_tags
106751340,face,feature_tags
106751340,flake,feature_tags
106751340,fun,good_tags
106751340,great,good_tags
106751340,ledge,feature_tags
106752191,crux,feature_tags
106752191,good,good_tags
106752191,run out,bad_tags
106777936,crack,feature_tags
106777936,crimp,feature_tags
106777936,crux,feature_tags
106777936,difficult,other_tags
106777936,easy,good_tags
106777936,face,feature_tags
106777936,fun,good_tags
106777936,slab,feature_tags
106777987,chimney,feature_tags
106777987,crack,feature_tags
106777987,crux,feature_tags
106777987,pumpy,other_tags
106777987,roof,feature_tags
106777987,run out,bad_tags
106781016,face,feature_tags
106788983,dihedral,feature_tags
106788983,face,feature_tags
106788983,fun,good_tags
106788983,jug,feature_tags
106788983,ledge,feature_tags
106803462,arete,feature_tags
106803462,best,good_tags
106803462,crack,feature_tags
106803462,crux,feature_tags
106803462,dihedral,feature_tags
106803462,exposed,feature_tags
106803462,face,feature_tags
106803462,great,good_tags
106803462,jug,feature_tags
106803462,ledge,feature_tags
106803462,roof,feature_tags
106803462,slab,feature_tags
106803462,traverse,feature_tags
106803478,crack,feature_tags
106803478,traverse,feature_tags
106812828,best,good_tags
106812828,ledge,feature_tags
106812828,roof,feature_tags
106812828,thin,other_tags
106816981,crux,feature_tags
106816981,difficult,other_tags
106816981,flake,feature_tags
106816981,good,good_tags
106816981,great,good_tags
106816981,ledge,feature_tags
106816981,slab,feature_tags
106816981,sloper,feature_tags
106816981,technical,skill
106817944,crimp,feature_tags
106817944,jug,feature_tags
106817944,sloper,feature_tags
106817953,crimp,feature_tags
106817953,jug,feature_tags
106820153,chimney,feature_tags
106820153,crack,feature_tags
106820153,easier,good_tags
106820153,easy,good_tags
106820153,face,feature_tags
106820153,jug,feature_tags
106820153,ledge,feature_tags
106820153,roof,feature_tags
106820168,best,good_tags
106820168,chimney,feature_tags
106820168,crack,feature_tags
106820168,crux,feature_tags
106820168,exposed,feature_tags
106820168,ledge,feature_tags
106820168,roof,feature_tags
106820168,technical,skill
106820168,thin,other_tags
106820168,traverse,feature_tags
106820188,beautiful,good_tags
106820188,crack,feature_tags
106820188,crux,feature_tags
106820188,ledge,feature_tags
106820188,thin,other_tags
106820188,traverse,feature_tags
106820756,crack,feature_tags
106820756,crimp,feature_tags
106820756,crux,feature_tags
106820756,easy,good_tags
106820756,face,feature_tags
106820756,great,good_tags
106820756,jug,feature_tags
106820756,ledge,feature_tags
106820756,roof,feature_tags
106820756,run out,bad_tags
106820756,slab,feature_tags
106820756,sloper,feature_tags
106820756,technical,skill
106820756,thin,other_tags
106820756,traverse,feature_tags
106823826,crack,feature_tags
106823826,excellent,good_tags
106823826,jug,feature_tags
106823826,traverse,feature_tags
106823826,warm up,good_tags
106831306,crack,feature_tags
106831306,dirty,bad_tags
106831306,face,feature_tags
106831306,flake,feature_tags
106831306,fun,good_tags
106831306,ledge,feature_tags
106831306,roof,feature_tags
106831306,slab,feature_tags
106831306,thin,other_tags
106839446,balance,skill
106839446,danger,bad_tags
106839446,difficult,other_tags
106839446,easier,good_tags
106839446,flake,feature_tags
106839446,run out,bad_tags
106839446,slab,feature_tags
106839446,traverse,feature_tags
106840269,crack,feature_tags
106840269,face,feature_tags
106840269,great,good_tags
106858917,crux,feature_tags
106858917,traverse,feature_tags
106866539,best,good_tags
106866539,crack,feature_tags
106866539,face,feature_tags
106866539,good,good_tags
106866539,thin,other_tags
106866610,easier,good_tags
106866610,good,good_tags
106866610,mantle,skill
106866610,sloper,feature_tags
106881140,arete,feature_tags
106881140,bad,bad_tags
106881140,crack,feature_tags
106881140,crux,feature_tags
106881140,easy,good_tags
106881140,exposed,feature_tags
106881140,fun,good_tags
106881140,jug,feature_tags
106881140,roof,feature_tags
106881140,thin,other_tags
106881140,traverse,feature_tags
106881866,roof,feature_tags
106882657,easier,good_tags
106882657,fun,good_tags
106883255,cool,good_tags
106883255,cruise,feature_tags
106883255,face,feature_tags
106883255,flake,feature_tags
106883255,good,good_tags
106883255,roof,feature_tags
106883255,slab,feature_tags
106883255,smear,other_tags
106883255,traverse,feature_tags
106905203,arete,feature_tags
106905203,careful,bad_tags
106905203,crack,feature_tags
106905203,crux,feature_tags
106905203,dihedral,feature_tags
106905203,easy,good_tags
106905203,face,feature_tags
106905203,great,good_tags
106905203,ledge,feature_tags
106905203,slab,feature_tags
106905203,technical,skill
106905203,warm up,good_tags
106905219,best,good_tags
106905219,crack,feature_tags
106905219,crux,feature_tags
106905219,easier,good_tags
106905219,flake,feature_tags
106905219,good,good_tags
106905219,ledge,feature_tags
106905219,slab,feature_tags
106905219,sloper,feature_tags
106907054,crux,feature_tags
106907054,easier,good_tags
106907054,face,feature_tags
106907054,great,good_tags
106907054,jug,feature_tags
106907054,ledge,feature_tags
106907054,traverse,feature_tags
106907054,tricky,other_tags
106908651,great,good_tags
106912345,arete,feature_tags
106912345,excellent,good_tags
106912345,face,feature_tags
106912345,good,good_tags
106912345,jug,feature_tags
106912345,ledge,feature_tags
106916959,crux,feature_tags
106916959,danger,bad_tags
106916959,difficult,other_tags
106916959,face,feature_tags
106916959,flake,feature_tags
106916959,good,good_tags
106916959,jug,feature_tags
106916959,ledge,feature_tags
106916959,mantle,skill
106916959,roof,feature_tags
106916959,run out,bad_tags
106916993,crack,feature_tags
106916993,danger,bad_tags
106916993,difficult,other_tags
106916993,easier,good_tags
106916993,easy,good_tags
106916993,face,feature_tags
106916993,flake,feature_tags
106916993,fun,good_tags
106916993,good,good_tags
106916993,jug,feature_tags
106916993,ledge,feature_tags
106916993,mantle,skill
106916993,roof,feature_tags
106916993,run out,bad_tags
106916993,slab,feature_tags
106916993,thin,other_tags
106916993,traverse,feature_tags
106918300,crux,feature_tags
106918300,interesting,good_tags
106918309,arete,feature_tags
106918933,crack,feature_tags
106918933,face,feature_tags
106918933,flake,feature_tags
106921616,fun,good_tags
106921616,roof,feature_tags
106921628,crack,feature_tags
106921628,face,feature_tags
106921628,ledge,feature_tags
106921695,crack,feature_tags
106921695,crux,feature_tags
106921695,easy,good_tags
106921695,fun,good_tags
106921695,good,good_tags
106921695,jam,skill
106921695,ledge,feature_tags
106921695,nice,good_tags
106921695,roof,feature_tags
106921695,traverse,feature_tags
106923851,crack,feature_tags
106923851,flake,feature_tags
106923868,arete,feature_tags
106923868,mantle,skill
106923897,crack,feature_tags
106923897,face,feature_tags
106923897,slab,feature_tags
106923905,crack,feature_tags
106924011,hueco,feature_tags
106924011,jug,feature_tags
106924018,jug,feature_tags
106924038,traverse,feature_tags
106924367,face,feature_tags
106924367,interesting,good_tags
106924367,mantle,skill
106924367,nice,good_tags
106924381,crimp,feature_tags
106924381,slab,feature_tags
106924381,smear,other_tags
106924390,crack,feature_tags
106924390,flake,feature_tags
106924390,mantle,skill
106924390,slab,feature_tags
106926973,arete,feature_tags
106926973,careful,bad_tags
106926973,chimney,feature_tags
106926973,good,good_tags
106926973,jug,feature_tags
106926973,traverse,feature_tags
106934115,crack,feature_tags
106934115,crux,feature_tags
106934115,easy,good_tags
106934115,good,good_tags
106945202,slab,feature_tags
106953224,cool,good_tags
106955638,face,feature_tags
106955638,ledge,feature_tags
106955638,roof,feature_tags
106955638,traverse,feature_tags
106964415,easy,good_tags
106964415,ledge,feature_tags
106964415,roof,feature_tags
106964415,run out,bad_tags
106964424,easy,good_tags
106964424,face,feature_tags
106964424,ledge,feature_tags
106964424,roof,feature_tags
106964424,run out,bad_tags
106964424,thin,other_tags
106964424,traverse,feature_tags
106966992,face,feature_tags
106967927,crack,feature_tags
106967927,crimp,feature_tags
106967927,jug,feature_tags
106967927,traverse,feature_tags
106968764,crack,feature_tags
106968764,crux,feature_tags
106968764,face,feature_tags
106968764,ledge,feature_tags
106968874,face,feature_tags
106968874,fun,good_tags
106968874,slab,feature_tags
106968883,jug,feature_tags
106968883,mantle,skill
106968889,jug,feature_tags
106971331,crack,feature_tags
106971331,crimp,feature_tags
106971331,flake,feature_tags
106971598,crack,feature_tags
106971602,crimp,feature_tags
106971602,face,feature_tags
106971602,jug,feature_tags
106971602,nice,good_tags
106997702,ledge,feature_tags
107001347,crimp,feature_tags
107001347,crux,feature_tags
107001347,fun,good_tags
107001347,sloper,feature_tags
107001347,tricky,other_tags
107006130,face,feature_tags
107006130,ledge,feature_tags
107006130,thin,other_tags
107006166,face,feature_tags
107006166,ledge,feature_tags
107008610,easy,good_tags
107008610,jug,feature_tags
107008610,sloper,feature_tags
107015382,crack,feature_tags
107015382,good,good_tags
107015382,ledge,feature_tags
107020250,great,good_tags
107020295,crimp,feature_tags
107020295,face,feature_tags
107020295,flake,feature_tags
107020366,crack,feature_tags
107020366,flake,feature_tags
107020366,ledge,feature_tags
107025151,balance,skill
107025151,face,feature_tags
107025151,flake,feature_tags
107025151,good,good_tags
107025151,great,good_tags
107025151,roof,feature_tags
107025151,run out,bad_tags
107025151,slab,feature_tags
107026281,balance,skill
107026281,crack,feature_tags
107026281,good,good_tags
107026281,ledge,feature_tags
107026281,nice,good_tags
107026281,roof,feature_tags
107026294,balance,skill
107026294,crimp,feature_tags
107026294,face,feature_tags
107026294,great,good_tags
107026294,nice,good_tags
107026294,roof,feature_tags
107026294,thin,other_tags
107044956,crack,feature_tags
107044956,crux,feature_tags
107044956,exposed,feature_tags
107044956,great,good_tags
107044956,slab,feature_tags
107045057,run out,bad_tags
107045057,slab,feature_tags
107047208,crux,feature_tags
107047208,danger,bad_tags
107047208,easier,good_tags
107047208,flake,feature_tags
107047208,fun,good_tags
107047208,good,good_tags
107047208,great,good_tags
107047208,stick clip,other_tags
107047208,tricky,other_tags
107047208,warm up,good_tags
107047241,bad,bad_tags
107047241,easy,good_tags
107047241,flake,feature_tags
107047241,good,good_tags
107047241,slab,feature_tags
107047241,warm up,good_tags
107049632,flake,feature_tags
107049632,run out,bad_tags
107052013,crack,feature_tags
107052013,difficult,other_tags
107052013,face,feature_tags
107052013,flake,feature_tags
107052013,jug,feature_tags
107052013,roof,feature_tags
107052013,slab,feature_tags
107052013,traverse,feature_tags
107057031,crack,feature_tags
107057031,crux,feature_tags
107057031,face,feature_tags
107057031,flake,feature_tags
107057031,ledge,feature_tags
107057031,thin,other_tags
107063759,fun,good_tags
107074873,classic,good_tags
107074873,crimp,feature_tags
107074873,crux,feature_tags
107074873,easy,good_tags
107074873,jug,feature_tags
107091068,careful,bad_tags
107091068,crack,feature_tags
107091068,easier,good_tags
107091068,easy,good_tags
107091068,face,feature_tags
107091068,fun,good_tags
107091068,ledge,feature_tags
107091068,scary,other_tags
107091068,slab,feature_tags
107091068,thin,other_tags
107099709,crack,feature_tags
107099709,dihedral,feature_tags
107099709,face,feature_tags
107099709,good,good_tags
107099709,great,good_tags
107099709,ledge,feature_tags
107099709,sloper,feature_tags
107099709,technical,skill
107099709,traverse,feature_tags
107114425,arete,feature_tags
107114425,best,good_tags
107114425,crack,feature_tags
107114425,easier,good_tags
107114425,easy,good_tags
107114425,excellent,good_tags
107114425,face,feature_tags
107114425,good,good_tags
107114425,ledge,feature_tags
107114425,pumpy,other_tags
107114425,traverse,feature_tags
107116044,arete,feature_tags
107116044,crack,feature_tags
107116044,crimp,feature_tags
107116044,crux,feature_tags
107116044,easier,good_tags
107116044,easy,good_tags
107116044,face,feature_tags
107116044,nice,good_tags
107116044,roof,feature_tags
107116044,slab,feature_tags
107116078,arete,feature_tags
107116078,crack,feature_tags
107116078,great,good_tags
107116078,nice,good_tags
107117218,arete,feature_tags
107117218,balance,skill
107117218,crack,feature_tags
107117218,crux,feature_tags
107117218,face,feature_tags
107117218,ledge,feature_tags
107117218,nice,good_tags
107117218,slab,feature_tags
107120649,crack,feature_tags
107120649,easier,good_tags
107120649,fun,good_tags
107120649,roof,feature_tags
107122762,crack,feature_tags
107122762,face,feature_tags
107122762,ledge,feature_tags
107122762,roof,feature_tags
107137006,crux,feature_tags
107137006,pumpy,other_tags
107145622,crack,feature_tags
107145622,face,feature_tags
107145622,nice,good_tags
107145622,traverse,feature_tags
107163191,difficult,other_tags
107163191,easy,good_tags
107163191,face,feature_tags
107163191,good,good_tags
107163191,great,good_tags
107163191,interesting,good_tags
107163191,roof,feature_tags
107163191,rust,bad_tags
107163191,slab,feature_tags
107163191,technical,skill
107163191,tricky,other_tags
107176237,crack,feature_tags
107176237,crux,feature_tags
107176237,dihedral,feature_tags
107176237,face,feature_tags
107176237,great,good_tags
107176237,ledge,feature_tags
107176237,run out,bad_tags
107176237,traverse,feature_tags
107189454,easier,good_tags
107189454,nice,good_tags
107189454,slab,feature_tags
107189464,crack,feature_tags
107189464,easier,good_tags
107189464,great,good_tags
107189464,slab,feature_tags
107189472,easy,good_tags
107189472,fun,good_tags
107189472,ledge,feature_tags
107189472,slab,feature_tags
107199041,difficult,other_tags
107199041,great,good_tags
107199041,nice,good_tags
107199041,roof,feature_tags
107199041,slab,feature_tags
107199041,traverse,feature_tags
107199041,warm up,good_tags
107199062,dihedral,feature_tags
107199062,face,feature_tags
107199062,fun,good_tags
107199062,good,good_tags
107199062,jug,feature_tags
107199062,roof,feature_tags
107199069,beautiful,good_tags
107199069,crack,feature_tags
107199069,slab,feature_tags
107199069,thin,other_tags
107199075,arete,feature_tags
107199075,face,feature_tags
107199075,fun,good_tags
107199075,traverse,feature_tags
107199086,best,good_tags
107199086,classic,good_tags
107199086,crux,feature_tags
107199086,dihedral,feature_tags
107199086,jug,feature_tags
107199086,ledge,feature_tags
107199086,roof,feature_tags
107199086,tricky,other_tags
107199103,best,good_tags
107199103,classic,good_tags
107199103,jug,feature_tags
107199103,ledge,feature_tags
107199103,roof,feature_tags
107199103,traverse,feature_tags
107199123,dihedral,feature_tags
107199123,easy,good_tags
107199123,fun,good_tags
107199171,easy,good_tags
107199171,face,feature_tags
107199171,good,good_tags
107199171,great,good_tags
107199171,ledge,feature_tags
107199171,pumpy,other_tags
107199171,tough,other_tags
107205910,crack,feature_tags
107205910,crux,feature_tags
107205910,dirty,bad_tags
107205910,face,feature_tags
107205910,flake,feature_tags
107205910,ledge,feature_tags
107205910,roof,feature_tags
107215774,balance,skill
107215774,crux,feature_tags
107215774,difficult,other_tags
107215774,good,good_tags
107215774,great,good_tags
107215774,rust,bad_tags
107215774,traverse,feature_tags
107215995,crux,feature_tags
107216009,crux,feature_tags
107216009,jam,skill
107216009,traverse,feature_tags
107216365,crimp,feature_tags
107216365,crux,feature_tags
107216365,heel hook,skill
107216365,slab,feature_tags
107216365,traverse,feature_tags
107217884,crack,feature_tags
107217884,face,feature_tags
107217884,traverse,feature_tags
107217919,crack,feature_tags
107217919,face,feature_tags
107217927,arete,feature_tags
107217927,crimp,feature_tags
107217927,easier,good_tags
107217927,fun,good_tags
107217927,pumpy,other_tags
107217927,smear,other_tags
107217927,stick clip,other_tags
107217927,thin,other_tags
107217932,face,feature_tags
107217932,ledge,feature_tags
107217938,arete,feature_tags
107217938,easier,good_tags
107217938,roof,feature_tags
107264487,crack,feature_tags
107264487,easier,good_tags
107264487,face,feature_tags
107264487,mantle,skill
107264487,nice,good_tags
107264984,face,feature_tags
107264984,roof,feature_tags
107265298,nice,good_tags
107265630,dihedral,feature_tags
107265630,face,feature_tags
107265630,great,good_tags
107265630,jug,feature_tags
107265630,tough,other_tags
107265638,difficult,other_tags
107265638,dihedral,feature_tags
107265638,face,feature_tags
107265638,fun,good_tags
107265638,interesting,good_tags
107265638,jug,feature_tags
107265638,ledge,feature_tags
107265638,pumpy,other_tags
107265638,technical,skill
107265638,tough,other_tags
107265661,crack,feature_tags
107265661,face,feature_tags
107265661,flake,feature_tags
107265661,fun,good_tags
107265661,pumpy,other_tags
107265661,roof,feature_tags
107265661,sloper,feature_tags
107265661,technical,skill
107265661,tough,other_tags
107265690,crimp,feature_tags
107265690,crux,feature_tags
107265690,dirty,bad_tags
107265690,face,feature_tags
107265690,ledge,feature_tags
107265690,roof,feature_tags
107265690,scary,other_tags
107265690,sloper,feature_tags
107265690,technical,skill
107265690,tough,other_tags
107271393,chimney,feature_tags
107271393,face,feature_tags
107273005,best,good_tags
107273005,crack,feature_tags
107273005,easy,good_tags
107273005,face,feature_tags
107273005,good,good_tags
107273005,ledge,feature_tags
107273005,roof,feature_tags
107273005,traverse,feature_tags
107273227,dihedral,feature_tags
107273227,roof,feature_tags
107273231,best,good_tags
107273231,classic,good_tags
107273231,face,feature_tags
107276505,beautiful,good_tags
107276505,crack,feature_tags
107276505,easier,good_tags
107276505,face,feature_tags
107276505,great,good_tags
107276505,slab,feature_tags
107284155,arete,feature_tags
107284155,best,good_tags
107284155,classic,good_tags
107284155,flake,feature_tags
107287976,arete,feature_tags
107287976,careful,bad_tags
107287976,face,feature_tags
107287976,good,good_tags
107287976,jug,feature_tags
107289837,flake,feature_tags
107289837,nice,good_tags
107289837,slab,feature_tags
107289837,thin,other_tags
107289837,traverse,feature_tags
107291004,arete,feature_tags
107291004,face,feature_tags
107291004,great,good_tags
107291014,great,good_tags
107291014,jug,feature_tags
107291014,technical,skill
107291024,crack,feature_tags
107291024,jug,feature_tags
107291024,pumpy,other_tags
107291033,great,good_tags
107291033,pumpy,other_tags
107291033,traverse,feature_tags
107291037,crack,feature_tags
107291037,traverse,feature_tags
107291049,crack,feature_tags
107291049,fun,good_tags
107291049,good,good_tags
107291049,great,good_tags
107291049,roof,feature_tags
107291057,fun,good_tags
107291057,roof,feature_tags
107291203,ledge,feature_tags
107291203,roof,feature_tags
107291203,stick clip,other_tags
107291310,crack,feature_tags
107291310,crux,feature_tags
107291310,dihedral,feature_tags
107291310,easy,good_tags
107291310,face,feature_tags
107291310,great,good_tags
107291310,ledge,feature_tags
107291310,rust,bad_tags
107291310,technical,skill
107294745,crack,feature_tags
107294745,face,feature_tags
107295370,crack,feature_tags
107295370,face,feature_tags
107306973,careful,bad_tags
107306973,crack,feature_tags
107306973,crimp,feature_tags
107306973,face,feature_tags
107306973,good,good_tags
107306973,mantle,skill
107306973,nice,good_tags
107306973,traverse,feature_tags
107312479,chimney,feature_tags
107313231,roof,feature_tags
107315949,crux,feature_tags
107315949,jug,feature_tags
107315949,slab,feature_tags
107315949,technical,skill
107318575,crux,feature_tags
107318575,great,good_tags
107318575,thin,other_tags
107321376,crack,feature_tags
107321376,crux,feature_tags
107321376,difficult,other_tags
107321376,face,feature_tags
107321376,flake,feature_tags
107321376,good,good_tags
107321376,ledge,feature_tags
107321376,mantle,skill
107321376,slab,feature_tags
107326211,crux,feature_tags
107326211,fun,good_tags
107330594,roof,feature_tags
107334781,crux,feature_tags
107334781,dihedral,feature_tags
107334781,easy,good_tags
107334781,roof,feature_tags
107334910,crack,feature_tags
107334910,easier,good_tags
107334910,flake,feature_tags
107334948,crux,feature_tags
107334948,run out,bad_tags
107335155,pumpy,other_tags
107335155,traverse,feature_tags
107335209,crux,feature_tags
107335209,good,good_tags
107335209,pumpy,other_tags
107335209,traverse,feature_tags
107344640,crack,feature_tags
107344640,crimp,feature_tags
107344640,face,feature_tags
107344640,jug,feature_tags
107344640,nice,good_tags
107346752,crack,feature_tags
107346752,face,feature_tags
107346752,great,good_tags
107346752,ledge,feature_tags
107346752,nice,good_tags
107353179,careful,bad_tags
107353179,chimney,feature_tags
107353179,choss,bad_tags
107353179,crux,feature_tags
107353179,fun,good_tags
107353179,good,good_tags
107353179,great,good_tags
107353179,ledge,feature_tags
107353179,roof,feature_tags
107353179,traverse,feature_tags
107353261,crack,feature_tags
107353261,ledge,feature_tags
107353261,roof,feature_tags
107353325,chimney,feature_tags
107353325,choss,bad_tags
107353325,crack,feature_tags
107353325,easy,good_tags
107353325,flake,feature_tags
107353325,fun,good_tags
107353325,great,good_tags
107353325,nice,good_tags
107353325,roof,feature_tags
107353325,warm up,good_tags
107355659,best,good_tags
107355659,dihedral,feature_tags
107355659,great,good_tags
107355659,ledge,feature_tags
107356585,arete,feature_tags
107356585,crack,feature_tags
107356585,flake,feature_tags
107356585,roof,feature_tags
107369318,difficult,other_tags
107369318,easy,good_tags
107369318,face,feature_tags
107369318,flake,feature_tags
107370580,face,feature_tags
107370580,flake,feature_tags
107376404,exposed,feature_tags
107376404,face,feature_tags
107376404,fun,good_tags
107376404,great,good_tags
107376404,ledge,feature_tags
107376404,roof,feature_tags
107376404,slab,feature_tags
107376404,warm up,good_tags
107392729,crux,feature_tags
107392729,great,good_tags
107392729,ledge,feature_tags
107392729,roof,feature_tags
107393546,dirty,bad_tags
107393546,good,good_tags
107393546,great,good_tags
107393546,ledge,feature_tags
107393546,techy,skill
107394091,dihedral,feature_tags
107394091,face,feature_tags
107394091,roof,feature_tags
107394425,arete,feature_tags
107394425,bad,bad_tags
107394425,crux,feature_tags
107394425,fun,good_tags
107394425,good,good_tags
107394425,ledge,feature_tags
107394425,nice,good_tags
107394425,roof,feature_tags
107394425,slab,feature_tags
107394425,thin,other_tags
107394425,tough,other_tags
107395506,face,feature_tags
107400976,crack,feature_tags
107400976,fun,good_tags
107400976,ledge,feature_tags
107439832,great,good_tags
107439832,sloper,feature_tags
107439839,dihedral,feature_tags
107439839,fun,good_tags
107439839,great,good_tags
107439848,face,feature_tags
107440499,crimp,feature_tags
107440499,crux,feature_tags
107440499,easy,good_tags
107458286,balance,skill
107458286,chimney,feature_tags
107458286,cool,good_tags
107458286,crack,feature_tags
107458286,face,feature_tags
107458286,fun,good_tags
107458286,roof,feature_tags
107459929,careful,bad_tags
107459929,cool,good_tags
107459929,crack,feature_tags
107459929,crux,feature_tags
107459929,face,feature_tags
107459929,flake,feature_tags
107459929,fun,good_tags
107459929,good,good_tags
107459929,ledge,feature_tags
107459929,nice,good_tags
107459929,slab,feature_tags
107459929,thin,other_tags
107462986,careful,bad_tags
107462986,crux,feature_tags
107462986,tricky,other_tags
107463042,arete,feature_tags
107463042,crux,feature_tags
107463042,exposed,feature_tags
107463042,fun,good_tags
107463042,slab,feature_tags
107464669,crack,feature_tags
107464669,easier,good_tags
107470617,crack,feature_tags
107470617,crimp,feature_tags
107470617,face,feature_tags
107470617,ledge,feature_tags
107470617,pumpy,other_tags
107470617,smear,other_tags
107470617,traverse,feature_tags
107471773,arete,feature_tags
107471773,crack,feature_tags
107471773,crux,feature_tags
107471773,flake,feature_tags
107471773,good,good_tags
107471773,ledge,feature_tags
107471773,mantle,skill
107471773,slab,feature_tags
107471773,traverse,feature_tags
107478638,cool,good_tags
107478638,crux,feature_tags
107478638,easy,good_tags
107478638,good,good_tags
107478638,pocket,feature_tags
107478638,slab,feature_tags
107478638,thin,other_tags
107485201,crack,feature_tags
107485201,great,good_tags
107485213,crimp,feature_tags
107485213,face,feature_tags
107485213,roof,feature_tags
107487174,easier,good_tags
107487174,easy,good_tags
107487174,fun,good_tags
107487174,good,good_tags
107487174,interesting,good_tags
107487174,run out,bad_tags
107487174,slab,feature_tags
107487174,thin,other_tags
107500261,classic,good_tags
107500822,cool,good_tags
107500822,crack,feature_tags
107500822,dihedral,feature_tags
107500822,excellent,good_tags
107500822,face,feature_tags
107500822,fun,good_tags
107500822,great,good_tags
107502901,slab,feature_tags
107504159,bad,bad_tags
107504159,crack,feature_tags
107504159,crux,feature_tags
107504159,difficult,other_tags
107504159,dirty,bad_tags
107504159,good,good_tags
107504159,ledge,feature_tags
107504159,thin,other_tags
107508292,face,feature_tags
107508292,ledge,feature_tags
107508292,mantle,skill
107508292,sloper,feature_tags
107521977,crux,feature_tags
107521977,slab,feature_tags
107521985,sloper,feature_tags
107521991,crack,feature_tags
107521994,sloper,feature_tags
107522037,sloper,feature_tags
107522047,crimp,feature_tags
107522047,sloper,feature_tags
107530870,arete,feature_tags
107530870,crimp,feature_tags
107530870,jug,feature_tags
107530870,mantle,skill
107530870,slab,feature_tags
107530870,sloper,feature_tags
107530885,sloper,feature_tags
107530893,jug,feature_tags
107530897,arete,feature_tags
107530897,jug,feature_tags
107530903,arete,feature_tags
107530906,arete,feature_tags
107530906,sloper,feature_tags
107530910,jug,feature_tags
107530910,slab,feature_tags
107530910,sloper,feature_tags
107530923,jug,feature_tags
107530923,slab,feature_tags
107535379,chimney,feature_tags
107535379,crack,feature_tags
107535379,face,feature_tags
107535379,ledge,feature_tags
107535379,roof,feature_tags
107535379,traverse,feature_tags
107539474,roof,feature_tags
107539474,traverse,feature_tags
107562869,crimp,feature_tags
107562869,face,feature_tags
107562869,flake,feature_tags
107576453,traverse,feature_tags
107576453,tricky,other_tags
107584101,arete,feature_tags
107584101,crack,feature_tags
107584101,crux,feature_tags
107584101,easier,good_tags
107584101,jug,feature_tags
107584101,roof,feature_tags
107584160,arete,feature_tags
107584160,cool,good_tags
107584160,face,feature_tags
107584160,nice,good_tags
107584160,warm up,good_tags
107595111,classic,good_tags
107595111,crack,feature_tags
107595111,crux,feature_tags
107595111,fun,good_tags
107595111,ledge,feature_tags
107595111,smear,other_tags
107595111,traverse,feature_tags
107597355,crimp,feature_tags
107597355,jug,feature_tags
107597355,pocket,feature_tags
107597364,arete,feature_tags
107597364,classic,good_tags
107597364,jug,feature_tags
107603083,arete,feature_tags
107603083,crack,feature_tags
107603083,roof,feature_tags
107603105,crack,feature_tags
107603105,easier,good_tags
107603105,roof,feature_tags
107603105,traverse,feature_tags
107604014,arete,feature_tags
107604014,chimney,feature_tags
107604014,crack,feature_tags
107604014,difficult,other_tags
107604014,easier,good_tags
107604014,easy,good_tags
107604014,exposed,feature_tags
107604014,flake,feature_tags
107604014,roof,feature_tags
107604014,run out,bad_tags
107604014,thin,other_tags
107604014,traverse,feature_tags
107605327,burly,skill
107605327,crack,feature_tags
107605327,crux,feature_tags
107605327,face,feature_tags
107605327,fun,good_tags
107605327,good,good_tags
107605327,interesting,good_tags
107605327,slab,feature_tags
107605327,traverse,feature_tags
107614682,dihedral,feature_tags
107614682,face,feature_tags
107614682,ledge,feature_tags
107614682,roof,feature_tags
107614682,scary,other_tags
107616240,dihedral,feature_tags
107616240,ledge,feature_tags
107616240,roof,feature_tags
107616240,traverse,feature_tags
107624110,crack,feature_tags
107624110,crimp,feature_tags
107624110,fun,good_tags
107624110,good,good_tags
107624304,crack,feature_tags
107624304,cruise,feature_tags
107624304,face,feature_tags
107624304,fun,good_tags
107624304,good,good_tags
107624304,jug,feature_tags
107624304,tricky,other_tags
107625825,arete,feature_tags
107625825,crack,feature_tags
107625825,jug,feature_tags
107626837,arete,feature_tags
107626837,beautiful,good_tags
107626837,classic,good_tags
107626837,crack,feature_tags
107626837,dihedral,feature_tags
107626837,easier,good_tags
107626837,exposed,feature_tags
107626837,face,feature_tags
107626837,great,good_tags
107626837,jug,feature_tags
107626837,ledge,feature_tags
107626837,pumpy,other_tags
107626837,roof,feature_tags
107626837,technical,skill
107626837,traverse,feature_tags
107634266,cool,good_tags
107634266,easier,good_tags
107634266,fun,good_tags
107634266,great,good_tags
107634266,ledge,feature_tags
107634266,roof,feature_tags
107634273,crux,feature_tags
107634273,face,feature_tags
107634273,fun,good_tags
107634273,jug,feature_tags
107634273,roof,feature_tags
107634288,crack,feature_tags
107634288,easy,good_tags
107634288,face,feature_tags
107634288,roof,feature_tags
107634335,arete,feature_tags
107634335,crack,feature_tags
107634335,face,feature_tags
107634335,roof,feature_tags
107636513,arete,feature_tags
107636513,cool,good_tags
107636513,crack,feature_tags
107636513,face,feature_tags
107636513,roof,feature_tags
107636526,arete,feature_tags
107636526,chimney,feature_tags
107636526,good,good_tags
107636526,ledge,feature_tags
107636526,thin,other_tags
107636531,arete,feature_tags
107636531,chimney,feature_tags
107636531,easier,good_tags
107636531,flake,feature_tags
107636531,roof,feature_tags
107636575,careful,bad_tags
107636575,easy,good_tags
107636575,flake,feature_tags
107636575,roof,feature_tags
107636586,chimney,feature_tags
107636586,fun,good_tags
107636586,great,good_tags
107638287,crack,feature_tags
107638287,exposed,feature_tags
107638287,face,feature_tags
107638287,ledge,feature_tags
107638287,roof,feature_tags
107638287,traverse,feature_tags
107643081,crack,feature_tags
107643081,good,good_tags
107643081,jam,skill
107643081,ledge,feature_tags
107643081,roof,feature_tags
107660000,chimney,feature_tags
107660000,crack,feature_tags
107660000,easy,good_tags
107660000,great,good_tags
107661562,crack,feature_tags
107661562,dihedral,feature_tags
107661562,pumpy,other_tags
107661588,crack,feature_tags
107661588,easy,good_tags
107661588,fun,good_tags
107661588,good,good_tags
107661588,great,good_tags
107661588,ledge,feature_tags
107666720,arete,feature_tags
107666720,careful,bad_tags
107666720,crack,feature_tags
107666720,cruise,feature_tags
107666720,crux,feature_tags
107666720,great,good_tags
107666720,ledge,feature_tags
107666745,beautiful,good_tags
107666745,crack,feature_tags
107666745,easy,good_tags
107666745,flake,feature_tags
107666745,run out,bad_tags
107666745,slab,feature_tags
107666745,thin,other_tags
107666745,traverse,feature_tags
107670564,crack,feature_tags
107670564,crux,feature_tags
107670564,jug,feature_tags
107670564,ledge,feature_tags
107670564,stick clip,other_tags
107670576,face,feature_tags
107670576,great,good_tags
107670576,jug,feature_tags
107670576,roof,feature_tags
107680843,face,feature_tags
107680843,good,good_tags
107680843,jug,feature_tags
107681032,classic,good_tags
107681032,crux,feature_tags
107681032,fun,good_tags
107681032,good,good_tags
107681032,sloper,feature_tags
107681575,bad,bad_tags
107681575,face,feature_tags
107681575,good,good_tags
107681575,mantle,skill
107681575,sloper,feature_tags
107681585,face,feature_tags
107681585,slab,feature_tags
107681650,crux,feature_tags
107681650,face,feature_tags
107681650,good,good_tags
107681661,arete,feature_tags
107681661,dihedral,feature_tags
107681661,good,good_tags
107681661,warm up,good_tags
107681675,face,feature_tags
107681675,pocket,feature_tags
107686114,good,good_tags
107686114,great,good_tags
107686114,jug,feature_tags
107686172,good,good_tags
107686172,mantle,skill
107686172,sloper,feature_tags
107686613,arete,feature_tags
107686613,great,good_tags
107686613,sloper,feature_tags
107686625,crimp,feature_tags
107686625,good,good_tags
107693795,cool,good_tags
107693795,jug,feature_tags
107693795,run out,bad_tags
107693795,rust,bad_tags
107695332,arete,feature_tags
107695332,crack,feature_tags
107695332,good,good_tags
107695332,ledge,feature_tags
107695332,roof,feature_tags
107695332,run out,bad_tags
107695578,arete,feature_tags
107695578,crux,feature_tags
107695578,exposed,feature_tags
107695578,face,feature_tags
107695578,good,good_tags
107695578,roof,feature_tags
107695578,thin,other_tags
107704016,crimp,feature_tags
107704016,jug,feature_tags
107704026,good,good_tags
107704026,jug,feature_tags
107704042,crack,feature_tags
107704042,jug,feature_tags
107704871,crimp,feature_tags
107704884,classic,good_tags
107704884,crack,feature_tags
107704884,face,feature_tags
107704884,jug,feature_tags
107707586,jug,feature_tags
107710582,arete,feature_tags
107710582,best,good_tags
107710582,jug,feature_tags
107710899,careful,bad_tags
107710899,crimp,feature_tags
107710919,crimp,feature_tags
107710937,crimp,feature_tags
107710937,face,feature_tags
107710937,good,good_tags
107710946,arete,feature_tags
107710946,crimp,feature_tags
107710946,mantle,skill
107710946,sloper,feature_tags
107710946,tough,other_tags
107711057,good,good_tags
107711057,mantle,skill
107716713,bad,bad_tags
107716713,choss,bad_tags
107716713,crux,feature_tags
107716713,difficult,other_tags
107716713,dirty,bad_tags
107716713,face,feature_tags
107716713,good,good_tags
107716713,ledge,feature_tags
107716713,run out,bad_tags
107716713,tricky,other_tags
107716786,crack,feature_tags
107716786,crux,feature_tags
107716786,easy,good_tags
107716786,face,feature_tags
107716786,great,good_tags
107716786,roof,feature_tags
107716786,tough,other_tags
107716786,traverse,feature_tags
107724603,face,feature_tags
107724635,easier,good_tags
107724635,easy,good_tags
107724635,face,feature_tags
107724635,fun,good_tags
107724635,great,good_tags
107724635,ledge,feature_tags
107724635,run out,bad_tags
107724635,slab,feature_tags
107726815,dyno,skill
107726815,flake,feature_tags
107726815,scary,other_tags
107726829,jug,feature_tags
107726840,traverse,feature_tags
107726854,classic,good_tags
107726854,crack,feature_tags
107726854,crux,feature_tags
107726854,easier,good_tags
107726854,face,feature_tags
107726889,face,feature_tags
107726889,flake,feature_tags
107726889,good,good_tags
107726889,heel hook,skill
107726889,jug,feature_tags
107726919,crack,feature_tags
107726919,easier,good_tags
107726919,jam,skill
107726919,jug,feature_tags
107726925,crack,feature_tags
107726925,crimp,feature_tags
107726925,face,feature_tags
107726925,jug,feature_tags
107727272,crack,feature_tags
107727272,great,good_tags
107727272,traverse,feature_tags
107730474,arete,feature_tags
107730474,crack,feature_tags
107730474,face,feature_tags
107730474,ledge,feature_tags
107734149,arete,feature_tags
107734149,good,good_tags
107734149,great,good_tags
107734149,mantle,skill
107734149,slab,feature_tags
107734149,sloper,feature_tags
107734204,crimp,feature_tags
107734204,good,good_tags
107734204,slab,feature_tags
107739366,easier,good_tags
107739366,face,feature_tags
107739366,fun,good_tags
107739366,good,good_tags
107739366,ledge,feature_tags
107739366,mantle,skill
107739385,easier,good_tags
107739385,face,feature_tags
107739385,flake,feature_tags
107739385,good,good_tags
107739385,jug,feature_tags
107739385,sloper,feature_tags
107739428,crimp,feature_tags
107739428,good,good_tags
107740989,balance,skill
107740989,careful,bad_tags
107740989,crux,feature_tags
107740989,easier,good_tags
107740989,good,good_tags
107740989,jug,feature_tags
107748830,face,feature_tags
107748830,ledge,feature_tags
107748830,nice,good_tags
107753621,classic,good_tags
107753621,tricky,other_tags
107754827,run out,bad_tags
107754827,thin,other_tags
107754872,easy,good_tags
107754872,jug,feature_tags
107754953,crimp,feature_tags
107754953,sloper,feature_tags
107754965,easy,good_tags
107754965,fun,good_tags
107754965,roof,feature_tags
107755375,arete,feature_tags
107755375,fun,good_tags
107755375,ledge,feature_tags
107770972,best,good_tags
107770972,crack,feature_tags
107770972,easy,good_tags
107770972,good,good_tags
107770972,ledge,feature_tags
107770972,nice,good_tags
107770972,traverse,feature_tags
107773590,crimp,feature_tags
107773628,flake,feature_tags
107773628,jug,feature_tags
107773689,arete,feature_tags
107773689,jug,feature_tags
107773794,good,good_tags
107774759,arete,feature_tags
107774759,easier,good_tags
107774759,jug,feature_tags
107774794,crimp,feature_tags
107778321,arete,feature_tags
107778321,sloper,feature_tags
107778350,dihedral,feature_tags
107778350,fun,good_tags
107778350,jug,feature_tags
107787941,arete,feature_tags
107788101,jug,feature_tags
107789241,good,good_tags
107789241,jug,feature_tags
107789250,arete,feature_tags
107789250,careful,bad_tags
107789250,flake,feature_tags
107789250,good,good_tags
107789250,jug,feature_tags
107789271,arete,feature_tags
107789271,easier,good_tags
107789271,good,good_tags
107789848,good,good_tags
107790532,arete,feature_tags
107790532,classic,good_tags
107790532,crux,feature_tags
107790532,jug,feature_tags
107790978,arete,feature_tags
107790978,crux,feature_tags
107790978,flake,feature_tags
107790978,good,good_tags
107790978,ledge,feature_tags
107790978,pumpy,other_tags
107790978,slab,feature_tags
107790978,traverse,feature_tags
107793288,arete,feature_tags
107793288,face,feature_tags
107794930,crack,feature_tags
107794930,jam,skill
107810697,careful,bad_tags
107810697,dirty,bad_tags
107810697,easier,good_tags
107810697,face,feature_tags
107810697,fun,good_tags
107810697,ledge,feature_tags
107810697,roof,feature_tags
107810697,traverse,feature_tags
107815087,arete,feature_tags
107815087,easy,good_tags
107815087,good,good_tags
107815087,jug,feature_tags
107815099,easier,good_tags
107815134,crimp,feature_tags
107815134,face,feature_tags
107815134,flake,feature_tags
107815134,heel hook,skill
107815134,mantle,skill
107815134,sloper,feature_tags
107815144,flake,feature_tags
107815144,heel hook,skill
107815144,sloper,feature_tags
107815151,powerful,skill
107815180,crack,feature_tags
107815180,crimp,feature_tags
107816221,crimp,feature_tags
107816221,good,good_tags
107816221,jug,feature_tags
107816221,mantle,skill
107821113,face,feature_tags
107821113,flake,feature_tags
107821120,easy,good_tags
107821120,face,feature_tags
107821120,ledge,feature_tags
107822567,easy,good_tags
107822567,good,good_tags
107822567,ledge,feature_tags
107822567,roof,feature_tags
107822655,crack,feature_tags
107822655,face,feature_tags
107837435,traverse,feature_tags
107837924,flake,feature_tags
107837924,fun,good_tags
107837924,good,good_tags
107837924,warm up,good_tags
107837932,good,good_tags
107837932,nice,good_tags
107837932,slab,feature_tags
107837932,warm up,good_tags
107845207,crimp,feature_tags
107845207,pocket,feature_tags
107845207,sloper,feature_tags
107848564,cool,good_tags
107848564,fun,good_tags
107848564,ledge,feature_tags
107848596,best,good_tags
107848596,dihedral,feature_tags
107848596,dirty,bad_tags
107848596,face,feature_tags
107848596,ledge,feature_tags
107848596,nice,good_tags
107861723,crimp,feature_tags
107861723,jug,feature_tags
107862743,ledge,feature_tags
107862743,nice,good_tags
107862743,roof,feature_tags
107862902,good,good_tags
107862902,mantle,skill
107862902,roof,feature_tags
107887261,danger,bad_tags
107887261,jam,skill
107887261,slab,feature_tags
107887261,traverse,feature_tags
107892967,best,good_tags
107892967,cool,good_tags
107892967,easier,good_tags
107892967,easy,good_tags
107892967,face,feature_tags
107892967,flake,feature_tags
107892967,fun,good_tags
107892967,good,good_tags
107892967,great,good_tags
107892967,ledge,feature_tags
107892967,pocket,feature_tags
107892967,run out,bad_tags
107892967,slab,feature_tags
107892967,traverse,feature_tags
107894592,arete,feature_tags
107894592,difficult,other_tags
107894752,easier,good_tags
107894752,jug,feature_tags
107894752,slab,feature_tags
107894752,sloper,feature_tags
107907343,beautiful,good_tags
107907343,crux,feature_tags
107907343,danger,bad_tags
107907343,dihedral,feature_tags
107907343,easy,good_tags
107907343,fun,good_tags
107907343,ledge,feature_tags
107907343,run out,bad_tags
107907343,slab,feature_tags
107914031,run out,bad_tags
107914031,scary,other_tags
107919293,crack,feature_tags
107919293,good,good_tags
107919293,ledge,feature_tags
107919293,roof,feature_tags
107919293,traverse,feature_tags
107921909,difficult,other_tags
107921909,face,feature_tags
107921909,good,good_tags
107924482,jug,feature_tags
107924482,mantle,skill
107924482,roof,feature_tags
107924485,crack,feature_tags
107924485,crux,feature_tags
107925221,crack,feature_tags
107925221,crux,feature_tags
107926223,crack,feature_tags
107926223,ledge,feature_tags
107926223,roof,feature_tags
107926223,slab,feature_tags
107938789,great,good_tags
107938789,sloper,feature_tags
107944236,beautiful,good_tags
107944236,crack,feature_tags
107944236,jam,skill
107944236,ledge,feature_tags
107944236,roof,feature_tags
107946965,crux,feature_tags
107946965,dihedral,feature_tags
107946965,flake,feature_tags
107946965,good,good_tags
107946965,great,good_tags
107946965,jam,skill
107946965,roof,feature_tags
107946965,traverse,feature_tags
107947649,crack,feature_tags
107947649,crimp,feature_tags
107947649,face,feature_tags
107947649,good,good_tags
107947649,ledge,feature_tags
107947649,nice,good_tags
107947649,powerful,skill
107947649,run out,bad_tags
107947649,traverse,feature_tags
107948796,crux,feature_tags
107948796,flake,feature_tags
107948796,jug,feature_tags
107958840,cruise,feature_tags
107958840,crux,feature_tags
107958840,easier,good_tags
107958840,flake,feature_tags
107958840,great,good_tags
107958840,ledge,feature_tags
107958840,nice,good_tags
107958840,slab,feature_tags
107958840,smear,other_tags
107958840,traverse,feature_tags
107959097,dihedral,feature_tags
107959097,easier,good_tags
107959097,easy,good_tags
107959097,fun,good_tags
107959097,ledge,feature_tags
107959097,traverse,feature_tags
107959618,arete,feature_tags
107959618,crux,feature_tags
107968775,mantle,skill
107971608,crack,feature_tags
107971608,flake,feature_tags
107981779,pocket,feature_tags
107986172,fun,good_tags
107986172,slab,feature_tags
107987204,jug,feature_tags
107987204,slab,feature_tags
107987204,sloper,feature_tags
107987209,jug,feature_tags
107987209,slab,feature_tags
107987209,sloper,feature_tags
107987487,good,good_tags
107987487,pocket,feature_tags
107989279,excellent,good_tags
107989279,slab,feature_tags
107994121,crack,feature_tags
107994121,face,feature_tags
107994121,jug,feature_tags
107994121,roof,feature_tags
107995690,arete,feature_tags
107995690,crack,feature_tags
107995690,powerful,skill
107995700,crack,feature_tags
107995700,jug,feature_tags
107995700,mantle,skill
107995700,traverse,feature_tags
107995707,classic,good_tags
107995707,difficult,other_tags
107995707,easy,good_tags
107995707,jug,feature_tags
107995707,sloper,feature_tags
108003638,crimp,feature_tags
108003638,face,feature_tags
108003638,sloper,feature_tags
108003638,thin,other_tags
108003643,arete,feature_tags
108003647,crack,feature_tags
108003647,face,feature_tags
108003647,mantle,skill
108003651,crimp,feature_tags
108003651,mantle,skill
108003651,sloper,feature_tags
108003662,jug,feature_tags
108003662,mantle,skill
108003667,crimp,feature_tags
108003667,good,good_tags
108003671,hueco,feature_tags
108003671,pocket,feature_tags
108003671,sloper,feature_tags
108004558,arete,feature_tags
108004558,crack,feature_tags
108004558,dihedral,feature_tags
108004558,face,feature_tags
108004558,stick clip,other_tags
108004558,thin,other_tags
108008649,classic,good_tags
108008649,crimp,feature_tags
108008649,sloper,feature_tags
108012836,crimp,feature_tags
108012836,face,feature_tags
108012836,great,good_tags
108012836,interesting,good_tags
108012836,warm up,good_tags
108016244,crux,feature_tags
108016244,easy,good_tags
108016244,run out,bad_tags
108032538,jug,feature_tags
108032538,jug,feature_tags
108032538,nice,good_tags
108032538,nice,good_tags
108032861,crack,feature_tags
108032861,crux,feature_tags
108032861,dihedral,feature_tags
108032861,fun,good_tags
108032861,jug,feature_tags
108032861,nice,good_tags
108034630,arete,feature_tags
108034630,face,feature_tags
108034630,mantle,skill
108034634,crimp,feature_tags
108034634,face,feature_tags
108034634,sloper,feature_tags
108039910,crack,feature_tags
108039910,crux,feature_tags
108039954,crux,feature_tags
108039954,easier,good_tags
108039954,face,feature_tags
108039954,flake,feature_tags
108039954,ledge,feature_tags
108039954,nice,good_tags
108052720,arete,feature_tags
108052720,crimp,feature_tags
108052720,flake,feature_tags
108052720,slab,feature_tags
108053227,dihedral,feature_tags
108053227,face,feature_tags
108057105,crimp,feature_tags
108057105,dynamic,skill
108057105,good,good_tags
108057105,jug,feature_tags
108057105,mantle,skill
108057120,crimp,feature_tags
108057120,dynamic,skill
108057120,good,good_tags
108057120,sloper,feature_tags
108058201,arete,feature_tags
108058201,crack,feature_tags
108058201,crimp,feature_tags
108058201,crux,feature_tags
108058201,face,feature_tags
108058201,ledge,feature_tags
108058201,sloper,feature_tags
108077512,crimp,feature_tags
108077512,jug,feature_tags
108077512,sloper,feature_tags
108078006,arete,feature_tags
108078006,crack,feature_tags
108078006,excellent,good_tags
108078006,great,good_tags
108078006,jug,feature_tags
108080953,careful,bad_tags
108080953,crack,feature_tags
108080953,crimp,feature_tags
108080953,crux,feature_tags
108080953,difficult,other_tags
108080953,easier,good_tags
108080953,exposed,feature_tags
108080953,face,feature_tags
108080953,good,good_tags
108080953,jug,feature_tags
108080953,nice,good_tags
108080953,roof,feature_tags
108080953,thin,other_tags
108080953,traverse,feature_tags
108080953,tricky,other_tags
108085104,crux,feature_tags
108085104,slab,feature_tags
108085122,best,good_tags
108085122,crack,feature_tags
108090012,crux,feature_tags
108090042,dihedral,feature_tags
108090042,face,feature_tags
108090042,flake,feature_tags
108090042,great,good_tags
108090042,roof,feature_tags
108090042,slab,feature_tags
108093062,flake,feature_tags
108093062,good,good_tags
108093062,roof,feature_tags
108093062,traverse,feature_tags
108100994,cool,good_tags
108100994,crux,feature_tags
108100994,easy,good_tags
108100994,good,good_tags
108111157,crimp,feature_tags
108111157,crux,feature_tags
108111157,easy,good_tags
108111157,face,feature_tags
108111157,great,good_tags
108111157,traverse,feature_tags
108142065,chimney,feature_tags
108142065,cool,good_tags
108142065,easy,good_tags
108142065,thin,other_tags
108142065,traverse,feature_tags
108146855,crack,feature_tags
108146855,jug,feature_tags
108157754,arete,feature_tags
108157837,crack,feature_tags
108157837,thin,other_tags
108157880,crack,feature_tags
108157893,crack,feature_tags
108157904,arete,feature_tags
108157904,ledge,feature_tags
108162779,crack,feature_tags
108162779,dihedral,feature_tags
108162779,jug,feature_tags
108173232,arete,feature_tags
108173232,crux,feature_tags
108173232,exposed,feature_tags
108173232,face,feature_tags
108173232,fun,good_tags
108173232,good,good_tags
108173232,interesting,good_tags
108173232,jug,feature_tags
108173232,nice,good_tags
108173232,roof,feature_tags
108173232,thin,other_tags
108178167,crack,feature_tags
108178167,difficult,other_tags
108178167,flake,feature_tags
108178167,fun,good_tags
108178167,good,good_tags
108178167,great,good_tags
108178167,nice,good_tags
108178167,pumpy,other_tags
108178167,traverse,feature_tags
108182981,jug,feature_tags
108182981,roof,feature_tags
108182981,sloper,feature_tags
108182981,traverse,feature_tags
108182992,heel hook,skill
108182992,jug,feature_tags
108182998,crimp,feature_tags
108182998,dyno,skill
108182998,jug,feature_tags
108188958,chimney,feature_tags
108188958,fun,good_tags
108236934,crack,feature_tags
108236934,easier,good_tags
108236934,face,feature_tags
108236934,good,good_tags
108236934,powerful,skill
108236934,roof,feature_tags
108238005,crack,feature_tags
108238005,easier,good_tags
108238005,exposed,feature_tags
108238005,jug,feature_tags
108238005,ledge,feature_tags
108238005,roof,feature_tags
108238005,traverse,feature_tags
108239874,arete,feature_tags
108239874,crack,feature_tags
108239874,easy,good_tags
108245161,crux,feature_tags
108245161,roof,feature_tags
108245161,slab,feature_tags
108257099,great,good_tags
108257099,jug,feature_tags
108257099,warm up,good_tags
108259631,crack,feature_tags
108259631,face,feature_tags
108259631,ledge,feature_tags
108259631,traverse,feature_tags
108269659,great,good_tags
108269659,ledge,feature_tags
108274882,traverse,feature_tags
108274882,warm up,good_tags
108274922,good,good_tags
108274922,jug,feature_tags
108274944,arete,feature_tags
108274944,crimp,feature_tags
108274944,ledge,feature_tags
108274967,balance,skill
108274967,tricky,other_tags
108275319,balance,skill
108275319,good,good_tags
108275319,ledge,feature_tags
108275319,smear,other_tags
108275353,sloper,feature_tags
108296164,crack,feature_tags
108296164,crux,feature_tags
108296164,face,feature_tags
108296164,ledge,feature_tags
108303120,slab,feature_tags
108306982,crack,feature_tags
108306982,slab,feature_tags
108312155,arete,feature_tags
108312155,ledge,feature_tags
108312155,sloper,feature_tags
108312155,thin,other_tags
108312155,traverse,feature_tags
108338027,choss,bad_tags
108338027,crack,feature_tags
108338027,crux,feature_tags
108362095,crux,feature_tags
108362095,fun,good_tags
108362095,great,good_tags
108362095,mantle,skill
108362095,slab,feature_tags
108364371,arete,feature_tags
108364371,dihedral,feature_tags
108364371,face,feature_tags
108364371,roof,feature_tags
108373041,chimney,feature_tags
108373041,fun,good_tags
108374157,crack,feature_tags
108374157,easy,good_tags
108374157,thin,other_tags
108381126,arete,feature_tags
108381126,sloper,feature_tags
108382529,crux,feature_tags
108382529,easy,good_tags
108382529,ledge,feature_tags
108382529,slab,feature_tags
108407161,best,good_tags
108407161,easy,good_tags
108407161,warm up,good_tags
108409119,choss,bad_tags
108409119,fun,good_tags
108409119,roof,feature_tags
108435208,arete,feature_tags
108435208,crack,feature_tags
108435208,good,good_tags
108463342,crack,feature_tags
108463342,good,good_tags
108463342,great,good_tags
108463342,technical,skill
108508396,arete,feature_tags
108508396,crimp,feature_tags
108508396,face,feature_tags
108508396,jug,feature_tags
108525704,run out,bad_tags
108526147,arete,feature_tags
108526147,crack,feature_tags
108526147,interesting,good_tags
108526195,crack,feature_tags
108526195,crux,feature_tags
108526195,ledge,feature_tags
108526253,flake,feature_tags
108526253,good,good_tags
108527294,arete,feature_tags
108527303,jug,feature_tags
108527303,roof,feature_tags
108527303,sloper,feature_tags
108527314,ledge,feature_tags
108529573,crux,feature_tags
108529573,difficult,other_tags
108529573,easy,good_tags
108529573,excellent,good_tags
108529573,face,feature_tags
108529573,great,good_tags
108529573,thin,other_tags
108529573,traverse,feature_tags
108531042,crux,feature_tags
108531042,fun,good_tags
108531042,stick clip,other_tags
108531631,crack,feature_tags
108531631,face,feature_tags
108531635,face,feature_tags
108531643,balance,skill
108531643,best,good_tags
108531643,crux,feature_tags
108531643,face,feature_tags
108531643,slab,feature_tags
108531643,thin,other_tags
108531701,chimney,feature_tags
108531701,easier,good_tags
108540246,crux,feature_tags
108540246,interesting,good_tags
108540528,easier,good_tags
108543869,dynamic,skill
108543869,jug,feature_tags
108543869,sloper,feature_tags
108543963,jug,feature_tags
108543988,crimp,feature_tags
108543988,jug,feature_tags
108548398,classic,good_tags
108550124,face,feature_tags
108550124,flake,feature_tags
108550124,fun,good_tags
108550124,traverse,feature_tags
108556815,flake,feature_tags
108556815,good,good_tags
108556815,roof,feature_tags
108556955,flake,feature_tags
108556955,good,good_tags
108556955,roof,feature_tags
108556955,thin,other_tags
108556961,flake,feature_tags
108556961,good,good_tags
108556961,jug,feature_tags
108556961,ledge,feature_tags
108556961,roof,feature_tags
108556961,thin,other_tags
108556961,traverse,feature_tags
108563411,crack,feature_tags
108563440,good,good_tags
108563440,thin,other_tags
108570290,crux,feature_tags
108570290,easier,good_tags
108570290,tricky,other_tags
108577066,balance,skill
108577066,crimp,feature_tags
108577066,crux,feature_tags
108577066,good,good_tags
108577066,jug,feature_tags
108577066,sloper,feature_tags
108577066,technical,skill
108577075,crux,feature_tags
108577075,easier,good_tags
108577075,good,good_tags
108577075,jug,feature_tags
108577075,roof,feature_tags
108592833,crux,feature_tags
108592833,face,feature_tags
108592833,flake,feature_tags
108597661,ledge,feature_tags
108597661,traverse,feature_tags
108601142,crack,feature_tags
108601142,roof,feature_tags
108604962,arete,feature_tags
108604962,best,good_tags
108604962,cool,good_tags
108604962,crux,feature_tags
108604962,easier,good_tags
108604962,fun,good_tags
108604962,good,good_tags
108604962,ledge,feature_tags
108604962,roof,feature_tags
108604962,technical,skill
108604962,warm up,good_tags
108613570,great,good_tags
108613570,ledge,feature_tags
108613570,warm up,good_tags
108625387,slab,feature_tags
108625387,technical,skill
108627461,easy,good_tags
108627461,flake,feature_tags
108627461,roof,feature_tags
108627980,crimp,feature_tags
108627980,crux,feature_tags
108627980,easier,good_tags
108627980,easy,good_tags
108627980,excellent,good_tags
108627980,fun,good_tags
108627980,good,good_tags
108627980,ledge,feature_tags
108627980,nice,good_tags
108627980,sloper,feature_tags
108627980,tough,other_tags
108631080,crack,feature_tags
108631080,dihedral,feature_tags
108631080,smear,other_tags
108633130,arete,feature_tags
108633130,dihedral,feature_tags
108633130,fun,good_tags
108633130,scenic,good_tags
108635631,crack,feature_tags
108635631,easy,good_tags
108635631,great,good_tags
108635631,pumpy,other_tags
108635631,technical,skill
108650165,chimney,feature_tags
108650165,crux,feature_tags
108650165,dihedral,feature_tags
108650165,flake,feature_tags
108650165,good,good_tags
108650165,interesting,good_tags
108650165,jug,feature_tags
108650165,ledge,feature_tags
108650165,techy,skill
108657541,crack,feature_tags
108657541,easier,good_tags
108657541,easy,good_tags
108657541,flake,feature_tags
108657541,spooky,other_tags
108657576,crack,feature_tags
108657576,roof,feature_tags
108657576,rust,bad_tags
108660728,fun,good_tags
108660728,nice,good_tags
108660728,roof,feature_tags
108660728,thin,other_tags
108660764,crux,feature_tags
108660764,roof,feature_tags
108660764,slab,feature_tags
108660764,thin,other_tags
108660764,tough,other_tags
108660843,flake,feature_tags
108660843,jug,feature_tags
108660843,ledge,feature_tags
108660843,nice,good_tags
108660843,sloper,feature_tags
108679974,arete,feature_tags
108679974,balance,skill
108679974,tough,other_tags
108687232,crux,feature_tags
108687232,fun,good_tags
108691761,jug,feature_tags
108691761,roof,feature_tags
108700293,crux,feature_tags
108700293,easier,good_tags
108704251,good,good_tags
108704251,jug,feature_tags
108704251,slab,feature_tags
108704251,warm up,good_tags
108717503,crack,feature_tags
108717503,crux,feature_tags
108717503,dirty,bad_tags
108717503,jug,feature_tags
108717503,roof,feature_tags
108717503,tough,other_tags
108723697,best,good_tags
108723697,crack,feature_tags
108723697,easier,good_tags
108723697,face,feature_tags
108723697,fun,good_tags
108723697,good,good_tags
108723697,great,good_tags
108723697,ledge,feature_tags
108723697,nice,good_tags
108723697,run out,bad_tags
108723697,slab,feature_tags
108723697,traverse,feature_tags
108725431,crimp,feature_tags
108766604,dihedral,feature_tags
108770789,easy,good_tags
108770789,fun,good_tags
108770789,great,good_tags
108770789,jug,feature_tags
108770789,roof,feature_tags
108770789,run out,bad_tags
108770789,traverse,feature_tags
108784245,difficult,other_tags
108784245,easier,good_tags
108784245,flake,feature_tags
108784245,roof,feature_tags
108808648,best,good_tags
108808648,crux,feature_tags
108808648,easy,good_tags
108808648,face,feature_tags
108808648,flake,feature_tags
108808648,good,good_tags
108808648,jug,feature_tags
108808648,ledge,feature_tags
108808648,warm up,good_tags
108813446,slab,feature_tags
108831231,chimney,feature_tags
108831231,crack,feature_tags
108831231,dihedral,feature_tags
108831231,good,good_tags
108831231,ledge,feature_tags
108831231,powerful,skill
108831231,thin,other_tags
108853871,crux,feature_tags
108853871,slab,feature_tags
108853871,thin,other_tags
108949940,crimp,feature_tags
108949940,face,feature_tags
108949940,sloper,feature_tags
108949940,traverse,feature_tags
108952077,best,good_tags
108952077,chimney,feature_tags
108952077,crack,feature_tags
108952077,crux,feature_tags
108952077,dihedral,feature_tags
108952077,easy,good_tags
108952077,exposed,feature_tags
109022045,careful,bad_tags
109022045,crux,feature_tags
109022045,easier,good_tags
109022045,easy,good_tags
109022045,great,good_tags
109022045,ledge,feature_tags
109022045,run out,bad_tags
109022045,slab,feature_tags
109033007,best,good_tags
109033007,crux,feature_tags
109033007,flake,feature_tags
109033007,good,good_tags
109033007,great,good_tags
109033007,nice,good_tags
109033331,cool,good_tags
109033331,easier,good_tags
109033331,face,feature_tags
109033331,good,good_tags
109033331,great,good_tags
109033331,ledge,feature_tags
109033331,run out,bad_tags
109033331,slab,feature_tags
109033331,sloper,feature_tags
109033331,thin,other_tags
109049645,arete,feature_tags
109049645,crack,feature_tags
109049645,easy,good_tags
109049645,fun,good_tags
109058559,arete,feature_tags
109058559,careful,bad_tags
109058559,chimney,feature_tags
109058559,face,feature_tags
109058559,jug,feature_tags
109058559,ledge,feature_tags
109065739,arete,feature_tags
109065739,best,good_tags
109065739,careful,bad_tags
109065739,chimney,feature_tags
109065739,choss,bad_tags
109065739,crack,feature_tags
109065739,face,feature_tags
109065739,ledge,feature_tags
109066457,arete,feature_tags
109066457,easy,good_tags
109066457,slab,feature_tags
109066568,crack,feature_tags
109066568,jug,feature_tags
109069059,arete,feature_tags
109069059,good,good_tags
109069687,beautiful,good_tags
109069687,slab,feature_tags
109107081,crack,feature_tags
109107081,crimp,feature_tags
109107081,cruise,feature_tags
109107081,flake,feature_tags
109107081,ledge,feature_tags
109107081,roof,feature_tags
109107081,slab,feature_tags
109131619,crux,feature_tags
109131619,easier,good_tags
109131619,slab,feature_tags
109196503,arete,feature_tags
109196503,crack,feature_tags
109196503,crux,feature_tags
109196503,jug,feature_tags
109196503,sloper,feature_tags
109196503,traverse,feature_tags
109215000,crux,feature_tags
109215000,fun,good_tags
109215046,fun,good_tags
109215046,roof,feature_tags
109221908,chimney,feature_tags
109221908,crux,feature_tags
109221908,face,feature_tags
109221908,great,good_tags
109221908,ledge,feature_tags
109221908,nice,good_tags
109221908,pocket,feature_tags
109221908,roof,feature_tags
109221908,technical,skill
109221908,thin,other_tags
109227128,classic,good_tags
109227128,exposed,feature_tags
109227128,face,feature_tags
109227128,pumpy,other_tags
109227128,traverse,feature_tags
109242813,arete,feature_tags
109242813,classic,good_tags
109242813,easier,good_tags
109242813,easy,good_tags
109242813,face,feature_tags
109242813,good,good_tags
109242813,jug,feature_tags
109248806,face,feature_tags
109379296,beautiful,good_tags
109379296,danger,bad_tags
109379296,difficult,other_tags
109379296,dihedral,feature_tags
109379296,easy,good_tags
109379296,face,feature_tags
109379296,flake,feature_tags
109379296,great,good_tags
109379296,ledge,feature_tags
109379296,run out,bad_tags
109379296,rust,bad_tags
109379296,thin,other_tags
109379296,traverse,feature_tags
109379296,tricky,other_tags
109419902,jug,feature_tags
109419902,ledge,feature_tags
109419902,roof,feature_tags
109433949,best,good_tags
109433949,crack,feature_tags
109433949,crimp,feature_tags
109433949,difficult,other_tags
109433949,easy,good_tags
109433949,flake,feature_tags
109433949,good,good_tags
109433949,great,good_tags
109433949,interesting,good_tags
109433949,jug,feature_tags
109433949,ledge,feature_tags
109433949,nice,good_tags
109433949,smear,other_tags
109433949,traverse,feature_tags
109437407,cool,good_tags
109437407,easier,good_tags
109437407,easy,good_tags
109437407,flake,feature_tags
109437407,fun,good_tags
109437407,good,good_tags
109437407,thin,other_tags
109437433,easier,good_tags
109437433,easy,good_tags
109437433,fun,good_tags
109437433,slab,feature_tags
109437618,best,good_tags
109437618,crux,feature_tags
109437618,difficult,other_tags
109437618,easier,good_tags
109437618,easy,good_tags
109437618,flake,feature_tags
109437618,fun,good_tags
109437618,ledge,feature_tags
109437618,nice,good_tags
109437618,thin,other_tags
109437618,tough,other_tags
109437776,crack,feature_tags
109437776,flake,feature_tags
109437776,fun,good_tags
109437776,good,good_tags
109437776,ledge,feature_tags
109437922,beautiful,good_tags
109437922,crack,feature_tags
109437922,flake,feature_tags
109437922,fun,good_tags
109441225,bad,bad_tags
109441225,crux,feature_tags
109441225,danger,bad_tags
109441225,easy,good_tags
109441225,flake,feature_tags
109441225,fun,good_tags
109441225,run out,bad_tags
109441225,thin,other_tags
109441391,crack,feature_tags
109441391,easy,good_tags
109441391,tough,other_tags
109492988,face,feature_tags
109492988,fun,good_tags
109492988,good,good_tags
109492988,ledge,feature_tags
109492988,pocket,feature_tags
109492988,roof,feature_tags
109492988,slab,feature_tags
109499346,crack,feature_tags
109499346,flake,feature_tags
109499346,fun,good_tags
109499346,ledge,feature_tags
109502412,crimp,feature_tags
109502412,fun,good_tags
109502412,jug,feature_tags
109502412,sloper,feature_tags
109502456,beautiful,good_tags
109502456,crimp,feature_tags
109502456,fun,good_tags
109502456,jug,feature_tags
109502456,sloper,feature_tags
109502480,face,feature_tags
109502480,jug,feature_tags
109502480,run out,bad_tags
109502480,slab,feature_tags
109502579,arete,feature_tags
109502579,cool,good_tags
109502579,crack,feature_tags
109502579,good,good_tags
109502579,jug,feature_tags
109502606,crack,feature_tags
109502606,warm up,good_tags
109502615,face,feature_tags
109502615,good,good_tags
109502615,warm up,good_tags
109504926,crimp,feature_tags
109504926,good,good_tags
109504926,jug,feature_tags
109504926,mantle,skill
109504926,nice,good_tags
109506951,pumpy,other_tags
109528509,roof,feature_tags
109549590,best,good_tags
109549590,crimp,feature_tags
109549590,crux,feature_tags
109549590,good,good_tags
109549590,great,good_tags
109549590,jug,feature_tags
109549590,sloper,feature_tags
109549964,cool,good_tags
109549964,face,feature_tags
109549964,flake,feature_tags
109549964,jug,feature_tags
109549964,nice,good_tags
109549964,slab,feature_tags
109618368,arete,feature_tags
109618368,cool,good_tags
109618368,crimp,feature_tags
109618368,flake,feature_tags
109618368,slab,feature_tags
109618368,traverse,feature_tags
109659300,crux,feature_tags
109659300,face,feature_tags
109659300,thin,other_tags
109684710,arete,feature_tags
109684710,chimney,feature_tags
109684710,crack,feature_tags
109684710,dihedral,feature_tags
109684710,exposed,feature_tags
109684710,face,feature_tags
109684710,good,good_tags
109684710,roof,feature_tags
109684710,run out,bad_tags
109684710,technical,skill
109684710,thin,other_tags
109684710,tough,other_tags
109684839,arete,feature_tags
109684839,crack,feature_tags
109684839,dihedral,feature_tags
109684839,exposed,feature_tags
109684839,jug,feature_tags
109684839,roof,feature_tags
109692960,crux,feature_tags
109692960,easier,good_tags
109692960,excellent,good_tags
109692960,good,good_tags
109692960,run out,bad_tags
109756045,crack,feature_tags
109756045,crux,feature_tags
109756045,exposed,feature_tags
109756045,face,feature_tags
109756045,flake,feature_tags
109756045,fun,good_tags
109756045,ledge,feature_tags
109756045,nice,good_tags
109756045,scary,other_tags
109756045,thin,other_tags
109766288,crimp,feature_tags
109766288,crux,feature_tags
109766288,good,good_tags
109766288,pocket,feature_tags
109770639,crimp,feature_tags
109770639,easier,good_tags
109770639,tricky,other_tags
109831995,easy,good_tags
109831995,face,feature_tags
109831995,good,good_tags
109831995,jug,feature_tags
109831995,smear,other_tags
109832000,crimp,feature_tags
109832000,good,good_tags
109832000,mantle,skill
109832000,pocket,feature_tags
109832006,arete,feature_tags
109832006,sloper,feature_tags
109832028,crimp,feature_tags
109832028,good,good_tags
109832028,slab,feature_tags
109832028,tough,other_tags
109832040,arete,feature_tags
109832040,burly,skill
109832040,good,good_tags
109832040,great,good_tags
109832040,slab,feature_tags
109832053,arete,feature_tags
109832053,interesting,good_tags
109832053,jug,feature_tags
109832053,mantle,skill
109832060,good,good_tags
109832060,heel hook,skill
109832060,interesting,good_tags
109832060,jug,feature_tags
109832060,ledge,feature_tags
109863253,cruise,feature_tags
109863253,slab,feature_tags
109863259,nice,good_tags
109881907,crack,feature_tags
109881907,easier,good_tags
109881907,face,feature_tags
109881907,flake,feature_tags
109881907,ledge,feature_tags
109893156,choss,bad_tags
109893156,cool,good_tags
109893156,crack,feature_tags
109893156,crux,feature_tags
109893156,flake,feature_tags
109893156,good,good_tags
109893156,ledge,feature_tags
109893156,run out,bad_tags
109893156,thin,other_tags
109893211,traverse,feature_tags
109895979,crack,feature_tags
109895979,face,feature_tags
109895979,flake,feature_tags
109895979,ledge,feature_tags
109895979,run out,bad_tags
109895979,slab,feature_tags
109898632,arete,feature_tags
109898632,good,good_tags
109898632,jug,feature_tags
109898642,arete,feature_tags
109898642,traverse,feature_tags
109905332,crack,feature_tags
109905332,crux,feature_tags
109905332,dihedral,feature_tags
109905332,easy,good_tags
109905332,face,feature_tags
109905332,good,good_tags
109905332,great,good_tags
109905332,ledge,feature_tags
109905332,nice,good_tags
109916014,face,feature_tags
109916014,fun,good_tags
109916014,ledge,feature_tags
109916014,thin,other_tags
109929513,crimp,feature_tags
109929513,heel hook,skill
109929513,jug,feature_tags
109929513,mantle,skill
109929513,nice,good_tags
109929546,crux,feature_tags
109929546,difficult,other_tags
109929546,jug,feature_tags
109932772,crack,feature_tags
109932772,crux,feature_tags
109932772,jug,feature_tags
109932778,arete,feature_tags
109932778,cool,good_tags
109932778,crux,feature_tags
109932778,exposed,feature_tags
109932778,jug,feature_tags
109932778,sloper,feature_tags
109936397,best,good_tags
109936397,crack,feature_tags
109936397,crux,feature_tags
109936397,dirty,bad_tags
109936397,easy,good_tags
109936397,face,feature_tags
109936397,interesting,good_tags
109936397,ledge,feature_tags
109936397,slab,feature_tags
110041828,arete,feature_tags
110041828,crimp,feature_tags
110114648,cool,good_tags
110114648,danger,bad_tags
110114648,face,feature_tags
110114648,flake,feature_tags
110114648,good,good_tags
110114648,jug,feature_tags
110114648,ledge,feature_tags
110131741,arete,feature_tags
110131741,face,feature_tags
110131741,jug,feature_tags
110131750,arete,feature_tags
110131750,face,feature_tags
110131750,jug,feature_tags
110131875,cool,good_tags
110131875,face,feature_tags
110131875,jug,feature_tags
110131875,roof,feature_tags
110131875,sloper,feature_tags
110164573,crux,feature_tags
110164573,dirty,bad_tags
110164573,easier,good_tags
110164573,ledge,feature_tags
110164573,tricky,other_tags
110184531,scary,other_tags
110222664,face,feature_tags
110222664,slab,feature_tags
110228958,crack,feature_tags
110268170,crack,feature_tags
110268170,crimp,feature_tags
110268170,fun,good_tags
110268170,slab,feature_tags
110277378,fun,good_tags
110277378,good,good_tags
110277378,ledge,feature_tags
110277378,roof,feature_tags
110296070,easy,good_tags
110296070,face,feature_tags
110296070,fun,good_tags
110296070,good,good_tags
110296070,great,good_tags
110296070,ledge,feature_tags
110296070,mantle,skill
110296070,sloper,feature_tags
110382895,crimp,feature_tags
110382895,jug,feature_tags
110382895,scenic,good_tags
110382895,sloper,feature_tags
110414552,chimney,feature_tags
110414552,crack,feature_tags
110414552,excellent,good_tags
110414552,face,feature_tags
110414552,traverse,feature_tags
110442738,burly,skill
110442738,cool,good_tags
110442738,crack,feature_tags
110442738,flake,feature_tags
110442738,roof,feature_tags
110442738,traverse,feature_tags
110526365,crux,feature_tags
110526365,face,feature_tags
110526365,good,good_tags
110526365,ledge,feature_tags
110540049,crack,feature_tags
110540049,dirty,bad_tags
110556991,face,feature_tags
110556991,techy,skill
110572583,crack,feature_tags
110572583,crux,feature_tags
110572583,face,feature_tags
110572583,fun,good_tags
110572583,good,good_tags
110572583,interesting,good_tags
110572583,thin,other_tags
110579542,careful,bad_tags
110579542,crack,feature_tags
110579808,fun,good_tags
110579808,tough,other_tags
110579826,crack,feature_tags
110579826,dirty,bad_tags
110680882,flake,feature_tags
110680882,ledge,feature_tags
110683280,flake,feature_tags
110683280,good,good_tags
110683280,ledge,feature_tags
110683316,easy,good_tags
110683316,face,feature_tags
110683316,ledge,feature_tags
110713185,roof,feature_tags
110715632,crux,feature_tags
110715632,dirty,bad_tags
110715632,exposed,feature_tags
110715632,face,feature_tags
110715632,flake,feature_tags
110715632,ledge,feature_tags
110715632,roof,feature_tags
110715632,traverse,feature_tags
110853023,balance,skill
110853023,crack,feature_tags
110853023,crimp,feature_tags
110853023,jug,feature_tags
110866215,crack,feature_tags
110866215,dirty,bad_tags
110866215,jam,skill
110866215,jug,feature_tags
110866215,ledge,feature_tags
110866246,roof,feature_tags
110866246,thin,other_tags
110867955,crack,feature_tags
110867955,jug,feature_tags
110867955,ledge,feature_tags
110870336,crux,feature_tags
110870336,face,feature_tags
110870336,good,good_tags
110870336,roof,feature_tags
110870336,stick clip,other_tags
110946530,difficult,other_tags
110946530,interesting,good_tags
110946530,traverse,feature_tags
110950939,best,good_tags
110950939,careful,bad_tags
110950939,crack,feature_tags
110950939,difficult,other_tags
110950939,easier,good_tags
110950939,flake,feature_tags
110950939,ledge,feature_tags
110950939,nice,good_tags
110950939,run out,bad_tags
110950939,sloper,feature_tags
110959048,thin,other_tags
110974463,face,feature_tags
111009276,best,good_tags
111009276,crux,feature_tags
111009276,ledge,feature_tags
111009276,nice,good_tags
111067909,dihedral,feature_tags
111067909,face,feature_tags
111067909,flake,feature_tags
111067909,thin,other_tags
111069887,crimp,feature_tags
111069887,dirty,bad_tags
111069887,good,good_tags
111069887,slab,feature_tags
111069887,sloper,feature_tags
111069908,dirty,bad_tags
111069908,easy,good_tags
111069908,ledge,feature_tags
111069908,nice,good_tags
111069908,rust,bad_tags
111069908,smear,other_tags
111069926,balance,skill
111069926,careful,bad_tags
111069926,crimp,feature_tags
111069926,high first bolt,other_tags
111069926,thin,other_tags
111069926,tough,other_tags
111108868,crack,feature_tags
111108868,easier,good_tags
111108868,easy,good_tags
111108868,excellent,good_tags
111108868,ledge,feature_tags
111108868,nice,good_tags
111108868,slab,feature_tags
111108868,traverse,feature_tags
111110521,best,good_tags
111110521,flake,feature_tags
111110521,ledge,feature_tags
111110521,run out,bad_tags
111110725,careful,bad_tags
111110725,difficult,other_tags
111110725,easy,good_tags
111110725,flake,feature_tags
111110725,fun,good_tags
111110725,good,good_tags
111110725,ledge,feature_tags
111110725,run out,bad_tags
111110725,slab,feature_tags
111110725,traverse,feature_tags
111177526,fun,good_tags
111177526,thin,other_tags
111308069,beautiful,good_tags
111308069,easier,good_tags
111308069,thin,other_tags
111308069,tricky,other_tags
111309123,bad,bad_tags
111309123,crack,feature_tags
111309123,crimp,feature_tags
111309123,dyno,skill
111309123,flake,feature_tags
111309123,good,good_tags
111309123,jug,feature_tags
111309218,crimp,feature_tags
111309218,face,feature_tags
111309218,sloper,feature_tags
111309494,beautiful,good_tags
111309494,crux,feature_tags
111309494,difficult,other_tags
111309494,easy,good_tags
111309494,fun,good_tags
111309494,good,good_tags
111309494,ledge,feature_tags
111334381,crack,feature_tags
111334381,dirty,bad_tags
111334381,face,feature_tags
111334381,fun,good_tags
111334381,roof,feature_tags
111352448,crux,feature_tags
111352448,dirty,bad_tags
111352448,ledge,feature_tags
111352448,nice,good_tags
111352448,roof,feature_tags
111387171,flake,feature_tags
111387171,great,good_tags
111396296,cool,good_tags
111396296,easy,good_tags
111396296,face,feature_tags
111396296,flake,feature_tags
111396296,fun,good_tags
111396296,ledge,feature_tags
111396296,pocket,feature_tags
111402237,arete,feature_tags
111402237,chimney,feature_tags
111402237,classic,good_tags
111402237,crack,feature_tags
111402237,crux,feature_tags
111402237,dirty,bad_tags
111402237,easier,good_tags
111402237,fun,good_tags
111402237,good,good_tags
111402237,great,good_tags
111402237,ledge,feature_tags
111402237,nice,good_tags
111402237,roof,feature_tags
111416350,bad,bad_tags
111416350,careful,bad_tags
111416350,crimp,feature_tags
111416350,flake,feature_tags
111416350,ledge,feature_tags
111416350,run out,bad_tags
111416350,smear,other_tags
111417061,classic,good_tags
111417061,crux,feature_tags
111417061,easier,good_tags
111417061,face,feature_tags
111418574,slab,feature_tags
111418581,easy,good_tags
111418581,face,feature_tags
111418877,arete,feature_tags
111418877,cool,good_tags
111418877,crux,feature_tags
111418877,smear,other_tags
111418892,crimp,feature_tags
111418892,good,good_tags
111418892,jug,feature_tags
111418892,slab,feature_tags
111418892,sloper,feature_tags
111418906,arete,feature_tags
111418906,crux,feature_tags
111495796,arete,feature_tags
111495796,crack,feature_tags
111495796,difficult,other_tags
111495796,dihedral,feature_tags
111495796,face,feature_tags
111495796,flake,feature_tags
111495796,fun,good_tags
111495796,good,good_tags
111495796,roof,feature_tags
111495796,slab,feature_tags
111495796,thin,other_tags
111514365,cool,good_tags
111514365,crux,feature_tags
111514365,face,feature_tags
111514365,fun,good_tags
111514365,good,good_tags
111514369,cool,good_tags
111514369,ledge,feature_tags
111514369,pocket,feature_tags
111538335,crimp,feature_tags
111538335,jug,feature_tags
111538335,sloper,feature_tags
111561041,arete,feature_tags
111561041,crack,feature_tags
111561041,danger,bad_tags
111561041,face,feature_tags
111561041,flake,feature_tags
111561041,fun,good_tags
111561041,good,good_tags
111561041,great,good_tags
111561041,pumpy,other_tags
111561041,slab,feature_tags
111561041,thin,other_tags
111561041,traverse,feature_tags
111637131,crimp,feature_tags
111646802,crack,feature_tags
111646802,crimp,feature_tags
111646802,traverse,feature_tags
111662561,crack,feature_tags
111662561,crack,feature_tags
111662561,easy,good_tags
111662561,easy,good_tags
111662561,face,feature_tags
111662561,good,good_tags
111662561,good,good_tags
111662561,roof,feature_tags
111662561,roof,feature_tags
111662561,run out,bad_tags
111662561,run out,bad_tags
111662561,slab,feature_tags
111662561,slab,feature_tags
111663154,crack,feature_tags
111663154,crux,feature_tags
111663154,face,feature_tags
111663154,good,good_tags
111663154,slab,feature_tags
111699834,easier,good_tags
111699834,great,good_tags
111699834,jug,feature_tags
111699834,smear,other_tags
111699834,thin,other_tags
111699834,tough,other_tags
111742435,chimney,feature_tags
111742435,crack,feature_tags
111742435,dirty,bad_tags
111742435,easy,good_tags
111742435,face,feature_tags
111742435,flake,feature_tags
111742435,fun,good_tags
111742435,good,good_tags
111742435,great,good_tags
111742435,ledge,feature_tags
111742435,mantle,skill
111742435,nice,good_tags
111742435,run out,bad_tags
111742435,scary,other_tags
111742435,thin,other_tags
111742435,traverse,feature_tags
111742527,best,good_tags
111742527,difficult,other_tags
111742527,easy,good_tags
111742527,face,feature_tags
111742527,ledge,feature_tags
111759793,crimp,feature_tags
111759793,good,good_tags
111759793,sloper,feature_tags
111759859,arete,feature_tags
111759859,easier,good_tags
111759859,ledge,feature_tags
111759859,sloper,feature_tags
111759908,arete,feature_tags
111759908,crimp,feature_tags
111763292,dyno,skill
111763292,good,good_tags
111763292,jug,feature_tags
111763292,ledge,feature_tags
111767981,crack,feature_tags
111767981,crimp,feature_tags
111767981,jam,skill
111767981,roof,feature_tags
111770806,crack,feature_tags
111770806,cruise,feature_tags
111770806,easy,good_tags
111770806,excellent,good_tags
111770806,face,feature_tags
111770806,good,good_tags
111770806,ledge,feature_tags
111770806,slab,feature_tags
111770806,thin,other_tags
111770806,tricky,other_tags
111775520,crux,feature_tags
111775520,roof,feature_tags
111775520,slab,feature_tags
111787452,good,good_tags
111787452,ledge,feature_tags
111787472,crimp,feature_tags
111787472,good,good_tags
111787490,crimp,feature_tags
111800695,crimp,feature_tags
111800713,crimp,feature_tags
111800713,jug,feature_tags
111800728,crimp,feature_tags
111800728,traverse,feature_tags
111800761,crimp,feature_tags
111800761,thin,other_tags
111800785,traverse,feature_tags
111800804,crack,feature_tags
111800822,crack,feature_tags
111800822,sloper,feature_tags
111800835,arete,feature_tags
111800835,cool,good_tags
111800871,crack,feature_tags
111800871,traverse,feature_tags
111807217,crimp,feature_tags
111807217,jug,feature_tags
111808696,good,good_tags
111808696,tough,other_tags
111808713,crimp,feature_tags
111808713,jug,feature_tags
111808745,good,good_tags
111817283,crux,feature_tags
111817283,easier,good_tags
111817283,face,feature_tags
111817592,ledge,feature_tags
111817615,crack,feature_tags
111817615,smear,other_tags
111821051,arete,feature_tags
111821051,good,good_tags
111821051,jug,feature_tags
111821051,traverse,feature_tags
111826392,crack,feature_tags
111826392,smear,other_tags
111826412,face,feature_tags
111826412,smear,other_tags
111826420,crack,feature_tags
111826420,face,feature_tags
111828066,balance,skill
111828066,sloper,feature_tags
111828099,face,feature_tags
111828099,technical,skill
111828123,crack,feature_tags
111828123,face,feature_tags
111870112,crack,feature_tags
111870112,crux,feature_tags
111870112,easier,good_tags
111870112,face,feature_tags
111870112,good,good_tags
111870112,slab,feature_tags
111884289,chimney,feature_tags
111884289,face,feature_tags
111884289,fun,good_tags
111907362,crimp,feature_tags
111907390,mantle,skill
111907390,sloper,feature_tags
111907492,tricky,other_tags
111907624,bad,bad_tags
111907624,crimp,feature_tags
111907624,jug,feature_tags
111907624,roof,feature_tags
111907701,crimp,feature_tags
111914971,crimp,feature_tags
111936217,chimney,feature_tags
111936217,crack,feature_tags
111936217,dirty,bad_tags
111936217,face,feature_tags
111936217,good,good_tags
111936217,jug,feature_tags
111936217,ledge,feature_tags
111948773,easy,good_tags
111948773,nice,good_tags
111948877,high first bolt,other_tags
111948877,ledge,feature_tags
111948877,nice,good_tags
111948914,crux,feature_tags
111948914,ledge,feature_tags
111978500,good,good_tags
111978500,great,good_tags
111978500,ledge,feature_tags
111978500,roof,feature_tags
111978500,sloper,feature_tags
111978500,smear,other_tags
112000571,crack,feature_tags
112000571,crimp,feature_tags
112000571,jug,feature_tags
112000571,nice,good_tags
112000571,thin,other_tags
112000571,tricky,other_tags
112000588,crack,feature_tags
112000588,dyno,skill
112000588,nice,good_tags
112000588,thin,other_tags
112000767,arete,feature_tags
112000767,crimp,feature_tags
112000767,face,feature_tags
112000767,nice,good_tags
112000767,pocket,feature_tags
112000767,sloper,feature_tags
112007461,arete,feature_tags
112007461,crimp,feature_tags
112007461,crux,feature_tags
112007461,easy,good_tags
112007461,excellent,good_tags
112007461,face,feature_tags
112007461,good,good_tags
112007461,great,good_tags
112007461,jug,feature_tags
112007461,pocket,feature_tags
112007461,roof,feature_tags
112007461,slab,feature_tags
112007461,thin,other_tags
112007461,traverse,feature_tags
112007461,warm up,good_tags
112027091,arete,feature_tags
112027091,slab,feature_tags
112027110,great,good_tags
112027130,arete,feature_tags
112027130,crux,feature_tags
112027130,dihedral,feature_tags
112027130,face,feature_tags
112027130,ledge,feature_tags
112027130,spooky,other_tags
112027130,tricky,other_tags
112027727,chimney,feature_tags
112027727,easy,good_tags
112027727,fun,good_tags
112027727,ledge,feature_tags
112039043,crack,feature_tags
112039043,interesting,good_tags
112039043,jug,feature_tags
112040586,careful,bad_tags
112040586,crack,feature_tags
112040586,crumbly,bad_tags
112040586,crux,feature_tags
112040586,danger,bad_tags
112040586,difficult,other_tags
112040586,easier,good_tags
112040586,exposed,feature_tags
112040586,face,feature_tags
112040586,good,good_tags
112040586,ledge,feature_tags
112040586,roof,feature_tags
112040586,sloper,feature_tags
112040586,thin,other_tags
112043916,traverse,feature_tags
112083352,crack,feature_tags
112083352,easier,good_tags
112083352,easy,good_tags
112083352,mantle,skill
112083352,nice,good_tags
112083352,smear,other_tags
112083352,thin,other_tags
112083352,tricky,other_tags
112083455,easier,good_tags
112083455,easy,good_tags
112083455,fun,good_tags
112083455,ledge,feature_tags
112083455,thin,other_tags
112083537,face,feature_tags
112083537,good,good_tags
112092828,arete,feature_tags
112092828,technical,skill
112095297,crimp,feature_tags
112095297,face,feature_tags
112102270,nice,good_tags
112107367,face,feature_tags
112109602,arete,feature_tags
112109602,face,feature_tags
112109602,good,good_tags
112112003,chimney,feature_tags
112112003,classic,good_tags
112112003,easy,good_tags
112112003,exposed,feature_tags
112112003,face,feature_tags
112112003,interesting,good_tags
112121706,dirty,bad_tags
112121706,face,feature_tags
112121706,rust,bad_tags
112121706,thin,other_tags
112148230,jug,feature_tags
112164068,face,feature_tags
112164068,roof,feature_tags
112165317,crack,feature_tags
112165317,crux,feature_tags
112165317,flake,feature_tags
112165317,good,good_tags
112165317,interesting,good_tags
112175160,arete,feature_tags
112175160,crimp,feature_tags
112175160,dihedral,feature_tags
112175160,face,feature_tags
112175180,arete,feature_tags
112175180,easier,good_tags
112175180,traverse,feature_tags
112175194,arete,feature_tags
112175194,crimp,feature_tags
112177236,arete,feature_tags
112177236,traverse,feature_tags
112197821,jug,feature_tags
112197835,crimp,feature_tags
112197835,jug,feature_tags
112197852,arete,feature_tags
112197852,pocket,feature_tags
112197860,jug,feature_tags
112197880,arete,feature_tags
112197880,crimp,feature_tags
112197892,good,good_tags
112197892,roof,feature_tags
112197914,traverse,feature_tags
112197936,crimp,feature_tags
112199316,crimp,feature_tags
112199316,good,good_tags
112199316,jug,feature_tags
112199566,traverse,feature_tags
112199595,crimp,feature_tags
112199606,crimp,feature_tags
112201166,burly,skill
112201166,crimp,feature_tags
112201166,jug,feature_tags
112204901,crux,feature_tags
112204901,fun,good_tags
112204901,ledge,feature_tags
112204927,crimp,feature_tags
112204927,thin,other_tags
112204999,crux,feature_tags
112204999,face,feature_tags
112204999,good,good_tags
112205149,crux,feature_tags
112205149,easier,good_tags
112205149,face,feature_tags
112209139,interesting,good_tags
112209165,crux,feature_tags
112209765,good,good_tags
112209765,jug,feature_tags
112209765,slab,feature_tags
112230312,good,good_tags
112230312,interesting,good_tags
112230312,roof,feature_tags
112230312,slab,feature_tags
112230312,smear,other_tags
112236199,crack,feature_tags
112236199,flake,feature_tags
112239883,crimp,feature_tags
112240807,bad,bad_tags
112240807,crack,feature_tags
112240807,crux,feature_tags
112240807,face,feature_tags
112240807,ledge,feature_tags
112248480,crux,feature_tags
112248480,easier,good_tags
112248480,easy,good_tags
112248480,fun,good_tags
112248480,good,good_tags
112248480,jam,skill
112248603,fun,good_tags
112248603,thin,other_tags
112250597,choss,bad_tags
112250597,exposed,feature_tags
112250597,fun,good_tags
112250597,good,good_tags
112250597,nice,good_tags
112250597,pumpy,other_tags
112250597,thin,other_tags
112250597,traverse,feature_tags
112254378,crack,feature_tags
112254378,crimp,feature_tags
112254378,jug,feature_tags
112258324,arete,feature_tags
112258324,crimp,feature_tags
112258324,crux,feature_tags
112258324,fun,good_tags
112258324,jug,feature_tags
112258324,nice,good_tags
112258324,technical,skill
112258324,traverse,feature_tags
112258394,face,feature_tags
112258394,flake,feature_tags
112258394,smear,other_tags
112258414,roof,feature_tags
112258414,smear,other_tags
112258431,nice,good_tags
112258431,roof,feature_tags
112258431,smear,other_tags
112274873,crimp,feature_tags
112274873,good,good_tags
112276413,crack,feature_tags
112276413,face,feature_tags
112276413,good,good_tags
112299630,face,feature_tags
112299630,flake,feature_tags
112312008,arete,feature_tags
112312008,face,feature_tags
112312008,jug,feature_tags
112312008,powerful,skill
112312008,roof,feature_tags
112312122,crimp,feature_tags
112312122,face,feature_tags
112312122,good,good_tags
112320869,cruise,feature_tags
112320869,easy,good_tags
112320869,ledge,feature_tags
112320869,sloper,feature_tags
112320869,smear,other_tags
112346843,classic,good_tags
112346843,good,good_tags
112346843,jug,feature_tags
112346843,ledge,feature_tags
112346843,roof,feature_tags
112348210,easy,good_tags
112348210,good,good_tags
112348210,pocket,feature_tags
112348210,sloper,feature_tags
112349454,crack,feature_tags
112349454,good,good_tags
112349454,jug,feature_tags
112349454,sloper,feature_tags
112356845,crack,feature_tags
112356845,face,feature_tags
112356845,flake,feature_tags
112356845,fun,good_tags
112356845,roof,feature_tags
112356845,traverse,feature_tags
112356894,crack,feature_tags
112356894,good,good_tags
112356894,jam,skill
112356894,ledge,feature_tags
112356894,traverse,feature_tags
112357616,dynamic,skill
112357616,flake,feature_tags
112357616,good,good_tags
112357616,jug,feature_tags
112357616,ledge,feature_tags
112373273,cool,good_tags
112373273,crack,feature_tags
112373273,rust,bad_tags
112373743,good,good_tags
112373743,jug,feature_tags
112379646,crimp,feature_tags
112379646,good,good_tags
112379646,roof,feature_tags
112379646,scary,other_tags
112379656,crimp,feature_tags
112379656,dyno,skill
112379656,sloper,feature_tags
112379656,thin,other_tags
112379666,dyno,skill
112379666,face,feature_tags
112379673,crux,feature_tags
112379673,jug,feature_tags
112379692,powerful,skill
112379692,roof,feature_tags
112379697,classic,good_tags
112379697,crimp,feature_tags
112379697,crux,feature_tags
112379697,roof,feature_tags
112379707,crux,feature_tags
112379707,roof,feature_tags
112379707,traverse,feature_tags
112379720,crimp,feature_tags
112379720,roof,feature_tags
112379720,sloper,feature_tags
112379730,traverse,feature_tags
112379730,warm up,good_tags
112379743,roof,feature_tags
112379749,warm up,good_tags
112379762,crimp,feature_tags
112379762,sloper,feature_tags
112379773,good,good_tags
112379773,sloper,feature_tags
112379788,roof,feature_tags
112379788,sloper,feature_tags
112379815,sloper,feature_tags
112379820,crux,feature_tags
112379820,sloper,feature_tags
112379836,crimp,feature_tags
112379836,powerful,skill
112379853,dyno,skill
112379853,good,good_tags
112379858,roof,feature_tags
112379858,sloper,feature_tags
112379864,good,good_tags
112379864,jug,feature_tags
112379864,sloper,feature_tags
112379871,sloper,feature_tags
112379879,crimp,feature_tags
112379879,good,good_tags
112392479,easy,good_tags
112392479,good,good_tags
112392479,jug,feature_tags
112392479,mantle,skill
112397923,arete,feature_tags
112397923,roof,feature_tags
112397937,arete,feature_tags
112397937,dihedral,feature_tags
112397947,sloper,feature_tags
112408769,arete,feature_tags
112408769,jug,feature_tags
112408775,crimp,feature_tags
112408775,dyno,skill
112408775,easy,good_tags
112408775,fun,good_tags
112408775,jug,feature_tags
112408775,nice,good_tags
112408783,bad,bad_tags
112408783,crimp,feature_tags
112408783,face,feature_tags
112408783,good,good_tags
112408783,jug,feature_tags
112408783,slab,feature_tags
112408783,sloper,feature_tags
112408783,traverse,feature_tags
112408783,warm up,good_tags
112410190,crack,feature_tags
112410196,good,good_tags
112410196,traverse,feature_tags
112410206,crimp,feature_tags
112410206,mantle,skill
112410213,dyno,skill
112410213,mantle,skill
112410222,tricky,other_tags
112410311,crimp,feature_tags
112410311,powerful,skill
112411186,crimp,feature_tags
112411186,heel hook,skill
112413649,crimp,feature_tags
112413649,flake,feature_tags
112413649,ledge,feature_tags
112413670,crimp,feature_tags
112413670,face,feature_tags
112413670,good,good_tags
112413670,nice,good_tags
112413670,sloper,feature_tags
112413686,slab,feature_tags
112413686,tough,other_tags
112413723,crimp,feature_tags
112413723,face,feature_tags
112414843,arete,feature_tags
112414843,crack,feature_tags
112414843,crux,feature_tags
112414843,easy,good_tags
112414843,face,feature_tags
112414843,good,good_tags
112414843,mantle,skill
112414843,techy,skill
112414843,tough,other_tags
112418345,crack,feature_tags
112419212,flake,feature_tags
112426499,heel hook,skill
112426499,roof,feature_tags
112426499,toe hook,skill
112462825,flake,feature_tags
112463688,good,good_tags
112478024,face,feature_tags
112478024,ledge,feature_tags
112478102,easy,good_tags
112478102,ledge,feature_tags
112478102,slab,feature_tags
112478102,tough,other_tags
112478307,fun,good_tags
112495954,arete,feature_tags
112495954,face,feature_tags
112509235,crack,feature_tags
112509235,crimp,feature_tags
112509235,good,good_tags
112509235,jug,feature_tags
112509235,tough,other_tags
112511094,fun,good_tags
112511094,good,good_tags
112511094,jug,feature_tags
112511118,beautiful,good_tags
112511118,crack,feature_tags
112511476,jug,feature_tags
112511476,roof,feature_tags
112511491,classic,good_tags
112511491,face,feature_tags
112511491,interesting,good_tags
112511491,jug,feature_tags
112511491,thin,other_tags
112511491,traverse,feature_tags
112529699,face,feature_tags
112529699,jug,feature_tags
112529699,nice,good_tags
112529699,slab,feature_tags
112529699,sloper,feature_tags
112531441,crimp,feature_tags
112531441,good,good_tags
112531441,heel hook,skill
112531441,jug,feature_tags
112541060,arete,feature_tags
112541075,crack,feature_tags
112541075,traverse,feature_tags
112541091,crimp,feature_tags
112545316,crack,feature_tags
112545316,jug,feature_tags
112550698,crux,feature_tags
112550698,difficult,other_tags
112550698,easy,good_tags
112550698,ledge,feature_tags
112550698,slab,feature_tags
112550737,face,feature_tags
112550737,ledge,feature_tags
112550737,slab,feature_tags
112550737,thin,other_tags
112550766,fun,good_tags
112550766,ledge,feature_tags
112550766,slab,feature_tags
112552733,jug,feature_tags
112775257,easy,good_tags
112775257,face,feature_tags
112775257,mantle,skill
112777266,crux,feature_tags
112777266,fun,good_tags
112777266,great,good_tags
112777266,nice,good_tags
112777266,slab,feature_tags
112777266,tough,other_tags
112809066,crack,feature_tags
112809066,face,feature_tags
112809066,mantle,skill
112809078,crack,feature_tags
112809078,face,feature_tags
112810213,crimp,feature_tags
112810213,crux,feature_tags
112810213,easy,good_tags
112810213,nice,good_tags
112810213,slab,feature_tags
112813505,mantle,skill
112813505,slab,feature_tags
112819608,crimp,feature_tags
112819608,good,good_tags
112825173,arete,feature_tags
112825173,crimp,feature_tags
112825173,sloper,feature_tags
112825173,thin,other_tags
112825180,crimp,feature_tags
112825188,arete,feature_tags
112825188,good,good_tags
112825188,great,good_tags
112825188,jug,feature_tags
112825188,slab,feature_tags
112825188,warm up,good_tags
112829875,arete,feature_tags
112829875,crimp,feature_tags
112829875,thin,other_tags
112829875,traverse,feature_tags
112829890,crack,feature_tags
112829890,crux,feature_tags
112829890,jug,feature_tags
112829890,ledge,feature_tags
112829890,roof,feature_tags
112864301,jug,feature_tags
112864301,sloper,feature_tags
112874561,heel hook,skill
112874561,ledge,feature_tags
112878881,cruise,feature_tags
112878881,crux,feature_tags
112878881,easy,good_tags
112878881,flake,feature_tags
112878881,mantle,skill
112878881,traverse,feature_tags
112879100,run out,bad_tags
112879100,smear,other_tags
112879100,traverse,feature_tags
112880735,crack,feature_tags
112880735,crux,feature_tags
112880735,easier,good_tags
112880735,easy,good_tags
112880735,good,good_tags
112880735,ledge,feature_tags
112880735,run out,bad_tags
112880735,slab,feature_tags
112880735,smear,other_tags
112880735,traverse,feature_tags
112880769,careful,bad_tags
112880769,crux,feature_tags
112880769,face,feature_tags
112880769,good,good_tags
112880769,ledge,feature_tags
112880769,scary,other_tags
112880769,slab,feature_tags
112880769,smear,other_tags
112880769,tricky,other_tags
112883963,crack,feature_tags
112883963,crimp,feature_tags
112883963,easy,good_tags
112883963,ledge,feature_tags
112884219,face,feature_tags
112884219,jam,skill
112884219,roof,feature_tags
112920812,crux,feature_tags
112920812,flake,feature_tags
112922691,crux,feature_tags
112922691,flake,feature_tags
112922691,good,good_tags
112930891,arete,feature_tags
112930891,jug,feature_tags
112930903,arete,feature_tags
112930903,crack,feature_tags
112930903,pocket,feature_tags
112930903,roof,feature_tags
112930922,face,feature_tags
112930922,good,good_tags
112930922,hueco,feature_tags
112930922,roof,feature_tags
113152103,easy,good_tags
113152103,nice,good_tags
113152200,sloper,feature_tags
113152331,crimp,feature_tags
113152561,beautiful,good_tags
113152561,slab,feature_tags
113152561,thin,other_tags
113152950,nice,good_tags
113152950,smear,other_tags
113194410,crux,feature_tags
113194410,tough,other_tags
113217249,arete,feature_tags
113217249,flake,feature_tags
113217249,jug,feature_tags
113217249,nice,good_tags
113218380,crimp,feature_tags
113218380,crux,feature_tags
113218380,good,good_tags
113218380,jug,feature_tags
113218380,slab,feature_tags
113233259,arete,feature_tags
113233259,jug,feature_tags
113233259,scary,other_tags
113233259,traverse,feature_tags
113285884,crack,feature_tags
113285884,face,feature_tags
113285884,ledge,feature_tags
113285884,stick clip,other_tags
113285884,traverse,feature_tags
113288716,bad,bad_tags
113288716,dihedral,feature_tags
113288716,face,feature_tags
113288716,good,good_tags
113288716,ledge,feature_tags
113288716,stick clip,other_tags
113288716,traverse,feature_tags
113325402,crack,feature_tags
113325402,face,feature_tags
113325402,thin,other_tags
113389698,arete,feature_tags
113389698,balance,skill
113389698,easy,good_tags
113389698,great,good_tags
113389698,jug,feature_tags
113389698,roof,feature_tags
113389698,slab,feature_tags
113389698,traverse,feature_tags
113410988,arete,feature_tags
113410988,crack,feature_tags
113410988,crux,feature_tags
113410988,roof,feature_tags
113541045,dihedral,feature_tags
113541045,face,feature_tags
113541045,fun,good_tags
113541045,ledge,feature_tags
113541095,ledge,feature_tags
113575199,crack,feature_tags
113575199,crux,feature_tags
113575199,easier,good_tags
113575199,face,feature_tags
113575199,good,good_tags
113575199,ledge,feature_tags
113575199,roof,feature_tags
113575289,careful,bad_tags
113575289,crack,feature_tags
113575289,easy,good_tags
113575289,face,feature_tags
113575289,ledge,feature_tags
113575289,techy,skill
113595092,crack,feature_tags
113595092,good,good_tags
113595092,jug,feature_tags
113595092,ledge,feature_tags
113595092,nice,good_tags
113606416,jug,feature_tags
113606437,cool,good_tags
113606437,crack,feature_tags
113606437,flake,feature_tags
113606437,jug,feature_tags
113606437,ledge,feature_tags
113622285,crimp,feature_tags
113628594,face,feature_tags
113628594,flake,feature_tags
113628594,roof,feature_tags
113628594,thin,other_tags
113629593,crux,feature_tags
113629593,dihedral,feature_tags
113629593,easier,good_tags
113629593,fun,good_tags
113629593,high first bolt,other_tags
113629593,ledge,feature_tags
113629593,slab,feature_tags
113629711,face,feature_tags
113629711,great,good_tags
113629711,ledge,feature_tags
113629711,stick clip,other_tags
113629800,crimp,feature_tags
113629800,crux,feature_tags
113629800,face,feature_tags
113629800,thin,other_tags
113634150,crimp,feature_tags
113634150,face,feature_tags
113634150,good,good_tags
113634150,sloper,feature_tags
113663169,crimp,feature_tags
113663169,jug,feature_tags
113663191,crack,feature_tags
113717825,crux,feature_tags
113717825,face,feature_tags
113717825,slab,feature_tags
113733504,mantle,skill
113733504,sloper,feature_tags
113733519,mantle,skill
113733519,roof,feature_tags
113733519,sloper,feature_tags
113733519,traverse,feature_tags
113733519,tricky,other_tags
113735067,crack,feature_tags
113735067,easy,good_tags
113735067,face,feature_tags
113735067,jug,feature_tags
113735067,ledge,feature_tags
113746161,crimp,feature_tags
113746174,arete,feature_tags
113746174,crimp,feature_tags
113746189,arete,feature_tags
113746189,pocket,feature_tags
113746196,good,good_tags
113746196,jug,feature_tags
113746196,roof,feature_tags
113746196,traverse,feature_tags
113746212,pocket,feature_tags
113746212,slab,feature_tags
113746235,arete,feature_tags
113747084,arete,feature_tags
113747084,exposed,feature_tags
113747084,face,feature_tags
113747084,fun,good_tags
113747084,good,good_tags
113747084,great,good_tags
113747084,ledge,feature_tags
113747084,nice,good_tags
113747084,roof,feature_tags
113809542,flake,feature_tags
113809542,good,good_tags
113830075,arete,feature_tags
113830075,crack,feature_tags
113830075,dihedral,feature_tags
113830075,flake,feature_tags
113830075,good,good_tags
113830075,jug,feature_tags
113830075,traverse,feature_tags
113831036,flake,feature_tags
113831036,traverse,feature_tags
113831094,arete,feature_tags
113831094,slab,feature_tags
113831133,arete,feature_tags
113831133,crack,feature_tags
113831133,easy,good_tags
113831133,jug,feature_tags
113831133,slab,feature_tags
113831235,exposed,feature_tags
113831235,good,good_tags
113831235,nice,good_tags
113831235,slab,feature_tags
113831246,arete,feature_tags
113831246,classic,good_tags
113831261,face,feature_tags
113831261,flake,feature_tags
113831261,good,good_tags
113831268,face,feature_tags
113831287,great,good_tags
113831287,roof,feature_tags
113831287,sloper,feature_tags
113831298,crimp,feature_tags
113831298,roof,feature_tags
113831314,arete,feature_tags
113831314,crimp,feature_tags
113831314,sloper,feature_tags
113831327,crimp,feature_tags
113831369,mantle,skill
113831369,roof,feature_tags
113833394,bad,bad_tags
113833394,classic,good_tags
113833394,dihedral,feature_tags
113833394,flake,feature_tags
113833394,good,good_tags
113833394,sloper,feature_tags
113833425,arete,feature_tags
113833425,mantle,skill
113833425,powerful,skill
113833425,sloper,feature_tags
113833425,technical,skill
113833425,traverse,feature_tags
113834171,crimp,feature_tags
113834171,face,feature_tags
113834171,flake,feature_tags
113834171,good,good_tags
113834171,ledge,feature_tags
113834171,rust,bad_tags
113836644,arete,feature_tags
113836644,flake,feature_tags
113836644,traverse,feature_tags
113843012,crimp,feature_tags
113843012,slab,feature_tags
113843012,sloper,feature_tags
113848171,classic,good_tags
113848171,crimp,feature_tags
113848171,crux,feature_tags
113848171,roof,feature_tags
113848171,sloper,feature_tags
113848171,thin,other_tags
113850232,arete,feature_tags
113881462,crack,feature_tags
113881462,easy,good_tags
113881462,jug,feature_tags
113881462,scary,other_tags
113903187,crack,feature_tags
113903187,traverse,feature_tags
113927313,dihedral,feature_tags
113927313,ledge,feature_tags
113927313,roof,feature_tags
113935468,difficult,other_tags
113935468,excellent,good_tags
113935468,good,good_tags
113935468,roof,feature_tags
113935824,easy,good_tags
113935882,arete,feature_tags
113935882,exposed,feature_tags
113935882,fun,good_tags
113935882,jug,feature_tags
113935882,roof,feature_tags
113936676,fun,good_tags
113936676,good,good_tags
113936676,powerful,skill
113941429,crack,feature_tags
113941429,dirty,bad_tags
113941429,slab,feature_tags
113942957,face,feature_tags
113942957,fun,good_tags
113942957,ledge,feature_tags
113942957,slab,feature_tags
113954300,cruise,feature_tags
113954300,dihedral,feature_tags
113954300,high first bolt,other_tags
113954300,roof,feature_tags
113954341,crimp,feature_tags
113954341,easy,good_tags
113954341,face,feature_tags
113954341,roof,feature_tags
113954341,slab,feature_tags
113954362,arete,feature_tags
113954362,ledge,feature_tags
113954362,slab,feature_tags
113954362,tricky,other_tags
113956651,arete,feature_tags
113956651,crack,feature_tags
113956651,crux,feature_tags
113956651,dihedral,feature_tags
113956651,fun,good_tags
113956651,ledge,feature_tags
113956651,stick clip,other_tags
113957686,arete,feature_tags
113957686,classic,good_tags
113957686,face,feature_tags
113957686,jug,feature_tags
113957686,traverse,feature_tags
113990151,arete,feature_tags
113990151,crux,feature_tags
113990151,face,feature_tags
113990151,friable,bad_tags
113990151,good,good_tags
113990151,jug,feature_tags
113990151,ledge,feature_tags
113990151,roof,feature_tags
113990151,thin,other_tags
114015185,arete,feature_tags
114015185,crimp,feature_tags
114015185,difficult,other_tags
114015185,good,good_tags
114015185,great,good_tags
114015185,sloper,feature_tags
114030618,beautiful,good_tags
114030618,best,good_tags
114030618,classic,good_tags
114030618,difficult,other_tags
114030618,great,good_tags
114033914,crimp,feature_tags
114033914,flake,feature_tags
114033914,jug,feature_tags
114033914,tricky,other_tags
114046924,bad,bad_tags
114046924,best,good_tags
114046924,careful,bad_tags
114046924,easier,good_tags
114046924,flake,feature_tags
114046924,good,good_tags
114046924,ledge,feature_tags
114047197,jug,feature_tags
114047306,bad,bad_tags
114047306,difficult,other_tags
114047306,good,good_tags
114047306,roof,feature_tags
114047306,sloper,feature_tags
114047306,traverse,feature_tags
114056396,crack,feature_tags
114056396,flake,feature_tags
114056396,sloper,feature_tags
114056396,traverse,feature_tags
114056443,crack,feature_tags
114056443,crimp,feature_tags
114056443,face,feature_tags
114070950,dihedral,feature_tags
114070950,easier,good_tags
114070950,face,feature_tags
114070950,fun,good_tags
114070950,pumpy,other_tags
114070950,roof,feature_tags
114070950,traverse,feature_tags
114075979,crimp,feature_tags
114075979,face,feature_tags
114075979,sloper,feature_tags
114087819,high first bolt,other_tags
114087819,roof,feature_tags
114087819,stick clip,other_tags
114087819,tricky,other_tags
114097299,chimney,feature_tags
114097299,classic,good_tags
114097299,crack,feature_tags
114097299,easy,good_tags
114097299,face,feature_tags
114097299,ledge,feature_tags
114097299,roof,feature_tags
114097608,arete,feature_tags
114097608,careful,bad_tags
114097608,chimney,feature_tags
114097608,crack,feature_tags
114097608,easy,good_tags
114097608,exposed,feature_tags
114097608,face,feature_tags
114097608,fun,good_tags
114097608,interesting,good_tags
114097608,ledge,feature_tags
114097671,crack,feature_tags
114097671,easy,good_tags
114097671,face,feature_tags
114097671,ledge,feature_tags
114097671,roof,feature_tags
114097671,run out,bad_tags
114099873,best,good_tags
114099873,crimp,feature_tags
114099873,dyno,skill
114099873,fun,good_tags
114099873,good,good_tags
114099873,roof,feature_tags
114102610,crimp,feature_tags
114102610,dihedral,feature_tags
114121817,arete,feature_tags
114121817,easier,good_tags
114121817,good,good_tags
114121817,heel hook,skill
114121817,jug,feature_tags
114130186,dirty,bad_tags
114130186,fun,good_tags
114130186,roof,feature_tags
114158189,arete,feature_tags
114158189,difficult,other_tags
114158189,dihedral,feature_tags
114158189,face,feature_tags
114158189,flake,feature_tags
114158189,fun,good_tags
114158189,ledge,feature_tags
114158189,slab,feature_tags
114158189,stick clip,other_tags
114158189,technical,skill
114162338,mantle,skill
114162338,roof,feature_tags
114162338,traverse,feature_tags
114164544,arete,feature_tags
114164544,crimp,feature_tags
114164544,face,feature_tags
114164544,jug,feature_tags
114164544,slab,feature_tags
114166104,jug,feature_tags
114166104,mantle,skill
114166104,traverse,feature_tags
114166159,crimp,feature_tags
114166159,roof,feature_tags
114166382,chimney,feature_tags
114166382,dihedral,feature_tags
114166382,face,feature_tags
114166382,ledge,feature_tags
114166382,stick clip,other_tags
114166382,technical,skill
114171717,arete,feature_tags
114171717,great,good_tags
114171717,traverse,feature_tags
114171805,arete,feature_tags
114171805,sloper,feature_tags
114172086,chimney,feature_tags
114172123,arete,feature_tags
114173526,good,good_tags
114173559,dirty,bad_tags
114173559,jug,feature_tags
114173559,run out,bad_tags
114173559,slab,feature_tags
114176611,good,good_tags
114176611,powerful,skill
114176611,sloper,feature_tags
114176633,dyno,skill
114176646,crimp,feature_tags
114176646,jug,feature_tags
114186546,easy,good_tags
114186546,slab,feature_tags
114191197,crimp,feature_tags
114191197,easier,good_tags
114191197,face,feature_tags
114207671,face,feature_tags
114207671,good,good_tags
114207671,jug,feature_tags
114249845,good,good_tags
114249845,jam,skill
114249854,jam,skill
114273308,jug,feature_tags
114273319,arete,feature_tags
114273319,good,good_tags
114273319,jug,feature_tags
114273319,spooky,other_tags
114273319,toe hook,skill
114304106,flake,feature_tags
114304106,great,good_tags
114304106,nice,good_tags
114304106,slab,feature_tags
114304106,warm up,good_tags
114304117,crux,feature_tags
114304117,great,good_tags
114304117,stick clip,other_tags
114304796,crack,feature_tags
114304796,crux,feature_tags
114304796,pumpy,other_tags
114304796,roof,feature_tags
114304796,technical,skill
114304836,crack,feature_tags
114304836,cruise,feature_tags
114304836,dihedral,feature_tags
114304836,exposed,feature_tags
114304836,good,good_tags
114304836,jug,feature_tags
114304836,pumpy,other_tags
114304836,roof,feature_tags
114304922,crack,feature_tags
114304922,interesting,good_tags
114304922,ledge,feature_tags
114304922,nice,good_tags
114318987,arete,feature_tags
114318987,flake,feature_tags
114318987,fun,good_tags
114318987,heel hook,skill
114318987,stick clip,other_tags
114324874,crack,feature_tags
114324874,crux,feature_tags
114324874,dihedral,feature_tags
114324874,face,feature_tags
114324874,good,good_tags
114324874,ledge,feature_tags
114324874,roof,feature_tags
114326131,beautiful,good_tags
114326131,crack,feature_tags
114326131,easy,good_tags
114326131,good,good_tags
114326131,nice,good_tags
114326131,traverse,feature_tags
114328221,arete,feature_tags
114328221,face,feature_tags
114328221,pocket,feature_tags
114328221,roof,feature_tags
114328221,slab,feature_tags
114398030,crimp,feature_tags
114398030,easy,good_tags
114398030,good,good_tags
114398030,jug,feature_tags
114398030,tough,other_tags
114437888,crux,feature_tags
114437888,easy,good_tags
114437888,fun,good_tags
114437888,tricky,other_tags
114577250,crimp,feature_tags
114577250,good,good_tags
114577250,ledge,feature_tags
114577250,slab,feature_tags
114598372,easy,good_tags
114598372,face,feature_tags
114787171,easier,good_tags
114787171,easy,good_tags
114787171,face,feature_tags
114787171,fun,good_tags
114787171,good,good_tags
114787171,roof,feature_tags
114788555,crack,feature_tags
114788555,good,good_tags
115123091,arete,feature_tags
115123091,classic,good_tags
115123091,crack,feature_tags
115123091,crux,feature_tags
115123091,difficult,other_tags
115123091,easy,good_tags
115123091,face,feature_tags
115123091,good,good_tags
115123091,ledge,feature_tags
115123091,nice,good_tags
115123091,roof,feature_tags
115123091,traverse,feature_tags
115174557,crimp,feature_tags
115174557,heel hook,skill
115174557,jam,skill
115348068,crack,feature_tags
115348068,ledge,feature_tags
115350360,face,feature_tags
115406980,cool,good_tags
115406980,crimp,feature_tags
115406980,easier,good_tags
115406980,easy,good_tags
115406980,ledge,feature_tags
115406980,tough,other_tags
115407011,arete,feature_tags
115407011,crack,feature_tags
115407011,good,good_tags
115407011,heel hook,skill
115407082,careful,bad_tags
115407082,cool,good_tags
115407082,easier,good_tags
115407082,fun,good_tags
115407082,ledge,feature_tags
115407082,slab,feature_tags
115407082,smear,other_tags
115407082,thin,other_tags
115418292,flake,feature_tags
115418292,great,good_tags
115420614,crimp,feature_tags
115420614,good,good_tags
115420614,jug,feature_tags
116067446,crimp,feature_tags
116067446,jug,feature_tags
116067446,sloper,feature_tags
116067446,thin,other_tags
116067446,traverse,feature_tags
116081266,crimp,feature_tags
116081266,traverse,feature_tags
116081758,crux,feature_tags
116081758,easier,good_tags
116081758,good,good_tags
116081758,pocket,feature_tags
116081758,slab,feature_tags
116109084,arete,feature_tags
116109084,crux,feature_tags
116109084,easier,good_tags
116109084,roof,feature_tags
116109207,dirty,bad_tags
116109207,run out,bad_tags
116109207,slab,feature_tags
116109207,thin,other_tags
116109560,crack,feature_tags
116109560,face,feature_tags
116109560,good,good_tags
116109560,roof,feature_tags
116109560,thin,other_tags
116109560,traverse,feature_tags
116109653,face,feature_tags
116109653,good,good_tags
116109653,ledge,feature_tags
116109653,roof,feature_tags
116109653,traverse,feature_tags
116110175,arete,feature_tags
116110175,beautiful,good_tags
116110175,dihedral,feature_tags
116110175,fun,good_tags
116110175,nice,good_tags
116146309,pocket,feature_tags
116157623,dihedral,feature_tags
116159688,fun,good_tags
116159694,crack,feature_tags
116159724,crack,feature_tags
116166090,crimp,feature_tags
116166115,crimp,feature_tags
116166115,face,feature_tags
116174224,best,good_tags
116174224,easy,good_tags
116174224,great,good_tags
116174224,heel hook,skill
116174224,jug,feature_tags
116174224,pocket,feature_tags
116174224,sloper,feature_tags
116174276,arete,feature_tags
116174276,easy,good_tags
116174276,good,good_tags
116174276,jug,feature_tags
116174276,nice,good_tags
116202316,dihedral,feature_tags
116202316,jug,feature_tags
116223326,arete,feature_tags
116223326,careful,bad_tags
116223326,crux,feature_tags
116223335,arete,feature_tags
116223335,crimp,feature_tags
116223335,face,feature_tags
116247946,easy,good_tags
116247946,great,good_tags
116247975,fun,good_tags
116247975,jam,skill
116351845,bad,bad_tags
116351845,crux,feature_tags
116351845,great,good_tags
116351845,traverse,feature_tags
116366271,good,good_tags
116366271,jug,feature_tags
116366271,nice,good_tags
116366271,roof,feature_tags
116491571,crimp,feature_tags
116491571,flake,feature_tags
116491571,good,good_tags
116491571,great,good_tags
116491571,jug,feature_tags
116514376,chimney,feature_tags
116514376,dihedral,feature_tags
116514376,face,feature_tags
116514376,thin,other_tags
116515284,best,good_tags
116515284,dirty,bad_tags
116515284,easier,good_tags
116515284,fun,good_tags
116515284,interesting,good_tags
116515284,jug,feature_tags
116515284,technical,skill
116515284,tough,other_tags
116525625,bad,bad_tags
116525625,crack,feature_tags
116525625,easy,good_tags
116525625,face,feature_tags
116525625,flake,feature_tags
116525625,fun,good_tags
116525625,good,good_tags
116525625,nice,good_tags
116525625,roof,feature_tags
116525745,crack,feature_tags
116525745,interesting,good_tags
116548603,crimp,feature_tags
116548603,easy,good_tags
116548603,flake,feature_tags
116548603,heel hook,skill
116548603,powerful,skill
116552052,crack,feature_tags
116552052,crux,feature_tags
116552052,jug,feature_tags
116552052,powerful,skill
116552052,roof,feature_tags
116552052,traverse,feature_tags
116552785,arete,feature_tags
116552785,face,feature_tags
116552785,jug,feature_tags
116552785,ledge,feature_tags
116552785,mantle,skill
116552785,powerful,skill
116552785,sloper,feature_tags
116552785,tough,other_tags
116646435,crux,feature_tags
116646435,fun,good_tags
116646435,mantle,skill
116646435,slab,feature_tags
116650093,careful,bad_tags
116650093,fun,good_tags
116650093,interesting,good_tags
116650093,ledge,feature_tags
116650093,mantle,skill
116650093,pocket,feature_tags
116650093,roof,feature_tags
116650093,thin,other_tags
116688463,crux,feature_tags
116688463,easier,good_tags
116688463,easy,good_tags
116688463,good,good_tags
116688463,great,good_tags
116688463,ledge,feature_tags
116688463,roof,feature_tags
116699971,crux,feature_tags
116699971,slab,feature_tags
116699971,traverse,feature_tags
116706969,balance,skill
116706969,cool,good_tags
116706969,slab,feature_tags
116707034,face,feature_tags
116707034,jug,feature_tags
116707034,nice,good_tags
116720173,cool,good_tags
116720173,jam,skill
116739030,best,good_tags
116739030,crack,feature_tags
116739030,dihedral,feature_tags
116750085,crack,feature_tags
116750085,slab,feature_tags
116751097,crack,feature_tags
116751097,dirty,bad_tags
116751097,good,good_tags
116751097,slab,feature_tags
116768676,crimp,feature_tags
116768676,dyno,skill
116768676,mantle,skill
116768676,sloper,feature_tags
116768676,traverse,feature_tags
116812690,crack,feature_tags
116839003,arete,feature_tags
116839003,fun,good_tags
116839003,roof,feature_tags
116847095,crack,feature_tags
116847095,tricky,other_tags
116847133,crack,feature_tags
116847133,fun,good_tags
116847219,crimp,feature_tags
116847219,face,feature_tags
116847219,good,good_tags
116847219,tough,other_tags
116847235,dyno,skill
116847235,good,good_tags
116847245,arete,feature_tags
116847283,crack,feature_tags
116847283,traverse,feature_tags
116847297,arete,feature_tags
116849035,crack,feature_tags
116849035,traverse,feature_tags
116957862,arete,feature_tags
116957862,crimp,feature_tags
116957862,face,feature_tags
116957862,traverse,feature_tags
116957913,arete,feature_tags
116957913,face,feature_tags
116957913,fun,good_tags
116957913,good,good_tags
116957913,jug,feature_tags
116957913,mantle,skill
116957913,pocket,feature_tags
116957913,roof,feature_tags
116957925,crimp,feature_tags
116957925,face,feature_tags
116957925,thin,other_tags
116957944,arete,feature_tags
116957944,crimp,feature_tags
116957944,dyno,skill
116957944,fun,good_tags
116957944,hueco,feature_tags
116957944,jug,feature_tags
116957975,crimp,feature_tags
116957975,face,feature_tags
116957975,mantle,skill
116957975,roof,feature_tags
116957975,traverse,feature_tags
116958038,face,feature_tags
116958038,jug,feature_tags
116958038,roof,feature_tags
116958038,slab,feature_tags
116958050,face,feature_tags
116958050,jug,feature_tags
116958050,mantle,skill
116958050,roof,feature_tags
116958050,slab,feature_tags
116958050,sloper,feature_tags
116958082,arete,feature_tags
116958082,excellent,good_tags
116958082,face,feature_tags
116958137,arete,feature_tags
116958137,face,feature_tags
116958137,jug,feature_tags
116958223,choss,bad_tags
116958223,cruise,feature_tags
116958223,fun,good_tags
116958223,jug,feature_tags
116958223,nice,good_tags
116958426,face,feature_tags
116958426,slab,feature_tags
116958436,arete,feature_tags
116958436,easy,good_tags
116958436,face,feature_tags
116958436,jug,feature_tags
116958436,slab,feature_tags
116958443,arete,feature_tags
116958443,face,feature_tags
116958443,good,good_tags
116958443,jug,feature_tags
116958443,slab,feature_tags
116958458,excellent,good_tags
116958458,fun,good_tags
116958458,pocket,feature_tags
116958458,slab,feature_tags
116986023,best,good_tags
116986023,choss,bad_tags
116986023,cruise,feature_tags
116986023,crux,feature_tags
116986023,easy,good_tags
116986023,good,good_tags
116986023,great,good_tags
116986023,jam,skill
116986023,jug,feature_tags
116986023,roof,feature_tags
116986023,thin,other_tags
116986023,traverse,feature_tags
116988064,crimp,feature_tags
116988064,jug,feature_tags
116988064,mantle,skill
116988064,sloper,feature_tags
116992579,crux,feature_tags
116992579,heel hook,skill
116992579,sloper,feature_tags
116992631,thin,other_tags
116995974,traverse,feature_tags
116999010,arete,feature_tags
116999010,great,good_tags
116999010,sloper,feature_tags
117028670,arete,feature_tags
117028670,cool,good_tags
117028670,fun,good_tags
117028670,mantle,skill
117049191,flake,feature_tags
117049191,good,good_tags
117067581,slab,feature_tags
117071079,face,feature_tags
117071079,great,good_tags
117071323,crimp,feature_tags
117071323,face,feature_tags
117071323,sloper,feature_tags
117071373,crimp,feature_tags
117071373,sloper,feature_tags
117071993,best,good_tags
117071993,face,feature_tags
117118937,jug,feature_tags
117118937,traverse,feature_tags
117128459,dyno,skill
117128459,fun,good_tags
117128529,crimp,feature_tags
117128652,crack,feature_tags
117128652,easy,good_tags
117128652,exposed,feature_tags
117128652,traverse,feature_tags
117236633,crux,feature_tags
117236633,tricky,other_tags
117236666,difficult,other_tags
117236666,face,feature_tags
117236666,traverse,feature_tags
117236674,crux,feature_tags
117236674,face,feature_tags
117236674,thin,other_tags
117236678,arete,feature_tags
117236678,crux,feature_tags
117236678,face,feature_tags
117236686,arete,feature_tags
117236686,face,feature_tags
117236706,arete,feature_tags
117236706,difficult,other_tags
117236712,face,feature_tags
117236712,stick clip,other_tags
117236712,tough,other_tags
117236723,face,feature_tags
117236723,thin,other_tags
117236753,arete,feature_tags
117236753,careful,bad_tags
117236753,face,feature_tags
117236753,run out,bad_tags
117236753,tricky,other_tags
117239467,arete,feature_tags
117239467,interesting,good_tags
117239467,pocket,feature_tags
117240020,arete,feature_tags
117245942,best,good_tags
117245942,crux,feature_tags
117245942,face,feature_tags
117245942,good,good_tags
117245942,stick clip,other_tags
117245942,tricky,other_tags
117245947,face,feature_tags
117245947,good,good_tags
117245947,thin,other_tags
117245953,face,feature_tags
117245969,best,good_tags
117245969,face,feature_tags
117245979,face,feature_tags
117245984,arete,feature_tags
117245984,face,feature_tags
117254384,crimp,feature_tags
117254384,crux,feature_tags
117254464,crack,feature_tags
117254464,slab,feature_tags
117254464,sloper,feature_tags
117294980,chimney,feature_tags
117584236,balance,skill
117584236,crux,feature_tags
117584236,easier,good_tags
117584236,easy,good_tags
117584236,face,feature_tags
117584236,nice,good_tags
117584236,roof,feature_tags
117584236,slab,feature_tags
117585739,arete,feature_tags
117585739,bad,bad_tags
117585739,crack,feature_tags
117585739,crux,feature_tags
117585739,difficult,other_tags
117585739,easy,good_tags
117585739,face,feature_tags
117585739,fun,good_tags
117585739,good,good_tags
117585739,ledge,feature_tags
117585739,nice,good_tags
117585739,pumpy,other_tags
117585739,roof,feature_tags
117585739,thin,other_tags
117585739,traverse,feature_tags
117595204,crimp,feature_tags
117595204,dihedral,feature_tags
117595204,easier,good_tags
117595204,jug,feature_tags
117595204,traverse,feature_tags
117598558,crimp,feature_tags
117598558,good,good_tags
117598558,smear,other_tags
117698495,arete,feature_tags
117705897,crimp,feature_tags
117705897,excellent,good_tags
117705897,exposed,feature_tags
117705897,good,good_tags
117705897,great,good_tags
117705897,jug,feature_tags
117705897,pocket,feature_tags
117705897,slab,feature_tags
117705897,traverse,feature_tags
117711585,jug,feature_tags
117711865,jug,feature_tags
117711894,arete,feature_tags
117711894,crimp,feature_tags
117711894,heel hook,skill
117711894,jug,feature_tags
117711894,smear,other_tags
117732405,crux,feature_tags
117732405,flake,feature_tags
117732405,tricky,other_tags
117764781,crimp,feature_tags
117764781,good,good_tags
117818173,crack,feature_tags
117818173,crux,feature_tags
117818173,flake,feature_tags
117818173,fun,good_tags
117818173,good,good_tags
117820563,cool,good_tags
117823595,crack,feature_tags
117823595,crux,feature_tags
117823595,easy,good_tags
117823595,flake,feature_tags
117823595,fun,good_tags
117823595,interesting,good_tags
117823595,ledge,feature_tags
117823595,traverse,feature_tags
117894937,slab,feature_tags
117894937,sloper,feature_tags
117903820,arete,feature_tags
117903820,crimp,feature_tags
117903820,dihedral,feature_tags
117903820,face,feature_tags
117925519,crimp,feature_tags
117925519,jug,feature_tags
117925519,thin,other_tags
117950926,chimney,feature_tags
117950926,exposed,feature_tags
117950926,face,feature_tags
117950926,flake,feature_tags
117986036,crux,feature_tags
117986036,ledge,feature_tags
117986504,crack,feature_tags
117986504,face,feature_tags
117986504,flake,feature_tags
117986504,ledge,feature_tags
117986504,slab,feature_tags
117986504,traverse,feature_tags
117992897,crux,feature_tags
117992897,fun,good_tags
117992897,thin,other_tags
118012187,arete,feature_tags
118039884,crux,feature_tags
118039884,dihedral,feature_tags
118039884,good,good_tags
118039884,jug,feature_tags
118039884,roof,feature_tags
118039884,traverse,feature_tags
118039953,crux,feature_tags
118039953,good,good_tags
118039953,roof,feature_tags
118039953,traverse,feature_tags
118072728,face,feature_tags
118072728,flake,feature_tags
118072808,crack,feature_tags
118072808,face,feature_tags
118072808,fun,good_tags
118072808,jug,feature_tags
118072890,arete,feature_tags
118072890,thin,other_tags
118072895,chimney,feature_tags
118072895,easy,good_tags
118072895,excellent,good_tags
118072895,jug,feature_tags
118072909,chimney,feature_tags
118072909,jug,feature_tags
118072909,slab,feature_tags
118078335,crack,feature_tags
118078335,fun,good_tags
118078347,crimp,feature_tags
118083898,fun,good_tags
118083898,mantle,skill
118091271,crux,feature_tags
118091271,difficult,other_tags
118092850,crux,feature_tags
118093527,face,feature_tags
118093527,thin,other_tags
118105854,slab,feature_tags
118105935,ledge,feature_tags
118111593,balance,skill
118111593,best,good_tags
118111593,crack,feature_tags
118111593,crux,feature_tags
118128172,great,good_tags
118128172,jug,feature_tags
118128172,mantle,skill
118128172,roof,feature_tags
118131575,good,good_tags
118131575,jug,feature_tags
118131575,ledge,feature_tags
118131575,mantle,skill
118131575,traverse,feature_tags
118131613,difficult,other_tags
118131613,good,good_tags
118131613,jug,feature_tags
118131613,ledge,feature_tags
118131613,mantle,skill
118131613,roof,feature_tags
118144126,crimp,feature_tags
118144126,fun,good_tags
118144126,sloper,feature_tags
118156431,crack,feature_tags
118156431,easy,good_tags
118156431,face,feature_tags
118156431,good,good_tags
118156431,interesting,good_tags
118156431,slab,feature_tags
118156431,traverse,feature_tags
118160300,classic,good_tags
118160300,crack,feature_tags
118160300,crimp,feature_tags
118160300,good,good_tags
118160300,heel hook,skill
118160300,jug,feature_tags
118160300,roof,feature_tags
118196741,arete,feature_tags
118196741,crimp,feature_tags
118196741,face,feature_tags
118196741,sloper,feature_tags
118196741,tricky,other_tags
118197207,arete,feature_tags
118197207,crux,feature_tags
118197207,slab,feature_tags
118197207,tough,other_tags
118206977,crimp,feature_tags
118226603,crimp,feature_tags
118226603,crux,feature_tags
118226603,jug,feature_tags
118226603,mantle,skill
118226603,slab,feature_tags
118226611,crux,feature_tags
118226620,face,feature_tags
118226620,fun,good_tags
118226630,crack,feature_tags
118226630,dihedral,feature_tags
118226630,fun,good_tags
118226630,roof,feature_tags
118226641,crack,feature_tags
118226641,dihedral,feature_tags
118226641,roof,feature_tags
118226641,thin,other_tags
118226641,traverse,feature_tags
118226658,crack,feature_tags
118226658,easy,good_tags
118226658,warm up,good_tags
118226663,face,feature_tags
118226668,arete,feature_tags
118226668,balance,skill
118226668,crack,feature_tags
118226671,arete,feature_tags
118226671,crack,feature_tags
118226671,easier,good_tags
118226671,easy,good_tags
118226671,great,good_tags
118226671,roof,feature_tags
118226671,slab,feature_tags
118226677,dirty,bad_tags
118226677,easy,good_tags
118226677,face,feature_tags
118226677,flake,feature_tags
118226677,great,good_tags
118226677,nice,good_tags
118226677,roof,feature_tags
118226696,classic,good_tags
118226696,good,good_tags
118226696,jug,feature_tags
118226696,run out,bad_tags
118226699,choss,bad_tags
118226699,roof,feature_tags
118234663,crux,feature_tags
118234663,easy,good_tags
118234663,roof,feature_tags
118234663,slab,feature_tags
118234701,crack,feature_tags
118234701,fun,good_tags
118234705,face,feature_tags
118234705,fun,good_tags
118234705,great,good_tags
118234705,nice,good_tags
118270682,arete,feature_tags
118270682,crimp,feature_tags
118270682,face,feature_tags
118270682,pocket,feature_tags
118270682,slab,feature_tags
118283712,crux,feature_tags
118283712,face,feature_tags
118283712,good,good_tags
118283712,ledge,feature_tags
118283712,thin,other_tags
118288494,arete,feature_tags
118288494,jug,feature_tags
118288494,mantle,skill
118288531,mantle,skill
118288531,sloper,feature_tags
118288579,arete,feature_tags
118288579,sloper,feature_tags
118288579,traverse,feature_tags
118294082,arete,feature_tags
118294082,crack,feature_tags
118294082,crimp,feature_tags
118294082,jug,feature_tags
118294082,sloper,feature_tags
118294082,traverse,feature_tags
118294490,jug,feature_tags
118294490,mantle,skill
118294527,good,good_tags
118294527,jug,feature_tags
118294527,mantle,skill
118294527,traverse,feature_tags
118294540,crux,feature_tags
118294540,jug,feature_tags
118294540,sloper,feature_tags
118294540,traverse,feature_tags
118311539,dihedral,feature_tags
118311673,crimp,feature_tags
118311673,good,good_tags
118312637,crimp,feature_tags
118312637,jug,feature_tags
118312637,roof,feature_tags
118314428,best,good_tags
118314428,traverse,feature_tags
118314441,crimp,feature_tags
118314441,face,feature_tags
118314441,jug,feature_tags
118314441,traverse,feature_tags
118314441,tricky,other_tags
118314601,easy,good_tags
118314601,hueco,feature_tags
118314601,jug,feature_tags
118314601,roof,feature_tags
118314756,jug,feature_tags
118314756,roof,feature_tags
118314756,sloper,feature_tags
118315045,arete,feature_tags
118315045,face,feature_tags
118315045,good,good_tags
118315045,slab,feature_tags
118329028,crimp,feature_tags
118329028,dihedral,feature_tags
118329028,face,feature_tags
118330594,dihedral,feature_tags
118330594,jug,feature_tags
118330614,crimp,feature_tags
118330646,arete,feature_tags
118330646,crimp,feature_tags
118330646,face,feature_tags
118340481,ledge,feature_tags
118340540,hueco,feature_tags
118340545,traverse,feature_tags
118340580,flake,feature_tags
118560902,easier,good_tags
118560902,great,good_tags
118560902,mantle,skill
118560902,warm up,good_tags
118568646,jug,feature_tags
118568646,sloper,feature_tags
118568679,fun,good_tags
118568679,jug,feature_tags
118568715,arete,feature_tags
118568715,crimp,feature_tags
118568715,jug,feature_tags
118568715,sloper,feature_tags
118568744,crack,feature_tags
118576847,crux,feature_tags
118576847,dirty,bad_tags
118576847,pocket,feature_tags
118576847,traverse,feature_tags
118584306,mantle,skill
118584306,roof,feature_tags
118584306,traverse,feature_tags
118584536,classic,good_tags
118584536,roof,feature_tags
118584536,traverse,feature_tags
118586558,classic,good_tags
118586558,dyno,skill
118586566,jug,feature_tags
118586566,traverse,feature_tags
118589244,crux,feature_tags
118589244,flake,feature_tags
118589244,jug,feature_tags
118603798,dihedral,feature_tags
118603798,dynamic,skill
118603798,jug,feature_tags
118603848,difficult,other_tags
118624252,face,feature_tags
118624252,jug,feature_tags
118624383,crimp,feature_tags
118624383,jug,feature_tags
118624392,arete,feature_tags
118624392,jug,feature_tags
118624413,face,feature_tags
118624413,traverse,feature_tags
118624549,crack,feature_tags
118624549,crimp,feature_tags
118624549,good,good_tags
118628207,crack,feature_tags
118628207,face,feature_tags
118628207,jug,feature_tags
118628207,sloper,feature_tags
118633030,crux,feature_tags
118633030,dirty,bad_tags
118633030,face,feature_tags
118633030,fun,good_tags
118633030,ledge,feature_tags
118633030,roof,feature_tags
118633142,crack,feature_tags
118633142,dirty,bad_tags
118633142,exposed,feature_tags
118633142,face,feature_tags
118633142,good,good_tags
118633142,slab,feature_tags
118633223,crack,feature_tags
118633223,dirty,bad_tags
118633223,easier,good_tags
118633223,good,good_tags
118633223,ledge,feature_tags
118637227,crux,feature_tags
118637227,face,feature_tags
118637227,jug,feature_tags
118637227,traverse,feature_tags
118637320,difficult,other_tags
118637320,dihedral,feature_tags
118641708,crack,feature_tags
118641708,jug,feature_tags
118641793,crimp,feature_tags
118651867,crimp,feature_tags
118651867,heel hook,skill
118651867,ledge,feature_tags
118651867,mantle,skill
118651867,sloper,feature_tags
118651867,traverse,feature_tags
118651955,arete,feature_tags
118651955,crimp,feature_tags
118651955,easy,good_tags
118651955,good,good_tags
118651955,jug,feature_tags
118651955,mantle,skill
118680195,easy,good_tags
118680195,fun,good_tags
118687180,crux,feature_tags
118687180,easier,good_tags
118687180,great,good_tags
118687180,pocket,feature_tags
118687180,slab,feature_tags
118701762,easy,good_tags
118701762,face,feature_tags
118701762,run out,bad_tags
118701762,slab,feature_tags
118701808,crack,feature_tags
118701808,easy,good_tags
118701808,great,good_tags
118701808,traverse,feature_tags
118712717,crux,feature_tags
118715655,crux,feature_tags
118715663,crux,feature_tags
118715674,crack,feature_tags
118715674,crux,feature_tags
118715681,crux,feature_tags
118715681,rust,bad_tags
118715699,crux,feature_tags
118721388,crux,feature_tags
118721401,choss,bad_tags
118721401,crux,feature_tags
118721401,ledge,feature_tags
118723716,good,good_tags
118726988,arete,feature_tags
118726988,fun,good_tags
118726988,nice,good_tags
118726988,warm up,good_tags
118740375,crack,feature_tags
118740375,dihedral,feature_tags
118740375,easy,good_tags
118740375,good,good_tags
118740425,face,feature_tags
118750600,classic,good_tags
118763859,crux,feature_tags
118763859,face,feature_tags
118763859,good,good_tags
118763859,roof,feature_tags
118794952,fun,good_tags
118794952,good,good_tags
118805662,crux,feature_tags
118805662,jug,feature_tags
118805707,good,good_tags
118805987,chimney,feature_tags
118805987,crack,feature_tags
118805987,dirty,bad_tags
118805987,face,feature_tags
118805987,fun,good_tags
118805987,ledge,feature_tags
118805987,mantle,skill
118805987,slab,feature_tags
118830363,crack,feature_tags
118830363,flake,feature_tags
118830363,thin,other_tags
118854235,crimp,feature_tags
118854235,dihedral,feature_tags
118854235,easy,good_tags
118854235,face,feature_tags
118854235,good,good_tags
118854235,sloper,feature_tags
118854235,traverse,feature_tags
118860933,crux,feature_tags
118860933,fun,good_tags
118860979,crux,feature_tags
118861064,crux,feature_tags
118861064,good,good_tags
118861813,traverse,feature_tags
118861879,crimp,feature_tags
118861896,traverse,feature_tags
118861937,crimp,feature_tags
118861937,traverse,feature_tags
118862051,crimp,feature_tags
118862376,cool,good_tags
118862376,crimp,feature_tags
118862376,easy,good_tags
118862376,jug,feature_tags
118867637,classic,good_tags
118867637,cruise,feature_tags
118867637,crux,feature_tags
118867637,excellent,good_tags
118867637,exposed,feature_tags
118867637,face,feature_tags
118867637,fun,good_tags
118867637,good,good_tags
118867637,jug,feature_tags
118867637,ledge,feature_tags
118867637,mantle,skill
118867637,pumpy,other_tags
118867637,slab,feature_tags
118867729,cool,good_tags
118867729,crack,feature_tags
118867729,face,feature_tags
118867729,fun,good_tags
118867729,great,good_tags
118867729,ledge,feature_tags
118867729,mantle,skill
118867729,roof,feature_tags
118873215,crux,feature_tags
118873343,crimp,feature_tags
118873343,good,good_tags
118873388,crimp,feature_tags
118873388,good,good_tags
118873388,powerful,skill
118873413,flake,feature_tags
118880005,burly,skill
118880005,crimp,feature_tags
118880005,jug,feature_tags
118880490,crimp,feature_tags
118880490,jug,feature_tags
118880490,sloper,feature_tags
118880490,thin,other_tags
118888516,arete,feature_tags
118888516,dihedral,feature_tags
118889357,arete,feature_tags
118889357,cool,good_tags
118889357,good,good_tags
118889357,jug,feature_tags
118889357,sloper,feature_tags
118889357,thin,other_tags
118889444,face,feature_tags
118889444,fun,good_tags
118889444,great,good_tags
118892618,crux,feature_tags
118892618,good,good_tags
118892618,ledge,feature_tags
118892618,roof,feature_tags
118892618,tricky,other_tags
118895769,crux,feature_tags
118895769,dihedral,feature_tags
118895769,face,feature_tags
118895769,good,good_tags
118895769,great,good_tags
118895769,stick clip,other_tags
118895927,chimney,feature_tags
118895927,fun,good_tags
118895927,roof,feature_tags
118895927,traverse,feature_tags
118896845,balance,skill
118896845,crimp,feature_tags
118896845,crux,feature_tags
118896845,easy,good_tags
118896845,face,feature_tags
118896845,good,good_tags
118896845,jug,feature_tags
118896907,arete,feature_tags
118896907,crux,feature_tags
118897002,face,feature_tags
118912553,fun,good_tags
118912604,mantle,skill
118990977,crack,feature_tags
118990977,crimp,feature_tags
118990977,fun,good_tags
118991797,arete,feature_tags
118991797,crack,feature_tags
118991797,crimp,feature_tags
118991797,flake,feature_tags
118991797,ledge,feature_tags
118997576,crimp,feature_tags
118997576,good,good_tags
118997576,ledge,feature_tags
118997576,sloper,feature_tags
119038762,crack,feature_tags
119038762,fun,good_tags
119038762,traverse,feature_tags
119038762,warm up,good_tags
119072003,crack,feature_tags
119072003,fun,good_tags
119072042,jug,feature_tags
119095307,crack,feature_tags
119095307,crimp,feature_tags
119095307,easy,good_tags
119095307,jug,feature_tags
119095307,pocket,feature_tags
119096690,crimp,feature_tags
119096690,dihedral,feature_tags
119096690,good,good_tags
119096690,powerful,skill
119096690,slab,feature_tags
119125912,beautiful,good_tags
119125912,best,good_tags
119125912,careful,bad_tags
119125912,crack,feature_tags
119125912,crux,feature_tags
119125912,face,feature_tags
119125912,flake,feature_tags
119125912,interesting,good_tags
119125912,ledge,feature_tags
119176560,fun,good_tags
119176560,good,good_tags
119176560,great,good_tags
119176560,jug,feature_tags
119176560,roof,feature_tags
119176560,warm up,good_tags
119198369,pocket,feature_tags
119198369,sloper,feature_tags
119198369,traverse,feature_tags
119267180,roof,feature_tags
119267180,slab,feature_tags
119280390,bad,bad_tags
119280390,crimp,feature_tags
119280390,crux,feature_tags
119281798,arete,feature_tags
119281868,traverse,feature_tags
119455916,crimp,feature_tags
119455916,pocket,feature_tags
119455916,slab,feature_tags
119455916,toe hook,skill
119497245,easy,good_tags
119497245,mantle,skill
119497245,sloper,feature_tags
119497295,arete,feature_tags
119497295,jug,feature_tags
119497295,mantle,skill
119497295,sloper,feature_tags
119497322,good,good_tags
119497322,jug,feature_tags
119497322,roof,feature_tags
119518158,chimney,feature_tags
119518243,crack,feature_tags
119518243,traverse,feature_tags
119618236,balance,skill
119618236,classic,good_tags
119618236,great,good_tags
119618236,jug,feature_tags
119618236,mantle,skill
119618236,powerful,skill
119646732,fun,good_tags
119646732,good,good_tags
119646732,ledge,feature_tags
119646732,traverse,feature_tags
119664827,slab,feature_tags
119664878,arete,feature_tags
119664878,face,feature_tags
119664927,dirty,bad_tags
119664927,flake,feature_tags
119664927,fun,good_tags
119664927,good,good_tags
119664927,slab,feature_tags
119685456,fun,good_tags
119685456,jug,feature_tags
119685456,slab,feature_tags
119786635,arete,feature_tags
119786635,crimp,feature_tags
119786635,face,feature_tags
119786635,smear,other_tags
119786635,traverse,feature_tags
119786921,face,feature_tags
119786921,jug,feature_tags
119786921,ledge,feature_tags
119786921,mantle,skill
119786921,thin,other_tags
119787155,thin,other_tags
119797347,easy,good_tags
119797347,fun,good_tags
119797347,slab,feature_tags
119797438,crack,feature_tags
119797438,flake,feature_tags
119797438,fun,good_tags
119797438,good,good_tags
119797438,great,good_tags
119797438,ledge,feature_tags
119797438,roof,feature_tags
119797438,slab,feature_tags
119930851,crimp,feature_tags
119930851,great,good_tags
119930851,jug,feature_tags
119980821,careful,bad_tags
119980821,crack,feature_tags
119980821,crux,feature_tags
119980821,dirty,bad_tags
119980821,face,feature_tags
119980821,flake,feature_tags
119980821,fun,good_tags
119980821,ledge,feature_tags
119980821,mantle,skill
119980821,roof,feature_tags
119980821,slab,feature_tags
119980821,thin,other_tags
119980821,traverse,feature_tags
119989380,jug,feature_tags
119997467,face,feature_tags
119997467,jug,feature_tags
119997467,slab,feature_tags
119997467,traverse,feature_tags
119999369,crimp,feature_tags
119999369,jug,feature_tags
119999443,arete,feature_tags
119999443,balance,skill
119999443,crimp,feature_tags
120003394,crimp,feature_tags
120003394,face,feature_tags
120003394,jug,feature_tags
120003394,traverse,feature_tags
120058863,balance,skill
120058863,dirty,bad_tags
120058863,easier,good_tags
120058863,face,feature_tags
120058863,good,good_tags
120058863,ledge,feature_tags
120058863,roof,feature_tags
120062188,crack,feature_tags
120062188,crimp,feature_tags
120062188,jug,feature_tags
120062188,thin,other_tags
120103929,arete,feature_tags
120103929,jug,feature_tags
120103949,jug,feature_tags
120104011,roof,feature_tags
120104011,traverse,feature_tags
120122868,crimp,feature_tags
120122868,good,good_tags
120122868,traverse,feature_tags
120160080,classic,good_tags
120160080,crimp,feature_tags
120160080,sloper,feature_tags
120160917,crimp,feature_tags
120160917,jug,feature_tags
120176688,easy,good_tags
120176688,fun,good_tags
120176688,jug,feature_tags
120176688,traverse,feature_tags
120201403,crux,feature_tags
120201403,nice,good_tags
120201462,crux,feature_tags
120201462,nice,good_tags
120201487,crack,feature_tags
120201487,fun,good_tags
120201502,easier,good_tags
120226396,crimp,feature_tags
120226396,face,feature_tags
120234416,crack,feature_tags
120234416,roof,feature_tags
120234416,spooky,other_tags
120234416,traverse,feature_tags
120256633,good,good_tags
120256633,sloper,feature_tags
120270693,arete,feature_tags
120270693,best,good_tags
120270693,crux,feature_tags
120270693,flake,feature_tags
120270693,heel hook,skill
120270693,jug,feature_tags
120270693,mantle,skill
120273320,easy,good_tags
120273320,sloper,feature_tags
120302318,arete,feature_tags
120302318,cool,good_tags
120302318,good,good_tags
120318630,choss,bad_tags
120318630,good,good_tags
120318630,roof,feature_tags
120318630,traverse,feature_tags
120334575,crack,feature_tags
120334575,easier,good_tags
120334575,face,feature_tags
120334575,fun,good_tags
120334575,good,good_tags
120334575,ledge,feature_tags
120334575,thin,other_tags
120340955,slab,feature_tags
120340955,thin,other_tags
120348083,slab,feature_tags
120348116,crack,feature_tags
120348116,ledge,feature_tags
120348116,thin,other_tags
120360323,arete,feature_tags
120384871,jug,feature_tags
120407530,arete,feature_tags
120407530,great,good_tags
120407530,mantle,skill
120407557,arete,feature_tags
120407557,crack,feature_tags
120416157,crack,feature_tags
120416157,face,feature_tags
120416157,great,good_tags
120416157,roof,feature_tags
120416292,choss,bad_tags
120416292,difficult,other_tags
120416292,good,good_tags
120416292,ledge,feature_tags
120416292,nice,good_tags
120416292,thin,other_tags
120416387,difficult,other_tags
120416387,easier,good_tags
120416387,thin,other_tags
120425032,crack,feature_tags
120425032,crimp,feature_tags
120426066,crimp,feature_tags
120426066,flake,feature_tags
120426066,slab,feature_tags
120434393,crux,feature_tags
120440444,chimney,feature_tags
120440444,crux,feature_tags
120440444,difficult,other_tags
120440444,dirty,bad_tags
120440444,dynamic,skill
120440444,easy,good_tags
120447204,crack,feature_tags
120447204,crux,feature_tags
120447204,easier,good_tags
120447204,ledge,feature_tags
120464796,jug,feature_tags
120464796,roof,feature_tags
120464796,traverse,feature_tags
120464869,crimp,feature_tags
120464869,jug,feature_tags
120464869,sloper,feature_tags
120464874,good,good_tags
120464874,jug,feature_tags
120465081,good,good_tags
120465081,jug,feature_tags
120570343,crack,feature_tags
120570343,traverse,feature_tags
120595649,crimp,feature_tags
120595649,fun,good_tags
120595649,good,good_tags
120595649,great,good_tags
120595649,interesting,good_tags
120595649,slab,feature_tags
120619399,balance,skill
120619399,crimp,feature_tags
120619399,easy,good_tags
120619399,excellent,good_tags
120619399,face,feature_tags
120619399,interesting,good_tags
120619399,slab,feature_tags
120619399,traverse,feature_tags
120619613,slab,feature_tags
120763265,crack,feature_tags
120763265,crux,feature_tags
120763265,ledge,feature_tags
120763265,nice,good_tags
120811393,dyno,skill
120811393,face,feature_tags
120811393,good,good_tags
120811393,mantle,skill
120824069,crack,feature_tags
120824069,flake,feature_tags
120824069,ledge,feature_tags
120824069,roof,feature_tags
120829148,crack,feature_tags
120829148,fun,good_tags
120829148,ledge,feature_tags
120829148,slab,feature_tags
120832148,arete,feature_tags
120832148,crux,feature_tags
120832148,dyno,skill
120912312,tricky,other_tags
120926814,crux,feature_tags
120926814,easier,good_tags
120926814,ledge,feature_tags
120926814,slab,feature_tags
121003243,arete,feature_tags
121003243,crux,feature_tags
121003243,face,feature_tags
121003243,jug,feature_tags
121136364,arete,feature_tags
121136364,crimp,feature_tags
121136364,crux,feature_tags
121136364,face,feature_tags
121136364,powerful,skill
121136364,roof,feature_tags
121136364,thin,other_tags
121197234,choss,bad_tags
121197234,crack,feature_tags
121234793,classic,good_tags
121234793,crack,feature_tags
121234793,crux,feature_tags
121234793,dirty,bad_tags
121234793,easy,good_tags
121234793,excellent,good_tags
121234793,flake,feature_tags
121234793,good,good_tags
121234793,jug,feature_tags
121234793,ledge,feature_tags
121234793,roof,feature_tags
121246690,crux,feature_tags
121254450,crack,feature_tags
121254450,crimp,feature_tags
121254450,ledge,feature_tags
121254450,roof,feature_tags
121254450,slab,feature_tags
121254548,crack,feature_tags
121254548,crimp,feature_tags
121254548,crux,feature_tags
121254548,ledge,feature_tags
121254548,slab,feature_tags
121254548,thin,other_tags
121254648,bad,bad_tags
121254648,best,good_tags
121254648,crack,feature_tags
121254648,dihedral,feature_tags
121254648,dirty,bad_tags
121254648,face,feature_tags
121254648,flake,feature_tags
121254648,good,good_tags
121254648,ledge,feature_tags
121254648,pumpy,other_tags
121254648,roof,feature_tags
121254648,run out,bad_tags
121254648,slab,feature_tags
121254648,traverse,feature_tags
121266501,cruise,feature_tags
121266501,face,feature_tags
121266501,jam,skill
121266501,ledge,feature_tags
121270370,slab,feature_tags
121270370,smear,other_tags
121275329,beautiful,good_tags
121275329,crack,feature_tags
121275329,crux,feature_tags
121275329,easy,good_tags
121275329,good,good_tags
121275329,ledge,feature_tags
121275329,roof,feature_tags
121275438,crack,feature_tags
121275438,dirty,bad_tags
121275438,easy,good_tags
121275438,face,feature_tags
121275438,good,good_tags
121275438,jam,skill
121275438,jug,feature_tags
121275438,ledge,feature_tags
121275438,nice,good_tags
121275438,roof,feature_tags
121275438,thin,other_tags
121275438,traverse,feature_tags
121275599,crux,feature_tags
121275599,face,feature_tags
121275599,jug,feature_tags
121275599,nice,good_tags
121275614,crack,feature_tags
121275614,fun,good_tags
121275614,great,good_tags
121275635,crack,feature_tags
121275635,crux,feature_tags
121275635,dirty,bad_tags
121275635,face,feature_tags
121275635,flake,feature_tags
121275635,good,good_tags
121275635,roof,feature_tags
121275635,rust,bad_tags
121275650,interesting,good_tags
121275650,pumpy,other_tags
121275719,easy,good_tags
121275719,excellent,good_tags
121275719,face,feature_tags
121275719,good,good_tags
121275719,great,good_tags
121275719,jug,feature_tags
121275719,ledge,feature_tags
121275719,pumpy,other_tags
121275719,traverse,feature_tags
121348463,face,feature_tags
121348463,jug,feature_tags
121353100,crimp,feature_tags
121353100,heel hook,skill
121353100,jug,feature_tags
121368783,easier,good_tags
121368783,flake,feature_tags
121368783,good,good_tags
121368783,great,good_tags
121368783,ledge,feature_tags
121368783,slab,feature_tags
121368783,sloper,feature_tags
121405835,cool,good_tags
121405835,crack,feature_tags
121405835,easier,good_tags
121405835,easy,good_tags
121405835,excellent,good_tags
121405835,face,feature_tags
121405835,fun,good_tags
121405835,good,good_tags
121405835,ledge,feature_tags
121405835,nice,good_tags
121405835,roof,feature_tags
121442358,arete,feature_tags
121442448,jug,feature_tags
121442448,sloper,feature_tags
121498077,easy,good_tags
121498077,flake,feature_tags
121498077,nice,good_tags
121498228,chimney,feature_tags
121498228,crux,feature_tags
121498228,easy,good_tags
121498228,excellent,good_tags
121498228,exposed,feature_tags
121498228,face,feature_tags
121498228,fun,good_tags
121498228,good,good_tags
121498228,great,good_tags
121498228,jug,feature_tags
121525674,chimney,feature_tags
121525674,easy,good_tags
121525674,good,good_tags
121525674,great,good_tags
121525674,ledge,feature_tags
121525674,traverse,feature_tags
121542322,crimp,feature_tags
121542322,face,feature_tags
121542322,ledge,feature_tags
121542322,slab,feature_tags
121601395,face,feature_tags
121601395,good,good_tags
121623086,beautiful,good_tags
121623086,crack,feature_tags
121623086,crux,feature_tags
121623086,easier,good_tags
121623086,face,feature_tags
121623086,great,good_tags
121623086,pocket,feature_tags
121623086,slab,feature_tags
121623086,sloper,feature_tags
121623086,stick clip,other_tags
121623086,thin,other_tags
121628349,jug,feature_tags
121628349,mantle,skill
121628349,roof,feature_tags
121628349,sloper,feature_tags
121628349,traverse,feature_tags
121633050,good,good_tags
121633050,jug,feature_tags
121643848,crack,feature_tags
121643848,jug,feature_tags
121643848,slab,feature_tags
121643848,traverse,feature_tags
121648763,crack,feature_tags
121648763,crux,feature_tags
121648763,face,feature_tags
121655912,arete,feature_tags
121655912,jug,feature_tags
121655912,roof,feature_tags
121656384,easy,good_tags
121656384,traverse,feature_tags
121712715,dihedral,feature_tags
121712715,jug,feature_tags
121780120,crux,feature_tags
121780120,easier,good_tags
121780120,pumpy,other_tags
121780385,fun,good_tags
121780385,jug,feature_tags
121780385,traverse,feature_tags
121780477,crux,feature_tags
121780477,jug,feature_tags
121780477,sandy,bad_tags
121780967,crimp,feature_tags
121780967,jug,feature_tags
121780967,mantle,skill
121780967,roof,feature_tags
121780990,crack,feature_tags
121780990,roof,feature_tags
121780990,tricky,other_tags
121784654,face,feature_tags
121793263,arete,feature_tags
121793263,careful,bad_tags
121793263,crux,feature_tags
121793263,ledge,feature_tags
121793263,slab,feature_tags
121793263,stick clip,other_tags
121812497,crimp,feature_tags
121812497,easy,good_tags
121812497,face,feature_tags
121812497,flake,feature_tags
121812511,classic,good_tags
121812511,easy,good_tags
121812511,jug,feature_tags
121812511,mantle,skill
121812511,nice,good_tags
121812511,pocket,feature_tags
121812511,slab,feature_tags
121812545,arete,feature_tags
121812545,easy,good_tags
121812545,jug,feature_tags
121827020,easy,good_tags
121827020,flake,feature_tags
121827020,high first bolt,other_tags
121846178,crimp,feature_tags
121846178,good,good_tags
121846178,sloper,feature_tags
121847295,crimp,feature_tags
121847319,crimp,feature_tags
121847369,crack,feature_tags
121847369,face,feature_tags
121847427,heel hook,skill
121847427,sloper,feature_tags
121847427,thin,other_tags
121847493,arete,feature_tags
121847493,bad,bad_tags
121847493,crimp,feature_tags
121847493,face,feature_tags
121847493,good,good_tags
121847493,traverse,feature_tags
121850141,arete,feature_tags
121850141,crimp,feature_tags
121850141,dirty,bad_tags
121850141,jug,feature_tags
121851438,crack,feature_tags
121851438,difficult,other_tags
121851438,face,feature_tags
121851438,good,good_tags
121851438,technical,skill
121851438,thin,other_tags
121871495,arete,feature_tags
121871495,crux,feature_tags
121871495,ledge,feature_tags
121871495,roof,feature_tags
121871495,sandy,bad_tags
121871495,traverse,feature_tags
121878873,crimp,feature_tags
121884410,bad,bad_tags
121884410,easy,good_tags
121884410,great,good_tags
121884410,run out,bad_tags
121884410,slab,feature_tags
121884410,traverse,feature_tags
121887366,flake,feature_tags
121887366,good,good_tags
121887366,ledge,feature_tags
121887366,nice,good_tags
121887366,roof,feature_tags
121887366,slab,feature_tags
121887366,traverse,feature_tags
121887953,balance,skill
121887953,face,feature_tags
121887953,good,good_tags
121887953,mantle,skill
121887953,nice,good_tags
121887953,slab,feature_tags
121888051,face,feature_tags
121888051,flake,feature_tags
121888051,ledge,feature_tags
121888051,slab,feature_tags
121888233,crack,feature_tags
121888233,face,feature_tags
121888233,nice,good_tags
121888233,tricky,other_tags
121888255,crack,feature_tags
121888255,face,feature_tags
121888255,great,good_tags
121888255,techy,skill
121911346,crack,feature_tags
121911346,crux,feature_tags
121911346,great,good_tags
121911346,roof,feature_tags
121911346,tricky,other_tags
121925588,arete,feature_tags
121925588,face,feature_tags
121925588,heel hook,skill
121925588,jug,feature_tags
121925588,sloper,feature_tags
121927834,best,good_tags
121927834,cool,good_tags
121927834,crux,feature_tags
121927834,easier,good_tags
121927834,face,feature_tags
121927834,flake,feature_tags
121927834,fun,good_tags
121927834,great,good_tags
121927834,ledge,feature_tags
121927834,slab,feature_tags
121927834,traverse,feature_tags
121951996,good,good_tags
121951996,jug,feature_tags
121951996,nice,good_tags
121951996,powerful,skill
121951996,sloper,feature_tags
121953629,classic,good_tags
121953629,crack,feature_tags
121953629,crimp,feature_tags
121953629,crux,feature_tags
121953629,good,good_tags
121953629,pumpy,other_tags
121956489,arete,feature_tags
121956489,chimney,feature_tags
121956489,crack,feature_tags
121956489,exposed,feature_tags
121956489,face,feature_tags
121956489,flake,feature_tags
121956489,sandy,bad_tags
121966021,great,good_tags
121970221,crimp,feature_tags
121970221,jug,feature_tags
121970221,sloper,feature_tags
121970283,crimp,feature_tags
121970283,good,good_tags
121971030,crack,feature_tags
121971030,crimp,feature_tags
121971030,excellent,good_tags
121971030,jam,skill
121971030,nice,good_tags
121993876,crack,feature_tags
121993876,face,feature_tags
121993876,traverse,feature_tags
121994179,arete,feature_tags
121994179,crack,feature_tags
121994179,crux,feature_tags
121994179,face,feature_tags
121994179,run out,bad_tags
121995806,burly,skill
121995806,crack,feature_tags
121995806,crux,feature_tags
121995806,ledge,feature_tags
122019017,crack,feature_tags
122019017,flake,feature_tags
122019017,good,good_tags
122019017,ledge,feature_tags
122019871,face,feature_tags
122019871,flake,feature_tags
122019871,ledge,feature_tags
122027515,arete,feature_tags
122027515,face,feature_tags
122027515,jug,feature_tags
122031844,burly,skill
122043800,crux,feature_tags
122043800,easy,good_tags
122043800,ledge,feature_tags
122043800,mantle,skill
122043800,roof,feature_tags
122054141,cool,good_tags
122054141,crimp,feature_tags
122054141,face,feature_tags
122054141,good,good_tags
122054141,ledge,feature_tags
122054141,pumpy,other_tags
122054141,traverse,feature_tags
122073035,arete,feature_tags
122073035,crux,feature_tags
122104592,crack,feature_tags
122104592,jug,feature_tags
122104592,roof,feature_tags
122105767,crimp,feature_tags
122105767,good,good_tags
122105767,jug,feature_tags
122109512,crux,feature_tags
122109512,dirty,bad_tags
122109512,smear,other_tags
122111799,crack,feature_tags
122111799,flake,feature_tags
122111799,fun,good_tags
122111799,good,good_tags
122111847,fun,good_tags
122111847,good,good_tags
122111847,jug,feature_tags
122112014,crimp,feature_tags
122112014,jug,feature_tags
122150096,crimp,feature_tags
122150096,danger,bad_tags
122150096,good,good_tags
122150096,great,good_tags
122150096,jug,feature_tags
122150096,ledge,feature_tags
122150096,mantle,skill
122150096,toe hook,skill
122159553,easy,good_tags
122159553,fun,good_tags
122159553,jug,feature_tags
122168815,crux,feature_tags
122168815,jug,feature_tags
122168815,ledge,feature_tags
122168815,nice,good_tags
122168815,sloper,feature_tags
122174618,cool,good_tags
122174618,great,good_tags
122174618,traverse,feature_tags
122188809,exposed,feature_tags
122188809,face,feature_tags
122188809,fun,good_tags
122188809,great,good_tags
122212043,crack,feature_tags
122212043,good,good_tags
122212043,jug,feature_tags
122224576,crack,feature_tags
122224576,crimp,feature_tags
122224576,crux,feature_tags
122224576,jug,feature_tags
122224576,traverse,feature_tags
122270987,arete,feature_tags
122270995,crimp,feature_tags
122270995,face,feature_tags
122270995,thin,other_tags
122271020,jug,feature_tags
122281487,choss,bad_tags
122281487,dihedral,feature_tags
122281487,face,feature_tags
122281487,thin,other_tags
122294610,arete,feature_tags
122294610,danger,bad_tags
122294610,easy,good_tags
122294610,ledge,feature_tags
122294610,thin,other_tags
122297418,chimney,feature_tags
122297418,traverse,feature_tags
122298054,face,feature_tags
122298054,traverse,feature_tags
122298179,crimp,feature_tags
122298179,crux,feature_tags
122298179,jug,feature_tags
122298179,sloper,feature_tags
122353910,arete,feature_tags
122353910,crack,feature_tags
122353910,crux,feature_tags
122353910,good,good_tags
122408651,easier,good_tags
122408651,flake,feature_tags
122408651,good,good_tags
122418415,arete,feature_tags
122418415,face,feature_tags
122477831,crimp,feature_tags
122492487,careful,bad_tags
122492487,crack,feature_tags
122492487,crux,feature_tags
122512606,thin,other_tags
122513018,chimney,feature_tags
122513080,arete,feature_tags
122513080,chimney,feature_tags
122513202,crimp,feature_tags
122513202,face,feature_tags
122513202,technical,skill
122547250,easy,good_tags
122547250,sloper,feature_tags
122560590,fun,good_tags
122560590,good,good_tags
122560590,slab,feature_tags
122560629,balance,skill
122560629,fun,good_tags
122560629,slab,feature_tags
122560668,easy,good_tags
122560741,easy,good_tags
122560741,fun,good_tags
122641177,arete,feature_tags
122641177,crimp,feature_tags
122641177,face,feature_tags
122641177,heel hook,skill
122641177,jug,feature_tags
122641177,pocket,feature_tags
122641177,sloper,feature_tags
122860901,face,feature_tags
122860901,roof,feature_tags
122972684,face,feature_tags
122972684,nice,good_tags
122972684,thin,other_tags
122972684,traverse,feature_tags
123091316,good,good_tags
123091316,techy,skill
123094834,jug,feature_tags
123094834,mantle,skill
123094834,smear,other_tags
123094879,mantle,skill
123102893,mantle,skill
123102893,roof,feature_tags
123102893,traverse,feature_tags
123193463,crack,feature_tags
123193463,good,good_tags
123193463,run out,bad_tags
123226656,crimp,feature_tags
123226656,jug,feature_tags
123226656,sloper,feature_tags
123226656,traverse,feature_tags
123239862,crux,feature_tags
123239862,run out,bad_tags
123239942,flake,feature_tags
123239942,run out,bad_tags
123299833,run out,bad_tags
123376091,crack,feature_tags
123376091,crimp,feature_tags
123376091,dihedral,feature_tags
123376091,fun,good_tags
123376091,great,good_tags
123376091,ledge,feature_tags
123376091,roof,feature_tags
123380319,face,feature_tags
123380319,mantle,skill
123380448,arete,feature_tags
123380448,crack,feature_tags
123380533,crack,feature_tags
123380674,heel hook,skill
123380674,ledge,feature_tags
123380674,traverse,feature_tags
123460075,arete,feature_tags
123460075,great,good_tags
123460075,jug,feature_tags
123460075,sloper,feature_tags
123474977,heel hook,skill
123487154,choss,bad_tags
123487154,roof,feature_tags
123487154,rust,bad_tags
123501954,arete,feature_tags
123501954,mantle,skill
123507978,balance,skill
123507978,crimp,feature_tags
123507978,dirty,bad_tags
123507978,dyno,skill
123507978,easier,good_tags
123507978,face,feature_tags
123507978,jug,feature_tags
123507978,techy,skill
123508041,arete,feature_tags
123508041,balance,skill
123508041,crimp,feature_tags
123508041,face,feature_tags
123508041,fun,good_tags
123508041,jug,feature_tags
123508041,mantle,skill
123516456,arete,feature_tags
123516456,face,feature_tags
123516456,jug,feature_tags
123516506,crimp,feature_tags
123516506,easy,good_tags
123516506,jug,feature_tags
123516506,sloper,feature_tags
123516525,balance,skill
123516525,crimp,feature_tags
123516525,fun,good_tags
123516525,sloper,feature_tags
123521510,crimp,feature_tags
123521510,great,good_tags
123521525,crimp,feature_tags
123521525,fun,good_tags
123521525,mantle,skill
123521868,mantle,skill
123530760,arete,feature_tags
123530760,sloper,feature_tags
123535820,crimp,feature_tags
123535820,great,good_tags
123535820,jug,feature_tags
123535820,sloper,feature_tags
123538483,crux,feature_tags
123538483,good,good_tags
123538493,chimney,feature_tags
123538493,fun,good_tags
123538503,flake,feature_tags
123538503,ledge,feature_tags
123538503,mantle,skill
123538542,crux,feature_tags
123538542,ledge,feature_tags
123538542,slab,feature_tags
123538568,crack,feature_tags
123538568,slab,feature_tags
123538581,nice,good_tags
123540522,arete,feature_tags
123540522,crux,feature_tags
123540522,mantle,skill
123540522,pocket,feature_tags
123540522,slab,feature_tags
123572114,crux,feature_tags
123572114,easy,good_tags
123572114,run out,bad_tags
123572114,traverse,feature_tags
123574369,ledge,feature_tags
123574369,run out,bad_tags
123582231,good,good_tags
123582231,roof,feature_tags
123594377,fun,good_tags
123594377,powerful,skill
123594478,crimp,feature_tags
123594478,fun,good_tags
123598052,crimp,feature_tags
123598052,jug,feature_tags
123598052,sloper,feature_tags
123599321,slab,feature_tags
123599960,jug,feature_tags
123628137,crimp,feature_tags
123628137,face,feature_tags
123632385,crack,feature_tags
123632385,crimp,feature_tags
123632385,dynamic,skill
123632385,easier,good_tags
123632385,flake,feature_tags
123632385,jug,feature_tags
123635387,easy,good_tags
123635387,jug,feature_tags
123649846,face,feature_tags
123649846,jug,feature_tags
123649846,pumpy,other_tags
123650854,arete,feature_tags
123650854,crimp,feature_tags
123650854,slab,feature_tags
123650943,crimp,feature_tags
123650943,powerful,skill
123665519,sloper,feature_tags
123668526,jug,feature_tags
123668526,thin,other_tags
123669453,crux,feature_tags
123679570,crimp,feature_tags
123679570,flake,feature_tags
123679625,arete,feature_tags
123679625,difficult,other_tags
123679625,jug,feature_tags
123679625,ledge,feature_tags
123679661,crack,feature_tags
123679661,jug,feature_tags
123683806,arete,feature_tags
123685337,crack,feature_tags
123685337,crimp,feature_tags
123685337,jug,feature_tags
123699627,fun,good_tags
123699627,roof,feature_tags
123699627,run out,bad_tags
123699695,crack,feature_tags
123699695,roof,feature_tags
123704531,crack,feature_tags
123704531,ledge,feature_tags
123707052,arete,feature_tags
123707052,crack,feature_tags
123707094,crack,feature_tags
123707094,dirty,bad_tags
123729657,flake,feature_tags
123729657,ledge,feature_tags
123729657,roof,feature_tags
123736115,crimp,feature_tags
123736115,good,good_tags
123736115,jug,feature_tags
123736115,sloper,feature_tags
123772163,crimp,feature_tags
123772163,crux,feature_tags
123772163,dihedral,feature_tags
123772163,heel hook,skill
123772163,ledge,feature_tags
123783764,crack,feature_tags
123783764,easy,good_tags
123783764,face,feature_tags
123783764,good,good_tags
123783764,jug,feature_tags
123783764,ledge,feature_tags
123783764,nice,good_tags
123783764,run out,bad_tags
123789483,crack,feature_tags
123789483,crimp,feature_tags
123789483,jug,feature_tags
123789483,sloper,feature_tags
123789565,arete,feature_tags
123789565,crack,feature_tags
123789565,crimp,feature_tags
123789565,heel hook,skill
123789565,sloper,feature_tags
123796464,face,feature_tags
123796485,crux,feature_tags
123796485,face,feature_tags
123796563,arete,feature_tags
123796782,dyno,skill
123796795,crimp,feature_tags
123796795,jug,feature_tags
123848073,mantle,skill
123848073,sloper,feature_tags
123874243,arete,feature_tags
123874243,easier,good_tags
123874243,fun,good_tags
123874243,heel hook,skill
123874243,thin,other_tags
123912926,crack,feature_tags
123912926,face,feature_tags
123912926,nice,good_tags
123912926,slab,feature_tags
123930321,crimp,feature_tags
123930321,sloper,feature_tags
123930344,crimp,feature_tags
123930352,crimp,feature_tags
123930364,crimp,feature_tags
123930364,traverse,feature_tags
123930392,good,good_tags
123930415,crimp,feature_tags
123930415,jug,feature_tags
123930415,ledge,feature_tags
123930433,jug,feature_tags
123930460,careful,bad_tags
123930460,crimp,feature_tags
123930460,flake,feature_tags
123930470,jug,feature_tags
123995185,crux,feature_tags
123995185,pumpy,other_tags
123995185,traverse,feature_tags
124064588,easy,good_tags
124064588,ledge,feature_tags
124064588,mantle,skill
124064588,roof,feature_tags
124091607,arete,feature_tags
124091607,fun,good_tags
124091607,good,good_tags
124092204,balance,skill
124092204,cool,good_tags
124092204,crux,feature_tags
124092204,good,good_tags
124092204,traverse,feature_tags
124158634,arete,feature_tags
124158634,great,good_tags
124158702,arete,feature_tags
124158702,heel hook,skill
124189099,arete,feature_tags
124189099,slab,feature_tags
124189113,face,feature_tags
124189113,slab,feature_tags
124189120,crack,feature_tags
124189170,good,good_tags
124189170,ledge,feature_tags
124221761,arete,feature_tags
124221761,crimp,feature_tags
124221761,good,good_tags
124221761,jug,feature_tags
124254499,crack,feature_tags
124254499,ledge,feature_tags
124254499,nice,good_tags
124254499,slab,feature_tags
124254527,crack,feature_tags
124254527,smear,other_tags
124273653,flake,feature_tags
124273703,arete,feature_tags
124273721,face,feature_tags
124273721,technical,skill
124273733,face,feature_tags
124273733,slab,feature_tags
124273802,face,feature_tags
124273844,crack,feature_tags
124273856,arete,feature_tags
124273856,crimp,feature_tags
124273856,jug,feature_tags
124273896,jug,feature_tags
124273916,arete,feature_tags
124273916,jug,feature_tags
124344780,crack,feature_tags
124344780,dihedral,feature_tags
124344780,face,feature_tags
124344780,flake,feature_tags
124344780,fun,good_tags
124344780,good,good_tags
124344780,great,good_tags
124344780,ledge,feature_tags
124344780,nice,good_tags
124344780,roof,feature_tags
124344780,slab,feature_tags
124344780,thin,other_tags
124344780,tough,other_tags
124344780,traverse,feature_tags
124475276,arete,feature_tags
124475276,crimp,feature_tags
124475276,jam,skill
124475276,jug,feature_tags
124475350,arete,feature_tags
124475350,crimp,feature_tags
124475350,good,good_tags
124478942,exposed,feature_tags
124478942,great,good_tags
124478942,ledge,feature_tags
124478942,roof,feature_tags
124478942,traverse,feature_tags
124519265,bad,bad_tags
124519265,crux,feature_tags
124519265,difficult,other_tags
124519265,easy,good_tags
124519265,face,feature_tags
124519265,good,good_tags
124519265,pocket,feature_tags
124519265,slab,feature_tags
124519265,thin,other_tags
124519265,traverse,feature_tags
124526143,crimp,feature_tags
124526143,crux,feature_tags
124526143,face,feature_tags
124526143,good,good_tags
124526143,jug,feature_tags
124526143,smear,other_tags
124527799,arete,feature_tags
124527799,classic,good_tags
124527799,ledge,feature_tags
124604796,fun,good_tags
124604796,great,good_tags
124604796,slab,feature_tags
124641268,crack,feature_tags
124641268,dihedral,feature_tags
124641268,jug,feature_tags
124641268,roof,feature_tags
124641932,cool,good_tags
124641932,fun,good_tags
124641932,good,good_tags
124641932,slab,feature_tags
124693935,cool,good_tags
124693935,easy,good_tags
124693935,great,good_tags
124699164,chimney,feature_tags
124699164,face,feature_tags
124699195,crack,feature_tags
124699195,flake,feature_tags
124699195,fun,good_tags
124699195,jam,skill
124699195,ledge,feature_tags
124699195,traverse,feature_tags
124699216,slab,feature_tags
124699292,ledge,feature_tags
124699306,crack,feature_tags
124699306,easy,good_tags
124699306,face,feature_tags
124699306,good,good_tags
124699306,ledge,feature_tags
124699382,dirty,bad_tags
124699382,face,feature_tags
124699382,fun,good_tags
124699382,great,good_tags
124699410,crack,feature_tags
124699410,face,feature_tags
124699410,flake,feature_tags
124699410,roof,feature_tags
124699410,thin,other_tags
124699410,traverse,feature_tags
124699444,ledge,feature_tags
124699500,easy,good_tags
124699500,face,feature_tags
124699500,flake,feature_tags
124699500,good,good_tags
124699500,ledge,feature_tags
124699500,roof,feature_tags
124699513,crack,feature_tags
124699513,ledge,feature_tags
124699513,nice,good_tags
124699513,roof,feature_tags
124699522,crack,feature_tags
124699522,easy,good_tags
124699522,face,feature_tags
124699522,flake,feature_tags
124699522,ledge,feature_tags
124699522,run out,bad_tags
124699534,excellent,good_tags
124699534,face,feature_tags
124699534,flake,feature_tags
124699534,good,good_tags
124699534,ledge,feature_tags
124699534,thin,other_tags
124699550,crack,feature_tags
124699550,easier,good_tags
124699550,good,good_tags
124699550,ledge,feature_tags
124699550,roof,feature_tags
124699550,slab,feature_tags
124699550,traverse,feature_tags
124799344,face,feature_tags
124799344,good,good_tags
124799344,jug,feature_tags
124799344,nice,good_tags
124804764,bad,bad_tags
124804764,best,good_tags
124804764,crimp,feature_tags
124804764,dyno,skill
124804764,fun,good_tags
124804764,sloper,feature_tags
124804764,techy,skill
124813096,chimney,feature_tags
124813096,flake,feature_tags
124813096,traverse,feature_tags
124878677,crack,feature_tags
124878677,jam,skill
124878677,ledge,feature_tags
124878677,pumpy,other_tags
124879525,crimp,feature_tags
124879525,good,good_tags
124879525,nice,good_tags
124974772,easy,good_tags
124974772,thin,other_tags
124982730,face,feature_tags
124982730,jug,feature_tags
124982730,roof,feature_tags
125009364,bad,bad_tags
125009364,good,good_tags
125009364,jug,feature_tags
125034714,good,good_tags
125040453,best,good_tags
125040453,crack,feature_tags
125040453,crux,feature_tags
125054869,slab,feature_tags
125054888,great,good_tags
125054888,interesting,good_tags
125054888,slab,feature_tags
125089070,dihedral,feature_tags
125089070,easy,good_tags
125089070,jug,feature_tags
125089070,sloper,feature_tags
125089163,arete,feature_tags
125089163,dihedral,feature_tags
125089163,ledge,feature_tags
125098054,roof,feature_tags
125124634,crack,feature_tags
125124634,face,feature_tags
125124634,flake,feature_tags
125124634,ledge,feature_tags
125124757,crux,feature_tags
125124757,easy,good_tags
125124757,excellent,good_tags
125124757,face,feature_tags
125124757,fun,good_tags
125124757,jug,feature_tags
125124757,ledge,feature_tags
125124757,nice,good_tags
125124757,roof,feature_tags
125162099,crack,feature_tags
125162099,easy,good_tags
125162099,face,feature_tags
125162099,good,good_tags
125162099,ledge,feature_tags
125162099,roof,feature_tags
125162284,crack,feature_tags
125162284,crux,feature_tags
125162284,face,feature_tags
125162284,roof,feature_tags
125162284,slab,feature_tags
125162594,arete,feature_tags
125162594,chimney,feature_tags
125162594,crack,feature_tags
125162594,ledge,feature_tags
125162677,face,feature_tags
125162677,ledge,feature_tags
125162677,roof,feature_tags
125172377,classic,good_tags
125172377,fun,good_tags
125172377,great,good_tags
125172377,interesting,good_tags
125180178,flake,feature_tags
125180178,good,good_tags
125215942,crack,feature_tags
125215973,tough,other_tags
125215973,traverse,feature_tags
125242059,fun,good_tags
125242059,good,good_tags
125242059,smear,other_tags
125242137,dirty,bad_tags
125242137,slab,feature_tags
125280511,dihedral,feature_tags
125280511,flake,feature_tags
125280511,traverse,feature_tags
125280579,crimp,feature_tags
125280579,traverse,feature_tags
125280610,crimp,feature_tags
125280610,easy,good_tags
125280610,flake,feature_tags
125280610,traverse,feature_tags
125280634,arete,feature_tags
125280634,jug,feature_tags
125280726,arete,feature_tags
125280726,crimp,feature_tags
125280726,easy,good_tags
125280726,fun,good_tags
125280726,great,good_tags
125280726,powerful,skill
125316437,good,good_tags
125316437,roof,feature_tags
125316437,traverse,feature_tags
125320484,crimp,feature_tags
125320484,face,feature_tags
125320484,jug,feature_tags
125320595,face,feature_tags
125326822,dihedral,feature_tags
125326822,face,feature_tags
125326822,good,good_tags
125326822,slab,feature_tags
125326891,arete,feature_tags
125326891,dirty,bad_tags
125326994,arete,feature_tags
125326994,good,good_tags
125327027,crack,feature_tags
125327027,crimp,feature_tags
125327027,roof,feature_tags
125327027,traverse,feature_tags
125327154,arete,feature_tags
125327154,jug,feature_tags
125327154,traverse,feature_tags
125327154,warm up,good_tags
125327267,crack,feature_tags
125327267,dynamic,skill
125327267,jug,feature_tags
125327267,traverse,feature_tags
125359402,dihedral,feature_tags
125359402,slab,feature_tags
125359402,warm up,good_tags
125363395,face,feature_tags
125363507,jug,feature_tags
125363507,roof,feature_tags
125390591,jug,feature_tags
125411342,stick clip,other_tags
125422287,crack,feature_tags
125422970,crux,feature_tags
125422970,fun,good_tags
125422970,slab,feature_tags
125423009,crux,feature_tags
125423009,easy,good_tags
125423009,fun,good_tags
125423009,ledge,feature_tags
125423009,roof,feature_tags
125423009,stick clip,other_tags
125423035,crux,feature_tags
125423035,flake,feature_tags
125423035,ledge,feature_tags
125423035,slab,feature_tags
125423035,tricky,other_tags
125423074,crux,feature_tags
125423074,flake,feature_tags
125423074,great,good_tags
125423089,ledge,feature_tags
125424272,good,good_tags
125514568,traverse,feature_tags
125566295,traverse,feature_tags
125581400,face,feature_tags
125581400,nice,good_tags
125583672,crimp,feature_tags
125583672,crux,feature_tags
125583672,difficult,other_tags
125583672,face,feature_tags
125583672,good,good_tags
125583672,scary,other_tags
125583672,techy,skill
125583672,thin,other_tags
125583956,dyno,skill
125583956,technical,skill
125583980,flake,feature_tags
125583980,jug,feature_tags
125583980,roof,feature_tags
125584016,easy,good_tags
125584016,traverse,feature_tags
125584494,jug,feature_tags
125584494,sloper,feature_tags
125587316,crimp,feature_tags
125587359,jug,feature_tags
125587359,sloper,feature_tags
125587478,jug,feature_tags
125594600,crack,feature_tags
125594600,good,good_tags
125594600,jug,feature_tags
125594611,crack,feature_tags
125594611,crimp,feature_tags
125594611,good,good_tags
125594611,jug,feature_tags
125594647,sloper,feature_tags
125595313,jug,feature_tags
125595540,crimp,feature_tags
125595540,mantle,skill
125595540,smear,other_tags
125609313,classic,good_tags
125609313,traverse,feature_tags
125613864,crimp,feature_tags
125613864,jug,feature_tags
125615012,crimp,feature_tags
125615012,easier,good_tags
125615012,tricky,other_tags
125615056,flake,feature_tags
125615056,jam,skill
125615056,ledge,feature_tags
125615056,mantle,skill
125615056,nice,good_tags
125615056,tricky,other_tags
125615199,crimp,feature_tags
125615199,ledge,feature_tags
125615199,powerful,skill
125615199,sloper,feature_tags
125615199,tough,other_tags
125666584,crack,feature_tags
125666584,crimp,feature_tags
125666584,slab,feature_tags
125666584,thin,other_tags
125673075,arete,feature_tags
125673075,great,good_tags
125673075,jug,feature_tags
125673075,tough,other_tags
125674786,crack,feature_tags
125674844,arete,feature_tags
125674909,traverse,feature_tags
125679326,jug,feature_tags
125679326,slab,feature_tags
125681188,classic,good_tags
125681188,face,feature_tags
125681188,flake,feature_tags
125681188,jug,feature_tags
125681188,traverse,feature_tags
125681239,classic,good_tags
125681239,jug,feature_tags
125681239,traverse,feature_tags
125722333,crack,feature_tags
125722333,difficult,other_tags
125722333,easier,good_tags
125722333,easy,good_tags
125722333,good,good_tags
125722333,jug,feature_tags
125722333,ledge,feature_tags
125722333,pocket,feature_tags
125722333,slab,feature_tags
125722333,traverse,feature_tags
125735561,crimp,feature_tags
125735561,easy,good_tags
125735578,dirty,bad_tags
125735578,jug,feature_tags
125735629,crack,feature_tags
125741271,crack,feature_tags
125741271,crimp,feature_tags
125741271,flake,feature_tags
125741271,good,good_tags
125741335,arete,feature_tags
125741335,crimp,feature_tags
125741367,crack,feature_tags
125750494,crimp,feature_tags
125750494,jug,feature_tags
125750514,crack,feature_tags
125750514,flake,feature_tags
125750514,jug,feature_tags
125751224,crimp,feature_tags
125751224,flake,feature_tags
125751247,crack,feature_tags
125751247,crimp,feature_tags
125751247,pocket,feature_tags
125758222,mantle,skill
125768840,arete,feature_tags
125768840,bad,bad_tags
125768840,danger,bad_tags
125768840,jug,feature_tags
125768840,sloper,feature_tags
125786434,arete,feature_tags
125786596,arete,feature_tags
125786596,slab,feature_tags
125786596,traverse,feature_tags
125786722,crimp,feature_tags
125786722,fun,good_tags
125786722,jug,feature_tags
125786722,thin,other_tags
125790108,crimp,feature_tags
125790108,crux,feature_tags
125790108,dyno,skill
125790108,excellent,good_tags
125790108,jug,feature_tags
125790108,mantle,skill
125790108,pumpy,other_tags
125790108,sloper,feature_tags
125790108,traverse,feature_tags
125790150,crack,feature_tags
125790150,crimp,feature_tags
125796006,crack,feature_tags
125796006,easier,good_tags
125796006,face,feature_tags
125796006,fun,good_tags
125796006,slab,feature_tags
125825291,balance,skill
125825291,smear,other_tags
125826878,crack,feature_tags
125826878,crux,feature_tags
125826878,excellent,good_tags
125826878,fun,good_tags
125826878,jug,feature_tags
125826878,thin,other_tags
125834870,arete,feature_tags
125834870,crimp,feature_tags
125834870,crux,feature_tags
125834870,jug,feature_tags
125836452,careful,bad_tags
125836452,crack,feature_tags
125836452,dirty,bad_tags
125836452,easier,good_tags
125836452,easy,good_tags
125836452,excellent,good_tags
125836452,face,feature_tags
125836452,flake,feature_tags
125836452,good,good_tags
125836452,ledge,feature_tags
125836452,traverse,feature_tags
125859072,crimp,feature_tags
125859072,crux,feature_tags
125859072,face,feature_tags
125859072,good,good_tags
125859072,jug,feature_tags
125859072,traverse,feature_tags
125884998,beautiful,good_tags
125884998,crack,feature_tags
125884998,crimp,feature_tags
125884998,face,feature_tags
125884998,fun,good_tags
125884998,great,good_tags
125884998,jug,feature_tags
125884998,roof,feature_tags
125898509,bad,bad_tags
125898509,crack,feature_tags
125898509,crux,feature_tags
125898509,easy,good_tags
125898509,excellent,good_tags
125898509,fun,good_tags
125898509,good,good_tags
125898509,great,good_tags
125898509,ledge,feature_tags
125898509,thin,other_tags
125942897,arete,feature_tags
125942897,dihedral,feature_tags
125942897,fun,good_tags
125942897,interesting,good_tags
125942897,jug,feature_tags
125942897,slab,feature_tags
125942897,thin,other_tags
125942897,warm up,good_tags
125948504,crimp,feature_tags
125948504,slab,feature_tags
125962165,careful,bad_tags
125962165,crack,feature_tags
125962165,crimp,feature_tags
125962165,crux,feature_tags
125962165,face,feature_tags
125962165,good,good_tags
125962165,ledge,feature_tags
125962165,traverse,feature_tags
125962165,tricky,other_tags
125962242,crux,feature_tags
125962242,face,feature_tags
125962242,thin,other_tags
125992638,crimp,feature_tags
126039041,crimp,feature_tags
126039041,good,good_tags
126039041,ledge,feature_tags
126039041,slab,feature_tags
126070613,best,good_tags
126070613,crux,feature_tags
126070613,easier,good_tags
126070613,flake,feature_tags
126070613,roof,feature_tags
126070613,run out,bad_tags
126073796,careful,bad_tags
126073796,crux,feature_tags
126073796,easy,good_tags
126073796,flake,feature_tags
126073796,good,good_tags
126073796,slab,feature_tags
126073796,traverse,feature_tags
126074138,arete,feature_tags
126074138,crack,feature_tags
126074138,dirty,bad_tags
126074138,easy,good_tags
126074138,excellent,good_tags
126074138,face,feature_tags
126074138,ledge,feature_tags
126074427,choss,bad_tags
126074427,crack,feature_tags
126074427,easy,good_tags
126074427,excellent,good_tags
126074427,exposed,feature_tags
126074427,great,good_tags
126074427,ledge,feature_tags
126074427,nice,good_tags
126075721,chimney,feature_tags
126075721,crack,feature_tags
126075721,easy,good_tags
126075721,fun,good_tags
126075721,nice,good_tags
126078549,dihedral,feature_tags
126078549,easy,good_tags
126078549,face,feature_tags
126078549,fun,good_tags
126078549,ledge,feature_tags
126091345,face,feature_tags
126091345,ledge,feature_tags
126091968,arete,feature_tags
126091968,good,good_tags
126091968,thin,other_tags
126120183,jug,feature_tags
126120183,thin,other_tags
126151526,crack,feature_tags
126151526,crux,feature_tags
126151526,good,good_tags
126151526,jug,feature_tags
126151577,good,good_tags
126151735,crack,feature_tags
126151735,fun,good_tags
126151735,jug,feature_tags
126151816,warm up,good_tags
126151838,crimp,feature_tags
126151838,easy,good_tags
126151838,good,good_tags
126151879,arete,feature_tags
126151879,jug,feature_tags
126153235,face,feature_tags
126153235,jug,feature_tags
126224989,crimp,feature_tags
126224989,dihedral,feature_tags
126224989,roof,feature_tags
126248175,arete,feature_tags
126248175,easier,good_tags
126248175,fun,good_tags
126327219,easier,good_tags
126327219,easy,good_tags
126327219,face,feature_tags
126327219,thin,other_tags
126371378,heel hook,skill
126374970,crack,feature_tags
126374970,crux,feature_tags
126374970,face,feature_tags
126374970,run out,bad_tags
126374970,traverse,feature_tags
126382320,beautiful,good_tags
126382320,chimney,feature_tags
126382320,classic,good_tags
126382320,crack,feature_tags
126382320,crux,feature_tags
126382320,difficult,other_tags
126382320,easier,good_tags
126382320,easy,good_tags
126382320,excellent,good_tags
126382320,face,feature_tags
126382320,flake,feature_tags
126382320,good,good_tags
126382320,jug,feature_tags
126382320,ledge,feature_tags
126382320,nice,good_tags
126382320,roof,feature_tags
126382320,run out,bad_tags
126382320,traverse,feature_tags
126384352,easier,good_tags
126384352,sloper,feature_tags
126384508,arete,feature_tags
126384508,crack,feature_tags
126384508,dihedral,feature_tags
126384508,face,feature_tags
126384508,jug,feature_tags
126384508,traverse,feature_tags
126413777,crack,feature_tags
126413777,easier,good_tags
126413777,ledge,feature_tags
126413777,smear,other_tags
126413777,traverse,feature_tags
126438671,thin,other_tags
126438671,warm up,good_tags
126472538,crux,feature_tags
126472538,danger,bad_tags
126472538,flake,feature_tags
126472538,good,good_tags
126472538,run out,bad_tags
126472538,smear,other_tags
126509432,best,good_tags
126509432,flake,feature_tags
126509432,ledge,feature_tags
126509432,thin,other_tags
126625361,crumbly,bad_tags
126625361,easier,good_tags
126625361,face,feature_tags
126625361,traverse,feature_tags
126736527,fun,good_tags
126736527,slab,feature_tags
126736551,fun,good_tags
126736577,fun,good_tags
126736619,fun,good_tags
126736619,slab,feature_tags
126736619,traverse,feature_tags
126736666,fun,good_tags
126736666,slab,feature_tags
126736704,crux,feature_tags
126736704,easier,good_tags
126736704,slab,feature_tags
126736704,smear,other_tags
126736704,thin,other_tags
126736762,face,feature_tags
126736762,slab,feature_tags
126736845,slab,feature_tags
126736887,crimp,feature_tags
126736887,good,good_tags
126736887,ledge,feature_tags
126740851,beautiful,good_tags
126740851,classic,good_tags
126740851,good,good_tags
126740851,tricky,other_tags
126846478,face,feature_tags
126999661,crimp,feature_tags
126999661,traverse,feature_tags
127011089,crack,feature_tags
127011089,slab,feature_tags
127011089,thin,other_tags
127073929,traverse,feature_tags
127145878,smear,other_tags
127145938,crimp,feature_tags
127145938,interesting,good_tags
127145938,jug,feature_tags
127145938,sloper,feature_tags
127146026,crux,feature_tags
127146026,smear,other_tags
127146026,traverse,feature_tags
127155265,crimp,feature_tags
127155265,thin,other_tags
127155357,arete,feature_tags
127155357,crimp,feature_tags
127155357,sloper,feature_tags
127155483,crimp,feature_tags
127155483,good,good_tags
127155483,jug,feature_tags
127155483,sloper,feature_tags
127155483,traverse,feature_tags
127155576,beautiful,good_tags
127155576,crimp,feature_tags
127155576,face,feature_tags
127155576,good,good_tags
127155576,jug,feature_tags
127155576,thin,other_tags
127155576,traverse,feature_tags
127155862,crimp,feature_tags
127155862,sloper,feature_tags
127226681,dirty,bad_tags
127226681,easy,good_tags
127226681,fun,good_tags
127226681,good,good_tags
127226681,slab,feature_tags
127244477,crux,feature_tags
127244477,easier,good_tags
127244810,crux,feature_tags
127244810,face,feature_tags
127244810,slab,feature_tags
127244905,crux,feature_tags
127245077,crux,feature_tags
127245077,dirty,bad_tags
127245077,flake,feature_tags
127245077,run out,bad_tags
127245152,roof,feature_tags
127245152,slab,feature_tags
127245223,easier,good_tags
127245223,roof,feature_tags
127251737,crimp,feature_tags
127251737,sloper,feature_tags
127253875,bad,bad_tags
127253875,good,good_tags
127253875,ledge,feature_tags
127253875,traverse,feature_tags
127262053,face,feature_tags
127262053,good,good_tags
127262053,pocket,feature_tags
127262053,sloper,feature_tags
127262539,dirty,bad_tags
127262539,good,good_tags
127262539,run out,bad_tags
127262567,cruise,feature_tags
127262567,slab,feature_tags
127262567,thin,other_tags
127262599,run out,bad_tags
127262599,slab,feature_tags
127275310,crack,feature_tags
127275310,traverse,feature_tags
127275341,crack,feature_tags
127275341,crimp,feature_tags
127275341,traverse,feature_tags
127282453,easier,good_tags
127282453,fun,good_tags
127282453,smear,other_tags
127284731,cool,good_tags
127284731,crack,feature_tags
127284731,crux,feature_tags
127284731,easier,good_tags
127284731,fun,good_tags
127284731,good,good_tags
127284731,slab,feature_tags
127284731,thin,other_tags
127309697,fun,good_tags
127309697,good,good_tags
127309697,sloper,feature_tags
127309739,heel hook,skill
127309739,pocket,feature_tags
127309739,sloper,feature_tags
127310392,crux,feature_tags
127310392,fun,good_tags
127310392,good,good_tags
127310392,pumpy,other_tags
127310392,traverse,feature_tags
127313588,arete,feature_tags
127313588,cool,good_tags
127313588,crimp,feature_tags
127313588,fun,good_tags
127313588,jug,feature_tags
127313588,sloper,feature_tags
127313588,thin,other_tags
127313666,arete,feature_tags
127313666,cool,good_tags
127313666,crimp,feature_tags
127313666,fun,good_tags
127313666,sloper,feature_tags
127318892,crimp,feature_tags
127318892,crux,feature_tags
127326704,easy,good_tags
127326704,fun,good_tags
127326704,good,good_tags
127326704,thin,other_tags
127326722,crack,feature_tags
127326722,thin,other_tags
127338316,arete,feature_tags
127338316,jug,feature_tags
127338370,crack,feature_tags
127338370,good,good_tags
127338370,interesting,good_tags
127338370,jug,feature_tags
127338370,sloper,feature_tags
127339268,arete,feature_tags
127339268,crimp,feature_tags
127339268,jug,feature_tags
127339268,sloper,feature_tags
127342088,arete,feature_tags
127342088,bad,bad_tags
127342088,cool,good_tags
127342184,arete,feature_tags
127342184,bad,bad_tags
127342184,jug,feature_tags
127351369,crimp,feature_tags
127351369,dyno,skill
127351369,sloper,feature_tags
127357505,good,good_tags
127357505,jug,feature_tags
127357505,thin,other_tags
127357505,traverse,feature_tags
127363692,crack,feature_tags
127363755,bad,bad_tags
127363755,crimp,feature_tags
127363755,sloper,feature_tags
127367962,crux,feature_tags
127367962,good,good_tags
127367962,jug,feature_tags
127367962,ledge,feature_tags
127367962,mantle,skill
127367962,sloper,feature_tags
127376250,arete,feature_tags
127376250,face,feature_tags
127376250,jug,feature_tags
127376250,roof,feature_tags
127376250,traverse,feature_tags
200228076,crack,feature_tags
200228076,good,good_tags
200228076,jug,feature_tags
200228076,warm up,good_tags
200261740,difficult,other_tags
200261756,arete,feature_tags
200261756,flake,feature_tags
200262438,crimp,feature_tags
200262438,traverse,feature_tags
200262473,crack,feature_tags
200262473,jug,feature_tags
200262473,sloper,feature_tags
200262473,traverse,feature_tags
200270155,arete,feature_tags
200270155,crimp,feature_tags
200270155,pocket,feature_tags
200270155,sloper,feature_tags
200270193,arete,feature_tags
200270193,classic,good_tags
200270193,good,good_tags
200270193,sloper,feature_tags
200273429,arete,feature_tags
200273429,classic,good_tags
200273429,crimp,feature_tags
200273429,face,feature_tags
200273429,good,good_tags
200273429,sloper,feature_tags
200297090,best,good_tags
200297090,crack,feature_tags
200297090,crimp,feature_tags
200297090,jug,feature_tags
200297090,pocket,feature_tags
200297184,crimp,feature_tags
200297184,jug,feature_tags
200297184,pocket,feature_tags
200297184,slab,feature_tags
200297184,traverse,feature_tags
200297277,crimp,feature_tags
200297277,jug,feature_tags
200297277,traverse,feature_tags
200297392,crimp,feature_tags
200297392,good,good_tags
200297392,heel hook,skill
200297392,jug,feature_tags
200297392,smear,other_tags
200317720,crux,feature_tags
200317720,dirty,bad_tags
200317720,fun,good_tags
200317720,great,good_tags
200317720,smear,other_tags
200322355,arete,feature_tags
200322355,jug,feature_tags
200322355,pocket,feature_tags
200322355,smear,other_tags
200322355,thin,other_tags
200352148,arete,feature_tags
200352148,cool,good_tags
200352148,crimp,feature_tags
200352148,jug,feature_tags
200365639,good,good_tags
200366975,fun,good_tags
200366975,jug,feature_tags
200367051,crack,feature_tags
200367051,crux,feature_tags
200367051,easier,good_tags
200367051,face,feature_tags
200367264,arete,feature_tags
200367264,face,feature_tags
200367264,fun,good_tags
200367264,jug,feature_tags
200367270,arete,feature_tags
200367270,fun,good_tags
200367270,jug,feature_tags
200367270,roof,feature_tags
200367270,stick clip,other_tags
200367443,face,feature_tags
200367443,ledge,feature_tags
200367443,roof,feature_tags
200367443,traverse,feature_tags
200375758,crimp,feature_tags
200375758,crux,feature_tags
200375758,easy,good_tags
200375758,good,good_tags
200375758,mantle,skill
200375758,sloper,feature_tags
200375854,crimp,feature_tags
200375854,good,good_tags
200375854,mantle,skill
200375854,sloper,feature_tags
200376709,crux,feature_tags
200376709,dynamic,skill
200376709,jug,feature_tags
200376709,mantle,skill
200376709,sloper,feature_tags
200376709,traverse,feature_tags
200376709,tricky,other_tags
200419757,arete,feature_tags
200419757,crimp,feature_tags
200419757,jug,feature_tags
200419757,scary,other_tags
200419757,traverse,feature_tags
200441902,face,feature_tags
200441902,fun,good_tags
200441902,nice,good_tags
200441902,warm up,good_tags
200549391,arete,feature_tags
200549391,face,feature_tags
200549391,roof,feature_tags
200574289,crack,feature_tags
200574289,crimp,feature_tags
200574289,crux,feature_tags
200574289,jug,feature_tags
200574289,nice,good_tags
200574289,sloper,feature_tags
200586125,cool,good_tags
200586125,crack,feature_tags
200586125,crumbly,bad_tags
200586125,pocket,feature_tags
200586125,traverse,feature_tags
200596845,easier,good_tags
200596845,good,good_tags
200596845,mantle,skill
200608367,crack,feature_tags
200608367,good,good_tags
200608367,jug,feature_tags
200608367,nice,good_tags
200608383,crack,feature_tags
200608383,nice,good_tags
200608455,ledge,feature_tags
200608455,slab,feature_tags
200608455,thin,other_tags
200608508,careful,bad_tags
200608508,face,feature_tags
200608508,flake,feature_tags
200608508,jug,feature_tags
200608508,nice,good_tags
200608568,crimp,feature_tags
200608568,crux,feature_tags
200608568,good,good_tags
200608568,jam,skill
200608568,thin,other_tags
200608627,easy,good_tags
200608627,fun,good_tags
200608627,traverse,feature_tags
200613407,dyno,skill
200613407,good,good_tags
200613407,great,good_tags
200613407,smear,other_tags
200621835,crack,feature_tags
200621835,crux,feature_tags
200621835,jug,feature_tags
200621835,slab,feature_tags
200621947,crux,feature_tags
200621947,jug,feature_tags
200621947,mantle,skill
200621947,slab,feature_tags
200621979,crack,feature_tags
200621979,sloper,feature_tags
200622060,easier,good_tags
200622060,fun,good_tags
200622060,heel hook,skill
200622060,jug,feature_tags
200622060,mantle,skill
200622060,nice,good_tags
200622060,thin,other_tags
200622060,warm up,good_tags
200622420,bad,bad_tags
200622420,crux,feature_tags
200622420,jug,feature_tags
200622420,ledge,feature_tags
200622420,scary,other_tags
200628225,good,good_tags
200631377,best,good_tags
200631377,cool,good_tags
200631377,crack,feature_tags
200631377,face,feature_tags
200631377,ledge,feature_tags
200631377,slab,feature_tags
200631377,thin,other_tags
200631377,traverse,feature_tags
200634125,crack,feature_tags
200634125,crimp,feature_tags
200634125,mantle,skill
200634160,arete,feature_tags
200634160,balance,skill
200634160,crack,feature_tags
200634160,crimp,feature_tags
200634160,slab,feature_tags
200634160,thin,other_tags
200637868,traverse,feature_tags
200637900,arete,feature_tags
200637900,crimp,feature_tags
200637900,good,good_tags
200638114,slab,feature_tags
200660323,arete,feature_tags
200660323,cool,good_tags
200660323,nice,good_tags
200660323,pocket,feature_tags
200660432,crimp,feature_tags
200660432,dyno,skill
200660432,jug,feature_tags
200697556,arete,feature_tags
200697556,crimp,feature_tags
200697556,jug,feature_tags
200697556,sloper,feature_tags
200697556,thin,other_tags
200697682,crack,feature_tags
200697682,crimp,feature_tags
200697682,face,feature_tags
200697682,flake,feature_tags
200697682,jug,feature_tags
200697784,crimp,feature_tags
200697784,good,good_tags
200697784,jug,feature_tags
200698294,easy,good_tags
200698294,fun,good_tags
200698328,smear,other_tags
200699019,ledge,feature_tags
200699073,ledge,feature_tags
200699115,ledge,feature_tags
200699185,ledge,feature_tags
200699283,dirty,bad_tags
200699371,dirty,bad_tags
200703451,crack,feature_tags
200703451,dihedral,feature_tags
200703451,face,feature_tags
200703451,good,good_tags
200703451,ledge,feature_tags
200703451,roof,feature_tags
200703451,thin,other_tags
200703451,traverse,feature_tags
200703480,crack,feature_tags
200703480,face,feature_tags
200703480,roof,feature_tags
200703480,slab,feature_tags
200703480,traverse,feature_tags
200706032,crux,feature_tags
200706032,easier,good_tags
200706032,flake,feature_tags
200706032,run out,bad_tags
200706032,slab,feature_tags
200706097,crux,feature_tags
200706097,slab,feature_tags
200706127,crux,feature_tags
200706127,face,feature_tags
200706127,slab,feature_tags
200706127,thin,other_tags
200706228,crux,feature_tags
200706228,dihedral,feature_tags
200706228,slab,feature_tags
200733766,crimp,feature_tags
200733766,good,good_tags
200733766,jug,feature_tags
200733766,mantle,skill
200733766,traverse,feature_tags
200733766,tricky,other_tags
200733791,crimp,feature_tags
200733791,crux,feature_tags
200733791,easy,good_tags
200733791,jug,feature_tags
200733791,traverse,feature_tags
200749069,face,feature_tags
200749069,jug,feature_tags
200762267,face,feature_tags
200762267,traverse,feature_tags
200762351,arete,feature_tags
200762351,face,feature_tags
200762351,slab,feature_tags
200762417,arete,feature_tags
200762417,face,feature_tags
200762417,jug,feature_tags
200768049,arete,feature_tags
200768049,best,good_tags
200768049,crimp,feature_tags
200768049,crux,feature_tags
200768049,difficult,other_tags
200768049,dynamic,skill
200768049,easy,good_tags
200768049,good,good_tags
200768049,great,good_tags
200768049,jug,feature_tags
200768049,ledge,feature_tags
200768049,mantle,skill
200768049,nice,good_tags
200768049,smear,other_tags
200768049,thin,other_tags
200775996,crimp,feature_tags
200775996,face,feature_tags
200782982,arete,feature_tags
200782982,good,good_tags
200782982,jug,feature_tags
200782982,pocket,feature_tags
200782982,sloper,feature_tags
200782982,thin,other_tags
200783007,crimp,feature_tags
200783007,good,good_tags
200785026,face,feature_tags
200794252,crimp,feature_tags
200794252,dirty,bad_tags
200794252,jug,feature_tags
200794252,sloper,feature_tags
200794252,thin,other_tags
200795269,arete,feature_tags
200795269,dihedral,feature_tags
200796147,dyno,skill
200796147,easy,good_tags
200796147,jug,feature_tags
200820413,crux,feature_tags
200820413,easier,good_tags
200820413,smear,other_tags
200820413,tricky,other_tags
200827062,crack,feature_tags
200836346,difficult,other_tags
200836346,face,feature_tags
200836346,flake,feature_tags
200836346,slab,feature_tags
200877424,arete,feature_tags
200877424,balance,skill
200877424,careful,bad_tags
200877424,crack,feature_tags
200877424,crimp,feature_tags
200877424,jug,feature_tags
200877424,slab,feature_tags
200878917,arete,feature_tags
200878917,difficult,other_tags
200878917,easy,good_tags
200878917,jug,feature_tags
200878917,ledge,feature_tags
200878917,slab,feature_tags
200881443,bad,bad_tags
200881443,crack,feature_tags
200893267,crack,feature_tags
200893267,crimp,feature_tags
200893267,easy,good_tags
200893267,flake,feature_tags
200893267,roof,feature_tags
200893267,scary,other_tags
200893267,traverse,feature_tags
200893360,fun,good_tags
200893434,crimp,feature_tags
200893434,easier,good_tags
200893434,jug,feature_tags
200893434,pocket,feature_tags
200894132,good,good_tags
200894132,warm up,good_tags
200894189,classic,good_tags
200894189,good,good_tags
200894189,slab,feature_tags
200895134,cool,good_tags
200895134,crux,feature_tags
200895134,dirty,bad_tags
200895134,easy,good_tags
200895134,slab,feature_tags
200913467,careful,bad_tags
200913467,crimp,feature_tags
200913467,slab,feature_tags
200913467,traverse,feature_tags
200913532,balance,skill
200913532,careful,bad_tags
200913532,good,good_tags
200913532,slab,feature_tags
200913532,traverse,feature_tags
200913574,crack,feature_tags
200913574,jug,feature_tags
200913574,ledge,feature_tags
200913574,slab,feature_tags
200913574,traverse,feature_tags
200913635,balance,skill
200913635,crack,feature_tags
200913635,good,good_tags
200913635,jug,feature_tags
200913635,ledge,feature_tags
200913635,slab,feature_tags
200919696,easier,good_tags
200919696,easy,good_tags
200919696,good,good_tags
200919696,mantle,skill
200919696,sloper,feature_tags
200922630,easy,good_tags
200922630,jug,feature_tags
200922650,crux,feature_tags
200922650,jug,feature_tags
200923368,crimp,feature_tags
200990490,arete,feature_tags
200990490,difficult,other_tags
200990540,crimp,feature_tags
200990540,face,feature_tags
200990701,classic,good_tags
200990701,crimp,feature_tags
201004258,best,good_tags
201004258,crack,feature_tags
201004258,crux,feature_tags
201004258,easier,good_tags
201004258,easy,good_tags
201004258,excellent,good_tags
201004258,exposed,feature_tags
201004258,good,good_tags
201004343,cruise,feature_tags
201004343,dihedral,feature_tags
201004343,exposed,feature_tags
201004343,face,feature_tags
201004343,roof,feature_tags
201005277,face,feature_tags
201005277,fun,good_tags
201005277,great,good_tags
201005277,interesting,good_tags
201005277,roof,feature_tags
201005277,tricky,other_tags
201005323,exposed,feature_tags
201005323,face,feature_tags
201005323,fun,good_tags
201005323,great,good_tags
201005323,ledge,feature_tags
201005323,roof,feature_tags
201008228,arete,feature_tags
201008228,classic,good_tags
201008228,crack,feature_tags
201008228,good,good_tags
201008228,roof,feature_tags
201008295,crack,feature_tags
201008295,crux,feature_tags
201008295,easy,good_tags
201008295,face,feature_tags
201008295,good,good_tags
201008295,ledge,feature_tags
201008295,roof,feature_tags
201009073,crack,feature_tags
201009073,good,good_tags
201009073,roof,feature_tags
201009073,slab,feature_tags
201009131,careful,bad_tags
201009131,crack,feature_tags
201009131,roof,feature_tags
201009131,slab,feature_tags
201009131,traverse,feature_tags
201009366,arete,feature_tags
201009366,face,feature_tags
201009366,interesting,good_tags
201009366,slab,feature_tags
201009366,thin,other_tags
201063472,arete,feature_tags
201063472,jug,feature_tags
201065460,arete,feature_tags
201065460,difficult,other_tags
201065460,face,feature_tags
201065460,good,good_tags
201065460,ledge,feature_tags
201065460,pumpy,other_tags
201065460,tricky,other_tags
201126564,face,feature_tags
201126564,fun,good_tags
201126564,ledge,feature_tags
201126564,nice,good_tags
201126564,pumpy,other_tags
201126564,roof,feature_tags
201142201,flake,feature_tags
201142201,good,good_tags
201142201,jug,feature_tags
201142244,crimp,feature_tags
201142244,jug,feature_tags
201142256,good,good_tags
201147067,flake,feature_tags
201147067,powerful,skill
201147067,roof,feature_tags
201147067,thin,other_tags
201147067,traverse,feature_tags
201207163,fun,good_tags
201207163,ledge,feature_tags
201207163,roof,feature_tags
201315934,traverse,feature_tags
201366150,crux,feature_tags
201366150,fun,good_tags
201366150,ledge,feature_tags
201366150,slab,feature_tags
201366150,thin,other_tags
201399080,cool,good_tags
201399080,crux,feature_tags
201399080,dirty,bad_tags
201399080,easy,good_tags
201399080,flake,feature_tags
201399080,interesting,good_tags
201399080,ledge,feature_tags
201399080,roof,feature_tags
201399080,slab,feature_tags
201422812,crux,feature_tags
201422812,sloper,feature_tags
201456311,crack,feature_tags
201456311,nice,good_tags
201484744,arete,feature_tags
201484821,arete,feature_tags
201484821,face,feature_tags
201484821,good,good_tags
201484821,jug,feature_tags
201485385,chimney,feature_tags
201485385,crux,feature_tags
201485385,dihedral,feature_tags
201485385,easier,good_tags
201485385,face,feature_tags
201485385,good,good_tags
201485385,ledge,feature_tags
201485385,roof,feature_tags
201503586,crack,feature_tags
201503586,jug,feature_tags
201655339,flake,feature_tags
201666489,traverse,feature_tags
201666518,flake,feature_tags
201666550,jug,feature_tags
201666601,crimp,feature_tags
201666601,easy,good_tags
201666601,jug,feature_tags
201666601,mantle,skill
201666653,crimp,feature_tags
201666653,good,good_tags
201666653,jug,feature_tags
201666691,easy,good_tags
201666691,good,good_tags
201666691,jug,feature_tags
201666691,mantle,skill
201666691,roof,feature_tags
201666721,good,good_tags
201666721,jug,feature_tags
201704397,crimp,feature_tags
201704397,difficult,other_tags
201704397,pocket,feature_tags
201704397,traverse,feature_tags
201704455,crack,feature_tags
201704455,fun,good_tags
201760889,interesting,good_tags
201760889,ledge,feature_tags
201760889,thin,other_tags
201856956,arete,feature_tags
201856956,choss,bad_tags
201856956,crack,feature_tags
201856956,crimp,feature_tags
201856956,slab,feature_tags
201856956,sloper,feature_tags
201856956,thin,other_tags
201887380,careful,bad_tags
201887380,classic,good_tags
201887380,jug,feature_tags
201887380,slab,feature_tags
201887463,good,good_tags
201887463,jug,feature_tags
201918736,great,good_tags
201918736,slab,feature_tags
201918736,sloper,feature_tags
201918895,bad,bad_tags
201918895,crack,feature_tags
201918895,crimp,feature_tags
201918895,easier,good_tags
201918895,good,good_tags
201918895,great,good_tags
201918895,jug,feature_tags
201919007,careful,bad_tags
201919007,crack,feature_tags
201919007,crimp,feature_tags
201919007,jug,feature_tags
201919007,ledge,feature_tags
201938723,face,feature_tags
201940428,classic,good_tags
201940428,crack,feature_tags
201940428,face,feature_tags
201940428,fun,good_tags
201940428,ledge,feature_tags
201940428,thin,other_tags
201944306,crack,feature_tags
201944306,crimp,feature_tags
201944306,great,good_tags
201944306,jug,feature_tags
201944306,sloper,feature_tags
201944349,crack,feature_tags
201944349,crimp,feature_tags
201944349,jug,feature_tags
201946652,crack,feature_tags
201946652,crimp,feature_tags
201946652,jug,feature_tags
202033460,crack,feature_tags
202033460,crux,feature_tags
202033460,jug,feature_tags
202033460,slab,feature_tags
202033460,tricky,other_tags
202033477,crack,feature_tags
202033477,good,good_tags
202034822,crimp,feature_tags
202034822,heel hook,skill
202034822,jug,feature_tags
202043223,crimp,feature_tags
202043223,face,feature_tags
202043223,good,good_tags
202043223,smear,other_tags
202043281,balance,skill
202043281,crack,feature_tags
202043281,crimp,feature_tags
202043281,good,good_tags
202043281,great,good_tags
202043281,mantle,skill
202043281,slab,feature_tags
202043389,crack,feature_tags
202043389,crimp,feature_tags
202043389,good,good_tags
202043464,crimp,feature_tags
202043464,good,good_tags
202043505,best,good_tags
202043505,crack,feature_tags
202043505,crimp,feature_tags
202043505,good,good_tags
202043505,jug,feature_tags
202067269,slab,feature_tags
202067269,techy,skill
202067322,slab,feature_tags
202076803,arete,feature_tags
202076803,good,good_tags
202076803,jug,feature_tags
202076803,sloper,feature_tags
202097220,best,good_tags
202097220,crimp,feature_tags
202097220,good,good_tags
202097220,sloper,feature_tags
202097220,thin,other_tags
202097452,crux,feature_tags
202162866,cool,good_tags
202162866,crimp,feature_tags
202162866,good,good_tags
202162866,pocket,feature_tags
202162866,thin,other_tags
202212649,fun,good_tags
202212649,good,good_tags
202212649,jam,skill
202222916,flake,feature_tags
202222916,traverse,feature_tags
202235444,difficult,other_tags
202235444,dynamic,skill
202235444,jug,feature_tags
202235472,difficult,other_tags
202235472,dynamic,skill
202235472,jug,feature_tags
202246472,arete,feature_tags
202246472,good,good_tags
202247979,arete,feature_tags
202247979,classic,good_tags
202247979,crimp,feature_tags
202247979,easier,good_tags
202252064,crimp,feature_tags
202254277,arete,feature_tags
202254277,classic,good_tags
202254277,crimp,feature_tags
202254277,difficult,other_tags
202258494,choss,bad_tags
202258494,crack,feature_tags
202258494,crumbly,bad_tags
202258494,good,good_tags
202258494,thin,other_tags
202275918,ledge,feature_tags
202278931,crack,feature_tags
202278931,traverse,feature_tags
202278974,crack,feature_tags
202278974,good,good_tags
202278974,jug,feature_tags
202278974,traverse,feature_tags
202279061,crack,feature_tags
202279061,excellent,good_tags
202279061,ledge,feature_tags
202279061,nice,good_tags
202284793,excellent,good_tags
202284829,flake,feature_tags
202287021,sloper,feature_tags
