route,location,url,avg_stars,route_type,rating,pitches,length,y,x
Periscope,Periscope Boulder > Contact Station Boulders > Contact Station Area > Grayson Highlands State Park > Southwest Virginia (Appalachia) > Virginia,https://www.mountainproject.com/route/106566425/periscope,3.5,Boulder,V3,1,12,36.61245,-81.48093
Ranger Rick,Ranger Rick Boulder > Contact Station Boulders > Contact Station Area > Grayson Highlands State Park > Southwest Virginia (Appalachia) > Virginia,https://www.mountainproject.com/route/106483605/ranger-rick,3,Boulder,V0-1,1,12,36.61245,-81.48093
Highland Highball,Highland Highball > Horizon Area > Highlands > Grayson Highlands State Park > Southwest Virginia (Appalachia) > Virginia,https://www.mountainproject.com/route/106799730/highland-highball,3.9,Boulder,V2,1,20,36.6409,-81.5056
Indian Outlaw,Rock House Boulder > Picnic Area Boulders > Picnic Area > Grayson Highlands State Park > Southwest Virginia (Appalachia) > Virginia,https://www.mountainproject.com/route/106779712/indian-outlaw,3.1,Boulder,V3,1,13,36.62523,-81.48157
Horse Head Route,Springfield Bouldering (Hooes Rd) > DC & Northern VA Region > Virginia,https://www.mountainproject.com/route/108906405/horse-head-route,3.6,Boulder,V3,1,15,38.7615,-77.2077
The Hive,Hive Boulder > 1. Overlook Area > Listening Rock Trail > Grayson Highlands State Park > Southwest Virginia (Appalachia) > Virginia,https://www.mountainproject.com/route/107333030/the-hive,2.9,Boulder,V3,1,14,36.62238,-81.50243
Senior Discount,Big Boy > Main Area > The Forest > Blue Ridge Parkway > Charlottesville vicinity > Central & Southern VA Region > Virginia,https://www.mountainproject.com/route/119697127/senior-discount,3.6,Boulder,V3,1,16,37.89461,-79.04896
Static Crack,Olympus Boulder > Picnic Area Boulders > Picnic Area > Grayson Highlands State Park > Southwest Virginia (Appalachia) > Virginia,https://www.mountainproject.com/route/106537530/static-crack,2.5,Boulder,V2,1,12,36.62727,-81.48103
Bombsight,Periscope Boulder > Contact Station Boulders > Contact Station Area > Grayson Highlands State Park > Southwest Virginia (Appalachia) > Virginia,https://www.mountainproject.com/route/106830441/bombsight,2.5,Boulder,V3,1,16,36.61245,-81.48093
Ballad of Love and Hate,Mike-N-Ike Boulder > 2. SLS Area > Listening Rock Trail > Grayson Highlands State Park > Southwest Virginia (Appalachia) > Virginia,https://www.mountainproject.com/route/107290137/ballad-of-love-and-hate,2.9,Boulder,V3-4,1,9,36.62166,-81.5037
Blue Jet,Olympus Boulder > Picnic Area Boulders > Picnic Area > Grayson Highlands State Park > Southwest Virginia (Appalachia) > Virginia,https://www.mountainproject.com/route/106536630/blue-jet,2.4,Boulder,V2-3,1,11,36.62727,-81.48103
Cherokee Dihedral,Rock House Boulder > Picnic Area Boulders > Picnic Area > Grayson Highlands State Park > Southwest Virginia (Appalachia) > Virginia,https://www.mountainproject.com/route/106771841/cherokee-dihedral,2.7,Boulder,V1,1,15,36.62523,-81.48157
Moonlight Sonata,Moonlight Left > Moonlight > Moonlight > Listening Rock Trail > Grayson Highlands State Park > Southwest Virginia (Appalachia) > Virginia,https://www.mountainproject.com/route/107612757/moonlight-sonata,4,Boulder,V3,1,20,36.6122,-81.4912
Far Cry,Far Cry Boulder > Left Blasters > Blaster Blocks > Keelowkee Lake > HKL West > High Knob Landform > Southwest Virginia (Appalachia) > Virginia,https://www.mountainproject.com/route/121247232/far-cry,4,Boulder,V3,1,10,36.91727,-82.64656
Perfect Day,Lost World Boulder > Right Blasters > Blaster Blocks > Keelowkee Lake > HKL West > High Knob Landform > Southwest Virginia (Appalachia) > Virginia,https://www.mountainproject.com/route/120536726/perfect-day,4,Boulder,V2,1,10,36.91775,-82.64658
Derek Zoolander's Problem for Kids Who Can't Climb Good and Wanna Learn to Do Other Stuff Good Too,Zoolander Boulder > Samurai Area > Mile Two Boulders > (2) Mile Two > Guest River Gorge > Southwest Virginia (Appalachia) > Virginia,https://www.mountainproject.com/route/109896485/derek-zoolanders-problem-for-kids-who-cant-climb-good-and-wanna-learn-to-do-othe,4,Boulder,V0,1,13,36.90032,-82.41947
Copperhead,Contact Boulder > Contact Station Boulders > Contact Station Area > Grayson Highlands State Park > Southwest Virginia (Appalachia) > Virginia,https://www.mountainproject.com/route/106761764/copperhead,2.5,Boulder,V3,1,10,36.6122,-81.47912
Spider Hug,The Shell > Fire Road > Bouldering > Old Rag > Shenandoah National Park > Shenandoah & NW VA Region > Virginia,https://www.mountainproject.com/route/120930974/spider-hug,4,Boulder,V2-3,1,12,38.54667,-78.34019
Chicken of the Sea,Chicken Breast Boulder > The Beach > Mill Creek > Blacksburg Vicinity > Southwest Virginia (Appalachia) > Virginia,https://www.mountainproject.com/route/118988003/chicken-of-the-sea,3.4,Boulder,V3,1,NA,37.31345,-80.79462
Marshmellow,Center Highball Wall > Spring Ridge Highball Wall > Spring Ridge > Upchurch Area > Picnic Area > Grayson Highlands State Park > Southwest Virginia (Appalachia) > Virginia,https://www.mountainproject.com/route/117061220/marshmellow,4,Boulder,V1,1,25,36.61486,-81.49149
Soot Sprite,White Rock Roof > Blacksburg Vicinity > Southwest Virginia (Appalachia) > Virginia,https://www.mountainproject.com/route/119478832/soot-sprite,3.8,Boulder,V3,1,12,37.40084,-80.65744
Wapow,Teahupo'o Boulder > The Beach > Mill Creek > Blacksburg Vicinity > Southwest Virginia (Appalachia) > Virginia,https://www.mountainproject.com/route/118987790/wapow,4,Boulder,V3-4,1,NA,37.31501,-80.79362
Permission to Pass,Lab Slab Boulder > Labyrinth > HKL East > High Knob Landform > Southwest Virginia (Appalachia) > Virginia,https://www.mountainproject.com/route/121072966/permission-to-pass,4,Boulder,V3 R,1,25,36.91245,-82.63035
Prefect 42,Magrathea Boulder > Waterfall Area > Mill Creek > Blacksburg Vicinity > Southwest Virginia (Appalachia) > Virginia,https://www.mountainproject.com/route/118988930/prefect-42,4,Boulder,V3,1,NA,37.30277,-80.79409
M.[c]v0-v11,Wo Boulder > Nnelg > Mill Creek > Blacksburg Vicinity > Southwest Virginia (Appalachia) > Virginia,https://www.mountainproject.com/route/118989166/mcv0-v11,4,Boulder,V3,1,12,37.3101,-80.79723
.The Treat,Pentagon Boulder > Casablanca Boulders > Casablanca Area > Mile Two Boulders > (2) Mile Two > Guest River Gorge > Southwest Virginia (Appalachia) > Virginia,https://www.mountainproject.com/route/115420205/the-treat,4,Boulder,V3,1,18,36.90657,-82.41947
Main Bench,Main Bench Boulder > Bench Boulders > Casablanca Area > Mile Two Boulders > (2) Mile Two > Guest River Gorge > Southwest Virginia (Appalachia) > Virginia,https://www.mountainproject.com/route/117833057/main-bench,4,Boulder,V1,1,11,36.90239,-82.41947
Sandwich Arete,Sandwich Arete > Labyrinth > HKL East > High Knob Landform > Southwest Virginia (Appalachia) > Virginia,https://www.mountainproject.com/route/120679442/sandwich-arete,4,Boulder,V1,1,13,36.9097,-82.63019
Pegasus,Pegasus Boulder > Gasland > Upper Darkside > Darkside > Jay's Creek > Southwest Virginia (Appalachia) > Virginia,https://www.mountainproject.com/route/113886513/pegasus,4,Boulder,V1,1,16,36.89935,-82.41877
Holy Moly,Holy Moly Boulder > Labyrinth > HKL East > High Knob Landform > Southwest Virginia (Appalachia) > Virginia,https://www.mountainproject.com/route/108294457/holy-moly,4,Boulder,V3,1,18,36.9097,-82.6302
Panic Slab Direct,Panic Wall > 5. Central > Listening Rock Trail > Grayson Highlands State Park > Southwest Virginia (Appalachia) > Virginia,https://www.mountainproject.com/route/109033147/panic-slab-direct,4,Boulder,V0 PG13,1,20,36.62279,-81.50167
Six Feet Under,Funeral Boulder > Funeral Area > Mile 1 Boulders > (1) Mile One > Guest River Gorge > Southwest Virginia (Appalachia) > Virginia,https://www.mountainproject.com/route/108650632/six-feet-under,3.8,Boulder,V3-4,1,13,36.90073,-82.42119
Diamonds In The Sky,White Dwarf Boulder > Labyrinth > HKL East > High Knob Landform > Southwest Virginia (Appalachia) > Virginia,https://www.mountainproject.com/route/109353649/diamonds-in-the-sky,4,Boulder,V3 PG13,1,23,36.9097,-82.6302
Royal Jelly,Hive Boulder > 1. Overlook Area > Listening Rock Trail > Grayson Highlands State Park > Southwest Virginia (Appalachia) > Virginia,https://www.mountainproject.com/route/107350551/royal-jelly,2.7,Boulder,V3,1,15,36.62238,-81.50243
Johnson Burger,Talking Headwall > Elizabeth Furnace > Shenandoah & NW VA Region > Virginia,https://www.mountainproject.com/route/122479081/johnson-burger,3.3,Boulder,V1 PG13,1,20,38.9466,-78.3022
Shark Arete,Shark Boulder > The Buttermilks > Richmond Vicinity > Central & Southern VA Region > Virginia,https://www.mountainproject.com/route/109851163/shark-arete,2.9,Boulder,V3,1,10,37.52419,-77.47446
All Things Considered,Sunset Boulder > Sunset Area > Highlands > Grayson Highlands State Park > Southwest Virginia (Appalachia) > Virginia,https://www.mountainproject.com/route/107623934/all-things-considered,3.7,Boulder,V3,1,25,36.6431,-81.50239
Hole in the Wall,Hole In The Wall Boulder > Otter Boulders > Casablanca Area > Mile Two Boulders > (2) Mile Two > Guest River Gorge > Southwest Virginia (Appalachia) > Virginia,https://www.mountainproject.com/route/115419997/hole-in-the-wall,4,Boulder,V1,1,12,36.90239,-82.42728
King of the Hill,Photo Boulder > Rockville > Fire Road > Bouldering > Old Rag > Shenandoah National Park > Shenandoah & NW VA Region > Virginia,https://www.mountainproject.com/route/118675861/king-of-the-hill,4,Boulder,V-easy,1,10,38.54667,-78.34019
Blowtorch Arete,Approach Boulders > Wintergreen > Charlottesville vicinity > Central & Southern VA Region > Virginia,https://www.mountainproject.com/route/117960407/blowtorch-arete,4,Boulder,V2,1,20,37.90645,-78.93721
Slab 1,The Shell > Fire Road > Bouldering > Old Rag > Shenandoah National Park > Shenandoah & NW VA Region > Virginia,https://www.mountainproject.com/route/120930968/slab-1,3,Boulder,V0-1,1,16,38.54667,-78.34019
Alley Ascent,The Alley > Conway Robinson Memorial State Forest > DC & Northern VA Region > Virginia,https://www.mountainproject.com/route/119794192/alley-ascent,4,Boulder,V0,1,12,38.80866,-77.5864
Basement Arete,Mushroom Area (Ridgeline) > Ridgeline > The Forest > Blue Ridge Parkway > Charlottesville vicinity > Central & Southern VA Region > Virginia,https://www.mountainproject.com/route/121824432/basement-arete,3.5,Boulder,V1,1,NA,37.89618,-79.04509
The Big Squeeze,Chambers Ridge > Goshen Pass > Charlottesville vicinity > Central & Southern VA Region > Virginia,https://www.mountainproject.com/route/114208855/the-big-squeeze,3,Boulder,V3 PG13,1,15,37.94267,-79.45147
Room with a View,The Fortress > Stones > Harkening Hill > Southwest Virginia (Appalachia) > Virginia,https://www.mountainproject.com/route/116650411/room-with-a-view,4,Boulder,V1,1,20,37.45483,-79.61864
X Marks the Spotter,Boulder X > Upper Deck > Harkening Hill > Southwest Virginia (Appalachia) > Virginia,https://www.mountainproject.com/route/116249094/x-marks-the-spotter,4,Boulder,V1,1,14,37.45778,-79.61794
Catapult,Intruder Boulder > Sunset Sonata Boulders > NellysFord > Charlottesville vicinity > Central & Southern VA Region > Virginia,https://www.mountainproject.com/route/122083491/catapult,4,Boulder,V1,1,NA,37.91919,-78.89997
Knifey Spoony,Sawblade Boulder > Reid Hollow Road > Charlottesville vicinity > Central & Southern VA Region > Virginia,https://www.mountainproject.com/route/119651328/knifey-spoony,3,Boulder,V3,1,15,37.72966,-79.31087
Squad Car,Police Boulder > Around The Bend (Jasper) > Spooky Rocks > Keelowkee Lake > HKL West > High Knob Landform > Southwest Virginia (Appalachia) > Virginia,https://www.mountainproject.com/route/118769964/squad-car,4,Boulder,V0,1,15,36.91842,-82.64317
Maui Wowie,Island Boulder > Moonstone Area > Mile 1 Boulders > (1) Mile One > Guest River Gorge > Southwest Virginia (Appalachia) > Virginia,https://www.mountainproject.com/route/119615157/maui-wowie,4,Boulder,V3,1,12,36.90072,-82.42117
X Gonna Give It to Ya!,Boulder X > Upper Deck > Harkening Hill > Southwest Virginia (Appalachia) > Virginia,https://www.mountainproject.com/route/116510432/x-gonna-give-it-to-ya,4,Boulder,V2,1,16,37.45778,-79.61794
Calling My Spirit,Mausoleum Boulder > Upper Lightside Bouldering > Upper Lightside > Lightside > Jay's Creek > Southwest Virginia (Appalachia) > Virginia,https://www.mountainproject.com/route/116566480/calling-my-spirit,4,Boulder,V3,1,16,36.89939,-82.41867
Thunder Weredragon,Mausoleum Boulder > Upper Lightside Bouldering > Upper Lightside > Lightside > Jay's Creek > Southwest Virginia (Appalachia) > Virginia,https://www.mountainproject.com/route/116715882/thunder-weredragon,4,Boulder,V1,1,10,36.89939,-82.41867
Castle Black,Estate Boulder > Moonstone Area > Mile 1 Boulders > (1) Mile One > Guest River Gorge > Southwest Virginia (Appalachia) > Virginia,https://www.mountainproject.com/route/119862098/castle-black,4,Boulder,V1,1,16,36.90072,-82.42117
Mowgli Arete,Jungle Block > Center Lightside Bouldering > Center Lightside > Lightside > Jay's Creek > Southwest Virginia (Appalachia) > Virginia,https://www.mountainproject.com/route/116139279/mowgli-arete,4,Boulder,V1-2,1,10,36.89937,-82.4186
Thunderbolt Arete,Thunderbolt Boulder > Gasland > Upper Darkside > Darkside > Jay's Creek > Southwest Virginia (Appalachia) > Virginia,https://www.mountainproject.com/route/115572330/thunderbolt-arete,4,Boulder,V3,1,13,36.89955,-82.41887
The Dawn Crawl,Spectrum Boulder > Lower Lightside Bouldering > Lower Lightside > Lightside > Jay's Creek > Southwest Virginia (Appalachia) > Virginia,https://www.mountainproject.com/route/116643447/the-dawn-crawl,4,Boulder,V2,1,12,36.89937,-82.41859
Knuckles to Knuckles,Knuckles Boulder > Ridge Boulders > Bearpen Boulders > ~M.R.N.R.A. > Grayson Highlands State Park > Southwest Virginia (Appalachia) > Virginia,https://www.mountainproject.com/route/119074933/knuckles-to-knuckles,4,Boulder,V2,1,20,36.62156,-81.5111
Rigamortis,Catacomb Boulder > Lost world > Mill Creek > Blacksburg Vicinity > Southwest Virginia (Appalachia) > Virginia,https://www.mountainproject.com/route/119047179/rigamortis,4,Boulder,V2,1,25,37.30308,-80.79896
SandStoneSmellz,Millie Creek Boulder > Butternut Hill > Mill Creek > Blacksburg Vicinity > Southwest Virginia (Appalachia) > Virginia,https://www.mountainproject.com/route/118988320/sandstonesmellz,3.5,Boulder,V3,1,NA,37.30823,-80.79193
Bad Fish,Bad Boulder > Bad Boulders > Jay's Mountain > Jay's Creek > Southwest Virginia (Appalachia) > Virginia,https://www.mountainproject.com/route/120022934/bad-fish,4,Boulder,V3,1,13,36.89933,-82.41876
Echoes in Eternity,Elsyium Boulder > The Underworld > Inner Circle > Harkening Hill > Southwest Virginia (Appalachia) > Virginia,https://www.mountainproject.com/route/116352368/echoes-in-eternity,4,Boulder,V2,1,20,37.45538,-79.61943
Mr. Stripey,Long Wall > Hemlock Grove > Bearpen Boulders > ~M.R.N.R.A. > Grayson Highlands State Park > Southwest Virginia (Appalachia) > Virginia,https://www.mountainproject.com/route/120841448/mr-stripey,4,Boulder,V3,1,13,36.62156,-81.5111
Stunt Pumpkin,Chomper Boulder > Briar Patch Boulders > Bearpen Boulders > ~M.R.N.R.A. > Grayson Highlands State Park > Southwest Virginia (Appalachia) > Virginia,https://www.mountainproject.com/route/117120685/stunt-pumpkin,4,Boulder,V1,1,15,36.62156,-81.51111
.The Talisman,Charm Boulder > Casablanca Boulders > Casablanca Area > Mile Two Boulders > (2) Mile Two > Guest River Gorge > Southwest Virginia (Appalachia) > Virginia,https://www.mountainproject.com/route/117895747/the-talisman,4,Boulder,V2,1,16,36.91079,-82.43258
Fantastic Voyage,Pirate Ship > Boulder Garden > Mile Two Boulders > (2) Mile Two > Guest River Gorge > Southwest Virginia (Appalachia) > Virginia,https://www.mountainproject.com/route/117833605/fantastic-voyage,4,Boulder,V2,1,30,36.9003,-82.41946
Chomper,Chomper Boulder > Briar Patch Boulders > Bearpen Boulders > ~M.R.N.R.A. > Grayson Highlands State Park > Southwest Virginia (Appalachia) > Virginia,https://www.mountainproject.com/route/117120630/chomper,4,Boulder,V2,1,13,36.62156,-81.51111
Bury My Bones,Bones Boulder > Moonstone Area > Mile 1 Boulders > (1) Mile One > Guest River Gorge > Southwest Virginia (Appalachia) > Virginia,https://www.mountainproject.com/route/119615118/bury-my-bones,4,Boulder,V2-3,1,10,36.90072,-82.42117
Hell is for Heroes,Erebus Boulder > The Underworld > Inner Circle > Harkening Hill > Southwest Virginia (Appalachia) > Virginia,https://www.mountainproject.com/route/116354411/hell-is-for-heroes,4,Boulder,V3,1,NA,37.45538,-79.61943
The Bear Necessities,Jungle Block > Center Lightside Bouldering > Center Lightside > Lightside > Jay's Creek > Southwest Virginia (Appalachia) > Virginia,https://www.mountainproject.com/route/116139308/the-bear-necessities,4,Boulder,V3-4,1,NA,36.89937,-82.4186
Legend Line,Legend Boulder > Legend Boulders > Scales Area Bouldering > ~M.R.N.R.A. > Grayson Highlands State Park > Southwest Virginia (Appalachia) > Virginia,https://www.mountainproject.com/route/120441055/legend-line,4,Boulder,V2,1,13,36.61219,-81.49117
When In Drought,Drought Boulder > Boulder Garden > Mile Two Boulders > (2) Mile Two > Guest River Gorge > Southwest Virginia (Appalachia) > Virginia,https://www.mountainproject.com/route/117833382/when-in-drought,4,Boulder,V2,1,18,36.9003,-82.41947
Mausoleum,Mausoleum Boulder > Upper Lightside Bouldering > Upper Lightside > Lightside > Jay's Creek > Southwest Virginia (Appalachia) > Virginia,https://www.mountainproject.com/route/115180226/mausoleum,4,Boulder,V1,1,18,36.89939,-82.41867
Stegosaurus,Stegosaurus Boulder > Main Wall (Spooky) > Spooky Rocks > Keelowkee Lake > HKL West > High Knob Landform > Southwest Virginia (Appalachia) > Virginia,https://www.mountainproject.com/route/118722198/stegosaurus,4,Boulder,V1,1,15,36.91842,-82.64318
Top Gun Arete,Top Gun > Top Gun Area > Cliff Mountain Boulders > HKL West > High Knob Landform > Southwest Virginia (Appalachia) > Virginia,https://www.mountainproject.com/route/117728548/top-gun-arete,4,Boulder,V3,1,11,36.78794,-82.7874
Clear & Present Danger,Hemlock Boulder > Hemlock Grove > Bearpen Boulders > ~M.R.N.R.A. > Grayson Highlands State Park > Southwest Virginia (Appalachia) > Virginia,https://www.mountainproject.com/route/120841028/clear-present-danger,4,Boulder,V0-1,1,20,36.62156,-81.51111
Bagheera,Boss Boulder > Lost world > Mill Creek > Blacksburg Vicinity > Southwest Virginia (Appalachia) > Virginia,https://www.mountainproject.com/route/119047068/bagheera,3.5,Boulder,V3,1,NA,37.30308,-80.79896
Cashmere,Session Boulder > Lower Lightside Bouldering > Lower Lightside > Lightside > Jay's Creek > Southwest Virginia (Appalachia) > Virginia,https://www.mountainproject.com/route/116643722/cashmere,4,Boulder,V1-2,1,11,36.89937,-82.4186
Sabotage Crack,Shotgun Boulder > Upper Lightside Bouldering > Upper Lightside > Lightside > Jay's Creek > Southwest Virginia (Appalachia) > Virginia,https://www.mountainproject.com/route/120537202/sabotage-crack,4,Boulder,V3,1,20,36.89939,-82.41864
Falling Water,Falling Water Slab > Flowstones > Bearpen Boulders > ~M.R.N.R.A. > Grayson Highlands State Park > Southwest Virginia (Appalachia) > Virginia,https://www.mountainproject.com/route/120980327/falling-water,4,Boulder,V0-1,1,12,36.62156,-81.51111
Remain Calm,Police Boulder > Around The Bend (Jasper) > Spooky Rocks > Keelowkee Lake > HKL West > High Knob Landform > Southwest Virginia (Appalachia) > Virginia,https://www.mountainproject.com/route/118752795/remain-calm,4,Boulder,V1,1,35,36.91842,-82.64317
Jack Be Nimble,Chestnut Boulder > Stock Blocks > Keelowkee Lake > HKL West > High Knob Landform > Southwest Virginia (Appalachia) > Virginia,https://www.mountainproject.com/route/119775649/jack-be-nimble,4,Boulder,V1,1,18,36.85592,-82.86416
Macadamia,Chestnut Boulder > Stock Blocks > Keelowkee Lake > HKL West > High Knob Landform > Southwest Virginia (Appalachia) > Virginia,https://www.mountainproject.com/route/119775311/macadamia,4,Boulder,V3,1,12,36.85592,-82.86416
Blaster Zone,Steel Boulder > Right Blasters > Blaster Blocks > Keelowkee Lake > HKL West > High Knob Landform > Southwest Virginia (Appalachia) > Virginia,https://www.mountainproject.com/route/120536544/blaster-zone,4,Boulder,V3,1,12,36.91727,-82.64656
Chooby Slab,Chooby Boulder > Main Wall (Spooky) > Spooky Rocks > Keelowkee Lake > HKL West > High Knob Landform > Southwest Virginia (Appalachia) > Virginia,https://www.mountainproject.com/route/118723185/chooby-slab,4,Boulder,V0 PG13,1,17,36.91842,-82.64318
Star Fox,Infinity Boulder > Lower Lightside Bouldering > Lower Lightside > Lightside > Jay's Creek > Southwest Virginia (Appalachia) > Virginia,https://www.mountainproject.com/route/122082947/star-fox,4,Boulder,V3,1,18,36.89937,-82.4186
Dumbo,Dumbo Boulder > Center Darkside > Darkside > Jay's Creek > Southwest Virginia (Appalachia) > Virginia,https://www.mountainproject.com/route/120285065/dumbo,4,Boulder,V3,1,12,36.90666,-82.31441
Jasper Plates,Jasper Boulder > Around The Bend (Jasper) > Spooky Rocks > Keelowkee Lake > HKL West > High Knob Landform > Southwest Virginia (Appalachia) > Virginia,https://www.mountainproject.com/route/118752711/jasper-plates,4,Boulder,V2,1,13,36.91842,-82.64317
.The Standard,Standard Boulder > Sharp Block (Standards) > Spooky Rocks > Keelowkee Lake > HKL West > High Knob Landform > Southwest Virginia (Appalachia) > Virginia,https://www.mountainproject.com/route/118806115/the-standard,4,Boulder,V2,1,13,36.91842,-82.64316
Aquaphor,Nnelg Boulder > Nnelg > Mill Creek > Blacksburg Vicinity > Southwest Virginia (Appalachia) > Virginia,https://www.mountainproject.com/route/118989121/aquaphor,3,Boulder,V2,1,NA,37.31013,-80.79722
Ironside,Ironside Boulder > Main Wall (Spooky) > Spooky Rocks > Keelowkee Lake > HKL West > High Knob Landform > Southwest Virginia (Appalachia) > Virginia,https://www.mountainproject.com/route/118723265/ironside,4,Boulder,V0,1,11,36.91842,-82.64318
Skillet,Skillet Boulder > Around The Bend (Jasper) > Spooky Rocks > Keelowkee Lake > HKL West > High Knob Landform > Southwest Virginia (Appalachia) > Virginia,https://www.mountainproject.com/route/118752142/skillet,4,Boulder,V0,1,12,36.91842,-82.64317
Good Company,Company Boulder > Around The Bend (Jasper) > Spooky Rocks > Keelowkee Lake > HKL West > High Knob Landform > Southwest Virginia (Appalachia) > Virginia,https://www.mountainproject.com/route/118770090/good-company,4,Boulder,V1,1,13,36.91842,-82.64316
Runestone,Viking Boulder > Main Wall (Spooky) > Spooky Rocks > Keelowkee Lake > HKL West > High Knob Landform > Southwest Virginia (Appalachia) > Virginia,https://www.mountainproject.com/route/118770137/runestone,4,Boulder,V2,1,16,36.91842,-82.64315
Borrowed Time,Vanishing Boulder > Main Wall (Spooky) > Spooky Rocks > Keelowkee Lake > HKL West > High Knob Landform > Southwest Virginia (Appalachia) > Virginia,https://www.mountainproject.com/route/118732125/borrowed-time,4,Boulder,V1 R,1,30,36.91842,-82.64318
Self Esteem,Esteem Boulder > Main Wall (Spooky) > Spooky Rocks > Keelowkee Lake > HKL West > High Knob Landform > Southwest Virginia (Appalachia) > Virginia,https://www.mountainproject.com/route/118770179/self-esteem,4,Boulder,V2,1,12,36.91842,-82.64318
Highest Esteem,Esteem Boulder > Main Wall (Spooky) > Spooky Rocks > Keelowkee Lake > HKL West > High Knob Landform > Southwest Virginia (Appalachia) > Virginia,https://www.mountainproject.com/route/118770194/highest-esteem,4,Boulder,V3,1,12,36.91842,-82.64318
Powell River Prow,Callahan Boulder > Powell River Trail > Appalachia > Southwest Virginia (Appalachia) > Virginia,https://www.mountainproject.com/route/114026633/powell-river-prow,4,Boulder,V3,1,15,36.90306,-82.78159
Young & The Restless,List Boulder > Main Wall (Spooky) > Spooky Rocks > Keelowkee Lake > HKL West > High Knob Landform > Southwest Virginia (Appalachia) > Virginia,https://www.mountainproject.com/route/118723149/young-the-restless,4,Boulder,V1-2,1,13,36.91842,-82.64318
Days of Our Lives,List Boulder > Main Wall (Spooky) > Spooky Rocks > Keelowkee Lake > HKL West > High Knob Landform > Southwest Virginia (Appalachia) > Virginia,https://www.mountainproject.com/route/118723142/days-of-our-lives,4,Boulder,V2,1,15,36.91842,-82.64318
Mission Trip,Missionary Boulder > Right Blasters > Blaster Blocks > Keelowkee Lake > HKL West > High Knob Landform > Southwest Virginia (Appalachia) > Virginia,https://www.mountainproject.com/route/120537024/mission-trip,4,Boulder,V3,1,15,36.91727,-82.64656
Pioneer,Pioneer Wall > Philly Blocks > Keelowkee Lake > HKL West > High Knob Landform > Southwest Virginia (Appalachia) > Virginia,https://www.mountainproject.com/route/120376522/pioneer,4,Boulder,V3,1,13,36.85826,-82.90422
Orphism,Gallery Boulder > Center Lightside Bouldering > Center Lightside > Lightside > Jay's Creek > Southwest Virginia (Appalachia) > Virginia,https://www.mountainproject.com/route/114144579/orphism,4,Boulder,V3,1,15,36.89937,-82.4186
Folsom Prison,Big Rig Boulder > Wild Wood > Haw Orchard > Grayson Highlands State Park > Southwest Virginia (Appalachia) > Virginia,https://www.mountainproject.com/route/108080013/folsom-prison,4,Boulder,V3 PG13,1,20,36.6185,-81.48122
Southern Fist,Samurai Boulder > Samurai Area > Mile Two Boulders > (2) Mile Two > Guest River Gorge > Southwest Virginia (Appalachia) > Virginia,https://www.mountainproject.com/route/112284252/southern-fist,4,Boulder,V3 PG13,1,25,36.90032,-82.41947
Trashstar Crazy,D99999 > Thoroughfare Gap Boulders > DC & Northern VA Region > Virginia,https://www.mountainproject.com/route/122585269/trashstar-crazy,4,Boulder,V2 PG13,1,13,38.82315,-77.71065
Big Boy,Big Boulder > Rapids Boulders > Mile Two Boulders > (2) Mile Two > Guest River Gorge > Southwest Virginia (Appalachia) > Virginia,https://www.mountainproject.com/route/112304302/big-boy,4,Boulder,V1,1,18,36.90032,-82.41947
Mr. Fantastic,Hero Wall > (2) Drop Area (Horseshoe Area) > Atkins Bouldering > Southwest Virginia (Appalachia) > Virginia,https://www.mountainproject.com/route/106980153/mr-fantastic,4,Boulder,V3,1,NA,36.911,-81.45
Saffron,Spice Boulder > Mile 3 Boulders > (3) Mile Three > Guest River Gorge > Southwest Virginia (Appalachia) > Virginia,https://www.mountainproject.com/route/112265852/saffron,4,Boulder,V2,1,20,36.9069,-82.41964
Lonesome Dove,Lonesome Boulder > Labyrinth > HKL East > High Knob Landform > Southwest Virginia (Appalachia) > Virginia,https://www.mountainproject.com/route/112145158/lonesome-dove,3,Boulder,V0+ X,1,35,36.90957,-82.63003
Sarene Arete,Humble Pie Boulder > Fantasia Boulders > Casablanca Area > Mile Two Boulders > (2) Mile Two > Guest River Gorge > Southwest Virginia (Appalachia) > Virginia,https://www.mountainproject.com/route/109926049/sarene-arete,4,Boulder,V2,1,12,36.37206,-81.88869
Little Bird,Blackbird Boulder > Stock Blocks > Keelowkee Lake > HKL West > High Knob Landform > Southwest Virginia (Appalachia) > Virginia,https://www.mountainproject.com/route/122971699/little-bird,4,Boulder,V2,1,15,36.85592,-82.86416
Champagne Reality,Champagne Boulder > Samurai Area > Mile Two Boulders > (2) Mile Two > Guest River Gorge > Southwest Virginia (Appalachia) > Virginia,https://www.mountainproject.com/route/109909992/champagne-reality,4,Boulder,V3-4,1,13,36.90032,-82.41947
Way of the Samurai,Samurai Boulder > Samurai Area > Mile Two Boulders > (2) Mile Two > Guest River Gorge > Southwest Virginia (Appalachia) > Virginia,https://www.mountainproject.com/route/108748136/way-of-the-samurai,4,Boulder,V2,1,25,36.90032,-82.41947
Pappaw's Bones,Origins Boulder > Labyrinth > HKL East > High Knob Landform > Southwest Virginia (Appalachia) > Virginia,https://www.mountainproject.com/route/108730208/pappaws-bones,4,Boulder,V2-3,1,20,36.90524,-82.63237
Cotton Patch Gospel (direct),Gospel Boulder > Labyrinth > HKL East > High Knob Landform > Southwest Virginia (Appalachia) > Virginia,https://www.mountainproject.com/route/109359308/cotton-patch-gospel-direct,4,Boulder,V3-4,1,14,36.90957,-82.63089
Lindley's Line,Center Highball Wall > Spring Ridge Highball Wall > Spring Ridge > Upchurch Area > Picnic Area > Grayson Highlands State Park > Southwest Virginia (Appalachia) > Virginia,https://www.mountainproject.com/route/109077225/lindleys-line,4,Boulder,V3,1,25,36.61486,-81.49149
Strawberrita Dreams,Champagne Boulder > Samurai Area > Mile Two Boulders > (2) Mile Two > Guest River Gorge > Southwest Virginia (Appalachia) > Virginia,https://www.mountainproject.com/route/109909979/strawberrita-dreams,4,Boulder,V2-3,1,10,36.90032,-82.41947
Black-Toed Betty,Betty Boulder > Labyrinth > HKL East > High Knob Landform > Southwest Virginia (Appalachia) > Virginia,https://www.mountainproject.com/route/108332927/black-toed-betty,4,Boulder,V3-4,1,11,36.9097,-82.6302
Farris Funeral Service,Funeral Boulder > Funeral Area > Mile 1 Boulders > (1) Mile One > Guest River Gorge > Southwest Virginia (Appalachia) > Virginia,https://www.mountainproject.com/route/108650663/farris-funeral-service,4,Boulder,V2,1,20,36.90073,-82.42119
The Grinch,Dr. Seuss Boulder > Osborne West > Osborne Rock/Ridge > HKL East > High Knob Landform > Southwest Virginia (Appalachia) > Virginia,https://www.mountainproject.com/route/108520499/the-grinch,4,Boulder,V2,1,18,36.91954,-82.62855
Grave Digger,Monster Truck Boulder > Lowgarden > Garden Boulders > Boneyard Area > Grayson Highlands State Park > Southwest Virginia (Appalachia) > Virginia,https://www.mountainproject.com/route/109458693/grave-digger,4,"Boulder, Alpine",V2-3,1,18,36.61272,-81.49442
Whodunit Crack,Mystery Boulder > Back of Beyond > Haw Orchard > Grayson Highlands State Park > Southwest Virginia (Appalachia) > Virginia,https://www.mountainproject.com/route/109509629/whodunit-crack,4,Boulder,V1-2,1,10,36.6235,-81.47622
Sling Blade,Overlook > AVO > Blue Ridge Parkway > Charlottesville vicinity > Central & Southern VA Region > Virginia,https://www.mountainproject.com/route/107444797/sling-blade,4,Boulder,V3,1,16,37.86878,-79.05932
Shawshank Redemption,Shawshank Boulder > Labyrinth > HKL East > High Knob Landform > Southwest Virginia (Appalachia) > Virginia,https://www.mountainproject.com/route/108728085/shawshank-redemption,4,Boulder,V3-4,1,20,36.9097,-82.6302
Hang Ten,Bombora Boulder > Back of Beyond > Haw Orchard > Grayson Highlands State Park > Southwest Virginia (Appalachia) > Virginia,https://www.mountainproject.com/route/108390265/hang-ten,3.5,Boulder,V1,1,12,36.6235,-81.47622
The Lorax,Dr. Seuss Boulder > Osborne West > Osborne Rock/Ridge > HKL East > High Knob Landform > Southwest Virginia (Appalachia) > Virginia,https://www.mountainproject.com/route/108520436/the-lorax,4,Boulder,V2,1,18,36.91954,-82.62855
Singularity Highball,Singularity Boulder > Labyrinth > HKL East > High Knob Landform > Southwest Virginia (Appalachia) > Virginia,https://www.mountainproject.com/route/108348602/singularity-highball,4,Boulder,V2-3,1,25,36.9097,-82.6302
Dial Zero,Warm Up Boulder > (1) Roadside Boulders > Atkins Bouldering > Southwest Virginia (Appalachia) > Virginia,https://www.mountainproject.com/route/106492179/dial-zero,4,Boulder,V1,1,9,36.91059,-81.44413
Coho,Salmon roof > Main Boulder Area > Main Boulderfield Area > Bluefield Boulders > Southwest Virginia (Appalachia) > Virginia,https://www.mountainproject.com/route/106586546/coho,4,Boulder,V3,1,15,36.65847,-81.53778
Around The Bend,22 Minutes Boulder > Upper White Oak Falls > Shenandoah National Park > Shenandoah & NW VA Region > Virginia,https://www.mountainproject.com/route/123416048/around-the-bend,4,Boulder,V0-1,1,12,38.57027,-78.36808
Cat Head,Twisted Biscuit > Origin Area > - Private Property- Old House Boulders > Bluefield Boulders > Southwest Virginia (Appalachia) > Virginia,https://www.mountainproject.com/route/123448921/cat-head,4,Boulder,V1,1,15,36.65846,-81.53778
Big Mack,Big-Mac Boulder > Medusa Area > - Private Property- Old House Boulders > Bluefield Boulders > Southwest Virginia (Appalachia) > Virginia,https://www.mountainproject.com/route/123449050/big-mack,4,Boulder,V1,1,30,36.65846,-81.53778
Seams Right,Medusa Boulder > Medusa Area > - Private Property- Old House Boulders > Bluefield Boulders > Southwest Virginia (Appalachia) > Virginia,https://www.mountainproject.com/route/123449150/seams-right,4,Boulder,V2-3,1,13,36.65846,-81.53778
Not These Shoes,22 Minutes Boulder > Upper White Oak Falls > Shenandoah National Park > Shenandoah & NW VA Region > Virginia,https://www.mountainproject.com/route/123415996/not-these-shoes,4,Boulder,V2-3,-11,13,38.57027,-78.36808
Big 20 Arete,Big 20 Boulder > Stock Blocks > Keelowkee Lake > HKL West > High Knob Landform > Southwest Virginia (Appalachia) > Virginia,https://www.mountainproject.com/route/123445580/big-20-arete,4,Boulder,V3,1,15,36.85592,-82.86416
Huddle House,Big 20 Boulder > Stock Blocks > Keelowkee Lake > HKL West > High Knob Landform > Southwest Virginia (Appalachia) > Virginia,https://www.mountainproject.com/route/123445610/huddle-house,4,Boulder,V3,1,13,36.85592,-82.86416
Robot Love,Cupola Boulder > Middle Boneyard > Boneyard Area > Grayson Highlands State Park > Southwest Virginia (Appalachia) > Virginia,https://www.mountainproject.com/route/106655536/robot-love,2.9,Boulder,V1-,1,8,36.61184,-81.50138
Gingivitis,The Molar > The Buttermilks > Richmond Vicinity > Central & Southern VA Region > Virginia,https://www.mountainproject.com/route/116194916/gingivitis,3.4,Boulder,V3,1,NA,37.52837,-77.48373
Party Trick,Alum Springs > DC & Northern VA Region > Virginia,https://www.mountainproject.com/route/118861154/party-trick,3.4,Boulder,V2,1,10,38.288,-77.4835
Honeycomb,Hive Boulder > 1. Overlook Area > Listening Rock Trail > Grayson Highlands State Park > Southwest Virginia (Appalachia) > Virginia,https://www.mountainproject.com/route/107333043/honeycomb,2.7,Boulder,V0,1,16,36.62238,-81.50243
Around the Prow,Springfield Bouldering (Hooes Rd) > DC & Northern VA Region > Virginia,https://www.mountainproject.com/route/113131250/around-the-prow,2.7,Boulder,V2,1,10,38.7615,-77.2077
Foggy Mountain Fin,Foggy Mountain Fin > 1. Overlook Area > Listening Rock Trail > Grayson Highlands State Park > Southwest Virginia (Appalachia) > Virginia,https://www.mountainproject.com/route/107315774/foggy-mountain-fin,3.1,Boulder,V1,1,NA,36.62279,-81.50167
Firedrake,Left Dragon > Dragon Boulders > McAfee's Knob > Southwest Virginia (Appalachia) > Virginia,https://www.mountainproject.com/route/107369038/firedrake,3,Boulder,V3,1,NA,37.37974,-80.09339
Cap-Gun,Cap-Gun Boulder > Left Boneyard > Boneyard Area > Grayson Highlands State Park > Southwest Virginia (Appalachia) > Virginia,https://www.mountainproject.com/route/106655432/cap-gun,2.7,Boulder,V2,1,7,36.61272,-81.49442
Ranger Rim,Ranger Rick Boulder > Contact Station Boulders > Contact Station Area > Grayson Highlands State Park > Southwest Virginia (Appalachia) > Virginia,https://www.mountainproject.com/route/106907144/ranger-rim,2.5,Boulder,V1-,1,15,36.61245,-81.48093
The Lost Freckle,Led Zeppelin Boulders > DC & Northern VA Region > Virginia,https://www.mountainproject.com/route/121217310/the-lost-freckle,3.2,Boulder,V3,1,10,38.90998,-77.09965
Whale Crack,The Whale Boulder > The Buttermilks > Richmond Vicinity > Central & Southern VA Region > Virginia,https://www.mountainproject.com/route/109850350/whale-crack,2.7,Boulder,V3,1,20,37.52574,-77.4784
Sundance Kid,Outlaw Boulder > Outlaw Area > Picnic Area > Grayson Highlands State Park > Southwest Virginia (Appalachia) > Virginia,https://www.mountainproject.com/route/107707889/sundance-kid,3.7,Boulder,V3,1,13,36.62702,-81.47885
Slabacious,Highland Highball > Horizon Area > Highlands > Grayson Highlands State Park > Southwest Virginia (Appalachia) > Virginia,https://www.mountainproject.com/route/106936701/slabacious,2.5,Boulder,V0,1,NA,36.6409,-81.5056
Roadside Arete,Roadside > McAfee's Knob > Southwest Virginia (Appalachia) > Virginia,https://www.mountainproject.com/route/106558703/roadside-arete,2.1,Boulder,V2,1,NA,37.3804,-80.0899
True Strength,Bankai Boulder > Devil's Marbleyard > Southwest Virginia (Appalachia) > Virginia,https://www.mountainproject.com/route/118135372/true-strength,3.7,Boulder,V3-4,1,15,37.5811,-79.47254
Crooked Road,Crooked Road Boulder > Boneyard Area > Grayson Highlands State Park > Southwest Virginia (Appalachia) > Virginia,https://www.mountainproject.com/route/107198503/crooked-road,3.7,Boulder,V3,1,18,36.6122,-81.4912
Flake Dyno SDS,Mickey Mouse Boulders > McAfee's Knob > Southwest Virginia (Appalachia) > Virginia,https://www.mountainproject.com/route/108112163/flake-dyno-sds,3.2,Boulder,V3,1,12,37.38522,-80.07813
Russel's Teapot,Olympus Boulder > Picnic Area Boulders > Picnic Area > Grayson Highlands State Park > Southwest Virginia (Appalachia) > Virginia,https://www.mountainproject.com/route/107127016/russels-teapot,2.5,Boulder,V3,1,15,36.62727,-81.48103
Warm Up Roof Right,Warm-Up Boulder > The Belly Boulder Area > McAfee's Knob > Southwest Virginia (Appalachia) > Virginia,https://www.mountainproject.com/route/107084688/warm-up-roof-right,3.1,Boulder,V3,1,20,37.39252,-80.03966
Warm Up Roof Left,Warm-Up Boulder > The Belly Boulder Area > McAfee's Knob > Southwest Virginia (Appalachia) > Virginia,https://www.mountainproject.com/route/107084683/warm-up-roof-left,3,Boulder,V2,1,20,37.39252,-80.03966
Rift,Lava Boulder > Sunset Area > Highlands > Grayson Highlands State Park > Southwest Virginia (Appalachia) > Virginia,https://www.mountainproject.com/route/107633928/rift,3.5,Boulder,V0-1,1,18,36.6333,-81.5089
The Perfect Zero,Figurehead Wall > Forest Hill Park > Richmond Vicinity > Central & Southern VA Region > Virginia,https://www.mountainproject.com/route/117966311/the-perfect-zero,3.5,Boulder,V0,1,12,37.51783,-77.47332
Mantlepiece,Rawley Springs > Shenandoah & NW VA Region > Virginia,https://www.mountainproject.com/route/117983179/mantlepiece,3.1,Boulder,V3- R,1,23,38.50899,-79.0626
Ship's Prow,Mayflower Boulder > Finite Element Area > McAfee's Knob > Southwest Virginia (Appalachia) > Virginia,https://www.mountainproject.com/route/107087662/ships-prow,3.2,Boulder,V3,1,9,37.39208,-80.0363
Ascend to Enlightenment,The Hidden Temple > The Buttermilks > Richmond Vicinity > Central & Southern VA Region > Virginia,https://www.mountainproject.com/route/112505681/ascend-to-enlightenment,2.7,Boulder,V1-2 PG13,1,NA,37.52504,-77.47621
Mickey Face Left,Mickey Mouse Boulders > McAfee's Knob > Southwest Virginia (Appalachia) > Virginia,https://www.mountainproject.com/route/107084260/mickey-face-left,2.4,Boulder,V3,1,8,37.38522,-80.07813
"Fiesta, Forever",Fiesta Boulder > Blue Ridge Parkway > Charlottesville vicinity > Central & Southern VA Region > Virginia,https://www.mountainproject.com/route/121846247/fiesta-forever,3.4,Boulder,V3,1,NA,37.94868,-78.9134
Jawing of Keel-Hauling,Fence Boulder > The Buttermilks > Richmond Vicinity > Central & Southern VA Region > Virginia,https://www.mountainproject.com/route/122325014/jawing-of-keel-hauling,2.8,Boulder,V3,1,10,37.52714,-77.48131
Space Cake,The Juicebox Boulder > The Buttermilks > Richmond Vicinity > Central & Southern VA Region > Virginia,https://www.mountainproject.com/route/121975719/space-cake,3,Boulder,V3+ PG13,1,15,37.52969,-77.48441
Big Gulp?,Second Mountain > Shenandoah & NW VA Region > Virginia,https://www.mountainproject.com/route/113210410/big-gulp,3.2,Boulder,V3,1,15,38.51696,-79.03842
Pistachio,Linden Boulder > Shenandoah & NW VA Region > Virginia,https://www.mountainproject.com/route/116774155/pistachio,2.8,Boulder,V2-3,1,13,38.90386,-78.0596
Welcome Home,Luminary Boulder > Luminary Area > Haw Orchard > Grayson Highlands State Park > Southwest Virginia (Appalachia) > Virginia,https://www.mountainproject.com/route/107062632/welcome-home,3.3,Boulder,V1,1,25,36.6185,-81.48122
Momentary Bliss,Highball Boulders > McAfee's Knob > Southwest Virginia (Appalachia) > Virginia,https://www.mountainproject.com/route/118167893/momentary-bliss,2.3,Boulder,V-easy,1,18,37.38747,-80.07134
This World,Lower Hawksbill Boulder > Central District > Shenandoah National Park > Shenandoah & NW VA Region > Virginia,https://www.mountainproject.com/route/117526947/this-world,3.5,Boulder,V3,1,15,38.557,-78.38412
Facile Ascensus,The Wedge Boulder > The Beach > Mill Creek > Blacksburg Vicinity > Southwest Virginia (Appalachia) > Virginia,https://www.mountainproject.com/route/121521739/facile-ascensus,3,Boulder,V3,1,12,37.31351,-80.79541
Sir Didymus,Lab Slab Boulder > Labyrinth > HKL East > High Knob Landform > Southwest Virginia (Appalachia) > Virginia,https://www.mountainproject.com/route/121072955/sir-didymus,3.5,Boulder,V2 R,1,25,36.91245,-82.63035
Noble Arete,Esquire Boulder > Left Blasters > Blaster Blocks > Keelowkee Lake > HKL West > High Knob Landform > Southwest Virginia (Appalachia) > Virginia,https://www.mountainproject.com/route/121247194/noble-arete,3.5,Boulder,V3,1,10,36.91727,-82.64656
Goro,Genesis Boulder > Genesis > Mill Creek > Blacksburg Vicinity > Southwest Virginia (Appalachia) > Virginia,https://www.mountainproject.com/route/118988381/goro,2.7,Boulder,V2,1,NA,37.3075,-80.79466
Muffin Top,Bacon Boulder > Left Blasters > Blaster Blocks > Keelowkee Lake > HKL West > High Knob Landform > Southwest Virginia (Appalachia) > Virginia,https://www.mountainproject.com/route/120537056/muffin-top,3.5,Boulder,V0-1,1,11,36.91727,-82.64656
Fun in the Sun,Fun Wall > Turkey Area > Cliff Mountain Boulders > HKL West > High Knob Landform > Southwest Virginia (Appalachia) > Virginia,https://www.mountainproject.com/route/117728681/fun-in-the-sun,3.5,Boulder,V2,1,13,36.78811,-82.78695
God's Thumb,God's Thumb > Pavilion Area > Flag Rock Bouldering > Flag Rock > HKL East > High Knob Landform > Southwest Virginia (Appalachia) > Virginia,https://www.mountainproject.com/route/108294378/gods-thumb,3.5,Boulder,V3,1,11,36.9193,-82.6269
Apolune,Space Boulder > 5. Central > Listening Rock Trail > Grayson Highlands State Park > Southwest Virginia (Appalachia) > Virginia,https://www.mountainproject.com/route/107286613/apolune,3.5,Boulder,V3,1,27,36.62279,-81.50167
Johnson's Magic,Magic Boulder > Osborne West > Osborne Rock/Ridge > HKL East > High Knob Landform > Southwest Virginia (Appalachia) > Virginia,https://www.mountainproject.com/route/109227358/johnsons-magic,3.5,Boulder,V3 PG13,1,13,36.91954,-82.62855
Chronicles,Chronicle Boulder > Right Boneyard > Boneyard Area > Grayson Highlands State Park > Southwest Virginia (Appalachia) > Virginia,https://www.mountainproject.com/route/106968353/chronicles,3.5,Boulder,V1,1,8,36.61272,-81.49442
Best Arete,Best Boulder In Charlottesville > Charlottesville vicinity > Central & Southern VA Region > Virginia,https://www.mountainproject.com/route/118117466/best-arete,3.3,Boulder,V2,1,15,38.02979,-78.55793
Gettin the Groove,Second Mountain > Shenandoah & NW VA Region > Virginia,https://www.mountainproject.com/route/111547582/gettin-the-groove,2.8,Boulder,V1,1,16,38.51696,-79.03842
The Disciple,The Hidden Temple > The Buttermilks > Richmond Vicinity > Central & Southern VA Region > Virginia,https://www.mountainproject.com/route/112505651/the-disciple,2.8,Boulder,V1,1,NA,37.52504,-77.47621
Mickey Face Right,Mickey Mouse Boulders > McAfee's Knob > Southwest Virginia (Appalachia) > Virginia,https://www.mountainproject.com/route/107084236/mickey-face-right,2.5,Boulder,V2+,1,8,37.38522,-80.07813
Big Gulp Direct,Second Mountain > Shenandoah & NW VA Region > Virginia,https://www.mountainproject.com/route/116616008/big-gulp-direct,3.5,Boulder,V3-4,1,NA,38.51696,-79.03842
Onix,Fort Windham Rocks > North District > Shenandoah National Park > Shenandoah & NW VA Region > Virginia,https://www.mountainproject.com/route/117103102/onix,2.3,Boulder,V1,1,15,38.82394,-78.17043
Tomahawk,Main area > Mile 47.5 Pull off > Blue Ridge Parkway > Charlottesville vicinity > Central & Southern VA Region > Virginia,https://www.mountainproject.com/route/118197498/tomahawk,3,Boulder,V1,1,15,37.71851,-79.31312
Gas-a-Lean,Ultra Boulder > Gasland > Upper Darkside > Darkside > Jay's Creek > Southwest Virginia (Appalachia) > Virginia,https://www.mountainproject.com/route/113886485/gas-a-lean,3.5,Boulder,V3,1,NA,36.89935,-82.41877
Block Party,Control Boulder > Pyramid Area > Cascades Bouldering > Blacksburg Vicinity > Southwest Virginia (Appalachia) > Virginia,https://www.mountainproject.com/route/107497428/block-party,3.5,Boulder,V1-2,1,11,37.35744,-80.59201
The Highlander,Sunset Boulder > Sunset Area > Highlands > Grayson Highlands State Park > Southwest Virginia (Appalachia) > Virginia,https://www.mountainproject.com/route/107090044/the-highlander,3.3,Boulder,V1+,1,35,36.6431,-81.50239
Picewise,Constant Boulder > Right Boneyard > Boneyard Area > Grayson Highlands State Park > Southwest Virginia (Appalachia) > Virginia,https://www.mountainproject.com/route/106919231/picewise,3.3,Boulder,V2,1,12,36.61272,-81.49442
Pure Gold (Stand),Prospector's Roof > Prospectors Trail > Breaks Bouldering > Breaks Interstate Park > Southwest Virginia (Appalachia) > Virginia,https://www.mountainproject.com/route/114144489/pure-gold-stand,3.2,Boulder,V1,1,NA,37.2902,-82.30813
River City Dreamin',Pony Pasture > Richmond Vicinity > Central & Southern VA Region > Virginia,https://www.mountainproject.com/route/118691336/river-city-dreamin,3,Boulder,V2,1,12,37.55167,-77.52207
Crooked Crack,Pony Pasture > Richmond Vicinity > Central & Southern VA Region > Virginia,https://www.mountainproject.com/route/118204413/crooked-crack,3.1,Boulder,V2,1,12,37.55167,-77.52207
Corona Cramps,Figurehead Wall > Forest Hill Park > Richmond Vicinity > Central & Southern VA Region > Virginia,https://www.mountainproject.com/route/118863151/corona-cramps,3.2,Boulder,V2-3,1,9,37.51783,-77.47332
Supercrack,Trail side bouldering > Blue Ridge Rail Way Trail > Amherst County > Central & Southern VA Region > Virginia,https://www.mountainproject.com/route/120084641/supercrack,3.3,Boulder,V1,1,NA,37.69803,-79.00532
Boyscout TR Wall Highball,Boy Scout Top Rope Wall > Horizon Area > Highlands > Grayson Highlands State Park > Southwest Virginia (Appalachia) > Virginia,https://www.mountainproject.com/route/106820892/boyscout-tr-wall-highball,2.6,Boulder,V1 X,1,30,36.64115,-81.50598
Useful Traverse Index (UTI),Useful Bridge Boulder > The Beach > Mill Creek > Blacksburg Vicinity > Southwest Virginia (Appalachia) > Virginia,https://www.mountainproject.com/route/118987659/useful-traverse-index-uti,3,Boulder,V2,1,30,37.31658,-80.79394
Dragons Den,Lost World Boulder > Right Blasters > Blaster Blocks > Keelowkee Lake > HKL West > High Knob Landform > Southwest Virginia (Appalachia) > Virginia,https://www.mountainproject.com/route/120536698/dragons-den,3.3,Boulder,V3,1,11,36.91775,-82.64658
Facade,Cap-Gun Boulder > Left Boneyard > Boneyard Area > Grayson Highlands State Park > Southwest Virginia (Appalachia) > Virginia,https://www.mountainproject.com/route/106655441/facade,2.8,Boulder,V3,1,8,36.61272,-81.49442
Highball Arete,Highball Boulders > McAfee's Knob > Southwest Virginia (Appalachia) > Virginia,https://www.mountainproject.com/route/107084424/highball-arete,3,Boulder,V0+,1,25,37.38747,-80.07134
Journey To Glory,Title Fight Boulder > Title Fight Area > Cascades Bouldering > Blacksburg Vicinity > Southwest Virginia (Appalachia) > Virginia,https://www.mountainproject.com/route/107542449/journey-to-glory,3.1,Boulder,V3,1,12,37.35999,-80.58823
Bi-Lingual,Bi-Lingual Boulder > 1. Overlook Area > Listening Rock Trail > Grayson Highlands State Park > Southwest Virginia (Appalachia) > Virginia,https://www.mountainproject.com/route/107282475/bi-lingual,2.2,Boulder,V1-2,1,9,36.62279,-81.50167
Lingual Arete,Bi-Lingual Boulder > 1. Overlook Area > Listening Rock Trail > Grayson Highlands State Park > Southwest Virginia (Appalachia) > Virginia,https://www.mountainproject.com/route/107282514/lingual-arete,2.6,Boulder,V3,1,NA,36.62279,-81.50167
Crossroads,Crossroads > Main Area > The Forest > Blue Ridge Parkway > Charlottesville vicinity > Central & Southern VA Region > Virginia,https://www.mountainproject.com/route/118813780/crossroads,2.6,Boulder,V2,1,12,37.89525,-79.04718
Counter Pressure (Proper),Roadside > McAfee's Knob > Southwest Virginia (Appalachia) > Virginia,https://www.mountainproject.com/route/107361614/counter-pressure-proper,2.4,Boulder,V3,1,NA,37.3804,-80.0899
Gluteal Shelf,Vendetta Boulder > The Cove > Richmond Vicinity > Central & Southern VA Region > Virginia,https://www.mountainproject.com/route/116960098/gluteal-shelf,2.8,Boulder,V2,1,19,37.53056,-77.47189
Windy Heights (direct),Horizon Boulder > Horizon Area > Highlands > Grayson Highlands State Park > Southwest Virginia (Appalachia) > Virginia,https://www.mountainproject.com/route/106871002/windy-heights-direct,2.7,Boulder,V1+,1,13,36.6409,-81.50552
East Of Eden,Horizon Boulder > Horizon Area > Highlands > Grayson Highlands State Park > Southwest Virginia (Appalachia) > Virginia,https://www.mountainproject.com/route/106868765/east-of-eden,2.2,Boulder,V1,1,12,36.6409,-81.50552
Flake Problem,Roadside > McAfee's Knob > Southwest Virginia (Appalachia) > Virginia,https://www.mountainproject.com/route/107514242/flake-problem,2,Boulder,V1,1,NA,37.3804,-80.0899
Decreased Sex Drive,Zoloft Boulder > The Corridor & Beyond > McAfee's Knob > Southwest Virginia (Appalachia) > Virginia,https://www.mountainproject.com/route/107087506/decreased-sex-drive,3,Boulder,V1,1,12,37.39319,-80.03909
Athos,Olympus Boulder > Picnic Area Boulders > Picnic Area > Grayson Highlands State Park > Southwest Virginia (Appalachia) > Virginia,https://www.mountainproject.com/route/107147617/athos,3.1,Boulder,V2+,1,20,36.62727,-81.48103
Tiger Vs. Crane (Stand start),Springfield Bouldering (Hooes Rd) > DC & Northern VA Region > Virginia,https://www.mountainproject.com/route/121364783/tiger-vs-crane-stand-start,3,Boulder,V2-3,1,12,38.7615,-77.2077
Season Finale,Episode Boulder > Middle Boneyard > Boneyard Area > Grayson Highlands State Park > Southwest Virginia (Appalachia) > Virginia,https://www.mountainproject.com/route/106709760/season-finale,2.7,Boulder,V3,1,10,36.61271,-81.49507
Chicken of the Cave,Chicken Breast Boulder > The Beach > Mill Creek > Blacksburg Vicinity > Southwest Virginia (Appalachia) > Virginia,https://www.mountainproject.com/route/118987996/chicken-of-the-cave,3,Boulder,V1,1,NA,37.31345,-80.79462
Almost Arête,The Great Wall of Slimea > The Cove > Richmond Vicinity > Central & Southern VA Region > Virginia,https://www.mountainproject.com/route/116966165/almost-arete,3,Boulder,V2,1,15,37.53056,-77.47189
Rite of Passage,Bastion Boulder > Stones > Harkening Hill > Southwest Virginia (Appalachia) > Virginia,https://www.mountainproject.com/route/107422630/rite-of-passage,3,Boulder,V3,1,10,37.4548,-79.61891
Center Crack,Warm-Up Wall > 1. Overlook Area > Listening Rock Trail > Grayson Highlands State Park > Southwest Virginia (Appalachia) > Virginia,https://www.mountainproject.com/route/107303143/center-crack,2,Boulder,V0,1,13,36.6224,-81.50295
Whale Blubber,The Whale Boulder > The Buttermilks > Richmond Vicinity > Central & Southern VA Region > Virginia,https://www.mountainproject.com/route/109850358/whale-blubber,2.3,Boulder,V1,1,10,37.52574,-77.4784
Drone,Hive Boulder > 1. Overlook Area > Listening Rock Trail > Grayson Highlands State Park > Southwest Virginia (Appalachia) > Virginia,https://www.mountainproject.com/route/107303807/drone,2.2,Boulder,V3-4,1,10,36.62238,-81.50243
Big Front Bump,Bears Den Boulders > DC & Northern VA Region > Virginia,https://www.mountainproject.com/route/116514200/big-front-bump,2.9,Boulder,V2-3,1,15,39.11193,-77.85641
Arrow Arete,Arrow Boulder > Arrow Boulder Area > McAfee's Knob > Southwest Virginia (Appalachia) > Virginia,https://www.mountainproject.com/route/107084536/arrow-arete,3,Boulder,V1,1,8,37.3926,-80.04057
Benadryl,Hive Boulder > 1. Overlook Area > Listening Rock Trail > Grayson Highlands State Park > Southwest Virginia (Appalachia) > Virginia,https://www.mountainproject.com/route/107291084/benadryl,2.2,Boulder,V0,1,10,36.62238,-81.50243
Cupon Code,Big Boy > Main Area > The Forest > Blue Ridge Parkway > Charlottesville vicinity > Central & Southern VA Region > Virginia,https://www.mountainproject.com/route/121526521/cupon-code,2.6,Boulder,V3,1,16,37.89461,-79.04896
Gifted Crack,Pony Pasture > Richmond Vicinity > Central & Southern VA Region > Virginia,https://www.mountainproject.com/route/118200558/gifted-crack,2.8,Boulder,V1,1,12,37.55167,-77.52207
SLMR,Squirrels Nest > The Buttermilks > Richmond Vicinity > Central & Southern VA Region > Virginia,https://www.mountainproject.com/route/118714708/slmr,2.7,Boulder,5.9 V0 R,1,25,37.52464,-77.47524
Biker Roof,The Biker Area > The Buttermilks > Richmond Vicinity > Central & Southern VA Region > Virginia,https://www.mountainproject.com/route/118244022/biker-roof,2.8,Boulder,V1 PG13,1,20,37.52666,-77.48041
Fish Fillet,Approach Boulders > Wintergreen > Charlottesville vicinity > Central & Southern VA Region > Virginia,https://www.mountainproject.com/route/118135195/fish-fillet,3,Boulder,V3,1,15,37.90645,-78.93721
Colony,Hive Boulder > 1. Overlook Area > Listening Rock Trail > Grayson Highlands State Park > Southwest Virginia (Appalachia) > Virginia,https://www.mountainproject.com/route/109600239/colony,2.2,Boulder,V2,1,NA,36.62238,-81.50243
Head Full of Doubt,Highland Highball > Horizon Area > Highlands > Grayson Highlands State Park > Southwest Virginia (Appalachia) > Virginia,https://www.mountainproject.com/route/106936726/head-full-of-doubt,2.8,Boulder,V2 PG13,1,NA,36.6409,-81.5056
Dances With Wolves,Luminary Boulder > Luminary Area > Haw Orchard > Grayson Highlands State Park > Southwest Virginia (Appalachia) > Virginia,https://www.mountainproject.com/route/107062638/dances-with-wolves,3,Boulder,V1+,1,30,36.6185,-81.48122
Le Tigre,Zoolander Boulder > Samurai Area > Mile Two Boulders > (2) Mile Two > Guest River Gorge > Southwest Virginia (Appalachia) > Virginia,https://www.mountainproject.com/route/109895278/le-tigre,3,Boulder,V2-3,1,10,36.90032,-82.41947
Luminary,Luminary Boulder > Luminary Area > Haw Orchard > Grayson Highlands State Park > Southwest Virginia (Appalachia) > Virginia,https://www.mountainproject.com/route/107062644/luminary,3,Boulder,V2,1,NA,36.6185,-81.48122
Follow The Rain,Cloud Boulder > Ginseng > Moonlight > Listening Rock Trail > Grayson Highlands State Park > Southwest Virginia (Appalachia) > Virginia,https://www.mountainproject.com/route/107469286/follow-the-rain,3,Boulder,V1,1,14,36.6122,-81.4912
Narcolepsy Crack,Crooked Road Boulder > Boneyard Area > Grayson Highlands State Park > Southwest Virginia (Appalachia) > Virginia,https://www.mountainproject.com/route/107198434/narcolepsy-crack,3,Boulder,V2-3,1,13,36.6122,-81.4912
Life Is A House,Crooked Road Boulder > Boneyard Area > Grayson Highlands State Park > Southwest Virginia (Appalachia) > Virginia,https://www.mountainproject.com/route/107193105/life-is-a-house,3,Boulder,V2,1,15,36.6122,-81.4912
Mr. Casual,Mr. Casual Boulder > 3. Autumn Area > Listening Rock Trail > Grayson Highlands State Park > Southwest Virginia (Appalachia) > Virginia,https://www.mountainproject.com/route/107349169/mr-casual,3,Boulder,V0,1,15,36.62279,-81.50167
Shiva,Hindu Boulder > Stones > Harkening Hill > Southwest Virginia (Appalachia) > Virginia,https://www.mountainproject.com/route/107423082/shiva,3,Boulder,V2,1,12,37.45714,-79.61793
Relish Arete,Picnic Boulder > Picnic Boulder & Block > Picnic Area Boulders > Picnic Area > Grayson Highlands State Park > Southwest Virginia (Appalachia) > Virginia,https://www.mountainproject.com/route/107145720/relish-arete,2.3,Boulder,V2,1,12,36.62523,-81.48157
Green Tea,Picnic Boulder > Picnic Boulder & Block > Picnic Area Boulders > Picnic Area > Grayson Highlands State Park > Southwest Virginia (Appalachia) > Virginia,https://www.mountainproject.com/route/107145759/green-tea,2.3,Boulder,V3,1,6,36.62523,-81.48157
Secret Agent,Clandestine Block > Cascadia Area > Cascades Bouldering > Blacksburg Vicinity > Southwest Virginia (Appalachia) > Virginia,https://www.mountainproject.com/route/107531125/secret-agent,2.8,Boulder,V3,1,10,37.35369,-80.59625
Misty Mountain Hop,Led Zeppelin Boulders > DC & Northern VA Region > Virginia,https://www.mountainproject.com/route/120439440/misty-mountain-hop,2.8,Boulder,V2,1,8,38.90998,-77.09965
Refridgenator,Pony Pasture > Richmond Vicinity > Central & Southern VA Region > Virginia,https://www.mountainproject.com/route/118705255/refridgenator,3,Boulder,V3- PG13,1,13,37.55167,-77.52207
Banjo,Bears Den Boulders > DC & Northern VA Region > Virginia,https://www.mountainproject.com/route/118705437/banjo,3,Boulder,V3 R,1,10,39.11193,-77.85641
Figurehead Traverse,Figurehead Wall > Forest Hill Park > Richmond Vicinity > Central & Southern VA Region > Virginia,https://www.mountainproject.com/route/120615034/figurehead-traverse,3,Boulder,V3,1,24,37.51783,-77.47332
Mickey Face Direct,Mickey Mouse Boulders > McAfee's Knob > Southwest Virginia (Appalachia) > Virginia,https://www.mountainproject.com/route/120367391/mickey-face-direct,2.9,Boulder,V3,1,10,37.38522,-80.07813
A.C.A.B.,Trail side bouldering > Blue Ridge Rail Way Trail > Amherst County > Central & Southern VA Region > Virginia,https://www.mountainproject.com/route/120084637/acab,3,Boulder,V2-3,1,NA,37.69803,-79.00532
Unnamed classic?,Trail side bouldering > Blue Ridge Rail Way Trail > Amherst County > Central & Southern VA Region > Virginia,https://www.mountainproject.com/route/121861721/unnamed-classic,3.3,Boulder,V3,1,NA,37.69803,-79.00532
Eviction is Violence,Trail side bouldering > Blue Ridge Rail Way Trail > Amherst County > Central & Southern VA Region > Virginia,https://www.mountainproject.com/route/120084633/eviction-is-violence,3.3,Boulder,V2-3,1,NA,37.69803,-79.00532
Quinceañera,Fiesta Boulder > Blue Ridge Parkway > Charlottesville vicinity > Central & Southern VA Region > Virginia,https://www.mountainproject.com/route/121846264/quinceanera,2.7,Boulder,V3,1,NA,37.94868,-78.9134
Arrowhead Arête,Rock House Boulder > Picnic Area Boulders > Picnic Area > Grayson Highlands State Park > Southwest Virginia (Appalachia) > Virginia,https://www.mountainproject.com/route/107157443/arrowhead-arete,2.2,Boulder,V2,1,10,36.62523,-81.48157
Carapace Traverse,Snail Boulder > Blue Ridge Parkway > Charlottesville vicinity > Central & Southern VA Region > Virginia,https://www.mountainproject.com/route/121576379/carapace-traverse,2.6,Boulder,V3,1,13,37.98008,-78.90571
Snared,Alone Boulder > Crescent Boulders > Shenandoah & NW VA Region > Virginia,https://www.mountainproject.com/route/119408025/snared,3,Boulder,V2+,1,15,39.13643,-77.84407
Tunnel Bros.,Parking Lot > Mill Creek > Blacksburg Vicinity > Southwest Virginia (Appalachia) > Virginia,https://www.mountainproject.com/route/122252165/tunnel-bros,2,Boulder,V2-,1,6,37.31707,-80.79371
Push to Start,Approach Boulders > Wintergreen > Charlottesville vicinity > Central & Southern VA Region > Virginia,https://www.mountainproject.com/route/118160091/push-to-start,3,Boulder,V2,1,25,37.90645,-78.93721
Shikai,Bankai Boulder > Devil's Marbleyard > Southwest Virginia (Appalachia) > Virginia,https://www.mountainproject.com/route/116782085/shikai,3,Boulder,V3- PG13,1,15,37.5811,-79.47254
Shot Across the Bow,Figurehead Wall > Forest Hill Park > Richmond Vicinity > Central & Southern VA Region > Virginia,https://www.mountainproject.com/route/109860973/shot-across-the-bow,3,Boulder,V3,1,10,37.51783,-77.47332
The Underminer,Incredibles Boulder > Rock Point Overlook > Blue Ridge Parkway > Charlottesville vicinity > Central & Southern VA Region > Virginia,https://www.mountainproject.com/route/120239026/the-underminer,2.5,Boulder,V1,1,6,37.93754,-78.94932
Fluffy,Fluffy Boulder > Little Bishop Boulders > Central District > Shenandoah National Park > Shenandoah & NW VA Region > Virginia,https://www.mountainproject.com/route/115460015/fluffy,3,Boulder,V1 R,1,30,38.58584,-78.36788
Mind Over Mantle,The Titanic Boulder > The Belly Boulder Area > McAfee's Knob > Southwest Virginia (Appalachia) > Virginia,https://www.mountainproject.com/route/118184832/mind-over-mantle,3,Boulder,V3,1,NA,37.3925,-80.03994
Gangrene Arete,Aqua Boulder (Ridgeline) > Ridgeline > The Forest > Blue Ridge Parkway > Charlottesville vicinity > Central & Southern VA Region > Virginia,https://www.mountainproject.com/route/120433822/gangrene-arete,3,Boulder,V3-4,1,12,37.90618,-79.03509
El Borracho,Doah Boulder > Little Bishop Boulders > Central District > Shenandoah National Park > Shenandoah & NW VA Region > Virginia,https://www.mountainproject.com/route/118971195/el-borracho,3,Boulder,V3,1,15,38.58585,-78.36815
Peter Harker,Harkening Cracks > Herald Cracks > Harkening Hill > Southwest Virginia (Appalachia) > Virginia,https://www.mountainproject.com/route/118756959/peter-harker,2.7,Boulder,V2,1,15,37.4555,-79.6196
Anatomy of the Wave,Wave Block > Center Darkside > Darkside > Jay's Creek > Southwest Virginia (Appalachia) > Virginia,https://www.mountainproject.com/route/118637333/anatomy-of-the-wave,3,Boulder,V3,1,11,36.90948,-82.45516
Deep Thought,Magrathea Boulder > Waterfall Area > Mill Creek > Blacksburg Vicinity > Southwest Virginia (Appalachia) > Virginia,https://www.mountainproject.com/route/118988923/deep-thought,3,Boulder,V2,1,NA,37.30277,-80.79409
Fishing for Fishies,Fishbowl > Down the Gully Area > Forge Mountain > Goshen Pass > Charlottesville vicinity > Central & Southern VA Region > Virginia,https://www.mountainproject.com/route/119492733/fishing-for-fishies,3,Boulder,V2,1,20,37.93871,-79.45969
Fault Lines,Clamber Boulder > Upper Deck > Harkening Hill > Southwest Virginia (Appalachia) > Virginia,https://www.mountainproject.com/route/116510611/fault-lines,3,Boulder,V3,1,13,37.45569,-79.62032
Wraith,Rolls Royce Boulder > Lower Lightside Bouldering > Lower Lightside > Lightside > Jay's Creek > Southwest Virginia (Appalachia) > Virginia,https://www.mountainproject.com/route/116669314/wraith,3,Boulder,V3,1,13,36.89937,-82.4186
Dark Tower,Darkside Boulder > Center Darkside > Darkside > Jay's Creek > Southwest Virginia (Appalachia) > Virginia,https://www.mountainproject.com/route/118885064/dark-tower,3,Boulder,V3,1,12,36.90949,-82.45517
Otter Limits,Otter Roof > Otter Boulders > Casablanca Area > Mile Two Boulders > (2) Mile Two > Guest River Gorge > Southwest Virginia (Appalachia) > Virginia,https://www.mountainproject.com/route/117894761/otter-limits,3,Boulder,V3,1,12,36.90447,-82.42728
Orlok,Veiny Boulder > Upper Deck > Harkening Hill > Southwest Virginia (Appalachia) > Virginia,https://www.mountainproject.com/route/116249114/orlok,3,Boulder,V3,1,12,37.45587,-79.61969
Perpetual Arete,Infinity Boulder > Lower Lightside Bouldering > Lower Lightside > Lightside > Jay's Creek > Southwest Virginia (Appalachia) > Virginia,https://www.mountainproject.com/route/118063211/perpetual-arete,3,Boulder,V2-3,1,11,36.89937,-82.4186
Screeboarding,Boss Boulder > Lost world > Mill Creek > Blacksburg Vicinity > Southwest Virginia (Appalachia) > Virginia,https://www.mountainproject.com/route/119046995/screeboarding,3,Boulder,V1,1,NA,37.30308,-80.79896
Smoke Stack,Thunderbolt Boulder > Gasland > Upper Darkside > Darkside > Jay's Creek > Southwest Virginia (Appalachia) > Virginia,https://www.mountainproject.com/route/115572136/smoke-stack,3,Boulder,V3,1,13,36.89955,-82.41887
Hypotenuse,Pythagoras Boulder > Center Darkside > Darkside > Jay's Creek > Southwest Virginia (Appalachia) > Virginia,https://www.mountainproject.com/route/118884752/hypotenuse,3,Boulder,V3,1,20,36.90948,-82.45516
Merlin Arete,Top Gun > Top Gun Area > Cliff Mountain Boulders > HKL West > High Knob Landform > Southwest Virginia (Appalachia) > Virginia,https://www.mountainproject.com/route/117728595/merlin-arete,3,Boulder,V3,1,11,36.78794,-82.7874
Juxtaposition,Gallery Boulder > Center Lightside Bouldering > Center Lightside > Lightside > Jay's Creek > Southwest Virginia (Appalachia) > Virginia,https://www.mountainproject.com/route/115180308/juxtaposition,3,Boulder,V3,1,13,36.89937,-82.4186
Ghost Climb,Thunderbolt Boulder > Gasland > Upper Darkside > Darkside > Jay's Creek > Southwest Virginia (Appalachia) > Virginia,https://www.mountainproject.com/route/115572091/ghost-climb,3,Boulder,V0,1,12,36.89955,-82.41887
Thunder Cloud,Thunderbolt Boulder > Gasland > Upper Darkside > Darkside > Jay's Creek > Southwest Virginia (Appalachia) > Virginia,https://www.mountainproject.com/route/115572128/thunder-cloud,3,Boulder,V1,1,13,36.89955,-82.41887
Dill Pickle,Little Yellow Mtn Summit > Mint Springs Park > Charlottesville vicinity > Central & Southern VA Region > Virginia,https://www.mountainproject.com/route/112128715/dill-pickle,3,Boulder,V2,1,12,38.05671,-78.46161
Myomeres,Shark Fin Boulder > Center Lightside Bouldering > Center Lightside > Lightside > Jay's Creek > Southwest Virginia (Appalachia) > Virginia,https://www.mountainproject.com/route/115180361/myomeres,3,Boulder,V3-4,1,15,36.89937,-82.41859
Pegasus Sit,Pegasus Boulder > Gasland > Upper Darkside > Darkside > Jay's Creek > Southwest Virginia (Appalachia) > Virginia,https://www.mountainproject.com/route/113897214/pegasus-sit,3,Boulder,V2-3,1,15,36.89935,-82.41877
Wood Booger,Origins Boulder > Labyrinth > HKL East > High Knob Landform > Southwest Virginia (Appalachia) > Virginia,https://www.mountainproject.com/route/108333006/wood-booger,3,Boulder,V3,1,10,36.90524,-82.63237
Braveheart,Sunset Boulder > Sunset Area > Highlands > Grayson Highlands State Park > Southwest Virginia (Appalachia) > Virginia,https://www.mountainproject.com/route/107090019/braveheart,3,Boulder,V2,1,30,36.6431,-81.50239
Witches Fingers,Witches Block > Back of Beyond > Haw Orchard > Grayson Highlands State Park > Southwest Virginia (Appalachia) > Virginia,https://www.mountainproject.com/route/109521793/witches-fingers,3,Boulder,V1,1,11,36.6235,-81.47622
Hinterland Express,Hinterland Boulder > Hinterland > Upchurch Area > Picnic Area > Grayson Highlands State Park > Southwest Virginia (Appalachia) > Virginia,https://www.mountainproject.com/route/109092336/hinterland-express,3,Boulder,V2,1,NA,36.6122,-81.4912
Presidents Problem,Cap-Gun Boulder > Left Boneyard > Boneyard Area > Grayson Highlands State Park > Southwest Virginia (Appalachia) > Virginia,https://www.mountainproject.com/route/106734383/presidents-problem,2.5,Boulder,V3,1,9,36.61272,-81.49442
Bicentennial Arete,Bicentennial Boulder > 2. SLS Area > Listening Rock Trail > Grayson Highlands State Park > Southwest Virginia (Appalachia) > Virginia,https://www.mountainproject.com/route/107291098/bicentennial-arete,2.5,Boulder,V0,1,10,36.62224,-81.50252
Minty Fresh,Mint Boulder > Back of Beyond > Haw Orchard > Grayson Highlands State Park > Southwest Virginia (Appalachia) > Virginia,https://www.mountainproject.com/route/108896119/minty-fresh,3,Boulder,V1,1,9,36.6235,-81.47622
Jugs & Pockets,Lava Boulder > Sunset Area > Highlands > Grayson Highlands State Park > Southwest Virginia (Appalachia) > Virginia,https://www.mountainproject.com/route/107633934/jugs-pockets,3,Boulder,V0-1,1,18,36.6333,-81.5089
Go Quietly,Whispering Wall > Stones > Harkening Hill > Southwest Virginia (Appalachia) > Virginia,https://www.mountainproject.com/route/107915358/go-quietly,3,Boulder,V1-2,1,20,37.46555,-79.60949
Shakedown on 9th Street,Right Boulder > Across The Road Boulders > Blue Ridge Parkway > Charlottesville vicinity > Central & Southern VA Region > Virginia,https://www.mountainproject.com/route/107316230/shakedown-on-9th-street,3,Boulder,V3,1,15,37.86878,-79.05932
Wild Wood,Wild Wood Boulder > Wild Wood > Haw Orchard > Grayson Highlands State Park > Southwest Virginia (Appalachia) > Virginia,https://www.mountainproject.com/route/107907322/wild-wood,3,Boulder,V2-3,1,14,36.6185,-81.48122
Calcutta Crack,Equinox Boulder > Luminary Area > Haw Orchard > Grayson Highlands State Park > Southwest Virginia (Appalachia) > Virginia,https://www.mountainproject.com/route/107496449/calcutta-crack,3,Boulder,V1,1,18,36.6185,-81.48122
Pass The Pigs,Pigs Boulder > Hinterland > Upchurch Area > Picnic Area > Grayson Highlands State Park > Southwest Virginia (Appalachia) > Virginia,https://www.mountainproject.com/route/108177686/pass-the-pigs,3,Boulder,V2,1,NA,36.6122,-81.4912
Lava Fun,Lava Boulder > Sunset Area > Highlands > Grayson Highlands State Park > Southwest Virginia (Appalachia) > Virginia,https://www.mountainproject.com/route/107633971/lava-fun,3,Boulder,V0-1,1,11,36.6333,-81.5089
The Flaming Carrot,Hero Wall > (2) Drop Area (Horseshoe Area) > Atkins Bouldering > Southwest Virginia (Appalachia) > Virginia,https://www.mountainproject.com/route/106979688/the-flaming-carrot,3,Boulder,V0,1,NA,36.911,-81.45
Huckleberry Arête,Huckleberry Boulder > Luminary Area > Haw Orchard > Grayson Highlands State Park > Southwest Virginia (Appalachia) > Virginia,https://www.mountainproject.com/route/107505901/huckleberry-arete,3,Boulder,V1,1,17,36.6185,-81.48122
Delorean Doors,Huckleberry Boulder > Luminary Area > Haw Orchard > Grayson Highlands State Park > Southwest Virginia (Appalachia) > Virginia,https://www.mountainproject.com/route/107505896/delorean-doors,3,Boulder,V3,1,15,36.6185,-81.48122
Blood Line,Fluids Boulder > Picnic Area Boulders > Picnic Area > Grayson Highlands State Park > Southwest Virginia (Appalachia) > Virginia,https://www.mountainproject.com/route/107252894/blood-line,3,Boulder,V2,1,13,36.62523,-81.48157
Joaquin Phoenix,Buzzard Rocks > Elizabeth Furnace > Shenandoah & NW VA Region > Virginia,https://www.mountainproject.com/route/123266568/joaquin-phoenix,3,Boulder,V1+,1,15,38.9422,-78.3017
"Around The ""Cave""",End of the Logging Road > Forge Mountain > Goshen Pass > Charlottesville vicinity > Central & Southern VA Region > Virginia,https://www.mountainproject.com/route/123285920/around-the-cave,3,Boulder,V3,1,15,37.9411,-79.45628
Screeching Monkey,The Hidden Temple > The Buttermilks > Richmond Vicinity > Central & Southern VA Region > Virginia,https://www.mountainproject.com/route/121567111/screeching-monkey,2.3,Boulder,V3,1,10,37.52504,-77.47621
Scooter,Left Highball Wall > Spring Ridge Highball Wall > Spring Ridge > Upchurch Area > Picnic Area > Grayson Highlands State Park > Southwest Virginia (Appalachia) > Virginia,https://www.mountainproject.com/route/117745311/scooter,3,Boulder,V3,1,18,36.61486,-81.49149
Donut Hole,Gulf Branch > DC & Northern VA Region > Virginia,https://www.mountainproject.com/route/120702378/donut-hole,3,Boulder,V1,1,6,38.9251,-77.11354
Aethelred the Unready of the House of Wessex's Folly,Big Schloss Boulders > Shenandoah & NW VA Region > Virginia,https://www.mountainproject.com/route/122225092/aethelred-the-unready-of-the-house-of-wessexs-folly,2,Boulder,V1 PG13,1,11,38.94118,-78.66617
Nervous Sister,Summit Boulders > Old Rag > Shenandoah National Park > Shenandoah & NW VA Region > Virginia,https://www.mountainproject.com/route/120046670/nervous-sister,3,Boulder,V1,1,15,38.55182,-78.31499
Aethelred the Unready of the House of Wessex's Porridge,Big Schloss Boulders > Shenandoah & NW VA Region > Virginia,https://www.mountainproject.com/route/122225153/aethelred-the-unready-of-the-house-of-wessexs-porridge,3,Boulder,V-easy PG13,1,11,38.94118,-78.66617
Mohawk Flake,Gumby > Main Area > The Forest > Blue Ridge Parkway > Charlottesville vicinity > Central & Southern VA Region > Virginia,https://www.mountainproject.com/route/120922778/mohawk-flake,2.3,Boulder,V0-,1,12,37.89468,-79.0483
Goofy,Mickey Mouse Boulders > McAfee's Knob > Southwest Virginia (Appalachia) > Virginia,https://www.mountainproject.com/route/118678947/goofy,2.6,Boulder,V2,1,NA,37.38522,-80.07813
Lurkin (Stand Start),Hollow Point Boulder > The Buttermilks > Richmond Vicinity > Central & Southern VA Region > Virginia,https://www.mountainproject.com/route/118785858/lurkin-stand-start,3,Boulder,V3,1,8,37.52971,-77.4865
Scooby-Doo,Chia Boulder > Main Area > The Forest > Blue Ridge Parkway > Charlottesville vicinity > Central & Southern VA Region > Virginia,https://www.mountainproject.com/route/122181865/scooby-doo,3,Boulder,V3+,1,15,37.89412,-79.05014
Hardyrock,RVA Riva Trash Area > Belle Isle > Richmond Vicinity > Central & Southern VA Region > Virginia,https://www.mountainproject.com/route/117948658/hardyrock,3,Boulder,V2-3 R,1,27,37.5275,-77.4567
Helltown Chicken Sandwich,Fort Windham Rocks > North District > Shenandoah National Park > Shenandoah & NW VA Region > Virginia,https://www.mountainproject.com/route/121493137/helltown-chicken-sandwich,3,Boulder,V2,1,15,38.82394,-78.17043
In-N-Out Boulder (Spelunkers' Sit-start),Fort Windham Rocks > North District > Shenandoah National Park > Shenandoah & NW VA Region > Virginia,https://www.mountainproject.com/route/122344131/in-n-out-boulder-spelunkers-sit-start,2,Boulder,V1-2,1,12,38.82394,-78.17043
Biker Crack Stand Start,The Biker Area > The Buttermilks > Richmond Vicinity > Central & Southern VA Region > Virginia,https://www.mountainproject.com/route/118242494/biker-crack-stand-start,3.1,Boulder,V1,1,12,37.52666,-77.48041
A new kind of animal,Warm up slab > Bear cave area > Bouldering > Old Rag > Shenandoah National Park > Shenandoah & NW VA Region > Virginia,https://www.mountainproject.com/route/112492144/a-new-kind-of-animal,3,Boulder,V2,1,NA,38.55121,-78.30297
Perfect Cat Son,Greenstonia (Ridgeline) > Ridgeline > The Forest > Blue Ridge Parkway > Charlottesville vicinity > Central & Southern VA Region > Virginia,https://www.mountainproject.com/route/120395040/perfect-cat-son,3,Boulder,V1,1,7,37.89163,-79.04691
Cubensis,Devil Called Love Boulder > Sunset Sonata Boulders > NellysFord > Charlottesville vicinity > Central & Southern VA Region > Virginia,https://www.mountainproject.com/route/121948780/cubensis,3,Boulder,V3,1,NA,37.91957,-78.89957
Oti’s Gold Mine,Fridley's Gap > Shenandoah & NW VA Region > Virginia,https://www.mountainproject.com/route/117917491/otis-gold-mine,3,Boulder,V3,1,20,38.49686,-78.70944
Prickly Pears,False Summit Boulders > Old Rag > Shenandoah National Park > Shenandoah & NW VA Region > Virginia,https://www.mountainproject.com/route/122114391/prickly-pears,3.5,Boulder,V2+,1,10,38.5516,-78.31188
Wrist Rocket,Fort Windham Rocks > North District > Shenandoah National Park > Shenandoah & NW VA Region > Virginia,https://www.mountainproject.com/route/122253367/wrist-rocket,4,Boulder,V0,1,12,38.82394,-78.17043
Perfect Cat Son Sit,Greenstonia (Ridgeline) > Ridgeline > The Forest > Blue Ridge Parkway > Charlottesville vicinity > Central & Southern VA Region > Virginia,https://www.mountainproject.com/route/120395069/perfect-cat-son-sit,3,Boulder,V3-,1,7,37.89163,-79.04691
No Hands,Piney Hive Boulder > Blue Ridge Rail Way Trail > Amherst County > Central & Southern VA Region > Virginia,https://www.mountainproject.com/route/118562839/no-hands,3,Boulder,V1,1,12,37.69846,-78.99096
Juicy Sweatpants,Johns Rest Boulders > Rapidan Wildlife Management Area > Shenandoah & NW VA Region > Virginia,https://www.mountainproject.com/route/121563266/juicy-sweatpants,3,Boulder,V3,1,8,38.38423,-78.46195
Depth Charge,Sub Boulder > Sunset Sonata Boulders > NellysFord > Charlottesville vicinity > Central & Southern VA Region > Virginia,https://www.mountainproject.com/route/121948914/depth-charge,3,Boulder,V3,1,NA,37.91968,-78.89979
Cold mountain air,Contagion Boulder > Bear cave area > Bouldering > Old Rag > Shenandoah National Park > Shenandoah & NW VA Region > Virginia,https://www.mountainproject.com/route/112503390/cold-mountain-air,3,Boulder,V3-4,1,NA,38.55136,-78.30302
Overlook Road,Approach Boulders > Wintergreen > Charlottesville vicinity > Central & Southern VA Region > Virginia,https://www.mountainproject.com/route/120178580/overlook-road,3,Boulder,V1-2,1,7,37.90645,-78.93721
Bowsprit Bat-Hang,The Titanic Boulder > The Belly Boulder Area > McAfee's Knob > Southwest Virginia (Appalachia) > Virginia,https://www.mountainproject.com/route/118187468/bowsprit-bat-hang,3,Boulder,V3-4,1,12,37.3925,-80.03994
Dance Burrito,End of the Line Area > Crescent Boulders > Shenandoah & NW VA Region > Virginia,https://www.mountainproject.com/route/120535229/dance-burrito,2,Boulder,V3-,1,6,39.13733,-77.84383
"Locked, Loading",Splitter Boulder > Fire Road > Bouldering > Old Rag > Shenandoah National Park > Shenandoah & NW VA Region > Virginia,https://www.mountainproject.com/route/118675784/locked-loading,3,Boulder,V1-2,1,8,38.54667,-78.34019
The Big Wet,Wagonmaster Boulder > Bouldering > White Oak Canyon > Shenandoah National Park > Shenandoah & NW VA Region > Virginia,https://www.mountainproject.com/route/119132464/the-big-wet,3,Boulder,V2-3,1,10,38.53734,-78.41165
A Dingo ate my baby,Nicholson Hollow > Bouldering > Old Rag > Shenandoah National Park > Shenandoah & NW VA Region > Virginia,https://www.mountainproject.com/route/119563039/a-dingo-ate-my-baby,3,Boulder,V1,1,12,38.58138,-78.3089
Giterdon,Glacier Boulder > Rockville > Fire Road > Bouldering > Old Rag > Shenandoah National Park > Shenandoah & NW VA Region > Virginia,https://www.mountainproject.com/route/118675915/giterdon,3,Boulder,V1-2,1,10,38.54667,-78.34019
Bridge to Terrablazia,Useful Bridge Boulder > The Beach > Mill Creek > Blacksburg Vicinity > Southwest Virginia (Appalachia) > Virginia,https://www.mountainproject.com/route/118987687/bridge-to-terrablazia,2.8,Boulder,V2,1,10,37.31658,-80.79394
Duty,Horseshoe Crag > Little Bishop Boulders > Central District > Shenandoah National Park > Shenandoah & NW VA Region > Virginia,https://www.mountainproject.com/route/117526895/duty,3,Boulder,V2,1,30,38.5859,-78.36821
Mark of the Beast,Gravestone Wall > Slidetop Boulders > Paul's Creek Boulders > Charlottesville vicinity > Central & Southern VA Region > Virginia,https://www.mountainproject.com/route/122021151/mark-of-the-beast,3,Boulder,V2,1,NA,37.92717,-78.87362
Tripwire,Home Defense Boulder > Sunset Sonata Boulders > NellysFord > Charlottesville vicinity > Central & Southern VA Region > Virginia,https://www.mountainproject.com/route/122029166/tripwire,3,Boulder,V2,1,NA,37.91924,-78.90007
Cabin Boy,Kuma Area > Crescent Boulders > Shenandoah & NW VA Region > Virginia,https://www.mountainproject.com/route/120255280/cabin-boy,2.5,Boulder,V2,1,8,39.13684,-77.84439
Temporarily Unnamed,Johns Rest Boulders > Rapidan Wildlife Management Area > Shenandoah & NW VA Region > Virginia,https://www.mountainproject.com/route/121569589/temporarily-unnamed,3,Boulder,V1,1,10,38.38423,-78.46195
Rhododendron Roof Direct,Rhododendron Roof > Duck Run Boulders > Shenandoah & NW VA Region > Virginia,https://www.mountainproject.com/route/122145930/rhododendron-roof-direct,3,Boulder,V2-3,1,NA,39.09926,-78.44924
Leo Season,Zodiac Boulder > Little Bishop Boulders > Central District > Shenandoah National Park > Shenandoah & NW VA Region > Virginia,https://www.mountainproject.com/route/117365164/leo-season,3,Boulder,V2,1,10,38.58616,-78.36844
Off the Tree,Hemlock Springs Boulder > Central District > Shenandoah National Park > Shenandoah & NW VA Region > Virginia,https://www.mountainproject.com/route/120888414/off-the-tree,2.5,Boulder,V0,1,8,38.5964,-78.36212
Shot in the Dark,Home Defense Boulder > Sunset Sonata Boulders > NellysFord > Charlottesville vicinity > Central & Southern VA Region > Virginia,https://www.mountainproject.com/route/122029132/shot-in-the-dark,3,Boulder,V2,1,NA,37.91924,-78.90007
Taking Names,Intruder Boulder > Sunset Sonata Boulders > NellysFord > Charlottesville vicinity > Central & Southern VA Region > Virginia,https://www.mountainproject.com/route/122028885/taking-names,3,Boulder,V3,1,NA,37.91919,-78.89997
Ball Drop,New Year's Boulder > Afton Mountain Bouldering > Shenandoah National Park > Shenandoah & NW VA Region > Virginia,https://www.mountainproject.com/route/110385720/ball-drop,3,Boulder,V1,1,10,38.0451,-78.84534
Easy Money,Bello Boulders > Blue Ridge Parkway > Charlottesville vicinity > Central & Southern VA Region > Virginia,https://www.mountainproject.com/route/121967861/easy-money,3,Boulder,V1+,1,15,37.88304,-79.15525
Good Might,Kindly Face Boulder > Rockville > Fire Road > Bouldering > Old Rag > Shenandoah National Park > Shenandoah & NW VA Region > Virginia,https://www.mountainproject.com/route/118725001/good-might,3,Boulder,V1-2,1,10,38.54667,-78.34019
Banjo,Banjo-Kazooie Boulder > Devil's Marbleyard > Southwest Virginia (Appalachia) > Virginia,https://www.mountainproject.com/route/114061186/banjo,2.5,Boulder,V3,1,12,37.58149,-79.47164
Pistol Pigeon,Pistol Pigeon Boulder > Devil's Marbleyard > Southwest Virginia (Appalachia) > Virginia,https://www.mountainproject.com/route/117246977/pistol-pigeon,3,Boulder,V2 R,1,6,37.58069,-79.47196
Skip Jack,Challenger Boulder > Challenger Area > Jay's Mountain > Jay's Creek > Southwest Virginia (Appalachia) > Virginia,https://www.mountainproject.com/route/120041243/skip-jack,3,Boulder,V3-4,1,11,36.89932,-82.41876
Knife's Edge,Sawblade Boulder > Reid Hollow Road > Charlottesville vicinity > Central & Southern VA Region > Virginia,https://www.mountainproject.com/route/119651272/knifes-edge,2.5,Boulder,V2,1,12,37.72966,-79.31087
Times Square,New Year's Boulder > Afton Mountain Bouldering > Shenandoah National Park > Shenandoah & NW VA Region > Virginia,https://www.mountainproject.com/route/110385735/times-square,3,Boulder,V3,1,15,38.0451,-78.84534
Legal Limit,Rolls Royce Boulder > Lower Lightside Bouldering > Lower Lightside > Lightside > Jay's Creek > Southwest Virginia (Appalachia) > Virginia,https://www.mountainproject.com/route/116669343/legal-limit,3,Boulder,V3-4,1,15,36.89937,-82.4186
Rhododendron Roof Arete,Rhododendron Roof > Duck Run Boulders > Shenandoah & NW VA Region > Virginia,https://www.mountainproject.com/route/122145964/rhododendron-roof-arete,3,Boulder,V2-3,1,NA,39.09926,-78.44924
Jumping For Yahweh,Main area > Mile 47.5 Pull off > Blue Ridge Parkway > Charlottesville vicinity > Central & Southern VA Region > Virginia,https://www.mountainproject.com/route/118197611/jumping-for-yahweh,2.5,Boulder,V3,1,15,37.71851,-79.31312
Anti Vaxer,Microbe Boulder > Lower Lightside Bouldering > Lower Lightside > Lightside > Jay's Creek > Southwest Virginia (Appalachia) > Virginia,https://www.mountainproject.com/route/116616104/anti-vaxer,3,Boulder,V3,1,11,36.89937,-82.41859
Polypore,Devil Called Love Boulder > Sunset Sonata Boulders > NellysFord > Charlottesville vicinity > Central & Southern VA Region > Virginia,https://www.mountainproject.com/route/122083507/polypore,3,Boulder,V3,1,NA,37.91957,-78.89957
Gleaming the Cube,Dice Boulder > Shawvers Run > Potts Mountain > Southwest Virginia (Appalachia) > Virginia,https://www.mountainproject.com/route/119139206/gleaming-the-cube,3,Boulder,V3,1,15,37.56183,-80.19606
Not My Circus,Tent > Rockville > Fire Road > Bouldering > Old Rag > Shenandoah National Park > Shenandoah & NW VA Region > Virginia,https://www.mountainproject.com/route/118724973/not-my-circus,3,Boulder,V1-2,1,6,38.54667,-78.34019
Faltering Strengths (center exit),Twosie Boulder > Stones > Harkening Hill > Southwest Virginia (Appalachia) > Virginia,https://www.mountainproject.com/route/116655694/faltering-strengths-center-exit,3,Boulder,V1,1,NA,37.46555,-79.60949
Ukrainked,Home Defense Boulder > Sunset Sonata Boulders > NellysFord > Charlottesville vicinity > Central & Southern VA Region > Virginia,https://www.mountainproject.com/route/122029148/ukrainked,3,Boulder,V2,1,NA,37.91924,-78.90007
Intrusive Ledges,Millie Creek Boulder > Butternut Hill > Mill Creek > Blacksburg Vicinity > Southwest Virginia (Appalachia) > Virginia,https://www.mountainproject.com/route/118988296/intrusive-ledges,2.5,Boulder,V0,1,NA,37.30823,-80.79193
Twelve Foot Foamie,Island Boulder > Moonstone Area > Mile 1 Boulders > (1) Mile One > Guest River Gorge > Southwest Virginia (Appalachia) > Virginia,https://www.mountainproject.com/route/119615163/twelve-foot-foamie,3,Boulder,V3,1,12,36.90072,-82.42117
Dogs of War,Battle Boulder > Inner Circle > Harkening Hill > Southwest Virginia (Appalachia) > Virginia,https://www.mountainproject.com/route/116207665/dogs-of-war,3,Boulder,V2,1,12,37.45541,-79.61631
Hanging Beneath the Nightmare,Walls of Time Boulder > Borderline Boulders > P.A. Byrom Park > Charlottesville vicinity > Central & Southern VA Region > Virginia,https://www.mountainproject.com/route/118663984/hanging-beneath-the-nightmare,3,Boulder,V1,1,8,38.22089,-78.6494
High Roller,Dice Boulder > Shawvers Run > Potts Mountain > Southwest Virginia (Appalachia) > Virginia,https://www.mountainproject.com/route/119139226/high-roller,3,Boulder,V2 PG13,1,15,37.56183,-80.19606
New Gods,Super Boulder > Lower Lightside Bouldering > Lower Lightside > Lightside > Jay's Creek > Southwest Virginia (Appalachia) > Virginia,https://www.mountainproject.com/route/116663327/new-gods,3,Boulder,V0-1,1,11,36.89937,-82.4186
Pesto Manifesto,Island Boulder > Moonstone Area > Mile 1 Boulders > (1) Mile One > Guest River Gorge > Southwest Virginia (Appalachia) > Virginia,https://www.mountainproject.com/route/119861824/pesto-manifesto,3,Boulder,V2,1,12,36.90072,-82.42117
Eradicator,Super Boulder > Lower Lightside Bouldering > Lower Lightside > Lightside > Jay's Creek > Southwest Virginia (Appalachia) > Virginia,https://www.mountainproject.com/route/116663374/eradicator,3,Boulder,V3,1,11,36.89937,-82.4186
Kiss Tomorrow Goodbye,Session Boulder > Lower Lightside Bouldering > Lower Lightside > Lightside > Jay's Creek > Southwest Virginia (Appalachia) > Virginia,https://www.mountainproject.com/route/116643788/kiss-tomorrow-goodbye,3,Boulder,V3-4,1,12,36.89937,-82.4186
Witches Hat,Mausoleum Boulder > Upper Lightside Bouldering > Upper Lightside > Lightside > Jay's Creek > Southwest Virginia (Appalachia) > Virginia,https://www.mountainproject.com/route/116715850/witches-hat,3.5,Boulder,V3-4,1,10,36.89939,-82.41867
Character Assassin,Parking Lot Boulders > Greenstone Overlook > Blue Ridge Parkway > Charlottesville vicinity > Central & Southern VA Region > Virginia,https://www.mountainproject.com/route/118646733/character-assassin,3,Boulder,V2,1,10,37.86878,-79.05932
Good & Gather,Tribe Boulder > Bridge Climbing (Three Amigos) > Spooky Rocks > Keelowkee Lake > HKL West > High Knob Landform > Southwest Virginia (Appalachia) > Virginia,https://www.mountainproject.com/route/121416110/good-gather,3,Boulder,V3,1,18,36.91842,-82.64315
Dark Matter,Darkside Boulder > Center Darkside > Darkside > Jay's Creek > Southwest Virginia (Appalachia) > Virginia,https://www.mountainproject.com/route/118077605/dark-matter,3,Boulder,V3,1,13,36.90949,-82.45517
Shadowfax,Darkside Boulder > Center Darkside > Darkside > Jay's Creek > Southwest Virginia (Appalachia) > Virginia,https://www.mountainproject.com/route/122146999/shadowfax,3,Boulder,V3,1,18,36.90949,-82.45517
Spectrum,Spectrum Boulder > Lower Lightside Bouldering > Lower Lightside > Lightside > Jay's Creek > Southwest Virginia (Appalachia) > Virginia,https://www.mountainproject.com/route/116643461/spectrum,3,Boulder,V3,1,14,36.89937,-82.41859
Honor and Glory,Elsyium Boulder > The Underworld > Inner Circle > Harkening Hill > Southwest Virginia (Appalachia) > Virginia,https://www.mountainproject.com/route/116352387/honor-and-glory,3,Boulder,V2,1,20,37.45538,-79.61943
Hammertime,Hammer > Forge Area > Forge Mountain > Goshen Pass > Charlottesville vicinity > Central & Southern VA Region > Virginia,https://www.mountainproject.com/route/119503764/hammertime,3,Boulder,V2-3,1,9,37.93782,-79.46475
Brimp Boy,Jolly Green Giant Boulder > Waterfall Area > Mill Creek > Blacksburg Vicinity > Southwest Virginia (Appalachia) > Virginia,https://www.mountainproject.com/route/118988855/brimp-boy,3,Boulder,V3,1,NA,37.30244,-80.79495
Shebang,Passage Boulder > Center Darkside > Darkside > Jay's Creek > Southwest Virginia (Appalachia) > Virginia,https://www.mountainproject.com/route/119925716/shebang,3,Boulder,V1,1,25,36.90948,-82.45516
Good Manors,Estate Boulder > Moonstone Area > Mile 1 Boulders > (1) Mile One > Guest River Gorge > Southwest Virginia (Appalachia) > Virginia,https://www.mountainproject.com/route/119861982/good-manors,3,Boulder,V1,1,11,36.90072,-82.42117
Romancing The Stone,Jungle Block > Center Lightside Bouldering > Center Lightside > Lightside > Jay's Creek > Southwest Virginia (Appalachia) > Virginia,https://www.mountainproject.com/route/122191336/romancing-the-stone,3,Boulder,V1,1,10,36.89937,-82.4186
Space Walk,Orbit Block > Boulder Garden > Mile Two Boulders > (2) Mile Two > Guest River Gorge > Southwest Virginia (Appalachia) > Virginia,https://www.mountainproject.com/route/116747421/space-walk,3,Boulder,V1,1,10,36.9003,-82.41947
Cruel World,Session Boulder > Lower Lightside Bouldering > Lower Lightside > Lightside > Jay's Creek > Southwest Virginia (Appalachia) > Virginia,https://www.mountainproject.com/route/116643773/cruel-world,3,Boulder,V2-3,1,11,36.89937,-82.4186
Golden Werewolf,Mausoleum Boulder > Upper Lightside Bouldering > Upper Lightside > Lightside > Jay's Creek > Southwest Virginia (Appalachia) > Virginia,https://www.mountainproject.com/route/116715889/golden-werewolf,3,Boulder,V2-3,1,10,36.89939,-82.41867
Hooch,Whiskey Boulder > Widow Area > Mile 1 Boulders > (1) Mile One > Guest River Gorge > Southwest Virginia (Appalachia) > Virginia,https://www.mountainproject.com/route/116754771/hooch,3,Boulder,V3,1,10,36.90072,-82.4212
Off the Tree (Sit Project),Hemlock Springs Boulder > Central District > Shenandoah National Park > Shenandoah & NW VA Region > Virginia,https://www.mountainproject.com/route/120888423/off-the-tree-sit-project,3,Boulder,V3,1,NA,38.5964,-78.36212
Orbit,Orbit Block > Boulder Garden > Mile Two Boulders > (2) Mile Two > Guest River Gorge > Southwest Virginia (Appalachia) > Virginia,https://www.mountainproject.com/route/116747482/orbit,3,Boulder,V1,1,10,36.9003,-82.41947
Nutty Buddy,Chestnut Boulder > Stock Blocks > Keelowkee Lake > HKL West > High Knob Landform > Southwest Virginia (Appalachia) > Virginia,https://www.mountainproject.com/route/119775597/nutty-buddy,3,Boulder,V3,1,18,36.85592,-82.86416
The Father,Mausoleum Boulder > Upper Lightside Bouldering > Upper Lightside > Lightside > Jay's Creek > Southwest Virginia (Appalachia) > Virginia,https://www.mountainproject.com/route/116715747/the-father,3,Boulder,V3,1,13,36.89939,-82.41867
If you nose it goes,Sleepy Boulder > Lower Lightside Bouldering > Lower Lightside > Lightside > Jay's Creek > Southwest Virginia (Appalachia) > Virginia,https://www.mountainproject.com/route/116643425/if-you-nose-it-goes,3,Boulder,V2,1,9,36.89937,-82.4186
Pug Life,Clint's Boulder > Gully A > Mill Creek > Blacksburg Vicinity > Southwest Virginia (Appalachia) > Virginia,https://www.mountainproject.com/route/119136100/pug-life,3,Boulder,V3,1,8,37.31471,-80.79878
Running Man,Shade Boulder > Center Darkside > Darkside > Jay's Creek > Southwest Virginia (Appalachia) > Virginia,https://www.mountainproject.com/route/119942527/running-man,3,Boulder,V1,1,9,36.90567,-82.31364
Rail Surfer,Casablanca Boulder > Casablanca Boulders > Casablanca Area > Mile Two Boulders > (2) Mile Two > Guest River Gorge > Southwest Virginia (Appalachia) > Virginia,https://www.mountainproject.com/route/116592386/rail-surfer,3,Boulder,V1,1,13,36.91291,-82.44043
Hands-free Hillbilly Highway,Haunted Boulder > Upper Lightside Bouldering > Upper Lightside > Lightside > Jay's Creek > Southwest Virginia (Appalachia) > Virginia,https://www.mountainproject.com/route/120328396/hands-free-hillbilly-highway,3,Boulder,V3,1,30,36.89942,-82.41864
Hairy Otter and the Sorcerers Slab,Otter Slab > Otter Boulders > Casablanca Area > Mile Two Boulders > (2) Mile Two > Guest River Gorge > Southwest Virginia (Appalachia) > Virginia,https://www.mountainproject.com/route/117894794/hairy-otter-and-the-sorcerers-slab,3,Boulder,V0,1,12,36.90239,-82.41947
Henry the Navigator,Pentagon Boulder > Casablanca Boulders > Casablanca Area > Mile Two Boulders > (2) Mile Two > Guest River Gorge > Southwest Virginia (Appalachia) > Virginia,https://www.mountainproject.com/route/115420270/henry-the-navigator,3,Boulder,V3,1,17,36.90657,-82.41947
Top Down,Beyond Boulder > Lower Lightside Bouldering > Lower Lightside > Lightside > Jay's Creek > Southwest Virginia (Appalachia) > Virginia,https://www.mountainproject.com/route/117789752/top-down,3,Boulder,V1,1,15,36.89937,-82.4186
Wind and Water,Feng Shui Boulder > Center Darkside > Darkside > Jay's Creek > Southwest Virginia (Appalachia) > Virginia,https://www.mountainproject.com/route/118904996/wind-and-water,3,Boulder,V2,1,12,36.90948,-82.45516
Disco Inferno,Ultra Boulder > Gasland > Upper Darkside > Darkside > Jay's Creek > Southwest Virginia (Appalachia) > Virginia,https://www.mountainproject.com/route/118769503/disco-inferno,3,Boulder,V3,1,15,36.89935,-82.41877
Siderial,Orbit Block > Boulder Garden > Mile Two Boulders > (2) Mile Two > Guest River Gorge > Southwest Virginia (Appalachia) > Virginia,https://www.mountainproject.com/route/116747444/siderial,3,Boulder,V3,1,10,36.9003,-82.41947
Logger Slab,Chooby Boulder > Main Wall (Spooky) > Spooky Rocks > Keelowkee Lake > HKL West > High Knob Landform > Southwest Virginia (Appalachia) > Virginia,https://www.mountainproject.com/route/121932458/logger-slab,3,Boulder,V0,1,17,36.91842,-82.64318
Run to the Hills,Iron Maiden Boulder > Slabbath Boulders > Casablanca Area > Mile Two Boulders > (2) Mile Two > Guest River Gorge > Southwest Virginia (Appalachia) > Virginia,https://www.mountainproject.com/route/117902720/run-to-the-hills,3,Boulder,V1,1,12,36.90238,-82.41946
Latchacrack,Crackalachia Boulder > Rapids Boulders > Mile Two Boulders > (2) Mile Two > Guest River Gorge > Southwest Virginia (Appalachia) > Virginia,https://www.mountainproject.com/route/121416472/latchacrack,3,Boulder,V0-,1,10,36.8995,-82.41878
Hot Tub Time Machine,Reflection Boulder > Rapids Boulders > Mile Two Boulders > (2) Mile Two > Guest River Gorge > Southwest Virginia (Appalachia) > Virginia,https://www.mountainproject.com/route/121416700/hot-tub-time-machine,3,Boulder,V2,1,8,36.9003,-82.41947
I Killed the Lorax,Blue In Green Boulder > Borderline Boulders > P.A. Byrom Park > Charlottesville vicinity > Central & Southern VA Region > Virginia,https://www.mountainproject.com/route/118664141/i-killed-the-lorax,3,Boulder,V1,1,12,38.22089,-78.6494
Cheers,Casablanca Boulder > Casablanca Boulders > Casablanca Area > Mile Two Boulders > (2) Mile Two > Guest River Gorge > Southwest Virginia (Appalachia) > Virginia,https://www.mountainproject.com/route/116591314/cheers,3,Boulder,V1,1,18,36.91291,-82.44043
Penny for Your Thoughts,Penny Boulder > Down the Gully Area > Forge Mountain > Goshen Pass > Charlottesville vicinity > Central & Southern VA Region > Virginia,https://www.mountainproject.com/route/119492763/penny-for-your-thoughts,3,Boulder,V3,1,7,37.93871,-79.45969
Dance With the Devil,Island Boulder > Moonstone Area > Mile 1 Boulders > (1) Mile One > Guest River Gorge > Southwest Virginia (Appalachia) > Virginia,https://www.mountainproject.com/route/119615029/dance-with-the-devil,3,Boulder,V1,1,12,36.90072,-82.42117
Bad Bench,Main Bench Boulder > Bench Boulders > Casablanca Area > Mile Two Boulders > (2) Mile Two > Guest River Gorge > Southwest Virginia (Appalachia) > Virginia,https://www.mountainproject.com/route/117833069/bad-bench,3,Boulder,V3,1,11,36.90239,-82.41947
Elimination Complex,SlimeWorld > Gully A > Mill Creek > Blacksburg Vicinity > Southwest Virginia (Appalachia) > Virginia,https://www.mountainproject.com/route/119136151/elimination-complex,3,Boulder,V3-4,1,10,37.31371,-80.80044
Santeria,Bad Boulder > Bad Boulders > Jay's Mountain > Jay's Creek > Southwest Virginia (Appalachia) > Virginia,https://www.mountainproject.com/route/120285489/santeria,3,Boulder,V0,1,12,36.89933,-82.41876
Caprice Classic,Notion Boulder > Main Wall (Spooky) > Spooky Rocks > Keelowkee Lake > HKL West > High Knob Landform > Southwest Virginia (Appalachia) > Virginia,https://www.mountainproject.com/route/118772266/caprice-classic,3,Boulder,V3,1,12,36.91842,-82.64319
Surrounded,Moat Block > Moonstone Area > Mile 1 Boulders > (1) Mile One > Guest River Gorge > Southwest Virginia (Appalachia) > Virginia,https://www.mountainproject.com/route/119774881/surrounded,3,Boulder,V3,1,9,36.90072,-82.42117
Badger Arete,Badger Boulder > Wild Wood > Haw Orchard > Grayson Highlands State Park > Southwest Virginia (Appalachia) > Virginia,https://www.mountainproject.com/route/120663618/badger-arete,3,Boulder,V3,1,12,36.6185,-81.48122
Recluse Fun Run,Recluse Boulder > Recluse Area > Bearpen Boulders > ~M.R.N.R.A. > Grayson Highlands State Park > Southwest Virginia (Appalachia) > Virginia,https://www.mountainproject.com/route/119446401/recluse-fun-run,3,Boulder,V-easy,1,9,36.62156,-81.51111
",The Golden Skullet",Tribe Boulder > Bridge Climbing (Three Amigos) > Spooky Rocks > Keelowkee Lake > HKL West > High Knob Landform > Southwest Virginia (Appalachia) > Virginia,https://www.mountainproject.com/route/121416171/the-golden-skullet,3,Boulder,V2,1,18,36.91842,-82.64315
Isis,Pyramid Arete > Inner Circle > Harkening Hill > Southwest Virginia (Appalachia) > Virginia,https://www.mountainproject.com/route/116116516/isis,3,Boulder,V2,1,12,37.45575,-79.61963
Peaceful Journey,Tribe Boulder > Bridge Climbing (Three Amigos) > Spooky Rocks > Keelowkee Lake > HKL West > High Knob Landform > Southwest Virginia (Appalachia) > Virginia,https://www.mountainproject.com/route/121416182/peaceful-journey,3,Boulder,V3,1,16,36.91842,-82.64315
Dani's Line,Second Wall > Whitetop > ~M.R.N.R.A. > Grayson Highlands State Park > Southwest Virginia (Appalachia) > Virginia,https://www.mountainproject.com/route/121148522/danis-line,3,Boulder,V3,1,11,36.6122,-81.49119
Brave New World,Long Wall > Hemlock Grove > Bearpen Boulders > ~M.R.N.R.A. > Grayson Highlands State Park > Southwest Virginia (Appalachia) > Virginia,https://www.mountainproject.com/route/120841413/brave-new-world,3,Boulder,V3,1,12,36.62156,-81.5111
Citico Creek,Low Creek Boulder > Upper Lightside Bouldering > Upper Lightside > Lightside > Jay's Creek > Southwest Virginia (Appalachia) > Virginia,https://www.mountainproject.com/route/118077421/citico-creek,3,Boulder,V2,1,11,36.89937,-82.41861
Devils Arete,Devil's Boulder > Labyrinth > HKL East > High Knob Landform > Southwest Virginia (Appalachia) > Virginia,https://www.mountainproject.com/route/117697336/devils-arete,3,Boulder,V2,1,10,36.9097,-82.63089
Golden Boy (Stand),Island Boulder > Moonstone Area > Mile 1 Boulders > (1) Mile One > Guest River Gorge > Southwest Virginia (Appalachia) > Virginia,https://www.mountainproject.com/route/119774443/golden-boy-stand,3,Boulder,V3,1,10,36.90072,-82.42117
Brook,Low Creek Boulder > Upper Lightside Bouldering > Upper Lightside > Lightside > Jay's Creek > Southwest Virginia (Appalachia) > Virginia,https://www.mountainproject.com/route/118077343/brook,3,Boulder,V2,1,10,36.89937,-82.41861
Absolute Arete,Infinity Boulder > Lower Lightside Bouldering > Lower Lightside > Lightside > Jay's Creek > Southwest Virginia (Appalachia) > Virginia,https://www.mountainproject.com/route/118166439/absolute-arete,3,Boulder,V2,1,18,36.89937,-82.4186
Timber Arête,Timber Boulder > Timber Boulders > Lower Darkside > Darkside > Jay's Creek > Southwest Virginia (Appalachia) > Virginia,https://www.mountainproject.com/route/118237256/timber-arete,3,Boulder,V3-4,1,25,36.90949,-82.45516
Choob Arete,Chooby Boulder > Main Wall (Spooky) > Spooky Rocks > Keelowkee Lake > HKL West > High Knob Landform > Southwest Virginia (Appalachia) > Virginia,https://www.mountainproject.com/route/118723195/choob-arete,3,Boulder,V0,1,10,36.91842,-82.64318
Main Vein,Main Vein Boulder > Center Darkside > Darkside > Jay's Creek > Southwest Virginia (Appalachia) > Virginia,https://www.mountainproject.com/route/120285002/main-vein,3,Boulder,V1-2,1,9,36.90948,-82.45516
Eagle Slab,Eagle Boulder > Briar Patch Boulders > Bearpen Boulders > ~M.R.N.R.A. > Grayson Highlands State Park > Southwest Virginia (Appalachia) > Virginia,https://www.mountainproject.com/route/117120860/eagle-slab,3,Boulder,V0,1,14,36.62156,-81.51111
Do it for the Thrill,Thrill Boulder > Briar Patch Boulders > Bearpen Boulders > ~M.R.N.R.A. > Grayson Highlands State Park > Southwest Virginia (Appalachia) > Virginia,https://www.mountainproject.com/route/117120912/do-it-for-the-thrill,3,Boulder,V3-4,1,10,36.62156,-81.51111
Buttercup,Buttercup Boulder > (1) Roadside Boulders > Atkins Bouldering > Southwest Virginia (Appalachia) > Virginia,https://www.mountainproject.com/route/118188045/buttercup,3,Boulder,V0-1,1,11,36.91089,-81.44417
Turtle Soup,Turtle Boulder > Turtle Area > Cliff Mountain Boulders > HKL West > High Knob Landform > Southwest Virginia (Appalachia) > Virginia,https://www.mountainproject.com/route/117727999/turtle-soup,3,Boulder,V3,1,9,36.78702,-82.78808
Blazin Summer,Island Boulder > Moonstone Area > Mile 1 Boulders > (1) Mile One > Guest River Gorge > Southwest Virginia (Appalachia) > Virginia,https://www.mountainproject.com/route/119615037/blazin-summer,3,Boulder,V1,1,12,36.90072,-82.42117
Drawbridge,Moat Block > Moonstone Area > Mile 1 Boulders > (1) Mile One > Guest River Gorge > Southwest Virginia (Appalachia) > Virginia,https://www.mountainproject.com/route/119774648/drawbridge,3,Boulder,V2,1,9,36.90072,-82.42117
Maple Dihedral,Maple Boulder > Front Maples > Maple Boulders > Keelowkee Lake > HKL West > High Knob Landform > Southwest Virginia (Appalachia) > Virginia,https://www.mountainproject.com/route/118880978/maple-dihedral,3,Boulder,V2-3,1,13,36.91728,-82.64664
Bushranger,Thunderbolt Boulder > Gasland > Upper Darkside > Darkside > Jay's Creek > Southwest Virginia (Appalachia) > Virginia,https://www.mountainproject.com/route/118769527/bushranger,3,Boulder,V3-4,1,15,36.89955,-82.41887
Hemlock Slab,Hemlock Boulder > Hemlock Grove > Bearpen Boulders > ~M.R.N.R.A. > Grayson Highlands State Park > Southwest Virginia (Appalachia) > Virginia,https://www.mountainproject.com/route/120841052/hemlock-slab,3,Boulder,V0-1,1,20,36.62156,-81.51111
Shade Arete,Shade Boulder > Center Darkside > Darkside > Jay's Creek > Southwest Virginia (Appalachia) > Virginia,https://www.mountainproject.com/route/119942489/shade-arete,3,Boulder,V1-2,1,10,36.90567,-82.31364
Aint Never Lie,Folk Boulder > Samurai Area > Mile Two Boulders > (2) Mile Two > Guest River Gorge > Southwest Virginia (Appalachia) > Virginia,https://www.mountainproject.com/route/117894506/aint-never-lie,3,Boulder,V3,1,15,36.90032,-82.41946
Muzzleloader Arete,Great Outdoors Boulder > Timber Boulders > Lower Darkside > Darkside > Jay's Creek > Southwest Virginia (Appalachia) > Virginia,https://www.mountainproject.com/route/118240516/muzzleloader-arete,3,Boulder,V2-3,1,11,36.90949,-82.45516
Eagle Roof,Eagle Boulder > Briar Patch Boulders > Bearpen Boulders > ~M.R.N.R.A. > Grayson Highlands State Park > Southwest Virginia (Appalachia) > Virginia,https://www.mountainproject.com/route/117120788/eagle-roof,3,Boulder,V3,1,10,36.62156,-81.51111
Otter Parts,Otter Boulder > Otter Boulders > Casablanca Area > Mile Two Boulders > (2) Mile Two > Guest River Gorge > Southwest Virginia (Appalachia) > Virginia,https://www.mountainproject.com/route/117894577/otter-parts,3,Boulder,V0,1,12,36.91073,-82.42728
Arrowhead,Arrowhead Block > Back Blasters > Blaster Blocks > Keelowkee Lake > HKL West > High Knob Landform > Southwest Virginia (Appalachia) > Virginia,https://www.mountainproject.com/route/120574550/arrowhead,3,Boulder,V2-3,1,10,36.91727,-82.64656
",The Dregs",Chomper Boulder > Briar Patch Boulders > Bearpen Boulders > ~M.R.N.R.A. > Grayson Highlands State Park > Southwest Virginia (Appalachia) > Virginia,https://www.mountainproject.com/route/117120646/the-dregs,3,Boulder,V2,1,12,36.62156,-81.51111
Pink Elephants Fly,Dumbo Boulder > Center Darkside > Darkside > Jay's Creek > Southwest Virginia (Appalachia) > Virginia,https://www.mountainproject.com/route/120285419/pink-elephants-fly,3,Boulder,V2,1,12,36.90666,-82.31441
Syndicate Right,Company Boulder > Around The Bend (Jasper) > Spooky Rocks > Keelowkee Lake > HKL West > High Knob Landform > Southwest Virginia (Appalachia) > Virginia,https://www.mountainproject.com/route/118770099/syndicate-right,3,Boulder,V1,1,18,36.91842,-82.64316
Starship Trooper,White Dwarf Boulder > Labyrinth > HKL East > High Knob Landform > Southwest Virginia (Appalachia) > Virginia,https://www.mountainproject.com/route/122060517/starship-trooper,3,Boulder,V2,1,20,36.9097,-82.6302
Wildflower Arete,Meadow Boulder > Legend Boulders > Scales Area Bouldering > ~M.R.N.R.A. > Grayson Highlands State Park > Southwest Virginia (Appalachia) > Virginia,https://www.mountainproject.com/route/120441115/wildflower-arete,2.5,Boulder,V3,1,11,36.61219,-81.49117
Tadpole,Blaze Boulder > Stones > Harkening Hill > Southwest Virginia (Appalachia) > Virginia,https://www.mountainproject.com/route/116170656/tadpole,3,Boulder,V1,1,10,37.45564,-79.62007
Camp Traverse,Camp Roof > Moonstone Area > Mile 1 Boulders > (1) Mile One > Guest River Gorge > Southwest Virginia (Appalachia) > Virginia,https://www.mountainproject.com/route/119774161/camp-traverse,3,Boulder,V2,1,14,36.90072,-82.42117
Calculation Crack,Pythagoras Boulder > Center Darkside > Darkside > Jay's Creek > Southwest Virginia (Appalachia) > Virginia,https://www.mountainproject.com/route/118885046/calculation-crack,3,Boulder,V1-2,1,12,36.90948,-82.45516
Good Pickles,Cellar Roof > North Ridge > Burkes Garden > Southwest Virginia (Appalachia) > Virginia,https://www.mountainproject.com/route/114958077/good-pickles,3,Boulder,V2,1,13,37.07854,-81.3037
Slide Arete,Slide Boulder > Turtle Area > Cliff Mountain Boulders > HKL West > High Knob Landform > Southwest Virginia (Appalachia) > Virginia,https://www.mountainproject.com/route/117727881/slide-arete,3,Boulder,V2,1,11,36.78702,-82.78807
Shadowcrack,Darkside Boulder > Center Darkside > Darkside > Jay's Creek > Southwest Virginia (Appalachia) > Virginia,https://www.mountainproject.com/route/120350919/shadowcrack,3,Boulder,V1,1,18,36.90949,-82.45517
Everybody Hurts,Infinity Boulder > Lower Lightside Bouldering > Lower Lightside > Lightside > Jay's Creek > Southwest Virginia (Appalachia) > Virginia,https://www.mountainproject.com/route/118166531/everybody-hurts,3,Boulder,V3,1,20,36.89937,-82.4186
Eagle Arete,Eagle Boulder > Briar Patch Boulders > Bearpen Boulders > ~M.R.N.R.A. > Grayson Highlands State Park > Southwest Virginia (Appalachia) > Virginia,https://www.mountainproject.com/route/117120804/eagle-arete,3,Boulder,V3,1,10,36.62156,-81.51111
Right into Pegasus,Pegasus Boulder > Gasland > Upper Darkside > Darkside > Jay's Creek > Southwest Virginia (Appalachia) > Virginia,https://www.mountainproject.com/route/115420930/right-into-pegasus,3,Boulder,V2,1,18,36.89935,-82.41877
Burn Baby Burn,Ultra Boulder > Gasland > Upper Darkside > Darkside > Jay's Creek > Southwest Virginia (Appalachia) > Virginia,https://www.mountainproject.com/route/118904965/burn-baby-burn,3,Boulder,V2-3,1,18,36.89935,-82.41877
Thoughtful Arete,Think Blocks > Turtle Area > Cliff Mountain Boulders > HKL West > High Knob Landform > Southwest Virginia (Appalachia) > Virginia,https://www.mountainproject.com/route/117728216/thoughtful-arete,3,Boulder,V3,1,10,36.78702,-82.78808
People Are Strange,Shotgun Wall > Upper Lightside Bouldering > Upper Lightside > Lightside > Jay's Creek > Southwest Virginia (Appalachia) > Virginia,https://www.mountainproject.com/route/122083196/people-are-strange,3,Boulder,V3,1,18,36.89937,-82.41858
Ranch Arete,Ranch Boulder > ~M.R.N.R.A. > Grayson Highlands State Park > Southwest Virginia (Appalachia) > Virginia,https://www.mountainproject.com/route/122374623/ranch-arete,3,Boulder,V3,1,9,36.62156,-81.51111
Locker,Infinity Boulder > Lower Lightside Bouldering > Lower Lightside > Lightside > Jay's Creek > Southwest Virginia (Appalachia) > Virginia,https://www.mountainproject.com/route/118166482/locker,3,Boulder,V2,1,18,36.89937,-82.4186
Head in the Clouds,Pentagon Boulder > Casablanca Boulders > Casablanca Area > Mile Two Boulders > (2) Mile Two > Guest River Gorge > Southwest Virginia (Appalachia) > Virginia,https://www.mountainproject.com/route/115388769/head-in-the-clouds,3,Boulder,V1,1,15,36.90657,-82.41947
Truffle Shuffle Slab,Truffle Boulder > Sharp Block (Standards) > Spooky Rocks > Keelowkee Lake > HKL West > High Knob Landform > Southwest Virginia (Appalachia) > Virginia,https://www.mountainproject.com/route/118806298/truffle-shuffle-slab,3,Boulder,V2,1,11,36.91842,-82.64316
Cannonball Arete,Slide Boulder > Turtle Area > Cliff Mountain Boulders > HKL West > High Knob Landform > Southwest Virginia (Appalachia) > Virginia,https://www.mountainproject.com/route/117727910/cannonball-arete,3,Boulder,V2,1,8,36.78702,-82.78807
.The Sapling,Timber Boulder > Timber Boulders > Lower Darkside > Darkside > Jay's Creek > Southwest Virginia (Appalachia) > Virginia,https://www.mountainproject.com/route/118237230/the-sapling,3,Boulder,V3,1,11,36.90949,-82.45516
Cast Iron Right,Skillet Boulder > Around The Bend (Jasper) > Spooky Rocks > Keelowkee Lake > HKL West > High Knob Landform > Southwest Virginia (Appalachia) > Virginia,https://www.mountainproject.com/route/118752115/cast-iron-right,3,Boulder,V1,1,11,36.91842,-82.64317
Remain Silent,Police Boulder > Around The Bend (Jasper) > Spooky Rocks > Keelowkee Lake > HKL West > High Knob Landform > Southwest Virginia (Appalachia) > Virginia,https://www.mountainproject.com/route/118752828/remain-silent,3,Boulder,V3-4,1,35,36.91842,-82.64317
Snail Trail Traverse,Nnelg Boulder > Nnelg > Mill Creek > Blacksburg Vicinity > Southwest Virginia (Appalachia) > Virginia,https://www.mountainproject.com/route/118989112/snail-trail-traverse,3,Boulder,V3-4,1,NA,37.31013,-80.79722
Goulash,Stewball Boulder > Labyrinth > HKL East > High Knob Landform > Southwest Virginia (Appalachia) > Virginia,https://www.mountainproject.com/route/120679382/goulash,3,Boulder,V0-1,1,15,36.9097,-82.6302
Midsommar,High Water Boulder > Labyrinth > HKL East > High Knob Landform > Southwest Virginia (Appalachia) > Virginia,https://www.mountainproject.com/route/120679657/midsommar,3,Boulder,V1,1,20,36.9097,-82.6302
Pooper Scooper,Scoop Boulder > Bridge Climbing (Three Amigos) > Spooky Rocks > Keelowkee Lake > HKL West > High Knob Landform > Southwest Virginia (Appalachia) > Virginia,https://www.mountainproject.com/route/118732368/pooper-scooper,3,Boulder,V0,1,10,36.91842,-82.64318
Low Self Esteem,Esteem Boulder > Main Wall (Spooky) > Spooky Rocks > Keelowkee Lake > HKL West > High Knob Landform > Southwest Virginia (Appalachia) > Virginia,https://www.mountainproject.com/route/118770212/low-self-esteem,3,Boulder,V3,1,14,36.91842,-82.64318
Chemical Bears,Chemical Boulder > Foundation Boulders > Bearpen Boulders > ~M.R.N.R.A. > Grayson Highlands State Park > Southwest Virginia (Appalachia) > Virginia,https://www.mountainproject.com/route/119382722/chemical-bears,3,Boulder,V2,1,10,36.62156,-81.51111
Quench,Thirsty Boulder > Recluse Area > Bearpen Boulders > ~M.R.N.R.A. > Grayson Highlands State Park > Southwest Virginia (Appalachia) > Virginia,https://www.mountainproject.com/route/119155174/quench,3,Boulder,V3-4,1,10,36.62156,-81.51111
Fortunate Arete,Silver Fortune Boulder > New Beginnings Area > Mile Two Boulders > (2) Mile Two > Guest River Gorge > Southwest Virginia (Appalachia) > Virginia,https://www.mountainproject.com/route/120425002/fortunate-arete,3,Boulder,V1,1,15,36.90032,-82.41947
Apocalypto,Jungle Block > Center Lightside Bouldering > Center Lightside > Lightside > Jay's Creek > Southwest Virginia (Appalachia) > Virginia,https://www.mountainproject.com/route/122191309/apocalypto,3,Boulder,V3,1,10,36.89937,-82.4186
Cast Iron Left,Skillet Boulder > Around The Bend (Jasper) > Spooky Rocks > Keelowkee Lake > HKL West > High Knob Landform > Southwest Virginia (Appalachia) > Virginia,https://www.mountainproject.com/route/118752109/cast-iron-left,3,Boulder,V1,1,11,36.91842,-82.64317
Halloumi,Vanishing Boulder > Main Wall (Spooky) > Spooky Rocks > Keelowkee Lake > HKL West > High Knob Landform > Southwest Virginia (Appalachia) > Virginia,https://www.mountainproject.com/route/118770327/halloumi,3,Boulder,V2,1,11,36.91842,-82.64318
Cherry Bomb Arete,Cherry Boulder > Sharp Block (Standards) > Spooky Rocks > Keelowkee Lake > HKL West > High Knob Landform > Southwest Virginia (Appalachia) > Virginia,https://www.mountainproject.com/route/118806093/cherry-bomb-arete,3,Boulder,V3,1,12,36.91842,-82.64316
DeLorean,DeLorean Block > New Beginnings Area > Mile Two Boulders > (2) Mile Two > Guest River Gorge > Southwest Virginia (Appalachia) > Virginia,https://www.mountainproject.com/route/120425207/delorean,3,Boulder,V1,1,10,36.90031,-82.41947
Sauté,Skillet Boulder > Around The Bend (Jasper) > Spooky Rocks > Keelowkee Lake > HKL West > High Knob Landform > Southwest Virginia (Appalachia) > Virginia,https://www.mountainproject.com/route/118770024/saute,3,Boulder,V1,1,12,36.91842,-82.64317
Syndicate,Company Boulder > Around The Bend (Jasper) > Spooky Rocks > Keelowkee Lake > HKL West > High Knob Landform > Southwest Virginia (Appalachia) > Virginia,https://www.mountainproject.com/route/118770107/syndicate,3,Boulder,V2,1,NA,36.91842,-82.64316
L 45 Campus,Warm-Up Boulder > The Belly Boulder Area > McAfee's Knob > Southwest Virginia (Appalachia) > Virginia,https://www.mountainproject.com/route/114406955/l-45-campus,3,Boulder,V2+,1,15,37.39252,-80.03966
Runestone Sit,Viking Boulder > Main Wall (Spooky) > Spooky Rocks > Keelowkee Lake > HKL West > High Knob Landform > Southwest Virginia (Appalachia) > Virginia,https://www.mountainproject.com/route/118770146/runestone-sit,3,Boulder,V3-4,1,18,36.91842,-82.64315
Its A Great Day To Be Alive,Falling Water Slab > Flowstones > Bearpen Boulders > ~M.R.N.R.A. > Grayson Highlands State Park > Southwest Virginia (Appalachia) > Virginia,https://www.mountainproject.com/route/120980368/its-a-great-day-to-be-alive,3,Boulder,V0-1,1,12,36.62156,-81.51111
Wall Arete,Hole In The Wall Boulder > Otter Boulders > Casablanca Area > Mile Two Boulders > (2) Mile Two > Guest River Gorge > Southwest Virginia (Appalachia) > Virginia,https://www.mountainproject.com/route/115420024/wall-arete,3,Boulder,V1,1,12,36.90239,-82.42728
Side of Ranch,Ranch Boulder > ~M.R.N.R.A. > Grayson Highlands State Park > Southwest Virginia (Appalachia) > Virginia,https://www.mountainproject.com/route/122374854/side-of-ranch,3,Boulder,V2,1,12,36.62156,-81.51111
Boogie-Woogie,Crystalight Boulder > Labyrinth > HKL East > High Knob Landform > Southwest Virginia (Appalachia) > Virginia,https://www.mountainproject.com/route/112145412/boogie-woogie,3,Boulder,V2,1,13,36.9097,-82.6302
Meat Snack,Snack Roof > Devil's Boulders > HKL West > High Knob Landform > Southwest Virginia (Appalachia) > Virginia,https://www.mountainproject.com/route/115159403/meat-snack,3,Boulder,V2,1,13,36.9193,-82.6269
Heart of Gold,Gold Boulder > Main Wall (Spooky) > Spooky Rocks > Keelowkee Lake > HKL West > High Knob Landform > Southwest Virginia (Appalachia) > Virginia,https://www.mountainproject.com/route/118732240/heart-of-gold,3,Boulder,V1,1,11,36.91842,-82.64318
Get what you Give,Give Boulder > Main Wall (Spooky) > Spooky Rocks > Keelowkee Lake > HKL West > High Knob Landform > Southwest Virginia (Appalachia) > Virginia,https://www.mountainproject.com/route/118732272/get-what-you-give,3,Boulder,V1,1,11,36.91842,-82.64318
Parabellum,Parabellum Boulder > Philly Blocks > Keelowkee Lake > HKL West > High Knob Landform > Southwest Virginia (Appalachia) > Virginia,https://www.mountainproject.com/route/120378840/parabellum,3,Boulder,V2,1,11,36.85815,-82.90333
All that Glitters,Gold Boulder > Main Wall (Spooky) > Spooky Rocks > Keelowkee Lake > HKL West > High Knob Landform > Southwest Virginia (Appalachia) > Virginia,https://www.mountainproject.com/route/118732249/all-that-glitters,3,Boulder,V1,1,11,36.91842,-82.64318
Yonder Mountain,Beyond Boulder > Lower Lightside Bouldering > Lower Lightside > Lightside > Jay's Creek > Southwest Virginia (Appalachia) > Virginia,https://www.mountainproject.com/route/122082955/yonder-mountain,3,Boulder,V3,1,12,36.89937,-82.4186
Wish you Well,Wish Boulder > Devil's Boulders > HKL West > High Knob Landform > Southwest Virginia (Appalachia) > Virginia,https://www.mountainproject.com/route/115159206/wish-you-well,3,Boulder,V1,1,13,36.9193,-82.6269
Spiracle,Shark Fin Boulder > Center Lightside Bouldering > Center Lightside > Lightside > Jay's Creek > Southwest Virginia (Appalachia) > Virginia,https://www.mountainproject.com/route/115180350/spiracle,3,Boulder,V2-3,1,14,36.89937,-82.41859
Burden of Proof,Burden Boulder > Philly Blocks > Keelowkee Lake > HKL West > High Knob Landform > Southwest Virginia (Appalachia) > Virginia,https://www.mountainproject.com/route/120376445/burden-of-proof,3,Boulder,V3-4,1,8,36.85826,-82.90422
Nest Arete,Nest Boulder > Hemingway Boulders > Bearpen Boulders > ~M.R.N.R.A. > Grayson Highlands State Park > Southwest Virginia (Appalachia) > Virginia,https://www.mountainproject.com/route/114433203/nest-arete,3,Boulder,V0,1,11,36.62156,-81.51111
Coat Check,Gallery Boulder > Center Lightside Bouldering > Center Lightside > Lightside > Jay's Creek > Southwest Virginia (Appalachia) > Virginia,https://www.mountainproject.com/route/114144575/coat-check,3,Boulder,V2,1,15,36.89937,-82.4186
",The Nest",Nest Boulder > Hemingway Boulders > Bearpen Boulders > ~M.R.N.R.A. > Grayson Highlands State Park > Southwest Virginia (Appalachia) > Virginia,https://www.mountainproject.com/route/114433103/the-nest,3,Boulder,V3,1,10,36.62156,-81.51111
Steam Factory,Steam Boulder > Upper Lightside Bouldering > Upper Lightside > Lightside > Jay's Creek > Southwest Virginia (Appalachia) > Virginia,https://www.mountainproject.com/route/114084741/steam-factory,3,Boulder,V3,1,17,36.89939,-82.41864
Portrait of a Woman,Gallery Boulder > Center Lightside Bouldering > Center Lightside > Lightside > Jay's Creek > Southwest Virginia (Appalachia) > Virginia,https://www.mountainproject.com/route/114144589/portrait-of-a-woman,3,Boulder,V2-3,1,18,36.89937,-82.4186
Portrait of a Man,Gallery Boulder > Center Lightside Bouldering > Center Lightside > Lightside > Jay's Creek > Southwest Virginia (Appalachia) > Virginia,https://www.mountainproject.com/route/114144602/portrait-of-a-man,3,Boulder,V2-3,1,18,36.89937,-82.4186
Red Fox Arete,Haunted Boulder > Upper Lightside Bouldering > Upper Lightside > Lightside > Jay's Creek > Southwest Virginia (Appalachia) > Virginia,https://www.mountainproject.com/route/114041397/red-fox-arete,3,Boulder,V3,1,15,36.89942,-82.41864
Uniquely Tattooless,RVA Riva Trash Area > Belle Isle > Richmond Vicinity > Central & Southern VA Region > Virginia,https://www.mountainproject.com/route/108088504/uniquely-tattooless,3,Boulder,V1,1,15,37.5275,-77.4567
Shaolin Style,Samurai Boulder > Samurai Area > Mile Two Boulders > (2) Mile Two > Guest River Gorge > Southwest Virginia (Appalachia) > Virginia,https://www.mountainproject.com/route/112284286/shaolin-style,3,Boulder,V3-4,1,20,36.90032,-82.41947
Scatter Gun,Shotgun Boulder > Upper Lightside Bouldering > Upper Lightside > Lightside > Jay's Creek > Southwest Virginia (Appalachia) > Virginia,https://www.mountainproject.com/route/114084684/scatter-gun,3,Boulder,V2-3,1,16,36.89939,-82.41864
Buckshot,Shotgun Boulder > Upper Lightside Bouldering > Upper Lightside > Lightside > Jay's Creek > Southwest Virginia (Appalachia) > Virginia,https://www.mountainproject.com/route/114084675/buckshot,3,Boulder,V2-3,1,16,36.89939,-82.41864
Kit-n-Caboodle,Collective Block > Hemingway Boulders > Bearpen Boulders > ~M.R.N.R.A. > Grayson Highlands State Park > Southwest Virginia (Appalachia) > Virginia,https://www.mountainproject.com/route/113140052/kit-n-caboodle,3,Boulder,V3,1,NA,36.62198,-81.51111
Lion Heart,Heart Boulder > Gasland > Upper Darkside > Darkside > Jay's Creek > Southwest Virginia (Appalachia) > Virginia,https://www.mountainproject.com/route/113886293/lion-heart,3,Boulder,V2,1,13,36.89935,-82.41877
Gallop,Pegasus Boulder > Gasland > Upper Darkside > Darkside > Jay's Creek > Southwest Virginia (Appalachia) > Virginia,https://www.mountainproject.com/route/113897362/gallop,3,Boulder,V3,1,15,36.89935,-82.41877
O' Be Joyful (left exit),Joyful Boulder > Gasland > Upper Darkside > Darkside > Jay's Creek > Southwest Virginia (Appalachia) > Virginia,https://www.mountainproject.com/route/113886436/o-be-joyful-left-exit,3,Boulder,V2,1,13,36.89935,-82.41877
Unicorn Arete,Pegasus Boulder > Gasland > Upper Darkside > Darkside > Jay's Creek > Southwest Virginia (Appalachia) > Virginia,https://www.mountainproject.com/route/113897372/unicorn-arete,3,Boulder,V1-2,1,13,36.89935,-82.41877
Wolves in the Timber,Uphill Crag I > Lower River > N. Fork Moorman's Area > South District > Shenandoah National Park > Shenandoah & NW VA Region > Virginia,https://www.mountainproject.com/route/107310244/wolves-in-the-timber,3,Boulder,V0+,1,25,38.14596,-78.74731
Kingdom Come,King Boulder > Back of Beyond > Haw Orchard > Grayson Highlands State Park > Southwest Virginia (Appalachia) > Virginia,https://www.mountainproject.com/route/113659834/kingdom-come,3,Boulder,V1,1,18,36.6235,-81.47669
King of The Castle,King Boulder > Back of Beyond > Haw Orchard > Grayson Highlands State Park > Southwest Virginia (Appalachia) > Virginia,https://www.mountainproject.com/route/113659842/king-of-the-castle,3,Boulder,V0-1,1,18,36.6235,-81.47669
Ripple Roof,Ripple Roof > Balanced Rock Boulders > Clear Creek > HKL East > High Knob Landform > Southwest Virginia (Appalachia) > Virginia,https://www.mountainproject.com/route/113416249/ripple-roof,3,Boulder,V3-4,1,13,36.91862,-82.62638
Divine Gesture,Hemingway Boulder > Hemingway Boulders > Bearpen Boulders > ~M.R.N.R.A. > Grayson Highlands State Park > Southwest Virginia (Appalachia) > Virginia,https://www.mountainproject.com/route/113139746/divine-gesture,3,Boulder,V3,1,8,36.62171,-81.51197
Singlestew Crack,Singularity Boulder > Labyrinth > HKL East > High Knob Landform > Southwest Virginia (Appalachia) > Virginia,https://www.mountainproject.com/route/113499154/singlestew-crack,3,Boulder,V1 PG13,1,18,36.9097,-82.6302
Balancing Act,Balanced Rock > Balanced Rock Boulders > Clear Creek > HKL East > High Knob Landform > Southwest Virginia (Appalachia) > Virginia,https://www.mountainproject.com/route/113416262/balancing-act,3,Boulder,V3,1,25,36.91903,-82.62518
Walk Hard,Underking Boulder > Ginseng > Moonlight > Listening Rock Trail > Grayson Highlands State Park > Southwest Virginia (Appalachia) > Virginia,https://www.mountainproject.com/route/112570689/walk-hard,3,Boulder,V2-3,1,15,36.6122,-81.4912
Oleander Meander,Oleander Boulder > Moonlight > Moonlight > Listening Rock Trail > Grayson Highlands State Park > Southwest Virginia (Appalachia) > Virginia,https://www.mountainproject.com/route/112531420/oleander-meander,3,Boulder,V2-3,1,14,36.6122,-81.4912
Death In The Evening,Hemingway Boulder > Hemingway Boulders > Bearpen Boulders > ~M.R.N.R.A. > Grayson Highlands State Park > Southwest Virginia (Appalachia) > Virginia,https://www.mountainproject.com/route/112542659/death-in-the-evening,3,Boulder,V2,1,10,36.62171,-81.51197
Liberty Warm-Up,Liberty Boulder > Hemingway Boulders > Bearpen Boulders > ~M.R.N.R.A. > Grayson Highlands State Park > Southwest Virginia (Appalachia) > Virginia,https://www.mountainproject.com/route/112542730/liberty-warm-up,3,Boulder,V0,1,9,36.62171,-81.51128
Revolution Arete,Revolution Boulder > Ridge Boulders > Bearpen Boulders > ~M.R.N.R.A. > Grayson Highlands State Park > Southwest Virginia (Appalachia) > Virginia,https://www.mountainproject.com/route/112542760/revolution-arete,3,Boulder,V2-3,1,12,36.62143,-81.51076
Eyes Wide Open,Vision Boulder > Vision Area > Mile Two Boulders > (2) Mile Two > Guest River Gorge > Southwest Virginia (Appalachia) > Virginia,https://www.mountainproject.com/route/112340366/eyes-wide-open,3,Boulder,V2,1,9,36.9,-82.41781
Death Roof (Dyno Exit),Death Roof > Night Vale Area > Mile 3 Boulders > (3) Mile Three > Guest River Gorge > Southwest Virginia (Appalachia) > Virginia,https://www.mountainproject.com/route/112265722/death-roof-dyno-exit,3,Boulder,V3,1,14,36.8995,-82.42126
Collective Corner,Collective Boulder > Hemingway Boulders > Bearpen Boulders > ~M.R.N.R.A. > Grayson Highlands State Park > Southwest Virginia (Appalachia) > Virginia,https://www.mountainproject.com/route/112542753/collective-corner,3,Boulder,V2,1,13,36.62212,-81.51111
Every Vote Counts,Election Boulder > Samurai Area > Mile Two Boulders > (2) Mile Two > Guest River Gorge > Southwest Virginia (Appalachia) > Virginia,https://www.mountainproject.com/route/112304211/every-vote-counts,3,Boulder,V3,1,13,36.89908,-82.42035
Redemption Crack,Shawshank Boulder > Labyrinth > HKL East > High Knob Landform > Southwest Virginia (Appalachia) > Virginia,https://www.mountainproject.com/route/112145728/redemption-crack,3,Boulder,V1,1,15,36.9097,-82.6302
Line Of Sight,Vision Boulder > Vision Area > Mile Two Boulders > (2) Mile Two > Guest River Gorge > Southwest Virginia (Appalachia) > Virginia,https://www.mountainproject.com/route/112342482/line-of-sight,3,Boulder,V2,1,12,36.9,-82.41781
Down for the Cause,Down Roofs > Vision Area > Mile Two Boulders > (2) Mile Two > Guest River Gorge > Southwest Virginia (Appalachia) > Virginia,https://www.mountainproject.com/route/112401460/down-for-the-cause,3,Boulder,V3,1,12,36.89936,-82.42136
Lonesome Pine,Lonesome Boulder > Labyrinth > HKL East > High Knob Landform > Southwest Virginia (Appalachia) > Virginia,https://www.mountainproject.com/route/112073448/lonesome-pine,3,Boulder,V0-1,1,20,36.90957,-82.63003
Down for the Count,Down Roofs > Vision Area > Mile Two Boulders > (2) Mile Two > Guest River Gorge > Southwest Virginia (Appalachia) > Virginia,https://www.mountainproject.com/route/112401470/down-for-the-count,3,Boulder,V3,1,12,36.89936,-82.42136
Jolene,Big Rig Boulder > Wild Wood > Haw Orchard > Grayson Highlands State Park > Southwest Virginia (Appalachia) > Virginia,https://www.mountainproject.com/route/111685519/jolene,3,Boulder,V3,1,17,36.6185,-81.48122
Princess Bride,Shawshank Boulder > Labyrinth > HKL East > High Knob Landform > Southwest Virginia (Appalachia) > Virginia,https://www.mountainproject.com/route/112145757/princess-bride,3,Boulder,V2,1,15,36.9097,-82.6302
First AID,Shawshank Boulder > Labyrinth > HKL East > High Knob Landform > Southwest Virginia (Appalachia) > Virginia,https://www.mountainproject.com/route/112073318/first-aid,3,Boulder,V1-2,1,18,36.9097,-82.6302
Badger,Badger Boulder > Wild Wood > Haw Orchard > Grayson Highlands State Park > Southwest Virginia (Appalachia) > Virginia,https://www.mountainproject.com/route/111875964/badger,3,Boulder,V3,1,12,36.6185,-81.48122
Chairlift,Get To Boulder > Main Area > The Forest > Blue Ridge Parkway > Charlottesville vicinity > Central & Southern VA Region > Virginia,https://www.mountainproject.com/route/123037924/chairlift,2.5,Boulder,V0,1,10,37.89286,-79.05089
Middle Brother,V1 Roadside Boulder > Whiterock Gap Roadside Boulders > Ridgeline > The Forest > Blue Ridge Parkway > Charlottesville vicinity > Central & Southern VA Region > Virginia,https://www.mountainproject.com/route/123038060/middle-brother,3,Boulder,V1-2,1,15,37.89539,-79.04432
Blackberry Blossom,Hollow Trail Boulders > Mint Springs Park > Charlottesville vicinity > Central & Southern VA Region > Virginia,https://www.mountainproject.com/route/107293166/blackberry-blossom,3,Boulder,V3,1,15,38.05671,-78.46161
Used To Be A Farm,Beaver Creek Reservoir > Charlottesville vicinity > Central & Southern VA Region > Virginia,https://www.mountainproject.com/route/107290510/used-to-be-a-farm,3,Boulder,V3,1,8,38.05671,-78.46161
Moonstone,Moonstone Boulder > Moonstone Area > Mile 1 Boulders > (1) Mile One > Guest River Gorge > Southwest Virginia (Appalachia) > Virginia,https://www.mountainproject.com/route/123097379/moonstone,3,Boulder,V3,1,12,36.90071,-82.42116
Worm Hole,Galaxy Boulder > Tunnel Area > Mile 1 Boulders > (1) Mile One > Guest River Gorge > Southwest Virginia (Appalachia) > Virginia,https://www.mountainproject.com/route/111332345/worm-hole,3,Boulder,V1-2,1,30,36.90073,-82.42119
Village,Get To Boulder > Main Area > The Forest > Blue Ridge Parkway > Charlottesville vicinity > Central & Southern VA Region > Virginia,https://www.mountainproject.com/route/123037990/village,2.1,Boulder,V0+,1,10,37.89286,-79.05089
Luna,Moonstone Boulder > Moonstone Area > Mile 1 Boulders > (1) Mile One > Guest River Gorge > Southwest Virginia (Appalachia) > Virginia,https://www.mountainproject.com/route/123097413/luna,3,Boulder,V1,1,13,36.90071,-82.42116
Rhapsody,Humble Pie Boulder > Fantasia Boulders > Casablanca Area > Mile Two Boulders > (2) Mile Two > Guest River Gorge > Southwest Virginia (Appalachia) > Virginia,https://www.mountainproject.com/route/109926072/rhapsody,3,Boulder,V3,1,10,36.37206,-81.88869
Francis or Frances?,Holy Moly Boulder > Labyrinth > HKL East > High Knob Landform > Southwest Virginia (Appalachia) > Virginia,https://www.mountainproject.com/route/108575818/francis-or-frances,3,Boulder,V2,1,22,36.9097,-82.6302
Cannonball,Right Boulder > Across The Road Boulders > Blue Ridge Parkway > Charlottesville vicinity > Central & Southern VA Region > Virginia,https://www.mountainproject.com/route/107317640/cannonball,3,Boulder,V2+,1,15,37.86878,-79.05932
No One Likes You Tiger Woods,Golf Course Boulder > Camp Rock  Ridge > HKL East > High Knob Landform > Southwest Virginia (Appalachia) > Virginia,https://www.mountainproject.com/route/108505466/no-one-likes-you-tiger-woods,3,Boulder,V3-4,1,9,36.02984,-82.56246
", The Whale",Casino Boulder > Stock Blocks > Keelowkee Lake > HKL West > High Knob Landform > Southwest Virginia (Appalachia) > Virginia,https://www.mountainproject.com/route/123088242/the-whale,3,Boulder,V2,1,8,36.85592,-82.86416
Coal Train Arete,Coal Train Boulder > Widow Area > Mile 1 Boulders > (1) Mile One > Guest River Gorge > Southwest Virginia (Appalachia) > Virginia,https://www.mountainproject.com/route/108823260/coal-train-arete,3,Boulder,V2,1,15,36.90073,-82.42119
Allegory of the Slab,Allegory Boulder > Labyrinth > HKL East > High Knob Landform > Southwest Virginia (Appalachia) > Virginia,https://www.mountainproject.com/route/108728169/allegory-of-the-slab,3,Boulder,V0-1,1,20,36.9097,-82.6302
"Lonesome, Onry, & Mean",Madness Boulder > Hinterland > Upchurch Area > Picnic Area > Grayson Highlands State Park > Southwest Virginia (Appalachia) > Virginia,https://www.mountainproject.com/route/109318270/lonesome-onry-mean,3,Boulder,V2,1,13,36.6122,-81.4912
Deep Thought,Deep Thought Block > Labyrinth > HKL East > High Knob Landform > Southwest Virginia (Appalachia) > Virginia,https://www.mountainproject.com/route/109309316/deep-thought,3,Boulder,V3,1,10,36.9097,-82.6302
Grave Digger (Stand),Monster Truck Boulder > Lowgarden > Garden Boulders > Boneyard Area > Grayson Highlands State Park > Southwest Virginia (Appalachia) > Virginia,https://www.mountainproject.com/route/109485064/grave-digger-stand,3,"Boulder, Alpine",V0-1,1,14,36.61272,-81.49442
Amanitas Arête,Fungi Boulder > Back of Beyond > Haw Orchard > Grayson Highlands State Park > Southwest Virginia (Appalachia) > Virginia,https://www.mountainproject.com/route/109509466/amanitas-arete,3,Boulder,V2,1,12,36.6235,-81.47622
Full Panic,Panic Wall > 5. Central > Listening Rock Trail > Grayson Highlands State Park > Southwest Virginia (Appalachia) > Virginia,https://www.mountainproject.com/route/109033159/full-panic,3,Boulder,V0 X,1,20,36.62279,-81.50167
Widow Maker,Widow Maker Roof > Widow Area > Mile 1 Boulders > (1) Mile One > Guest River Gorge > Southwest Virginia (Appalachia) > Virginia,https://www.mountainproject.com/route/109816525/widow-maker,3,Boulder,V1,1,11,36.90073,-82.42119
Devils Britches,Craft Boulder > Lowgarden > Garden Boulders > Boneyard Area > Grayson Highlands State Park > Southwest Virginia (Appalachia) > Virginia,https://www.mountainproject.com/route/109458499/devils-britches,3,"Boulder, Alpine",V2-3,1,12,36.61272,-81.49442
Monster Truck,Monster Truck Boulder > Lowgarden > Garden Boulders > Boneyard Area > Grayson Highlands State Park > Southwest Virginia (Appalachia) > Virginia,https://www.mountainproject.com/route/109458683/monster-truck,3,"Boulder, Alpine",V2-3,1,15,36.61272,-81.49442
Unknown,Boulder 4 > NellysFord > Charlottesville vicinity > Central & Southern VA Region > Virginia,https://www.mountainproject.com/route/108568635/unknown,3,Boulder,V2-3,1,11,37.91902,-78.90239
Flag Roof Left,Flag Roof > Forbidden Area > Flag Rock Bouldering > Flag Rock > HKL East > High Knob Landform > Southwest Virginia (Appalachia) > Virginia,https://www.mountainproject.com/route/109633131/flag-roof-left,3,Boulder,V3-4,1,20,36.9201,-82.62815
Windy Heights,Horizon Boulder > Horizon Area > Highlands > Grayson Highlands State Park > Southwest Virginia (Appalachia) > Virginia,https://www.mountainproject.com/route/106941103/windy-heights,2,Boulder,V1,1,12,36.6409,-81.50552
Rusty Buckets,Origins Boulder > Labyrinth > HKL East > High Knob Landform > Southwest Virginia (Appalachia) > Virginia,https://www.mountainproject.com/route/109303343/rusty-buckets,3,Boulder,V1,1,25,36.90524,-82.63237
Big Freeda,New Beginnings Boulder > New Beginnings Area > Mile Two Boulders > (2) Mile Two > Guest River Gorge > Southwest Virginia (Appalachia) > Virginia,https://www.mountainproject.com/route/108743924/big-freeda,3,Boulder,V3,1,12,36.90032,-82.41947
Face Off,Humble Pie Boulder > Fantasia Boulders > Casablanca Area > Mile Two Boulders > (2) Mile Two > Guest River Gorge > Southwest Virginia (Appalachia) > Virginia,https://www.mountainproject.com/route/109926086/face-off,3,Boulder,V3-4,1,11,36.37206,-81.88869
Rage Arete,Rage Boulders > Right Boneyard > Boneyard Area > Grayson Highlands State Park > Southwest Virginia (Appalachia) > Virginia,https://www.mountainproject.com/route/109112492/rage-arete,3,Boulder,V1,1,13,36.61272,-81.49442
Long Legs,Weaver Boulder > Cabin Creek > Highlands > Grayson Highlands State Park > Southwest Virginia (Appalachia) > Virginia,https://www.mountainproject.com/route/108154774/long-legs,3,Boulder,V0-1,1,15,36.61219,-81.4912
Atom Smasher,Atomic Block > Lowgarden > Garden Boulders > Boneyard Area > Grayson Highlands State Park > Southwest Virginia (Appalachia) > Virginia,https://www.mountainproject.com/route/109458540/atom-smasher,3,"Boulder, Alpine",V0-1,1,12,36.61272,-81.49442
Death Cap,Fungi Boulder > Back of Beyond > Haw Orchard > Grayson Highlands State Park > Southwest Virginia (Appalachia) > Virginia,https://www.mountainproject.com/route/109509458/death-cap,3,Boulder,V3-4,1,11,36.6235,-81.47622
Nothing But Time (Direct),Gospel Boulder > Labyrinth > HKL East > High Knob Landform > Southwest Virginia (Appalachia) > Virginia,https://www.mountainproject.com/route/109359194/nothing-but-time-direct,3,Boulder,V3,1,12,36.90957,-82.63089
Wake Robin,Trillium Boulder > Lowgarden > Garden Boulders > Boneyard Area > Grayson Highlands State Park > Southwest Virginia (Appalachia) > Virginia,https://www.mountainproject.com/route/109483093/wake-robin,3,"Boulder, Alpine",V2-3,1,10,36.61272,-81.49442
Black Trumpet,Fungi Boulder > Back of Beyond > Haw Orchard > Grayson Highlands State Park > Southwest Virginia (Appalachia) > Virginia,https://www.mountainproject.com/route/109509481/black-trumpet,3,Boulder,V2-3,1,13,36.6235,-81.47622
Calamity Arete,Calamity Boulder > Back of Beyond > Haw Orchard > Grayson Highlands State Park > Southwest Virginia (Appalachia) > Virginia,https://www.mountainproject.com/route/108945130/calamity-arete,3,Boulder,V3 R,1,15,36.6235,-81.47622
Done With The Troubles (direct),Gospel Boulder > Labyrinth > HKL East > High Knob Landform > Southwest Virginia (Appalachia) > Virginia,https://www.mountainproject.com/route/109359206/done-with-the-troubles-direct,3,Boulder,V3-4,1,13,36.90957,-82.63089
Magnolia Right,Magnolia Roof > Tunnel Area > Mile 1 Boulders > (1) Mile One > Guest River Gorge > Southwest Virginia (Appalachia) > Virginia,https://www.mountainproject.com/route/108770714/magnolia-right,3,Boulder,V2-3,1,10,36.90073,-82.42849
Counter Weight,Tipping Point Block > Back of Beyond > Haw Orchard > Grayson Highlands State Park > Southwest Virginia (Appalachia) > Virginia,https://www.mountainproject.com/route/108953093/counter-weight,3,Boulder,V3-4,1,9,36.6235,-81.47622
Apex Crack,Apex Roof > Back of Beyond > Haw Orchard > Grayson Highlands State Park > Southwest Virginia (Appalachia) > Virginia,https://www.mountainproject.com/route/108408664/apex-crack,3,Boulder,V2,1,11,36.6235,-81.47622
Thunder Dihedral,Thunder Boulders > Back of Beyond > Haw Orchard > Grayson Highlands State Park > Southwest Virginia (Appalachia) > Virginia,https://www.mountainproject.com/route/108935749/thunder-dihedral,3,Boulder,V0-1,1,15,36.6235,-81.47622
Thunder on the Mountain,Primary Bouldering Wall > Bear Den Mountain > South District > Shenandoah National Park > Shenandoah & NW VA Region > Virginia,https://www.mountainproject.com/route/107308267/thunder-on-the-mountain,3,Boulder,V2,1,15,38.23367,-78.73183
Fin Fang Foom,The Villian's Lair > (2) Drop Area (Horseshoe Area) > Atkins Bouldering > Southwest Virginia (Appalachia) > Virginia,https://www.mountainproject.com/route/106980289/fin-fang-foom,3,Boulder,V1,1,12,36.911,-81.45
My Beloved,Sunset Boulder > Labyrinth > HKL East > High Knob Landform > Southwest Virginia (Appalachia) > Virginia,https://www.mountainproject.com/route/109309407/my-beloved,3,Boulder,V2,1,18,36.9097,-82.6302
All Of The Sudden,Deep Thought Block > Labyrinth > HKL East > High Knob Landform > Southwest Virginia (Appalachia) > Virginia,https://www.mountainproject.com/route/109358748/all-of-the-sudden,3,Boulder,V3-4,1,18,36.9097,-82.6302
Bewegungslehre,Principia Boulder > Back of Beyond > Haw Orchard > Grayson Highlands State Park > Southwest Virginia (Appalachia) > Virginia,https://www.mountainproject.com/route/108945227/bewegungslehre,3,Boulder,V3,1,15,36.6235,-81.47622
Split Cheek Creek,Split Cheek Block > Labyrinth > HKL East > High Knob Landform > Southwest Virginia (Appalachia) > Virginia,https://www.mountainproject.com/route/108332921/split-cheek-creek,3,Boulder,V0,1,6,36.9097,-82.6302
Wild Ten,Bombora Boulder > Back of Beyond > Haw Orchard > Grayson Highlands State Park > Southwest Virginia (Appalachia) > Virginia,https://www.mountainproject.com/route/108945123/wild-ten,3,Boulder,V2,1,18,36.6235,-81.47622
Dynosaur Direct,Evolution Block > Back of Beyond > Haw Orchard > Grayson Highlands State Park > Southwest Virginia (Appalachia) > Virginia,https://www.mountainproject.com/route/108972357/dynosaur-direct,3,Boulder,V2-3,1,9,36.6235,-81.47622
Inertiatic,Whispering Wall > Stones > Harkening Hill > Southwest Virginia (Appalachia) > Virginia,https://www.mountainproject.com/route/108041728/inertiatic,3,Boulder,V1-,1,15,37.46555,-79.60949
Illuminate,Luminary Boulder > Luminary Area > Haw Orchard > Grayson Highlands State Park > Southwest Virginia (Appalachia) > Virginia,https://www.mountainproject.com/route/107160143/illuminate,3,Boulder,V2,1,NA,36.6185,-81.48122
Modern Times,Hollow Trail Boulders > Mint Springs Park > Charlottesville vicinity > Central & Southern VA Region > Virginia,https://www.mountainproject.com/route/107284295/modern-times,3.5,Boulder,V1,1,8,38.05671,-78.46161
No Mans Land,Rock House Boulder > Picnic Area Boulders > Picnic Area > Grayson Highlands State Park > Southwest Virginia (Appalachia) > Virginia,https://www.mountainproject.com/route/107289878/no-mans-land,3,Boulder,V3 R,1,20,36.62523,-81.48157
Divine Arete,Theotókos Boulder > Osborne East > Osborne Rock/Ridge > HKL East > High Knob Landform > Southwest Virginia (Appalachia) > Virginia,https://www.mountainproject.com/route/108520541/divine-arete,3,Boulder,V2,1,17,36.91954,-82.62855
Big Divot,Golf Course Boulder > Camp Rock  Ridge > HKL East > High Knob Landform > Southwest Virginia (Appalachia) > Virginia,https://www.mountainproject.com/route/108505476/big-divot,3,Boulder,V3,1,9,36.02984,-82.56246
Wild Goose Chase,Grand  Design Boulder > Vision Area > Mile Two Boulders > (2) Mile Two > Guest River Gorge > Southwest Virginia (Appalachia) > Virginia,https://www.mountainproject.com/route/108731710/wild-goose-chase,3,Boulder,V3-4,1,25,36.90032,-82.41947
For Better or Worse,Grand  Design Boulder > Vision Area > Mile Two Boulders > (2) Mile Two > Guest River Gorge > Southwest Virginia (Appalachia) > Virginia,https://www.mountainproject.com/route/108652116/for-better-or-worse,3,Boulder,V1,1,20,36.90032,-82.41947
"One Fish, Two Fish",Dr. Seuss Boulder > Osborne West > Osborne Rock/Ridge > HKL East > High Knob Landform > Southwest Virginia (Appalachia) > Virginia,https://www.mountainproject.com/route/108520441/one-fish-two-fish,3,Boulder,V1-2,1,18,36.91954,-82.62855
Groove Machine (Stand),Ravine Block > Osborne East > Osborne Rock/Ridge > HKL East > High Knob Landform > Southwest Virginia (Appalachia) > Virginia,https://www.mountainproject.com/route/108520556/groove-machine-stand,3,Boulder,V3,1,8,36.91954,-82.62855
Walking Tall,Arbiter Boulder > Middle Boneyard > Boneyard Area > Grayson Highlands State Park > Southwest Virginia (Appalachia) > Virginia,https://www.mountainproject.com/route/107726043/walking-tall,3,Boulder,V1,1,35,36.61271,-81.49507
Arbiter Arête,Arbiter Boulder > Middle Boneyard > Boneyard Area > Grayson Highlands State Park > Southwest Virginia (Appalachia) > Virginia,https://www.mountainproject.com/route/107743193/arbiter-arete,3,Boulder,V3,1,15,36.61271,-81.49507
Ultraquist,Church Boulder > Church Boulders > Upchurch Area > Picnic Area > Grayson Highlands State Park > Southwest Virginia (Appalachia) > Virginia,https://www.mountainproject.com/route/108170350/ultraquist,3,Boulder,V2-3,1,11,36.6122,-81.4912
Chiral,Chiral Boulder > Paradise Peak > Rhododendron Gap Bouldering > ~M.R.N.R.A. > Grayson Highlands State Park > Southwest Virginia (Appalachia) > Virginia,https://www.mountainproject.com/route/108020562/chiral,3,Boulder,V1,1,9,36.6122,-81.4912
Perfecto Crack,Perfecto Boulder > Inner Circle > Harkening Hill > Southwest Virginia (Appalachia) > Virginia,https://www.mountainproject.com/route/107858509/perfecto-crack,3,Boulder,V1-2,1,12,37.4555,-79.6196
Justice For All,Justice Roof > Outlaw Area > Picnic Area > Grayson Highlands State Park > Southwest Virginia (Appalachia) > Virginia,https://www.mountainproject.com/route/108273137/justice-for-all,3,Boulder,V3,1,10,36.62702,-81.47885
Voice of Harold,Hollow Trail Boulders > Mint Springs Park > Charlottesville vicinity > Central & Southern VA Region > Virginia,https://www.mountainproject.com/route/107296490/voice-of-harold,3,Boulder,V1+,1,10,38.05671,-78.46161
Overdose,No Humor In Suicide Boulder > McCormick Gap Boulders > South District > Shenandoah National Park > Shenandoah & NW VA Region > Virginia,https://www.mountainproject.com/route/107308509/overdose,3,Boulder,V3,1,20,38.23367,-78.73183
Juijitsu Hold,Burlstain Boulder > Stones > Harkening Hill > Southwest Virginia (Appalachia) > Virginia,https://www.mountainproject.com/route/107427414/juijitsu-hold,3,Boulder,V3,1,10,37.46555,-79.60949
Worth The Squeeze,Squeeze Wall > Fat Man's Squeeze Area > Rhododendron Peak > Rhododendron Gap Bouldering > ~M.R.N.R.A. > Grayson Highlands State Park > Southwest Virginia (Appalachia) > Virginia,https://www.mountainproject.com/route/108020889/worth-the-squeeze,3,Boulder,V3,1,20,36.6122,-81.4912
Swallowtail,Swallow Boulder > Hinterland > Upchurch Area > Picnic Area > Grayson Highlands State Park > Southwest Virginia (Appalachia) > Virginia,https://www.mountainproject.com/route/108189488/swallowtail,3,Boulder,V3,1,10,36.6122,-81.4912
Beautiful Arête,Beautiful Arête Boulder > 5. Central > Listening Rock Trail > Grayson Highlands State Park > Southwest Virginia (Appalachia) > Virginia,https://www.mountainproject.com/route/108382370/beautiful-arete,3,Boulder,V2 R,1,13,36.62279,-81.50167
String Theory,Theory Boulder > Wild Wood > Haw Orchard > Grayson Highlands State Park > Southwest Virginia (Appalachia) > Virginia,https://www.mountainproject.com/route/107957511/string-theory,3,Boulder,V3-4,1,12,36.6185,-81.48122
Triceratops,Dinosaur Boulder > Wild Wood > Haw Orchard > Grayson Highlands State Park > Southwest Virginia (Appalachia) > Virginia,https://www.mountainproject.com/route/108088622/triceratops,3,Boulder,V1,1,15,36.6185,-81.48122
Holocene,Holocene Boulder > Back of Beyond > Haw Orchard > Grayson Highlands State Park > Southwest Virginia (Appalachia) > Virginia,https://www.mountainproject.com/route/108394869/holocene,3,Boulder,V2,1,9,36.6235,-81.47622
Puzzler,Puzzler Boulder > Paradise Peak > Rhododendron Gap Bouldering > ~M.R.N.R.A. > Grayson Highlands State Park > Southwest Virginia (Appalachia) > Virginia,https://www.mountainproject.com/route/108020570/puzzler,3,Boulder,V0,1,8,36.6122,-81.4912
Count Crackula,Monster Boulder > Wild Wood > Haw Orchard > Grayson Highlands State Park > Southwest Virginia (Appalachia) > Virginia,https://www.mountainproject.com/route/108042351/count-crackula,3,Boulder,V1,1,8,36.6185,-81.48122
Burkes Garden Roof,Burkes Garden Roof > North Ridge > Burkes Garden > Southwest Virginia (Appalachia) > Virginia,https://www.mountainproject.com/route/108105906/burkes-garden-roof,3,Boulder,V3,1,13,37.08461,-81.30223
Denial River,Continent Boulder > Osborne North > Osborne Rock/Ridge > HKL East > High Knob Landform > Southwest Virginia (Appalachia) > Virginia,https://www.mountainproject.com/route/108520372/denial-river,3,Boulder,V2,1,10,36.91954,-82.62855
Agnosticism,Church Boulder > Church Boulders > Upchurch Area > Picnic Area > Grayson Highlands State Park > Southwest Virginia (Appalachia) > Virginia,https://www.mountainproject.com/route/108170372/agnosticism,3,Boulder,V1,1,12,36.6122,-81.4912
Lee Massie,Massie Boulder > Sunset Area > Highlands > Grayson Highlands State Park > Southwest Virginia (Appalachia) > Virginia,https://www.mountainproject.com/route/107635618/lee-massie,3,Boulder,V3,1,18,36.6333,-81.5089
Throwing Copper,Warm Up Sector (Left Most Block) > Mile Post 6.25 Crag > Blue Ridge Parkway > Charlottesville vicinity > Central & Southern VA Region > Virginia,https://www.mountainproject.com/route/107306785/throwing-copper,3,Boulder,V0+,1,15,37.86878,-79.05932
Campfire Slab,Campfire Slab > Campground Boulders > Campground Area > Grayson Highlands State Park > Southwest Virginia (Appalachia) > Virginia,https://www.mountainproject.com/route/107065771/campfire-slab,3,Boulder,V0-1,1,25,36.6122,-81.4912
Full Moon,Moon Wall > Campground Boulders > Campground Area > Grayson Highlands State Park > Southwest Virginia (Appalachia) > Virginia,https://www.mountainproject.com/route/107071943/full-moon,3,Boulder,V2,1,25,36.6122,-81.4912
Lava Flow Arete,Lava Boulder > Sunset Area > Highlands > Grayson Highlands State Park > Southwest Virginia (Appalachia) > Virginia,https://www.mountainproject.com/route/107624713/lava-flow-arete,3,Boulder,V2-3,1,20,36.6333,-81.5089
Pass The Pigs (To The Left),Pigs Boulder > Hinterland > Upchurch Area > Picnic Area > Grayson Highlands State Park > Southwest Virginia (Appalachia) > Virginia,https://www.mountainproject.com/route/108177734/pass-the-pigs-to-the-left,3,Boulder,V3-4,1,10,36.6122,-81.4912
Gazelle Dihedral,Gazelle Boulder > Highgarden > Garden Boulders > Boneyard Area > Grayson Highlands State Park > Southwest Virginia (Appalachia) > Virginia,https://www.mountainproject.com/route/108276693/gazelle-dihedral,3,"Boulder, Alpine",V0-1,1,12,36.6185,-81.48122
Slim Shady,8 Mile Slab > Pyramid Area > Cascades Bouldering > Blacksburg Vicinity > Southwest Virginia (Appalachia) > Virginia,https://www.mountainproject.com/route/107807731/slim-shady,3,Boulder,V3,1,13,37.35505,-80.59643
Sub-Commander T'Pol,Space Boulder > 5. Central > Listening Rock Trail > Grayson Highlands State Park > Southwest Virginia (Appalachia) > Virginia,https://www.mountainproject.com/route/107640900/sub-commander-tpol,3,Boulder,V1,1,9,36.62279,-81.50167
Intubation Station,No Humor In Suicide Boulder > McCormick Gap Boulders > South District > Shenandoah National Park > Shenandoah & NW VA Region > Virginia,https://www.mountainproject.com/route/107308515/intubation-station,3,Boulder,V1,1,8,38.23367,-78.73183
Shy of the Moon,Warming Up to the Ice Age Boulder > Afton Mtn Entrance Area > South District > Shenandoah National Park > Shenandoah & NW VA Region > Virginia,https://www.mountainproject.com/route/107308368/shy-of-the-moon,3,Boulder,V2+,1,25,38.23367,-78.73183
So Long Farewell,Moonlight Right > Moonlight > Moonlight > Listening Rock Trail > Grayson Highlands State Park > Southwest Virginia (Appalachia) > Virginia,https://www.mountainproject.com/route/107470407/so-long-farewell,3,Boulder,V2,1,20,36.6122,-81.4912
Moon Phase,Moon Wall > Campground Boulders > Campground Area > Grayson Highlands State Park > Southwest Virginia (Appalachia) > Virginia,https://www.mountainproject.com/route/107071951/moon-phase,3,Boulder,V0+,1,20,36.6122,-81.4912
Here But Missing,Right of Rock Fence > Mile Post 6.25 Crag > Blue Ridge Parkway > Charlottesville vicinity > Central & Southern VA Region > Virginia,https://www.mountainproject.com/route/107306952/here-but-missing,3,Boulder,V3,1,30,37.86878,-79.05932
Black Eyed Suzie,Warm Up Sector (Left Most Block) > Mile Post 6.25 Crag > Blue Ridge Parkway > Charlottesville vicinity > Central & Southern VA Region > Virginia,https://www.mountainproject.com/route/107306793/black-eyed-suzie,3,Boulder,V1,1,20,37.86878,-79.05932
Campground Crack,Campground Boulder > Campground Boulders > Campground Area > Grayson Highlands State Park > Southwest Virginia (Appalachia) > Virginia,https://www.mountainproject.com/route/107146515/campground-crack,3,Boulder,V0-1,1,25,36.6122,-81.4912
Ghost Face,Panic Wall > 5. Central > Listening Rock Trail > Grayson Highlands State Park > Southwest Virginia (Appalachia) > Virginia,https://www.mountainproject.com/route/107749149/ghost-face,3,Boulder,V0-1,1,18,36.62279,-81.50167
Boulder Direct,Bouldergasm > Stones > Harkening Hill > Southwest Virginia (Appalachia) > Virginia,https://www.mountainproject.com/route/107425394/boulder-direct,3,Boulder,V3,1,9,37.46555,-79.60949
Fresh Eyes,Sam's Boulder > Egg Basket > Harkening Hill > Southwest Virginia (Appalachia) > Virginia,https://www.mountainproject.com/route/107438359/fresh-eyes,3,Boulder,V3,1,8,37.44952,-79.61618
Under the Dome,Erector Boulder > Stones > Harkening Hill > Southwest Virginia (Appalachia) > Virginia,https://www.mountainproject.com/route/107422704/under-the-dome,3,Boulder,V2,1,9,37.45487,-79.61831
Planetarium,Planet Block > Contrast Area > Cascades Bouldering > Blacksburg Vicinity > Southwest Virginia (Appalachia) > Virginia,https://www.mountainproject.com/route/107567955/planetarium,3,Boulder,V2,1,11,37.35982,-80.58863
The Deed,Devil's Kitchen > Devil's Kitchen > McAfee's Knob > Southwest Virginia (Appalachia) > Virginia,https://www.mountainproject.com/route/107087773/the-deed,2.8,Boulder,V3,1,8,37.39156,-80.03708
Tragedy Of The Commons,Spray Boulder > Main Boulder Area > Main Boulderfield Area > Bluefield Boulders > Southwest Virginia (Appalachia) > Virginia,https://www.mountainproject.com/route/107273622/tragedy-of-the-commons,3,Boulder,V3,1,11,36.65847,-81.53778
Twosies Corner,Twosie Boulder > Stones > Harkening Hill > Southwest Virginia (Appalachia) > Virginia,https://www.mountainproject.com/route/107423629/twosies-corner,3,Boulder,V1,1,8,37.46555,-79.60949
Moonshine Traverse,Moonshine Wall > Ginseng > Moonlight > Listening Rock Trail > Grayson Highlands State Park > Southwest Virginia (Appalachia) > Virginia,https://www.mountainproject.com/route/107693166/moonshine-traverse,3,Boulder,V0-1,1,20,36.6122,-81.4912
Sauce Arête,RossBlock > Pyramid Area > Cascades Bouldering > Blacksburg Vicinity > Southwest Virginia (Appalachia) > Virginia,https://www.mountainproject.com/route/107533508/sauce-arete,2.5,Boulder,V2,1,11,37.35505,-80.59643
Napalm,Napalm Boulder > 3. Autumn Area > Listening Rock Trail > Grayson Highlands State Park > Southwest Virginia (Appalachia) > Virginia,https://www.mountainproject.com/route/107349304/napalm,3,Boulder,V3,1,18,36.62279,-81.50167
Cresent City,Moby Dick Boulder > Deer Stand Boulders > P.A. Byrom Park > Charlottesville vicinity > Central & Southern VA Region > Virginia,https://www.mountainproject.com/route/107319218/cresent-city,3,Boulder,V1 PG13,1,8,38.22089,-78.6494
Breach,Moby Dick Boulder > Deer Stand Boulders > P.A. Byrom Park > Charlottesville vicinity > Central & Southern VA Region > Virginia,https://www.mountainproject.com/route/107319207/breach,3,Boulder,V2+,1,14,38.22089,-78.6494
Zirconia,The Cube > Pebbles > Harkening Hill > Southwest Virginia (Appalachia) > Virginia,https://www.mountainproject.com/route/107427360/zirconia,3,Boulder,V1,1,8,37.4555,-79.6196
Height School,Arbiter Boulder > Middle Boneyard > Boneyard Area > Grayson Highlands State Park > Southwest Virginia (Appalachia) > Virginia,https://www.mountainproject.com/route/106967785/height-school,3,Boulder,V3,1,25,36.61271,-81.49507
Totally Tuna,Tuna Boulder > 5. Central > Listening Rock Trail > Grayson Highlands State Park > Southwest Virginia (Appalachia) > Virginia,https://www.mountainproject.com/route/107382136/totally-tuna,3,Boulder,V3,1,12,36.62279,-81.50167
Country Comfort Traverse,Retaining Wall Boulder > Ridgeline Boulders > P.A. Byrom Park > Charlottesville vicinity > Central & Southern VA Region > Virginia,https://www.mountainproject.com/route/107315741/country-comfort-traverse,3,Boulder,V2+,1,28,38.22089,-78.6494
Spawn,Salmon roof > Main Boulder Area > Main Boulderfield Area > Bluefield Boulders > Southwest Virginia (Appalachia) > Virginia,https://www.mountainproject.com/route/107273640/spawn,3,Boulder,V1,1,15,36.65847,-81.53778
Tank Girl,Hero Wall > (2) Drop Area (Horseshoe Area) > Atkins Bouldering > Southwest Virginia (Appalachia) > Virginia,https://www.mountainproject.com/route/106980103/tank-girl,3,Boulder,V2,1,NA,36.911,-81.45
FontainBluefield,Ripple Wall > Main Boulder Area > Main Boulderfield Area > Bluefield Boulders > Southwest Virginia (Appalachia) > Virginia,https://www.mountainproject.com/route/107293013/fontainbluefield,3,Boulder,V3-4,1,11,36.65847,-81.53778
Lady in Grey,Spy vs. Spy Area > (2) Drop Area (Horseshoe Area) > Atkins Bouldering > Southwest Virginia (Appalachia) > Virginia,https://www.mountainproject.com/route/106979655/lady-in-grey,3,Boulder,V0,1,NA,36.911,-81.45
Pinky,Hero Wall > (2) Drop Area (Horseshoe Area) > Atkins Bouldering > Southwest Virginia (Appalachia) > Virginia,https://www.mountainproject.com/route/106980221/pinky,3,Boulder,V1,1,NA,36.911,-81.45
Two Face,The Villian's Lair > (2) Drop Area (Horseshoe Area) > Atkins Bouldering > Southwest Virginia (Appalachia) > Virginia,https://www.mountainproject.com/route/106980311/two-face,3,Boulder,V3,1,12,36.911,-81.45
Terrapin Top-Out,Spring Boulder > (1) Roadside Boulders > Atkins Bouldering > Southwest Virginia (Appalachia) > Virginia,https://www.mountainproject.com/route/106493349/terrapin-top-out,3,Boulder,V2+,1,9,36.911,-81.45
Milk Crack,Badger Boulder > Wild Wood > Haw Orchard > Grayson Highlands State Park > Southwest Virginia (Appalachia) > Virginia,https://www.mountainproject.com/route/106511272/milk-crack,3,Boulder,V0+,1,15,36.6185,-81.48122
The Warm Up Mantle (standing),Warm Up Boulder > (1) Roadside Boulders > Atkins Bouldering > Southwest Virginia (Appalachia) > Virginia,https://www.mountainproject.com/route/106492158/the-warm-up-mantle-standing,3,Boulder,V0-1,1,7,36.91059,-81.44413
Pink Salmon,Salmon roof > Main Boulder Area > Main Boulderfield Area > Bluefield Boulders > Southwest Virginia (Appalachia) > Virginia,https://www.mountainproject.com/route/106586538/pink-salmon,3,Boulder,V1-2,1,20,36.65847,-81.53778
Morty's Arete,The Rick Area > Crescent Boulders > Shenandoah & NW VA Region > Virginia,https://www.mountainproject.com/route/123516159/mortys-arete,3,Boulder,V-easy,1,8,39.12984,-77.85023
Sidewinder,Walker Texas Ranger Boudler > The Buttermilks > Richmond Vicinity > Central & Southern VA Region > Virginia,https://www.mountainproject.com/route/123413732/sidewinder,3,Boulder,V0,1,9,37.52942,-77.49179
Big Toe,Big Toe > Pyramid Area > Cascades Bouldering > Blacksburg Vicinity > Southwest Virginia (Appalachia) > Virginia,https://www.mountainproject.com/route/123447582/big-toe,2.8,Boulder,V0+ R,1,10,37.35748,-80.5915
Waxing,Slab face > Quantum Dot Boulder > Charlottesville vicinity > Central & Southern VA Region > Virginia,https://www.mountainproject.com/route/123532574/waxing,3,Boulder,V1+,1,15,38.02822,-78.56532
Toy Story,Big 20 Boulder > Stock Blocks > Keelowkee Lake > HKL West > High Knob Landform > Southwest Virginia (Appalachia) > Virginia,https://www.mountainproject.com/route/123445648/toy-story,3,Boulder,V2,1,12,36.85592,-82.86416
Cold Compress,Winfield Wall > Conway Robinson Memorial State Forest > DC & Northern VA Region > Virginia,https://www.mountainproject.com/route/123483916/cold-compress,2.5,Boulder,V2,1,10,38.8155,-77.58831
True Gumby,Gumby > Main Area > The Forest > Blue Ridge Parkway > Charlottesville vicinity > Central & Southern VA Region > Virginia,https://www.mountainproject.com/route/123224092/true-gumby,2.8,Boulder,V2-3,1,15,37.89468,-79.0483
Pitch 15 (aka Shorties Only),East Wall > Union Station Track Wall > DC & Northern VA Region > Virginia,https://www.mountainproject.com/route/123461578/pitch-15-aka-shorties-only,3,Boulder,V3,1,10,38.90322,-77.00369
Mouse Trap,Slasher Boulder > The Cove > Richmond Vicinity > Central & Southern VA Region > Virginia,https://www.mountainproject.com/route/118866819/mouse-trap,2.6,Boulder,V3,1,13,37.53056,-77.47189
Blue Barracudas,The Hidden Temple > The Buttermilks > Richmond Vicinity > Central & Southern VA Region > Virginia,https://www.mountainproject.com/route/112505620/blue-barracudas,2.7,Boulder,V1,1,NA,37.52504,-77.47621
Big Boy (Stand),Big Boy > Main Area > The Forest > Blue Ridge Parkway > Charlottesville vicinity > Central & Southern VA Region > Virginia,https://www.mountainproject.com/route/119697326/big-boy-stand,2.6,Boulder,V1,1,17,37.89461,-79.04896
Terminator Traverse,Second Mountain > Shenandoah & NW VA Region > Virginia,https://www.mountainproject.com/route/113210526/terminator-traverse,2.4,Boulder,V2-3,1,NA,38.51696,-79.03842
Knife Party,Big Brother > Lewis Larus Park > Richmond Vicinity > Central & Southern VA Region > Virginia,https://www.mountainproject.com/route/116373728/knife-party,2.5,Boulder,V3,1,18,37.54659,-77.56279
The Cherry on Top (Sit Start),Summit Boulders > Old Rag > Shenandoah National Park > Shenandoah & NW VA Region > Virginia,https://www.mountainproject.com/route/118073584/the-cherry-on-top-sit-start,3,Boulder,V0,1,12,38.55182,-78.31499
Right 66,Alum Springs > DC & Northern VA Region > Virginia,https://www.mountainproject.com/route/118861190/right-66,2.8,Boulder,V3,1,10,38.288,-77.4835
Carapace,Snail Boulder > Blue Ridge Parkway > Charlottesville vicinity > Central & Southern VA Region > Virginia,https://www.mountainproject.com/route/121576370/carapace,2.7,Boulder,V2,1,12,37.98008,-78.90571
Unknown,Mushroom Boulder > Ridgeline > The Forest > Blue Ridge Parkway > Charlottesville vicinity > Central & Southern VA Region > Virginia,https://www.mountainproject.com/route/118812905/unknown,2.7,Boulder,V3+,1,12,37.89244,-79.04531
Split Crack,Warm-Up Wall > 1. Overlook Area > Listening Rock Trail > Grayson Highlands State Park > Southwest Virginia (Appalachia) > Virginia,https://www.mountainproject.com/route/107372184/split-crack,2.2,Boulder,V0,1,13,36.6224,-81.50295
Witt Arete,Horrendo Boulder > Right Blasters > Blaster Blocks > Keelowkee Lake > HKL West > High Knob Landform > Southwest Virginia (Appalachia) > Virginia,https://www.mountainproject.com/route/120536870/witt-arete,2.8,Boulder,V2,1,12,36.91727,-82.64657
Crash,Abyss Wall > 1. Overlook Area > Listening Rock Trail > Grayson Highlands State Park > Southwest Virginia (Appalachia) > Virginia,https://www.mountainproject.com/route/107303179/crash,2.6,Boulder,V1,1,10,36.62279,-81.50167
Secret Squirrel,Clandestine Block > Cascadia Area > Cascades Bouldering > Blacksburg Vicinity > Southwest Virginia (Appalachia) > Virginia,https://www.mountainproject.com/route/107531118/secret-squirrel,2.8,Boulder,V3,1,11,37.35369,-80.59625
Marion Barry,Springfield Bouldering (Hooes Rd) > DC & Northern VA Region > Virginia,https://www.mountainproject.com/route/119025792/marion-barry,2.7,Boulder,V2,1,8,38.7615,-77.2077
Peace of Westphalia (PoW),Horizon Boulder > Horizon Area > Highlands > Grayson Highlands State Park > Southwest Virginia (Appalachia) > Virginia,https://www.mountainproject.com/route/106868824/peace-of-westphalia-pow,1.9,Boulder,V0,1,14,36.6409,-81.50552
Jaws,Hive Boulder > 1. Overlook Area > Listening Rock Trail > Grayson Highlands State Park > Southwest Virginia (Appalachia) > Virginia,https://www.mountainproject.com/route/107343968/jaws,1.8,Boulder,V1,1,10,36.62238,-81.50243
Tommy Two,Gumby > Main Area > The Forest > Blue Ridge Parkway > Charlottesville vicinity > Central & Southern VA Region > Virginia,https://www.mountainproject.com/route/120115404/tommy-two,2.6,Boulder,V3,1,NA,37.89468,-79.0483
Coffee Is My Cologne,The Egg Boulder > The Buttermilks > Richmond Vicinity > Central & Southern VA Region > Virginia,https://www.mountainproject.com/route/109849385/coffee-is-my-cologne,2.3,Boulder,V3,1,10,37.52715,-77.48036
Top Ramen,Top Ramen Boulder > Pyramid Area > Cascades Bouldering > Blacksburg Vicinity > Southwest Virginia (Appalachia) > Virginia,https://www.mountainproject.com/route/107497317/top-ramen,2.6,Boulder,V2,1,NA,37.3573,-80.59148
Magnetic North,Horizon Boulder > Horizon Area > Highlands > Grayson Highlands State Park > Southwest Virginia (Appalachia) > Virginia,https://www.mountainproject.com/route/106936787/magnetic-north,2,Boulder,V1,1,NA,36.6409,-81.50552
Contact Left,Contact Boulder > Contact Station Boulders > Contact Station Area > Grayson Highlands State Park > Southwest Virginia (Appalachia) > Virginia,https://www.mountainproject.com/route/106794198/contact-left,2.4,Boulder,V3-4,1,10,36.6122,-81.47912
Ambergris,The Whale Boulder > The Buttermilks > Richmond Vicinity > Central & Southern VA Region > Virginia,https://www.mountainproject.com/route/113221163/ambergris,2.4,Boulder,V2,1,10,37.52574,-77.4784
Quarryman,Pimmit Run Trail Boulder > DC & Northern VA Region > Virginia,https://www.mountainproject.com/route/118681130/quarryman,2.6,Boulder,V2-3,1,11,38.93531,-77.13972
Compress Me,Figurehead Wall > Forest Hill Park > Richmond Vicinity > Central & Southern VA Region > Virginia,https://www.mountainproject.com/route/117966333/compress-me,2.9,Boulder,V1-,1,12,37.51783,-77.47332
Flake Static SDS,Mickey Mouse Boulders > McAfee's Knob > Southwest Virginia (Appalachia) > Virginia,https://www.mountainproject.com/route/114400348/flake-static-sds,2.5,Boulder,V3,1,10,37.38522,-80.07813
Tilt-A-Whirl,Tilt Boulder > Middle Boneyard > Boneyard Area > Grayson Highlands State Park > Southwest Virginia (Appalachia) > Virginia,https://www.mountainproject.com/route/106699565/tilt-a-whirl,2.3,Boulder,V2,1,8,36.61276,-81.50135
blockade,A.V.P. Boulder > A.V.P. Boulders > Boneyard Area > Grayson Highlands State Park > Southwest Virginia (Appalachia) > Virginia,https://www.mountainproject.com/route/106511897/blockade,2,Boulder,V1+,1,12,36.61324,-81.49537
You take the high road,Crossroads > Main Area > The Forest > Blue Ridge Parkway > Charlottesville vicinity > Central & Southern VA Region > Virginia,https://www.mountainproject.com/route/118813751/you-take-the-high-road,2.5,Boulder,V3,1,12,37.89525,-79.04718
Tips Only,Winfield Wall > Conway Robinson Memorial State Forest > DC & Northern VA Region > Virginia,https://www.mountainproject.com/route/118756082/tips-only,2.7,Boulder,V3-4,1,10,38.8155,-77.58831
Butter,Pony Pasture > Richmond Vicinity > Central & Southern VA Region > Virginia,https://www.mountainproject.com/route/118877083/butter,3,Boulder,V1,1,12,37.55167,-77.52207
Elephant in the Room,Trail side bouldering > Blue Ridge Rail Way Trail > Amherst County > Central & Southern VA Region > Virginia,https://www.mountainproject.com/route/120084651/elephant-in-the-room,3,Boulder,V2-3,1,NA,37.69803,-79.00532
Disney Vacation,Mickey Mouse Boulders > McAfee's Knob > Southwest Virginia (Appalachia) > Virginia,https://www.mountainproject.com/route/116120217/disney-vacation,2.4,Boulder,V3,1,NA,37.38522,-80.07813
Forbidden Silence,Hidden Boulder > Crescent Boulders > Shenandoah & NW VA Region > Virginia,https://www.mountainproject.com/route/120533901/forbidden-silence,2.5,Boulder,V2,1,8,39.12442,-77.85169
PigwagonXXXDragonforce,Pigwagon Boulder > Devil's Marbleyard > Southwest Virginia (Appalachia) > Virginia,https://www.mountainproject.com/route/114061056/pigwagonxxxdragonforce,2.7,Boulder,V2,1,15,37.58077,-79.47221
Plant World,Plant World Boulder > The Buttermilks > Richmond Vicinity > Central & Southern VA Region > Virginia,https://www.mountainproject.com/route/112415686/plant-world,2.5,Boulder,V3,1,25,37.52366,-77.46649
Sex Wax,Teahupo'o Boulder > The Beach > Mill Creek > Blacksburg Vicinity > Southwest Virginia (Appalachia) > Virginia,https://www.mountainproject.com/route/118987955/sex-wax,2.7,Boulder,V2,1,NA,37.31501,-80.79362
Right most problem,Civil war bridge > DC & Northern VA Region > Virginia,https://www.mountainproject.com/route/111469797/right-most-problem,2.7,Boulder,V1,1,15,38.91462,-77.27864
Right Side Slab,Road Facing Wall > Moorman's Boulders > Charlottesville vicinity > Central & Southern VA Region > Virginia,https://www.mountainproject.com/route/108723215/right-side-slab,2.7,Boulder,V2,1,20,38.05671,-78.46161
Paganish,Olympus Boulder > Picnic Area Boulders > Picnic Area > Grayson Highlands State Park > Southwest Virginia (Appalachia) > Virginia,https://www.mountainproject.com/route/106879092/paganish,2.7,Boulder,V3,1,16,36.62727,-81.48103
Unknow,Boulder 2 > NellysFord > Charlottesville vicinity > Central & Southern VA Region > Virginia,https://www.mountainproject.com/route/108632113/unknow,2.7,Boulder,V3,1,6,37.92046,-78.90358
Eagle Scout Traverse,Boy Scout Top Rope Wall > Horizon Area > Highlands > Grayson Highlands State Park > Southwest Virginia (Appalachia) > Virginia,https://www.mountainproject.com/route/106936741/eagle-scout-traverse,2.3,Boulder,V1+,1,30,36.64115,-81.50598
Wilburn Slab (Left),Wilburn Waters Boulder > Sunset Area > Highlands > Grayson Highlands State Park > Southwest Virginia (Appalachia) > Virginia,https://www.mountainproject.com/route/107635636/wilburn-slab-left,2.7,Boulder,V0+,1,18,36.6333,-81.5089
Hullabaloo,Trail's End Boulder > 4. Trails End Area > Listening Rock Trail > Grayson Highlands State Park > Southwest Virginia (Appalachia) > Virginia,https://www.mountainproject.com/route/107343948/hullabaloo,2.8,Boulder,V3+,1,NA,36.62279,-81.50167
The Eyebrow,The Slab > The Corridor & Beyond > McAfee's Knob > Southwest Virginia (Appalachia) > Virginia,https://www.mountainproject.com/route/107086634/the-eyebrow,2.7,Boulder,V0,1,15,37.39318,-80.03941
???,The Fortress > Stones > Harkening Hill > Southwest Virginia (Appalachia) > Virginia,https://www.mountainproject.com/route/107425417/anonymous,2.7,Boulder,V1,1,10,37.45483,-79.61864
Unknown Arete,The Slab > The Corridor & Beyond > McAfee's Knob > Southwest Virginia (Appalachia) > Virginia,https://www.mountainproject.com/route/107086653/unknown-arete,2.7,Boulder,V0,1,NA,37.39318,-80.03941
Danger Noodle,The Great Wall of Slimea > The Cove > Richmond Vicinity > Central & Southern VA Region > Virginia,https://www.mountainproject.com/route/116966377/danger-noodle,2.7,Boulder,V1+,1,15,37.53056,-77.47189
Shark Bait,Mickey Mouse Boulders > McAfee's Knob > Southwest Virginia (Appalachia) > Virginia,https://www.mountainproject.com/route/108922607/shark-bait,2.2,Boulder,V2,1,NA,37.38522,-80.07813
Velcro Crack,Big Brother > Lewis Larus Park > Richmond Vicinity > Central & Southern VA Region > Virginia,https://www.mountainproject.com/route/116373739/velcro-crack,2.2,Boulder,V0-1,1,15,37.54659,-77.56279
Whale's Mouth,The Whale Boulder > The Buttermilks > Richmond Vicinity > Central & Southern VA Region > Virginia,https://www.mountainproject.com/route/109850405/whales-mouth,2.3,Boulder,V3,1,10,37.52574,-77.4784
BBCC,Alum Springs > DC & Northern VA Region > Virginia,https://www.mountainproject.com/route/107717240/bbcc,2.2,Boulder,V2,1,NA,38.288,-77.4835
Relish,Picnic Boulder > Picnic Boulder & Block > Picnic Area Boulders > Picnic Area > Grayson Highlands State Park > Southwest Virginia (Appalachia) > Virginia,https://www.mountainproject.com/route/107145710/relish,1.8,Boulder,V1,1,7,36.62523,-81.48157
The Eye of Sauron,The Hobbit Hole > The Buttermilks > Richmond Vicinity > Central & Southern VA Region > Virginia,https://www.mountainproject.com/route/109862139/the-eye-of-sauron,2.4,Boulder,V3,1,8,37.52472,-77.47414
Sunday Drive,Little Brother > Lewis Larus Park > Richmond Vicinity > Central & Southern VA Region > Virginia,https://www.mountainproject.com/route/116373562/sunday-drive,2.2,Boulder,V2,1,14,37.54659,-77.56278
C Note,Cascadia > Cascadia Area > Cascades Bouldering > Blacksburg Vicinity > Southwest Virginia (Appalachia) > Virginia,https://www.mountainproject.com/route/110479971/c-note,2.6,Boulder,V3,1,12,37.35375,-80.59888
Counter Pressure,Roadside > McAfee's Knob > Southwest Virginia (Appalachia) > Virginia,https://www.mountainproject.com/route/106558681/counter-pressure,1.8,Boulder,V1,1,NA,37.3804,-80.0899
Boardwine Traverse,Warm-Up Wall > 1. Overlook Area > Listening Rock Trail > Grayson Highlands State Park > Southwest Virginia (Appalachia) > Virginia,https://www.mountainproject.com/route/107303121/boardwine-traverse,1.9,Boulder,V2,1,20,36.6224,-81.50295
Flake Dyno,Mickey Mouse Boulders > McAfee's Knob > Southwest Virginia (Appalachia) > Virginia,https://www.mountainproject.com/route/107084267/flake-dyno,2.1,Boulder,V3,1,7,37.38522,-80.07813
Route 66 slush,Alum Springs > DC & Northern VA Region > Virginia,https://www.mountainproject.com/route/118807262/route-66-slush,2.2,Boulder,V2-3,1,10,38.288,-77.4835
Baloo,Bears Den Boulders > DC & Northern VA Region > Virginia,https://www.mountainproject.com/route/118705354/baloo,2.4,Boulder,V0,1,15,39.11193,-77.85641
Sidepull to Glory,Bears Den Boulders > DC & Northern VA Region > Virginia,https://www.mountainproject.com/route/119376323/sidepull-to-glory,2.8,Boulder,V3+,1,8,39.11193,-77.85641
Top of the Pyramid,Pimmit Run Trail Boulder > DC & Northern VA Region > Virginia,https://www.mountainproject.com/route/118762801/top-of-the-pyramid,2.5,Boulder,V1+,1,8,38.93531,-77.13972
Claw Mark,Bears Den Boulders > DC & Northern VA Region > Virginia,https://www.mountainproject.com/route/118705286/claw-mark,2.4,Boulder,V1,1,8,39.11193,-77.85641
Tiny Claw Mark,Bears Den Boulders > DC & Northern VA Region > Virginia,https://www.mountainproject.com/route/118705313/tiny-claw-mark,2.3,Boulder,V1+,1,8,39.11193,-77.85641
Daisy Chain,Plant World Boulder > The Buttermilks > Richmond Vicinity > Central & Southern VA Region > Virginia,https://www.mountainproject.com/route/112462904/daisy-chain,2.7,Boulder,V3,1,10,37.52366,-77.46649
Lock Smith,SLS Roof > 2. SLS Area > Listening Rock Trail > Grayson Highlands State Park > Southwest Virginia (Appalachia) > Virginia,https://www.mountainproject.com/route/107349025/lock-smith,2.4,Boulder,V3,1,12,36.62279,-81.50167
Champion Arete,Title Fight Boulder > Title Fight Area > Cascades Bouldering > Blacksburg Vicinity > Southwest Virginia (Appalachia) > Virginia,https://www.mountainproject.com/route/107542464/champion-arete,2.6,Boulder,V2-3,1,12,37.35999,-80.58823
Inchworm,Warm-Up Wall > 1. Overlook Area > Listening Rock Trail > Grayson Highlands State Park > Southwest Virginia (Appalachia) > Virginia,https://www.mountainproject.com/route/107343963/inchworm,2,Boulder,V0,1,13,36.6224,-81.50295
Squeezy,Gulf Branch > DC & Northern VA Region > Virginia,https://www.mountainproject.com/route/108466707/squeezy,2.4,Boulder,V2,1,8,38.9251,-77.11354
Spearhead,Pony Pasture > Richmond Vicinity > Central & Southern VA Region > Virginia,https://www.mountainproject.com/route/118204349/spearhead,2.4,Boulder,V1,1,10,37.55167,-77.52207
Angry Albatross,Vendetta Boulder > The Cove > Richmond Vicinity > Central & Southern VA Region > Virginia,https://www.mountainproject.com/route/116960124/angry-albatross,2.6,Boulder,V3,1,8,37.53056,-77.47189
Yeet,Vendetta Boulder > The Cove > Richmond Vicinity > Central & Southern VA Region > Virginia,https://www.mountainproject.com/route/118866669/yeet,2.1,Boulder,V2-3,1,8,37.53056,-77.47189
Bar Fight,Little Brother > Lewis Larus Park > Richmond Vicinity > Central & Southern VA Region > Virginia,https://www.mountainproject.com/route/118103194/bar-fight,2.4,Boulder,V3,1,10,37.54659,-77.56278
Space Invaders,Cascadia > Cascadia Area > Cascades Bouldering > Blacksburg Vicinity > Southwest Virginia (Appalachia) > Virginia,https://www.mountainproject.com/route/107459418/space-invaders,2.3,Boulder,V3,1,10,37.35375,-80.59888
Sunset Arête,Sunset Boulder > Sunset Area > Highlands > Grayson Highlands State Park > Southwest Virginia (Appalachia) > Virginia,https://www.mountainproject.com/route/107046664/sunset-arete,2.5,Boulder,V1,1,12,36.6431,-81.50239
Tall Dark and Beefy,Abyss Wall > 1. Overlook Area > Listening Rock Trail > Grayson Highlands State Park > Southwest Virginia (Appalachia) > Virginia,https://www.mountainproject.com/route/107282550/tall-dark-and-beefy,2.4,Boulder,V3,1,15,36.62279,-81.50167
Old Forge,Winfield Wall > Conway Robinson Memorial State Forest > DC & Northern VA Region > Virginia,https://www.mountainproject.com/route/118695996/old-forge,2.8,Boulder,V3,1,10,38.8155,-77.58831
The Reach,Bears Den Boulders > DC & Northern VA Region > Virginia,https://www.mountainproject.com/route/118737105/the-reach,2.3,Boulder,V1,1,8,39.11193,-77.85641
Barrel Roll,Mustang Boulder > Rock Point Overlook > Blue Ridge Parkway > Charlottesville vicinity > Central & Southern VA Region > Virginia,https://www.mountainproject.com/route/120546082/barrel-roll,2.5,Boulder,V3,1,12,37.93755,-78.94933
Tartar,The Molar > The Buttermilks > Richmond Vicinity > Central & Southern VA Region > Virginia,https://www.mountainproject.com/route/112346372/tartar,2.1,Boulder,V2+,1,10,37.52837,-77.48373
Orbit,Second Mountain > Shenandoah & NW VA Region > Virginia,https://www.mountainproject.com/route/106765610/orbit,2.4,Boulder,V1-2,1,20,38.51696,-79.03842
Wing-Man (Stand),A.V.P. Boulder > A.V.P. Boulders > Boneyard Area > Grayson Highlands State Park > Southwest Virginia (Appalachia) > Virginia,https://www.mountainproject.com/route/106586171/wing-man-stand,2.2,Boulder,V2+,1,15,36.61324,-81.49537
Reagan's Nose,Reagan Boulder > Devil's Kitchen > McAfee's Knob > Southwest Virginia (Appalachia) > Virginia,https://www.mountainproject.com/route/107087820/reagans-nose,2.6,Boulder,V2,1,12,37.39143,-80.03726
Jenga,Episode Boulder > Middle Boneyard > Boneyard Area > Grayson Highlands State Park > Southwest Virginia (Appalachia) > Virginia,https://www.mountainproject.com/route/106757872/jenga,2.5,Boulder,V2,1,6,36.61271,-81.49507
Tilt-A-Whirl Direct,Tilt Boulder > Middle Boneyard > Boneyard Area > Grayson Highlands State Park > Southwest Virginia (Appalachia) > Virginia,https://www.mountainproject.com/route/106699573/tilt-a-whirl-direct,2.3,Boulder,V2,1,7,36.61276,-81.50135
Relish The Ride,Picnic Boulder > Picnic Boulder & Block > Picnic Area Boulders > Picnic Area > Grayson Highlands State Park > Southwest Virginia (Appalachia) > Virginia,https://www.mountainproject.com/route/107145741/relish-the-ride,1.9,Boulder,V1,1,10,36.62523,-81.48157
Will Arete,Cross Country Trail Boulders > DC & Northern VA Region > Virginia,https://www.mountainproject.com/route/118932098/will-arete,2.4,Boulder,V3,1,NA,38.72644,-77.21585
Unknown v0,Buzzard Rocks > Elizabeth Furnace > Shenandoah & NW VA Region > Virginia,https://www.mountainproject.com/route/116354385/unknown-v0,2.5,Boulder,V0,1,NA,38.9422,-78.3017
Travelling Riverside Blues,Led Zeppelin Boulders > DC & Northern VA Region > Virginia,https://www.mountainproject.com/route/121987666/travelling-riverside-blues,2.4,Boulder,V0+,1,8,38.90998,-77.09965
Low hanging fruit,Alum Springs > DC & Northern VA Region > Virginia,https://www.mountainproject.com/route/118807182/low-hanging-fruit,2.6,Boulder,V1,1,10,38.288,-77.4835
One Big Bite,Summit Boulders > Old Rag > Shenandoah National Park > Shenandoah & NW VA Region > Virginia,https://www.mountainproject.com/route/121976588/one-big-bite,2.5,Boulder,V0,1,10,38.55182,-78.31499
Inset,Pony Pasture > Richmond Vicinity > Central & Southern VA Region > Virginia,https://www.mountainproject.com/route/118650581/inset,2.5,Boulder,V2,1,10,37.55167,-77.52207
Hound Dog Left,Gulf Branch > DC & Northern VA Region > Virginia,https://www.mountainproject.com/route/119114950/hound-dog-left,2.5,Boulder,V2,1,12,38.9251,-77.11354
Rogues Crack,Winfield Wall > Conway Robinson Memorial State Forest > DC & Northern VA Region > Virginia,https://www.mountainproject.com/route/118695977/rogues-crack,2.3,Boulder,V1,1,8,38.8155,-77.58831
Fallout Boy,Pony Pasture > Richmond Vicinity > Central & Southern VA Region > Virginia,https://www.mountainproject.com/route/118876952/fallout-boy,3.2,Boulder,V3,1,14,37.55167,-77.52207
Twist and Pop,Vendetta Boulder > The Cove > Richmond Vicinity > Central & Southern VA Region > Virginia,https://www.mountainproject.com/route/118866782/twist-and-pop,2.1,Boulder,V1,1,8,37.53056,-77.47189
CHOMP CHOMP,Whileaway Boulder > The Buttermilks > Richmond Vicinity > Central & Southern VA Region > Virginia,https://www.mountainproject.com/route/120004445/chomp-chomp,2.7,Boulder,V2,1,8,37.52552,-77.45422
Farnsworth Layback,Trail side bouldering > Blue Ridge Rail Way Trail > Amherst County > Central & Southern VA Region > Virginia,https://www.mountainproject.com/route/120084648/farnsworth-layback,3,Boulder,V2-3,1,NA,37.69803,-79.00532
Arete Hugger,The Biker Area > The Buttermilks > Richmond Vicinity > Central & Southern VA Region > Virginia,https://www.mountainproject.com/route/118244039/arete-hugger,2.5,Boulder,V0+,1,15,37.52666,-77.48041
Warmup,Trail side bouldering > Blue Ridge Rail Way Trail > Amherst County > Central & Southern VA Region > Virginia,https://www.mountainproject.com/route/121799811/warmup,2.5,Boulder,V0,1,NA,37.69803,-79.00532
Fool's Gold,Golden Boulder > Crescent Boulders > Shenandoah & NW VA Region > Virginia,https://www.mountainproject.com/route/120534775/fools-gold,2.3,Boulder,V1,1,15,39.13342,-77.8466
Road Closure,Bello Boulders > Blue Ridge Parkway > Charlottesville vicinity > Central & Southern VA Region > Virginia,https://www.mountainproject.com/route/121967670/road-closure,2.5,Boulder,V2,1,15,37.88304,-79.15525
Lazy Lightning,Lands Run Boulders > North District > Shenandoah National Park > Shenandoah & NW VA Region > Virginia,https://www.mountainproject.com/route/117565633/lazy-lightning,2.5,Boulder,V2-3,1,15,38.83707,-78.19393
Grand Mami (stand),Hemlock Springs Boulder > Central District > Shenandoah National Park > Shenandoah & NW VA Region > Virginia,https://www.mountainproject.com/route/117371609/grand-mami-stand,2.7,Boulder,V2,1,15,38.5964,-78.36212
Smoke Stack,The Titanic Boulder > The Belly Boulder Area > McAfee's Knob > Southwest Virginia (Appalachia) > Virginia,https://www.mountainproject.com/route/118187485/smoke-stack,2.5,Boulder,V1-2,1,11,37.3925,-80.03994
Soft Top,The Wedge Boulder > The Beach > Mill Creek > Blacksburg Vicinity > Southwest Virginia (Appalachia) > Virginia,https://www.mountainproject.com/route/118988074/soft-top,2.5,Boulder,V3,1,NA,37.31351,-80.79541
Let it Bloom,Java Boulder > Butternut Hill > Mill Creek > Blacksburg Vicinity > Southwest Virginia (Appalachia) > Virginia,https://www.mountainproject.com/route/118988156/let-it-bloom,2.2,Boulder,V1,1,NA,37.31106,-80.79276
Wolf Cub,Trail Wolf Boulder > Camp Branch Trail > Breaks Bouldering > Breaks Interstate Park > Southwest Virginia (Appalachia) > Virginia,https://www.mountainproject.com/route/114142906/wolf-cub,2.5,Boulder,V2,1,11,37.12844,-82.41344
Shallow Short Shrift,Magrathea Boulder > Waterfall Area > Mill Creek > Blacksburg Vicinity > Southwest Virginia (Appalachia) > Virginia,https://www.mountainproject.com/route/118988940/shallow-short-shrift,2.5,Boulder,V3,1,NA,37.30277,-80.79409
Shoreline,Krystal Boulder > Slippery Slope > Mill Creek > Blacksburg Vicinity > Southwest Virginia (Appalachia) > Virginia,https://www.mountainproject.com/route/118988715/shoreline,2.5,Boulder,V2,1,NA,37.308839999999996,-80.79537
Blinky,Sega Roof Boulder > Genesis > Mill Creek > Blacksburg Vicinity > Southwest Virginia (Appalachia) > Virginia,https://www.mountainproject.com/route/119047186/blinky,2.7,Boulder,V3,1,10,37.30864,-80.79403
Gromet,Snake Pit Boulder > Butternut Hill > Mill Creek > Blacksburg Vicinity > Southwest Virginia (Appalachia) > Virginia,https://www.mountainproject.com/route/118988215/gromet,2.5,Boulder,V1,1,NA,37.3107,-80.79275
Gully Hunter,CCR Boulder > Butternut Hill > Mill Creek > Blacksburg Vicinity > Southwest Virginia (Appalachia) > Virginia,https://www.mountainproject.com/route/118988270/gully-hunter,2.5,Boulder,V3-4,1,NA,37.30854,-80.79254
Low traverse,Civil war bridge > DC & Northern VA Region > Virginia,https://www.mountainproject.com/route/111469808/low-traverse,2.5,Boulder,V1,1,NA,38.91462,-77.27864
Rodeo Dan,Boss Boulder > Lost world > Mill Creek > Blacksburg Vicinity > Southwest Virginia (Appalachia) > Virginia,https://www.mountainproject.com/route/119046966/rodeo-dan,2.5,Boulder,V1,1,NA,37.30308,-80.79896
Kinetic sculpture,Gallery Boulder > Center Lightside Bouldering > Center Lightside > Lightside > Jay's Creek > Southwest Virginia (Appalachia) > Virginia,https://www.mountainproject.com/route/115180316/kinetic-sculpture,2.5,Boulder,V3-4,1,15,36.89937,-82.4186
Roadside Seam,Roadside Boulder > Left Boneyard > Boneyard Area > Grayson Highlands State Park > Southwest Virginia (Appalachia) > Virginia,https://www.mountainproject.com/route/113629214/roadside-seam,2.5,Boulder,V0-1,1,11,36.61272,-81.49442
Shallow Minds,Deep Thought Block > Labyrinth > HKL East > High Knob Landform > Southwest Virginia (Appalachia) > Virginia,https://www.mountainproject.com/route/122060585/shallow-minds,2.5,Boulder,V2,1,9,36.9097,-82.6302
The Mossy Slab,Cascadia > Cascadia Area > Cascades Bouldering > Blacksburg Vicinity > Southwest Virginia (Appalachia) > Virginia,https://www.mountainproject.com/route/110486160/the-mossy-slab,2.3,Boulder,V-easy,1,NA,37.35375,-80.59888
Center Work,Hollow Trail Boulders > Mint Springs Park > Charlottesville vicinity > Central & Southern VA Region > Virginia,https://www.mountainproject.com/route/107280379/center-work,2.5,Boulder,V2+,1,8,38.05671,-78.46161
Merit Badge Arete,Boy Scout Top Rope Wall > Horizon Area > Highlands > Grayson Highlands State Park > Southwest Virginia (Appalachia) > Virginia,https://www.mountainproject.com/route/107621596/merit-badge-arete,2.5,Boulder,V0 PG13,1,NA,36.64115,-81.50598
Royal Mink,Royal Boulder > Stones > Harkening Hill > Southwest Virginia (Appalachia) > Virginia,https://www.mountainproject.com/route/108865374/royal-mink,2.5,Boulder,V3-4,1,10,37.46555,-79.60949
Sasquatch Corner,Sasquatch Block > Pyramid Area > Cascades Bouldering > Blacksburg Vicinity > Southwest Virginia (Appalachia) > Virginia,https://www.mountainproject.com/route/107807825/sasquatch-corner,2.5,Boulder,V2,1,11,37.35505,-80.59643
Razorback Crack,Pigs Boulder > Hinterland > Upchurch Area > Picnic Area > Grayson Highlands State Park > Southwest Virginia (Appalachia) > Virginia,https://www.mountainproject.com/route/108177696/razorback-crack,2.5,Boulder,V1,1,NA,36.6122,-81.4912
Blunt corner project,Trailside boulder > Trailside Area > Cascades Bouldering > Blacksburg Vicinity > Southwest Virginia (Appalachia) > Virginia,https://www.mountainproject.com/route/108019092/blunt-corner-project,2.7,Boulder,V3-,1,NA,37.35505,-80.59643
Betula,Wild Wood Boulder > Wild Wood > Haw Orchard > Grayson Highlands State Park > Southwest Virginia (Appalachia) > Virginia,https://www.mountainproject.com/route/107917874/betula,2.5,Boulder,V2-3,1,13,36.6185,-81.48122
Edge of  Time,Edge Of Time Area > Feral Peak > Rhododendron Gap Bouldering > ~M.R.N.R.A. > Grayson Highlands State Park > Southwest Virginia (Appalachia) > Virginia,https://www.mountainproject.com/route/106483799/edge-of-time,2.5,Boulder,V3,1,20,36.6122,-81.4912
Rosewood Casket,Crooked Road Boulder > Boneyard Area > Grayson Highlands State Park > Southwest Virginia (Appalachia) > Virginia,https://www.mountainproject.com/route/107193609/rosewood-casket,2.5,Boulder,V3-4,1,13,36.6122,-81.4912
George Michael,Faith Boulder > Wild Wood > Haw Orchard > Grayson Highlands State Park > Southwest Virginia (Appalachia) > Virginia,https://www.mountainproject.com/route/107907384/george-michael,2.5,Boulder,V2-3,1,12,36.6185,-81.48122
Seamless,Seamless Boulder > Stones > Harkening Hill > Southwest Virginia (Appalachia) > Virginia,https://www.mountainproject.com/route/107423599/seamless,2.5,Boulder,V2-3,1,9,37.45562,-79.62359
Celestial Arete,Luminary Boulder > Luminary Area > Haw Orchard > Grayson Highlands State Park > Southwest Virginia (Appalachia) > Virginia,https://www.mountainproject.com/route/107160150/celestial-arete,2.5,Boulder,V0+,1,NA,36.6185,-81.48122
Squatchin',Sasquatch Block > Pyramid Area > Cascades Bouldering > Blacksburg Vicinity > Southwest Virginia (Appalachia) > Virginia,https://www.mountainproject.com/route/107807839/squatchin,2.3,Boulder,V2+,1,NA,37.35505,-80.59643
Pickin' Seng,Ginseng Boulder > Ginseng > Moonlight > Listening Rock Trail > Grayson Highlands State Park > Southwest Virginia (Appalachia) > Virginia,https://www.mountainproject.com/route/107468694/pickin-seng,2.5,Boulder,V2,1,20,36.6122,-81.4912
Pop Shot,Pop Shot Block > Ginseng > Moonlight > Listening Rock Trail > Grayson Highlands State Park > Southwest Virginia (Appalachia) > Virginia,https://www.mountainproject.com/route/107469321/pop-shot,2.5,Boulder,V2,1,7,36.6122,-81.4912
Land Shark,Land Shark Arete > Moonlight > Moonlight > Listening Rock Trail > Grayson Highlands State Park > Southwest Virginia (Appalachia) > Virginia,https://www.mountainproject.com/route/107470335/land-shark,2.5,Boulder,V1,1,9,36.6122,-81.4912
Perilune,Space Boulder > 5. Central > Listening Rock Trail > Grayson Highlands State Park > Southwest Virginia (Appalachia) > Virginia,https://www.mountainproject.com/route/107349392/perilune,2.5,Boulder,V2,1,13,36.62279,-81.50167
Scary Mantle,Right Corridor > The Corridor & Beyond > McAfee's Knob > Southwest Virginia (Appalachia) > Virginia,https://www.mountainproject.com/route/107087460/scary-mantle,2.5,Boulder,V3,1,15,37.3801,-80.0898
Jetpack Skills,Jetpack Block > Ginseng > Moonlight > Listening Rock Trail > Grayson Highlands State Park > Southwest Virginia (Appalachia) > Virginia,https://www.mountainproject.com/route/107469227/jetpack-skills,2.5,Boulder,V3-4,1,8,36.6122,-81.4912
logarithm,Huckleberry Boulder > Luminary Area > Haw Orchard > Grayson Highlands State Park > Southwest Virginia (Appalachia) > Virginia,https://www.mountainproject.com/route/107505927/logarithm,2.5,Boulder,V3,1,14,36.6185,-81.48122
Big Easy,Buttercup Boulder > (1) Roadside Boulders > Atkins Bouldering > Southwest Virginia (Appalachia) > Virginia,https://www.mountainproject.com/route/106493291/big-easy,2.5,Boulder,V-easy,1,11,36.91089,-81.44417
Shank's Razor (Stinging Caterpillar),Springfield Bouldering (Hooes Rd) > DC & Northern VA Region > Virginia,https://www.mountainproject.com/route/113435293/shanks-razor-stinging-caterpillar,2.2,Boulder,V2-3,1,14,38.7615,-77.2077
True North,Horizon Boulder > Horizon Area > Highlands > Grayson Highlands State Park > Southwest Virginia (Appalachia) > Virginia,https://www.mountainproject.com/route/106868801/true-north,1.9,Boulder,V2,1,13,36.6409,-81.50552
Heel or Peel,Contact Boulder > Contact Station Boulders > Contact Station Area > Grayson Highlands State Park > Southwest Virginia (Appalachia) > Virginia,https://www.mountainproject.com/route/106762488/heel-or-peel,1.9,Boulder,V1,1,10,36.6122,-81.47912
A road less traveled,Crossroads > Main Area > The Forest > Blue Ridge Parkway > Charlottesville vicinity > Central & Southern VA Region > Virginia,https://www.mountainproject.com/route/118813791/a-road-less-traveled,2.2,Boulder,V1-2,1,15,37.89525,-79.04718
Dual,Abyss Wall > 1. Overlook Area > Listening Rock Trail > Grayson Highlands State Park > Southwest Virginia (Appalachia) > Virginia,https://www.mountainproject.com/route/107282538/dual,2.1,Boulder,V0,1,12,36.62279,-81.50167
People-Eater Arete,Left Dragon > Dragon Boulders > McAfee's Knob > Southwest Virginia (Appalachia) > Virginia,https://www.mountainproject.com/route/107369076/people-eater-arete,2,Boulder,V0-1,1,10,37.37974,-80.09339
Hummingbird,Warm-Up Wall > 1. Overlook Area > Listening Rock Trail > Grayson Highlands State Park > Southwest Virginia (Appalachia) > Virginia,https://www.mountainproject.com/route/107343953/hummingbird,2,Boulder,V0,1,NA,36.6224,-81.50295
Solitude,Seclusion > Great Falls > DC & Northern VA Region > Virginia,https://www.mountainproject.com/route/118661922/solitude,2.4,Boulder,V2+,1,8,38.98996,-77.24799
Fridays After Five,Best Boulder In Charlottesville > Charlottesville vicinity > Central & Southern VA Region > Virginia,https://www.mountainproject.com/route/118117513/fridays-after-five,2.3,Boulder,V0- PG13,1,15,38.02979,-78.55793
Corona Crush,Figurehead Wall > Forest Hill Park > Richmond Vicinity > Central & Southern VA Region > Virginia,https://www.mountainproject.com/route/118704223/corona-crush,1.9,Boulder,V0,1,15,37.51783,-77.47332
Isolation,Seclusion > Great Falls > DC & Northern VA Region > Virginia,https://www.mountainproject.com/route/118662052/isolation,2,Boulder,V0,1,8,38.98996,-77.24799
Sidecling Stand,Gumby > Main Area > The Forest > Blue Ridge Parkway > Charlottesville vicinity > Central & Southern VA Region > Virginia,https://www.mountainproject.com/route/120112568/sidecling-stand,2,Boulder,V3,1,NA,37.89468,-79.0483
Unknown,Bears Den Boulders > DC & Northern VA Region > Virginia,https://www.mountainproject.com/route/118742331/unknown,2.1,Boulder,V0-1,1,8,39.11193,-77.85641
Pocket Shot,A.V.P. Boulder > A.V.P. Boulders > Boneyard Area > Grayson Highlands State Park > Southwest Virginia (Appalachia) > Virginia,https://www.mountainproject.com/route/106784419/pocket-shot,2,Boulder,V1-2,1,8,36.61324,-81.49537
Hound Dog Right,Gulf Branch > DC & Northern VA Region > Virginia,https://www.mountainproject.com/route/119114911/hound-dog-right,2.3,Boulder,V0,1,12,38.9251,-77.11354
Guide Tennies,Left Fin > Streetside Fins > Picnic Area Boulders > Picnic Area > Grayson Highlands State Park > Southwest Virginia (Appalachia) > Virginia,https://www.mountainproject.com/route/107160572/guide-tennies,2.1,Boulder,V3,1,18,36.62523,-81.48157
The Cherry on Top,Summit Boulders > Old Rag > Shenandoah National Park > Shenandoah & NW VA Region > Virginia,https://www.mountainproject.com/route/113651613/the-cherry-on-top,2.3,Boulder,V1,1,12,38.55182,-78.31499
Choss Block,Alum Springs > DC & Northern VA Region > Virginia,https://www.mountainproject.com/route/118861104/choss-block,2.5,Boulder,V0,1,10,38.288,-77.4835
The Juggernaut,Alum Springs > DC & Northern VA Region > Virginia,https://www.mountainproject.com/route/118798493/the-juggernaut,2.7,Boulder,V2,1,10,38.288,-77.4835
Chakra Blues,The Hidden Temple > The Buttermilks > Richmond Vicinity > Central & Southern VA Region > Virginia,https://www.mountainproject.com/route/121679125/chakra-blues,2.8,Boulder,V3,1,NA,37.52504,-77.47621
Smokey,Bears Den Boulders > DC & Northern VA Region > Virginia,https://www.mountainproject.com/route/118705389/smokey,2.3,Boulder,V1-,1,15,39.11193,-77.85641
Jus de Crack,The Juicebox Boulder > The Buttermilks > Richmond Vicinity > Central & Southern VA Region > Virginia,https://www.mountainproject.com/route/121983603/jus-de-crack,2.6,Boulder,V3-,1,15,37.52969,-77.48441
Blood Root,Fort Windham Rocks > North District > Shenandoah National Park > Shenandoah & NW VA Region > Virginia,https://www.mountainproject.com/route/116807034/blood-root,2,Boulder,V2+,1,12,38.82394,-78.17043
The Moss matches the drapes,CrytaliS Boulder > The Buttermilks > Richmond Vicinity > Central & Southern VA Region > Virginia,https://www.mountainproject.com/route/120348134/the-moss-matches-the-drapes,2.2,Boulder,V0+,1,10,37.52979,-77.48462
Spelunkers,Fort Windham Rocks > North District > Shenandoah National Park > Shenandoah & NW VA Region > Virginia,https://www.mountainproject.com/route/116807194/spelunkers,2,Boulder,V1,1,12,38.82394,-78.17043
Toothache,Figurehead Wall > Forest Hill Park > Richmond Vicinity > Central & Southern VA Region > Virginia,https://www.mountainproject.com/route/113868364/toothache,2.6,Boulder,V0+,1,10,37.51783,-77.47332
Slap the Lip,Teahupo'o Boulder > The Beach > Mill Creek > Blacksburg Vicinity > Southwest Virginia (Appalachia) > Virginia,https://www.mountainproject.com/route/118987741/slap-the-lip,2.4,Boulder,V2,1,NA,37.31501,-80.79362
Map & Compass,Lost World Boulder > Right Blasters > Blaster Blocks > Keelowkee Lake > HKL West > High Knob Landform > Southwest Virginia (Appalachia) > Virginia,https://www.mountainproject.com/route/120536666/map-compass,2.3,Boulder,V2-3,1,10,36.91775,-82.64658
Close Call,Far Cry Boulder > Left Blasters > Blaster Blocks > Keelowkee Lake > HKL West > High Knob Landform > Southwest Virginia (Appalachia) > Virginia,https://www.mountainproject.com/route/121247242/close-call,2.3,Boulder,V2,1,10,36.91727,-82.64656
Skyline Arete,Skyline Boulder > Horizon Area > Highlands > Grayson Highlands State Park > Southwest Virginia (Appalachia) > Virginia,https://www.mountainproject.com/route/106857543/skyline-arete,2.3,Boulder,V3,1,13,36.6409,-81.5056
Happy Slab,The Slab > The Corridor & Beyond > McAfee's Knob > Southwest Virginia (Appalachia) > Virginia,https://www.mountainproject.com/route/107086643/happy-slab,2.3,Boulder,V2,1,15,37.39318,-80.03941
Grange Hall Crack,Mr. Casual Boulder > 3. Autumn Area > Listening Rock Trail > Grayson Highlands State Park > Southwest Virginia (Appalachia) > Virginia,https://www.mountainproject.com/route/107315966/grange-hall-crack,2.3,Boulder,V0,1,16,36.62279,-81.50167
Woodgrain,Air Boulder > Alchemy Area > Contact Station Area > Grayson Highlands State Park > Southwest Virginia (Appalachia) > Virginia,https://www.mountainproject.com/route/106836063/woodgrain,2.5,Boulder,V2-3,1,15,36.61245,-81.48092
Pretty Little Edges,Winfield Wall > Conway Robinson Memorial State Forest > DC & Northern VA Region > Virginia,https://www.mountainproject.com/route/118749665/pretty-little-edges,2.2,Boulder,V0,1,10,38.8155,-77.58831
Stairway to Heaven,Led Zeppelin Boulders > DC & Northern VA Region > Virginia,https://www.mountainproject.com/route/120439484/stairway-to-heaven,2,Boulder,V0,1,20,38.90998,-77.09965
Three Ledges,Gulf Branch > DC & Northern VA Region > Virginia,https://www.mountainproject.com/route/108466757/three-ledges,2.2,Boulder,V0+,1,8,38.9251,-77.11354
Roof Bar,Cross Country Trail Boulders > DC & Northern VA Region > Virginia,https://www.mountainproject.com/route/108459527/roof-bar,2.2,Boulder,V2-,1,10,38.72644,-77.21585
Adventure of Huckin’ Very Thin,Crossroads > Main Area > The Forest > Blue Ridge Parkway > Charlottesville vicinity > Central & Southern VA Region > Virginia,https://www.mountainproject.com/route/119282738/adventure-of-huckin-very-thin,2,Boulder,V1,1,12,37.89525,-79.04718
The House,Alone Boulder > Crescent Boulders > Shenandoah & NW VA Region > Virginia,https://www.mountainproject.com/route/119408139/the-house,2.2,Boulder,V2+,1,20,39.13643,-77.84407
Eggs Arete Right,The Egg Boulder > The Buttermilks > Richmond Vicinity > Central & Southern VA Region > Virginia,https://www.mountainproject.com/route/120834591/eggs-arete-right,2.1,Boulder,V1,1,NA,37.52715,-77.48036
call u tonight,Gulf Branch > DC & Northern VA Region > Virginia,https://www.mountainproject.com/route/108466734/call-u-tonight,2.2,Boulder,V3 PG13,1,20,38.9251,-77.11354
Kook,The Wedge Boulder > The Beach > Mill Creek > Blacksburg Vicinity > Southwest Virginia (Appalachia) > Virginia,https://www.mountainproject.com/route/118988084/kook,2.3,Boulder,V0,1,NA,37.31351,-80.79541
Vanishing Point,Horizon Boulder > Horizon Area > Highlands > Grayson Highlands State Park > Southwest Virginia (Appalachia) > Virginia,https://www.mountainproject.com/route/107830445/vanishing-point,2.2,Boulder,V-easy,1,15,36.6409,-81.50552
L 45,Warm-Up Boulder > The Belly Boulder Area > McAfee's Knob > Southwest Virginia (Appalachia) > Virginia,https://www.mountainproject.com/route/107489647/l-45,2.3,Boulder,V2,1,20,37.39252,-80.03966
Smear Tactics,Burlstain Boulder > Stones > Harkening Hill > Southwest Virginia (Appalachia) > Virginia,https://www.mountainproject.com/route/107427381/smear-tactics,2.2,Boulder,V3,1,12,37.46555,-79.60949
Project Arete,Project Boulder > The Belly Boulder Area > McAfee's Knob > Southwest Virginia (Appalachia) > Virginia,https://www.mountainproject.com/route/107084597/project-arete,2.3,Boulder,V3,1,10,37.39291,-80.03945
Welcome to the Highlands,Highlands Welcoming Boulder > Horizon Area > Highlands > Grayson Highlands State Park > Southwest Virginia (Appalachia) > Virginia,https://www.mountainproject.com/route/106483034/welcome-to-the-highlands,2.3,Boulder,V1+,1,9,36.6409,-81.5056
Metamorphosis,Fire Boulder > Alchemy Area > Contact Station Area > Grayson Highlands State Park > Southwest Virginia (Appalachia) > Virginia,https://www.mountainproject.com/route/106939064/metamorphosis,2.3,Boulder,V3,1,12,36.61245,-81.48092
Pillar Arete,Air Boulder > Alchemy Area > Contact Station Area > Grayson Highlands State Park > Southwest Virginia (Appalachia) > Virginia,https://www.mountainproject.com/route/106836047/pillar-arete,2.3,Boulder,V1-2,1,15,36.61245,-81.48092
Fat Lip Traverse,Cap-Gun Boulder > Left Boneyard > Boneyard Area > Grayson Highlands State Park > Southwest Virginia (Appalachia) > Virginia,https://www.mountainproject.com/route/106655453/fat-lip-traverse,2.3,Boulder,V2,1,12,36.61272,-81.49442
Tilt -A-Nose,Tilt Boulder > Middle Boneyard > Boneyard Area > Grayson Highlands State Park > Southwest Virginia (Appalachia) > Virginia,https://www.mountainproject.com/route/106699587/tilt-a-nose,2.2,Boulder,V2,1,6,36.61276,-81.50135
Chimney Sweep,Hive Boulder > 1. Overlook Area > Listening Rock Trail > Grayson Highlands State Park > Southwest Virginia (Appalachia) > Virginia,https://www.mountainproject.com/route/107635661/chimney-sweep,2,Boulder,V1,1,16,36.62238,-81.50243
Belgrano,Belgrano Blade > Right Boneyard > Boneyard Area > Grayson Highlands State Park > Southwest Virginia (Appalachia) > Virginia,https://www.mountainproject.com/route/106967478/belgrano,2,Boulder,V2,1,8,36.61272,-81.49442
Cheese Grater,Big Brother > Lewis Larus Park > Richmond Vicinity > Central & Southern VA Region > Virginia,https://www.mountainproject.com/route/116373700/cheese-grater,2,Boulder,V1,1,15,37.54659,-77.56279
The Throne,The Hidden Temple > The Buttermilks > Richmond Vicinity > Central & Southern VA Region > Virginia,https://www.mountainproject.com/route/112505572/the-throne,2.1,Boulder,V0,1,NA,37.52504,-77.47621
Tail of the Whale (SDS),The Whale Boulder > The Buttermilks > Richmond Vicinity > Central & Southern VA Region > Virginia,https://www.mountainproject.com/route/109850341/tail-of-the-whale-sds,1.8,Boulder,V1+,1,15,37.52574,-77.4784
Crescent,Springfield Bouldering (Hooes Rd) > DC & Northern VA Region > Virginia,https://www.mountainproject.com/route/113131222/crescent,1.9,Boulder,V0,1,9,38.7615,-77.2077
Dan's Slant,Gumby > Main Area > The Forest > Blue Ridge Parkway > Charlottesville vicinity > Central & Southern VA Region > Virginia,https://www.mountainproject.com/route/120115391/dans-slant,2.2,Boulder,V3,1,NA,37.89468,-79.0483
Jug Traverse,Cross Country Trail Boulders > DC & Northern VA Region > Virginia,https://www.mountainproject.com/route/108459541/jug-traverse,1.9,Boulder,V-easy,1,15,38.72644,-77.21585
River Gritty,Reedy Creek Boulders > Forest Hill Park > Richmond Vicinity > Central & Southern VA Region > Virginia,https://www.mountainproject.com/route/109860980/river-gritty,2.1,Boulder,V2,1,10,37.51748,-77.47117
Highlands Lowball (corner version) Arete,Highland Lowball > Horizon Area > Highlands > Grayson Highlands State Park > Southwest Virginia (Appalachia) > Virginia,https://www.mountainproject.com/route/106820883/highlands-lowball-corner-version-arete,2,Boulder,V2+,1,7,36.6409,-81.5056
Captain Hook,River Patrol Prow > Right Boneyard > Boneyard Area > Grayson Highlands State Park > Southwest Virginia (Appalachia) > Virginia,https://www.mountainproject.com/route/106917630/captain-hook,2,Boulder,V1,1,8,36.61272,-81.49442
Egg Slab,The Egg Boulder > The Buttermilks > Richmond Vicinity > Central & Southern VA Region > Virginia,https://www.mountainproject.com/route/118131859/egg-slab,2,Boulder,V0,1,11,37.52715,-77.48036
The Rover,Led Zeppelin Boulders > DC & Northern VA Region > Virginia,https://www.mountainproject.com/route/120439399/the-rover,2.2,Boulder,V0,1,15,38.90998,-77.09965
Fine Grit,True Grit Boulder > Contact Station Boulders > Contact Station Area > Grayson Highlands State Park > Southwest Virginia (Appalachia) > Virginia,https://www.mountainproject.com/route/106919169/fine-grit,2,Boulder,V2,1,8,36.61245,-81.48093
You Shook Me,Led Zeppelin Boulders > DC & Northern VA Region > Virginia,https://www.mountainproject.com/route/120439366/you-shook-me,2,Boulder,V1,1,13,38.90998,-77.09965
Oscar The Grouch's Housewarming Party,Best Boulder In Charlottesville > Charlottesville vicinity > Central & Southern VA Region > Virginia,https://www.mountainproject.com/route/118117582/oscar-the-grouchs-housewarming-party,2,Boulder,V3-,1,15,38.02979,-78.55793
Pyramid Arete,Pyramid Boulder > Pyramid Area > Cascades Bouldering > Blacksburg Vicinity > Southwest Virginia (Appalachia) > Virginia,https://www.mountainproject.com/route/107508082/pyramid-arete,1.8,Boulder,V0-1,1,10,37.35752,-80.59121
Corndog Corner,Picnic Boulder > Picnic Boulder & Block > Picnic Area Boulders > Picnic Area > Grayson Highlands State Park > Southwest Virginia (Appalachia) > Virginia,https://www.mountainproject.com/route/107145748/corndog-corner,2,Boulder,V3,1,10,36.62523,-81.48157
Saplings Off,Springfield Bouldering (Hooes Rd) > DC & Northern VA Region > Virginia,https://www.mountainproject.com/route/113131174/saplings-off,2.2,Boulder,V-easy,1,7,38.7615,-77.2077
Batter Up,Bears Den Boulders > DC & Northern VA Region > Virginia,https://www.mountainproject.com/route/117297642/batter-up,2,Boulder,V1,1,11,39.11193,-77.85641
Blowout,Fiesta Boulder > Blue Ridge Parkway > Charlottesville vicinity > Central & Southern VA Region > Virginia,https://www.mountainproject.com/route/121846376/blowout,1.9,Boulder,V1-2,1,NA,37.94868,-78.9134
The Big Squeeze,Pony Pasture > Richmond Vicinity > Central & Southern VA Region > Virginia,https://www.mountainproject.com/route/118204431/the-big-squeeze,2.3,Boulder,V0-1,1,12,37.55167,-77.52207
Methodist Cake Walk,The Fortress > Stones > Harkening Hill > Southwest Virginia (Appalachia) > Virginia,https://www.mountainproject.com/route/114290819/methodist-cake-walk,2,Boulder,V2,1,12,37.45483,-79.61864
Ronski Feint,Broken Block > Contact Station Boulders > Contact Station Area > Grayson Highlands State Park > Southwest Virginia (Appalachia) > Virginia,https://www.mountainproject.com/route/106906812/ronski-feint,1.9,Boulder,V3,1,8,36.61245,-81.48093
Fun Run,Cap-Gun Boulder > Left Boneyard > Boneyard Area > Grayson Highlands State Park > Southwest Virginia (Appalachia) > Virginia,https://www.mountainproject.com/route/106898032/fun-run,1.9,Boulder,V1,1,9,36.61272,-81.49442
Shrubbery,Plant World Boulder > The Buttermilks > Richmond Vicinity > Central & Southern VA Region > Virginia,https://www.mountainproject.com/route/112415755/shrubbery,2,Boulder,V3,1,8,37.52366,-77.46649
Thats My Money,A.V.P. Boulder > A.V.P. Boulders > Boneyard Area > Grayson Highlands State Park > Southwest Virginia (Appalachia) > Virginia,https://www.mountainproject.com/route/106544793/thats-my-money,2.2,Boulder,V3,1,7,36.61324,-81.49537
Blockaid Sit,A.V.P. Boulder > A.V.P. Boulders > Boneyard Area > Grayson Highlands State Park > Southwest Virginia (Appalachia) > Virginia,https://www.mountainproject.com/route/106947245/blockaid-sit,2,Boulder,V3,1,12,36.61324,-81.49537
Straight Shot,Main Wall > Mint Springs Park > Charlottesville vicinity > Central & Southern VA Region > Virginia,https://www.mountainproject.com/route/107076994/straight-shot,2,Boulder,V0+,1,13,38.08216,-78.73321
Bushido,Belly Boulder > The Belly Boulder Area > McAfee's Knob > Southwest Virginia (Appalachia) > Virginia,https://www.mountainproject.com/route/107085355/bushido,2,Boulder,V3,1,8,37.39291,-80.0397
Seppiku,Belly Boulder > The Belly Boulder Area > McAfee's Knob > Southwest Virginia (Appalachia) > Virginia,https://www.mountainproject.com/route/107085359/seppiku,2,Boulder,V2,1,8,37.39291,-80.0397
Medicine Man,Rock House Boulder > Picnic Area Boulders > Picnic Area > Grayson Highlands State Park > Southwest Virginia (Appalachia) > Virginia,https://www.mountainproject.com/route/107137298/medicine-man,2,Boulder,V3 PG13,1,7,36.62523,-81.48157
Serpent Arete,Middle Dragon > Dragon Boulders > McAfee's Knob > Southwest Virginia (Appalachia) > Virginia,https://www.mountainproject.com/route/107369137/serpent-arete,2,Boulder,V1-2,1,10,37.3801,-80.0898
Mike-n-Ike,Mike-N-Ike Boulder > 2. SLS Area > Listening Rock Trail > Grayson Highlands State Park > Southwest Virginia (Appalachia) > Virginia,https://www.mountainproject.com/route/107349111/mike-n-ike,2,Boulder,V0,1,10,36.62166,-81.5037
James River Blues,Crooked Road Boulder > Boneyard Area > Grayson Highlands State Park > Southwest Virginia (Appalachia) > Virginia,https://www.mountainproject.com/route/107198438/james-river-blues,2,Boulder,V2,1,15,36.6122,-81.4912
Alive Arête,Thews Boulder > Middle Boneyard > Boneyard Area > Grayson Highlands State Park > Southwest Virginia (Appalachia) > Virginia,https://www.mountainproject.com/route/107063313/alive-arete,2,Boulder,V2,1,8,36.61271,-81.49507
Vitamin B,Abyss Wall > 1. Overlook Area > Listening Rock Trail > Grayson Highlands State Park > Southwest Virginia (Appalachia) > Virginia,https://www.mountainproject.com/route/107282556/vitamin-b,2,Boulder,V2,1,15,36.62279,-81.50167
The-Pit,Bicentennial Boulder > 2. SLS Area > Listening Rock Trail > Grayson Highlands State Park > Southwest Virginia (Appalachia) > Virginia,https://www.mountainproject.com/route/107382106/the-pit,2,Boulder,V1,1,10,36.62224,-81.50252
Sesame Street,Left Fin > Streetside Fins > Picnic Area Boulders > Picnic Area > Grayson Highlands State Park > Southwest Virginia (Appalachia) > Virginia,https://www.mountainproject.com/route/107115186/sesame-street,1.8,Boulder,V0,1,7,36.62523,-81.48157
Jake’s Grand Canyon,Alum Springs > DC & Northern VA Region > Virginia,https://www.mountainproject.com/route/118807336/jakes-grand-canyon,2.4,Boulder,V1,1,7,38.288,-77.4835
Bigfoot,Gulf Branch > DC & Northern VA Region > Virginia,https://www.mountainproject.com/route/118710088/bigfoot,2,Boulder,V2,1,15,38.9251,-77.11354
Barock Climbing Obama,Cross Country Trail Boulders > DC & Northern VA Region > Virginia,https://www.mountainproject.com/route/108459546/barock-climbing-obama,2,Boulder,V3-,1,10,38.72644,-77.21585
Hound Dog,Gulf Branch > DC & Northern VA Region > Virginia,https://www.mountainproject.com/route/108466720/hound-dog,2,Boulder,V2,1,12,38.9251,-77.11354
You're Not Sponsored,Reedy Creek Boulders > Forest Hill Park > Richmond Vicinity > Central & Southern VA Region > Virginia,https://www.mountainproject.com/route/112402676/youre-not-sponsored,2,Boulder,V3,1,8,37.51748,-77.47117
Bacon Crack,Bacon Boulder > Left Blasters > Blaster Blocks > Keelowkee Lake > HKL West > High Knob Landform > Southwest Virginia (Appalachia) > Virginia,https://www.mountainproject.com/route/121283140/bacon-crack,2,Boulder,V0,1,10,36.91727,-82.64656
Ricochet Slab,Ricochet Boulder > Left Blasters > Blaster Blocks > Keelowkee Lake > HKL West > High Knob Landform > Southwest Virginia (Appalachia) > Virginia,https://www.mountainproject.com/route/122060660/ricochet-slab,2,Boulder,V1,1,10,36.91727,-82.64656
Milk Man,The Wedge Boulder > The Beach > Mill Creek > Blacksburg Vicinity > Southwest Virginia (Appalachia) > Virginia,https://www.mountainproject.com/route/118988090/milk-man,2.3,Boulder,V2,1,NA,37.31351,-80.79541
Man Overboard Mantle,Reedy Creek Boulders > Forest Hill Park > Richmond Vicinity > Central & Southern VA Region > Virginia,https://www.mountainproject.com/route/109860998/man-overboard-mantle,2,Boulder,V1,1,5,37.51748,-77.47117
Biker Arête,The Biker Area > The Buttermilks > Richmond Vicinity > Central & Southern VA Region > Virginia,https://www.mountainproject.com/route/109849204/biker-arete,2.3,Boulder,V3,1,10,37.52666,-77.48041
Golightly,Golightly Boulder > Pyramid Area > Cascades Bouldering > Blacksburg Vicinity > Southwest Virginia (Appalachia) > Virginia,https://www.mountainproject.com/route/107497383/golightly,2.3,Boulder,V3-4,1,13,37.35735,-80.59121
"Right Traverse, Right?",Main Wall > Mint Springs Park > Charlottesville vicinity > Central & Southern VA Region > Virginia,https://www.mountainproject.com/route/107078918/right-traverse-right,2,Boulder,V0+,1,30,38.08216,-78.73321
Slow Turning,Main Wall > Mint Springs Park > Charlottesville vicinity > Central & Southern VA Region > Virginia,https://www.mountainproject.com/route/107284313/slow-turning,2,Boulder,V1+,1,12,38.08216,-78.73321
Seneca Crack,Left Corridor > The Corridor & Beyond > McAfee's Knob > Southwest Virginia (Appalachia) > Virginia,https://www.mountainproject.com/route/107086831/seneca-crack,2,Boulder,V2,1,12,37.3801,-80.0898
"Arrowhead Arete ""Extendo Start""",Rock House Boulder > Picnic Area Boulders > Picnic Area > Grayson Highlands State Park > Southwest Virginia (Appalachia) > Virginia,https://www.mountainproject.com/route/107184896/arrowhead-arete-extendo-start,2.3,Boulder,V2+,1,13,36.62523,-81.48157
Left High Ball,Highball Boulders > McAfee's Knob > Southwest Virginia (Appalachia) > Virginia,https://www.mountainproject.com/route/107084439/left-high-ball,2,Boulder,V1,1,20,37.38747,-80.07134
Bipolar,Bi-Lingual Boulder > 1. Overlook Area > Listening Rock Trail > Grayson Highlands State Park > Southwest Virginia (Appalachia) > Virginia,https://www.mountainproject.com/route/107282499/bipolar,2,Boulder,V3,1,8,36.62279,-81.50167
Wilburn Slab (Right),Wilburn Waters Boulder > Sunset Area > Highlands > Grayson Highlands State Park > Southwest Virginia (Appalachia) > Virginia,https://www.mountainproject.com/route/107635627/wilburn-slab-right,2,Boulder,V0,1,18,36.6333,-81.5089
Hot Hot Lava,Lava Top Block > Sunset Area > Highlands > Grayson Highlands State Park > Southwest Virginia (Appalachia) > Virginia,https://www.mountainproject.com/route/107637202/hot-hot-lava,2,Boulder,V0,1,9,36.6333,-81.5089
Skin Monkey Sit,Mike-N-Ike Boulder > 2. SLS Area > Listening Rock Trail > Grayson Highlands State Park > Southwest Virginia (Appalachia) > Virginia,https://www.mountainproject.com/route/107372138/skin-monkey-sit,2,Boulder,V2,1,9,36.62166,-81.5037
Cumulonimbus Crack,Hero Boulder > A.V.P. Boulders > Boneyard Area > Grayson Highlands State Park > Southwest Virginia (Appalachia) > Virginia,https://www.mountainproject.com/route/107231524/cumulonimbus-crack,2,Boulder,V2-3,1,9,36.61283,-81.49647
Seal Club,Seal Boulder > Upper Deck > Harkening Hill > Southwest Virginia (Appalachia) > Virginia,https://www.mountainproject.com/route/107444688/seal-club,2,Boulder,V2,1,9,37.4555,-79.6196
Pit Fall,Bicentennial Boulder > 2. SLS Area > Listening Rock Trail > Grayson Highlands State Park > Southwest Virginia (Appalachia) > Virginia,https://www.mountainproject.com/route/107349398/pit-fall,2,Boulder,V1,1,12,36.62224,-81.50252
500 Arete,Picnic Block > Picnic Boulder & Block > Picnic Area Boulders > Picnic Area > Grayson Highlands State Park > Southwest Virginia (Appalachia) > Virginia,https://www.mountainproject.com/route/107151371/500-arete,2,Boulder,V2,1,13,36.62523,-81.48157
Stiletto,Hero Boulder > A.V.P. Boulders > Boneyard Area > Grayson Highlands State Park > Southwest Virginia (Appalachia) > Virginia,https://www.mountainproject.com/route/106839884/stiletto,2,Boulder,V3-4,1,12,36.61283,-81.49647
Horizon Warm-up,Horizon Block > Horizon Area > Highlands > Grayson Highlands State Park > Southwest Virginia (Appalachia) > Virginia,https://www.mountainproject.com/route/106873738/horizon-warm-up,2.1,Boulder,V3,1,8,36.6409,-81.5056
Spider Hands,Cross Country Trail Boulders > DC & Northern VA Region > Virginia,https://www.mountainproject.com/route/120393270/spider-hands,2.1,Boulder,V1+,1,NA,38.72644,-77.21585
Leaning Layback,Springfield Bouldering (Hooes Rd) > DC & Northern VA Region > Virginia,https://www.mountainproject.com/route/122588611/leaning-layback,2.1,Boulder,V1,1,10,38.7615,-77.2077
Sonny,Brolands Boulders > Great Falls > DC & Northern VA Region > Virginia,https://www.mountainproject.com/route/118657065/sonny,2.3,Boulder,V1-,1,9,38.98981,-77.24891
Girders,Cross Country Trail Boulders > DC & Northern VA Region > Virginia,https://www.mountainproject.com/route/118908761/girders,2,Boulder,V1,1,NA,38.72644,-77.21585
Beefsteak,Warm up slab > Bear cave area > Bouldering > Old Rag > Shenandoah National Park > Shenandoah & NW VA Region > Virginia,https://www.mountainproject.com/route/112492117/beefsteak,2,Boulder,V0+,1,NA,38.55121,-78.30297
Forklift,Cross Country Trail Boulders > DC & Northern VA Region > Virginia,https://www.mountainproject.com/route/118908713/forklift,2,Boulder,V1,1,NA,38.72644,-77.21585
Psilosycho,Mushroom Boulder > Ridgeline > The Forest > Blue Ridge Parkway > Charlottesville vicinity > Central & Southern VA Region > Virginia,https://www.mountainproject.com/route/121344250/psilosycho,2,Boulder,V0,1,14,37.89244,-79.04531
Dead Oak,Trail side bouldering > Blue Ridge Rail Way Trail > Amherst County > Central & Southern VA Region > Virginia,https://www.mountainproject.com/route/121799797/dead-oak,2,Boulder,V0,1,NA,37.69803,-79.00532
Compression,Cross Country Trail Boulders > DC & Northern VA Region > Virginia,https://www.mountainproject.com/route/108459445/compression,2.3,Boulder,V0,1,9,38.72644,-77.21585
Dynosaurus,Warm up slab > Bear cave area > Bouldering > Old Rag > Shenandoah National Park > Shenandoah & NW VA Region > Virginia,https://www.mountainproject.com/route/112492178/dynosaurus,2,Boulder,V1,1,NA,38.55121,-78.30297
Bulging Arete,The Biker Area > The Buttermilks > Richmond Vicinity > Central & Southern VA Region > Virginia,https://www.mountainproject.com/route/118244033/bulging-arete,2,Boulder,V0+,1,15,37.52666,-77.48041
Stickbug,Approach Boulders > Wintergreen > Charlottesville vicinity > Central & Southern VA Region > Virginia,https://www.mountainproject.com/route/117960487/stickbug,2.3,Boulder,V1,1,12,37.90645,-78.93721
Chain Ring Tattoo,Bicycle Boulder > Crescent Boulders > Shenandoah & NW VA Region > Virginia,https://www.mountainproject.com/route/119408302/chain-ring-tattoo,2,Boulder,V3,1,6,39.13646,-77.84409
"It's Friday, Then..",The Cliffs (a boulder) > Herb Boulders > Richmond Vicinity > Central & Southern VA Region > Virginia,https://www.mountainproject.com/route/122035696/its-friday-then,2,Boulder,V0-1,1,12,37.5239,-77.58101
Summit Plummet,The Skunkwurks > Conway Robinson Memorial State Forest > DC & Northern VA Region > Virginia,https://www.mountainproject.com/route/118712640/summit-plummet,2,Boulder,V-easy PG13,1,12,38.80866,-77.5864
The Rock House,Alone Boulder > Crescent Boulders > Shenandoah & NW VA Region > Virginia,https://www.mountainproject.com/route/119408160/the-rock-house,2,Boulder,V2+,1,30,39.13643,-77.84407
Majikthise and Vroomfondel,Magrathea Boulder > Waterfall Area > Mill Creek > Blacksburg Vicinity > Southwest Virginia (Appalachia) > Virginia,https://www.mountainproject.com/route/118988902/majikthise-and-vroomfondel,2,Boulder,V1,1,NA,37.30277,-80.79409
Chewing The Handlebars,Bicycle Boulder > Crescent Boulders > Shenandoah & NW VA Region > Virginia,https://www.mountainproject.com/route/119408348/chewing-the-handlebars,2,Boulder,V3+,1,6,39.13646,-77.84409
Gator Skin Traverse,The Fortress > Stones > Harkening Hill > Southwest Virginia (Appalachia) > Virginia,https://www.mountainproject.com/route/115683845/gator-skin-traverse,2,Boulder,V3,1,15,37.45483,-79.61864
Chimney Cricket,Approach Boulders > Wintergreen > Charlottesville vicinity > Central & Southern VA Region > Virginia,https://www.mountainproject.com/route/118319481/chimney-cricket,2,Boulder,V1,1,20,37.90645,-78.93721
Barbecue  Sauce,Reedy Creek Boulders > Forest Hill Park > Richmond Vicinity > Central & Southern VA Region > Virginia,https://www.mountainproject.com/route/112437649/barbecue-sauce,2,Boulder,V2,1,6,37.51748,-77.47117
Blitz and Chitz,Portal Gun Boulder > C-137 Area > Blue Ridge Parkway > Charlottesville vicinity > Central & Southern VA Region > Virginia,https://www.mountainproject.com/route/113957462/blitz-and-chitz,2,Boulder,V3,1,NA,37.91036,-78.97466
Muddy Fingers,Useful Bridge Boulder > The Beach > Mill Creek > Blacksburg Vicinity > Southwest Virginia (Appalachia) > Virginia,https://www.mountainproject.com/route/118987696/muddy-fingers,2,Boulder,V3,1,10,37.31658,-80.79394
Tiny Dancer,Pride Boulder > Labyrinth > HKL East > High Knob Landform > Southwest Virginia (Appalachia) > Virginia,https://www.mountainproject.com/route/121072891/tiny-dancer,2,Boulder,V1,1,12,36.91877,-82.6276
The Chode,Chode Boulder > Devil's Marbleyard > Southwest Virginia (Appalachia) > Virginia,https://www.mountainproject.com/route/114061169/the-chode,2,Boulder,V2,1,6,37.58074,-79.47182
fontainegreenstone,Greenstonia (Ridgeline) > Ridgeline > The Forest > Blue Ridge Parkway > Charlottesville vicinity > Central & Southern VA Region > Virginia,https://www.mountainproject.com/route/111218477/fontainegreenstone,2,Boulder,V2,1,3,37.89163,-79.04691
Walace,Snake Pit Boulder > Butternut Hill > Mill Creek > Blacksburg Vicinity > Southwest Virginia (Appalachia) > Virginia,https://www.mountainproject.com/route/118988212/walace,2,Boulder,V0,1,NA,37.3107,-80.79275
Not for Fauns,Narnia > The Buttermilks > Richmond Vicinity > Central & Southern VA Region > Virginia,https://www.mountainproject.com/route/112310616/not-for-fauns,2.8,Boulder,V2,1,10,37.52453,-77.47383
Psycho Slicer,Psycho Boulder > Hinterland > Upchurch Area > Picnic Area > Grayson Highlands State Park > Southwest Virginia (Appalachia) > Virginia,https://www.mountainproject.com/route/117061035/psycho-slicer,2,Boulder,V3,1,11,36.6122,-81.4912
Cross-Eyed Billy,Willie's Treasure Bloc > Labyrinth > HKL East > High Knob Landform > Southwest Virginia (Appalachia) > Virginia,https://www.mountainproject.com/route/121072904/cross-eyed-billy,2,Boulder,V1,1,15,36.9097,-82.6302
The Shining,Psycho Boulder > Hinterland > Upchurch Area > Picnic Area > Grayson Highlands State Park > Southwest Virginia (Appalachia) > Virginia,https://www.mountainproject.com/route/117061063/the-shining,2,Boulder,V0,1,11,36.6122,-81.4912
Headnet Hotboi,CCR Boulder > Butternut Hill > Mill Creek > Blacksburg Vicinity > Southwest Virginia (Appalachia) > Virginia,https://www.mountainproject.com/route/118988278/headnet-hotboi,2,Boulder,V1,1,NA,37.30854,-80.79254
Left most problem,Civil war bridge > DC & Northern VA Region > Virginia,https://www.mountainproject.com/route/111469675/left-most-problem,2,Boulder,V0,1,10,38.91462,-77.27864
Geotek,Krystal Boulder > Slippery Slope > Mill Creek > Blacksburg Vicinity > Southwest Virginia (Appalachia) > Virginia,https://www.mountainproject.com/route/118988739/geotek,2,Boulder,V3,1,NA,37.308839999999996,-80.79537
French Press,Java Boulder > Butternut Hill > Mill Creek > Blacksburg Vicinity > Southwest Virginia (Appalachia) > Virginia,https://www.mountainproject.com/route/118988121/french-press,2.7,Boulder,V3,1,NA,37.31106,-80.79276
Trifecta Slab,Trifecta Cluster > Inner Circle > Harkening Hill > Southwest Virginia (Appalachia) > Virginia,https://www.mountainproject.com/route/118020589/trifecta-slab,2,Boulder,V2,1,12,37.45597,-79.61942
Citirine,Krystal Boulder > Slippery Slope > Mill Creek > Blacksburg Vicinity > Southwest Virginia (Appalachia) > Virginia,https://www.mountainproject.com/route/118988731/citirine,2,Boulder,V2,1,NA,37.308839999999996,-80.79537
Abnorman,Psycho Boulder > Hinterland > Upchurch Area > Picnic Area > Grayson Highlands State Park > Southwest Virginia (Appalachia) > Virginia,https://www.mountainproject.com/route/117061050/abnorman,2,Boulder,V2,1,11,36.6122,-81.4912
Banana Zest,Boss Boulder > Lost world > Mill Creek > Blacksburg Vicinity > Southwest Virginia (Appalachia) > Virginia,https://www.mountainproject.com/route/119040936/banana-zest,2,Boulder,V1,1,NA,37.30308,-80.79896
Percolator,Java Boulder > Butternut Hill > Mill Creek > Blacksburg Vicinity > Southwest Virginia (Appalachia) > Virginia,https://www.mountainproject.com/route/118988163/percolator,2,Boulder,V2,1,NA,37.31106,-80.79276
Funday School,Fun Wall > Turkey Area > Cliff Mountain Boulders > HKL West > High Knob Landform > Southwest Virginia (Appalachia) > Virginia,https://www.mountainproject.com/route/117728669/funday-school,2,Boulder,V1,1,10,36.78811,-82.78695
Handle,Teapot Block > Center Darkside > Darkside > Jay's Creek > Southwest Virginia (Appalachia) > Virginia,https://www.mountainproject.com/route/118884883/handle,2,Boulder,V3,1,6,36.90948,-82.45516
Warm Down,Thunderbolt Boulder > Gasland > Upper Darkside > Darkside > Jay's Creek > Southwest Virginia (Appalachia) > Virginia,https://www.mountainproject.com/route/115572071/warm-down,2,Boulder,V-easy,1,10,36.89955,-82.41887
Sandwich Traverse,Sandwich Arete > Labyrinth > HKL East > High Knob Landform > Southwest Virginia (Appalachia) > Virginia,https://www.mountainproject.com/route/120679468/sandwich-traverse,2,Boulder,V1-2,1,13,36.9097,-82.63019
Heel Fungus,Reedy Creek Boulders > Forest Hill Park > Richmond Vicinity > Central & Southern VA Region > Virginia,https://www.mountainproject.com/route/109860948/heel-fungus,2,Boulder,V3,1,10,37.51748,-77.47117
Poop Deck,Figurehead Wall > Forest Hill Park > Richmond Vicinity > Central & Southern VA Region > Virginia,https://www.mountainproject.com/route/109860989/poop-deck,2,Boulder,V0,1,10,37.51783,-77.47332
One Dot!,Portal Gun Boulder > C-137 Area > Blue Ridge Parkway > Charlottesville vicinity > Central & Southern VA Region > Virginia,https://www.mountainproject.com/route/113957424/one-dot,2,Boulder,V1,1,NA,37.91036,-78.97466
Middle problem,Civil war bridge > DC & Northern VA Region > Virginia,https://www.mountainproject.com/route/111469783/middle-problem,2,Boulder,V0+,1,12,38.91462,-77.27864
Peace Duck,Low Wolf Blocks > Luminary Area > Haw Orchard > Grayson Highlands State Park > Southwest Virginia (Appalachia) > Virginia,https://www.mountainproject.com/route/113067123/peace-duck,2,Boulder,V2,1,8,36.61849,-81.48122
Lone Wolf,Low Wolf Blocks > Luminary Area > Haw Orchard > Grayson Highlands State Park > Southwest Virginia (Appalachia) > Virginia,https://www.mountainproject.com/route/107505938/lone-wolf,2,Boulder,V2-3,1,8,36.61849,-81.48122
I Know KOMA,Origins Boulder > Labyrinth > HKL East > High Knob Landform > Southwest Virginia (Appalachia) > Virginia,https://www.mountainproject.com/route/109303348/i-know-koma,2,Boulder,V1,1,25,36.90524,-82.63237
Dragons Breath Arete,Left Dragon > Dragon Boulders > McAfee's Knob > Southwest Virginia (Appalachia) > Virginia,https://www.mountainproject.com/route/107369099/dragons-breath-arete,1.9,Boulder,V0-,1,12,37.37974,-80.09339
Witches Fingers (Stand),Witches Block > Back of Beyond > Haw Orchard > Grayson Highlands State Park > Southwest Virginia (Appalachia) > Virginia,https://www.mountainproject.com/route/109521808/witches-fingers-stand,2,Boulder,V0,1,10,36.6235,-81.47622
Wet Willy,Outlaw Boulder > Outlaw Area > Picnic Area > Grayson Highlands State Park > Southwest Virginia (Appalachia) > Virginia,https://www.mountainproject.com/route/108972377/wet-willy,2,Boulder,V3-4,1,8,36.62702,-81.47885
Fighting Words,Title Fight Boulder > Title Fight Area > Cascades Bouldering > Blacksburg Vicinity > Southwest Virginia (Appalachia) > Virginia,https://www.mountainproject.com/route/107542522/fighting-words,2,Boulder,V3,1,12,37.35999,-80.58823
Scouts Honor,Boy Scout Top Rope Wall > Horizon Area > Highlands > Grayson Highlands State Park > Southwest Virginia (Appalachia) > Virginia,https://www.mountainproject.com/route/107621586/scouts-honor,2,Boulder,V1 X,1,30,36.64115,-81.50598
Broomstick Arete,Witches Block > Back of Beyond > Haw Orchard > Grayson Highlands State Park > Southwest Virginia (Appalachia) > Virginia,https://www.mountainproject.com/route/109521817/broomstick-arete,2,Boulder,V2,1,8,36.6235,-81.47622
Outlaw Arete,Outlaw Boulder > Outlaw Area > Picnic Area > Grayson Highlands State Park > Southwest Virginia (Appalachia) > Virginia,https://www.mountainproject.com/route/108270439/outlaw-arete,2,Boulder,V3,1,9,36.62702,-81.47885
Squeeze with Ease,Contrast Boulder > Contrast Area > Cascades Bouldering > Blacksburg Vicinity > Southwest Virginia (Appalachia) > Virginia,https://www.mountainproject.com/route/107558181/squeeze-with-ease,2,Boulder,V3,1,13,37.35931,-80.58918
Northern Lights,Skyline Boulder > Horizon Area > Highlands > Grayson Highlands State Park > Southwest Virginia (Appalachia) > Virginia,https://www.mountainproject.com/route/107622333/northern-lights,2,Boulder,V0 X,1,25,36.6409,-81.5056
Battle Rattle,Battle Boulder > Inner Circle > Harkening Hill > Southwest Virginia (Appalachia) > Virginia,https://www.mountainproject.com/route/107858529/battle-rattle,2,Boulder,V3-4,1,12,37.45541,-79.61631
Alavarado Arete,Virginia Creeper Boulder > Virginia Creeper Trail Bouldering > Southwest Virginia (Appalachia) > Virginia,https://www.mountainproject.com/route/107106185/alavarado-arete,2,Boulder,V0,1,8,36.65847,-81.53778
Big Timin' In The Jungle,Crooked Road Boulder > Boneyard Area > Grayson Highlands State Park > Southwest Virginia (Appalachia) > Virginia,https://www.mountainproject.com/route/107198525/big-timin-in-the-jungle,2,Boulder,V1,1,8,36.6122,-81.4912
Light Show,Golightly Boulder > Pyramid Area > Cascades Bouldering > Blacksburg Vicinity > Southwest Virginia (Appalachia) > Virginia,https://www.mountainproject.com/route/107497350/light-show,2.2,Boulder,V0,1,NA,37.35735,-80.59121
Remote Controller (Left & Right),Control Boulder > Pyramid Area > Cascades Bouldering > Blacksburg Vicinity > Southwest Virginia (Appalachia) > Virginia,https://www.mountainproject.com/route/107521449/remote-controller-left-right,2,Boulder,V0-1,1,12,37.35744,-80.59201
Pedestal,Lava Boulder > Sunset Area > Highlands > Grayson Highlands State Park > Southwest Virginia (Appalachia) > Virginia,https://www.mountainproject.com/route/107633947/pedestal,2,Boulder,V0,1,NA,36.6333,-81.5089
Teddy Bear,Bruin Boulder > Middle Boneyard > Boneyard Area > Grayson Highlands State Park > Southwest Virginia (Appalachia) > Virginia,https://www.mountainproject.com/route/107743202/teddy-bear,2,Boulder,V-easy,1,7,36.61271,-81.49507
Rhyo Light,Lava Boulder > Sunset Area > Highlands > Grayson Highlands State Park > Southwest Virginia (Appalachia) > Virginia,https://www.mountainproject.com/route/107633955/rhyo-light,2,Boulder,V0-,1,20,36.6333,-81.5089
Camp Anawanna,Anawanna Boulder > Stones > Harkening Hill > Southwest Virginia (Appalachia) > Virginia,https://www.mountainproject.com/route/107489676/camp-anawanna,2,Boulder,V2-3,1,11,37.46555,-79.60949
Nuts and Volts,Acorn Boulder > (2) Drop Area (Horseshoe Area) > Atkins Bouldering > Southwest Virginia (Appalachia) > Virginia,https://www.mountainproject.com/route/106972986/nuts-and-volts,2,Boulder,V0-1,1,6,36.911,-81.45
Seeds You Sew,Equinox Boulder > Luminary Area > Haw Orchard > Grayson Highlands State Park > Southwest Virginia (Appalachia) > Virginia,https://www.mountainproject.com/route/107496443/seeds-you-sew,2,Boulder,V0,1,20,36.6185,-81.48122
