route_id,route,location,url,avg_stars,rating,pitches,length,x,y,region_1,region_2,rating_simple,text,feature_tags,good_tags,other_tags,bad_tags,bad_ind,good_ind,fun_ind,pretty_ind,jake_ind,jonathan_ind,adrienne_ind
126064665,Wampa,Red River Gorge > Ash Branch,https://www.mountainproject.com/route/126064665/wampa,2.4,5.8,1,42,-83.63194,37.71743,Ash Branch,-,8,NA,NA,NA,NA,NA,NA,NA,NA,NA,NA,NA,NA
126064970,Pebble Wrestler,Red River Gorge > Ash Branch,https://www.mountainproject.com/route/126064970/pebble-wrestler,2.4,5.9-,1,30,-83.63194,37.71743,Ash Branch,-,9,pebble wrestler: climb the bolted pocketed face to a mantle on the ledge just below the chains.,"face, ledge, mantle, pocket",-,-,-,0,0,0,0,1,0,0
126064577,Harry,Red River Gorge > Ash Branch,https://www.mountainproject.com/route/126064577/harry,2.4,5.9,1,40,-83.63194,37.71743,Ash Branch,-,9,"harry: climbs up the middle of this section, past a small bulge crux higher up.",crux,-,-,-,0,0,0,0,0,0,0
126064610,The Hendersons,Red River Gorge > Ash Branch,https://www.mountainproject.com/route/126064610/the-hendersons,2.6,5.9,1,40,-83.63194,37.71743,Ash Branch,-,9,NA,NA,NA,NA,NA,NA,NA,NA,NA,NA,NA,NA
126064987,Festina Lente,Red River Gorge > Ash Branch,https://www.mountainproject.com/route/126064987/festina-lente,2.2,5.9+,1,25,-83.63194,37.71743,Ash Branch,-,9,"festina lente: ascends a sculpted water groove left of the arete. short, but fun movement on unique features. might feel weird if you don't figure out the flow.",arete,fun,-,-,0,1,1,0,0,0,1
126632375,Mellow Marmelade,Red River Gorge > Ash Branch,https://www.mountainproject.com/route/126632375/mellow-marmelade,1.2,5.9+,1,25,-83.63194,37.71743,Ash Branch,-,9,mellow marmelade: more of a boulder problem. stick clip the first bolt then work through the perm draw to the anchors.,-,-,stick-clip,-,0,0,0,0,0,0,0
126502921,Camp 4,Red River Gorge > Ash Branch,https://www.mountainproject.com/route/126502921/camp-4,2,5.9+,1,23,-83.63194,37.71743,Ash Branch,-,9,camp 4: good warm up for lighthouse and sandstone serenity. not hard moves just committing getting your feet onto the roof.,roof,"good, warm-up",-,-,0,1,0,0,0,0,1
200262327,Pepe,Red River Gorge > Ash Branch,https://www.mountainproject.com/route/200262327/pepe,3,5.10a,1,40,-83.63194,37.71743,Ash Branch,-,10,NA,NA,NA,NA,NA,NA,NA,NA,NA,NA,NA,NA
126067917,They're Out There,Red River Gorge > Ash Branch,https://www.mountainproject.com/route/126067917/theyre-out-there,2.5,5.10a,1,40,-83.63194,37.71743,Ash Branch,-,10,they're out there: establish over an undercut roof and climb pockets and plates past a slight bulge to a horizontal break up high near the anchors.,"pocket, roof",-,-,-,0,0,0,0,0,0,1
126068515,Charred Oak,Red River Gorge > Ash Branch,https://www.mountainproject.com/route/126068515/charred-oak,2.4,5.10a,1,40,-83.63194,37.71743,Ash Branch,-,10,charred oak: the following routes are under a large roof that should keep them dry in a rain. slabby climb on decent edges that begins above a low roof and trends up and right.,"roof, slab",-,-,-,0,0,0,0,0,0,1
126064953,C'MON KEENAN,Red River Gorge > Ash Branch,https://www.mountainproject.com/route/126064953/cmon-keenan,1.8,5.10b/c,1,40,-83.63194,37.71743,Ash Branch,-,10,"c'mon keenan: grab a few large pockets and throw big to a protrusion, figure it out past the second bolt and enjoy two mantels to the top.the grade truly depends on your height.",pocket,-,-,-,0,0,0,0,0,0,0
126073959,Go To Bed Jared,Red River Gorge > Ash Branch,https://www.mountainproject.com/route/126073959/go-to-bed-jared,3,5.10c,1,45,-83.63194,37.71743,Ash Branch,-,10,go to bed jared: starts on an arching left-facing dihedral/arete feature. ascend the small dihedral then bust out right on the arete finding some helpful hidden holds. go up the arete then traverse back left on thin feet. finish on the steeper flake system above on big holds.,"arete, dihedral, flake",-,"thin, traverse",-,0,0,0,0,1,0,1
126074672,Send Pickles!!,Red River Gorge > Ash Branch,https://www.mountainproject.com/route/126074672/send-pickles,2.6,5.10c,1,60,-83.63194,37.71743,Ash Branch,-,10,"send pickles!!: your crag snack game is just as, if not more, important than your climbing ability. send this route and treat yourself with the commonly overlooked crag snack....the baby gherkin!start on cheater stones to establish hands and initiate the classic rrg cut feet start. varied climbing of side pull pockets, slots, and ledges on a mostly vert face. finish by pulling over the top bulge and find the welcoming ledges as they become visible.even if you don't send, you should still have a pickle.","face, ledge, pocket",classic,-,-,0,1,0,0,0,0,0
126209373,Brain Fart,Red River Gorge > Ash Branch,https://www.mountainproject.com/route/126209373/brain-fart,2,5.10d,1,NA,-83.63194,37.71743,Ash Branch,-,10,"brain fart: stick clip the first bolt and climb through small sandy holds to the ledge, continue up the corner to anchors higher up.",ledge,-,stick-clip,sandy,1,0,0,0,0,0,0
127383164,Minnesota  Bratwurst,Red River Gorge > Ash Branch,https://www.mountainproject.com/route/127383164/minnesota-bratwurst,3,5.10d,1,45,-83.63194,37.71743,Ash Branch,-,10,"minnesota  bratwurst: face climbing, ends in scoop with clip and lower draco anchors",face,-,-,-,0,0,0,0,0,0,0
126228815,JR's Route,Red River Gorge > Ash Branch,https://www.mountainproject.com/route/126228815/jrs-route,2.2,5.10d,1,40,-83.63194,37.71743,Ash Branch,-,10,jr's route: bolted pocket climb starting off a ledge on incut holds with a tricky/awkward finish. may have gotten a bit harder since some holds broke off recently.,"ledge, pocket",-,tricky,-,0,0,0,0,0,0,0
126209394,Human Action,Red River Gorge > Ash Branch,https://www.mountainproject.com/route/126209394/human-action,2.3,5.10d,1,NA,-83.63194,37.71743,Ash Branch,-,10,human action: the tricky arete to the ledge.,"arete, ledge",-,tricky,-,0,0,0,0,0,0,1
121775783,Black n Tan,Red River Gorge > Bald Rock Recreational Preserve (BRRP) > Bald Rock Cove,https://www.mountainproject.com/route/121775783/black-n-tan,2.2,5.10b,1,60,-83.71286,37.64704,Bald Rock Recreational Preserve (BRRP),Bald Rock Cove,10,"black n tan: this route serves as a good warm up for early cool days as it is in the sun in the morning, but it is also a good route in its own right. scramble up the ledge to get to the start of the route. there is an interesting undercling move to bypass a blank section. climb moderate terrain to a tough pocket sequence higher up.","ledge, pocket","good, interesting, warm-up",tough,-,0,1,0,0,0,0,0
121775791,Bald Rock Boogie,Red River Gorge > Bald Rock Recreational Preserve (BRRP) > Bald Rock Cove,https://www.mountainproject.com/route/121775791/bald-rock-boogie,2.6,5.10c,1,60,-83.71286,37.64704,Bald Rock Recreational Preserve (BRRP),Bald Rock Cove,10,bald rock boogie: a little harder than the one to the left .  also a good warm up for early cool days as it is in the sun in the morning.,-,"good, warm-up",-,-,0,1,0,0,0,0,0
108389072,Gandee Candy,Red River Gorge > Bald Rock Recreational Preserve (BRRP) > Bear's Den,https://www.mountainproject.com/route/108389072/gandee-candy,2.9,5.8,1,65,-83.70784,37.64408,Bald Rock Recreational Preserve (BRRP),Bear's Den,8,"gandee candy: good average 5.8 climb.  sustained, but no defined crux.",crux,good,-,-,0,1,0,0,0,0,0
109469891,Un-koala-fied,Red River Gorge > Bald Rock Recreational Preserve (BRRP) > Bear's Den,https://www.mountainproject.com/route/109469891/un-koala-fied,2.3,5.9,1,40,-83.70784,37.64408,Bald Rock Recreational Preserve (BRRP),Bear's Den,9,un-koala-fied: farthest route to the left at the bears den. climb up on to a small ledge below the first bolt then work up the awkward crack and then right on good holds.,"crack, ledge",good,-,-,0,1,0,0,0,0,0
125537465,Silly Old Bear,Red River Gorge > Bald Rock Recreational Preserve (BRRP) > Bear's Den,https://www.mountainproject.com/route/125537465/silly-old-bear,2.6,5.10a,1,55,-83.70784,37.64408,Bald Rock Recreational Preserve (BRRP),Bear's Den,10,"silly old bear: starting right of gandee candy, follow the line of glue-ins that trend slightly right using mostly sinker pockets.",pocket,-,-,-,0,0,0,0,0,0,0
118203118,Rumspringa,Red River Gorge > Bald Rock Recreational Preserve (BRRP) > Bear's Den,https://www.mountainproject.com/route/118203118/rumspringa,2,5.10b,1,60,-83.70784,37.64408,Bald Rock Recreational Preserve (BRRP),Bear's Den,10,rumspringa: start with a couple of long moves on good holds on orange rock and move up and left into a dihedral.  continue 5.9 climbing up and left until the midway point where you begin to trend right.  after clipping the last bolt traverse right under and past the chains and pull a harder move to holds from which to clip.,dihedral,good,traverse,-,0,1,0,0,1,0,0
110330437,C Quest R,Red River Gorge > Bald Rock Recreational Preserve (BRRP) > Bear's Den,https://www.mountainproject.com/route/110330437/c-quest-r,1.8,5.10b,1,60,-83.70784,37.64408,Bald Rock Recreational Preserve (BRRP),Bear's Den,10,"c quest r: low angle route with a crux in the middle.  scramble up easy rock, pull over a small roof and power through some small pockets and slopers to a nice finish on good edges and pockets. this route tends to dry quickly because it doesn't get much runoff. it gets morning sun.","crux, pocket, roof, sloper","easy, good, nice",-,-,0,1,0,0,0,0,1
115561939,Closed - Chantal's Starfish,Red River Gorge > Bald Rock Recreational Preserve (BRRP) > Bear's Den,https://www.mountainproject.com/route/115561939/closed-chantals-starfish,1.6,5.10b,1,60,-83.70784,37.64408,Bald Rock Recreational Preserve (BRRP),Bear's Den,10,closed - chantal's starfish: * the hangers on this route were removed in february 2019 due to the wedge bolts that were used to equip this route. it is available for rebolting if anyone wants to do it. *work you way up onto a ledge and then climb up crimps to the top.,"crimp, ledge",-,-,-,0,0,0,0,0,0,0
127282999,Ticks List,Red River Gorge > Bald Rock Recreational Preserve (BRRP) > Bear's Den,https://www.mountainproject.com/route/127282999/ticks-list,1.5,5.10b,1,40,-83.70784,37.64408,Bald Rock Recreational Preserve (BRRP),Bear's Den,10,"ticks list: adding this because it was in our guidebook. looked like the original anchors had been removed and new ones placed down a little farther. enjoyable, easy, and short.",-,easy,-,-,0,1,0,0,0,0,0
109469913,Golden Snow Cone,Red River Gorge > Bald Rock Recreational Preserve (BRRP) > Bear's Den,https://www.mountainproject.com/route/109469913/golden-snow-cone,2.7,5.10c,1,55,-83.70784,37.64408,Bald Rock Recreational Preserve (BRRP),Bear's Den,10,golden snow cone: climb the large left leaning right facing flake to perfect pockets on the face above.,"face, flake, pocket",-,-,-,0,0,0,0,1,0,0
122808203,Bear Goggles,Red River Gorge > Bald Rock Recreational Preserve (BRRP) > Bear's Den,https://www.mountainproject.com/route/122808203/bear-goggles,1.8,5.10c,1,50,-83.70784,37.64408,Bald Rock Recreational Preserve (BRRP),Bear's Den,10,bear goggles: start by bouldering up to a stance on the ledge above.   start into to a sea of underclings and sidepulls that will make you wander to find the path of least resistance.  finish up over a slight bulge on to larger holds to the anchors.,ledge,-,-,-,0,0,0,0,0,0,0
110270679,Low Hanging Fruit,Red River Gorge > Bald Rock Recreational Preserve (BRRP) > Bear's Den,https://www.mountainproject.com/route/110270679/low-hanging-fruit,2.3,5.10d,1,60,-83.70784,37.64408,Bald Rock Recreational Preserve (BRRP),Bear's Den,10,"low hanging fruit: a nice fingery route with lots of crisp, fragile edges.  easy moves up a slab lead to a layback section below the steeper upper half.  crimp and wander up the slightly overhanging wall and then cut hard left to avoid the crack and do a few harder moves just below the anchors.  the hardest part of this route is choosing which way to go and finding the best holds.","crack, crimp, slab","best, easy, nice",-,-,0,1,0,0,0,0,1
116533078,Pooh and Piglet Too,Red River Gorge > Bald Rock Recreational Preserve (BRRP) > Bear's Den,https://www.mountainproject.com/route/116533078/pooh-and-piglet-too,2.3,5.10d,1,50,-83.70784,37.64408,Bald Rock Recreational Preserve (BRRP),Bear's Den,10,pooh and piglet too: starts behind a tree and wanders up pocket moves over a low roof to a tricky finger crack.,"crack, pocket, roof",-,tricky,-,0,0,0,0,0,0,1
109480361,Grandpa Joe,Red River Gorge > Bald Rock Recreational Preserve (BRRP) > Chocolate Factory,https://www.mountainproject.com/route/109480361/grandpa-joe,2.6,5.9,1,50,-83.71343,37.64919,Bald Rock Recreational Preserve (BRRP),Chocolate Factory,9,"grandpa joe: jugs, pockets and pinches up a vertical wall to a slab topout.  the rock is solid, the movement is fun and the bolts are safely spaced.  however, the rock becomes more sandy as the route turns slabby.  this route is still cleaning up, but once it sheds a bit more grit it will be an excellent pitch.","jug, pocket, slab","excellent, fun",-,sandy,1,1,1,0,0,0,1
106453181,Chocolate River,Red River Gorge > Bald Rock Recreational Preserve (BRRP) > Chocolate Factory,https://www.mountainproject.com/route/106453181/chocolate-river,2.4,5.9,1,50,-83.71343,37.64919,Bald Rock Recreational Preserve (BRRP),Chocolate Factory,9,"chocolate river: follow the wall left of peaches and cream for about 100 yards. begin on a reachy mantel start and then climb a technical slabby face to a finish over a bulge. 50 feet, 5 bolts, rap chains does not stay dry","face, slab, technical",-,-,-,0,0,0,0,0,0,1
107756397,Augustus Gloop,Red River Gorge > Bald Rock Recreational Preserve (BRRP) > Chocolate Factory,https://www.mountainproject.com/route/107756397/augustus-gloop,2.4,5.9,1,60,-83.71343,37.64919,Bald Rock Recreational Preserve (BRRP),Chocolate Factory,9,"augustus gloop: a fun low-angle route.  slightly more technical than it's neighbor of the same grade, chocolate river.",technical,fun,-,-,0,1,1,0,0,0,0
107074597,Sugar Rush,Red River Gorge > Bald Rock Recreational Preserve (BRRP) > Chocolate Factory,https://www.mountainproject.com/route/107074597/sugar-rush,2.5,5.9+,1,65,-83.71343,37.64919,Bald Rock Recreational Preserve (BRRP),Chocolate Factory,9,"sugar rush: the leftmost of the three bolted slab routes right of ""end of the innocence"" (5.10b)  use finesse up the slab with a couple fun mantles and friction climbing up to the chains.","mantle, slab",fun,-,-,0,1,1,0,0,0,1
107379163,Wonkaholic,Red River Gorge > Bald Rock Recreational Preserve (BRRP) > Chocolate Factory,https://www.mountainproject.com/route/107379163/wonkaholic,2.7,5.10a,1,50,-83.71343,37.64919,Bald Rock Recreational Preserve (BRRP),Chocolate Factory,10,wonkaholic: start up the low angle arete past a few holds that look like they may break.  after the start enjoy a relaxing romp past a few thought provoking sections.  the crux awaits at the top with various ways of getting to and clipping the anchors.,"arete, crux",-,-,-,0,0,0,0,0,0,1
108064675,Throbbing Emotions,Red River Gorge > Bald Rock Recreational Preserve (BRRP) > Chocolate Factory,https://www.mountainproject.com/route/108064675/throbbing-emotions,2.8,5.10a,1,55,-83.71343,37.64919,Bald Rock Recreational Preserve (BRRP),Chocolate Factory,10,"throbbing emotions: 10 feet to the right of sunday night cockfights.  this route has great movement and is well protected, but needs some traffic.  start out on steep terrain to jugs right of the bolt line.",jug,great,-,-,0,1,1,0,0,0,0
108766319,EGBG,Red River Gorge > Bald Rock Recreational Preserve (BRRP) > Chocolate Factory,https://www.mountainproject.com/route/108766319/egbg,3.6,5.10a,1,90,-83.71343,37.64919,Bald Rock Recreational Preserve (BRRP),Chocolate Factory,10,"egbg: a long fun line that begins just as you enter the left side of the chocolate factory (when the trail forks take the left side instead of the right which takes you over to oompa and loompa) one of the first climbs you will come to as you gain the cliff band. starts on large blocks under a roof. pull through the low crux to find nice long juggy climbing above with a steep finish. take time to enjoy the large sit down hueco in the center of the climb. watch for friable rock, recommend stick clipping the first bolt due to possible poor rock conditions. with more travel to clean up some of the choss i think this could be a red classic, a powerful start with a cruiser finish makes for an incredibly enjoyable way to spend a sunset at the end of the day.","cruise, crux, hueco, jug, roof","classic, fun, nice","stick-clip, thin",choss,1,1,1,0,1,0,1
109770822,The Juggernaut,Red River Gorge > Bald Rock Recreational Preserve (BRRP) > Chocolate Factory,https://www.mountainproject.com/route/109770822/the-juggernaut,2.7,5.10b,1,65,-83.71343,37.64919,Bald Rock Recreational Preserve (BRRP),Chocolate Factory,10,the juggernaut: starting from the ledge pull a few hard moves over the ledge on good holds. then full huge jugs to a ledge just below the anchors.,"jug, ledge",good,-,-,0,1,0,0,0,0,0
111855528,Breakin the Law,Red River Gorge > Bald Rock Recreational Preserve (BRRP) > Chocolate Factory,https://www.mountainproject.com/route/111855528/breakin-the-law,2.4,5.10b,1,50,-83.71343,37.64919,Bald Rock Recreational Preserve (BRRP),Chocolate Factory,10,breakin the law: start up the dirty crack or walk up and around and start off the ledge. clip the first bolt then pull a tricky roof on not as good as you would like them to be holds. the rest of the  climb is steep and deep pocket pulling!,"crack, ledge, pocket, roof",good,"rest, tricky",dirty,1,1,0,0,0,0,1
114290724,Three Stooges,Red River Gorge > Bald Rock Recreational Preserve (BRRP) > Chocolate Factory,https://www.mountainproject.com/route/114290724/three-stooges,2.1,5.10b,1,90,-83.71343,37.64919,Bald Rock Recreational Preserve (BRRP),Chocolate Factory,10,"three stooges: two bolts of pockets to hands-free stance, then a long rightward-traversing section of 5.8, where the biggest challenge is not z-clipping. the route earns it;'s grade near the top, where the bolts thin, and the moves lengthen.",pocket,-,thin,-,0,0,0,0,0,0,0
106782060,Oompa,Red River Gorge > Bald Rock Recreational Preserve (BRRP) > Chocolate Factory,https://www.mountainproject.com/route/106782060/oompa,3.1,5.10b,1,60,-83.71343,37.64919,Bald Rock Recreational Preserve (BRRP),Chocolate Factory,10,"oompa: very nice climb, stays dry in a light rain.   start by climbing up on a flake.   continue up following pockets and plates to the top.   crux is at the point where the route starts to turn less steep, it's somewhat sequential.","crux, flake, pocket",nice,-,-,0,1,0,0,1,0,0
107892930,Robotic Thumb,Red River Gorge > Bald Rock Recreational Preserve (BRRP) > Chocolate Factory,https://www.mountainproject.com/route/107892930/robotic-thumb,3.5,5.10b,1,60,-83.71343,37.64919,Bald Rock Recreational Preserve (BRRP),Chocolate Factory,10,"robotic thumb: a couple of thoughtful moves, using the wall to the right as needed, lead to fun climbing on a giant flake and subsequent jugs.","flake, jug",fun,-,-,0,1,1,0,1,0,0
117909365,Grandma Josephine,Red River Gorge > Bald Rock Recreational Preserve (BRRP) > Chocolate Factory,https://www.mountainproject.com/route/117909365/grandma-josephine,2.5,5.10b,1,45,-83.71343,37.64919,Bald Rock Recreational Preserve (BRRP),Chocolate Factory,10,grandma josephine: nice pockets and edges with a distinct section in the middle that will have you scratching your head.,pocket,nice,-,-,0,1,0,0,0,0,0
109480386,Snarf Victory,Red River Gorge > Bald Rock Recreational Preserve (BRRP) > Chocolate Factory,https://www.mountainproject.com/route/109480386/snarf-victory,2.2,5.10c,1,60,-83.71343,37.64919,Bald Rock Recreational Preserve (BRRP),Chocolate Factory,10,"snarf victory: thoughtful and technical blunt arete climbing on less than perfect stone.  follow deep two-finger pockets and sharp edges at the start.  as the route slabs out, the holds get slopey and the movement gets more interesting.    like other routes on this outcrop, the rock slowly turns more sandy as you go up.  this route deserves way more attention than it gets.","arete, pocket, slab, sloper, technical",interesting,-,sandy,1,1,0,0,0,0,1
106927842,Loompa,Red River Gorge > Bald Rock Recreational Preserve (BRRP) > Chocolate Factory,https://www.mountainproject.com/route/106927842/loompa,3.5,5.10+,1,60,-83.71343,37.64919,Bald Rock Recreational Preserve (BRRP),Chocolate Factory,10,loompa: the sister route to oompa.  just as fun but steeper and more sequential.   good jugs and positive holds get you up to the second bolt. take time to read the holds above before heading through bolts 3 and 4. bust through the sequential crux on cool holds to even cooler holds above and lower angle climbing to the anchor.,"crux, jug","fun, good",-,-,0,1,1,0,0,0,0
106927822,The Glass Elevator,Red River Gorge > Bald Rock Recreational Preserve (BRRP) > Chocolate Factory,https://www.mountainproject.com/route/106927822/the-glass-elevator,3,5.10d,1,60,-83.71343,37.64919,Bald Rock Recreational Preserve (BRRP),Chocolate Factory,10,the glass elevator: a few easy moves off the ground get you setup for thinner crimps and balancy moves higher up. not as steep as oompa or loompa and more technical.,"crimp, technical",easy,"balance, thin",-,0,1,0,0,0,0,0
107892923,Babinski Sign,Red River Gorge > Bald Rock Recreational Preserve (BRRP) > Chocolate Factory,https://www.mountainproject.com/route/107892923/babinski-sign,2.8,5.10d,1,60,-83.71343,37.64919,Bald Rock Recreational Preserve (BRRP),Chocolate Factory,10,babinski sign: bolted line that wraps around an arete hueco just past second bolt.,"arete, hueco",-,-,-,0,0,0,0,1,0,1
107921969,Mr. P.,Red River Gorge > Bald Rock Recreational Preserve (BRRP) > Chocolate Factory,https://www.mountainproject.com/route/107921969/mr-p,1.9,5.10d,1,60,-83.71343,37.64919,Bald Rock Recreational Preserve (BRRP),Chocolate Factory,10,mr. p.: has a good amount of loose rock and fragile holds right now but has fun movement.,-,"fun, good",-,-,0,1,1,0,0,0,0
109770874,Theobroma,Red River Gorge > Bald Rock Recreational Preserve (BRRP) > Chocolate Factory,https://www.mountainproject.com/route/109770874/theobroma,3,5.10d,1,75,-83.71343,37.64919,Bald Rock Recreational Preserve (BRRP),Chocolate Factory,10,theobroma: pull through an awkward couple of moves on good crimps to an undercling. then follow sinker pockets to a ledge. pull two roofs after the ledge and clip the anchors.,"crimp, ledge, pocket, roof",good,-,-,0,1,0,0,0,0,1
123359554,Northern Nut Growers Association,Red River Gorge > Bald Rock Recreational Preserve (BRRP) > Hazel Hollow,https://www.mountainproject.com/route/123359554/northern-nut-growers-association,2.9,5.9,1,70,-83.71565,37.64445,Bald Rock Recreational Preserve (BRRP),Hazel Hollow,9,"northern nut growers association: start on either side of the crack, and ends before the ledge.","crack, ledge",-,-,-,0,0,0,0,0,0,0
122728043,Hazel Dormouse,Red River Gorge > Bald Rock Recreational Preserve (BRRP) > Hazel Hollow,https://www.mountainproject.com/route/122728043/hazel-dormouse,3.7,5.9+,1,90,-83.71565,37.64445,Bald Rock Recreational Preserve (BRRP),Hazel Hollow,9,"hazel dormouse: moderate vert climbing to a mild bulge with huge plated jugs to pull past then iron oxide holds and crimps lead to a comfy wide ledge.  using an extended draw at the 8th (ledge) bolt will help reduce rope drag.  when ready, step up off the ledge for the grand finale to a matching jug rail using subtle feet to reach giant, protruding iron oxide jugs overhead; pull yourself up and over onto an easy rock ramp to the anchors.","crimp, jug, ledge",easy,-,-,0,1,0,0,0,0,0
122727902,Hazelnut,Red River Gorge > Bald Rock Recreational Preserve (BRRP) > Hazel Hollow,https://www.mountainproject.com/route/122727902/hazelnut,2.9,5.10a,1,65,-83.71565,37.64445,Bald Rock Recreational Preserve (BRRP),Hazel Hollow,10,"hazelnut: the farthest right of three routes with similar starts. this route starts on deep iron oxide pockets and plates, with enjoyable movement to a fun finish at the anchors.",pocket,fun,-,-,0,1,1,0,0,0,0
124159210,Silver Apples of the Moon,Red River Gorge > Bald Rock Recreational Preserve (BRRP) > Hazel Hollow,https://www.mountainproject.com/route/124159210/silver-apples-of-the-moon,2.4,5.10a,1,70,-83.71565,37.64445,Bald Rock Recreational Preserve (BRRP),Hazel Hollow,10,"silver apples of the moon: w.b. yeats said it best in the song of wandering aengus. nature, yearning, transformation, and art. plates to slopers, overhang to slab, this route changes as much as life does.","slab, sloper",best,-,-,0,1,0,0,0,0,1
124159238,Golden Apples of the Sun,Red River Gorge > Bald Rock Recreational Preserve (BRRP) > Hazel Hollow,https://www.mountainproject.com/route/124159238/golden-apples-of-the-sun,2.1,5.10a,1,60,-83.71565,37.64445,Bald Rock Recreational Preserve (BRRP),Hazel Hollow,10,"golden apples of the sun: the arete right of silver apples, take a bite out of this route!",arete,-,-,-,0,0,0,0,0,0,1
122727873,When in Drought,Red River Gorge > Bald Rock Recreational Preserve (BRRP) > Hazel Hollow,https://www.mountainproject.com/route/122727873/when-in-drought,2.7,5.10a/b,1,60,-83.71565,37.64445,Bald Rock Recreational Preserve (BRRP),Hazel Hollow,10,when in drought: start just left of blunt arête angling up left on a series of plates and pockets.  head straight up past a quick crimp crux midway to a fun easy finish on a comfy ledge.,"arete, crimp, crux, ledge, pocket","easy, fun",-,-,0,1,1,0,0,0,1
122727895,Witch Hazel,Red River Gorge > Bald Rock Recreational Preserve (BRRP) > Hazel Hollow,https://www.mountainproject.com/route/122727895/witch-hazel,2.8,5.10b,1,55,-83.71565,37.64445,Bald Rock Recreational Preserve (BRRP),Hazel Hollow,10,witch hazel: the middle of the three routes that initially climbs similarly to its two sister routes on either side then settles into cruising on beefy iron oxide ridges that thins briefly to the anchors.,cruise,-,thin,-,0,0,0,0,0,0,0
122728100,Hazel Green,Red River Gorge > Bald Rock Recreational Preserve (BRRP) > Hazel Hollow,https://www.mountainproject.com/route/122728100/hazel-green,2.7,5.10b,1,80,-83.71565,37.64445,Bald Rock Recreational Preserve (BRRP),Hazel Hollow,10,hazel green: starts behind a large tulip popular tree surrounded by rhododendrons. pull-up start over a low-to-the-ground roof.  head straight up over a mild bulge in the middle eventually leading to pleasantly positive plates and a stellar juggy finish to the anchors set above a high ledge.,"jug, ledge, roof",-,-,-,0,0,0,0,0,0,1
122727932,Coll,Red River Gorge > Bald Rock Recreational Preserve (BRRP) > Hazel Hollow,https://www.mountainproject.com/route/122727932/coll,2.9,5.10b/c,1,80,-83.71565,37.64445,Bald Rock Recreational Preserve (BRRP),Hazel Hollow,10,coll: initially similar easy start as 'filbert' but then quickly departs and angles to the left towards a stance on a ledge.  pull up onto the face on slot pockets into the giant hueco on hidden jugs.  balance out on the face following jugs and sinker finger pockets before moving left again enjoying moderate climbing on comfy iron oxide ridges and plates that stays consistently good all the way to the top.,"face, hueco, jug, ledge, pocket","easy, good",balance,-,0,1,0,0,1,0,0
117625147,Hoolie Hoggin' in a Booger Hole,Red River Gorge > Bald Rock Recreational Preserve (BRRP) > Hole in the Wall > A-Hole Wall,https://www.mountainproject.com/route/117625147/hoolie-hoggin-in-a-booger-hole,2.6,5.10c,1,45,-83.70867,37.64283,Bald Rock Recreational Preserve (BRRP),Hole in the Wall,10,hoolie hoggin' in a booger hole: probaby the best warmup on the wall. finger friendly jugs and a moderate pump.,jug,best,pumpy,-,0,1,0,0,0,0,0
117625075,Holey Cow!,Red River Gorge > Bald Rock Recreational Preserve (BRRP) > Hole in the Wall > A-Hole Wall,https://www.mountainproject.com/route/117625075/holey-cow,2.6,5.10d,1,45,-83.70867,37.64283,Bald Rock Recreational Preserve (BRRP),Hole in the Wall,10,holey cow!: jugs but pumpy. don't let your ego get in the way and get flashed pumped.,jug,-,pumpy,-,0,0,0,0,0,0,0
117634431,Holeshot,Red River Gorge > Bald Rock Recreational Preserve (BRRP) > Hole in the Wall > B-Hole Wall,https://www.mountainproject.com/route/117634431/holeshot,1.3,5.8+,1,50,-83.70876,37.64212,Bald Rock Recreational Preserve (BRRP),Hole in the Wall,8,holeshot: enjoyable climbing up the juggy arete. equipped by scott curran.,"arete, jug",-,-,-,0,0,0,0,0,0,1
117733056,Hole Lot of Nothing,Red River Gorge > Bald Rock Recreational Preserve (BRRP) > Hole in the Wall > B-Hole Wall,https://www.mountainproject.com/route/117733056/hole-lot-of-nothing,1.8,5.10b,1,45,-83.70876,37.64212,Bald Rock Recreational Preserve (BRRP),Hole in the Wall,10,"hole lot of nothing: ""if you're a connoisseur of choss, step a few feet right of the arête to find this gem.""climb through some bouldery moves at the start to gain much easier and slightly less dirty climbing to the top.will clean up with more traffic...maybe?",arete,easier,thin,"choss, dirty",1,1,0,0,0,0,1
117634444,Surprise B-hole,Red River Gorge > Bald Rock Recreational Preserve (BRRP) > Hole in the Wall > B-Hole Wall,https://www.mountainproject.com/route/117634444/surprise-b-hole,2.3,5.10c,1,50,-83.70876,37.64212,Bald Rock Recreational Preserve (BRRP),Hole in the Wall,10,surprise b-hole: harder start to longer pulls on good pockets and jugs. good warmup for the harder routes. equipped by scott curran,"jug, pocket",good,-,-,0,1,0,0,0,0,0
117634526,Boats and Holes,Red River Gorge > Bald Rock Recreational Preserve (BRRP) > Hole in the Wall > B-Hole Wall,https://www.mountainproject.com/route/117634526/boats-and-holes,2.4,5.10d,1,60,-83.70876,37.64212,Bald Rock Recreational Preserve (BRRP),Hole in the Wall,10,NA,NA,NA,NA,NA,NA,NA,NA,NA,NA,NA,NA
118692126,Mudhole,Red River Gorge > Bald Rock Recreational Preserve (BRRP) > Hole in the Wall > Hole New Wall,https://www.mountainproject.com/route/118692126/mudhole,1.7,5.9+,1,60,-83.70959,37.64196,Bald Rock Recreational Preserve (BRRP),Hole in the Wall,9,mudhole: chimney up the smooth and often wet slab using the boulder behind you. after you get past the top of the boulder the arete comes into play and the feet get a little better.,"arete, chimney, slab",-,-,-,0,0,0,0,0,0,1
117632094,The Hole 9 Yards,Red River Gorge > Bald Rock Recreational Preserve (BRRP) > Hole in the Wall > The UnHoley Wall,https://www.mountainproject.com/route/117632094/the-hole-9-yards,1.5,5.9+,1,40,-83.7084,37.64284,Bald Rock Recreational Preserve (BRRP),Hole in the Wall,9,the hole 9 yards: this is short route on nice golden rock that get's easier as you go.,-,"easier, nice",-,-,0,1,0,0,0,0,0
117632120,Twll Mawr,Red River Gorge > Bald Rock Recreational Preserve (BRRP) > Hole in the Wall > The UnHoley Wall,https://www.mountainproject.com/route/117632120/twll-mawr,1.8,5.10a,1,40,-83.7084,37.64284,Bald Rock Recreational Preserve (BRRP),Hole in the Wall,10,"twll mawr: this route is similar in character to it's neighbor, except with a bulge to pull adds a bit of difficulty.  originally fa'd by a visiting welsh, the route name translates to ""big hole"".",-,-,difficult,-,0,0,0,0,0,0,0
126836324,"What's New, Pussycat",Red River Gorge > Bald Rock Recreational Preserve (BRRP) > Leonard's Wall,https://www.mountainproject.com/route/126836324/whats-new-pussycat,2,5.10b,1,90,-83.71681,37.6452,Bald Rock Recreational Preserve (BRRP),Leonard's Wall,10,"what's new, pussycat: climb the technical vertical face as it wanders up and to the left, then pull into the chimney. the second half of the climb uses the chimney and face. excellent view at the top.","chimney, face, technical",excellent,-,-,0,1,1,0,1,0,0
126836288,Pstpstpst,Red River Gorge > Bald Rock Recreational Preserve (BRRP) > Leonard's Wall,https://www.mountainproject.com/route/126836288/pstpstpst,1.3,5.10b,1,90,-83.71681,37.6452,Bald Rock Recreational Preserve (BRRP),Leonard's Wall,10,pstpstpst: start the route to the left of the first bolt where the better holds are located.  climb up to the ledge and pull a small roof. and enjoy the tricky moves to the anchors on the face. excellent view at the top.,"face, ledge, roof",excellent,tricky,-,0,1,1,0,0,0,1
126836302,Maine Coons,Red River Gorge > Bald Rock Recreational Preserve (BRRP) > Leonard's Wall,https://www.mountainproject.com/route/126836302/maine-coons,2.3,5.10c,1,90,-83.71681,37.6452,Bald Rock Recreational Preserve (BRRP),Leonard's Wall,10,"maine coons: climb the face and choose the best line. after the ledge, enjoy the tricky run to the anchors. nice view at the top!","face, ledge","best, nice",tricky,-,0,1,0,0,0,0,0
123041009,Ten Cats,Red River Gorge > Bald Rock Recreational Preserve (BRRP) > Leonard's Wall,https://www.mountainproject.com/route/123041009/ten-cats,2.4,5.10c,1,80,-83.71681,37.6452,Bald Rock Recreational Preserve (BRRP),Leonard's Wall,10,"ten cats: start on pockets to the left of a gaping chimney. an easy first half of climbing hits a perplexing bulge at about midpoint. diagonal up and right using crimps and occasional undercling before finishing on an obvious protruding spine to the anchors.still a bit dirty with lichen and needs some traffic, but will clean up very nicely.","chimney, crimp, pocket","easy, nice",-,dirty,1,1,0,0,1,0,0
123041039,Leonard's Excellent Adventure,Red River Gorge > Bald Rock Recreational Preserve (BRRP) > Leonard's Wall,https://www.mountainproject.com/route/123041039/leonards-excellent-adventure,2.3,5.10d,1,75,-83.71681,37.6452,Bald Rock Recreational Preserve (BRRP),Leonard's Wall,10,leonard's excellent adventure: start on 'cock rotter’s beartrap' using the first three glue-in bolts the veering left and up to an obvious hueco with chain anchors set below an orange bulge.,hueco,excellent,-,-,0,1,1,0,1,0,0
117942639,Festively Plump,Red River Gorge > Bald Rock Recreational Preserve (BRRP) > South Park,https://www.mountainproject.com/route/117942639/festively-plump,2.5,5.8,1,35,-83.71132,37.6406,Bald Rock Recreational Preserve (BRRP),South Park,8,"festively plump: climb up a short, left-facing dihedral to gain the face. continue through horizontals and thinning pockets to the chains.","dihedral, face, pocket",-,thin,-,0,0,0,0,1,0,0
119093587,Quantity Over Quality,Red River Gorge > Bald Rock Recreational Preserve (BRRP) > South Park,https://www.mountainproject.com/route/119093587/quantity-over-quality,2.5,5.9,1,45,-83.71132,37.6406,Bald Rock Recreational Preserve (BRRP),South Park,9,quantity over quality: a great warmup for the wall. easy moves to a harder finish on crimps.,crimp,"easy, great",-,-,0,1,1,0,0,0,0
125740762,Awesom-O 4000,Red River Gorge > Bald Rock Recreational Preserve (BRRP) > South Park,https://www.mountainproject.com/route/125740762/awesom-o-4000,2.1,5.10-,1,45,-83.71132,37.6406,Bald Rock Recreational Preserve (BRRP),South Park,10,awesom-o 4000: easy climbing and fun moves up the vertical face leads to a crux before the chains.,"crux, face","easy, fun",-,-,0,1,1,0,0,0,0
117942552,It's a Jersey Thing,Red River Gorge > Bald Rock Recreational Preserve (BRRP) > South Park,https://www.mountainproject.com/route/117942552/its-a-jersey-thing,1.6,5.10b,1,45,-83.71132,37.6406,Bald Rock Recreational Preserve (BRRP),South Park,10,"it's a jersey thing: start up the vertical face to the largest part of the ledge splitting the cliff. from there, climb through a discontinuous left-facing crack/dihedral feature to steeper pockets and jugs.","crack, dihedral, face, jug, ledge, pocket",-,thin,-,0,0,0,0,1,0,0
117942595,About Tree Fiddy,Red River Gorge > Bald Rock Recreational Preserve (BRRP) > South Park,https://www.mountainproject.com/route/117942595/about-tree-fiddy,2.3,5.10b,1,45,-83.71132,37.6406,Bald Rock Recreational Preserve (BRRP),South Park,10,"about tree fiddy: an enjoyable climb unique from the rest of the wall that breaks into three distinct sections.boulder through the slopey bottom section to gain the right end of the ledge. climb through vertical, crimpy plates to another small ledge then continue up and around the arête feature to the chains.","arete, crimp, ledge, sloper",-,rest,-,0,0,0,0,0,0,1
118035239,The Dong Wall,Red River Gorge > Bald Rock Recreational Preserve (BRRP) > South Park,https://www.mountainproject.com/route/118035239/the-dong-wall,3,5.10b,1,50,-83.71132,37.6406,Bald Rock Recreational Preserve (BRRP),South Park,10,the dong wall: find some holds to right of the route and figure out a way to high step and get on to the ledge.  work through a series of large pockets to a somewhat spooky hollow sounding hold that seems to be ok.  lock off and grope the surprisingly sturdy large dong.  finish up on good edges and buckets.,"ledge, pocket",good,-,-,0,1,0,0,0,0,0
117942524,"Drugs are Bad, Mkay?",Red River Gorge > Bald Rock Recreational Preserve (BRRP) > South Park,https://www.mountainproject.com/route/117942524/drugs-are-bad-mkay,2.1,5.10c,1,50,-83.71132,37.6406,Bald Rock Recreational Preserve (BRRP),South Park,10,"drugs are bad, mkay?: climb up decent holds to reach the steeper section and continue through jugs and pockets through a small roof then to the chains.","jug, pocket, roof",-,-,bad,1,0,0,0,0,0,1
124890461,UltraVibe Pleasure 2000,Red River Gorge > Bald Rock Recreational Preserve (BRRP) > South Park,https://www.mountainproject.com/route/124890461/ultravibe-pleasure-2000,2.6,5.10c,1,45,-83.71132,37.6406,Bald Rock Recreational Preserve (BRRP),South Park,10,"ultravibe pleasure 2000: go through a sequence of good pockets, slots and cool rock features. enjoy a decent rest before crimping yourself up to the chains. look closely as it can be a tricky onsight.","crimp, pocket",good,"rest, tricky",-,0,1,0,0,0,0,0
117942541,Tears of Unfathomable Sadness,Red River Gorge > Bald Rock Recreational Preserve (BRRP) > South Park,https://www.mountainproject.com/route/117942541/tears-of-unfathomable-sadness,1.9,5.10+,1,55,-83.71132,37.6406,Bald Rock Recreational Preserve (BRRP),South Park,10,tears of unfathomable sadness: climb up a dirty face to the ledge below the featured overhang. pull on good holds through the steeper section until they lessen to smaller pockets. apply a bit of graceful thrutch and make your way to the chains. should clean up with more traffic.,"face, ledge, pocket",good,-,dirty,1,1,0,0,0,0,0
117942510,A Bunch of Tree-Hugging Hippie Crap,Red River Gorge > Bald Rock Recreational Preserve (BRRP) > South Park,https://www.mountainproject.com/route/117942510/a-bunch-of-tree-hugging-hippie-crap,2.6,5.10d,1,50,-83.71132,37.6406,Bald Rock Recreational Preserve (BRRP),South Park,10,"a bunch of tree-hugging hippie crap: start up the slab just below a protruding block. from the ledge, climb the jugs until meeting up with the left-arching flake. follow the flake up to the short roof, punch through and continue to the chains.","flake, jug, ledge, roof, slab",-,-,-,0,0,0,0,0,0,1
111312748,The Cream Machine,Red River Gorge > Bald Rock Recreational Preserve (BRRP) > The Motherlode > (1) Buckeye Buttress,https://www.mountainproject.com/route/111312748/the-cream-machine,2.3,5.10b PG13,1,60,-83.71153,37.64595,Bald Rock Recreational Preserve (BRRP),The Motherlode,10,"the cream machine: possibly the most overlooked sport climb at the motherlode?  an interesting slab that starts in a small, vertical scoop feature and continues up debris covered, low angle rock with water grooves and edges to the top.  start on the right side of the scoop and make a few steep moves to establish yourself on some protruding edges on the left face.  a couple perplexing moves get you to a stance about 10 feet below the fourth bolt.  balance up and left along slopey water grooves then shuffle right along a juggy rail to clip(pg13 part).  mantle over the rail and continue up much easier slab using edges to the top.  i admit that this route is dirty, but the rock is great and the climbing is very fun.  might not be the best route for a budding 5.10 climber.   great option if you are looking for an adventure.","face, jug, mantle, slab, sloper","best, easier, fun, great, interesting",balance,dirty,1,1,1,0,0,0,1
125373431,Shove It Up Your Butt,Red River Gorge > Bald Rock Recreational Preserve (BRRP) > The Office > Accounting Dept.,https://www.mountainproject.com/route/125373431/shove-it-up-your-butt,1.9,5.8,1,30,-83.71413,37.64245,Bald Rock Recreational Preserve (BRRP),The Office,8,"shove it up your butt: the best line on the left side, follow the flake with the use of juggy pockets to perch yourself on the top pedestal. short and sweet, just watch out for that tree ;)","flake, jug, pocket",best,-,-,0,1,0,0,1,0,0
125373441,Somehow I Manage,Red River Gorge > Bald Rock Recreational Preserve (BRRP) > The Office > Accounting Dept.,https://www.mountainproject.com/route/125373441/somehow-i-manage,1.6,5.9,1,30,-83.71413,37.64245,Bald Rock Recreational Preserve (BRRP),The Office,9,"somehow i manage: short and punchy line for the grade, utilizes some fun pockets that look deceptively bad.",pocket,fun,-,bad,1,1,1,0,0,0,0
125373447,Two Wrongs Make A Dwight,Red River Gorge > Bald Rock Recreational Preserve (BRRP) > The Office > Accounting Dept.,https://www.mountainproject.com/route/125373447/two-wrongs-make-a-dwight,2,5.9,1,30,-83.71413,37.64245,Bald Rock Recreational Preserve (BRRP),The Office,9,two wrongs make a dwight: this route begins with the flake in the middle of the wall. between the flake and the top you’ll find yourself tackling some bouldery moves.,flake,-,-,-,0,0,0,0,1,0,0
124625902,Alfredo’s Pizza Cafe,Red River Gorge > Bald Rock Recreational Preserve (BRRP) > The Office > Dunder Mifflin,https://www.mountainproject.com/route/124625902/alfredos-pizza-cafe,2.1,5.8-,1,50,-83.71462,37.64271,Bald Rock Recreational Preserve (BRRP),The Office,8,"alfredo’s pizza cafe: quick bouldery moves lead to a no hands ledge, leave the ledge with one tricky move and scramble up the iron band slab to the chains. for a bonus challenge, try clipping every bolt hands-free.","ledge, slab",-,tricky,-,0,0,0,0,0,0,1
124937688,Baby Back Ribs,Red River Gorge > Bald Rock Recreational Preserve (BRRP) > The Office > Dunder Mifflin,https://www.mountainproject.com/route/124937688/baby-back-ribs,2.6,5.8,1,60,-83.71462,37.64271,Bald Rock Recreational Preserve (BRRP),The Office,8,"baby back ribs: typical washed out start on sloper-plate-runnel-thingy, find the jugs and then perch yourself up a slab, couple methodical sequences towards the top.","jug, slab, sloper",-,thin,-,0,0,0,0,0,0,1
124828036,"Scranton, WHAT?",Red River Gorge > Bald Rock Recreational Preserve (BRRP) > The Office > Dunder Mifflin,https://www.mountainproject.com/route/124828036/scranton-what,2.1,5.8,1,50,-83.71462,37.64271,Bald Rock Recreational Preserve (BRRP),The Office,8,"scranton, what?: easy romp up a slab, with some thoughtful moves in the upper half. still a little dirty, will clean up with traffic.",slab,easy,-,dirty,1,1,0,0,0,0,1
124933791,Froggy 101,Red River Gorge > Bald Rock Recreational Preserve (BRRP) > The Office > Dunder Mifflin,https://www.mountainproject.com/route/124933791/froggy-101,2.7,5.10a,1,65,-83.71462,37.64271,Bald Rock Recreational Preserve (BRRP),The Office,10,"froggy 101: float up some slab moves to the giant flake, follow the flake all the way to the top where you’ll find the anchors tucked away in the canopy. enjoy that view!","flake, slab",-,-,-,0,0,0,0,0,0,1
124962941,Finer Things Club,Red River Gorge > Bald Rock Recreational Preserve (BRRP) > The Office > Dunder Mifflin,https://www.mountainproject.com/route/124962941/finer-things-club,2.3,5.10a,1,60,-83.71462,37.64271,Bald Rock Recreational Preserve (BRRP),The Office,10,"finer things club: scramble to the ledge, climb through the crack into a sea of side pull jugs. after resting on the last jug a long reach enters you into the techy vert business. accomplish those moves and you’ll find yourself at the anchor, and well above your last bolt.","crack, jug, ledge",-,"techy, thin",-,0,0,0,0,0,0,0
125436697,Rabies Fun Run,Red River Gorge > Bald Rock Recreational Preserve (BRRP) > The Office > Dunder Mifflin,https://www.mountainproject.com/route/125436697/rabies-fun-run,1.9,5.10b,1,55,-83.71462,37.64271,Bald Rock Recreational Preserve (BRRP),The Office,10,rabies fun run: crux is the thin start.  meander through wavey pockets finding key holds and finish on fun flake.,"crux, flake, pocket",fun,thin,-,0,1,1,0,1,0,0
124638601,Pizza By Alfredo (Extension),Red River Gorge > Bald Rock Recreational Preserve (BRRP) > The Office > Dunder Mifflin,https://www.mountainproject.com/route/124638601/pizza-by-alfredo-extension,2.6,5.10c,1,75,-83.71462,37.64271,Bald Rock Recreational Preserve (BRRP),The Office,10,"pizza by alfredo (extension): climb past the anchors of alfredo’s pizza cafe, for this punchy boulder extension. fun long reaches on iron holds lead to a sea of pockets, find the jug pockets all the way to the chains.","jug, pocket",fun,-,-,0,1,1,0,0,0,0
124829045,The Electric City (Extension),Red River Gorge > Bald Rock Recreational Preserve (BRRP) > The Office > Dunder Mifflin,https://www.mountainproject.com/route/124829045/the-electric-city-extension,2.4,5.10c,1,25,-83.71462,37.64271,Bald Rock Recreational Preserve (BRRP),The Office,10,"the electric city (extension): overhang above ‘scranton, what?’, fun reaches and technical movement make this short boulder problem exciting.",technical,fun,-,-,0,1,1,0,0,0,0
200706193,¯\_(ツ)_/¯ 2,Red River Gorge > Bald Rock Recreational Preserve (BRRP) > The Office > Warehouse Boulder,https://www.mountainproject.com/route/200706193/2,0,5.8-,31,3100,-83.71452,37.6431,Bald Rock Recreational Preserve (BRRP),The Office,8,NA,NA,NA,NA,NA,NA,NA,NA,NA,NA,NA,NA
200706164,¯\_(ツ)_/¯ 1,Red River Gorge > Bald Rock Recreational Preserve (BRRP) > The Office > Warehouse Boulder,https://www.mountainproject.com/route/200706164/1,0,5.9-,31,3100,-83.71452,37.6431,Bald Rock Recreational Preserve (BRRP),The Office,9,"¯\_(ツ)_/¯ 1: dirty and gross, idk why i bolted this",-,-,-,dirty,1,0,0,0,0,0,0
125759986,Uncharted Moss and Choss,Red River Gorge > Bald Rock Recreational Preserve (BRRP) > The Unlode,https://www.mountainproject.com/route/125759986/uncharted-moss-and-choss,2.6,5.8,1,50,-83.71178,37.64235,Bald Rock Recreational Preserve (BRRP),The Unlode,8,"uncharted moss and choss: despite the unappealing name, this enjoyable climb cleaned up quite nicely and has already seen considerable traffic. pluck and plunder plentiful plump plates then balance onto the slippery slab for the finale. some underclings, sidepulls, a high foot, and a mantle move or two might be helpful.","mantle, slab",nice,balance,choss,1,1,0,0,0,0,1
125325125,Underclinging Undertaker,Red River Gorge > Bald Rock Recreational Preserve (BRRP) > The Unlode,https://www.mountainproject.com/route/125325125/underclinging-undertaker,2.4,5.9,1,35,-83.71178,37.64235,Bald Rock Recreational Preserve (BRRP),The Unlode,9,underclinging undertaker: on the left side of underdeveloped wall is this interesting little route that begins on a massive incut jug. climb the slab on great sidepulls and underclings up a steeping face to a wildly featured overhang with pinchy double underclings and more sidepulls. power past the overhanging finish to clip the anchors above.,"face, jug, slab","great, interesting",-,-,0,1,1,0,0,0,1
125646343,Unearthed Mycelia,Red River Gorge > Bald Rock Recreational Preserve (BRRP) > The Unlode,https://www.mountainproject.com/route/125646343/unearthed-mycelia,2.9,5.9,1,50,-83.71178,37.64235,Bald Rock Recreational Preserve (BRRP),The Unlode,9,"unearthed mycelia: power past plentiful plates, pockets, and perhaps a possible pinch or two. fun climbing on good holds.",pocket,"fun, good",-,-,0,1,1,0,0,0,0
125647022,Unrealistic Dump Truck,Red River Gorge > Bald Rock Recreational Preserve (BRRP) > The Unlode,https://www.mountainproject.com/route/125647022/unrealistic-dump-truck,2.7,5.9,1,45,-83.71178,37.64235,Bald Rock Recreational Preserve (BRRP),The Unlode,9,"unrealistic dump truck: you definitely won't need a cdl to drive this rig. start just left of the huge beech tree, climbing up and just left of a bulge into a rare section of high-quality rock for the unlode. good plated features lead into a pocket band just before a rounded finish.",pocket,good,-,-,0,1,0,0,0,0,0
125325416,Undeterred,Red River Gorge > Bald Rock Recreational Preserve (BRRP) > The Unlode,https://www.mountainproject.com/route/125325416/undeterred,2.6,5.9+,1,45,-83.71178,37.64235,Bald Rock Recreational Preserve (BRRP),The Unlode,9,undeterred: undeterred ascends the slab or flake on the right side of the wall to an overhanging pocketed section  that can be negotiated a couple of different ways depending on your reach or route reading.,"flake, pocket, slab",-,-,-,0,0,0,0,0,0,1
118947618,Unconditional,Red River Gorge > Bald Rock Recreational Preserve (BRRP) > The Unlode,https://www.mountainproject.com/route/118947618/unconditional,2,5.10a,1,55,-83.71178,37.64235,Bald Rock Recreational Preserve (BRRP),The Unlode,10,unconditional: climb up the left side of the wall on mostly jugs. this line wanders past several cool holds to a neat runnel feature at the top. increasingly sandy as you get higher.,jug,-,-,sandy,1,0,0,0,0,0,0
118947673,"Undoubtedly, Still Better than Trad",Red River Gorge > Bald Rock Recreational Preserve (BRRP) > The Unlode,https://www.mountainproject.com/route/118947673/undoubtedly-still-better-than-trad,1.8,5.10a,1,55,-83.71178,37.64235,Bald Rock Recreational Preserve (BRRP),The Unlode,10,"undoubtedly, still better than trad: climb the middle section of the wall on pockets and jugs. sandy just like its neighbors, but as the fa says, ""at least you're not climbing trad.""","jug, pocket",-,-,sandy,1,0,0,0,0,0,0
125325622,Underestimated,Red River Gorge > Bald Rock Recreational Preserve (BRRP) > The Unlode,https://www.mountainproject.com/route/125325622/underestimated,2.3,5.10-,1,40,-83.71178,37.64235,Bald Rock Recreational Preserve (BRRP),The Unlode,10,underestimated: mildly overhanging route with mostly good holds and a couple of big moves. it might end up feeling easier after it gets cleaned up a bit more with increased traffic.,-,"easier, good",-,-,0,1,0,0,0,0,0
119938634,Unfulfilling,Red River Gorge > Bald Rock Recreational Preserve (BRRP) > The Unlode,https://www.mountainproject.com/route/119938634/unfulfilling,2.1,5.10b,1,35,-83.71178,37.64235,Bald Rock Recreational Preserve (BRRP),The Unlode,10,unfulfilling: begin on the right side of the small cave and make a few steep moves to gain the face.   continue up through decent rock and good movement that unfortunately ends shortly after due to decreasing rock quality.,face,good,-,-,0,1,0,0,0,0,0
125465599,Undecided,Red River Gorge > Bald Rock Recreational Preserve (BRRP) > The Unlode,https://www.mountainproject.com/route/125465599/undecided,2.7,5.10,1,40,-83.71178,37.64235,Bald Rock Recreational Preserve (BRRP),The Unlode,10,"undecided: this route climbs good rock and is a slightly easier version of its neighbor to the left. saunter up the slippery slab on some nice incut plates, then trend up and right making use of the limonite ledges as the route steepens.","ledge, slab","easier, good, nice",-,-,0,1,0,0,0,0,1
125465692,Undetermined,Red River Gorge > Bald Rock Recreational Preserve (BRRP) > The Unlode,https://www.mountainproject.com/route/125465692/undetermined,2.7,5.10,1,50,-83.71178,37.64235,Bald Rock Recreational Preserve (BRRP),The Unlode,10,"undetermined: plentiful plates, pockets, pinches, underclings, and an undetermined amount of uncounted and uncharted jugs will help you reach the top anchors on this slightly overhanging route.","jug, pocket",-,-,-,0,0,0,0,0,0,0
123210320,Untoward,Red River Gorge > Bald Rock Recreational Preserve (BRRP) > The Unlode,https://www.mountainproject.com/route/123210320/untoward,2.8,5.10b/c,1,55,-83.71178,37.64235,Bald Rock Recreational Preserve (BRRP),The Unlode,10,untoward: another 5.10 on the 5.10 wall of unlode.  climb jugs up to the next to last bolt and then cut right onto the arete as you approach the last bolt.  ride the arete using large and positive jugs that are a bit hard to see.  pull back onto the face at the anchor.,"arete, face, jug",-,-,-,0,0,0,0,0,0,1
118947655,Unfamilia,Red River Gorge > Bald Rock Recreational Preserve (BRRP) > The Unlode,https://www.mountainproject.com/route/118947655/unfamilia,1.6,5.10c,1,55,-83.71178,37.64235,Bald Rock Recreational Preserve (BRRP),The Unlode,10,unfamilia: start by tic-tac-ing through crimps or making a long move (height-dependent) then follow slopey jugs to the top.,"crimp, jug, sloper",-,-,-,0,0,0,0,0,0,0
106927891,Unbridled,Red River Gorge > Bald Rock Recreational Preserve (BRRP) > The Unlode,https://www.mountainproject.com/route/106927891/unbridled,2.5,5.10c,1,50,-83.71178,37.64235,Bald Rock Recreational Preserve (BRRP),The Unlode,10,unbridled: at the far left of the unlode is this sole route. it's vertical and a bit sandy due to lack of traffic. the rock quality is less than other surrounding areas but still climbable and fun.    cruise up past the first few bolts using pockets and some smaller crimps.  punch through the crux at the blank-looking-but-ultimately-more-featured-than-it-appears bulge around the fifth bolt.    grab more cool pockets to the anchor.,"crimp, cruise, crux, pocket",fun,-,sandy,1,1,1,0,0,0,0
125325275,Undaunted,Red River Gorge > Bald Rock Recreational Preserve (BRRP) > The Unlode,https://www.mountainproject.com/route/125325275/undaunted,2.6,5.10c/d,1,40,-83.71178,37.64235,Bald Rock Recreational Preserve (BRRP),The Unlode,10,"undaunted: this is the 2nd from the left of the 5 routes on underdeveloped wall. begins as a mellow slab, but soon steepens and gets a bit trickier as you navigate past the overhanging bulges near the top.",slab,-,-,-,0,0,0,0,0,0,1
119938718,Unsung,Red River Gorge > Bald Rock Recreational Preserve (BRRP) > The Unlode,https://www.mountainproject.com/route/119938718/unsung,2.4,5.10d,1,45,-83.71178,37.64235,Bald Rock Recreational Preserve (BRRP),The Unlode,10,"unsung: similar to some of the nearby lines, perhaps less juggy overall and a bit of sequential pocket pulling in the middle. not that dirty for a new line at this wall, but certainly could use more traffic.","jug, pocket",-,-,dirty,1,0,0,0,0,0,0
116492461,Whistling Dixie,Red River Gorge > Cathedral Domain > Apollo Wall,https://www.mountainproject.com/route/116492461/whistling-dixie,2,5.10b,1,45,-83.78912,37.66069,Cathedral Domain,Apollo Wall,10,whistling dixie: really fun warm up route for the wall. has a steep finish to it that will leave you guessing. great lead,-,"fun, great, warm-up",-,-,0,1,1,0,0,0,0
121532946,Disneyland,Red River Gorge > Cathedral Domain > BackStreet,https://www.mountainproject.com/route/121532946/disneyland,2,5.9,1,70,-83.78679,37.65522,Cathedral Domain,BackStreet,9,disneyland: long but juggy route. one of the longer routes at cathedral domain.,jug,-,-,-,0,0,0,0,0,0,0
125114363,Silver Spoon,Red River Gorge > Cathedral Domain > BackStreet,https://www.mountainproject.com/route/125114363/silver-spoon,3,5.10-,1,70,-83.78679,37.65522,Cathedral Domain,BackStreet,10,silver spoon: it climbs like a gym route because of all the perfectly formed jugs. its only a 5.10- for the length of the route but every move is 5.8. the route follows left of the arete towards the top. the route is generously bolted (it would give old school bolters a heart attack when looking up at it from the ground).,"arete, jug",-,-,-,0,0,0,0,0,0,1
125114388,Mic Check,Red River Gorge > Cathedral Domain > BackStreet,https://www.mountainproject.com/route/125114388/mic-check,3,5.10b/c,1,70,-83.78679,37.65522,Cathedral Domain,BackStreet,10,"mic check: currently pretty dirty but i  enjoyed the parts i put together. i think the crux is the second or third bolt then the rest of the route is pretty cruiser. ends in a short ""slab"". ngl the boulder at the top really freaked me out. you would never grab it but it would kill your belayer if it fell.","cruise, crux, slab",-,"rest, thin",dirty,1,0,0,0,0,0,1
116515874,2nd Wind,Red River Gorge > Cathedral Domain > BackStreet,https://www.mountainproject.com/route/116515874/2nd-wind,2,5.10b/c,1,40,-83.78679,37.65522,Cathedral Domain,BackStreet,10,2nd wind: technical climbing with a couple boulder sections that might be considered the crux,"crux, technical",-,-,-,0,0,0,0,0,0,0
125114311,Tic Pebble,Red River Gorge > Cathedral Domain > Backstreet-Left,https://www.mountainproject.com/route/125114311/tic-pebble,3,5.8,1,35,-83.78671,37.65496,Cathedral Domain,Backstreet-Left,8,tic pebble: super weird and awkward route for the grade. i absolutely loved the change in style and would suggest trying it. the crux is debatably getting to the second bolt which could be a weird fall if blown. a lot of mantling to ledges.,"crux, ledge",-,-,-,0,0,0,0,0,0,0
125114294,Stutter Step,Red River Gorge > Cathedral Domain > Backstreet-Left,https://www.mountainproject.com/route/125114294/stutter-step,3.3,5.9,1,40,-83.78671,37.65496,Cathedral Domain,Backstreet-Left,9,"stutter step: super fun route that progressively gets harder. first three bolts are pulling on jugs. last two bolts are the crux with slopers and thin crimps. its a great route for a beginning leader to learn awkward clips or a new climber to get a ""harder"" top rope.","crimp, crux, jug, sloper","fun, great",thin,-,0,1,1,0,0,0,0
125114147,Bear Paw,Red River Gorge > Cathedral Domain > Backstreet-Left,https://www.mountainproject.com/route/125114147/bear-paw,3,5.10b,1,40,-83.78671,37.65496,Cathedral Domain,Backstreet-Left,10,bear paw: super easy start to slabby shelves. it seems harder than the grade before you find the holds. i cleaned it oct 7 2023 so hopefully it goes easier now.,slab,"easier, easy",-,-,0,1,0,0,0,0,1
125114210,Cup a Joe,Red River Gorge > Cathedral Domain > Backstreet-Left,https://www.mountainproject.com/route/125114210/cup-a-joe,3,5.10c,1,40,-83.78671,37.65496,Cathedral Domain,Backstreet-Left,10,cup a joe: super fun route but is extremely dirty currently. starts with similar overhang/lip start as open project which turns into slabby delicate moves. it might be harder than a 5.10c but is hard to tell in current state.,slab,fun,-,dirty,1,1,1,0,0,0,1
121390847,Hope Rising,Red River Gorge > Cathedral Domain > Backstreet-Right,https://www.mountainproject.com/route/121390847/hope-rising,2,5.9,1,45,-83.78747,37.65509,Cathedral Domain,Backstreet-Right,9,NA,NA,NA,NA,NA,NA,NA,NA,NA,NA,NA,NA
121390840,Richardson's Reach,Red River Gorge > Cathedral Domain > Backstreet-Right,https://www.mountainproject.com/route/121390840/richardsons-reach,2,5.10b/c,1,50,-83.78747,37.65509,Cathedral Domain,Backstreet-Right,10,NA,NA,NA,NA,NA,NA,NA,NA,NA,NA,NA,NA
118043929,Cub Scout,Red River Gorge > Cathedral Domain > Blue Sky,https://www.mountainproject.com/route/118043929/cub-scout,2.2,5.8,1,45,-83.79413,37.65559,Cathedral Domain,Blue Sky,8,"cub scout: nice vertical to slab begginer climb, crimps and pockets positive feet.","crimp, pocket, slab",nice,-,-,0,1,0,0,0,0,1
118043954,Bar Code,Red River Gorge > Cathedral Domain > Blue Sky,https://www.mountainproject.com/route/118043954/bar-code,2.2,5.8,1,40,-83.79413,37.65559,Cathedral Domain,Blue Sky,8,"bar code: great warmup climb, some pockets and crimps fun climb for new lead climbers.","crimp, pocket","fun, great",-,-,0,1,1,0,0,0,0
118044007,Happy Girl,Red River Gorge > Cathedral Domain > Blue Sky,https://www.mountainproject.com/route/118044007/happy-girl,2.4,5.8+,1,35,-83.79413,37.65559,Cathedral Domain,Blue Sky,8,"happy girl: good warm up climb, some crimps and pockets great feet, slight slab.","crimp, pocket, slab","good, great, warm-up",-,-,0,1,1,0,0,0,1
118044108,Water to Wine,Red River Gorge > Cathedral Domain > Blue Sky,https://www.mountainproject.com/route/118044108/water-to-wine,2.4,5.9,1,30,-83.79413,37.65559,Cathedral Domain,Blue Sky,9,"water to wine: great short little warm ups, wont get a better view from a climb this hieght. crimps and little lips well worth the time while your there.",crimp,"great, warm-up",-,-,0,1,1,0,0,0,0
122898430,Paper Plate,Red River Gorge > Cathedral Domain > Blue Sky,https://www.mountainproject.com/route/122898430/paper-plate,2,5.9,1,25,-83.79413,37.65559,Cathedral Domain,Blue Sky,9,paper plate: cool short route with a low crux section that starts immediately off the ground. it has a micro overhang section. the worst part of this route is how it ends right as you are starting to get into it.,crux,-,-,-,0,0,0,0,0,0,0
118044161,Wine to Shine,Red River Gorge > Cathedral Domain > Blue Sky,https://www.mountainproject.com/route/118044161/wine-to-shine,2.4,5.9+,1,30,-83.79413,37.65559,Cathedral Domain,Blue Sky,9,wine to shine: short little slab line it may be a 2star climb but it has a 5 star view very much worth checking out.,slab,-,-,-,0,0,0,0,0,0,1
118043896,A Flower of Youth,Red River Gorge > Cathedral Domain > Blue Sky,https://www.mountainproject.com/route/118043896/a-flower-of-youth,2.6,5.10a,1,48,-83.79413,37.65559,Cathedral Domain,Blue Sky,10,a flower of youth: crimps and ledges turns slightly slab at the top.,"crimp, ledge, slab",-,-,-,0,0,0,0,0,0,1
118044047,Two-4-One,Red River Gorge > Cathedral Domain > Blue Sky,https://www.mountainproject.com/route/118044047/two-4-one,2.5,5.10b,1,35,-83.79413,37.65559,Cathedral Domain,Blue Sky,10,"two-4-one: crimps and finger pockets, turns slight over hang at the top, dont let the lack of hieght turn you away. it is a fun and challenging climb.","crimp, pocket",fun,-,-,0,1,1,0,0,0,0
122898308,Beans N taters,Red River Gorge > Cathedral Domain > Blue Sky,https://www.mountainproject.com/route/122898308/beans-n-taters,2,5.10b/c,1,25,-83.79413,37.65559,Cathedral Domain,Blue Sky,10,beans n taters: it feels like a big boulder problem. it's good rock with cool moves. the route can either be climbed right or left of the first two bolts.,-,good,-,-,0,1,0,0,0,0,0
118043864,Tweezer,Red River Gorge > Cathedral Domain > Blue Sky,https://www.mountainproject.com/route/118043864/tweezer,2.8,5.10c,1,55,-83.79413,37.65559,Cathedral Domain,Blue Sky,10,"tweezer: starts with crimps, moves into some ledges, then you get into pockets and little slab up top. really fun climb amazing views from the anchors.","crimp, ledge, pocket, slab",fun,-,-,0,1,1,0,0,0,1
118043839,Better Days,Red River Gorge > Cathedral Domain > Blue Sky,https://www.mountainproject.com/route/118043839/better-days,2.8,5.10d,1,55,-83.79413,37.65559,Cathedral Domain,Blue Sky,10,"better days: pockets and crimps with sime ledges and powerful moves, up top the route turns left around the corner, adds alittle excitment for the finish.","crimp, ledge, pocket",-,-,-,0,0,0,0,0,0,0
114450399,Adam,Red River Gorge > Cathedral Domain > Buzzards Roost > Eden (Far Right End),https://www.mountainproject.com/route/114450399/adam,2.7,5.10a,1,40,-83.79035,37.65742,Cathedral Domain,Buzzards Roost,10,"adam: the leftmost route that is about 10 feet shorter than ""eve"" to the right. face climb to a roof and climb the overhanging face to the anchors.","face, roof",-,-,-,0,0,0,0,0,0,1
114450426,Eve,Red River Gorge > Cathedral Domain > Buzzards Roost > Eden (Far Right End),https://www.mountainproject.com/route/114450426/eve,3.5,5.10b,1,50,-83.79035,37.65742,Cathedral Domain,Buzzards Roost,10,eve: start at the shallow dihedral and climb to the roof. pull the roof and the fun begins. fight off the pump and climb the steep rock to the higher set of anchors. super fun.,"dihedral, roof",fun,pumpy,-,0,1,1,0,1,0,1
115792166,Deere Crossing,Red River Gorge > Cathedral Domain > Buzzards Roost > Ott's Wall,https://www.mountainproject.com/route/115792166/deere-crossing,1.8,5.8,1,30,-83.7908,37.6568,Cathedral Domain,Buzzards Roost,8,"deere crossing: pull through a band of juggy ledges and pockets until you get to a few bolts of slab. fun for what it is, but likely to be a bit mossy and dirty until this area sees more traffic. good intro to slab though, with a few easy rrg-type moves at the start.","jug, ledge, pocket, slab","easy, fun, good",-,dirty,1,1,1,0,0,0,1
116071124,Ott 2,Red River Gorge > Cathedral Domain > Buzzards Roost > Ott's Wall,https://www.mountainproject.com/route/116071124/ott-2,1.9,5.8,1,30,-83.7908,37.6568,Cathedral Domain,Buzzards Roost,8,"ott 2: short, dirty climb that has the same style as the rest of this crag. a few bolts of juggy sidepulls to a mossy ledge halfway up. transition to a few fun slab moves before the chains. movement is good, but the holds can be dirty and fragile on the lower section.","jug, ledge, slab","fun, good",rest,dirty,1,1,1,0,0,0,1
118046232,Outcast,Red River Gorge > Cathedral Domain > Buzzards Roost > Ott's Wall,https://www.mountainproject.com/route/118046232/outcast,1.7,5.8,1,30,-83.7908,37.6568,Cathedral Domain,Buzzards Roost,8,outcast: interesting side pulls and little shelves up to some fun slab moves.,slab,"fun, interesting",-,-,0,1,1,0,0,0,1
118046203,Ott Not,Red River Gorge > Cathedral Domain > Buzzards Roost > Ott's Wall,https://www.mountainproject.com/route/118046203/ott-not,1.8,5.8+,1,30,-83.7908,37.6568,Cathedral Domain,Buzzards Roost,8,"ott not: pockets and interesting side pulls to get you to the slab up above. some of the holds can be fragile so check your self, just needs traffic.","pocket, slab",interesting,-,-,0,1,0,0,0,0,1
115792188,Home Drone,Red River Gorge > Cathedral Domain > Buzzards Roost > Ott's Wall,https://www.mountainproject.com/route/115792188/home-drone,1.8,5.8+,1,35,-83.7908,37.6568,Cathedral Domain,Buzzards Roost,8,"home drone: slightly harder than deere crossing, but similar style. the start is slightly harder to read and the rock is poorer quality in the large hueco. some great pockets get you into the slab section, which is dirtier than the route to the right, but with slightly more positive feet (depending on the footwear you've chosen).","hueco, pocket, slab",great,-,-,0,1,1,0,0,0,1
114212165,Rocky and Bullwinkle,Red River Gorge > Cathedral Domain > East Coast Crag,https://www.mountainproject.com/route/114212165/rocky-and-bullwinkle,2.4,5.8+,1,30,-83.78719,37.65543,Cathedral Domain,East Coast Crag,8,"rocky and bullwinkle: follow a short vertical face, around a bulge, and up good pockets and plates to the anchors.","face, pocket",good,-,-,0,1,0,0,0,0,0
114212143,A Day Late,Red River Gorge > Cathedral Domain > East Coast Crag,https://www.mountainproject.com/route/114212143/a-day-late,2.7,5.9,1,40,-83.78719,37.65543,Cathedral Domain,East Coast Crag,9,a day late: balancy.,-,-,balance,-,0,0,0,0,0,0,0
114212005,Pasty White,Red River Gorge > Cathedral Domain > East Coast Crag,https://www.mountainproject.com/route/114212005/pasty-white,2.7,5.9+,1,35,-83.78719,37.65543,Cathedral Domain,East Coast Crag,9,pasty white: negotiate onto a neat tower to the first bolt and climb consistent pockets to the top.,pocket,-,-,-,0,0,0,0,0,0,0
114211996,2 Pump Chump,Red River Gorge > Cathedral Domain > East Coast Crag,https://www.mountainproject.com/route/114211996/2-pump-chump,2.7,5.10a,1,40,-83.78719,37.65543,Cathedral Domain,East Coast Crag,10,2 pump chump: first route on the left.  pull the roof with a helpful undercling.,roof,-,pumpy,-,0,0,0,0,0,0,1
114212084,Never a Duhl Moment,Red River Gorge > Cathedral Domain > East Coast Crag,https://www.mountainproject.com/route/114212084/never-a-duhl-moment,2,5.10a,1,40,-83.78719,37.65543,Cathedral Domain,East Coast Crag,10,"never a duhl moment: balancy and slabby, with some specific beta required to pass a relatively-featureless section.",slab,-,balance,-,0,0,0,0,0,0,1
119620191,6 Shooter,Red River Gorge > Cathedral Domain > East Coast Crag,https://www.mountainproject.com/route/119620191/6-shooter,2,5.10b,1,30,-83.78719,37.65543,Cathedral Domain,East Coast Crag,10,"6 shooter: vertical face, small bulge then ledge, then crimps to the finish.","crimp, face, ledge",-,-,-,0,0,0,0,0,0,0
116550630,Thumb Meat,Red River Gorge > Cathedral Domain > East Coast Crag,https://www.mountainproject.com/route/116550630/thumb-meat,2.8,5.10,1,40,-83.78719,37.65543,Cathedral Domain,East Coast Crag,10,thumb meat: use the crack to push through a boulder problem then on to anchors,crack,-,-,-,0,0,0,0,0,0,0
114212159,Crucifix,Red River Gorge > Cathedral Domain > East Coast Crag,https://www.mountainproject.com/route/114212159/crucifix,2,5.10b/c,1,40,-83.78719,37.65543,Cathedral Domain,East Coast Crag,10,NA,NA,NA,NA,NA,NA,NA,NA,NA,NA,NA,NA
121492396,Card Tricks,Red River Gorge > Cathedral Domain > East Coast Crag,https://www.mountainproject.com/route/121492396/card-tricks,2,5.10b/c,1,40,-83.78719,37.65543,Cathedral Domain,East Coast Crag,10,NA,NA,NA,NA,NA,NA,NA,NA,NA,NA,NA,NA
121492409,Jersey Joyride,Red River Gorge > Cathedral Domain > East Coast Crag,https://www.mountainproject.com/route/121492409/jersey-joyride,2,5.10+,1,45,-83.78719,37.65543,Cathedral Domain,East Coast Crag,10,jersey joyride: fun crimpy route.,crimp,fun,-,-,0,1,1,0,0,0,0
121492422,Tinder Kittens,Red River Gorge > Cathedral Domain > East Coast Crag,https://www.mountainproject.com/route/121492422/tinder-kittens,3,5.10+,1,45,-83.78719,37.65543,Cathedral Domain,East Coast Crag,10,tinder kittens: crimpy and pumpy,crimp,-,pumpy,-,0,0,0,0,0,0,0
121390741,First Light,Red River Gorge > Cathedral Domain > Eastface,https://www.mountainproject.com/route/121390741/first-light,0.3,5.8+,1,40,-83.79355,37.65554,Cathedral Domain,Eastface,8,first light: decent lead for a beginner climber looking for either a redpoint or onsight. i'd suggest new climbers to stick clip the first bolt due to low crux.starting moves follows shallow crack with awkward feet. follow slab sequence to large ledge. pull though slight overhang to ending easy slab sequence.,"crack, crux, ledge, slab",easy,stick-clip,-,0,1,0,0,0,0,1
121390719,Handsight,Red River Gorge > Cathedral Domain > Eastface,https://www.mountainproject.com/route/121390719/handsight,2.8,5.10a,1,NA,-83.79355,37.65554,Cathedral Domain,Eastface,10,handsight: good route with pumpy ending to chains,-,good,pumpy,-,0,1,0,0,0,0,0
121390707,Sink or Swim,Red River Gorge > Cathedral Domain > Eastface,https://www.mountainproject.com/route/121390707/sink-or-swim,3,5.10c,1,45,-83.79355,37.65554,Cathedral Domain,Eastface,10,sink or swim: good route but needs thorough cleaning before it can reach its true potential. the starting 2 bolts were the crux for me but it might be because of the bad feet.,crux,good,-,bad,1,1,0,0,0,0,0
116579149,Have Mercy,Red River Gorge > Cathedral Domain > Hades,https://www.mountainproject.com/route/116579149/have-mercy,1.3,5.10b,1,25,-83.79038,37.65787,Cathedral Domain,Hades,10,have mercy: basically a warm up route for the wall its shorter than most but it will serve its purpose well.,-,warm-up,-,-,0,1,0,0,0,0,0
114446396,Higher Ground,Red River Gorge > Cathedral Domain > Inner Loop Trail > Patterson,https://www.mountainproject.com/route/114446396/higher-ground,3,5.8+,1,50,-83.79332,37.65585,Cathedral Domain,Inner Loop Trail,8,higher ground: climbs better than it looks. it has fun moves and would be a great first lead.,-,"fun, great",-,-,0,1,1,0,0,0,0
116648887,Butterscotch,Red River Gorge > Cathedral Domain > Inner Loop Trail > Patterson,https://www.mountainproject.com/route/116648887/butterscotch,2.5,5.9+,1,65,-83.79332,37.65585,Cathedral Domain,Inner Loop Trail,9,"butterscotch: a straightforward and well protected climb. mostly vertical or slightly less than vertical, with a small overhang towards the top. the beginning is quite chossy, but will improve with time as the line sees more traffic. beware of loose rock.",-,-,-,choss,1,0,0,0,0,0,0
114446365,The Birthing,Red River Gorge > Cathedral Domain > Inner Loop Trail > Patterson,https://www.mountainproject.com/route/114446365/the-birthing,3.5,5.10-,1,60,-83.79332,37.65585,Cathedral Domain,Inner Loop Trail,10,"the birthing: start in an alcove and stem up the chimney that narrows to a squeeze where you get ""birthed"". fun route that departs from cookie cutter face routes. when it starts feeling hard look around.","chimney, face",fun,thin,-,0,1,1,0,1,0,0
114446375,Rocky Road,Red River Gorge > Cathedral Domain > Inner Loop Trail > Patterson,https://www.mountainproject.com/route/114446375/rocky-road,3.1,5.10b,1,60,-83.79332,37.65585,Cathedral Domain,Inner Loop Trail,10,"rocky road: thought provoking route with fun moves on mostly vertical rock. just right of ""the birthing""",-,fun,thin,-,0,1,1,0,0,0,0
123224790,Fudge,Red River Gorge > Cathedral Domain > K9 Crag,https://www.mountainproject.com/route/123224790/fudge,1.5,5.8+,1,30,-83.78578,37.65901,Cathedral Domain,K9 Crag,8,fudge: fun short route. it had interesting moves for how easy it was. clipping the first bolt is a must since you could tumble down the hill into the metal rungs that lead to big wall.,big wall,"easy, fun, interesting",-,-,0,1,1,0,0,0,0
114446528,Stoop Dog,Red River Gorge > Cathedral Domain > K9 Crag,https://www.mountainproject.com/route/114446528/stoop-dog,1.9,5.9,1,40,-83.78578,37.65901,Cathedral Domain,K9 Crag,9,stoop dog: bouldery overhanging start leads to fun climbing above.,-,fun,-,-,0,1,1,0,0,0,0
114446609,Flea Bitten Stranger,Red River Gorge > Cathedral Domain > K9 Crag,https://www.mountainproject.com/route/114446609/flea-bitten-stranger,3.4,5.9+,1,55,-83.78578,37.65901,Cathedral Domain,K9 Crag,9,flea bitten stranger: the route starts just left of the corner and climbs up the overhanging face arete to a dihedral. figure out the bouldery crux to gain the arete and then save your energy for the crazy fun finish at the top that liebacks the corner crack to the anchors. the guide says 5.9+ but it may seem harder depending on your reach.,"arete, crack, crux, dihedral, face",fun,-,-,0,1,1,0,1,0,1
114446550,In Dog Years,Red River Gorge > Cathedral Domain > K9 Crag,https://www.mountainproject.com/route/114446550/in-dog-years,3.1,5.10a,1,50,-83.78578,37.65901,Cathedral Domain,K9 Crag,10,in dog years: trail ends directly under this overhanging jug fest with a roof about 15 feet off the ground.,"jug, roof",-,-,-,0,0,0,0,0,0,1
122898106,Dawgillhunt,Red River Gorge > Cathedral Domain > K9 Crag,https://www.mountainproject.com/route/122898106/dawgillhunt,2,5.10b/c,1,60,-83.78578,37.65901,Cathedral Domain,K9 Crag,10,dawgillhunt: starts with stemming and briefly follows crack. it's continuous tedious slab to top. the guide calls it a 5.10b but it feels harder. the bolts are really generous and well placed so it shouldn't intimidate someone that is getting into slab.,"crack, slab",-,-,-,0,0,0,0,0,0,1
114311480,Lost,Red River Gorge > Cathedral Domain > Knowhere Wall,https://www.mountainproject.com/route/114311480/lost,2.2,5.8+,1,35,-83.78843,37.6615,Cathedral Domain,Knowhere Wall,8,lost: crux will be getting off the ground. start with some small crimps and throw for a ledge. cake walk after that.,"crimp, crux, ledge",-,-,-,0,0,0,0,0,0,0
114311584,Tunnel Vision,Red River Gorge > Cathedral Domain > Knowhere Wall,https://www.mountainproject.com/route/114311584/tunnel-vision,2.5,5.8+,1,45,-83.78843,37.6615,Cathedral Domain,Knowhere Wall,8,tunnel vision: some funky moves lead to more funky moves,-,fun,-,-,0,1,1,0,0,0,0
114311660,Borrowed Time,Red River Gorge > Cathedral Domain > Knowhere Wall,https://www.mountainproject.com/route/114311660/borrowed-time,2.5,5.9+,1,35,-83.78843,37.6615,Cathedral Domain,Knowhere Wall,9,borrowed time: climb a short face to some anchors. weird funky movement,face,fun,-,-,0,1,1,0,0,0,0
118043030,Spoiled,Red River Gorge > Cathedral Domain > Ladder Horn Wall,https://www.mountainproject.com/route/118043030/spoiled,2.7,5.10d,1,30,-83.79357,37.65598,Cathedral Domain,Ladder Horn Wall,10,"spoiled: good first 5.10 lead, short line but very consistent climb. technical climbing pockest great stone.",technical,"good, great",-,-,0,1,1,0,0,0,0
118043087,Bull Legged,Red River Gorge > Cathedral Domain > Ladder Horn Wall,https://www.mountainproject.com/route/118043087/bull-legged,2.3,5.10d,1,30,-83.79357,37.65598,Cathedral Domain,Ladder Horn Wall,10,bull legged: short line but will challenge you if given the chance. small little finger pockets and crimps,"crimp, pocket",-,-,-,0,0,0,0,0,0,0
121534580,Peace Time,Red River Gorge > Cathedral Domain > Left Box,https://www.mountainproject.com/route/121534580/peace-time,2,5.8,1,35,-83.7914,37.65608,Cathedral Domain,Left Box,8,peace time: short and sweet. would be a good intro to climbing.,-,good,-,-,0,1,0,0,0,0,0
121536589,Jabba,Red River Gorge > Cathedral Domain > Left Box,https://www.mountainproject.com/route/121536589/jabba,2,5.8,1,35,-83.7914,37.65608,Cathedral Domain,Left Box,8,jabba: jugs for days.,jug,-,-,-,0,0,0,0,0,0,0
121532495,The Beacon,Red River Gorge > Cathedral Domain > Light House Crag,https://www.mountainproject.com/route/121532495/the-beacon,2,5.10b/c,1,25,-83.7903,37.65724,Cathedral Domain,Light House Crag,10,the beacon: low crux. short but sustained vertical climbing.,crux,-,-,-,0,0,0,0,0,0,0
116551415,Fog Horn,Red River Gorge > Cathedral Domain > Light House Crag,https://www.mountainproject.com/route/116551415/fog-horn,2.5,5.10d,1,35,-83.7903,37.65724,Cathedral Domain,Light House Crag,10,NA,NA,NA,NA,NA,NA,NA,NA,NA,NA,NA,NA
125070817,Pulse,Red River Gorge > Cathedral Domain > Litter Box > Lower Tier,https://www.mountainproject.com/route/125070817/pulse,2.5,5.8,1,35,-83.79155,37.6561,Cathedral Domain,Litter Box,8,"pulse: this route is like a beginner friendly version of some of the rest of the crag. it climbs a lot like a gym route. a nice amount of pinches, a couple of slopers, and very solid clips for a new leader.",sloper,nice,rest,-,0,1,0,0,0,0,0
125109412,LockJaw,Red River Gorge > Cathedral Domain > Litter Box > Lower Tier,https://www.mountainproject.com/route/125109412/lockjaw,1.5,5.10a/b,1,35,-83.79155,37.6561,Cathedral Domain,Litter Box,10,"lockjaw: difficult getting off the ground, but eases significantly once you are.",-,-,difficult,-,0,0,0,0,0,0,0
125109495,Evidence of Overeating,Red River Gorge > Cathedral Domain > Litter Box > Lower Tier,https://www.mountainproject.com/route/125109495/evidence-of-overeating,2,5.10b/c,1,50,-83.79155,37.6561,Cathedral Domain,Litter Box,10,evidence of overeating: debatably the easiest 5.10c i’ve ever climbed(weird for how stiff cathedral can be). first two bolts are 5.5 climbing to v2/3 crux move on bolt 3. the rest of the route is a cruiser jugfest to the anchor. multiple no hands rests.,"cruise, crux, jug",-,rest,-,0,0,0,0,0,0,0
118064445,Comith Alive,Red River Gorge > Cathedral Domain > Moon Wall,https://www.mountainproject.com/route/118064445/comith-alive,2.5,5.9,1,40,-83.79332,37.66246,Cathedral Domain,Moon Wall,9,comith alive: ledges and pockets. slight overhanging sections of climbing. climb just to the left of the roof gets alittle more height then the 5.9 to the right.very fun climb.,"ledge, pocket, roof",fun,-,-,0,1,1,0,0,0,1
118064457,Aunt Betty's Bic ups,Red River Gorge > Cathedral Domain > Moon Wall,https://www.mountainproject.com/route/118064457/aunt-bettys-bic-ups,2.3,5.9+,1,35,-83.79332,37.66246,Cathedral Domain,Moon Wall,9,"aunt betty's bic ups: very fun climb lips and pockets great hands good rock, overhanging",pocket,"fun, good, great",-,-,0,1,1,0,0,0,0
118067448,Will'd Power,Red River Gorge > Cathedral Domain > Moon Wall,https://www.mountainproject.com/route/118067448/willd-power,3,5.10c/d,1,40,-83.79332,37.66246,Cathedral Domain,Moon Wall,10,will'd power: climbs just to right of the roof still has some steep to it but not like the others 10c climb with a couple 10d boulder problems has these iron rails that run throughout the route.,roof,-,-,-,0,0,0,0,0,0,1
115788449,Sunday Funday,Red River Gorge > Cathedral Domain > Pumpkin Patch,https://www.mountainproject.com/route/115788449/sunday-funday,2.1,5.8,1,45,-83.79033,37.6614,Cathedral Domain,Pumpkin Patch,8,"sunday funday: nice easier lead. some low-angle climbing for the first few bolts, then a bit of a juggy traverse and the up to the anchors. fun.",jug,"easier, fun, nice",traverse,-,0,1,1,0,0,0,0
115788473,Pumpkin 3.14,Red River Gorge > Cathedral Domain > Pumpkin Patch,https://www.mountainproject.com/route/115788473/pumpkin-314,2.2,5.8,1,45,-83.79033,37.6614,Cathedral Domain,Pumpkin Patch,8,"pumpkin 3.14: slightly harder than sunday funday, it's nice easy and fun stuff. trend slightly to the right after a ledgy start. shorter climbers may struggle reaching the permadraws to clip the chains.when wet (or after recent rain) the finish jug can be very wet, but the hold is so good it shouldn't be an issue (except some muddy fingers!)",jug,"easy, fun, good, nice",-,-,0,1,1,0,0,0,0
115788499,Flying Nun,Red River Gorge > Cathedral Domain > Pumpkin Patch,https://www.mountainproject.com/route/115788499/flying-nun,2.7,5.9+,1,40,-83.79033,37.6614,Cathedral Domain,Pumpkin Patch,9,flying nun: plate pulling on a slight overhang. some fun moves down low take you to the cruxy mantle. a long reach and then jugs to the chains.,"crux, jug, mantle",fun,-,-,0,1,1,0,1,0,0
116381929,Holly Berry,Red River Gorge > Cathedral Domain > Pumpkin Patch,https://www.mountainproject.com/route/116381929/holly-berry,3,5.10b,1,40,-83.79033,37.6614,Cathedral Domain,Pumpkin Patch,10,holly berry: a very nice route for your first 10a lead.a fun (cruxy) ledge pull after the first bolt (well protected). the rest is fun climbing with multiple good rests.,"crux, ledge","fun, good, nice",rest,-,0,1,1,0,0,0,0
116386291,Elevado,Red River Gorge > Cathedral Domain > Pumpkin Patch,https://www.mountainproject.com/route/116386291/elevado,2.5,5.10d,1,35,-83.79033,37.6614,Cathedral Domain,Pumpkin Patch,10,"elevado: great route for the length, crux might be the shelf, has some big moves. will leave you wanting more!",crux,great,-,-,0,1,1,0,0,0,0
122301874,Everywhere,Red River Gorge > Cathedral Domain > Somewhere,https://www.mountainproject.com/route/122301874/everywhere,2.7,5.8+,1,45,-83.78698,37.66214,Cathedral Domain,Somewhere,8,"everywhere: it felt like a gym route with with all the conveniently placed jugs. great lead for a beginner. easy clipping holds and cool movement. the first bolt is the ""crux"".","crux, jug","easy, great",-,-,0,1,1,0,0,0,0
124736237,Anywhere,Red River Gorge > Cathedral Domain > Somewhere,https://www.mountainproject.com/route/124736237/anywhere,2,5.9,1,45,-83.78698,37.66214,Cathedral Domain,Somewhere,9,"anywhere: tricky thin start, kicks back slightly near the end.",-,-,"thin, tricky",-,0,0,0,0,0,0,0
121492176,There,Red River Gorge > Cathedral Domain > Somewhere,https://www.mountainproject.com/route/121492176/there,2.3,5.10a,1,45,-83.78698,37.66214,Cathedral Domain,Somewhere,10,NA,NA,NA,NA,NA,NA,NA,NA,NA,NA,NA,NA
121492146,Here,Red River Gorge > Cathedral Domain > Somewhere,https://www.mountainproject.com/route/121492146/here,1.7,5.10b/c,1,45,-83.78698,37.66214,Cathedral Domain,Somewhere,10,here: it is here. first route on wall(has a small sign.) short technical climb with slab start that continues to slight overhang.,"slab, technical",-,-,-,0,0,0,0,0,0,1
118068826,Killing the Blues,Red River Gorge > Cathedral Domain > Sun Wall,https://www.mountainproject.com/route/118068826/killing-the-blues,3.1,5.10a,1,55,-83.79337,37.66276,Cathedral Domain,Sun Wall,10,killing the blues: thin little ledgs going from slab to vert pretty quick. then gets steeper but good pockets some good rests before you push for the chains. great first 5.10 lead great protection and positive holds good rests just a great route.,"pocket, slab","good, great","rest, thin",-,0,1,1,0,0,0,1
118068917,Full Mac,Red River Gorge > Cathedral Domain > Sun Wall,https://www.mountainproject.com/route/118068917/full-mac,2.6,5.10c,1,60,-83.79337,37.66276,Cathedral Domain,Sun Wall,10,"full mac: a great route starts kinda thin til a little ledge from there, great holds has some pokects and good rest before you hit the slight overhang.",ledge,"good, great","rest, thin",-,0,1,1,0,0,0,0
118069077,Orange Crush,Red River Gorge > Cathedral Domain > Sun Wall,https://www.mountainproject.com/route/118069077/orange-crush,2.8,5.10+,1,65,-83.79337,37.66276,Cathedral Domain,Sun Wall,10,"orange crush: this could be one of the best routes at the domain in my opinion,  some pockets and crimps. but the exposure makes it feel harder. and the height of the route is incredible you start climbing above the tree line, just incredible veiw.","crimp, pocket",best,-,-,0,1,0,0,0,0,0
118068981,Bruised Not Broken,Red River Gorge > Cathedral Domain > Sun Wall,https://www.mountainproject.com/route/118068981/bruised-not-broken,3,5.10d,1,60,-83.79337,37.66276,Cathedral Domain,Sun Wall,10,bruised not broken: tricky slab to start then gets in to ledges and pockets turns overhang for the last bolts very well protected. fun route.,"ledge, pocket, slab",fun,tricky,-,0,1,1,0,0,0,1
118069016,Special Tea,Red River Gorge > Cathedral Domain > Sun Wall,https://www.mountainproject.com/route/118069016/special-tea,3,5.10d,1,60,-83.79337,37.66276,Cathedral Domain,Sun Wall,10,"special tea: technical slab, to vertical good rest on a ledge starts to get steeper as you climb some interesting shifts of the body make it a little more tricky up top but a amazing route.","ledge, slab, technical","good, interesting","rest, tricky",-,0,1,0,0,0,0,1
116550839,Slow Rider,Red River Gorge > Cathedral Domain > The Port,https://www.mountainproject.com/route/116550839/slow-rider,2,5.10a,1,45,-83.79092,37.65622,Cathedral Domain,The Port,10,"slow rider: starts on a slight ledge, line runs just to the left of this little whole in the rock you can climb into for a rest if desired",ledge,-,rest,-,0,0,0,0,0,0,0
123400063,Beach Front,Red River Gorge > Cathedral Domain > Westside,https://www.mountainproject.com/route/123400063/beach-front,0,5.8,1,35,-83.79089,37.65663,Cathedral Domain,Westside,8,beach front: very crumbly rock; very sandy; covered in moss.,-,-,-,"crumbly, sandy",1,0,0,0,0,0,0
123400082,Sand Castle,Red River Gorge > Cathedral Domain > Westside,https://www.mountainproject.com/route/123400082/sand-castle,0,5.8,1,35,-83.79089,37.65663,Cathedral Domain,Westside,8,sand castle: very crumbly rock; very dirty/sandy; covered in moss.,-,-,-,"crumbly, dirty, sandy",1,0,0,0,0,0,0
123398444,Fly Bry,Red River Gorge > Cathedral Domain > Westside,https://www.mountainproject.com/route/123398444/fly-bry,1,5.10a,1,35,-83.79089,37.65663,Cathedral Domain,Westside,10,NA,NA,NA,NA,NA,NA,NA,NA,NA,NA,NA,NA
123399527,City Folk,Red River Gorge > Cathedral Domain > Westside,https://www.mountainproject.com/route/123399527/city-folk,2,5.10c,1,40,-83.79089,37.65663,Cathedral Domain,Westside,10,NA,NA,NA,NA,NA,NA,NA,NA,NA,NA,NA,NA
118067716,Shaming,Red River Gorge > Cathedral Domain > White Pine Trail > Gypsy Camp,https://www.mountainproject.com/route/118067716/shaming,2.5,5.10a,1,35,-83.79253,37.66289,Cathedral Domain,White Pine Trail,10,shaming: powerful start great holds gets thin in the 4th 5th bolt.,-,great,thin,-,0,1,1,0,0,0,0
118067685,Dope Sick,Red River Gorge > Cathedral Domain > White Pine Trail > Gypsy Camp,https://www.mountainproject.com/route/118067685/dope-sick,2.2,5.10a/b,1,45,-83.79253,37.66289,Cathedral Domain,White Pine Trail,10,"dope sick: great climb, very commiting start, crimps and some interesting side pulls, positive holds interesting finish.",crimp,"great, interesting",-,-,0,1,1,0,0,0,0
118067636,System Failure,Red River Gorge > Cathedral Domain > White Pine Trail > Gypsy Camp,https://www.mountainproject.com/route/118067636/system-failure,1,5.10b,1,35,-83.79253,37.66289,Cathedral Domain,White Pine Trail,10,system failure: these little lips and rails that run throughout. with some pockets.,pocket,-,-,-,0,0,0,0,0,0,0
118067877,Sunny Side up,Red River Gorge > Cathedral Domain > White Pine Trail > Gypsy Camp,https://www.mountainproject.com/route/118067877/sunny-side-up,2,5.10b,1,45,-83.79253,37.66289,Cathedral Domain,White Pine Trail,10,sunny side up: great route with some interesting whole/little seats half way up the route. pockets and crimps. can through in a knee bar on the left side of the first whole.,"crimp, pocket","great, interesting",-,-,0,1,1,0,0,0,0
118067917,2 lefts aint Right,Red River Gorge > Cathedral Domain > White Pine Trail > Gypsy Camp,https://www.mountainproject.com/route/118067917/2-lefts-aint-right,2,5.10c,1,45,-83.79253,37.66289,Cathedral Domain,White Pine Trail,10,2 lefts aint right: high feet to start small ledges or rails then pockets,"ledge, pocket",-,-,-,0,0,0,0,0,0,0
118068026,Temet Nosce,Red River Gorge > Cathedral Domain > White Pine Trail > Gypsy Camp,https://www.mountainproject.com/route/118068026/temet-nosce,3,5.10c,1,50,-83.79253,37.66289,Cathedral Domain,White Pine Trail,10,temet nosce: hard start with interesting hand placement and directional holds.,-,interesting,-,-,0,1,0,0,0,0,0
118067669,Grilled Cheese,Red River Gorge > Cathedral Domain > White Pine Trail > Gypsy Camp,https://www.mountainproject.com/route/118067669/grilled-cheese,2,5.10d,1,40,-83.79253,37.66289,Cathedral Domain,White Pine Trail,10,grilled cheese: crimps and some pockets with a good rest at the 4th bolt.vertical technical climbing,"crimp, pocket, technical",good,rest,-,0,1,0,0,0,0,0
118932265,Milk Money,Red River Gorge > Cathedral Domain > White Pine Trail > The Metro,https://www.mountainproject.com/route/118932265/milk-money,2.4,5.8+,1,50,-83.79358,37.66317,Cathedral Domain,White Pine Trail,8,"milk money: offers an interesting variety of movement start to finish.  start in a very wide dihedral on mellow slab layback to a sitdown rest.  next, use ample jugs to move up the small roof; when the jugs run out, figure out the mantel crux .  finish with a couple effortless bolts before deciding how you need to clip the anchors. drop-ins at top.","crux, dihedral, jug, roof, slab",interesting,rest,run-out,1,1,0,0,0,0,1
118932167,Rabbit Hole,Red River Gorge > Cathedral Domain > White Pine Trail > The Metro,https://www.mountainproject.com/route/118932167/rabbit-hole,1.7,5.10-,1,50,-83.79358,37.66317,Cathedral Domain,White Pine Trail,10,NA,NA,NA,NA,NA,NA,NA,NA,NA,NA,NA,NA
118046289,Middle Man,Red River Gorge > Cathedral Domain > White Pine Trail > [Redacted],https://www.mountainproject.com/route/118046289/middle-man,2,5.10c,1,35,-83.79411,37.66399,Cathedral Domain,White Pine Trail,10,middle man: thin pinches and crimps through the first couple bolts then you get in to some pockets with a ledge in the middle.,"crimp, ledge, pocket",-,thin,-,0,0,0,0,0,0,0
116637712,Vaya Con Todos,Red River Gorge > Cathedral Domain > White Pine Trail > [Redacted],https://www.mountainproject.com/route/116637712/vaya-con-todos,2,5.10d,1,40,-83.79411,37.66399,Cathedral Domain,White Pine Trail,10,"vaya con todos: cool route with a two sections of contrasting styles - low, thin/pinchy crux gets you to two bolts worth of big pockets at the top.","crux, pocket",-,thin,-,0,0,0,0,0,0,0
116551345,A Shadow in the Wind,Red River Gorge > Cathedral Domain > Wind Tunnel,https://www.mountainproject.com/route/116551345/a-shadow-in-the-wind,1.7,5.10a,1,40,-83.79078,37.65596,Cathedral Domain,Wind Tunnel,10,"a shadow in the wind: a great route if you looking to start leading 5.10, a very consistent climb",-,great,-,-,0,1,1,0,0,0,0
116551359,ReCurve,Red River Gorge > Cathedral Domain > Wind Tunnel,https://www.mountainproject.com/route/116551359/recurve,0.7,5.10a,1,40,-83.79078,37.65596,Cathedral Domain,Wind Tunnel,10,"recurve: starts off a little tuff but gets easier at the top, also a great route for someone just starting to lead climb 5.10",-,"easier, great",-,-,0,1,1,0,0,0,0
116551332,Ground Zero,Red River Gorge > Cathedral Domain > Wind Tunnel,https://www.mountainproject.com/route/116551332/ground-zero,2,5.10d,1,35,-83.79078,37.65596,Cathedral Domain,Wind Tunnel,10,"ground zero: fun little route, will get in you mind a little at the top",-,fun,-,-,0,1,1,0,0,0,0
120828728,Traumatized Turtle,Red River Gorge > Miller Fork Recreational Preserve (MFRP) > Alcatraz,https://www.mountainproject.com/route/120828728/traumatized-turtle,1.9,5.9+,1,55,-83.68139,37.64264,Miller Fork Recreational Preserve (MFRP),Alcatraz,9,traumatized turtle: adventurous route up large ledges to a low angled face,"face, ledge",-,-,-,0,0,0,0,0,0,0
119850001,Sweet Petunia,Red River Gorge > Miller Fork Recreational Preserve (MFRP) > Alcatraz,https://www.mountainproject.com/route/119850001/sweet-petunia,2,5.10d,1,70,-83.68139,37.64264,Miller Fork Recreational Preserve (MFRP),Alcatraz,10,sweet petunia: traverse right on a dirty start. similar difficulty as the sport line immediately to the left.,-,-,"difficult, traverse",dirty,1,0,0,0,0,0,0
112279264,Man with a Wooden Leg,Red River Gorge > Miller Fork Recreational Preserve (MFRP) > Alcatraz,https://www.mountainproject.com/route/112279264/man-with-a-wooden-leg,2.6,5.10d,1,80,-83.68139,37.64264,Miller Fork Recreational Preserve (MFRP),Alcatraz,10,"man with a wooden leg: after stickclipping the first bolt, amble rightwards into a large hueco.  pull the roof on good holds of marginal integrity (crux) to get established on the face above.  once established more enjoyable climbing with a wide variety of holds on a slightly overhanging face leads to the anchors.","crux, face, hueco, roof",good,-,-,0,1,0,0,1,0,1
114530347,See You on Thursday,Red River Gorge > Miller Fork Recreational Preserve (MFRP) > Camelot,https://www.mountainproject.com/route/114530347/see-you-on-thursday,2.2,5.8,1,30,-83.67518,37.64911,Miller Fork Recreational Preserve (MFRP),Camelot,8,see you on thursday: this line of easy climbing.,-,easy,-,-,0,1,0,0,0,0,0
114530356,Castle Awed,Red River Gorge > Miller Fork Recreational Preserve (MFRP) > Camelot,https://www.mountainproject.com/route/114530356/castle-awed,2.5,5.8,1,30,-83.67518,37.64911,Miller Fork Recreational Preserve (MFRP),Camelot,8,castle awed: this line is very similar to and within eyesight of see you on thursday.,-,-,thin,-,0,0,0,0,0,0,0
114530360,Ralfe the Wonder Llama,Red River Gorge > Miller Fork Recreational Preserve (MFRP) > Camelot,https://www.mountainproject.com/route/114530360/ralfe-the-wonder-llama,2.2,5.8,1,35,-83.67518,37.64911,Miller Fork Recreational Preserve (MFRP),Camelot,8,ralfe the wonder llama: a few feet to the right is this obvious slab. take your time to find your way through a mix of holds to the anchors.,slab,-,-,-,0,0,0,0,0,0,1
114530433,European Swallow,Red River Gorge > Miller Fork Recreational Preserve (MFRP) > Camelot,https://www.mountainproject.com/route/114530433/european-swallow,2,5.8,1,25,-83.67518,37.64911,Miller Fork Recreational Preserve (MFRP),Camelot,8,european swallow: look to the right of holy grail. there is a short bolted line. this is a vertical line with a cruxy 2nd bolt move.,crux,-,-,-,0,0,0,0,0,0,0
114530446,The Snows of Winter,Red River Gorge > Miller Fork Recreational Preserve (MFRP) > Camelot,https://www.mountainproject.com/route/114530446/the-snows-of-winter,2.1,5.8,1,30,-83.67518,37.64911,Miller Fork Recreational Preserve (MFRP),Camelot,8,the snows of winter: slab route to the right of the swallows,slab,-,-,-,0,0,0,0,0,0,1
120846350,"Arthur, King of the Britons",Red River Gorge > Miller Fork Recreational Preserve (MFRP) > Camelot,https://www.mountainproject.com/route/120846350/arthur-king-of-the-britons,1.4,5.8,1,35,-83.67518,37.64911,Miller Fork Recreational Preserve (MFRP),Camelot,8,"arthur, king of the britons: climb the short featured face to a mantle at the ledge above.","face, ledge, mantle",-,-,-,0,0,0,0,1,0,0
114530364,Trojan Rabbit,Red River Gorge > Miller Fork Recreational Preserve (MFRP) > Camelot,https://www.mountainproject.com/route/114530364/trojan-rabbit,2.3,5.9,1,35,-83.67518,37.64911,Miller Fork Recreational Preserve (MFRP),Camelot,9,trojan rabbit: follow the to right and look for a blunt arete. after a cruxy start move on jugs to the anchors.,"arete, crux, jug",-,-,-,0,0,0,0,0,0,1
114530381,The Keeper,Red River Gorge > Miller Fork Recreational Preserve (MFRP) > Camelot,https://www.mountainproject.com/route/114530381/the-keeper,1.8,5.9,1,30,-83.67518,37.64911,Miller Fork Recreational Preserve (MFRP),Camelot,9,the keeper: enjoy an easy slab.,slab,easy,-,-,0,1,0,0,0,0,1
114530368,English Pip Dogs,Red River Gorge > Miller Fork Recreational Preserve (MFRP) > Camelot,https://www.mountainproject.com/route/114530368/english-pip-dogs,2,5.10a,1,45,-83.67518,37.64911,Miller Fork Recreational Preserve (MFRP),Camelot,10,english pip dogs: another 100 feet right takes you to a straight vertical wall. this route has a cruxy start (potentially hard for short people). get through this and you have even climbing to the chains.,crux,-,-,-,0,0,0,0,0,0,0
114530372,Ham and Jam and Spam,Red River Gorge > Miller Fork Recreational Preserve (MFRP) > Camelot,https://www.mountainproject.com/route/114530372/ham-and-jam-and-spam,2.8,5.10a,1,50,-83.67518,37.64911,Miller Fork Recreational Preserve (MFRP),Camelot,10,"ham and jam and spam: the crux is above the last bolt. jam your right hand in the crack, find good feet, and clip the chains.","crack, crux",good,-,-,0,1,0,0,0,0,0
114530409,Lady of the Lake,Red River Gorge > Miller Fork Recreational Preserve (MFRP) > Camelot,https://www.mountainproject.com/route/114530409/lady-of-the-lake,3.1,5.10a,1,50,-83.67518,37.64911,Miller Fork Recreational Preserve (MFRP),Camelot,10,lady of the lake: turn the corner and find the best part of camelot. this is the first of 3 routes on the tall wall. either start on the overhang directly below the 1st bolt or traverse in from the right. enjoy the vert/techy sequences.,-,best,"techy, traverse",-,0,1,0,0,0,0,0
114530413,She's a Witch,Red River Gorge > Miller Fork Recreational Preserve (MFRP) > Camelot,https://www.mountainproject.com/route/114530413/shes-a-witch,3,5.10a,1,50,-83.67518,37.64911,Miller Fork Recreational Preserve (MFRP),Camelot,10,she's a witch: except for the crux at the start this is almost a twin to lady of the lake. after the crux at the 2nd bolt enjoy the big holds.,crux,-,-,-,0,0,0,0,0,0,0
114530470,Roger the Shrubber,Red River Gorge > Miller Fork Recreational Preserve (MFRP) > Camelot,https://www.mountainproject.com/route/114530470/roger-the-shrubber,2.9,5.10a,1,40,-83.67518,37.64911,Miller Fork Recreational Preserve (MFRP),Camelot,10,"roger the shrubber: starting on the right side of the ledge and left of the tree, move up and left through the cruxy first 2 bolts to a ledge. continue with a few reachy moves on good edges to the chains.","crux, ledge",good,-,-,0,1,0,0,0,0,0
126348696,Siege Perilous,Red River Gorge > Miller Fork Recreational Preserve (MFRP) > Camelot,https://www.mountainproject.com/route/126348696/siege-perilous,2.4,5.10a,1,45,-83.67518,37.64911,Miller Fork Recreational Preserve (MFRP),Camelot,10,"siege perilous: a thrilling route offering goods rests in between sparse, technical sections. a comfortable sit-down rest awaits at the chains.",technical,good,rest,-,0,1,0,0,0,0,0
114530331,Brave Sir Robin,Red River Gorge > Miller Fork Recreational Preserve (MFRP) > Camelot,https://www.mountainproject.com/route/114530331/brave-sir-robin,2.7,5.10b,1,45,-83.67518,37.64911,Miller Fork Recreational Preserve (MFRP),Camelot,10,brave sir robin: start on the flake/slab. after the no hands rest get through the fingery section to finish on jugs. this route would not be suitable for a top rope because of rope drag at the anchors. it is slightly overhung. when danger reared its ugly head he quickly turned his tail and fled.,"flake, jug, slab",-,rest,danger,1,0,0,0,0,0,1
114530388,The Enchanter,Red River Gorge > Miller Fork Recreational Preserve (MFRP) > Camelot,https://www.mountainproject.com/route/114530388/the-enchanter,2.4,5.10c/d,1,30,-83.67518,37.64911,Miller Fork Recreational Preserve (MFRP),Camelot,10,the enchanter: this a short slab. the crux is finding the holds. they are there. be patient.,"crux, slab",-,-,-,0,0,0,0,0,0,1
114530429,Holy Grail,Red River Gorge > Miller Fork Recreational Preserve (MFRP) > Camelot,https://www.mountainproject.com/route/114530429/holy-grail,3.5,5.10d,1,70,-83.67518,37.64911,Miller Fork Recreational Preserve (MFRP),Camelot,10,holy grail: this is the most beautiful line at camelot and the vision of josephine sterr who with jesse started the development of this crag. if you like you can climb the first half of it (5.9) to a set of anchors and lower.,-,beautiful,-,-,0,1,0,1,0,0,0
114530466,A Herring,Red River Gorge > Miller Fork Recreational Preserve (MFRP) > Camelot,https://www.mountainproject.com/route/114530466/a-herring,2.6,5.10d,1,50,-83.67518,37.64911,Miller Fork Recreational Preserve (MFRP),Camelot,10,a herring: bring a stick clip! you must climb the jug overhaul and cut down the mightiest tree with... a herring! equipped by jesse sterr,jug,-,stick-clip,-,0,0,0,0,0,0,0
118207784,Your Mother Was A Hamster,Red River Gorge > Miller Fork Recreational Preserve (MFRP) > Camelot,https://www.mountainproject.com/route/118207784/your-mother-was-a-hamster,2.3,5.10d,1,50,-83.67518,37.64911,Miller Fork Recreational Preserve (MFRP),Camelot,10,"your mother was a hamster: be ready for some thin crimps in the middle.  the holds can be hard to find toward the top, making the route feel harder than the moves actually are.",crimp,-,thin,-,0,0,0,0,0,0,0
110334995,Lithuanian Princess,Red River Gorge > Miller Fork Recreational Preserve (MFRP) > Chaos,https://www.mountainproject.com/route/110334995/lithuanian-princess,3,5.10a,1,40,-83.68041,37.64193,Miller Fork Recreational Preserve (MFRP),Chaos,10,lithuanian princess: a hard move off the ground leads to better holds but an extremely pumpy face for the grade above.,face,-,pumpy,-,0,0,0,0,0,0,0
123039239,Raise Hell,Red River Gorge > Miller Fork Recreational Preserve (MFRP) > Chaos,https://www.mountainproject.com/route/123039239/raise-hell,0.9,5.10b,1,75,-83.68041,37.64193,Miller Fork Recreational Preserve (MFRP),Chaos,10,"raise hell: after finishing the enjoyable climbing on lithuanian princess, continue climbing through dirty ledges and a thorn bush to finish the climb on plates.",ledge,-,-,dirty,1,0,0,0,0,0,0
111734978,Slabalicious,Red River Gorge > Miller Fork Recreational Preserve (MFRP) > Chaos,https://www.mountainproject.com/route/111734978/slabalicious,2.6,5.10c,1,25,-83.68041,37.64193,Miller Fork Recreational Preserve (MFRP),Chaos,10,slabalicious: starts on a few vertical ledgy moves up to a black slab. use the arete to pull through the crux or some tricky calf burning shenanigans. ends on a surprisingly bad ledge. usually wet.,"arete, crux, ledge, slab",-,tricky,bad,1,0,0,0,0,0,1
110367208,Die with a Blessing,Red River Gorge > Miller Fork Recreational Preserve (MFRP) > Chaos,https://www.mountainproject.com/route/110367208/die-with-a-blessing,2.6,5.10d,1,50,-83.68041,37.64193,Miller Fork Recreational Preserve (MFRP),Chaos,10,die with a blessing: this line starts with a hard move off the top of the boulder (be sure to stick clip it) to great movement on small edges to a bit of crux about three quarters of the way up. the slightly overhung face is sure to pack a bit of a punch.,"crux, face",great,stick-clip,-,0,1,1,0,0,0,0
113229685,Rough Around the Edges,Red River Gorge > Miller Fork Recreational Preserve (MFRP) > Cloud 9,https://www.mountainproject.com/route/113229685/rough-around-the-edges,1.1,5.10a/b PG13,1,35,-83.68534,37.64255,Miller Fork Recreational Preserve (MFRP),Cloud 9,10,rough around the edges: steep easy jugs but with a lot of holds still breaking. not bad but you've been warned.,jug,easy,-,bad,1,1,0,0,0,0,0
113229572,Liftoff,Red River Gorge > Miller Fork Recreational Preserve (MFRP) > Cloud 9,https://www.mountainproject.com/route/113229572/liftoff,1.8,5.10c,1,80,-83.68534,37.64255,Miller Fork Recreational Preserve (MFRP),Cloud 9,10,liftoff: less steeper than the routes to the right but still the bouldery start the red is known for. slab crux in the middle.,"crux, slab",-,-,-,0,0,0,0,0,0,1
119389008,Sending in the Rain,Red River Gorge > Miller Fork Recreational Preserve (MFRP) > Coopers Cove,https://www.mountainproject.com/route/119389008/sending-in-the-rain,2.5,5.8,1,60,-83.68193,37.64138,Miller Fork Recreational Preserve (MFRP),Coopers Cove,8,sending in the rain: a short blank section down low requires a bit of lock off and reach. then enjoy relaxed and casual climbing above with plenty of good holds and rests to choose from.,-,good,rest,-,0,1,0,0,0,0,0
121688170,Feets Don't Fail Me Now,Red River Gorge > Miller Fork Recreational Preserve (MFRP) > Coopers Cove,https://www.mountainproject.com/route/121688170/feets-dont-fail-me-now,1.6,5.8+,1,60,-83.68193,37.64138,Miller Fork Recreational Preserve (MFRP),Coopers Cove,8,feets don't fail me now: start left of the first bolt to take advantage of some back stepping on the wall behind you then trust your feet on the slab run to the anchors.,slab,-,-,rust,1,0,0,0,0,0,1
121683653,Skull Eyeland,Red River Gorge > Miller Fork Recreational Preserve (MFRP) > Coopers Cove,https://www.mountainproject.com/route/121683653/skull-eyeland,1.9,5.9,1,65,-83.68193,37.64138,Miller Fork Recreational Preserve (MFRP),Coopers Cove,9,skull eyeland: its mostly easy slab except for a bouldery move at the 4th bolt as you leave the midway ledge. then a little cryptic at the last bolt but a well protected crux.,"crux, ledge, slab",easy,-,-,0,1,0,0,0,0,1
111088777,Nystagmus,Red River Gorge > Miller Fork Recreational Preserve (MFRP) > Coopers Cove,https://www.mountainproject.com/route/111088777/nystagmus,1.9,5.9,1,30,-83.68193,37.64138,Miller Fork Recreational Preserve (MFRP),Coopers Cove,9,nystagmus: pull over  roof then climb up small pockets and edges to a balancy crux near the top.,"crux, pocket, roof",-,balance,-,0,0,0,0,0,0,1
111088794,La NAMBLA,Red River Gorge > Miller Fork Recreational Preserve (MFRP) > Coopers Cove,https://www.mountainproject.com/route/111088794/la-nambla,2.1,5.9,1,50,-83.68193,37.64138,Miller Fork Recreational Preserve (MFRP),Coopers Cove,9,la nambla: this route climbs up interesting pockets and edges. slightly dirty now but should clean up nicely.,pocket,"interesting, nice",-,dirty,1,1,0,0,0,0,0
111088853,Grain of Salt,Red River Gorge > Miller Fork Recreational Preserve (MFRP) > Coopers Cove,https://www.mountainproject.com/route/111088853/grain-of-salt,2,5.10c,1,50,-83.68193,37.64138,Miller Fork Recreational Preserve (MFRP),Coopers Cove,10,grain of salt: not the best route on the wall. funky and slightly pumpy climbing.,-,"best, fun",pumpy,-,0,1,1,0,0,0,0
111088926,Road Kill,Red River Gorge > Miller Fork Recreational Preserve (MFRP) > Coopers Cove,https://www.mountainproject.com/route/111088926/road-kill,3,5.10d,1,60,-83.68193,37.64138,Miller Fork Recreational Preserve (MFRP),Coopers Cove,10,road kill: hard moves lead to a sit down rest in a hueco before a pumpy run to the chains.,hueco,-,"pumpy, rest",-,0,0,0,0,1,0,0
111088964,Grab n' Go,Red River Gorge > Miller Fork Recreational Preserve (MFRP) > Coopers Cove,https://www.mountainproject.com/route/111088964/grab-n-go,3.2,5.10d,1,60,-83.68193,37.64138,Miller Fork Recreational Preserve (MFRP),Coopers Cove,10,grab n' go: fun jug hauling to an interesting tongue of rock.,jug,"fun, interesting",-,-,0,1,1,0,0,0,0
111220101,Where the Sidewalk Ends,Red River Gorge > Miller Fork Recreational Preserve (MFRP) > Coopers Cove,https://www.mountainproject.com/route/111220101/where-the-sidewalk-ends,2.7,5.10d,1,60,-83.68193,37.64138,Miller Fork Recreational Preserve (MFRP),Coopers Cove,10,"where the sidewalk ends: well flowing moves from bottom to top. good'ish rests to keep the pump at bay but if you can't figure them out, good luck",-,good,"pumpy, rest",-,0,1,0,0,0,0,0
118138402,Lit Mini Kart,Red River Gorge > Miller Fork Recreational Preserve (MFRP) > Coopers Cove,https://www.mountainproject.com/route/118138402/lit-mini-kart,2.7,5.10d,1,65,-83.68193,37.64138,Miller Fork Recreational Preserve (MFRP),Coopers Cove,10,lit mini kart: start on the first few holds of diesel therapy then head up and right. 5.10 pump leads to a fun run to the chains.,-,fun,pumpy,-,0,1,1,0,0,0,0
119475600,All Washed Up,Red River Gorge > Miller Fork Recreational Preserve (MFRP) > Coopers Cove,https://www.mountainproject.com/route/119475600/all-washed-up,2.2,5.10d,1,60,-83.68193,37.64138,Miller Fork Recreational Preserve (MFRP),Coopers Cove,10,all washed up: climb edges up a slightly less than vertical face.,face,-,-,-,0,0,0,0,0,0,0
114509822,Nobody Cares,Red River Gorge > Miller Fork Recreational Preserve (MFRP) > Corner Pocket,https://www.mountainproject.com/route/114509822/nobody-cares,3.6,5.8,1,90,-83.67551,37.64509,Miller Fork Recreational Preserve (MFRP),Corner Pocket,8,nobody cares: walk left and uphill about ten feet to start and angle up and right to the first bolt. keep angling slightly right for the first three bolts and follow the well featured slab to the finish.,slab,-,-,-,0,0,0,0,0,0,1
111842337,Elevator Pitch,Red River Gorge > Miller Fork Recreational Preserve (MFRP) > Corner Pocket,https://www.mountainproject.com/route/111842337/elevator-pitch,3.4,5.10a,1,80,-83.67551,37.64509,Miller Fork Recreational Preserve (MFRP),Corner Pocket,10,elevator pitch: start with an easy boulder problem then follow deep jugs until a slight pumpy section near the top. great warm-up route for the other routes at this crag.,jug,"easy, great, warm-up",pumpy,-,0,1,1,0,0,0,0
115392219,Friends Fur Life,Red River Gorge > Miller Fork Recreational Preserve (MFRP) > Corner Pocket,https://www.mountainproject.com/route/115392219/friends-fur-life,2.2,5.10c,1,80,-83.67551,37.64509,Miller Fork Recreational Preserve (MFRP),Corner Pocket,10,"friends fur life: this is a new route immediately to the right of elevator pitch. the rock at the base of the climb with the name and possible grade suggests 5.10d. this seems correct given that the hand and feet holds currently crumble underneath you as you climb. once this route is cleaned up, it may be a little easier (10c? 10b?). climb it! this will be a great route once some of the choss has been knocked off.",-,"easier, great",-,choss,1,1,1,0,0,0,0
119135455,The Salty Dawgs,Red River Gorge > Miller Fork Recreational Preserve (MFRP) > Deep End,https://www.mountainproject.com/route/119135455/the-salty-dawgs,2.3,5.9+,1,55,-83.68327,37.63986,Miller Fork Recreational Preserve (MFRP),Deep End,9,the salty dawgs: shares the first bolt with half mast then veers right on glue-ins up the brief slab section to a secondary ledge. cruise up the jug-covered face and pull into a small alcove at the top.,"cruise, face, jug, ledge, slab",-,-,-,0,0,0,0,0,0,1
110849897,Fluffer,Red River Gorge > Miller Fork Recreational Preserve (MFRP) > Deep End,https://www.mountainproject.com/route/110849897/fluffer,3,5.10a,1,70,-83.68327,37.63986,Miller Fork Recreational Preserve (MFRP),Deep End,10,fluffer: route just right of pool boy.  technical climbing on underclings and pockets.,"pocket, technical",-,-,-,0,0,0,0,0,0,0
110849887,Pool Boy,Red River Gorge > Miller Fork Recreational Preserve (MFRP) > Deep End,https://www.mountainproject.com/route/110849887/pool-boy,3.2,5.10b,1,80,-83.68327,37.63986,Miller Fork Recreational Preserve (MFRP),Deep End,10,pool boy: the long climb that begins just right of the mungy crack on the right side of the crag.  pumpy climbing on underclings and pockets leads to a tough redpoint crux guarding the chains.  best warmup at the crag.,"crack, crux, pocket",best,"pumpy, tough",-,0,1,0,0,0,0,0
111170530,The Cough,Red River Gorge > Miller Fork Recreational Preserve (MFRP) > Deep End,https://www.mountainproject.com/route/111170530/the-cough,1.8,5.10c,1,50,-83.68327,37.63986,Miller Fork Recreational Preserve (MFRP),Deep End,10,"the cough: walk out on the narrow ledge to the pile of cheater stones. stick clip first bolt and go big for the horizontal break in the wall. crank steep, fun moves through the roof that end all too soon as you enjoy cruiser terrain to the anchors slightly left of the line.   the belayer should clip into the fixed rope at the base and the climber should stay trammed in on the rope to get back to the ledge.","cruise, ledge, roof",fun,stick-clip,-,0,1,1,0,0,0,1
111089157,Poppin Cherries,Red River Gorge > Miller Fork Recreational Preserve (MFRP) > Fruit Wall,https://www.mountainproject.com/route/111089157/poppin-cherries,1.6,5.8,1,40,-83.67849,37.64504,Miller Fork Recreational Preserve (MFRP),Fruit Wall,8,poppin cherries: blocky not great climbing. not the best route on the wall.,-,best,-,-,0,1,0,0,0,0,0
112065956,Banana Split,Red River Gorge > Miller Fork Recreational Preserve (MFRP) > Fruit Wall,https://www.mountainproject.com/route/112065956/banana-split,1.7,5.8,1,35,-83.67849,37.64504,Miller Fork Recreational Preserve (MFRP),Fruit Wall,8,banana split: blocky climbing to a bit of a run out to the anchors.,-,-,-,run-out,1,0,0,0,0,0,0
113749792,First Date,Red River Gorge > Miller Fork Recreational Preserve (MFRP) > Fruit Wall,https://www.mountainproject.com/route/113749792/first-date,2.5,5.9,1,NA,-83.67849,37.64504,Miller Fork Recreational Preserve (MFRP),Fruit Wall,9,first date: a nice warm up. start on an interesting left hand pinch thing and make a hardish move off the ground then follow jug plates to the anchors.,jug,"interesting, nice, warm-up",thin,-,0,1,0,0,0,0,0
112220398,Strawberry Fields,Red River Gorge > Miller Fork Recreational Preserve (MFRP) > Fruit Wall,https://www.mountainproject.com/route/112220398/strawberry-fields,3.1,5.10b,1,50,-83.67849,37.64504,Miller Fork Recreational Preserve (MFRP),Fruit Wall,10,"strawberry fields: boulder the start and enjoy tufa-like pinches. a little chossy right now, but should clean up to be a good route. optional extension (lucy in the sky) to take the route to 11b. good view from the top.",-,good,-,choss,1,1,0,0,0,0,0
110889566,JewJew Fruit,Red River Gorge > Miller Fork Recreational Preserve (MFRP) > Fruit Wall,https://www.mountainproject.com/route/110889566/jewjew-fruit,3.6,5.10c,1,75,-83.67849,37.64504,Miller Fork Recreational Preserve (MFRP),Fruit Wall,10,jewjew fruit: climb a finger crack to start rest on the ledge then fire up the beautiful golden face to a pumpy finish,"crack, face, ledge",beautiful,"pumpy, rest",-,0,1,0,1,0,0,0
113749671,Heath Ledger,Red River Gorge > Miller Fork Recreational Preserve (MFRP) > Fruit Wall,https://www.mountainproject.com/route/113749671/heath-ledger,2.7,5.10c R,1,80,-83.67849,37.64504,Miller Fork Recreational Preserve (MFRP),Fruit Wall,10,heath ledger: one of the coolest looking routes at fruit wall. it looks like the cliff melted over to the right. a slightly bouldery start leads to a lot of ledges and jugs. pull over some jugs and finish on some fancy slab to the anchors.,"jug, ledge, slab",-,-,-,0,0,0,0,0,0,1
117574756,Bovine Stimulator,Red River Gorge > Miller Fork Recreational Preserve (MFRP) > Fruit Wall,https://www.mountainproject.com/route/117574756/bovine-stimulator,2.6,5.10+,1,50,-83.67849,37.64504,Miller Fork Recreational Preserve (MFRP),Fruit Wall,10,bovine stimulator: sequential true slab climbing on slimpers and iron oxide pockets. shares anchors with disco strangler.,"pocket, slab",-,-,-,0,0,0,0,0,0,1
110523573,Melon Baller,Red River Gorge > Miller Fork Recreational Preserve (MFRP) > Fruit Wall,https://www.mountainproject.com/route/110523573/melon-baller,2.6,5.10d,1,60,-83.67849,37.64504,Miller Fork Recreational Preserve (MFRP),Fruit Wall,10,melon baller: good vertical climbing on a variety of holds.  high step to get started moving up on horizontal bands.  follow a vertical crack for two bolts before encountering a crimpy crux on small edges and narrow slots before gain jugs and lower angle rock to the finish.  still pretty sandy right now but should clean up for a solid 10+.,"crack, crimp, crux, jug",good,-,sandy,1,1,0,0,0,0,0
111156968,Lichen Lessons,Red River Gorge > Miller Fork Recreational Preserve (MFRP) > Fruit Wall,https://www.mountainproject.com/route/111156968/lichen-lessons,2.1,5.10d,1,60,-83.67849,37.64504,Miller Fork Recreational Preserve (MFRP),Fruit Wall,10,"lichen lessons: climb up through a featured face to a small roof. pull the roof and climb through some thin, pocketed crux to the anchors.","crux, face, pocket, roof",-,thin,-,0,0,0,0,0,0,1
118884125,Goose Bumples,Red River Gorge > Miller Fork Recreational Preserve (MFRP) > Highlands,https://www.mountainproject.com/route/118884125/goose-bumples,2,5.10c,1,50,-83.67525,37.64802,Miller Fork Recreational Preserve (MFRP),Highlands,10,"goose bumples: start off the ledge on lower-angle rock then follow the fat flake feature into the upper, pocketed headwall. watch out for the sneaky pump at the end if you can't find the right holds.","flake, ledge, pocket",-,pumpy,-,0,0,0,0,1,0,0
200227352,Devotion,Red River Gorge > Miller Fork Recreational Preserve (MFRP) > Monastery,https://www.mountainproject.com/route/200227352/devotion,1.8,5.8,1,25,-83.67611,37.64121,Miller Fork Recreational Preserve (MFRP),Monastery,8,devotion: keep your balance as you scramble up the slab.,slab,-,balance,-,0,0,0,0,0,0,1
114500410,Confessional,Red River Gorge > Miller Fork Recreational Preserve (MFRP) > Monastery,https://www.mountainproject.com/route/114500410/confessional,2,5.9+,1,45,-83.67611,37.64121,Miller Fork Recreational Preserve (MFRP),Monastery,9,"confessional: ponder your transgressions as you make it to the last bolt crux, then reach for absolution at the anchors that are shared with the trad climb to the left.",crux,-,-,-,0,0,0,0,0,0,0
200749035,SLAbsinthe,Red River Gorge > Miller Fork Recreational Preserve (MFRP) > Monastery,https://www.mountainproject.com/route/200749035/slabsinthe,2.8,5.10a,1,60,-83.67611,37.64121,Miller Fork Recreational Preserve (MFRP),Monastery,10,"slabsinthe: put on your best slab sending shoes, take a sip of your favorite beverage and pray you don’t slip getting to the first bolt. then enjoy the ample ledges to the top.","ledge, slab",best,-,-,0,1,0,0,0,0,1
110523611,Twist your Hip and do the Dip,Red River Gorge > Miller Fork Recreational Preserve (MFRP) > Monastery,https://www.mountainproject.com/route/110523611/twist-your-hip-and-do-the-dip,2.1,5.10b,1,35,-83.67611,37.64121,Miller Fork Recreational Preserve (MFRP),Monastery,10,twist your hip and do the dip: a short vertical climb.  start on thin crimps as a stem or with terrible feet on the face as the originals have exfoliated and move up to a shallow hueco with a good move off an undercling.  continue up on decent crimps to the chains.,"crimp, face, hueco",good,thin,-,0,1,0,0,1,0,0
110523763,Pickled Pig's Feet,Red River Gorge > Miller Fork Recreational Preserve (MFRP) > Monastery,https://www.mountainproject.com/route/110523763/pickled-pigs-feet,2.2,5.10b,1,50,-83.67611,37.64121,Miller Fork Recreational Preserve (MFRP),Monastery,10,pickled pig's feet: longest line on the wall.  step lightly on some frail appearing holds with thin moves through the first few bolts.  grab an undercling below the bulge looking inside first to avoid a buggy surprise to reach jugs and the final run to the chains.,jug,-,thin,-,0,0,0,0,0,0,0
113172049,Thelonius,Red River Gorge > Miller Fork Recreational Preserve (MFRP) > Monastery,https://www.mountainproject.com/route/113172049/thelonius,2.1,5.10b,1,55,-83.67611,37.64121,Miller Fork Recreational Preserve (MFRP),Monastery,10,thelonius: an easy looking slab has the crux down low between the 2nd and 3rd bolts. continue past a bulge at the 4th bolt to finish on more slab.,"crux, slab",easy,-,-,0,1,0,0,0,0,1
113834047,Sugar Pad,Red River Gorge > Miller Fork Recreational Preserve (MFRP) > Monastery,https://www.mountainproject.com/route/113834047/sugar-pad,1.9,5.10b,1,40,-83.67611,37.64121,Miller Fork Recreational Preserve (MFRP),Monastery,10,sugar pad: pretty much straight up vertical with good finger ledges.,ledge,good,-,-,0,1,0,0,0,0,0
116592588,Narcissus,Red River Gorge > Miller Fork Recreational Preserve (MFRP) > Monastery,https://www.mountainproject.com/route/116592588/narcissus,2.5,5.10b,1,40,-83.67611,37.64121,Miller Fork Recreational Preserve (MFRP),Monastery,10,narcissus: starts as a slab and finishes as vert. well bolted.,slab,-,-,-,0,0,0,0,0,0,1
110521185,Monks Brew,Red River Gorge > Miller Fork Recreational Preserve (MFRP) > Monastery,https://www.mountainproject.com/route/110521185/monks-brew,2.7,5.10d,1,50,-83.67611,37.64121,Miller Fork Recreational Preserve (MFRP),Monastery,10,monks brew: traverse in from the ledge or stick clip and boulder up from ground on some sandy rock to reach the main face.  make some long reaches on good holds on the vertical face before tackling the overhang as the climb trends up and right into a black streak.  grab a shake at the last bolt before the final few moves to the chains as hanging the draws on the anchor may be the crux for some.,"crux, face, ledge",good,"stick-clip, traverse",sandy,1,1,0,0,0,0,0
112222419,SNUG,Red River Gorge > Miller Fork Recreational Preserve (MFRP) > Monastery,https://www.mountainproject.com/route/112222419/snug,2.5,5.10d,1,50,-83.67611,37.64121,Miller Fork Recreational Preserve (MFRP),Monastery,10,snug: start on crimps and balance your way up to a large hueco. continue up on better holds to the anchors.,"crimp, hueco",-,balance,-,0,0,0,0,1,0,0
116564539,Goldmund,Red River Gorge > Miller Fork Recreational Preserve (MFRP) > Monastery,https://www.mountainproject.com/route/116564539/goldmund,0,5.10d,1,70,-83.67611,37.64121,Miller Fork Recreational Preserve (MFRP),Monastery,10,"goldmund: bolted route on the arete. mellow start up to a ledge, followed by the crux on a bulging section a bit to the right. it eases up a bit on varied terrain from there to the top.","arete, crux, ledge",-,-,-,0,0,0,0,0,0,1
122085655,Bangarang,Red River Gorge > Miller Fork Recreational Preserve (MFRP) > Neverland,https://www.mountainproject.com/route/122085655/bangarang,1.9,5.8,1,40,-83.67494,37.65125,Miller Fork Recreational Preserve (MFRP),Neverland,8,NA,NA,NA,NA,NA,NA,NA,NA,NA,NA,NA,NA
122085805,Straight on 'til Morning,Red River Gorge > Miller Fork Recreational Preserve (MFRP) > Neverland,https://www.mountainproject.com/route/122085805/straight-on-til-morning,2.1,5.8,1,80,-83.67494,37.65125,Miller Fork Recreational Preserve (MFRP),Neverland,8,NA,NA,NA,NA,NA,NA,NA,NA,NA,NA,NA,NA
122085850,John,Red River Gorge > Miller Fork Recreational Preserve (MFRP) > Neverland,https://www.mountainproject.com/route/122085850/john,2.3,5.8,1,50,-83.67494,37.65125,Miller Fork Recreational Preserve (MFRP),Neverland,8,NA,NA,NA,NA,NA,NA,NA,NA,NA,NA,NA,NA
122086060,One Feeling,Red River Gorge > Miller Fork Recreational Preserve (MFRP) > Neverland,https://www.mountainproject.com/route/122086060/one-feeling,3.1,5.8+,1,70,-83.67494,37.65125,Miller Fork Recreational Preserve (MFRP),Neverland,8,"one feeling: start under the small roof. climb plates to the anchors. stays wet from the last bolt to anchor as top drains. be mindful of the tree, it was here first. but because fairies were so small, they were only big enough for one feeling at a time.",roof,-,-,-,0,0,0,0,0,0,1
122085639,Thimble Kisses,Red River Gorge > Miller Fork Recreational Preserve (MFRP) > Neverland,https://www.mountainproject.com/route/122085639/thimble-kisses,1.8,5.9,1,40,-83.67494,37.65125,Miller Fork Recreational Preserve (MFRP),Neverland,9,NA,NA,NA,NA,NA,NA,NA,NA,NA,NA,NA,NA
122085768,Peter,Red River Gorge > Miller Fork Recreational Preserve (MFRP) > Neverland,https://www.mountainproject.com/route/122085768/peter,2.2,5.9,1,50,-83.67494,37.65125,Miller Fork Recreational Preserve (MFRP),Neverland,9,peter: right side of the arête. use cheater stones to reach the start holds.,arete,-,-,-,0,0,0,0,0,0,1
122085799,Second Star on the Right,Red River Gorge > Miller Fork Recreational Preserve (MFRP) > Neverland,https://www.mountainproject.com/route/122085799/second-star-on-the-right,2.2,5.9,1,60,-83.67494,37.65125,Miller Fork Recreational Preserve (MFRP),Neverland,9,NA,NA,NA,NA,NA,NA,NA,NA,NA,NA,NA,NA
122085759,A Tarantella,Red River Gorge > Miller Fork Recreational Preserve (MFRP) > Neverland,https://www.mountainproject.com/route/122085759/a-tarantella,0.3,5.9+,1,50,-83.67494,37.65125,Miller Fork Recreational Preserve (MFRP),Neverland,9,a tarantella: count in on the cheater stones on the left side of the arête. this song is good for thinking.,arete,good,thin,-,0,1,0,0,0,0,1
122085619,Lost Marbles,Red River Gorge > Miller Fork Recreational Preserve (MFRP) > Neverland,https://www.mountainproject.com/route/122085619/lost-marbles,1.4,5.10a,1,35,-83.67494,37.65125,Miller Fork Recreational Preserve (MFRP),Neverland,10,lost marbles: furthest route on the left. grab those slopey marbles and ricochet to the top.,sloper,-,-,-,0,0,0,0,0,0,0
122085775,Wendy,Red River Gorge > Miller Fork Recreational Preserve (MFRP) > Neverland,https://www.mountainproject.com/route/122085775/wendy,2,5.10a,1,50,-83.67494,37.65125,Miller Fork Recreational Preserve (MFRP),Neverland,10,NA,NA,NA,NA,NA,NA,NA,NA,NA,NA,NA,NA
122085958,English Gentlemen Don't Beg,Red River Gorge > Miller Fork Recreational Preserve (MFRP) > Neverland,https://www.mountainproject.com/route/122085958/english-gentlemen-dont-beg,1,5.10a,1,65,-83.67494,37.65125,Miller Fork Recreational Preserve (MFRP),Neverland,10,"english gentlemen don't beg: please! leftmost route on the next section of the wall. starts with a short overhang, and maintains its dignity the rest of the way up.",-,-,rest,-,0,0,0,0,0,0,0
122086013,"If You Were Me, I'd Be Ugly",Red River Gorge > Miller Fork Recreational Preserve (MFRP) > Neverland,https://www.mountainproject.com/route/122086013/if-you-were-me-id-be-ugly,2.2,5.10a,1,65,-83.67494,37.65125,Miller Fork Recreational Preserve (MFRP),Neverland,10,"if you were me, i'd be ugly: fun moves on solid edges. stays wet with the last couple of bolts as top land drains.",-,fun,-,-,0,1,1,0,0,0,0
122086020,The Unruly Shadow,Red River Gorge > Miller Fork Recreational Preserve (MFRP) > Neverland,https://www.mountainproject.com/route/122086020/the-unruly-shadow,1.5,5.10a,1,65,-83.67494,37.65125,Miller Fork Recreational Preserve (MFRP),Neverland,10,"the unruly shadow: never does what it should, but we still love it. climbs to the left of the tree. low crux and thoughtful movement.",crux,-,-,-,0,0,0,0,0,0,0
122086034,To Live Would Be An Awfully Big Adventure,Red River Gorge > Miller Fork Recreational Preserve (MFRP) > Neverland,https://www.mountainproject.com/route/122086034/to-live-would-be-an-awfully-big-adventure,2.6,5.10a,1,65,-83.67494,37.65125,Miller Fork Recreational Preserve (MFRP),Neverland,10,"to live would be an awfully big adventure: other side of the tree, this route tackles the bulge at the 4th bolt. tons of rests in between moves.",-,-,rest,-,0,0,0,0,0,0,0
122086048,Something Worser,Red River Gorge > Miller Fork Recreational Preserve (MFRP) > Neverland,https://www.mountainproject.com/route/122086048/something-worser,2.4,5.10a,1,65,-83.67494,37.65125,Miller Fork Recreational Preserve (MFRP),Neverland,10,something worser: what could be worse than being shot at by pirates? my thoughts... aren't... very... happy! iron oxide ridges up the path of least resistance.,-,-,thin,-,0,0,0,0,0,0,0
122086093,Noodler,Red River Gorge > Miller Fork Recreational Preserve (MFRP) > Neverland,https://www.mountainproject.com/route/122086093/noodler,1.4,5.10a,1,65,-83.67494,37.65125,Miller Fork Recreational Preserve (MFRP),Neverland,10,"noodler: this fearsome pirate, with his hands on backwards, starts on the right side of the ledge in the crack. iron oxide ridges lead to a slabby finish.","crack, ledge, slab",-,-,-,0,0,0,0,0,0,1
122085666,I Do Believe in Fairies,Red River Gorge > Miller Fork Recreational Preserve (MFRP) > Neverland,https://www.mountainproject.com/route/122085666/i-do-believe-in-fairies,1.3,5.10b,1,30,-83.67494,37.65125,Miller Fork Recreational Preserve (MFRP),Neverland,10,NA,NA,NA,NA,NA,NA,NA,NA,NA,NA,NA,NA
122085733,Many Different Kinds of Brave,Red River Gorge > Miller Fork Recreational Preserve (MFRP) > Neverland,https://www.mountainproject.com/route/122085733/many-different-kinds-of-brave,1.3,5.10b,1,45,-83.67494,37.65125,Miller Fork Recreational Preserve (MFRP),Neverland,10,many different kinds of brave: this route is the center line on the face.,face,-,-,-,0,0,0,0,0,0,0
122085793,"Oh, the Cleverness of Me",Red River Gorge > Miller Fork Recreational Preserve (MFRP) > Neverland,https://www.mountainproject.com/route/122085793/oh-the-cleverness-of-me,1.4,5.10b,1,80,-83.67494,37.65125,Miller Fork Recreational Preserve (MFRP),Neverland,10,"oh, the cleverness of me: next three routes are on a ledge off an approach trail. this is the leftmost line on this section of the wall and starts on a boulder, up a chossy break to the face.","face, ledge",-,-,choss,1,0,0,0,0,0,0
122085974,I Won't Grow Up,Red River Gorge > Miller Fork Recreational Preserve (MFRP) > Neverland,https://www.mountainproject.com/route/122085974/i-wont-grow-up,0.5,5.10b,1,65,-83.67494,37.65125,Miller Fork Recreational Preserve (MFRP),Neverland,10,NA,NA,NA,NA,NA,NA,NA,NA,NA,NA,NA,NA
122086079,Never is an Awfully Long Time,Red River Gorge > Miller Fork Recreational Preserve (MFRP) > Neverland,https://www.mountainproject.com/route/122086079/never-is-an-awfully-long-time,1,5.10b,1,65,-83.67494,37.65125,Miller Fork Recreational Preserve (MFRP),Neverland,10,"never is an awfully long time: the arête start to access the ledge was an afterthought. start there, or clamor around to the right side of the boulder and access the ledge under ""noodler."" stick-clip off the ledge and head up the center of the wall. will feel easy for the grade for tall climbers, harder if you are shorter than 5'5"".","arete, ledge",easy,stick-clip,-,0,1,0,0,0,0,1
122086110,Bill Jukes,Red River Gorge > Miller Fork Recreational Preserve (MFRP) > Neverland,https://www.mountainproject.com/route/122086110/bill-jukes,0,5.10b,1,55,-83.67494,37.65125,Miller Fork Recreational Preserve (MFRP),Neverland,10,bill jukes: every inch of this route is covered in tattoos and starts on the next ledge. crimpy cruxes will keep you thinking. wet after rain.,"crimp, crux, ledge",-,thin,-,0,0,0,0,0,0,0
122085679,Tick Tock,Red River Gorge > Miller Fork Recreational Preserve (MFRP) > Neverland,https://www.mountainproject.com/route/122085679/tick-tock,2.3,5.10c,1,35,-83.67494,37.65125,Miller Fork Recreational Preserve (MFRP),Neverland,10,tick tock: starts just to the left of a small cave feature. right leaning route six feet right of 'fairies.' the anchor positioning is not good for top roping.,-,-,-,not good,1,0,0,0,0,0,0
122085722,"Old, Alone, Done For",Red River Gorge > Miller Fork Recreational Preserve (MFRP) > Neverland,https://www.mountainproject.com/route/122085722/old-alone-done-for,0.2,5.10c,1,40,-83.67494,37.65125,Miller Fork Recreational Preserve (MFRP),Neverland,10,"old, alone, done for: if you don't get the crux, we'll feed you to the crocodile. the wall hosting these next three climbs stays damp for a while after rain.",crux,-,-,-,0,0,0,0,0,0,0
122086123,Mr. Smee,Red River Gorge > Miller Fork Recreational Preserve (MFRP) > Neverland,https://www.mountainproject.com/route/122086123/mr-smee,1,5.10d,1,50,-83.67494,37.65125,Miller Fork Recreational Preserve (MFRP),Neverland,10,"mr. smee: you've got to have a cool head to work with hook and stay alive. seems tender at first, but really tough as nails.",-,-,tough,-,0,0,0,0,0,0,0
119895479,Sterling Moss,Red River Gorge > Miller Fork Recreational Preserve (MFRP) > Real Deep End,https://www.mountainproject.com/route/119895479/sterling-moss,1.8,5.9,1,55,-83.6855,37.64069,Miller Fork Recreational Preserve (MFRP),Real Deep End,9,sterling moss: smear through dirt and moss to a cleaner headwall. utilize the side of the crack and tech your way up to the top.,crack,-,smear,-,0,0,0,0,0,0,0
111998037,Plate for the Party,Red River Gorge > Miller Fork Recreational Preserve (MFRP) > Real Deep End,https://www.mountainproject.com/route/111998037/plate-for-the-party,2.6,5.9,1,45,-83.6855,37.64069,Miller Fork Recreational Preserve (MFRP),Real Deep End,9,"plate for the party: starts of a cheater stone uphill of synthetic, roof start to cool plates.",roof,-,-,-,0,0,0,0,0,0,1
111998031,Alpha Dog,Red River Gorge > Miller Fork Recreational Preserve (MFRP) > Real Deep End,https://www.mountainproject.com/route/111998031/alpha-dog,2.4,5.9+,1,65,-83.6855,37.64069,Miller Fork Recreational Preserve (MFRP),Real Deep End,9,alpha dog: just before the obvious dihedral up on the nice ledge system. delicate crux to an unexpected pump. bring a brush to love this one into shape.,"crux, dihedral, ledge",nice,pumpy,-,0,1,0,0,1,0,0
111998022,Castaway,Red River Gorge > Miller Fork Recreational Preserve (MFRP) > Real Deep End,https://www.mountainproject.com/route/111998022/castaway,2.8,5.10a,1,65,-83.6855,37.64069,Miller Fork Recreational Preserve (MFRP),Real Deep End,10,castaway: starts a few few feet right of the obvious omega dihedral from a small pedestal. interesting plates and crimps lead up a beautiful licheny pillar of rock.,"crimp, dihedral","beautiful, interesting",-,-,0,1,0,1,1,0,0
111998042,Poop Chute,Red River Gorge > Miller Fork Recreational Preserve (MFRP) > Real Deep End,https://www.mountainproject.com/route/111998042/poop-chute,2,5.10a,1,65,-83.6855,37.64069,Miller Fork Recreational Preserve (MFRP),Real Deep End,10,NA,NA,NA,NA,NA,NA,NA,NA,NA,NA,NA,NA
119825713,Reality Check,Red River Gorge > Miller Fork Recreational Preserve (MFRP) > Real Deep End,https://www.mountainproject.com/route/119825713/reality-check,2.5,5.10a,1,50,-83.6855,37.64069,Miller Fork Recreational Preserve (MFRP),Real Deep End,10,reality check: follow the arete up past some steep moves. jugs are right where you need them.,"arete, jug",-,-,-,0,0,0,0,0,0,1
119825747,For Real,Red River Gorge > Miller Fork Recreational Preserve (MFRP) > Real Deep End,https://www.mountainproject.com/route/119825747/for-real,1.9,5.10a,1,50,-83.6855,37.64069,Miller Fork Recreational Preserve (MFRP),Real Deep End,10,for real: start ten feet right of the arete and climb on small ledges past a small bulge near halfway to a slab finish,"arete, ledge, slab",-,-,-,0,0,0,0,0,0,1
119825782,Deep State,Red River Gorge > Miller Fork Recreational Preserve (MFRP) > Real Deep End,https://www.mountainproject.com/route/119825782/deep-state,1.7,5.10b,1,55,-83.6855,37.64069,Miller Fork Recreational Preserve (MFRP),Real Deep End,10,deep state: start up through some small fingertip jugs to small ledges with some technical moves.,"jug, ledge, technical",-,-,-,0,0,0,0,0,0,0
120026565,Lichening Bolt,Red River Gorge > Miller Fork Recreational Preserve (MFRP) > Real Deep End,https://www.mountainproject.com/route/120026565/lichening-bolt,1.3,5.10b,1,50,-83.6855,37.64069,Miller Fork Recreational Preserve (MFRP),Real Deep End,10,"lichening bolt: iron ledges led to a slight bulge in the middle, then cruise to the end.","cruise, ledge",-,-,-,0,0,0,0,0,0,0
111998049,Turd Burglar,Red River Gorge > Miller Fork Recreational Preserve (MFRP) > Real Deep End,https://www.mountainproject.com/route/111998049/turd-burglar,1.7,5.10b,1,65,-83.6855,37.64069,Miller Fork Recreational Preserve (MFRP),Real Deep End,10,turd burglar: another interesting moderate on the plated face right of poop chute.,face,interesting,-,-,0,1,0,0,0,0,0
119825809,Surrealistic Pillow,Red River Gorge > Miller Fork Recreational Preserve (MFRP) > Real Deep End,https://www.mountainproject.com/route/119825809/surrealistic-pillow,1.8,5.10c,1,55,-83.6855,37.64069,Miller Fork Recreational Preserve (MFRP),Real Deep End,10,"surrealistic pillow: starts left of a big chossy hole in the wall and climbs to a ledge at the first bolt, then through a series of technical mini ledges with an occasional side pull.","ledge, technical",-,-,choss,1,0,0,0,0,0,0
119825838,Inscrutable,Red River Gorge > Miller Fork Recreational Preserve (MFRP) > Real Deep End,https://www.mountainproject.com/route/119825838/inscrutable,2.3,5.10c,1,75,-83.6855,37.64069,Miller Fork Recreational Preserve (MFRP),Real Deep End,10,"inscrutable: starts on the right side of a slabby wall. head to a ledge and small roof past the first bolt, then make some technical moves past a bulge and up into slab territory near the top.","ledge, roof, slab, technical",-,-,-,0,0,0,0,0,0,1
120026574,Hunkered Down,Red River Gorge > Miller Fork Recreational Preserve (MFRP) > Real Deep End,https://www.mountainproject.com/route/120026574/hunkered-down,2.3,5.10c,1,50,-83.6855,37.64069,Miller Fork Recreational Preserve (MFRP),Real Deep End,10,hunkered down: climb past a bulge to thin ledges and a tricky finish.,ledge,-,"thin, tricky",-,0,0,0,0,0,0,0
120026578,The Darkening,Red River Gorge > Miller Fork Recreational Preserve (MFRP) > Real Deep End,https://www.mountainproject.com/route/120026578/the-darkening,1.8,5.10c,1,50,-83.6855,37.64069,Miller Fork Recreational Preserve (MFRP),Real Deep End,10,the darkening: make your way up a short flake to thin technical ledges above.,"flake, ledge, technical",-,thin,-,0,0,0,0,1,0,0
120657714,Depth Charge,Red River Gorge > Miller Fork Recreational Preserve (MFRP) > Real Deep End,https://www.mountainproject.com/route/120657714/depth-charge,2.2,5.10c,1,65,-83.6855,37.64069,Miller Fork Recreational Preserve (MFRP),Real Deep End,10,depth charge: mostly slabby but with a variety of underclings and side pull moves to keep the grade down. ledge between 1st and 2nd bolts has some sandy spots but the working holds are good.,"ledge, slab",good,-,sandy,1,1,0,0,0,0,1
119875356,Hammer and Butterfly,Red River Gorge > Miller Fork Recreational Preserve (MFRP) > Real Deep End,https://www.mountainproject.com/route/119875356/hammer-and-butterfly,0.7,5.10d,1,45,-83.6855,37.64069,Miller Fork Recreational Preserve (MFRP),Real Deep End,10,"hammer and butterfly: climb the iron ledges to just before the third bolt, then tackle hard moves possibly including some chimney action in the wide crack.","chimney, crack, ledge",-,-,-,0,0,0,0,1,0,0
120026582,Frog Life,Red River Gorge > Miller Fork Recreational Preserve (MFRP) > Real Deep End,https://www.mountainproject.com/route/120026582/frog-life,1.7,5.10d,1,40,-83.6855,37.64069,Miller Fork Recreational Preserve (MFRP),Real Deep End,10,NA,NA,NA,NA,NA,NA,NA,NA,NA,NA,NA,NA
110534062,Nursery Time (aka Battery),Red River Gorge > Miller Fork Recreational Preserve (MFRP) > Sanitarium,https://www.mountainproject.com/route/110534062/nursery-time-aka-battery,2.1,5.9-,1,50,-83.67849,37.64891,Miller Fork Recreational Preserve (MFRP),Sanitarium,9,nursery time (aka battery): this is the middle line of bolts left of the beaver patrol crack.,crack,-,-,-,0,0,0,0,0,0,0
113699302,Path of Virtue,Red River Gorge > Miller Fork Recreational Preserve (MFRP) > Sanitarium,https://www.mountainproject.com/route/113699302/path-of-virtue,2,5.9+,1,55,-83.67849,37.64891,Miller Fork Recreational Preserve (MFRP),Sanitarium,9,"path of virtue: climb up on a ledge via 5.5 boulder on the right side.  walk across ledge, clip into fixed anchor.  this climb is the furthest climb on the left side of the ledge.",ledge,-,-,-,0,0,0,0,0,0,0
116352746,Chopped,Red River Gorge > Miller Fork Recreational Preserve (MFRP) > Sanitarium,https://www.mountainproject.com/route/116352746/chopped,1.7,5.10a,1,70,-83.67849,37.64891,Miller Fork Recreational Preserve (MFRP),Sanitarium,10,"chopped: start from on top of a boulder and pull a couple of moves to mantle up to a ledge. from here, take the right path and continue to trend right on gym like jugs that should put a smile on your face.","face, jug, ledge, mantle",-,-,-,0,0,0,0,1,0,0
116353952,Bailey,Red River Gorge > Miller Fork Recreational Preserve (MFRP) > Sanitarium,https://www.mountainproject.com/route/116353952/bailey,3.2,5.10b/c,1,90,-83.67849,37.64891,Miller Fork Recreational Preserve (MFRP),Sanitarium,10,bailey: begins on a corner 20 feet to the left of victory sip and shares the first bolt with barnum. after the first bolt climb up and right through a series of bulges on jugs and plates.,jug,-,-,-,0,0,0,0,0,0,0
114225976,Road to Debauchery,Red River Gorge > Miller Fork Recreational Preserve (MFRP) > Sanitarium,https://www.mountainproject.com/route/114225976/road-to-debauchery,2.9,5.10c,1,50,-83.67849,37.64891,Miller Fork Recreational Preserve (MFRP),Sanitarium,10,road to debauchery: good ol' fashioned link-up lets you skip the low crux. start on path of virtue and cut left to finish on victory sip after the 3rd bolt.,crux,good,-,-,0,1,0,0,0,0,0
116352731,Short List,Red River Gorge > Miller Fork Recreational Preserve (MFRP) > Sanitarium,https://www.mountainproject.com/route/116352731/short-list,2,5.10c,1,50,-83.67849,37.64891,Miller Fork Recreational Preserve (MFRP),Sanitarium,10,"short list: pull yourself up on jugs to a no hands stance. then reach high for some grips that will help you get through the hardest moves on the route. if you can't reach those holds, you may find yourself joining the short list of people who won't enjoy this route. enjoy the juggy run to the chains.",jug,-,-,-,0,0,0,0,0,0,0
125357269,Don Quixote,Red River Gorge > Miller Fork Recreational Preserve (MFRP) > Sanitarium,https://www.mountainproject.com/route/125357269/don-quixote,2.3,5.10c,1,40,-83.67849,37.64891,Miller Fork Recreational Preserve (MFRP),Sanitarium,10,"don quixote: start on the right side of this wall, climb up and leftward through the cruxy lower half to gain the ledge after the second bolt. then cruise up the slab to the finish.","cruise, crux, ledge, slab",-,-,-,0,0,0,0,0,0,1
114225988,Sting,Red River Gorge > Miller Fork Recreational Preserve (MFRP) > Sanitarium,https://www.mountainproject.com/route/114225988/sting,2.2,5.10d,1,65,-83.67849,37.64891,Miller Fork Recreational Preserve (MFRP),Sanitarium,10,"sting: fun moderate climbing with a couple of moves to keep you honest. skirt the right side of the large hueco and finish on steep jug pulling. continue past the anchors of sting for a step up in difficulty. work through a some so-so crimps while trending left to the anchors. currently a bit run out but a bolt will be added in the future. if you find a bolt in between , consider yourself lucky. (stung 5.11b, 80ft. 8 bolts fa ian kirk, 2016)","crimp, hueco, jug",fun,difficult,run-out,1,1,1,0,1,0,0
116352719,Chossfit,Red River Gorge > Miller Fork Recreational Preserve (MFRP) > Sanitarium,https://www.mountainproject.com/route/116352719/chossfit,1.7,5.10d,1,50,-83.67849,37.64891,Miller Fork Recreational Preserve (MFRP),Sanitarium,10,chossfit: a bouldery start gives way to fun climbing on a nice mix of jugs and edges. a cable is available to keep you on the ledge while you get to the route and a belay station is at the base.,"jug, ledge","fun, nice",-,choss,1,1,1,0,0,0,0
119359978,Auchentoshan,Red River Gorge > Miller Fork Recreational Preserve (MFRP) > Scotch Wall,https://www.mountainproject.com/route/119359978/auchentoshan,2,5.10c,1,45,-83.67575,37.64758,Miller Fork Recreational Preserve (MFRP),Scotch Wall,10,"auchentoshan: start with some high hand holds and bad feet, climb the vertical face on technical crimps.","crimp, face, technical",-,-,bad,1,0,0,0,0,0,0
126663728,Peat Monster,Red River Gorge > Miller Fork Recreational Preserve (MFRP) > Scotch Wall,https://www.mountainproject.com/route/126663728/peat-monster,2.5,5.10c,1,60,-83.67575,37.64758,Miller Fork Recreational Preserve (MFRP),Scotch Wall,10,"peat monster: technical vertical climbing on a striking wall with several huecos. pull off the ground with a few physical moves, then crimp your way through thoughtful climbing with the occasional good rest. big holds for the last 15ft take you to the chains at the top of the cliff.","crimp, hueco, technical",good,rest,-,0,1,0,0,1,0,0
119359991,Glenmorangie,Red River Gorge > Miller Fork Recreational Preserve (MFRP) > Scotch Wall,https://www.mountainproject.com/route/119359991/glenmorangie,2,5.10d,1,55,-83.67575,37.64758,Miller Fork Recreational Preserve (MFRP),Scotch Wall,10,"glenmorangie: climb up the corner, being wary of chossy feet to the right. follow good edges and crimps up the face, making the right decisions on which way to go when the holds diverge.","crimp, face",good,-,choss,1,1,0,0,0,0,0
116654724,Kilt or Be Kilt,Red River Gorge > Miller Fork Recreational Preserve (MFRP) > Scotch Wall,https://www.mountainproject.com/route/116654724/kilt-or-be-kilt,3.2,5.10d,1,70,-83.67575,37.64758,Miller Fork Recreational Preserve (MFRP),Scotch Wall,10,kilt or be kilt: climb up easy lichen-y rock to a slabby crux at 5th bolt. balance your way through big moves on small crimps and be rewarded with easy climbing to the anchors.,"crimp, crux, slab",easy,balance,-,0,1,0,0,0,0,1
110335844,Little Wing,Red River Gorge > Miller Fork Recreational Preserve (MFRP) > Secret Garden,https://www.mountainproject.com/route/110335844/little-wing,3.3,5.9,1,60,-83.67556,37.64036,Miller Fork Recreational Preserve (MFRP),Secret Garden,9,little wing: climb through an awkward start on slightly slopy holds to a layback crack up to a large ledge. continue above the ledge on good crimpy plates to the anchors.,"crack, crimp, ledge, sloper",good,-,-,0,1,0,0,0,0,0
110529330,Hippie Lip Balm,Red River Gorge > Miller Fork Recreational Preserve (MFRP) > Secret Garden,https://www.mountainproject.com/route/110529330/hippie-lip-balm,2.6,5.9,1,75,-83.67556,37.64036,Miller Fork Recreational Preserve (MFRP),Secret Garden,9,hippie lip balm: a few hard moves to get off the ground followed by nicely featured slab. if you use the tree it is 5.7 but without the tree seemed more like 10b. great climbing and fun moves.,slab,"fun, great, nice",-,-,0,1,1,0,0,0,1
111085156,Nilbog Night Life,Red River Gorge > Miller Fork Recreational Preserve (MFRP) > Secret Garden,https://www.mountainproject.com/route/111085156/nilbog-night-life,2,5.9,1,45,-83.67556,37.64036,Miller Fork Recreational Preserve (MFRP),Secret Garden,9,nilbog night life: interesting slab climbing. starting with weird moves up the runnel to weird reaches and moves above. very clean solid rock.,slab,interesting,-,-,0,1,0,0,0,0,1
112222782,Going Away Party,Red River Gorge > Miller Fork Recreational Preserve (MFRP) > Secret Garden,https://www.mountainproject.com/route/112222782/going-away-party,2.7,5.10a PG13,1,60,-83.67556,37.64036,Miller Fork Recreational Preserve (MFRP),Secret Garden,10,"going away party: great break into the 10's. follow trail left to hippie lip balm, then trek about 15 feet up the steep incline on the right.",-,great,-,-,0,1,1,0,0,0,0
116564593,The Net,Red River Gorge > Miller Fork Recreational Preserve (MFRP) > Secret Garden,https://www.mountainproject.com/route/116564593/the-net,2.4,5.10a,1,55,-83.67556,37.64036,Miller Fork Recreational Preserve (MFRP),Secret Garden,10,"the net: tough near the bottom a bit left of an orange dihedral, followed by edge climbing to the top.",dihedral,-,tough,-,0,0,0,0,1,0,0
118059801,Geezer Pleaser,Red River Gorge > Miller Fork Recreational Preserve (MFRP) > Secret Garden,https://www.mountainproject.com/route/118059801/geezer-pleaser,2.1,5.10a,1,45,-83.67556,37.64036,Miller Fork Recreational Preserve (MFRP),Secret Garden,10,"geezer pleaser: despite the name, this is one of the best easier routes at secret garden.",-,"best, easier",-,-,0,1,0,0,0,0,0
118661449,Inside Job,Red River Gorge > Miller Fork Recreational Preserve (MFRP) > Secret Garden,https://www.mountainproject.com/route/118661449/inside-job,2.5,5.10a,1,65,-83.67556,37.64036,Miller Fork Recreational Preserve (MFRP),Secret Garden,10,inside job: pull onto the wall over a cave and climb through and initially thin section in order to gain a large break. climb the featured face above to a flake system that trends right then straight up; follow this to the chains.enjoyable climbing and well-bolted for novice leaders.,"face, flake",-,thin,-,0,0,0,0,1,0,0
111042582,ae911truth,Red River Gorge > Miller Fork Recreational Preserve (MFRP) > Secret Garden,https://www.mountainproject.com/route/111042582/ae911truth,2.2,5.10b,1,60,-83.67556,37.64036,Miller Fork Recreational Preserve (MFRP),Secret Garden,10,"ae911truth: grab a nice, fat, square flake to get to the first bolt then shift right. play around in a pair of huecos in the middle of the wall after which the angle kicks back a bit.","flake, hueco",nice,-,-,0,1,0,0,1,0,0
111042603,Cock to the Rock,Red River Gorge > Miller Fork Recreational Preserve (MFRP) > Secret Garden,https://www.mountainproject.com/route/111042603/cock-to-the-rock,2.4,5.10b,1,70,-83.67556,37.64036,Miller Fork Recreational Preserve (MFRP),Secret Garden,10,cock to the rock: begin on a dirt ledge and pull up onto a stepped rock ledge to gain the face. pull a difficult low move then cruise up the slab passing a trio of shallow huecos. stick clip the second bolt if you want to be super safe.,"cruise, face, hueco, ledge, slab",-,"difficult, stick-clip",-,0,0,0,0,0,0,1
111085175,Rethink911,Red River Gorge > Miller Fork Recreational Preserve (MFRP) > Secret Garden,https://www.mountainproject.com/route/111085175/rethink911,2.3,5.10b,1,55,-83.67556,37.64036,Miller Fork Recreational Preserve (MFRP),Secret Garden,10,rethink911: technical slab climbing with several interesting moves.,"slab, technical",interesting,thin,-,0,1,0,0,0,0,1
111085182,Rememberbuilding7,Red River Gorge > Miller Fork Recreational Preserve (MFRP) > Secret Garden,https://www.mountainproject.com/route/111085182/rememberbuilding7,2,5.10b,1,55,-83.67556,37.64036,Miller Fork Recreational Preserve (MFRP),Secret Garden,10,rememberbuilding7: starts slabby then moves to vertical crimpy face moves up the beautiful face above.,"crimp, face, slab",beautiful,-,-,0,1,0,1,0,0,1
111839686,Controlled Demolition,Red River Gorge > Miller Fork Recreational Preserve (MFRP) > Secret Garden,https://www.mountainproject.com/route/111839686/controlled-demolition,2.2,5.10b,1,45,-83.67556,37.64036,Miller Fork Recreational Preserve (MFRP),Secret Garden,10,controlled demolition: mount the ledge above the first bolt then climb extremely easy juggy slab up the orange face until it gradually gets steeper and you are wishing for those giant jugs you were on before. find  couple great holds and clip the anchors.,"face, jug, ledge, slab","easy, great",-,-,0,1,1,0,0,0,1
126381529,At What Cost,Red River Gorge > Miller Fork Recreational Preserve (MFRP) > Secret Garden,https://www.mountainproject.com/route/126381529/at-what-cost,1.3,5.10c,1,50,-83.67556,37.64036,Miller Fork Recreational Preserve (MFRP),Secret Garden,10,"at what cost: start up on the grassy ledge and find good holds on the edge of the rock ledge. lift up to the small hueco and use the edges of the brief crack to get to the jug. shake out for a second then get high feet to make the reach up to a subtle but decent crimp rail. gain footing and reach up again to a smaller but closer crimp rail. once through that, it's smooth sailing on progressively larger holds to the chains.","crack, crimp, hueco, jug, ledge",good,-,-,0,1,0,0,1,0,0
120981285,Los Two Brothers,Red River Gorge > Miller Fork Recreational Preserve (MFRP) > Secret Garden,https://www.mountainproject.com/route/120981285/los-two-brothers,1.8,5.10c,1,40,-83.67556,37.64036,Miller Fork Recreational Preserve (MFRP),Secret Garden,10,NA,NA,NA,NA,NA,NA,NA,NA,NA,NA,NA,NA
121340199,Salsa Brava,Red River Gorge > Miller Fork Recreational Preserve (MFRP) > Secret Garden,https://www.mountainproject.com/route/121340199/salsa-brava,2.4,5.10d,1,65,-83.67556,37.64036,Miller Fork Recreational Preserve (MFRP),Secret Garden,10,"salsa brava: climb through a few ledges to meet a slab face.  conquer the small technical roof following the bolted line, no deviations (go left from bolt 3 to 4). enjoy a full rest to then wrap it up with  some technical slab moves.","face, ledge, roof, slab, technical",-,rest,-,0,0,0,0,0,0,1
111085196,Fodiqua,Red River Gorge > Miller Fork Recreational Preserve (MFRP) > Serenity Point,https://www.mountainproject.com/route/111085196/fodiqua,2.9,5.9,1,80,-83.68044,37.64136,Miller Fork Recreational Preserve (MFRP),Serenity Point,9,fodiqua: excellent slab climbing up the quickly cleaning up face. crux is near the beginning but mostly consistent at the grade.,"crux, face, slab",excellent,-,-,0,1,1,0,0,0,1
110367190,Linny Lu,Red River Gorge > Miller Fork Recreational Preserve (MFRP) > Serenity Point,https://www.mountainproject.com/route/110367190/linny-lu,1.7,5.10a,1,55,-83.68044,37.64136,Miller Fork Recreational Preserve (MFRP),Serenity Point,10,linny lu: climb the crimpy face to a small crux near the roof to a easy ride to the top.,"crimp, crux, face, roof",easy,-,-,0,1,0,0,0,0,1
110367173,Dancing Queen,Red River Gorge > Miller Fork Recreational Preserve (MFRP) > Serenity Point,https://www.mountainproject.com/route/110367173/dancing-queen,2.1,5.10b,1,60,-83.68044,37.64136,Miller Fork Recreational Preserve (MFRP),Serenity Point,10,dancing queen: this line climbs up the slightly less than vertical face on good crimps. power through the low crux to more relaxed climbing above.,"crimp, crux, face",good,-,-,0,1,0,0,0,0,0
127030560,Trigger finger,Red River Gorge > Miller Fork Recreational Preserve (MFRP) > Serenity Point,https://www.mountainproject.com/route/127030560/trigger-finger,2.4,5.10b,1,80,-83.68044,37.64136,Miller Fork Recreational Preserve (MFRP),Serenity Point,10,trigger finger: slab technical climb with a steeper finish. the crux offers a unique rare hold that grants the route's name. beginner kneebar bonus.,"crux, slab, technical",-,-,-,0,0,0,0,0,0,1
110356284,Dirty Habit,Red River Gorge > Miller Fork Recreational Preserve (MFRP) > Serenity Point,https://www.mountainproject.com/route/110356284/dirty-habit,2.8,5.10d,1,80,-83.68044,37.64136,Miller Fork Recreational Preserve (MFRP),Serenity Point,10,"dirty habit: pull the initial moves of undercut, slightly sandy rock. one established on the vertical face, move up while trending left a bit to gain the arête. climbing the arête, or just right of it, past five or six bolts to a great recovery stance. then pull up the steeper arête, past one great jug, to another small stance just before the final little headwall. stay strong and finish up by moving left to the anchors.","arete, face, jug",great,-,"dirty, sandy",1,1,1,0,0,0,1
113605800,Unknown,Red River Gorge > Miller Fork Recreational Preserve (MFRP) > The Hal Garner Memorial Crag,https://www.mountainproject.com/route/113605800/unknown,0.7,5.8+,1,65,-83.67877,37.63921,Miller Fork Recreational Preserve (MFRP),The Hal Garner Memorial Crag,8,"unknown: pockety throughout most of the route.  slabby finish without much to hold.  very chossy at the top, making the finish much harder than it would be otherwise.","pocket, slab",-,-,choss,1,0,0,0,0,0,1
113605680,Halphabet Soup for the Soul,Red River Gorge > Miller Fork Recreational Preserve (MFRP) > The Hal Garner Memorial Crag,https://www.mountainproject.com/route/113605680/halphabet-soup-for-the-soul,1.2,5.10b,1,70,-83.67877,37.63921,Miller Fork Recreational Preserve (MFRP),The Hal Garner Memorial Crag,10,halphabet soup for the soul: right end of the wall after approaching.  climb to the right of the hueco.,hueco,-,-,-,0,0,0,0,1,0,0
112032674,Wheelchair Access,Red River Gorge > Miller Fork Recreational Preserve (MFRP) > The Infirmary,https://www.mountainproject.com/route/112032674/wheelchair-access,2.6,5.8,1,65,-83.68375,37.64186,Miller Fork Recreational Preserve (MFRP),The Infirmary,8,wheelchair access: fun slab with a bulge crux near the anchors,"crux, slab",fun,-,-,0,1,1,0,0,0,1
112152645,Platelet Rich Injection,Red River Gorge > Miller Fork Recreational Preserve (MFRP) > The Infirmary,https://www.mountainproject.com/route/112152645/platelet-rich-injection,2.8,5.8,1,55,-83.68375,37.64186,Miller Fork Recreational Preserve (MFRP),The Infirmary,8,NA,NA,NA,NA,NA,NA,NA,NA,NA,NA,NA,NA
113090203,Temperature Rising,Red River Gorge > Miller Fork Recreational Preserve (MFRP) > The Infirmary,https://www.mountainproject.com/route/113090203/temperature-rising,2.4,5.8,1,75,-83.68375,37.64186,Miller Fork Recreational Preserve (MFRP),The Infirmary,8,temperature rising: this route is mostly slab. there is a puzzling bulge at the second bolt with a bit of runout to the third bolt. there is an easier bulge at fourth bolt.,slab,easier,-,runout,1,1,0,0,0,0,1
110231574,ReCooperAte,Red River Gorge > Miller Fork Recreational Preserve (MFRP) > The Infirmary,https://www.mountainproject.com/route/110231574/recooperate,2.3,5.8+,1,35,-83.68375,37.64186,Miller Fork Recreational Preserve (MFRP),The Infirmary,8,recooperate: a short route near the right end of the crag that heads up a right-facing flake. this route has cleaned up since it was bolted and the movement is nice!,flake,nice,-,-,0,1,0,0,1,0,0
123876305,Calling out Sick,Red River Gorge > Miller Fork Recreational Preserve (MFRP) > The Infirmary,https://www.mountainproject.com/route/123876305/calling-out-sick,2.5,5.9-,1,70,-83.68375,37.64186,Miller Fork Recreational Preserve (MFRP),The Infirmary,9,calling out sick: start the route out by using a crimp and choosing between mostly poor feet with one very cool iron ball foothold. once through this section you will enjoy a romp up to a bulge that provides the crux and a very interesting sequence to gain the wall above. utilize your slab skills and scamper up towards the anchors while enjoying cool holds and a great view. longer than you would expect from the ground.,"crimp, crux, slab","great, interesting",-,-,0,1,1,0,0,0,1
116240518,Vitamin C,Red River Gorge > Miller Fork Recreational Preserve (MFRP) > The Infirmary,https://www.mountainproject.com/route/116240518/vitamin-c,2.7,5.9,1,55,-83.68375,37.64186,Miller Fork Recreational Preserve (MFRP),The Infirmary,9,NA,NA,NA,NA,NA,NA,NA,NA,NA,NA,NA,NA
111229014,Typhoid Mary,Red River Gorge > Miller Fork Recreational Preserve (MFRP) > The Infirmary,https://www.mountainproject.com/route/111229014/typhoid-mary,2.2,5.10a,1,65,-83.68375,37.64186,Miller Fork Recreational Preserve (MFRP),The Infirmary,10,"typhoid mary: climb right leaning arete to the first set of anchors. if it's dry, climb to the second set of anchors going at 5.11d",arete,-,-,-,0,0,0,0,0,0,1
110400283,Aquagenic Urticaria,Red River Gorge > Miller Fork Recreational Preserve (MFRP) > The Infirmary,https://www.mountainproject.com/route/110400283/aquagenic-urticaria,1.9,5.10b,1,45,-83.68375,37.64186,Miller Fork Recreational Preserve (MFRP),The Infirmary,10,aquagenic urticaria: start on good holds making its way into the small open book on small nubs. continue up with a hard move into the hueco above that you clip from.,hueco,good,-,-,0,1,0,0,1,0,0
110400293,Recovery Room,Red River Gorge > Miller Fork Recreational Preserve (MFRP) > The Infirmary,https://www.mountainproject.com/route/110400293/recovery-room,3.1,5.10b,1,60,-83.68375,37.64186,Miller Fork Recreational Preserve (MFRP),The Infirmary,10,recovery room: once a bit of a sandy pile this has cleaned up into a great route. start from the left under recooperate and traverse in. make moves to gain the ledge above then pull a small roof to huge jugs going all the way to the anchors.,"jug, ledge, roof",great,traverse,sandy,1,1,1,0,0,0,1
113916838,98.6,Red River Gorge > Miller Fork Recreational Preserve (MFRP) > The Infirmary,https://www.mountainproject.com/route/113916838/986,2.4,5.10b,1,65,-83.68375,37.64186,Miller Fork Recreational Preserve (MFRP),The Infirmary,10,"98.6: work up to a tiny ledge after the second bolt and traverse a couple feet left, then angle up and left to the anchors.",ledge,-,traverse,-,0,0,0,0,0,0,0
111228967,Zoonotic,Red River Gorge > Miller Fork Recreational Preserve (MFRP) > The Infirmary,https://www.mountainproject.com/route/111228967/zoonotic,1.7,5.10d,1,50,-83.68375,37.64186,Miller Fork Recreational Preserve (MFRP),The Infirmary,10,"zoonotic: start with some fingers in two pockets and make some bouldery moves. if it's raining, rest assure that wet streaks don't touch the good holds necessary to put this climb in the bag.",pocket,good,rest,-,0,1,0,0,0,0,0
111229056,Pre-Op,Red River Gorge > Miller Fork Recreational Preserve (MFRP) > The Infirmary,https://www.mountainproject.com/route/111229056/pre-op,2.8,5.10d,1,45,-83.68375,37.64186,Miller Fork Recreational Preserve (MFRP),The Infirmary,10,"pre-op: this climb has some incredibly sharp holds that will probably not hurt so bad after some traffic. if you love super sharp holds that destroys skins and bites back, get on it and tick it off.",-,-,-,bad,1,0,0,0,0,0,0
122364682,Devil's Glen,Red River Gorge > Miller Fork Recreational Preserve (MFRP) > The Laboratory,https://www.mountainproject.com/route/122364682/devils-glen,1.1,5.10c,1,60,-83.680179999999993,37.64461,Miller Fork Recreational Preserve (MFRP),The Laboratory,10,devil's glen: somewhat of a warm up for the wall.  an awkward start leads to more enjoyable climbing above.,-,warm-up,-,-,0,1,0,0,0,0,0
116139494,Last Gasp,Red River Gorge > Miller Fork Recreational Preserve (MFRP) > The Morgue,https://www.mountainproject.com/route/116139494/last-gasp,2.1,5.10c PG13,1,95,-83.68076,37.64723,Miller Fork Recreational Preserve (MFRP),The Morgue,10,last gasp: start by climbing up through some chossy rock to slightly better rock and a challenging move above the third bolt.  be prepared for some runout sections on less than vertical terrain with dirty and friable rock.,-,-,-,"choss, dirty, runout",1,0,0,0,0,0,0
112869735,Pixadoodle,Red River Gorge > Miller Fork Recreational Preserve (MFRP) > The Nursery,https://www.mountainproject.com/route/112869735/pixadoodle,2.2,5.8,1,40,-83.67874,37.64971,Miller Fork Recreational Preserve (MFRP),The Nursery,8,pixadoodle: climb up between hazy dazy and a hueco. (this is the second route from the left on the slab wall.),"hueco, slab",-,-,-,0,0,0,0,0,0,1
110534032,End of State Maintenance,Red River Gorge > Miller Fork Recreational Preserve (MFRP) > The Nursery,https://www.mountainproject.com/route/110534032/end-of-state-maintenance,2.8,5.10a,1,50,-83.67874,37.64971,Miller Fork Recreational Preserve (MFRP),The Nursery,10,end of state maintenance: start on the overhung face and get your money's worth for the grade in the first 10 feet. recommend stick clipping the first bolt if you're not solid on 11s. after that just pumpy and fun moves to the chains.,face,fun,"pumpy, stick-clip",-,0,1,1,0,0,0,0
111774361,Southern Satisfaction,Red River Gorge > Miller Fork Recreational Preserve (MFRP) > The Nursery,https://www.mountainproject.com/route/111774361/southern-satisfaction,2.4,5.10a,1,50,-83.67874,37.64971,Miller Fork Recreational Preserve (MFRP),The Nursery,10,southern satisfaction: start just right of end of state maintenance. some big moves to good holds lead to a ledge. pull the final bulge on big holds to an anchor at the lip.,ledge,good,-,-,0,1,0,0,0,0,0
119280287,The Sierra Alta shuffle,Red River Gorge > Miller Fork Recreational Preserve (MFRP) > The Nursery,https://www.mountainproject.com/route/119280287/the-sierra-alta-shuffle,1.5,5.10a,1,60,-83.67874,37.64971,Miller Fork Recreational Preserve (MFRP),The Nursery,10,the sierra alta shuffle: bouldery start into good jugs some good rests then thins out at the top,jug,good,"rest, thin",-,0,1,0,0,0,0,0
111842368,Chasing Butterflies,Red River Gorge > Miller Fork Recreational Preserve (MFRP) > The Pharmacy,https://www.mountainproject.com/route/111842368/chasing-butterflies,1.7,5.10b,1,70,-83.67611,37.6457,Miller Fork Recreational Preserve (MFRP),The Pharmacy,10,chasing butterflies: start by climbing by climbing dirty slightly chossy rock to gain the slab face. crimp down hard through a tough crux and finish on easier slab climbing above.,"crimp, crux, face, slab",easier,tough,"choss, dirty",1,1,0,0,0,0,1
200886506,The Hairy Caterpillar,Red River Gorge > Miller Fork Recreational Preserve (MFRP) > The Pharmacy,https://www.mountainproject.com/route/200886506/the-hairy-caterpillar,1,5.10d,1,70,-83.67611,37.6457,Miller Fork Recreational Preserve (MFRP),The Pharmacy,10,"the hairy caterpillar: access the base by walking in across the mossy slab and onto a narrow, vegetated ledge. start through dirty, sandy, chossy rock on the initial section of vert. mantel onto the slab and tech up past a crux and other thoughtful sequences. be ready to make a couple moves a little ways above a few of the bolts","crux, ledge, slab",-,-,"choss, dirty, sandy",1,0,0,0,0,0,1
114254800,Dirty Diaper,Red River Gorge > Miller Fork Recreational Preserve (MFRP) > The Playpen,https://www.mountainproject.com/route/114254800/dirty-diaper,1.2,5.8,1,45,-83.67871,37.65061,Miller Fork Recreational Preserve (MFRP),The Playpen,8,dirty diaper: short and dirty may never clean up. crux will be clipping the anchor from a dirty ledge.,"crux, ledge",-,-,dirty,1,0,0,0,0,0,0
115189117,Spank the Baby,Red River Gorge > Miller Fork Recreational Preserve (MFRP) > The Playpen,https://www.mountainproject.com/route/115189117/spank-the-baby,2.4,5.9+,1,50,-83.67871,37.65061,Miller Fork Recreational Preserve (MFRP),The Playpen,9,spank the baby: lots of easy edges with a tough crimp midway. get a left hand on a good crimp get feet high and if your short throw big with the right and spank the baby.,crimp,"easy, good",tough,-,0,1,0,0,0,0,0
112065984,Zero Gravity,Red River Gorge > Miller Fork Recreational Preserve (MFRP) > The Portal,https://www.mountainproject.com/route/112065984/zero-gravity,2,5.9,1,25,-83.67826,37.64698,Miller Fork Recreational Preserve (MFRP),The Portal,9,zero gravity: short juggy route on the far left side of the portal.,jug,-,-,-,0,0,0,0,0,0,0
119359753,Circle the Wagons,Red River Gorge > Miller Fork Recreational Preserve (MFRP) > The Portal,https://www.mountainproject.com/route/119359753/circle-the-wagons,1.9,5.10,1,50,-83.67826,37.64698,Miller Fork Recreational Preserve (MFRP),The Portal,10,"circle the wagons: start up the same green bottom as its neighbor to the left, but climb the right slab. it might be graded easier, but be prepared to get creative on this one.",slab,easier,-,-,0,1,0,0,0,0,1
119359726,State of Affairs,Red River Gorge > Miller Fork Recreational Preserve (MFRP) > The Portal,https://www.mountainproject.com/route/119359726/state-of-affairs,2,5.10c,1,55,-83.67826,37.64698,Miller Fork Recreational Preserve (MFRP),The Portal,10,"state of affairs: lieback up a chossy flake and stand on the ledge below the slab. venture up on sparse holds, making use of the arête and smearing feet.","arete, flake, ledge, slab",-,smear,choss,1,0,0,0,0,0,1
119359740,Trouble Afoot,Red River Gorge > Miller Fork Recreational Preserve (MFRP) > The Portal,https://www.mountainproject.com/route/119359740/trouble-afoot,2.8,5.10c,1,50,-83.67826,37.64698,Miller Fork Recreational Preserve (MFRP),The Portal,10,trouble afoot: scramble up the moss-covered bottom to a small ledge. edge and smear your way up using more real slab technique than you're probably used to in the red.,"ledge, slab",-,smear,-,0,0,0,0,0,0,1
112311069,Time Wrinkle,Red River Gorge > Miller Fork Recreational Preserve (MFRP) > The Portal,https://www.mountainproject.com/route/112311069/time-wrinkle,3,5.10c,1,45,-83.67826,37.64698,Miller Fork Recreational Preserve (MFRP),The Portal,10,time wrinkle: bouldery start with weird crux at 2nd bolt,crux,-,-,-,0,0,0,0,0,0,0
112311088,Barefoot Barrista,Red River Gorge > Miller Fork Recreational Preserve (MFRP) > The Portal,https://www.mountainproject.com/route/112311088/barefoot-barrista,2.2,5.10c,1,45,-83.67826,37.64698,Miller Fork Recreational Preserve (MFRP),The Portal,10,barefoot barrista: classic slab movement all the way with a committing move near the last bolt.,slab,classic,-,-,0,1,0,0,0,0,1
110969192,Tesseract,Red River Gorge > Miller Fork Recreational Preserve (MFRP) > The Portal,https://www.mountainproject.com/route/110969192/tesseract,3.6,5.10d,1,55,-83.67826,37.64698,Miller Fork Recreational Preserve (MFRP),The Portal,10,"tesseract: looks can be deceiving and while this route may appear short and easy, it is quite pumpy. begin with a high step and follow the line of the bolts that trend right. avoid climbing into the choss up and left by staying closer to the bolt line.  a final hard pull off a left hand sidepull at the last bolt requires a little oomph right when the pump is really kicking in.  despite only a moderate amount of vertical gain, the amount of traversing and overhang really add to the distance covered on this route.",-,easy,pumpy,choss,1,1,0,0,0,0,0
110620464,Bangerz,Red River Gorge > Miller Fork Recreational Preserve (MFRP) > The Record Shop,https://www.mountainproject.com/route/110620464/bangerz,2.5,5.9,1,50,-83.68238,37.64753,Miller Fork Recreational Preserve (MFRP),The Record Shop,9,bangerz: use the cheater stones to gain the face pull a hard move to the first bolt (stick clip recommended) then follow much easier moves over a small roof to the anchors. big holds seem to be every where.,"face, roof",easier,stick-clip,-,0,1,0,0,0,0,1
110620474,Call Me Maybe,Red River Gorge > Miller Fork Recreational Preserve (MFRP) > The Record Shop,https://www.mountainproject.com/route/110620474/call-me-maybe,3.4,5.10a,1,80,-83.68238,37.64753,Miller Fork Recreational Preserve (MFRP),The Record Shop,10,call me maybe: this route shares the start and the first bolt with bangerz. after the initial hard start continue on huge fun holds. the route move to being a bit less than vertical towards the top and uses large slopers to the anchors.,sloper,fun,-,-,0,1,1,0,0,0,0
110620444,Pet Sounds,Red River Gorge > Miller Fork Recreational Preserve (MFRP) > The Record Shop,https://www.mountainproject.com/route/110620444/pet-sounds,2.4,5.10b,1,75,-83.68238,37.64753,Miller Fork Recreational Preserve (MFRP),The Record Shop,10,pet sounds: this route starts with a hard boulder problem near the second bolt then moves higher to easy moves on huge jugs with a bit of spice to the bolt spacing. finish on a sweet move around an arete to the anchors.,"arete, jug",easy,-,-,0,1,0,0,0,0,1
119969879,Grandpa Philly,Red River Gorge > Miller Fork Recreational Preserve (MFRP) > Vine Wall,https://www.mountainproject.com/route/119969879/grandpa-philly,1.3,5.8,1,35,-83.67807,37.6477,Miller Fork Recreational Preserve (MFRP),Vine Wall,8,grandpa philly: start off to the right side for an easier start and work your way up a nice dihedral with good feet.,dihedral,"easier, good, nice",-,-,0,1,0,0,1,0,0
107124313,Rikki Tikki Tavi,Red River Gorge > Muir Valley > Animal Crackers Wall,https://www.mountainproject.com/route/107124313/rikki-tikki-tavi,2.1,5.8,1,50,-83.63911,37.73064,Muir Valley,Animal Crackers Wall,8,NA,NA,NA,NA,NA,NA,NA,NA,NA,NA,NA,NA
107124345,Casey,Red River Gorge > Muir Valley > Animal Crackers Wall,https://www.mountainproject.com/route/107124345/casey,2.2,5.8,1,75,-83.63911,37.73064,Muir Valley,Animal Crackers Wall,8,"casey: crimpy for 45 feet, then pure friction and balance for the next 30 feet to the top.",crimp,-,balance,-,0,0,0,0,0,0,0
107124319,Panda Bear,Red River Gorge > Muir Valley > Animal Crackers Wall,https://www.mountainproject.com/route/107124319/panda-bear,1.8,5.8+,1,45,-83.63911,37.73064,Muir Valley,Animal Crackers Wall,8,panda bear: this is the first route encountered on the slabby animal crackers wall. crimps on a slab.,"crack, crimp, slab",-,-,-,0,0,0,0,0,0,1
107124331,Sam,Red River Gorge > Muir Valley > Animal Crackers Wall,https://www.mountainproject.com/route/107124331/sam,2.6,5.10b,1,45,-83.63911,37.73064,Muir Valley,Animal Crackers Wall,10,sam: if you approach this route with the mindset that nothing at a wall named animal crackers could quite possibly be difficult then you may get smacked down by this tough little slab. best route on the wall.,"crack, slab",best,"difficult, thin, tough",-,0,1,0,0,0,0,1
106937694,"The Short, Happy Life of Francis Macomber",Red River Gorge > Muir Valley > Bibliothek,https://www.mountainproject.com/route/106937694/the-short-happy-life-of-francis-macomber,2.1,5.10b,1,45,-83.64058,37.73034,Muir Valley,Bibliothek,10,"the short, happy life of francis macomber: worth doing if for nothing else than to get used to the rock here- an engaging start through the first two bolts leads to easy climbing above.",-,easy,thin,-,0,1,0,0,0,0,0
106286280,Sweet Jane,Red River Gorge > Muir Valley > Bruise Brothers Wall,https://www.mountainproject.com/route/106286280/sweet-jane,2.2,5.8-,1,50,-83.62657,37.72444,Muir Valley,Bruise Brothers Wall,8,"sweet jane: formerly one of the few interesting trad lines at bruise brothers, sweet jane has now been retrobolted as a somewhat less remarkable sport route.  follow a somewhat broken and nicely-featured dihedral up to a short left-leaning hand crack toward the top.  pull the crack and finish at the anchors under the big roof.","crack, dihedral, roof","interesting, nice",-,-,0,1,0,0,1,0,1
107116591,The Bee's Business,Red River Gorge > Muir Valley > Bruise Brothers Wall,https://www.mountainproject.com/route/107116591/the-bees-business,2.5,5.8-,1,60,-83.62657,37.72444,Muir Valley,Bruise Brothers Wall,8,"the bee's business: fun bolted route just to the left of sweet jane. climbs a little bit easier and is a little more fun than sweet jane.  according to jeff colombo, the route got it's name from the large bees nest that usually forms near the bottom of the route each summer. glad i was there in the spring!",-,"easier, fun",-,-,0,1,1,0,0,0,0
106085039,Put the Best Foot Forward,Red River Gorge > Muir Valley > Bruise Brothers Wall,https://www.mountainproject.com/route/106085039/put-the-best-foot-forward,2.6,5.8,1,55,-83.62657,37.72444,Muir Valley,Bruise Brothers Wall,8,put the best foot forward: easy trad romp to the disconnected blocks below the two bolts.  mantle the ledge.  clip the bolts and head to the anchors.,"ledge, mantle","best, easy",-,-,0,1,0,0,1,0,0
106432960,Redeye Brew,Red River Gorge > Muir Valley > Bruise Brothers Wall,https://www.mountainproject.com/route/106432960/redeye-brew,2,5.8,1,45,-83.62657,37.72444,Muir Valley,Bruise Brothers Wall,8,redeye brew: solid pockets and very nice underclings climb to a nice top out on a large ledge.,"ledge, pocket",nice,-,-,0,1,0,0,0,0,0
107537571,Trundling Kentucky,Red River Gorge > Muir Valley > Bruise Brothers Wall,https://www.mountainproject.com/route/107537571/trundling-kentucky,2.2,5.8,1,50,-83.62657,37.72444,Muir Valley,Bruise Brothers Wall,8,"trundling kentucky: this route has a little of everything from face moves, jugs and a mantle to get you to the anchors. clip the anchors high and to the left on the ledge.","face, jug, ledge, mantle",-,thin,-,0,0,0,0,1,0,0
108524421,Ohio Climbing,Red River Gorge > Muir Valley > Bruise Brothers Wall,https://www.mountainproject.com/route/108524421/ohio-climbing,2.7,5.8,1,50,-83.62657,37.72444,Muir Valley,Bruise Brothers Wall,8,ohio climbing: climb large plates and pockets to a short crux near the anchors.,"crux, pocket",-,-,-,0,0,0,0,0,0,0
123557891,Blue Ridge Crew,Red River Gorge > Muir Valley > Bruise Brothers Wall,https://www.mountainproject.com/route/123557891/blue-ridge-crew,1.7,5.8,1,25,-83.62657,37.72444,Muir Valley,Bruise Brothers Wall,8,blue ridge crew: climb the gray face right of redeye brew on mostly good holds with a few thin ones sprinkled into the mix.,face,good,thin,-,0,1,0,0,0,0,0
106085043,Send Me on My Way,Red River Gorge > Muir Valley > Bruise Brothers Wall,https://www.mountainproject.com/route/106085043/send-me-on-my-way,3.2,5.9-,1,75,-83.62657,37.72444,Muir Valley,Bruise Brothers Wall,9,"send me on my way: feels easier than 5.9, easy clipping stances, nice jugs.  very good climb.",jug,"easier, easy, good, nice",-,-,0,1,0,0,0,0,0
106712455,Flutterby Blue,Red River Gorge > Muir Valley > Bruise Brothers Wall,https://www.mountainproject.com/route/106712455/flutterby-blue,2.3,5.9,1,40,-83.62657,37.72444,Muir Valley,Bruise Brothers Wall,9,"flutterby blue: traverse in to the arete from either side, or attempt the bouldery, reachy direct start for bonus points and a jump in the difficulty rating. then go up.",arete,-,"difficult, traverse",-,0,0,0,0,0,0,1
123557875,Petrichor,Red River Gorge > Muir Valley > Bruise Brothers Wall,https://www.mountainproject.com/route/123557875/petrichor,2.3,5.9,1,40,-83.62657,37.72444,Muir Valley,Bruise Brothers Wall,9,petrichor: begin on the vertical orange face down and left of redriveroutdoors. stick clip the high first bolt then aim for the notch in the triangular shaped roof above. the roof can be climbed to the left or the right of the second bolt. make the roof moves and cruise up the juggy slab and dihedral.,"cruise, dihedral, face, jug, roof, slab",-,"high first bolt, stick-clip",-,0,0,0,0,0,0,1
123557915,Gobblers of Geosmin,Red River Gorge > Muir Valley > Bruise Brothers Wall,https://www.mountainproject.com/route/123557915/gobblers-of-geosmin,1.6,5.9,1,35,-83.62657,37.72444,Muir Valley,Bruise Brothers Wall,9,gobblers of geosmin: this route cleaned up nicely and has some interesting holds and movement. establish yourself on the initial bulge and stretch to the arching “c” shaped crack. continue up and right to reach two more bolts and the top anchors.,crack,"interesting, nice",-,-,0,1,0,0,0,0,0
124128284,Overseer,Red River Gorge > Muir Valley > Bruise Brothers Wall,https://www.mountainproject.com/route/124128284/overseer,3,5.9,1,42,-83.62657,37.72444,Muir Valley,Bruise Brothers Wall,9,"overseer: this mildly overhanging sport route begins from the left edge of the ledge up and right of “rat stew”. positive plates, incut edges, juggy sidepulls, and an occasional pocket will lead you to a scenic spot that oversees the main bruisebrothers wall. fun and flowy climbing with excellent exposure. please be cautious when stick clipping the first bolt. a future belay bolt might be helpful here. stays dry in the rain.","jug, ledge, pocket","excellent, fun, scenic",stick-clip,-,0,1,1,1,0,0,0
107596000,Stay Off the Radio Jeff!,Red River Gorge > Muir Valley > Bruise Brothers Wall,https://www.mountainproject.com/route/107596000/stay-off-the-radio-jeff,2.5,5.9+,1,50,-83.62657,37.72444,Muir Valley,Bruise Brothers Wall,9,"stay off the radio jeff!: this route is the bolted line to the left of bee's business. ascend a slabby section to a small roof, navigate the roof and continue up the slab to the top.","roof, slab",-,-,-,0,0,0,0,0,0,1
106061906,Rat Stew,Red River Gorge > Muir Valley > Bruise Brothers Wall,https://www.mountainproject.com/route/106061906/rat-stew,3.2,5.10a,1,75,-83.62657,37.72444,Muir Valley,Bruise Brothers Wall,10,rat stew: nice moderate sport route.  climb up the low-angle slabby start on balancy little knobs.  then climb up the steeper upper wall using good big holds.,slab,"good, nice",balance,-,0,1,0,0,0,0,1
106727830,Redriveroutdoors.com,Red River Gorge > Muir Valley > Bruise Brothers Wall,https://www.mountainproject.com/route/106727830/redriveroutdoorscom,2.1,5.10a,1,30,-83.62657,37.72444,Muir Valley,Bruise Brothers Wall,10,NA,NA,NA,NA,NA,NA,NA,NA,NA,NA,NA,NA
106065268,Little Viper,Red River Gorge > Muir Valley > Bruise Brothers Wall,https://www.mountainproject.com/route/106065268/little-viper,2.7,5.10b,1,50,-83.62657,37.72444,Muir Valley,Bruise Brothers Wall,10,"little viper: start on a right-facing flake, then pull boulder problem through the roof, and up easier ground to the chains.","flake, roof",easier,-,-,0,1,0,0,1,0,1
121105821,Guardians of Gaia,Red River Gorge > Muir Valley > Bruise Brothers Wall,https://www.mountainproject.com/route/121105821/guardians-of-gaia,1.9,5.10b,1,35,-83.62657,37.72444,Muir Valley,Bruise Brothers Wall,10,guardians of gaia: surmount the bulge at the first bolt with the help of a slopey sidepull pinch. the route eases up after the first bolt.,sloper,-,-,-,0,0,0,0,0,0,0
124481336,Beta Bros,Red River Gorge > Muir Valley > Bruise Brothers Wall,https://www.mountainproject.com/route/124481336/beta-bros,1.9,5.10c,1,25,-83.62657,37.72444,Muir Valley,Bruise Brothers Wall,10,beta bros: right of beta babes is beta bros. bouldery beginning with a flake feature to a big or burly bump move. juggy jaunt from there to clip the chains. stays dry in the rain.,"flake, jug",-,-,-,0,0,0,0,1,0,0
106061920,Critters on the Cliff,Red River Gorge > Muir Valley > Bruise Brothers Wall,https://www.mountainproject.com/route/106061920/critters-on-the-cliff,3.1,5.10c,1,75,-83.62657,37.72444,Muir Valley,Bruise Brothers Wall,10,critters on the cliff: a lower-angle slabby start gives way to a steeper upper wall.  climb through a short section of overhanging thin crack and continue to the chains using big holds.,"crack, slab",-,thin,-,0,0,0,0,0,0,1
106064500,"Hey There, Fancy Pants",Red River Gorge > Muir Valley > Bruise Brothers Wall,https://www.mountainproject.com/route/106064500/hey-there-fancy-pants,2.7,5.10c,1,55,-83.62657,37.72444,Muir Valley,Bruise Brothers Wall,10,"hey there, fancy pants: start by climbing up a flake to slightly easier ground above.  good fun.",flake,"easier, fun, good",-,-,0,1,1,0,1,0,0
106130303,Workin' For The Weekend,Red River Gorge > Muir Valley > Bruise Brothers Wall,https://www.mountainproject.com/route/106130303/workin-for-the-weekend,3,5.10c,1,70,-83.62657,37.72444,Muir Valley,Bruise Brothers Wall,10,workin' for the weekend: climb the moderate slab to get to the first crux section as the wall steepens... this crux can be done to the right of the bolt (techy) or the left (powerful) at about the same grade... above this you get a little rest the one more crux pulling an overlap and through a notch(an undercling may help)... from there it eases up a bit till you are at the chains...,"crux, slab",-,"rest, techy",-,0,0,0,0,0,0,1
106579371,Don't Take Yer Guns to Town,Red River Gorge > Muir Valley > Bruise Brothers Wall,https://www.mountainproject.com/route/106579371/dont-take-yer-guns-to-town,2.5,5.10c,1,50,-83.62657,37.72444,Muir Valley,Bruise Brothers Wall,10,"don't take yer guns to town: the guidebook calls this a ""one-move wonder,"" but if you don't have some gas left to get to the anchors after the roof, your next move will be straight down.  starting at a short dihedral, climb up and right to easy ground that leads up to a roof.  clip the bolt on the lip, then hand-traverse right before making a reachy move to pull the roof (crux).  continue straight up past the last bolt to anchors that are invisible until you're almost on top of them.","crux, dihedral, roof",easy,traverse,-,0,1,0,0,1,0,1
124129005,Beta Babes,Red River Gorge > Muir Valley > Bruise Brothers Wall,https://www.mountainproject.com/route/124129005/beta-babes,2.8,5.10c/d,1,30,-83.62657,37.72444,Muir Valley,Bruise Brothers Wall,10,"beta babes: this short, but steep route has a few powerful moves and long reaches on mostly good holds. it may only be 30 ft, but it overhangs 10 ft and packs a punch. stays dry in the rain.",-,good,-,-,0,1,0,0,0,0,0
121105873,Goblins of Gombe,Red River Gorge > Muir Valley > Bruise Brothers Wall,https://www.mountainproject.com/route/121105873/goblins-of-gombe,2.1,5.10d,1,35,-83.62657,37.72444,Muir Valley,Bruise Brothers Wall,10,goblins of gombe: right of “guardians of gaia” is another route that has a slopey crux at the first bolt. this one is a bit more desperate and requires some technique and balance along with some sloper squeezing.,"crux, sloper",-,balance,-,0,0,0,0,0,0,0
106061901,Return of Manimal,Red River Gorge > Muir Valley > Bruise Brothers Wall,https://www.mountainproject.com/route/106061901/return-of-manimal,3.5,5.10d,1,85,-83.62657,37.72444,Muir Valley,Bruise Brothers Wall,10,return of manimal: climb a low-angle slabby start to the more vertical wall.  ascend the steeper via reachy moves and big holds to the roof just before the anchors.  pull through the roof to arrive at the chains.  good route.,"roof, slab",good,-,-,0,1,0,0,0,0,1
107203510,Manteleer,Red River Gorge > Muir Valley > Coyote Cliff,https://www.mountainproject.com/route/107203510/manteleer,2.8,5.9+,1,70,-83.64148,37.7356,Muir Valley,Coyote Cliff,9,manteleer: the route follows a small dihedral then goes up to the left. this route is not straight forward but is very enjoyable,dihedral,-,-,-,0,0,0,0,1,0,0
121719959,ACME Corporation,Red River Gorge > Muir Valley > Coyote Cliff,https://www.mountainproject.com/route/121719959/acme-corporation,1.4,5.9+,1,40,-83.64148,37.7356,Muir Valley,Coyote Cliff,9,acme corporation: climb the pocketed face between a small arete feature and another arete to the right using plentiful pebbly pockets with many helpful underclings along the way.,"arete, face, pocket",-,-,-,0,0,0,0,0,0,1
121719830,Wile E. Coyote,Red River Gorge > Muir Valley > Coyote Cliff,https://www.mountainproject.com/route/121719830/wile-e-coyote,1.1,5.10-,1,40,-83.64148,37.7356,Muir Valley,Coyote Cliff,10,wile e. coyote: a reachy start leads to juggy pockets and sidepulls. finish on a short overhanging section using a massive hidden jug to clip the chains.,"jug, pocket",-,-,-,0,0,0,0,0,0,0
107203502,Bombardier,Red River Gorge > Muir Valley > Coyote Cliff,https://www.mountainproject.com/route/107203502/bombardier,2.3,5.10b,1,50,-83.64148,37.7356,Muir Valley,Coyote Cliff,10,NA,NA,NA,NA,NA,NA,NA,NA,NA,NA,NA,NA
107131365,Thunderclinger,Red River Gorge > Muir Valley > Coyote Cliff,https://www.mountainproject.com/route/107131365/thunderclinger,3.3,5.10c,1,60,-83.64148,37.7356,Muir Valley,Coyote Cliff,10,thunderclinger: this is a fun little climb that is both dynamic and technical.  the crux of the route is at the beginning of the route.  make a difficult traverse left to gain a nice ledge and crack.  follow the crack to a funky groove.  get your groove on to a nice steep finish.  good varied climb that is worth the hike around.  this line dries fairly quick after a rain.,"crack, crux, ledge, technical","fun, good, nice","difficult, traverse",-,0,1,1,0,0,0,0
108885357,Retirement Day,Red River Gorge > Muir Valley > Coyote Cliff,https://www.mountainproject.com/route/108885357/retirement-day,1.5,5.10+,1,35,-83.64148,37.7356,Muir Valley,Coyote Cliff,10,retirement day: this overhanging route is full of pockets. finding the right combo makes for a fun ascent.,pocket,fun,-,-,0,1,1,0,0,0,0
107333907,Golden Box,Red River Gorge > Muir Valley > Coyote Cliff,https://www.mountainproject.com/route/107333907/golden-box,1.6,5.10d,1,40,-83.64148,37.7356,Muir Valley,Coyote Cliff,10,golden box: fun over hung route 3 bolts up to ledge.,ledge,fun,-,-,0,1,1,0,0,0,0
113861083,Fire and Rain,Red River Gorge > Muir Valley > Fire Wall,https://www.mountainproject.com/route/113861083/fire-and-rain,2.2,5.10a,1,70,-83.64259,37.735,Muir Valley,Fire Wall,10,NA,NA,NA,NA,NA,NA,NA,NA,NA,NA,NA,NA
117835534,De’Lilah’s Way,Red River Gorge > Muir Valley > Front Porch Wall,https://www.mountainproject.com/route/117835534/delilahs-way,1,5.8,1,25,-83.63094,37.72321,Muir Valley,Front Porch Wall,8,de’lilah’s way: short crimps with a hug or two,crimp,-,-,-,0,0,0,0,0,0,0
117835408,Waist of Paper,Red River Gorge > Muir Valley > Front Porch Wall,https://www.mountainproject.com/route/117835408/waist-of-paper,1.7,5.8+,1,40,-83.63094,37.72321,Muir Valley,Front Porch Wall,8,waist of paper: funky little bulge midway.,-,fun,-,-,0,1,1,0,0,0,0
117835460,Lying Under The Porch,Red River Gorge > Muir Valley > Front Porch Wall,https://www.mountainproject.com/route/117835460/lying-under-the-porch,1.3,5.10-,1,50,-83.63094,37.72321,Muir Valley,Front Porch Wall,10,lying under the porch: pass a pocket to crimps and a jug or two.,"crimp, jug, pocket",-,-,-,0,0,0,0,0,0,0
106773955,Dyn-O-Mite,"Red River Gorge > Muir Valley > Great Arch, The",https://www.mountainproject.com/route/106773955/dyn-o-mite,2.9,5.9-,1,85,-83.63843,37.73468,Muir Valley,"Great Arch, The",9,"dyn-o-mite: easy jug haul on beautiful holds, excellent length for new 5.9 leaders.",jug,"beautiful, easy, excellent",-,-,0,1,1,1,0,0,0
107143575,Black Powder,"Red River Gorge > Muir Valley > Great Arch, The",https://www.mountainproject.com/route/107143575/black-powder,2.7,5.10a,1,85,-83.63843,37.73468,Muir Valley,"Great Arch, The",10,"black powder: hop onto the ledge and stretch up to clip the bolt on the overhanging start. haul yourself over the initial overhang on good horizontals and thin plates, and then start angling out right and up. keep on truckin' through the continuous top half until you're at the anchors.  this line did feel a bit contrived to me. i had to constantly watch myself to make sure i wasn't climbing straight up into dyn-o-mite. but if you stay on route, the rock and the moves are nice. a worthwhile endeavor if you're looking for something a step up from dyn-o-mite.",ledge,"good, nice",thin,-,0,1,0,0,0,0,0
107204420,Irish Mud,Red River Gorge > Muir Valley > Guide Wall,https://www.mountainproject.com/route/107204420/irish-mud,1.8,5.8-,1,25,-83.6296,37.7258,Muir Valley,Guide Wall,8,NA,NA,NA,NA,NA,NA,NA,NA,NA,NA,NA,NA
107205260,Mona Lisa Crack,Red River Gorge > Muir Valley > Guide Wall,https://www.mountainproject.com/route/107205260/mona-lisa-crack,2.6,5.8-,1,45,-83.6296,37.7258,Muir Valley,Guide Wall,8,mona lisa crack: starts up a crack,crack,-,-,-,0,0,0,0,0,0,0
107204414,Parks and Rec,Red River Gorge > Muir Valley > Guide Wall,https://www.mountainproject.com/route/107204414/parks-and-rec,1.4,5.8,1,25,-83.6296,37.7258,Muir Valley,Guide Wall,8,parks and rec: a tough start to crimps above.,crimp,-,tough,-,0,0,0,0,0,0,0
107205256,Built for Life,Red River Gorge > Muir Valley > Guide Wall,https://www.mountainproject.com/route/107205256/built-for-life,2.3,5.8,1,50,-83.6296,37.7258,Muir Valley,Guide Wall,8,NA,NA,NA,NA,NA,NA,NA,NA,NA,NA,NA,NA
107807510,Face Up to That Arete,Red River Gorge > Muir Valley > Indy Wall,https://www.mountainproject.com/route/107807510/face-up-to-that-arete,1.9,5.8,1,35,-83.63511,37.73041,Muir Valley,Indy Wall,8,face up to that arete: this short route begins as a slab and climbs the left side of the arete to an anchor below the roof.,"arete, face, roof, slab",-,-,-,0,0,0,0,0,0,1
111785521,Tight Lipped,Red River Gorge > Muir Valley > Indy Wall,https://www.mountainproject.com/route/111785521/tight-lipped,1.8,5.10a,1,NA,-83.63511,37.73041,Muir Valley,Indy Wall,10,tight lipped: from the top of posse whipped follow a flake feature to a crimpy section to the anchors. great view!,"crimp, flake",great,-,-,0,1,1,0,1,0,0
114602469,Peer Pressure,Red River Gorge > Muir Valley > Indy Wall,https://www.mountainproject.com/route/114602469/peer-pressure,1.6,5.10b,1,30,-83.63511,37.73041,Muir Valley,Indy Wall,10,NA,NA,NA,NA,NA,NA,NA,NA,NA,NA,NA,NA
106128246,Annie the Annihilator,Red River Gorge > Muir Valley > Indy Wall,https://www.mountainproject.com/route/106128246/annie-the-annihilator,2.9,5.10c,1,40,-83.63511,37.73041,Muir Valley,Indy Wall,10,"annie the annihilator: a must climb if you come to muir valley. located at the indy wall, this route is short but classic. a crimpy start leads to pumpy jug hauling up the slightly inverted face. the moves are just so cool and so fun, but suprisingly pumpy for such a short route.","crimp, face, jug","classic, fun",pumpy,-,0,1,1,0,0,0,0
106128257,Makin' Bacon,Red River Gorge > Muir Valley > Indy Wall,https://www.mountainproject.com/route/106128257/makin-bacon,2.7,5.10d,1,40,-83.63511,37.73041,Muir Valley,Indy Wall,10,"makin' bacon: start on the giant hueco/undercling to make a long, somewhat bouldery move. from here, an enduro-crimp fest awaits. short, and not all that pumpy unless crimps aren't your thing. one tricky move near the top to (you guessed it) a small crimp. awesome movement and cool holds. good technical skills will get you through this one just fine.","crimp, hueco, technical",good,"pumpy, thin, tricky",-,0,1,0,0,1,0,0
106579695,Netizen Hacktivist,Red River Gorge > Muir Valley > Inner Sanctum,https://www.mountainproject.com/route/106579695/netizen-hacktivist,2.4,5.9+,1,60,-83.63337,37.73203,Muir Valley,Inner Sanctum,9,"netizen hacktivist: next bolted line past 'karmic retribution'.  climbs up a slab on shelves, edges, pinches and pockets.  elusive/deceptive start.","pocket, slab",-,-,-,0,0,0,0,0,0,1
106128972,Bad Company,Red River Gorge > Muir Valley > Inner Sanctum,https://www.mountainproject.com/route/106128972/bad-company,2.9,5.10b,1,50,-83.63337,37.73203,Muir Valley,Inner Sanctum,10,bad company: just right of naughty neighbors 5.10d and from the same starting ledge... look for a nice flake about 10-15 feet up the route...  this was a nice warm up for some harder stuff... it suited as a warm up due to its nature of a few small holds then a good jug rest... a little sequntial but not wandery like the route to the left...,"flake, jug, ledge","good, nice, warm-up",rest,bad,1,1,0,0,1,0,0
106286405,Karmic Retribution,Red River Gorge > Muir Valley > Inner Sanctum,https://www.mountainproject.com/route/106286405/karmic-retribution,3,5.10c,1,45,-83.63337,37.73203,Muir Valley,Inner Sanctum,10,karmic retribution: very unique and aesthetic slab route. follows a black steak using ribs and interesting holds. interesting moves to the anchors.,slab,interesting,-,-,0,1,0,0,0,0,1
106128957,Naughty Neighbors,Red River Gorge > Muir Valley > Inner Sanctum,https://www.mountainproject.com/route/106128957/naughty-neighbors,2.6,5.10d,1,55,-83.63337,37.73203,Muir Valley,Inner Sanctum,10,naughty neighbors: a decent route on the left side of the first overhanging wall you get to at the inner sanctum area...  start by scrambling up on to the ledge from right to left then climb the crimpy head wall with a few good resting holds mixed in... the line wanders a little which i wasn't to crazy about but it is a good excercize in route finding... the crux comes at the end in the for of a few crimpy moves to gain the jugs at the top...,"crimp, crux, jug, ledge",good,-,-,0,1,0,0,0,0,0
106272484,Thanks Holly,Red River Gorge > Muir Valley > Johnny's Wall,https://www.mountainproject.com/route/106272484/thanks-holly,2.1,5.8,1,45,-83.63208,37.72961,Muir Valley,Johnny's Wall,8,"thanks holly: this climb is located on a definite arete.  you can climb to the right of the arete for a slabby experience, or on the arete itself.  the climb was a bit sandy/dirty as of oct. 2008, but still worth the while for a 5.8 leader.","arete, slab",-,-,"dirty, sandy",1,0,0,0,0,0,1
106272501,Two Chicken Butts,Red River Gorge > Muir Valley > Johnny's Wall,https://www.mountainproject.com/route/106272501/two-chicken-butts,2.1,5.9,1,45,-83.63208,37.72961,Muir Valley,Johnny's Wall,9,two chicken butts: a slabby route complete with a giant ledge just below the first bolt.  a little sandy/dirty as of oct 2008.,"ledge, slab",-,-,"dirty, sandy",1,0,0,0,0,0,1
106614611,"59"" DrillBitch",Red River Gorge > Muir Valley > Johnny's Wall,https://www.mountainproject.com/route/106614611/59-drillbitch,3,5.10a,1,45,-83.63208,37.72961,Muir Valley,Johnny's Wall,10,"59"" drillbitch: first line that that greets you when you get to johnnys wall. tricky first moves leads to good climbing on plates and some pockets. a little pumpy with a good dose of technical climbing in there for good measure. very fun route.","pocket, technical","fun, good","pumpy, tricky",-,0,1,1,0,0,0,0
106614620,Bethel,Red River Gorge > Muir Valley > Johnny's Wall,https://www.mountainproject.com/route/106614620/bethel,2.9,5.10a,1,50,-83.63208,37.72961,Muir Valley,Johnny's Wall,10,"bethel: just to the right of 59"" and with similar character. interesting start leads to fun plate and pocket pulling, with a good finish.",pocket,"fun, good, interesting",-,-,0,1,1,0,0,0,0
106921324,Mancala,Red River Gorge > Muir Valley > Johnny's Wall,https://www.mountainproject.com/route/106921324/mancala,2.5,5.10a/b,1,45,-83.63208,37.72961,Muir Valley,Johnny's Wall,10,mancala: gain the ledge and continue on good 5.10 climbing to the crux lay back.,"crux, ledge",good,-,-,0,1,0,0,0,0,0
106614626,Spinner,Red River Gorge > Muir Valley > Johnny's Wall,https://www.mountainproject.com/route/106614626/spinner,2.9,5.10b,1,50,-83.63208,37.72961,Muir Valley,Johnny's Wall,10,"spinner: similar to 59"" and bethel, but with a more devious top section. good plates most of the way, with a top crimpy crux.","crimp, crux",good,-,-,0,1,0,0,0,0,0
106968591,Prehistoric Extermination,Red River Gorge > Muir Valley > Land Before Time Wall,https://www.mountainproject.com/route/106968591/prehistoric-extermination,3.1,5.8,1,50,-83.63078,37.72435,Muir Valley,Land Before Time Wall,8,prehistoric extermination: climb the short slabby start to pull through a reachy but short juggy plate section.  continue past the 6 bolts to the chains.,"jug, slab",-,-,-,0,0,0,0,0,0,1
106973561,Coprolite,Red River Gorge > Muir Valley > Land Before Time Wall,https://www.mountainproject.com/route/106973561/coprolite,1.2,5.8,1,25,-83.63078,37.72435,Muir Valley,Land Before Time Wall,8,coprolite: pocketed face with three bolts to chains. immediately right of basilisk.,"face, pocket",-,-,-,0,0,0,0,0,0,0
106968604,Ryanosaurus,Red River Gorge > Muir Valley > Land Before Time Wall,https://www.mountainproject.com/route/106968604/ryanosaurus,2.9,5.9,1,50,-83.63078,37.72435,Muir Valley,Land Before Time Wall,9,"ryanosaurus: crimpy start to a small ledge, pull through a few more small pockets to get established above the bulge and then fire for the top.","crimp, ledge, pocket",-,-,-,0,0,0,0,0,0,0
106968665,Neanderfall,Red River Gorge > Muir Valley > Land Before Time Wall,https://www.mountainproject.com/route/106968665/neanderfall,1.9,5.9,1,50,-83.63078,37.72435,Muir Valley,Land Before Time Wall,9,neanderfall: climb up the slab near the wide crack to a short overhanging pocketed section. climb the slopers to top out on the ledge with anchors. this route is almost always wet.,"crack, ledge, pocket, slab, sloper",-,-,-,0,0,0,0,0,0,1
107321623,Watering Hole,Red River Gorge > Muir Valley > Land Before Time Wall,https://www.mountainproject.com/route/107321623/watering-hole,2.3,5.10a,1,60,-83.63078,37.72435,Muir Valley,Land Before Time Wall,10,watering hole: route is center (4th) of the 7 on this new wall. great reachy move over waist high roof. a nice first 5.10 lead.,roof,"great, nice",-,-,0,1,1,0,0,0,1
107239363,Sabertooth,Red River Gorge > Muir Valley > Land Before Time Wall,https://www.mountainproject.com/route/107239363/sabertooth,2.4,5.10c,1,55,-83.63078,37.72435,Muir Valley,Land Before Time Wall,10,"sabertooth: tricky first couple of bolts. start directly under the first bolt, might wander a bit left. coming in from the ramp on the right takes all the fun out.",-,fun,tricky,-,0,1,1,0,0,0,0
106793348,Shawty,Red River Gorge > Muir Valley > Practice Wall,https://www.mountainproject.com/route/106793348/shawty,1.5,5.8+,1,20,-83.6278,37.7275,Muir Valley,Practice Wall,8,shawty: the crux comes in reaching the chains. the is a really cool clipping open hand pinch to clip the chains.  this is the best of the three routes on this section of wall in my opinion.,crux,best,-,-,0,1,0,0,0,0,0
107121352,Crescendo,Red River Gorge > Muir Valley > Practice Wall,https://www.mountainproject.com/route/107121352/crescendo,2.3,5.8+,1,40,-83.6278,37.7275,Muir Valley,Practice Wall,8,crescendo: the start is the toughest section.,-,-,tough,-,0,0,0,0,0,0,0
106792402,Low Exposure,Red River Gorge > Muir Valley > Practice Wall,https://www.mountainproject.com/route/106792402/low-exposure,1.8,5.9,1,25,-83.6278,37.7275,Muir Valley,Practice Wall,9,"low exposure: easier start gains a thin crimpy section near the top. this route tops out and the anchors are located above the lip on a large boulder. if you follow the bolt lines directly it is harder than 5.8, the 5.8 climbs just right of the bolt line then shifts back left at the top.",crimp,easier,thin,-,0,1,0,0,0,0,0
106793339,Mercenary of the Mandarin Chicken,Red River Gorge > Muir Valley > Practice Wall,https://www.mountainproject.com/route/106793339/mercenary-of-the-mandarin-chicken,1.9,5.9,1,25,-83.6278,37.7275,Muir Valley,Practice Wall,9,"mercenary of the mandarin chicken: this is the arete to the left of beta spewer, the route is different from everything to the left because it is overhung with big hold, a good introduction to rrg.  the crux comes between the second bolt and the anchors, just look for good holds the are there.","arete, crux",good,thin,-,0,1,0,0,0,0,1
106969859,Crescent Moon,Red River Gorge > Muir Valley > Practice Wall,https://www.mountainproject.com/route/106969859/crescent-moon,2,5.10a,1,35,-83.6278,37.7275,Muir Valley,Practice Wall,10,"crescent moon: bouldery start gains good moves to a solid reachy move past a blank section. depending on how you decide to move after the second bolt, the difficulty can vary!",-,good,difficult,-,0,1,0,0,0,0,0
106792065,Beta Spewer,Red River Gorge > Muir Valley > Practice Wall,https://www.mountainproject.com/route/106792065/beta-spewer,2.7,5.10b,1,20,-83.6278,37.7275,Muir Valley,Practice Wall,10,beta spewer: climb okay holds up to a nice side pull/jug then get the next side pull.  get established and reach for a good crimp.  reach up high for a giant jug that looks like a horn. go left a bit on good holds then fire up to a decent hold then reach the anchors with big jugs again.,"crimp, jug","good, nice",-,-,0,1,0,0,0,0,0
118704312,Hall Monitor,Red River Gorge > Muir Valley > Recess Rock,https://www.mountainproject.com/route/118704312/hall-monitor,1.8,5.10+,1,25,-83.62899,37.7248,Muir Valley,Recess Rock,10,"hall monitor: short and bouldery vert route on the north face of recess rock, a fun little route to check out while the kids climb the slabs. avoid the temptation of stemming the tree if you don't want to downgrade it to 5.tree. can be set up on top rope by scrambling the backside of the boulder.","face, slab",fun,-,-,0,1,1,0,0,0,1
107860429,Waterfall Ballet,Red River Gorge > Muir Valley > Shawnee Shelter,https://www.mountainproject.com/route/107860429/waterfall-ballet,3,5.10a,1,50,-83.63457,37.73488,Muir Valley,Shawnee Shelter,10,"waterfall ballet: this is a fun romp up some steep jugs.  it looks more intimidating from the ground than it really is.  i would also say it is higher quality than the guide suggests, despite having a few dirty sections.  ape swing your way up some big flake and jug features until you reach the dubious iron oxide solution hole.  crux, figure out how to get past the solution hole and onto the flake feature above.  getting onto the flake is funky, but fun.  get a good stance for the last bolt, then move up the last flake and make a bit of a reach to get the anchors.","crux, flake, jug","fun, good",-,dirty,1,1,1,0,1,0,0
107250835,Thrillbillies,Red River Gorge > Muir Valley > Slab City,https://www.mountainproject.com/route/107250835/thrillbillies,3.2,5.10b,1,90,-83.64101,37.734,Muir Valley,Slab City,10,thrillbillies: long moderate slab route up water grooved face.,"face, slab",-,-,-,0,0,0,0,0,0,1
107855134,Backstabber,Red River Gorge > Muir Valley > Sunbeam Buttress,https://www.mountainproject.com/route/107855134/backstabber,2.1,5.9,1,40,-83.6371,37.7351,Muir Valley,Sunbeam Buttress,9,backstabber: pull a roof at the start and climb the face to the anchors hanging off the higher roof.,"face, roof",-,-,-,0,0,0,0,0,0,1
107855115,Where's My Chisel,Red River Gorge > Muir Valley > Sunbeam Buttress,https://www.mountainproject.com/route/107855115/wheres-my-chisel,0.6,5.9+,1,35,-83.6371,37.7351,Muir Valley,Sunbeam Buttress,9,where's my chisel: one move wonder stepping up onto the slab at the second bolt.,slab,-,-,-,0,0,0,0,0,0,1
106915629,Moonshine,Red River Gorge > Muir Valley > Sunbeam Buttress,https://www.mountainproject.com/route/106915629/moonshine,2.3,5.10b,1,60,-83.6371,37.7351,Muir Valley,Sunbeam Buttress,10,moonshine: start up a short section of rock with a single bolt protecting to reach a large ledge.  step right around the small arete and clip the next bolt.  the crux is getting through this short roof.  make some tough moves to get established above the next roof.  follow easier holds to the finish.,"arete, crux, ledge, roof",easier,tough,-,0,1,0,0,0,0,1
106915637,Sunbeam,Red River Gorge > Muir Valley > Sunbeam Buttress,https://www.mountainproject.com/route/106915637/sunbeam,2.4,5.10c,1,65,-83.6371,37.7351,Muir Valley,Sunbeam Buttress,10,sunbeam: climb the same start as moonshine.  stay left of the arete for a difficult roof pull.  clip the long ss cable hanging from the bolt and make very strenuous moves to get established above the roof.  follow pumpy slots and horizontals to the anchor.  beware the crux has ledge fall potential without a watchful belay.,"arete, crux, ledge, roof",-,"difficult, pumpy",-,0,0,0,0,0,0,1
107506355,Out of the Dark,Red River Gorge > Muir Valley > Sunbeam Buttress,https://www.mountainproject.com/route/107506355/out-of-the-dark,2.8,5.10c,1,65,-83.6371,37.7351,Muir Valley,Sunbeam Buttress,10,"out of the dark: scramble up to the good first ledge, traverse out right, clipping the first bolt, and pull the roof. once you are on the ledge above the first roof, the second bolt is low, and the third bolt is easily reachable, making for an optional second bolt. (skipping the bolt does not seem to add any serious runout, but evaluate yourself.) the rest is decently pumpy, and clipping the anchors is not without some work.","ledge, roof",good,"pumpy, rest, traverse",runout,1,1,0,0,0,0,1
108144702,Universal Gravitation,Red River Gorge > Muir Valley > Sunbeam Buttress,https://www.mountainproject.com/route/108144702/universal-gravitation,1.5,5.10d,1,40,-83.6371,37.7351,Muir Valley,Sunbeam Buttress,10,universal gravitation: desperate start followed by easy climbing to the chains.,-,easy,-,-,0,1,0,0,0,0,0
106574064,Kokopeli's Dream,Red River Gorge > Muir Valley > Sunnyside,https://www.mountainproject.com/route/106574064/kokopelis-dream,2.5,5.9,1,50,-83.62607,37.72324,Muir Valley,Sunnyside,9,kokopeli's dream: crux is getting off the ground. a nice pitch on a face with holds on the arete to the left.,"arete, crux, face",nice,-,-,0,1,0,0,0,0,1
106599140,Virgin Bolter Tag Team,Red River Gorge > Muir Valley > Sunnyside,https://www.mountainproject.com/route/106599140/virgin-bolter-tag-team,2.1,5.10b,1,65,-83.62607,37.72324,Muir Valley,Sunnyside,10,virgin bolter tag team: begin by pulling past the obvious roof. rock and route quality drop after these opening moves.,roof,-,-,-,0,0,0,0,0,0,1
106599147,Machete,Red River Gorge > Muir Valley > Sunnyside,https://www.mountainproject.com/route/106599147/machete,3,5.10b,1,65,-83.62607,37.72324,Muir Valley,Sunnyside,10,"machete: begin with a sustained pocketed face up about 40 feet to an excellent rest. shake out and study the crux right above you, and when you're ready, pull the final roof to a large ledge with the anchors.  major style points if you actually mantle the last move instead of flopping onto your stomach.","crux, face, ledge, mantle, pocket, roof",excellent,rest,-,0,1,1,0,1,0,1
107131436,Dingo the Gringo,Red River Gorge > Muir Valley > Sunnyside,https://www.mountainproject.com/route/107131436/dingo-the-gringo,1.9,5.10c,1,45,-83.62607,37.72324,Muir Valley,Sunnyside,10,dingo the gringo: this is a one-move wonder.  the crux is at the first bolt.  a stick clip is highly recommended due to the belay from a ledge and the move to get to the bolt.  start up a short overhang to a flared crack.  make a difficult move to get established in the crack.  then enjoy very easy slabbing to the top.,"crack, crux, ledge, slab",easy,"difficult, stick-clip",-,0,1,0,0,0,0,1
107131450,Some Humans Ain't Human,Red River Gorge > Muir Valley > Sunnyside,https://www.mountainproject.com/route/107131450/some-humans-aint-human,2.9,5.10c,1,50,-83.62607,37.72324,Muir Valley,Sunnyside,10,some humans ain't human: much better than its neighbor gringo.  start near the same ledge as gringo on the far right side of the wall.  a steep section leads a good rest and the first bolt.  make the big difficult move off the first bolt.  followed by a few more balancy technical moves.  trend back left slightly to the anchors.,"ledge, technical",good,"balance, difficult, rest",-,0,1,0,0,0,0,0
106189887,Tall Cool One,Red River Gorge > Muir Valley > Tectonic Wall,https://www.mountainproject.com/route/106189887/tall-cool-one,2.6,5.9,1,60,-83.6318,37.7301,Muir Valley,Tectonic Wall,9,"tall cool one: fun route with good holds, just like the other three at tectonic.  pull through a big flake followed by a crack to a ledge.  climb your way to some massive ky plates after that to the easily clippable anchors.","crack, flake, ledge","fun, good",-,-,0,1,1,0,1,0,0
106065471,Plate Tectonics,Red River Gorge > Muir Valley > Tectonic Wall,https://www.mountainproject.com/route/106065471/plate-tectonics,3.3,5.10a,1,70,-83.6318,37.7301,Muir Valley,Tectonic Wall,10,plate tectonics: another classic...a tricky start leads to pumpy plate pulling pleasure...yeah!,-,classic,"pumpy, tricky",-,0,1,0,0,0,0,0
106065461,Gettin' Lucky in Kentucky,Red River Gorge > Muir Valley > Tectonic Wall,https://www.mountainproject.com/route/106065461/gettin-lucky-in-kentucky,3.4,5.10b,1,60,-83.6318,37.7301,Muir Valley,Tectonic Wall,10,"gettin' lucky in kentucky: this climb is a classic ""must-do"" for the area...technical/pumpy climbing featuring pockets, jugs, and sidepulls with a steep finish.  enjoy!","jug, pocket, technical",classic,pumpy,-,0,1,0,0,0,0,0
106170048,5th Bolt Faith,Red River Gorge > Muir Valley > Tectonic Wall,https://www.mountainproject.com/route/106170048/5th-bolt-faith,2.9,5.10c,1,55,-83.6318,37.7301,Muir Valley,Tectonic Wall,10,NA,NA,NA,NA,NA,NA,NA,NA,NA,NA,NA,NA
110458752,Serpentine,Red River Gorge > Muir Valley > Tectonic Wall,https://www.mountainproject.com/route/110458752/serpentine,2.1,5.10c,1,50,-83.6318,37.7301,Muir Valley,Tectonic Wall,10,"serpentine: the furthest left sport route on this section of wall, move left to a nice arete and balance your way to the chains on delicate feet.",arete,nice,balance,-,0,1,0,0,0,0,1
107203314,Abby Gabby Goo,Red River Gorge > Muir Valley > The Boneyard,https://www.mountainproject.com/route/107203314/abby-gabby-goo,1.4,5.8,1,30,-83.63968,37.73135,Muir Valley,The Boneyard,8,"abby gabby goo: there is a hardish move getting off the ground to ok climbing. the route ends on a decent ledge, plenty of room for a couple people to stand on it. this makes it a good route to teach people to clean routes while being able to observe and double check their setup.",ledge,good,-,-,0,1,0,0,0,0,0
106930963,Hijacked Project,Red River Gorge > Muir Valley > The Boneyard,https://www.mountainproject.com/route/106930963/hijacked-project,2.4,5.9,1,47,-83.63968,37.73135,Muir Valley,The Boneyard,9,"hijacked project: a good warmup for the area but all-too-short.  tackle committing and fun moves through the initial roof and the first bolt. a stick-clip is recommended.  or, should you prefer to skip the roof, move in from the left on a ledge.   above the roof, follow big plates and good holds to a steep finish that comes all too soon. more rock looms above the anchors but...","ledge, roof","fun, good",stick-clip,-,0,1,1,0,0,0,1
106937674,One-Armed Bandit,Red River Gorge > Muir Valley > The Boneyard,https://www.mountainproject.com/route/106937674/one-armed-bandit,2.5,5.9,1,80,-83.63968,37.73135,Muir Valley,The Boneyard,9,one-armed bandit: this fun little route shares its opening moves with captain blondie before breaking right onto the arete and climbing the face above.,"arete, face",fun,-,-,0,1,1,0,0,0,1
107203301,Stealing Melinda,Red River Gorge > Muir Valley > The Boneyard,https://www.mountainproject.com/route/107203301/stealing-melinda,2.1,5.9,1,25,-83.63968,37.73135,Muir Valley,The Boneyard,9,stealing melinda: the crux is getting off the ground. pretty straight forward after that.,crux,-,-,-,0,0,0,0,0,0,0
106937656,Cindarella,Red River Gorge > Muir Valley > The Boneyard,https://www.mountainproject.com/route/106937656/cindarella,2.1,5.9+,1,80,-83.63968,37.73135,Muir Valley,The Boneyard,9,"cindarella: start in a shallow, right facing dihedral. boulder to the horizontal, then romp up the easy face above.   a stick clip is mandatory for this route- the '5.9' grade is what the book calls this route, but the start is hard 5.10- certainly as hard as armed insurrection.","dihedral, face",easy,stick-clip,-,0,1,0,0,1,0,0
107203231,Lucy Goosey,Red River Gorge > Muir Valley > The Boneyard,https://www.mountainproject.com/route/107203231/lucy-goosey,2.6,5.10b,1,80,-83.63968,37.73135,Muir Valley,The Boneyard,10,NA,NA,NA,NA,NA,NA,NA,NA,NA,NA,NA,NA
107203293,Surfing the Whale's Back,Red River Gorge > Muir Valley > The Boneyard,https://www.mountainproject.com/route/107203293/surfing-the-whales-back,1.4,5.10b,1,55,-83.63968,37.73135,Muir Valley,The Boneyard,10,"surfing the whale's back: clip the first bolt and climb up the chimney while reaching around the corner to clip the first few bolts. when the chimney seems unclimbable, swing around the arete and head up it. well protected, committing move at the end.","arete, chimney",-,-,-,0,0,0,0,1,0,1
106937663,Armed Insurrection,Red River Gorge > Muir Valley > The Boneyard,https://www.mountainproject.com/route/106937663/armed-insurrection,2.8,5.10d,1,80,-83.63968,37.73135,Muir Valley,The Boneyard,10,"armed insurrection: the rightmost route on the wall, starts at a very thin face, and moves up a fun looking wall above.   stick clip this one as well- the start is thin and the feet arent great.",face,"fun, great","stick-clip, thin",-,0,1,1,0,0,0,0
107203331,Tanduay Time,Red River Gorge > Muir Valley > The Boneyard,https://www.mountainproject.com/route/107203331/tanduay-time,2.7,5.10d,1,60,-83.63968,37.73135,Muir Valley,The Boneyard,10,"tanduay time: the route has a couple longish moves to the first ledge. after the second ledge, head up a flake feature to some great sidepulling and under clings. last bolt to the anchors is a bit more run out than the rest of the route but it doesn't feel like it when you're up there.","flake, ledge",great,rest,run-out,1,1,1,0,1,0,0
120485432,Slabracadabra,Red River Gorge > Muir Valley > The Bowling Alley,https://www.mountainproject.com/route/120485432/slabracadabra,2.1,5.8,1,32,-83.62513,37.7212,Muir Valley,The Bowling Alley,8,"slabracadabra: start on the flake feature below the 3rd line of glue-in bolts. find the limonite knobs and delicately climb them using an occasional high step to an anchor in the overhang above. harder than it first appears, but good for honing footwork. a nice, but short intro to slab climbing.","flake, slab","good, nice",-,-,0,1,0,0,0,0,1
120639240,Yellow Slabmarine,Red River Gorge > Muir Valley > The Bowling Alley,https://www.mountainproject.com/route/120639240/yellow-slabmarine,1.8,5.8,1,28,-83.62513,37.7212,Muir Valley,The Bowling Alley,8,yellow slabmarine: an interesting start leads to easier climbing above.,slab,"easier, interesting",-,-,0,1,0,0,0,0,1
120485497,Africtionado,Red River Gorge > Muir Valley > The Bowling Alley,https://www.mountainproject.com/route/120485497/africtionado,1.8,5.9,1,32,-83.62513,37.7212,Muir Valley,The Bowling Alley,9,africtionado: true friction climbing. unique for the red. smear your way up the nearly featureless slab right of slabracadbra trusting that your feet and climbing shoe rubber will match or exceed the coefficient of friction. some subtle mantle moves might be helpful.,"mantle, slab",-,smear,rust,1,0,0,0,0,0,1
120639206,Slabbatical,Red River Gorge > Muir Valley > The Bowling Alley,https://www.mountainproject.com/route/120639206/slabbatical,1.9,5.9,1,26,-83.62513,37.7212,Muir Valley,The Bowling Alley,9,"slabbatical: approximately 100 yards right of the main bowling alley routes. continue on the roadbed below the bowling alley for a couple of minutes until you see a pocketed boulder on your left. this small slabby cliff capped by a short overhang is immediately after and behind that boulder. this is the leftmost route on the slab wall. it has a reachy start and a couple of fun moves, but ends way too soon.","pocket, slab",fun,-,-,0,1,1,0,0,0,1
107203385,King Pin,Red River Gorge > Muir Valley > The Bowling Alley,https://www.mountainproject.com/route/107203385/king-pin,2.1,5.10a,1,45,-83.62513,37.7212,Muir Valley,The Bowling Alley,10,NA,NA,NA,NA,NA,NA,NA,NA,NA,NA,NA,NA
106447766,Imminent Demise,Red River Gorge > Muir Valley > The Bowling Alley,https://www.mountainproject.com/route/106447766/imminent-demise,1.9,5.10b,1,45,-83.62513,37.7212,Muir Valley,The Bowling Alley,10,imminent demise: pull on some pockets to start.  the first two moves are definitely the crux but if you find the right hand mono comfy it isn't too bad.  a big ledge follows this where you can get a major rest before tackling the slightly overhanging headwall.  there are many many choices for holds among all of the pockets but choose wisely because the majority of them are quite brittle,"crux, ledge, pocket",-,rest,bad,1,0,0,0,0,0,0
120485182,Gaian Prophecy,Red River Gorge > Muir Valley > The Bowling Alley,https://www.mountainproject.com/route/120485182/gaian-prophecy,2.1,5.10b,1,42,-83.62513,37.7212,Muir Valley,The Bowling Alley,10,gaian prophecy: a small or medium piece of gear in the crack below the small alcove might be helpful getting to the high first bolt. climb good edges to the top. may be wet after a heavy rain.,crack,good,high first bolt,-,0,1,0,0,0,0,0
107203377,Steel Reserve,Red River Gorge > Muir Valley > The Bowling Alley,https://www.mountainproject.com/route/107203377/steel-reserve,1.5,5.10c,1,45,-83.62513,37.7212,Muir Valley,The Bowling Alley,10,NA,NA,NA,NA,NA,NA,NA,NA,NA,NA,NA,NA
120485263,Ten Pin,Red River Gorge > Muir Valley > The Bowling Alley,https://www.mountainproject.com/route/120485263/ten-pin,2.1,5.10d,1,40,-83.62513,37.7212,Muir Valley,The Bowling Alley,10,"ten pin: the crux is getting off the ground (may be easier for taller climbers or difficult for shorter climbers). long lock-offs on decent edges, but thin feet left of the first bolt is the easier start. a bouldery 5.11ish start on the slopey right facing left-leaning dihedral/flake feature to the right of the first bolt adds difficulty to the route. after the 1st bolt the climbing eases to 5.8 or 5.9 on good edges and pockets to a juggy ledge at the top.","crux, dihedral, flake, jug, ledge, pocket, sloper","easier, good","difficult, thin",-,0,1,0,0,1,0,0
106580254,Ledgends of Limonite,Red River Gorge > Muir Valley > The Great Wall,https://www.mountainproject.com/route/106580254/ledgends-of-limonite,2.1,5.8,1,55,-83.63751,37.73288,Muir Valley,The Great Wall,8,"ledgends of limonite: start as for glory and consequences, then trend left and up a fun arete to the top.","arete, ledge",fun,-,-,0,1,1,0,0,0,1
106422472,Dynabolt Gold,Red River Gorge > Muir Valley > The Great Wall,https://www.mountainproject.com/route/106422472/dynabolt-gold,3.1,5.10a,1,70,-83.63751,37.73288,Muir Valley,The Great Wall,10,dynabolt gold: hardest moves are down low figuring out the start.  depending on height there are a couple different variations.  shorter people usually find it easier to start farther right on the overhang or jumping to the good hold just out of reach.  after clipping the first bolt it is more like 9+ all the way to the anchors. big holds and lots of rests if needed.,-,"easier, good",rest,-,0,1,0,0,0,0,0
106451181,Bitter Ray of Sunshine,Red River Gorge > Muir Valley > The Great Wall,https://www.mountainproject.com/route/106451181/bitter-ray-of-sunshine,3,5.10b,1,55,-83.63751,37.73288,Muir Valley,The Great Wall,10,bitter ray of sunshine: mantle start to a large ledge.  then huge jugs from there to a small roof with jugs to pull it on.  mantle start is the crux for sure,"crux, jug, ledge, mantle, roof",-,-,-,0,0,0,0,1,0,1
106944299,Ledgends of Limonite (direct start),Red River Gorge > Muir Valley > The Great Wall,https://www.mountainproject.com/route/106944299/ledgends-of-limonite-direct-start,2.5,5.10b,1,55,-83.63751,37.73288,Muir Valley,The Great Wall,10,ledgends of limonite (direct start): the crux for the direct start is the first few moves under the large roof.,"crux, ledge, roof",-,-,-,0,0,0,0,0,0,1
106451192,Touch of Grey,Red River Gorge > Muir Valley > The Great Wall,https://www.mountainproject.com/route/106451192/touch-of-grey,2.7,5.10d,1,65,-83.63751,37.73288,Muir Valley,The Great Wall,10,touch of grey: tricky start up to a big ledge.  thin edges and big jugs to the top.  a couple of long moves but good clipping holds and stances.  crux is down low around the third bolt,"crux, jug, ledge",good,"thin, tricky",-,0,1,0,0,0,0,0
125947534,Muddy Waters,Red River Gorge > Muir Valley > The Great Wall,https://www.mountainproject.com/route/125947534/muddy-waters,2.3,5.10d,1,70,-83.63751,37.73288,Muir Valley,The Great Wall,10,muddy waters: thin vertical climbing on iron rails.,-,-,thin,-,0,0,0,0,0,0,0
126088729,Mingus,Red River Gorge > Muir Valley > The Great Wall,https://www.mountainproject.com/route/126088729/mingus,3.3,5.10d,1,70,-83.63751,37.73288,Muir Valley,The Great Wall,10,mingus: this climb starts in the same alcove as weapons of mass deception on the far left side of the great wall.  the first bolt is inside the alcove on the right hand wall. move right at bolt onto face.  the climb starts moderately and becomes progressively harder with an exciting but well protected step over move over the void below.,face,great,-,-,0,1,1,0,0,0,0
106580234,International Route of Pancakes,Red River Gorge > Muir Valley > The Hideout,https://www.mountainproject.com/route/106580234/international-route-of-pancakes,1.7,5.8,1,35,-83.63725,37.73189,Muir Valley,The Hideout,8,international route of pancakes: the roofy start on this route is probably the hardest move (stick clip if you have any doubts).  the climbing eases up considerably after pulling the roof and makes a nice warmup.  continue up the arete to anchors at the top.,"arete, roof",nice,stick-clip,-,0,1,0,0,0,0,1
107255588,Dance of the Druids,Red River Gorge > Muir Valley > The Hideout,https://www.mountainproject.com/route/107255588/dance-of-the-druids,2.4,5.9,1,60,-83.63725,37.73189,Muir Valley,The Hideout,9,"dance of the druids: slabby face right of the arching crack. big holds to grassy ledge, then up a thin but well-protected slab.","crack, face, ledge, slab",-,thin,-,0,0,0,0,0,0,1
106937614,Moots Madness,Red River Gorge > Muir Valley > The Hideout,https://www.mountainproject.com/route/106937614/moots-madness,2.3,5.10a,1,40,-83.63725,37.73189,Muir Valley,The Hideout,10,"moots madness: a tricky/reachy start leads to fun, easy climbing above.",-,"easy, fun",tricky,-,0,1,1,0,0,0,0
106580228,Boltergeist,Red River Gorge > Muir Valley > The Hideout,https://www.mountainproject.com/route/106580228/boltergeist,3.3,5.10a/b,1,95,-83.63725,37.73189,Muir Valley,The Hideout,10,"boltergeist: great climbing that never seems to quit.  soft for the grade, boltergeist makes a terrific choice for a leader's first 10b.  thin moves at the start make stick clipping a prudent choice.  climb on good edges and ledges past several bolts and a bulge to a nice rest ledge.  continue up the face to more purely slabby climbing at the finish.","face, ledge, slab","good, great, nice","rest, stick-clip, thin",-,0,1,1,0,0,0,1
106789884,Beware the Bear,Red River Gorge > Muir Valley > The Hideout,https://www.mountainproject.com/route/106789884/beware-the-bear,2.4,5.10b,1,50,-83.63725,37.73189,Muir Valley,The Hideout,10,beware the bear: moderate climbing on a pocketed and gently overhanging face. a little soft for the grade. the trick is finding the good handholds amongst thousands of not-so-good pockets. footholds abound.,"face, pocket",good,-,-,0,1,0,0,0,0,0
106463621,Pre-emptive Strike,Red River Gorge > Muir Valley > The Hideout,https://www.mountainproject.com/route/106463621/pre-emptive-strike,3.3,5.10c,1,90,-83.63725,37.73189,Muir Valley,The Hideout,10,pre-emptive strike: pretty tough start.  don't go too far right or the climbing gets easier and not as fun.  pull the the really thin technical start to a technical slab.  climb through several bolts until you reach the steeper jug pulling section to the anchors.  fun line.  bottom felt a little harder than 10c to me but it was we and i had very little skin left on my fingers from two weeks of climbing,"jug, slab, technical","easier, fun","thin, tough",-,0,1,1,0,0,0,1
110978947,Mantle Peace,Red River Gorge > Muir Valley > The Hideout,https://www.mountainproject.com/route/110978947/mantle-peace,1.8,5.10c/d,1,80,-83.63725,37.73189,Muir Valley,The Hideout,10,mantle peace: this very strange route is fun because it's so unique. climb onto a low protruding ledge and make awkward moves up the arete or slabby face to gain the next ledge. pull the crux roof and go right of the tree on the ledge. watch out for giant spiderwebs and an annoying prickly bush and move into the next steep section (crux #2). a final mantle puts you on top of the ledge at the chains.,"arete, crux, face, ledge, mantle, roof, slab",fun,-,-,0,1,1,0,0,0,1
106937607,Cruisin' for a Bruisin',Red River Gorge > Muir Valley > The Hideout,https://www.mountainproject.com/route/106937607/cruisin-for-a-bruisin,2.9,5.10d,1,60,-83.63725,37.73189,Muir Valley,The Hideout,10,cruisin' for a bruisin': a fun start leads to an interesting upper section.,-,"fun, interesting",-,-,0,1,1,0,0,0,0
107219559,All Mixed Up,Red River Gorge > Muir Valley > The Hideout,https://www.mountainproject.com/route/107219559/all-mixed-up,2.3,5.10d,1,85,-83.63725,37.73189,Muir Valley,The Hideout,10,all mixed up: crux is getting through the crack,"crack, crux",-,-,-,0,0,0,0,0,0,0
120738054,Hot Gossip,Red River Gorge > Muir Valley > The Sanctuary,https://www.mountainproject.com/route/120738054/hot-gossip,2.9,5.10b,1,65,-83.63397,37.73135,Muir Valley,The Sanctuary,10,hot gossip: a long move off a formerly good chickenhead right off the ground is followed by two cool sequences involving heel hooks and a fat sloper. pull through some pockets to reach huge jugs then trend slightly right to a good stance. gain the slab and cruise to the top.,"cruise, jug, pocket, slab, sloper",good,-,-,0,1,0,0,0,0,1
118708487,BG,Red River Gorge > Muir Valley > The Stadium,https://www.mountainproject.com/route/118708487/bg,2.5,5.10a,1,60,-83.63221,37.73169,Muir Valley,The Stadium,10,"bg: climb the face until the holds fade, then reach around the arete for a blind side-pull. work the arete until the bolts stop just before some large blocks, then run it out on easy climbing to get on top of the ledge containing anchors for ed. clip one more bolt with an extended draw, if you wish, then make a few more moves to the chains above ed's anchor. bolted during bg's (""big gio's"") first weekend back to climbing after a medical hiatus.","arete, face, ledge",easy,-,-,0,1,0,0,0,0,1
120980955,KS,Red River Gorge > Muir Valley > The Stadium,https://www.mountainproject.com/route/120980955/ks,2.3,5.10-,1,32,-83.63221,37.73169,Muir Valley,The Stadium,10,"ks: starts on the ledge above ed and bg. choose your own adventure: clip the bolts to climb as an extension of bg or plug some pro to climb as an extension of ed. primarily easier moves for the grade until a high crux pulling the bulge to get to the anchors. sport climbers will find the crux much easier if they ask their trad buddies how to hand jam first. the anchors look high from the ground, but a 60m rope is still plenty regardless of which route you're extending.","crux, ledge",easier,-,-,0,1,0,0,0,0,0
106059217,Scrumbulglazer,Red River Gorge > Muir Valley > The Stadium,https://www.mountainproject.com/route/106059217/scrumbulglazer,2.6,5.10c,1,65,-83.63221,37.73169,Muir Valley,The Stadium,10,"scrumbulglazer: good, vertical route on nice gray stone.  starts with steeper climbing on juggy pockets and then ascends the less featured upper wall to a two bolt anchor.","jug, pocket","good, nice",-,-,0,1,0,0,0,0,0
106059358,Augenblick,Red River Gorge > Muir Valley > The Stadium,https://www.mountainproject.com/route/106059358/augenblick,2.8,5.10c,1,80,-83.63221,37.73169,Muir Valley,The Stadium,10,"augenblick: vertical start leads to slightly easier climbing.  good climbing on edges, pockets, and smears.",pocket,"easier, good",smear,-,0,1,0,0,0,0,0
106059221,Melancholy Mechanics,Red River Gorge > Muir Valley > The Stadium,https://www.mountainproject.com/route/106059221/melancholy-mechanics,2.7,5.10d,1,65,-83.63221,37.73169,Muir Valley,The Stadium,10,"melancholy mechanics: good, vertical route on nice gray stone. starts with steeper climbing on juggy pockets and then ascends the less featured upper wall.  the route tends to meander right and left through the center section.  this route is still a little dirty, but should clean up nicely with more traffic.  the plaque at the base calls this route 5.11a, the guidebook calls it 5.10d.  it's a fine line, so you be the judge.","jug, pocket","good, nice",-,dirty,1,1,0,0,0,0,0
106065250,Treetop Terror,Red River Gorge > Muir Valley > The Stadium,https://www.mountainproject.com/route/106065250/treetop-terror,2.6,5.10d,1,NA,-83.63221,37.73169,Muir Valley,The Stadium,10,treetop terror: climb past a finger crack flake to a slab above.  the route takes a mixture of gear and bolts.,"crack, flake, slab",-,-,-,0,0,0,0,0,0,1
117343981,Gnome Wrecker,Red River Gorge > Muir Valley > The Stadium,https://www.mountainproject.com/route/117343981/gnome-wrecker,1.9,5.10d,1,50,-83.63221,37.73169,Muir Valley,The Stadium,10,gnome wrecker: interesting slab and face climbing just right of black tide before you get to the pessimist. an awkward anchor placement at the top detracts somewhat.,"face, slab",interesting,-,-,0,1,0,0,0,0,1
107123636,Heard It On NPR,Red River Gorge > Muir Valley > Washboard Wall,https://www.mountainproject.com/route/107123636/heard-it-on-npr,3.2,5.10d,2,100,-83.62942,37.72738,Muir Valley,Washboard Wall,10,"heard it on npr: this long route is the left-most sport route on the washboard wall. locate the high first bolt left of ""spider crux"". you may want to place a piece of pro here. follow five bolts up moderate terrain to a spacious ledge with a two-bolt anchor. belay here to reduce rope drag or continue through the overhanging pocketed face past six more bolts to another two-bolt anchor. use a 60m rope.  i strongly suggest belaying from the intermediate anchors for the top part. the rope drag up top is horrendous when your belayer is at the bottom.","crux, face, ledge, pocket",-,high first bolt,-,0,0,0,0,0,0,0
107841212,Barenjager,Red River Gorge > Muir Valley > Washboard Wall,https://www.mountainproject.com/route/107841212/barenjager,2.6,5.10d,1,40,-83.62942,37.72738,Muir Valley,Washboard Wall,10,barenjager: big moves good holds,-,good,-,-,0,1,0,0,0,0,0
105870771,Whiteout Direct (aka Nerds),Red River Gorge > Natural Bridge Region > Emerald City,https://www.mountainproject.com/route/105870771/whiteout-direct-aka-nerds,2.7,5.8,1,50,-83.66364,37.75195,Natural Bridge Region,Emerald City,8,"whiteout direct (aka nerds): climb easy, but off balance moves to a distinct crux where the angle changes from vertical to low angle. the climbing is much easier after the crux.   one first time climber, having trouble with the crux moves was reported to have called out, ""these nerds are hard to hang on to!""  check out the cool iron oxide features.",crux,"easier, easy",balance,-,0,1,0,0,0,0,0
105860768,Diamond in the Rough,Red River Gorge > Natural Bridge Region > Emerald City,https://www.mountainproject.com/route/105860768/diamond-in-the-rough,3.4,5.10c,1,80,-83.66364,37.75195,Natural Bridge Region,Emerald City,10,"diamond in the rough: an excellent sport route up thin, crimpy holds.",crimp,excellent,thin,-,0,1,1,0,0,0,0
105870235,Ruby Slippers,Red River Gorge > Natural Bridge Region > Emerald City,https://www.mountainproject.com/route/105870235/ruby-slippers,3.1,5.10d,1,70,-83.66364,37.75195,Natural Bridge Region,Emerald City,10,"ruby slippers: another great climb on emerald city.  a great circuit for this area is to access the ledge and do all 5 adjacent climbs without untying your shoes or rope.  just right of the obvious scoop at the bottom of flying monkeys lies another bolted line. climb up the edge of the ""dish"" and head for anchors at the top. there may be no particular crux on this climb, but it is not without some hard moves. the holds are small, but mostly good. wear your edging shoes!","crux, ledge","good, great",-,-,0,1,1,0,0,0,0
105880920,Kentucky Pinstripe,Red River Gorge > Natural Bridge Region > Global Village,https://www.mountainproject.com/route/105880920/kentucky-pinstripe,2.8,5.10a,1,80,-83.65731,37.75161,Natural Bridge Region,Global Village,10,"kentucky pinstripe: this is a tricky route down low. boulder up and establish yourself on the face. then delicately balance your way to the arete. relax to the ledge. rest, take in the view and then launch up the upper face.   the upper face has the best position of any route of this grade in the rrg.","arete, face, ledge",best,"balance, rest, tricky",-,0,1,0,0,0,0,1
106109316,Loosen Up,Red River Gorge > Natural Bridge Region > Global Village,https://www.mountainproject.com/route/106109316/loosen-up,2.8,5.10b,1,50,-83.65731,37.75161,Natural Bridge Region,Global Village,10,"loosen up: a fun route. however, be ready. moderately overhung with generous holds, it lulls many into thinking it's a typical rrg jughaul...only to be spanked near the top.",jug,fun,thin,-,0,1,1,0,0,0,0
107622069,Dog Fight (a.k.a. Circa Man),Red River Gorge > Natural Bridge Region > Global Village,https://www.mountainproject.com/route/107622069/dog-fight-aka-circa-man,2.8,5.10d,1,60,-83.65731,37.75161,Natural Bridge Region,Global Village,10,"dog fight (a.k.a. circa man): fun slab climbing to a crux roof to some more fun slab.  tough on the finger skin but worth the effort if your in the area.  the clips aren't as spread out as the guide makes it seem.  climb up the iron oxide crimpers, slopers, and side pulls to get below the roof for a decent rest.  make the tough technical moves over the roof to get to the good hold just past some cool knobs.  gain the ledge below the last bolt.  make a few more difficult strechy moves to gain the anchors.","crimp, crux, ledge, roof, slab, sloper, technical","fun, good","difficult, rest, tough",-,0,1,1,0,0,0,1
105885030,All Cows Eat Grass,Red River Gorge > Natural Bridge Region > Graining Fork Nature Preserve (a.k.a. Roadside Crag),https://www.mountainproject.com/route/105885030/all-cows-eat-grass,2.4,5.8,1,80,-83.65679,37.73151,Natural Bridge Region,Graining Fork Nature Preserve (a.k.a. Roadside Crag),8,"all cows eat grass: climb the nice edgey slab to a bulge. pull around some goofiness and finish in a weird groove, making an airy move or two right or alternately finish on thin holds from directly under the anchor. either way, the finish is the metal crux of the route.  good climbing that flows well up to the second bolt from the top.","crux, slab","good, nice",thin,-,0,1,0,0,0,0,1
106026660,Valor Over Discretion,Red River Gorge > Natural Bridge Region > Graining Fork Nature Preserve (a.k.a. Roadside Crag),https://www.mountainproject.com/route/106026660/valor-over-discretion,2.2,5.8,1,50,-83.65679,37.73151,Natural Bridge Region,Graining Fork Nature Preserve (a.k.a. Roadside Crag),8,"valor over discretion: starts from the top of a large boulder.  climb the face right of an arete to a roof, then move to the left face and finish at a ledge.","arete, face, ledge, roof",-,-,-,0,0,0,0,0,0,1
106227805,Trouble Clef,Red River Gorge > Natural Bridge Region > Graining Fork Nature Preserve (a.k.a. Roadside Crag),https://www.mountainproject.com/route/106227805/trouble-clef,2.5,5.9,1,80,-83.65679,37.73151,Natural Bridge Region,Graining Fork Nature Preserve (a.k.a. Roadside Crag),9,"trouble clef: arrive early. like many climbs at roadside crag, this is a well used route. this route starts to the right of a crack, and on top of a waist high ledge. take a minute to enjoy the view from the anchors.","crack, ledge",-,-,-,0,0,0,0,0,0,0
105871986,Jump For Joy,Red River Gorge > Natural Bridge Region > Graining Fork Nature Preserve (a.k.a. Roadside Crag),https://www.mountainproject.com/route/105871986/jump-for-joy,2.1,5.9+,1,50,-83.65679,37.73151,Natural Bridge Region,Graining Fork Nature Preserve (a.k.a. Roadside Crag),9,"jump for joy: start on top of a boulder at the base of the rock and pull on to the face- clipping 4 bolts along the way to a long ledge with trees and a bolted anchor for a belay/rap. this route is probably harder for shorter people, but not obscenely so.","face, ledge",-,-,-,0,0,0,0,0,0,0
105882851,Kampsight,Red River Gorge > Natural Bridge Region > Graining Fork Nature Preserve (a.k.a. Roadside Crag),https://www.mountainproject.com/route/105882851/kampsight,2.7,5.9+,1,80,-83.65679,37.73151,Natural Bridge Region,Graining Fork Nature Preserve (a.k.a. Roadside Crag),9,"kampsight: similar in nature to c sharp or b flat, but harder. there is a couple of distinct cruxes at 1/3 and 2/3 height. the route is intimidating if you are breaking into the grade.   the moves are very fun once you get comfortable on this route and the exposure at the top is good.",crux,"fun, good",-,-,0,1,1,0,0,0,0
106286285,Altered Scale,Red River Gorge > Natural Bridge Region > Graining Fork Nature Preserve (a.k.a. Roadside Crag),https://www.mountainproject.com/route/106286285/altered-scale,2.1,5.9+,1,80,-83.65679,37.73151,Natural Bridge Region,Graining Fork Nature Preserve (a.k.a. Roadside Crag),9,"altered scale: stiff for the grade, altered scale has a nice variety of moves.  starting on a ledge, pull some hard moves to the first bolt (stick clipping is a good option).  continue on easier ground to a thin section about midway; save some energy for pulling a sequency bulge near the top, then finish to the anchors.",ledge,"easier, good, nice","stick-clip, thin",-,0,1,0,0,0,0,0
105860751,Fadda,Red River Gorge > Natural Bridge Region > Graining Fork Nature Preserve (a.k.a. Roadside Crag),https://www.mountainproject.com/route/105860751/fadda,2.2,5.10a,1,50,-83.65679,37.73151,Natural Bridge Region,Graining Fork Nature Preserve (a.k.a. Roadside Crag),10,fadda: face climb the bolt line on mostly pockets through a high crux to cold shuts.,"crux, face, pocket",-,-,-,0,0,0,0,0,0,0
105880940,A.W.O.L,Red River Gorge > Natural Bridge Region > Graining Fork Nature Preserve (a.k.a. Roadside Crag),https://www.mountainproject.com/route/105880940/awol,2.8,5.10a,1,50,-83.65679,37.73151,Natural Bridge Region,Graining Fork Nature Preserve (a.k.a. Roadside Crag),10,"a.w.o.l: brilliant stone, great moves and your belayer will be blocking the  trail, so anyone who wanders up to the wall will be forced to watch you climb this route.  awol is one of the best known routes at the grade in the rrg.   this was my first 5.10 redpoint and i had been terribly intimidated by the finishing moves for a long time. it was very tricky to find my way through all the chalked up crimps while pumped silly.  but then one night i had a dream where i flowed effortlessly through the final sequence and i sent the route the next day.",crimp,"best, great",tricky,-,0,1,1,0,0,0,0
106065335,Hard Left,Red River Gorge > Natural Bridge Region > Graining Fork Nature Preserve (a.k.a. Roadside Crag),https://www.mountainproject.com/route/106065335/hard-left,2.7,5.10a,1,70,-83.65679,37.73151,Natural Bridge Region,Graining Fork Nature Preserve (a.k.a. Roadside Crag),10,"hard left: climb up the slab to gain a left-angling crack that eventually ends.  from here, traverse left to a large hueco and a two bolt anchor.","crack, hueco, slab",-,traverse,-,0,0,0,0,0,0,1
106286289,"You Can Tune a Piano, but You Can't Tuna Fish",Red River Gorge > Natural Bridge Region > Graining Fork Nature Preserve (a.k.a. Roadside Crag),https://www.mountainproject.com/route/106286289/you-can-tune-a-piano-but-you-cant-tuna-fish,2.5,5.10b,1,60,-83.65679,37.73151,Natural Bridge Region,Graining Fork Nature Preserve (a.k.a. Roadside Crag),10,"you can tune a piano, but you can't tuna fish: challenging face climbing with a short crux section about midway.  starting on a slabby section, balance your way to the first bolt about 15' up.  work through crimpy features up to a slightly overhanging crux; good footwork will put you in a position to throw for a nice jug.  continue up the face to the anchors.","crimp, crux, face, jug, slab","good, nice",balance,-,0,1,0,0,0,0,1
105886641,Crazyfingers,Red River Gorge > Natural Bridge Region > Graining Fork Nature Preserve (a.k.a. Roadside Crag),https://www.mountainproject.com/route/105886641/crazyfingers,3,5.10c,1,50,-83.65679,37.73151,Natural Bridge Region,Graining Fork Nature Preserve (a.k.a. Roadside Crag),10,"crazyfingers: a steep climb with mostly good holds, but little good rest. none of the moves are particularly hard, but the route is pumpy, making the clips up top harder than the other two routes, but perhaps this is the best warm-up,  for lack of hard moves down low.",-,"best, good, warm-up","pumpy, rest",-,0,1,0,0,0,0,0
105886633,Dragonslayer,Red River Gorge > Natural Bridge Region > Graining Fork Nature Preserve (a.k.a. Roadside Crag),https://www.mountainproject.com/route/105886633/dragonslayer,3.1,5.10d,1,50,-83.65679,37.73151,Natural Bridge Region,Graining Fork Nature Preserve (a.k.a. Roadside Crag),10,"dragonslayer: a short pitch, but the whole thing is good. the brevity of it is mitigated by the chance to climb it, awol, and crazy fingers all back-to-back, for 150 feet of great climbing, all at ~ the same grade and character.just a few feet right of a.w.o.l. is a second climb of a similar grade, perhaps a shave harder. your success on this climb is dependent on having some finger strength, and on finding and using some thin footholds. the monos are not 'hangers' because you have good feet to hold your weight, they are just for holding you in, so the stress is not incredible. the route also gets easier as you progress.",-,"easier, good, great",thin,-,0,1,1,0,0,0,0
105893126,Pulling Pockets,Red River Gorge > Natural Bridge Region > Graining Fork Nature Preserve (a.k.a. Roadside Crag),https://www.mountainproject.com/route/105893126/pulling-pockets,3.2,5.10d,1,50,-83.65679,37.73151,Natural Bridge Region,Graining Fork Nature Preserve (a.k.a. Roadside Crag),10,"pulling pockets: the fourth route on the 5.10 wall, between crazyfingers (5.10c) and the trad line synchronicity (5.11a).  originally a trad line, this excellent route is now well protected by bolts.  climb through pockets to a crimp crux, then pick one of several variations from the last bolt to the anchors.","crimp, crux, pocket",excellent,-,-,0,1,1,0,0,0,0
106124912,Just Duet,Red River Gorge > Natural Bridge Region > Graining Fork Nature Preserve (a.k.a. Roadside Crag),https://www.mountainproject.com/route/106124912/just-duet,2.7,5.10d,1,70,-83.65679,37.73151,Natural Bridge Region,Graining Fork Nature Preserve (a.k.a. Roadside Crag),10,just duet: great balancy climbing the whole way,-,great,balance,-,0,1,1,0,0,0,0
111219150,Gunner,Red River Gorge > Natural Bridge Region > The Zoo (CLOSED) > Bird Cage Sector (CLOSED),https://www.mountainproject.com/route/111219150/gunner,2.4,5.9+,1,75,-83.66273,37.73375,Natural Bridge Region,The Zoo (CLOSED),9,gunner: climb easy climbing up fun slab moves to a shut down crimpy crux right before the anchors.,"crimp, crux, slab","easy, fun",-,-,0,1,1,0,0,0,1
111219181,Botanical Gardens,Red River Gorge > Natural Bridge Region > The Zoo (CLOSED) > Bird Cage Sector (CLOSED),https://www.mountainproject.com/route/111219181/botanical-gardens,3.5,5.10a,1,95,-83.66273,37.73375,Natural Bridge Region,The Zoo (CLOSED),10,botanical gardens: make a burly move off some cheater stones to mantel on to a ledge. move right up big holds make your way on to the slab and climb slab for what seems forever to the top.,"ledge, slab",-,-,-,0,0,0,0,0,0,1
111219168,Dirty Bird,Red River Gorge > Natural Bridge Region > The Zoo (CLOSED) > Bird Cage Sector (CLOSED),https://www.mountainproject.com/route/111219168/dirty-bird,3,5.10b,1,60,-83.66273,37.73375,Natural Bridge Region,The Zoo (CLOSED),10,dirty bird: climb the bolted arete on the far right side of the crag. start with bouldery moves to a rest then more bouldery moves to a rest and then finally climb out some giant jugs over a bulge on to the slaby finish to the top.,"arete, jug, slab",-,rest,dirty,1,0,0,0,0,0,1
112798255,Here Comes the Beep Beep,Red River Gorge > Natural Bridge Region > The Zoo (CLOSED) > Bird Cage Sector (CLOSED),https://www.mountainproject.com/route/112798255/here-comes-the-beep-beep,2.6,5.10b,1,70,-83.66273,37.73375,Natural Bridge Region,The Zoo (CLOSED),10,here comes the beep beep: fun and techy line that requires balance and a calm head.,-,fun,"balance, techy",-,0,1,1,0,0,0,0
111785547,Lone Coyote,Red River Gorge > Natural Bridge Region > The Zoo (CLOSED) > Bird Cage Sector (CLOSED),https://www.mountainproject.com/route/111785547/lone-coyote,2,5.10c,1,75,-83.66273,37.73375,Natural Bridge Region,The Zoo (CLOSED),10,lone coyote: less than vertical climb with a tough boulder move near the bottom and a spicy move to the anchors.,-,-,tough,-,0,0,0,0,0,0,0
105918073,Put Me In The Zoo,Red River Gorge > Natural Bridge Region > The Zoo (CLOSED) > The Old Zoo (CLOSED),https://www.mountainproject.com/route/105918073/put-me-in-the-zoo,2.4,5.9+,1,70,-83.66185,37.73201,Natural Bridge Region,The Zoo (CLOSED),9,"put me in the zoo: a good route by it's own merit, but popular mostly as a warm up for the rest of the lines at the zoo.  the route is on small holds on a near vertical wall, but only has a few moves at the grade down low.",-,"good, warm-up",rest,-,0,1,0,0,0,0,0
105918086,Chimp,Red River Gorge > Natural Bridge Region > The Zoo (CLOSED) > The Old Zoo (CLOSED),https://www.mountainproject.com/route/105918086/chimp,2.5,5.10b,1,60,-83.66185,37.73201,Natural Bridge Region,The Zoo (CLOSED),10,"chimp: another good route on the smoother side of the wall, but has a few steep moves on a roof and bulges. as such, it is a mix of crimps and larger holds, still with a balance of crimps. pocket fans can skip this one as well.  if ""put me in the zoo (9+)"" is occupied, the might be the best warm up for you.","crimp, pocket, roof","best, good, warm-up",balance,-,0,1,0,0,0,0,1
105918096,One Brick Shy,Red River Gorge > Natural Bridge Region > The Zoo (CLOSED) > The Old Zoo (CLOSED),https://www.mountainproject.com/route/105918096/one-brick-shy,2.7,5.10c,1,80,-83.66185,37.73201,Natural Bridge Region,The Zoo (CLOSED),10,"one brick shy: this climb is a mix of characters typical of the left and right sides of the wall. the bottom has the pockets and steepness expected to the left, and the top the slabby crimps expected on the climbs located on the right side of the wall... and somewhere in between is somewhere in between.","crimp, pocket, slab",-,-,-,0,0,0,0,0,0,1
105918082,Armadillo,Red River Gorge > Natural Bridge Region > The Zoo (CLOSED) > The Old Zoo (CLOSED),https://www.mountainproject.com/route/105918082/armadillo,2.7,5.10d,1,70,-83.66185,37.73201,Natural Bridge Region,The Zoo (CLOSED),10,"armadillo: another route for the folks who prefer edges and ledges to pockets, but still a route requiring strength. long lock-offs are the key to the climb and shorter climbers might find it more difficult, perhaps the reason for its early 5.11a rating.","ledge, pocket",-,difficult,-,0,0,0,0,0,0,0
106129055,Jailbird,Red River Gorge > Natural Bridge Region > The Zoo (CLOSED) > The Old Zoo (CLOSED),https://www.mountainproject.com/route/106129055/jailbird,2.4,5.10d,1,90,-83.66185,37.73201,Natural Bridge Region,The Zoo (CLOSED),10,"jailbird: another blank looking cripy crux leading to better holds... this one isn't quite as stiff as edgehog 5.10d but isnt as interesting either...  climb the blank looking slab over some super tiny holds to better holds and easier climbing... the only challenge other than the slab is a pull over a short roof that isn't too diufficult at all compaired to the start... after the roof cruise to the top, aint nothing stoppin you...  the only negative thing about this route was that it seemed dirty, more so than the others in the area...","cruise, crux, roof, slab","easier, interesting",thin,dirty,1,1,0,0,0,0,1
107321345,Dream of a Bee,Red River Gorge > Natural Bridge Region > Torrent Falls (Limited Access),https://www.mountainproject.com/route/107321345/dream-of-a-bee,2.3,5.8,1,50,-83.66294,37.71998,Natural Bridge Region,Torrent Falls (Limited Access),8,dream of a bee: 5.8 pocket pulling to the right of wadcutter.,pocket,-,-,-,0,0,0,0,0,0,0
107639451,Cordelia,Red River Gorge > Natural Bridge Region > Torrent Falls (Limited Access),https://www.mountainproject.com/route/107639451/cordelia,2.3,5.8,1,50,-83.66294,37.71998,Natural Bridge Region,Torrent Falls (Limited Access),8,"cordelia: slabby, with all that means. crux is between the 3rd and 4th bolts","crux, slab",-,-,-,0,0,0,0,0,0,1
106937723,Tourist Trap,Red River Gorge > Natural Bridge Region > Torrent Falls (Limited Access),https://www.mountainproject.com/route/106937723/tourist-trap,2.8,5.9,1,80,-83.66294,37.71998,Natural Bridge Region,Torrent Falls (Limited Access),9,tourist trap: this fun and engaging route climbs up through a funky start to reach the obvious arete above. climb this to the anchors.  a stick clip is advised as the start is not a give-away.,arete,fun,stick-clip,-,0,1,1,0,0,0,1
105870283,"Wadcutter AKA ""Gumby Killer""",Red River Gorge > Natural Bridge Region > Torrent Falls (Limited Access),https://www.mountainproject.com/route/105870283/wadcutter-aka-gumby-killer,2.6,5.9+,1,50,-83.66294,37.71998,Natural Bridge Region,Torrent Falls (Limited Access),9,"wadcutter aka ""gumby killer"": a pinchy vertical line with few rests. straight up the slightly overhanging wall using crimpers and plenty of edging. climb right of the overhang to finger pockets, then up to the chains.","crimp, pocket",-,rest,-,0,0,0,0,0,0,0
105893133,Rest Assured,Red River Gorge > Natural Bridge Region > Torrent Falls (Limited Access),https://www.mountainproject.com/route/105893133/rest-assured,2.6,5.10a,1,60,-83.66294,37.71998,Natural Bridge Region,Torrent Falls (Limited Access),10,"rest assured: on the left side of the 5.10 wall, climb an obvious crack/corner to a small roof.  pull it and angle right and up the face above.  the start is shared with family values (5.10c).","crack, face, roof",-,rest,-,0,0,0,0,0,0,1
106937715,Reanimator,Red River Gorge > Natural Bridge Region > Torrent Falls (Limited Access),https://www.mountainproject.com/route/106937715/reanimator,2.7,5.10b,1,70,-83.66294,37.71998,Natural Bridge Region,Torrent Falls (Limited Access),10,"reanimator: a fun route with a burly start. a stick clip is a good idea.   climb up through a burly start on good holds to a traverse out to the wall above. once on the wall, take the left hand line to the anchors above.",-,"fun, good","stick-clip, traverse",-,0,1,1,0,0,0,0
105893136,Family Values,Red River Gorge > Natural Bridge Region > Torrent Falls (Limited Access),https://www.mountainproject.com/route/105893136/family-values,2.3,5.10c,1,70,-83.66294,37.71998,Natural Bridge Region,Torrent Falls (Limited Access),10,"family values: on the left side of the 5.10 wall, climb an obvious crack/corner to a small roof.  pull it and angle left and up the face above to an obvious crux at mid-height, then continue up easier ground to the top.  the start is shared with rest assured (5.10a).","crack, crux, face, roof",easier,rest,-,0,1,0,0,0,0,1
107387489,Poopie Head,Red River Gorge > Natural Bridge Region > Torrent Falls (Limited Access),https://www.mountainproject.com/route/107387489/poopie-head,2.5,5.10c,1,42,-83.66294,37.71998,Natural Bridge Region,Torrent Falls (Limited Access),10,poopie head: 5.10 can be very steep at the red river gorge. poopie head is a fine example. if only it were longer!   climb up small but good pockets to the high first bolt. a clip stick could prove useful here. continue up to the second bolt and to a small roof. pull up over it and hang on to bigger holds on steepening terrain to the top.,"pocket, roof",good,high first bolt,-,0,1,0,0,0,0,1
108060970,Stool Sample,Red River Gorge > Natural Bridge Region > Torrent Falls (Limited Access),https://www.mountainproject.com/route/108060970/stool-sample,2.2,5.10c,1,45,-83.66294,37.71998,Natural Bridge Region,Torrent Falls (Limited Access),10,"stool sample: overall, the holds on this are worse than poopie head, but the crux on stool sample is easier.",crux,easier,-,-,0,1,0,0,0,0,0
126141278,Last Resort,Red River Gorge > Natural Bridge Region > Torrent Falls (Limited Access),https://www.mountainproject.com/route/126141278/last-resort,1,5.10c,1,60,-83.66294,37.71998,Natural Bridge Region,Torrent Falls (Limited Access),10,"last resort: either clip the bolt on the front face that is entirely covered in moss and climb through vegetation, or start on the logical first bolt of family values and step left at the ledge. climb mossy rock off the ledge through a thin section up to a juggy, sideways flake in a bulge. figure out where the next holds are and pull over, then continue up worsening rock to the top. fairly run-out in many spots.","face, flake, jug, ledge",-,thin,run-out,1,0,0,0,1,0,0
126777412,Spock's Pockets,Red River Gorge > Natural Bridge Region > Torrent Falls (Limited Access),https://www.mountainproject.com/route/126777412/spocks-pockets,2,5.10+,1,30,-83.66294,37.71998,Natural Bridge Region,Torrent Falls (Limited Access),10,spock's pockets: find the path of least resistance up the right side of the arête and continue up the featured wall above. the features unfortunately do not make the most ideal or intuitive climbing holds.,"arete, pocket",-,-,-,0,0,0,0,0,0,1
122542030,Pork and Bondage,Red River Gorge > Natural Bridge Region > Torrent Falls (Limited Access),https://www.mountainproject.com/route/122542030/pork-and-bondage,2.8,5.10d,1,75,-83.66294,37.71998,Natural Bridge Region,Torrent Falls (Limited Access),10,"pork and bondage: play ""guess the pocket"" as you near a low bulge. pull over it to easier territory before pulling over another bulge to a shake before the steep runs to the anchors on mostly jugs.","jug, pocket",easier,-,-,0,1,0,0,0,0,0
123441051,It's Alive,Red River Gorge > Natural Bridge Region > Torrent Falls (Limited Access),https://www.mountainproject.com/route/123441051/its-alive,2,5.10d,1,55,-83.66294,37.71998,Natural Bridge Region,Torrent Falls (Limited Access),10,"it's alive: shares a start with reanimator. begin with or without some cheater stones to grab the first jugs under the low roof. pull the roof, traverse out left to gain a stance, and then move right to follow the line of bolts to some anchors.","jug, roof",-,traverse,-,0,0,0,0,0,0,1
106290243,Pocket Pussy,Red River Gorge > Natural Bridge Region > Torrent Falls (Limited Access),https://www.mountainproject.com/route/106290243/pocket-pussy,2.8,5.10d,1,50,-83.66294,37.71998,Natural Bridge Region,Torrent Falls (Limited Access),10,"pocket pussy: cool pocketed face to a slight bulge, trending left towards anchors.","face, pocket",-,-,-,0,0,0,0,0,0,0
107388644,Store,Red River Gorge > Northern Gorge > Camp Store Crag,https://www.mountainproject.com/route/107388644/store,3.2,5.10c,1,70,-83.58799,37.8119,Northern Gorge,Camp Store Crag,10,"store: solid route for the grade. start up near the arete, and climb pockets and crimps to a small overhang, pull the overhang and continue up the face to the right. don't think it's over until you reach the top!","arete, crimp, face, pocket",-,thin,-,0,0,0,0,0,0,1
105870321,Drop the Anchor,Red River Gorge > Northern Gorge > Eastern Sky Bridge Ridge,https://www.mountainproject.com/route/105870321/drop-the-anchor,2.1,5.9-,1,60,-83.58104,37.81596,Northern Gorge,Eastern Sky Bridge Ridge,9,drop the anchor: nothing remarkable about this route other than that it is one of the very few easy sport routes in the area.  climb a line of big holds near the bolts to a small roof and then up to the anchors. watch out for drag- and rap instead of lower off to save wear on your rope.,roof,easy,thin,-,0,1,0,0,0,0,1
105917977,Jack in the Pulpit,Red River Gorge > Northern Gorge > Eastern Sky Bridge Ridge,https://www.mountainproject.com/route/105917977/jack-in-the-pulpit,3.1,5.10d,1,70,-83.58104,37.81596,Northern Gorge,Eastern Sky Bridge Ridge,10,"jack in the pulpit: by virtue of its grade, it has always been *the* warm up at the area.  mostly good holds on a slightly steep wall. the crux is probably just an endurance problem for most climbers, so it's a good one to ""go for it"" on.",crux,"good, warm-up",-,-,0,1,0,0,0,0,0
105866451,Manic Impression,Red River Gorge > Northern Gorge > Funk Rock City,https://www.mountainproject.com/route/105866451/manic-impression,3.2,5.10a,1,95,-83.5762,37.8029,Northern Gorge,Funk Rock City,10,"manic impression: a little ways past cruising lane and rite of passage is a broad, tall well featured slab. this is the left of the two bolted routes. the crux is going for the anchors and requires jedi mind control and precision footwork. the route up to the crux is pretty casual at 5.7-8 or so. a must do if you're in the area. one of the best 5.10a sport routes in the rrg.","cruise, crux, slab",best,-,-,0,1,0,0,0,0,1
105866459,Funkadelic,Red River Gorge > Northern Gorge > Funk Rock City,https://www.mountainproject.com/route/105866459/funkadelic,2.9,5.10b,1,95,-83.5762,37.8029,Northern Gorge,Funk Rock City,10,"funkadelic: this is the right of the two lines on the big slab at funk rock. you may want a medium sized cam up high to protect a long runout. the crux is somewhat height dependant and bouldery, and the rest of the climb is more moderate. very fun moves and very cool rock. the finishing moves to the anchors are very delicate and you should take care as there is a ledge you can hit. it's happened before.","crux, ledge, slab",fun,rest,runout,1,1,1,0,0,0,1
105869231,Red Hot Chilli Pepper,Red River Gorge > Northern Gorge > Funk Rock City,https://www.mountainproject.com/route/105869231/red-hot-chilli-pepper,2.9,5.10d,1,90,-83.5762,37.8029,Northern Gorge,Funk Rock City,10,"red hot chilli pepper: a rarity in the red, being a climb with a low angle crux, with small holds. climb up pockets and horizontals past a few bolts and gear placements (small-med cams or tricams) and get into the business, a low angled slab with small holds.  continue to the shuts and rap off.  lowering off and tr-ing are less advisable on this route, since the angle of the rock seems to create a twist in the rope as it goes.","crux, pocket, slab",-,-,-,0,0,0,0,0,0,1
105860667,Face Up To That Crack,Red River Gorge > Northern Gorge > Left Flank,https://www.mountainproject.com/route/105860667/face-up-to-that-crack,2.7,5.8,1,70,-83.66388,37.81449,Northern Gorge,Left Flank,8,"face up to that crack: follow the bolt line through a short, nice handcrack then more bolts to chains.","crack, face",nice,-,-,0,1,0,0,0,0,0
105860693,Mr. Bungle,Red River Gorge > Northern Gorge > Left Flank,https://www.mountainproject.com/route/105860693/mr-bungle,2.5,5.8,1,60,-83.66388,37.81449,Northern Gorge,Left Flank,8,"mr. bungle: this fun route ascends a blunt arete.  start just left of the arete, move up and right to the arete, then up to chains.",arete,fun,-,-,0,1,1,0,0,0,1
105866353,Brother Stair,Red River Gorge > Northern Gorge > Left Flank,https://www.mountainproject.com/route/105866353/brother-stair,2.1,5.9+,1,40,-83.66388,37.81449,Northern Gorge,Left Flank,9,"brother stair: a short climb, but some interesting climbing...  just around the corner right from the approach trail to left flank, there is a short climb on some steep rock.  climb up off-angle pockets for the crux of this one past a total of four bolts to the anchor.  i believe this climb was named after a local preacher in the early 90's.","crux, pocket",interesting,-,-,0,1,0,0,0,0,0
105860661,Fast Food Christians,Red River Gorge > Northern Gorge > Left Flank,https://www.mountainproject.com/route/105860661/fast-food-christians,1.8,5.10a,1,NA,-83.66388,37.81449,Northern Gorge,Left Flank,10,"fast food christians: a bouldery, reachy crux leads to much easier climbing above.",crux,easier,-,-,0,1,0,0,0,0,0
105860648,To Defy the Laws of Tradition,Red River Gorge > Northern Gorge > Left Flank,https://www.mountainproject.com/route/105860648/to-defy-the-laws-of-tradition,3.3,5.10-,1,60,-83.66388,37.81449,Northern Gorge,Left Flank,10,to defy the laws of tradition: a great pocketed route with lots of chalk up a slightly overhanging face.  the technical crux is down low; the enduro crux is up high.,"crux, face, pocket, technical",great,-,-,0,1,1,0,0,0,0
107195821,Rock Caddie,Red River Gorge > Northern Gorge > Long Wall,https://www.mountainproject.com/route/107195821/rock-caddie,1.4,5.10a,1,50,-83.6686,37.8446,Northern Gorge,Long Wall,10,rock caddie: face route climbs good holds. probably not worth the long hike but worth it if you've come over to do gladuator,face,good,-,-,0,1,0,0,0,0,0
105885186,Boom! Boom! Out Go the Lights,Red River Gorge > Northern Gorge > Long Wall,https://www.mountainproject.com/route/105885186/boom-boom-out-go-the-lights,2.4,5.10b,1,60,-83.6686,37.8446,Northern Gorge,Long Wall,10,"boom! boom! out go the lights: a strange route with a strange name. despite not following a particular or natural line,  the climb is still good mileage and fun.  climb up a bulging start where a little power is helpful, going up to an easier face and then right to an arete, then to a good ledge with a bolted anchor. a bit of a strange route.","arete, face, ledge","easier, fun, good",-,-,0,1,1,0,0,0,1
105891912,Back Door to Paris,Red River Gorge > Northern Gorge > Long Wall,https://www.mountainproject.com/route/105891912/back-door-to-paris,2.5,5.10c,1,70,-83.6686,37.8446,Northern Gorge,Long Wall,10,back door to paris: this climb is ok and worth doing if you are waiting to get on another line. it follows jugs and crips to a small roof where the anchors are.,"jug, roof",-,-,-,0,0,0,0,0,0,1
105870271,Mercy Miss Percy,Red River Gorge > Northern Gorge > Military Wall,https://www.mountainproject.com/route/105870271/mercy-miss-percy,1.5,5.9,1,50,-83.66918,37.8159,Northern Gorge,Military Wall,9,"mercy miss percy: somewhere between ok and just bad...  it depends on how wet it has been lately and if anyone has recently climbed it. or perhaps it has cleaned up with time?  if not, then climb up past a line of bolts on increasingly dirty rock.",-,-,-,"bad, dirty",1,0,0,0,0,0,0
105891673,Sunshine,Red River Gorge > Northern Gorge > Military Wall,https://www.mountainproject.com/route/105891673/sunshine,2.4,5.9,1,50,-83.66918,37.8159,Northern Gorge,Military Wall,9,"sunshine: a short moderate sport climb that has always held the masses at military, being one of few 'soft' warm-ups at the cliff.  the crux of this, the center of the 3 bolted lines in this short section is not so much any individual move, but the pump associated with finishing the route.",crux,warm-up,pumpy,-,0,1,0,0,0,0,0
105891677,Moonbeam,Red River Gorge > Northern Gorge > Military Wall,https://www.mountainproject.com/route/105891677/moonbeam,2.3,5.9,1,50,-83.66918,37.8159,Northern Gorge,Military Wall,9,"moonbeam: this is the left-most of three closely spaced routes on the short steep section of rock. a distinct steep crux down low on dark edges and pockets is the business while the upper section lets off on the difficulty. still, the climb is pumpy enough to warm you up for harder climbs.","crux, pocket",-,"difficult, pumpy",-,0,0,0,0,0,0,0
105870266,Stay Left,Red River Gorge > Northern Gorge > Military Wall,https://www.mountainproject.com/route/105870266/stay-left,1.7,5.10a,1,50,-83.66918,37.8159,Northern Gorge,Military Wall,10,"stay left: an ok route on ok rock. nothing wrong with it, but not a destination climb. i felt like it ""didn't flow"" for whatever that is worth. climb past 4 bolts on the face (without moving out right to the chimney?) to the anchors. not terribly great, but not bad.","chimney, face",great,thin,bad,1,1,1,0,1,0,0
105870198,Danita Dolores,Red River Gorge > Northern Gorge > Military Wall,https://www.mountainproject.com/route/105870198/danita-dolores,2.5,5.10,1,60,-83.66918,37.8159,Northern Gorge,Military Wall,10,"danita dolores: the base of this route has changed over it's history, prompting some differences in opinion about the difficulty of the route, which has waxed and waned over time.  in 1991 when the route was bolted, a large tree stood not far from its base. one could stand there, reach up to a hold and hop to a second hand and pull up onto the route. this was the crux and was about middle 5.10. shorter and less powerful climbers complained about the sandbag.  in perhaps 1994 a huge windstorm and some tornadoes came though the gorge in autumn, blowing many trees across roads and trails. the tree at the base of d.d. was just one more casualty, but it made the route easier...  the root system tore out and brought soil and rocks up, and placed a starting shelf at the base of the climb.  one could simply step off of these and onto the climb, making any sort of hop-start seem contrived and unnecessary.  some people complained that the route was over graded.  over time, earth settled, the tree collapsed, rocks were moved and low and behold, the start to this climb has returned, perhaps to a lower point than before?  and now i note the latest guidebook mentions a ""desperate start"" again.  so whatever the condition, do what is necessary to pull up onto the wall over the bulging start, and climb easier, lower-angle rock to the top of the arete out right and rap from fixed anchors.","arete, crux",easier,difficult,-,0,1,0,0,0,0,1
105891681,In the Light,Red River Gorge > Northern Gorge > Military Wall,https://www.mountainproject.com/route/105891681/in-the-light,2.5,5.10c,1,50,-83.66918,37.8159,Northern Gorge,Military Wall,10,"in the light: this is the right-most of the 3 ""triplet"" routes on the short wall just left of the main approach to military. the route was bolted much later than the first two on this wall but perhaps should have gone in sooner, as it is it is a good addition to the cliff. this climb is slightly longer and slightly harder than the other two routes nearby, and is a logical line that mitigates the crowd waiting on the other two warm-up lines. i may also be a better project for the moderate sport leader.",-,"good, warm-up",-,-,0,1,0,0,0,0,0
105870248,Possum Lips,Red River Gorge > Northern Gorge > Military Wall,https://www.mountainproject.com/route/105870248/possum-lips,2.7,5.10d,1,50,-83.66918,37.8159,Northern Gorge,Military Wall,10,"possum lips: the crux of this climb depends upon your strengths and may have changed over time. the small holds were getting smaller in the mid 1990's and i suspect may have continued to do so.   this route was named after a semi-local climber at the time and who might not have been so well liked by the fa party (?). i don't know the complete story and never asked.  climb up a low angle slab with small and sloping holds to reach the anchor, all the while admiring the big pockets to your left on fuzzy undercling.","crux, pocket, slab",-,-,-,0,0,0,0,0,0,1
105860576,Scabies,Red River Gorge > Northern Gorge > Pebble Beach,https://www.mountainproject.com/route/105860576/scabies,2.5,5.9+,1,40,-83.67163,37.8588,Northern Gorge,Pebble Beach,9,scabies: climb the bolted flake between two moderate cracks for 40' to shuts at the top.  a nice change of pace from most sport climbs at the red.,"crack, flake",nice,-,-,0,1,0,0,1,0,0
111146059,Blood Money,Red River Gorge > Northern Gorge > Pebble Beach,https://www.mountainproject.com/route/111146059/blood-money,1.5,5.9+,1,50,-83.67163,37.8588,Northern Gorge,Pebble Beach,9,blood money: this route climbs up orange rock through a couple of roofs with a hard move near the first bolt.,roof,-,-,-,0,0,0,0,0,0,1
105885193,Reserved Seating,Red River Gorge > Northern Gorge > Pebble Beach,https://www.mountainproject.com/route/105885193/reserved-seating,2.6,5.10b,1,50,-83.67163,37.8588,Northern Gorge,Pebble Beach,10,"reserved seating: a great route with a great rest straddling the arete that earned this unique route its name.  climb up good rock and good holds until you are just starting to feel a pump, then take a seat and shake out. consider it a good thing that it is reserved, there is only room for one here... then once shook out, finish past a few more bolts to the anchor.  a pretty good lead for beginning leaders.",arete,"good, great","pumpy, rest, thin",-,0,1,1,0,0,0,1
105885386,Ju Ju,Red River Gorge > Northern Gorge > Pebble Beach,https://www.mountainproject.com/route/105885386/ju-ju,2.7,5.10b,1,60,-83.67163,37.8588,Northern Gorge,Pebble Beach,10,"ju ju: another good low-angle line on good rock. if you are sick of pulling on pockets and want to edge a little, and have already climbed out the emerald city area, try this climb and its neighbors. work your way up the right side of the blunt, low-angle arete to the top, below the huge roof of the ""trash compactor"" rockhouse to a bolted anchor shared with sundance. (the next bolted line to the right).","arete, pocket, roof",good,-,-,0,1,0,0,0,0,1
105885373,Sundance,Red River Gorge > Northern Gorge > Pebble Beach,https://www.mountainproject.com/route/105885373/sundance,2.6,5.10,1,60,-83.67163,37.8588,Northern Gorge,Pebble Beach,10,"sundance: start up a few moves in the offwidth and traverse right on good holds to below the initial bolt, then climb up on thin holds on a low angle face along a line of bolts. this is generally a body-length right of the offwidth crack.  where the crack ends, trend left up above it to the bolted anchor, which is shared with juju, the arete to the left.","arete, crack, face",good,"thin, traverse",-,0,1,0,0,0,0,1
106149032,Lord of the Flies,Red River Gorge > Northern Gorge > Phantasia,https://www.mountainproject.com/route/106149032/lord-of-the-flies,2.1,5.8,1,40,-83.64369,37.84495,Northern Gorge,Phantasia,8,"lord of the flies: head up the heavily pocketed face, also utilizing the arete on the left when necessary.","arete, face, pocket",-,-,-,0,0,0,0,0,0,1
105889536,Creature Feature,Red River Gorge > Northern Gorge > Phantasia,https://www.mountainproject.com/route/105889536/creature-feature,3.2,5.9,1,70,-83.64369,37.84495,Northern Gorge,Phantasia,9,"creature feature: a ""hero"" climb with one cool steep move and a lot of huge holds.get up to the ledge at the base of the route, just below the big roof and clip a bolt. lean out over the roof to some big holds and ape your way onto those. you can practically campus the route from there, but heel-hooks look cooler. clip a bolt above the roof and pull up to stand on the less-than-vertical face. continue up on plates and puzzle pieces to a set of anchors and lower off. a rarely done extension continues on plates and edges to the top of the cliff face with nuts and slings for gear.","face, ledge, roof",-,-,-,0,0,0,0,0,0,1
106149020,Pogue Ethics,Red River Gorge > Northern Gorge > Phantasia,https://www.mountainproject.com/route/106149020/pogue-ethics,3.5,5.9+,1,80,-83.64369,37.84495,Northern Gorge,Phantasia,9,"pogue ethics: a long route on jugs and plates. the crux comes about halfway up, when you are forced to negotiate a bulge. there is a sit-down ledge rest before the crux, though.","crux, jug, ledge",-,rest,-,0,0,0,0,0,0,0
106727865,Perverse Intentions,Red River Gorge > Northern Gorge > Phantasia,https://www.mountainproject.com/route/106727865/perverse-intentions,2.4,5.10a/b,1,40,-83.64369,37.84495,Northern Gorge,Phantasia,10,"perverse intentions: start on a hill, just left of a large flake/chimney there are a series of right and wrong open hand moves up and left.  clipping holds are all good so find the right ones.","chimney, flake",good,-,-,0,1,0,0,1,0,0
106149038,Overlord,Red River Gorge > Northern Gorge > Phantasia,https://www.mountainproject.com/route/106149038/overlord,2.8,5.10b,1,50,-83.64369,37.84495,Northern Gorge,Phantasia,10,"overlord: technical, balancey, slabby route.  very atypical of the red river gorge.  lots of small crimps up the face, with the crux coming near the top.","crimp, crux, face, slab, technical",-,balance,-,0,0,0,0,0,0,1
105889540,Creep Show,Red River Gorge > Northern Gorge > Phantasia,https://www.mountainproject.com/route/105889540/creep-show,3.5,5.10d,1,70,-83.64369,37.84495,Northern Gorge,Phantasia,10,"creep show: a pumpy 10d next to a technical 11b.  i've heard it several times that climbers believed that the grades on these two routes were reversed!  get on to the left of the two sport routes and head up and left on it into an awkward and pumpy left-leaning flake. balance and grip your way to the anchors on this climb, then compare to the route to the right...","flake, technical",-,"balance, pumpy",-,0,0,0,0,1,0,0
106371779,Danger Mouse,Red River Gorge > Northern Gorge > Pistol Ridge,https://www.mountainproject.com/route/106371779/danger-mouse,2.3,5.8,1,35,-83.67403,37.86342,Northern Gorge,Pistol Ridge,8,danger mouse: start on a big jugg pocket and stand up onto the wall.  taller people can reach the next good hold from here.  shorter people may have to step the feet up higher to get the right hand.  clip the first bolt from here. climb up and right towards the massive under clings.  easy pockets until clipping the last bolt.  short bit of barren face is probably the crux.  high feet and stand up to major jug just below the anchors.,"crux, face, jug, pocket","easy, good",-,danger,1,1,0,0,0,0,0
106371748,It's a Wonderful Life,Red River Gorge > Northern Gorge > Pistol Ridge,https://www.mountainproject.com/route/106371748/its-a-wonderful-life,3,5.9+ PG13,1,80,-83.67403,37.86342,Northern Gorge,Pistol Ridge,9,"it's a wonderful life: good climbing for a 9.  this is  a really fun route and the view is amazing.  the crux comes just after clipping the third bolt.  another hard section to clip the second bolt above the huge rest ledge.  can be done in two pitches to reduce rope drag.  climb to giant rest ledge, belay the second up, then climb the second pitch.   usually done in one pitch though.    can top out to a second set of anchors also.  it is a bit run out from the firs set to the second set and the climbing doesn't ease up much.","crux, ledge","fun, good",rest,run-out,1,1,1,0,0,0,0
106837601,Chem Studs,Red River Gorge > Northern Gorge > Pistol Ridge,https://www.mountainproject.com/route/106837601/chem-studs,2.2,5.10a,1,35,-83.67403,37.86342,Northern Gorge,Pistol Ridge,10,chem studs: boulder past the first bolt to easier ground. lower from anchors.,-,easier,-,-,0,1,0,0,0,0,0
105870336,Captain One Eye,Red River Gorge > Northern Gorge > Purple Valley,https://www.mountainproject.com/route/105870336/captain-one-eye,2.5,5.10a,1,70,-83.63815,37.90083,Northern Gorge,Purple Valley,10,"captain one eye: starting near a tree growing at the base of the cliff, climb up and right on plates and chicken-heads past several bolts to reach good horizontals on lower angled rock. on an early ascent of this climb on a cold morning i jammed my hand back into a horizontal and reached down o my harness for a piece of gear to place into it. i was surprised to feel something smooth and slick jammed in the very back of the crack and much more surprised still when that smooth slick something started moving under the force of my jam. i ran quickly from that spot. my partner climbed carefully around it, peeking in and reporting to me that i was lucky not to have been bitten by a now very awake copperhead!  perhaps the cold morning made it less aggressive or perhaps i'd accidentally pinned down its head.",crack,good,thin,careful,1,1,0,0,0,0,0
105977711,Come In Your Lycra,Red River Gorge > Northern Gorge > Purple Valley,https://www.mountainproject.com/route/105977711/come-in-your-lycra,3.1,5.10b,1,45,-83.63815,37.90083,Northern Gorge,Purple Valley,10,come in your lycra: climb pockets and ledges through 4 bolts to the chain anchors.  the chains can be reachy if you clip them low on the climb.,"ledge, pocket",-,-,-,0,0,0,0,0,0,0
106176804,5.11 Jimmy and Spike Go Craggin',Red River Gorge > Northern Gorge > Purple Valley,https://www.mountainproject.com/route/106176804/511-jimmy-and-spike-go-craggin,2.6,5.10b,1,40,-83.63815,37.90083,Northern Gorge,Purple Valley,10,5.11 jimmy and spike go craggin': climb the face/arete past 2 bolts to reach a small horizontal below the overhang.  place a piece here and climb over the bulge on good holds to the anchors.,"arete, face",good,-,-,0,1,0,0,0,0,1
107717986,A Way of Life,Red River Gorge > Northern Gorge > Purple Valley,https://www.mountainproject.com/route/107717986/a-way-of-life,2.2,5.10b,1,60,-83.63815,37.90083,Northern Gorge,Purple Valley,10,NA,NA,NA,NA,NA,NA,NA,NA,NA,NA,NA,NA
106641255,Coffee Talk,Red River Gorge > Northern Gorge > Purple Valley,https://www.mountainproject.com/route/106641255/coffee-talk,2,5.10c,1,60,-83.63815,37.90083,Northern Gorge,Purple Valley,10,NA,NA,NA,NA,NA,NA,NA,NA,NA,NA,NA,NA
105880984,Toxic Avenger,Red River Gorge > Northern Gorge > Wall of Denial,https://www.mountainproject.com/route/105880984/toxic-avenger,3.1,5.10d,1,60,-83.56031,37.82158,Northern Gorge,Wall of Denial,10,"toxic avenger: i don't like to call this route a sport route. it's a bolted route for sure, but there are only 4 bolts in 60 feet and no separate anchors for this one.   to some it will seem runout and to others the bolts will seem undersized.   regardless, this is a classic route and deserves your attention.  edge up a black streak to the ledge. traverse left until you can move up on to the ledge and belay from anchors above buckeye testpiece.",ledge,classic,traverse,runout,1,1,0,0,0,0,0
127056239,Seeds N Stems,Red River Gorge > Pendergrass-Murray Recreational Preserve (PMRP) > Bob Marley,https://www.mountainproject.com/route/127056239/seeds-n-stems,2,5.8+,1,45,-83.72328,37.65194,Pendergrass-Murray Recreational Preserve (PMRP),Bob Marley,8,"seeds n stems: begin by getting onto two ledges, then enjoy a plethora of pocket jugs all the way to the chains.","jug, ledge, pocket",-,-,-,0,0,0,0,0,0,0
111712891,Waiting for JJ,Red River Gorge > Pendergrass-Murray Recreational Preserve (PMRP) > Bob Marley,https://www.mountainproject.com/route/111712891/waiting-for-jj,1.3,5.9,1,30,-83.72328,37.65194,Pendergrass-Murray Recreational Preserve (PMRP),Bob Marley,9,waiting for jj: pull a small bulge on jugs and continue up the juggy face to the top.,"face, jug",-,-,-,0,0,0,0,0,0,0
111712886,Where's JJ?,Red River Gorge > Pendergrass-Murray Recreational Preserve (PMRP) > Bob Marley,https://www.mountainproject.com/route/111712886/wheres-jj,1.8,5.10a,1,35,-83.72328,37.65194,Pendergrass-Murray Recreational Preserve (PMRP),Bob Marley,10,where's jj?: pull the roof on huge jugs then balance your way up pockets of a variety of shapes and sizes.,"jug, pocket, roof",-,balance,-,0,0,0,0,0,0,1
119573714,The Ultimate Crumbsnatch,Red River Gorge > Pendergrass-Murray Recreational Preserve (PMRP) > Bob Marley,https://www.mountainproject.com/route/119573714/the-ultimate-crumbsnatch,2.3,5.10c/d PG13,1,50,-83.72328,37.65194,Pendergrass-Murray Recreational Preserve (PMRP),Bob Marley,10,"the ultimate crumbsnatch: if your arms are shot from all the cave climbing, come take on this novel rrg leg pumper, tucked away in one of the best, bob marley approved chill spots. pull through the start, where holds actually exists, then take on the impossible face by stemming and chimneying your way to the lip. keep your head together after clipping the last bolt, as the 5.3 run to the anchor is a definite no fall zone (the pg13 section).clean with caution!use the 1st draw to lower through, and collect it with a stick clip once you're safely back on the ground, or stay clipped into the belayer's side to keep you from swinging over too fast after retrieving the first draw.","chimney, face",best,stick-clip,-,0,1,0,0,1,0,0
116567029,5.10 Until Lee and Jeff Do It,Red River Gorge > Pendergrass-Murray Recreational Preserve (PMRP) > Bronaugh Wall,https://www.mountainproject.com/route/116567029/510-until-lee-and-jeff-do-it,2.9,5.9+,1,55,-83.70943,37.6538,Pendergrass-Murray Recreational Preserve (PMRP),Bronaugh Wall,9,"5.10 until lee and jeff do it: amazing, slightly steep, easy route with the best holds i've ever felt. be gentle with a few though, as they may not hold forever. definitely the best warmup on the wall. this is a must do just for that warm fuzzy feeling you get when climbing on never ending jugs.",jug,"best, easy",-,-,0,1,0,0,0,0,0
108446305,Spyder's Hangout,Red River Gorge > Pendergrass-Murray Recreational Preserve (PMRP) > Bronaugh Wall,https://www.mountainproject.com/route/108446305/spyders-hangout,2.1,5.10a,1,40,-83.70943,37.6538,Pendergrass-Murray Recreational Preserve (PMRP),Bronaugh Wall,10,"spyder's hangout: climb up large pockets and jugs on this short route. easy climbing, but ledge fall potential at the second bolt. warm up on the easier, slightly steeper 5.9+ with better holds just right of this line.","jug, ledge, pocket","easier, easy, warm-up",-,-,0,1,0,0,0,0,0
113809839,My Mind Escapes Me,Red River Gorge > Pendergrass-Murray Recreational Preserve (PMRP) > Bronaugh Wall,https://www.mountainproject.com/route/113809839/my-mind-escapes-me,3,5.10a,1,55,-83.70943,37.6538,Pendergrass-Murray Recreational Preserve (PMRP),Bronaugh Wall,10,my mind escapes me: techy slab! believe!!,slab,-,techy,-,0,0,0,0,0,0,1
113236994,Upworthy,Red River Gorge > Pendergrass-Murray Recreational Preserve (PMRP) > Bronaugh Wall,https://www.mountainproject.com/route/113236994/upworthy,1.7,5.10c/d,1,70,-83.70943,37.6538,Pendergrass-Murray Recreational Preserve (PMRP),Bronaugh Wall,10,"upworthy: starts by jumping/pulling up on an obvious two-handed jug (harder), or by climbing up easier (and chossier) terrain on the left and traversing right. either way gets you to the wide ledge at the bottom of a large scoop, and the route moves up and right from there.","jug, ledge",easier,-,choss,1,1,0,0,0,0,0
108397003,Muffintop,Red River Gorge > Pendergrass-Murray Recreational Preserve (PMRP) > Bronaugh Wall,https://www.mountainproject.com/route/108397003/muffintop,2.9,5.10d,1,65,-83.70943,37.6538,Pendergrass-Murray Recreational Preserve (PMRP),Bronaugh Wall,10,"muffintop: mostly big jugs with a tricky move or two, this route is a nice warmup for the wall.",jug,nice,tricky,-,0,1,0,0,0,0,0
117827476,Fever Pitch,Red River Gorge > Pendergrass-Murray Recreational Preserve (PMRP) > Bronaugh Wall,https://www.mountainproject.com/route/117827476/fever-pitch,3,5.10d,1,45,-83.70943,37.6538,Pendergrass-Murray Recreational Preserve (PMRP),Bronaugh Wall,10,"fever pitch: techy, somewhat mossy slab with very good movement.",slab,good,techy,-,0,1,0,0,0,0,1
112562988,Brolo El Cunado,Red River Gorge > Pendergrass-Murray Recreational Preserve (PMRP) > Chica Bonita Wall,https://www.mountainproject.com/route/112562988/brolo-el-cunado,2,5.8,1,30,-83.72161,37.65078,Pendergrass-Murray Recreational Preserve (PMRP),Chica Bonita Wall,8,brolo el cunado: start on some side-pulls then it eases up with jugs and pockets. fun!,"jug, pocket",fun,-,-,0,1,1,0,0,0,0
115131608,Tiger Lily,Red River Gorge > Pendergrass-Murray Recreational Preserve (PMRP) > Chica Bonita Wall,https://www.mountainproject.com/route/115131608/tiger-lily,2.5,5.9,1,35,-83.72161,37.65078,Pendergrass-Murray Recreational Preserve (PMRP),Chica Bonita Wall,9,tiger lily: creep up the low angle slab until you can grab the flake above the second bolt and pull up to the finish,"flake, slab",-,-,-,0,0,0,0,0,0,1
116162358,My Way or The Highway,Red River Gorge > Pendergrass-Murray Recreational Preserve (PMRP) > Chica Bonita Wall,https://www.mountainproject.com/route/116162358/my-way-or-the-highway,3,5.9,1,80,-83.72161,37.65078,Pendergrass-Murray Recreational Preserve (PMRP),Chica Bonita Wall,9,my way or the highway: follow bolts through a series of bulges with a nice slab guarding the anchors.,slab,nice,-,-,0,1,0,0,0,0,1
107334457,[Redacted],Red River Gorge > Pendergrass-Murray Recreational Preserve (PMRP) > Chica Bonita Wall,https://www.mountainproject.com/route/107334457/redacted,2.5,5.9,1,35,-83.72161,37.65078,Pendergrass-Murray Recreational Preserve (PMRP),Chica Bonita Wall,9,"[redacted]: this route is the best warm up around.  start on smaller holds and reach to better jugs as you go up.  interesting movements, and the holds only get larger as you climb.  well protected.",jug,"best, interesting, warm-up",-,-,0,1,0,0,0,0,0
106065295,Raindancer,Red River Gorge > Pendergrass-Murray Recreational Preserve (PMRP) > Chica Bonita Wall,https://www.mountainproject.com/route/106065295/raindancer,1.9,5.10a,1,30,-83.72161,37.65078,Pendergrass-Murray Recreational Preserve (PMRP),Chica Bonita Wall,10,raindancer: a tricky no feet start leads to a heavily pocketed face and easier climbing above.  short route and a good warm-up.,"face, pocket","easier, good, warm-up",tricky,-,0,1,0,0,0,0,0
106065316,Brown Eyed Girl,Red River Gorge > Pendergrass-Murray Recreational Preserve (PMRP) > Chica Bonita Wall,https://www.mountainproject.com/route/106065316/brown-eyed-girl,3.3,5.10a,1,70,-83.72161,37.65078,Pendergrass-Murray Recreational Preserve (PMRP),Chica Bonita Wall,10,brown eyed girl: climbs a less than vertical slab via a series of edges and horizontals.  good warm-up route.,slab,"good, warm-up",-,-,0,1,0,0,0,0,1
117849670,Motor Booty Pimp Affair,Red River Gorge > Pendergrass-Murray Recreational Preserve (PMRP) > Chica Bonita Wall,https://www.mountainproject.com/route/117849670/motor-booty-pimp-affair,3.5,5.10a,1,95,-83.72161,37.65078,Pendergrass-Murray Recreational Preserve (PMRP),Chica Bonita Wall,10,"motor booty pimp affair: adventure climb to the fullest! this route has a touch of everything you normally don't get in the red. slabby start lower quality rock, gives way to bulges, crimps, low angle stemming and a brief lie back. take in all 95' of this engaging climb. crux section lets you choose to pull crimps on a bulge or stem up a sandy low angle gully. a 60m will get you down, but tie a knot if lowering.","crimp, crux, slab",-,thin,sandy,1,0,0,0,0,0,1
112219423,Good Gravy,Red River Gorge > Pendergrass-Murray Recreational Preserve (PMRP) > Chica Bonita Wall,https://www.mountainproject.com/route/112219423/good-gravy,2.5,5.10b,1,55,-83.72161,37.65078,Pendergrass-Murray Recreational Preserve (PMRP),Chica Bonita Wall,10,"good gravy: i thought this was a fun climb, but a bit stiffer than the guide book's rating of 10b. the moves to the first bolt are fun and lead to a crux between the second and third bolt. this route didn't seem to get a lot of traffic and the route was covered in a lot of lichen and spider webs, but with traffic should be a lot more enjoyable.",crux,"fun, good",-,-,0,1,1,0,0,0,0
106065310,When Rats Attack,Red River Gorge > Pendergrass-Murray Recreational Preserve (PMRP) > Chica Bonita Wall,https://www.mountainproject.com/route/106065310/when-rats-attack,2.5,5.10b,1,60,-83.72161,37.65078,Pendergrass-Murray Recreational Preserve (PMRP),Chica Bonita Wall,10,when rats attack: bolted line that climbs up an arete through a couple bulges.,arete,-,-,-,0,0,0,0,0,0,1
106065321,Baby Blue Eyes,Red River Gorge > Pendergrass-Murray Recreational Preserve (PMRP) > Chica Bonita Wall,https://www.mountainproject.com/route/106065321/baby-blue-eyes,3.1,5.10c,1,75,-83.72161,37.65078,Pendergrass-Murray Recreational Preserve (PMRP),Chica Bonita Wall,10,"baby blue eyes: similar to its neighbor, ""brown eyed girl"", this route climbs the less than vertical slab using a series of edges and horizontals.  just a little less featured.  pretty good route.",slab,good,-,-,0,1,0,0,0,0,1
107353405,That's What She Said,Red River Gorge > Pendergrass-Murray Recreational Preserve (PMRP) > Chica Bonita Wall,https://www.mountainproject.com/route/107353405/thats-what-she-said,3.3,5.10c,1,90,-83.72161,37.65078,Pendergrass-Murray Recreational Preserve (PMRP),Chica Bonita Wall,10,that's what she said: follow the bolts up the easier technical slab. a good warm up for the 11s on this section of wall.,"slab, technical","easier, good, warm-up",-,-,0,1,0,0,0,0,1
107353489,Flying The Bird,Red River Gorge > Pendergrass-Murray Recreational Preserve (PMRP) > Chica Bonita Wall,https://www.mountainproject.com/route/107353489/flying-the-bird,2.8,5.10c,1,50,-83.72161,37.65078,Pendergrass-Murray Recreational Preserve (PMRP),Chica Bonita Wall,10,"flying the bird: slabby climbing, make sure your manteling is up to par.",slab,-,-,-,0,0,0,0,0,0,1
108121461,Old English,Red River Gorge > Pendergrass-Murray Recreational Preserve (PMRP) > Chica Bonita Wall,https://www.mountainproject.com/route/108121461/old-english,3.1,5.10c,1,75,-83.72161,37.65078,Pendergrass-Murray Recreational Preserve (PMRP),Chica Bonita Wall,10,old english: move up ledgy rock for the first few bolts to reach the huge flake feature. lay-back the very overhung flake feature on huge jugs to the chains.,"flake, jug",-,-,-,0,0,0,0,1,0,0
107551914,STD,Red River Gorge > Pendergrass-Murray Recreational Preserve (PMRP) > Courtesy Wall,https://www.mountainproject.com/route/107551914/std,2.8,5.10a,1,70,-83.71141,37.65193,Pendergrass-Murray Recreational Preserve (PMRP),Courtesy Wall,10,std: climb large iron oxide jugs below to a crimpy and reachy crux. small but good intermediates exist for shorter climbers at the crux if you look for them.,"crimp, crux, jug",good,-,-,0,1,0,0,0,0,0
121337682,Buenos Hermanos,Red River Gorge > Pendergrass-Murray Recreational Preserve (PMRP) > Courtesy Wall,https://www.mountainproject.com/route/121337682/buenos-hermanos,2,5.10d,1,50,-83.71141,37.65193,Pendergrass-Murray Recreational Preserve (PMRP),Courtesy Wall,10,"buenos hermanos: climb iron rails past a short flake feature in the middle of the wall. from the large jug shelf, bear down through extremely thin crimps, technical feet, and a pair of garbage slopers.expect a lot of dirt and lichen, although it would actually climb quite well if cleaned up.","crimp, flake, jug, sloper, technical",-,thin,-,0,0,0,0,1,0,0
109641602,Sudoku,Red River Gorge > Pendergrass-Murray Recreational Preserve (PMRP) > Curbside,https://www.mountainproject.com/route/109641602/sudoku,2.3,5.10a,1,50,-83.71917,37.65051,Pendergrass-Murray Recreational Preserve (PMRP),Curbside,10,sudoku: pull through a boulder problem and then continue on jugs to the anchors.,jug,-,-,-,0,0,0,0,0,0,0
111220419,Waltz the Deal,Red River Gorge > Pendergrass-Murray Recreational Preserve (PMRP) > Curbside,https://www.mountainproject.com/route/111220419/waltz-the-deal,2.2,5.10a,1,50,-83.71917,37.65051,Pendergrass-Murray Recreational Preserve (PMRP),Curbside,10,"waltz the deal: climb some low angle slab up to the roof. clip bolt and continue onto some interesting climbing.  or, do the direct start going straight (left of the slab). goes at about the same grade.","roof, slab",interesting,-,-,0,1,0,0,0,0,1
108400396,Single Finger Salute,Red River Gorge > Pendergrass-Murray Recreational Preserve (PMRP) > Curbside,https://www.mountainproject.com/route/108400396/single-finger-salute,2.3,5.10c,1,55,-83.71917,37.65051,Pendergrass-Murray Recreational Preserve (PMRP),Curbside,10,"single finger salute: just to the left and around the corner from ghost in the machine, single finger salute is better than its neighbor to the right, second labor of hercules. cruxy off the ground to a no hands rest, climb the roof on good jugs, then establish out of the roof on smaller holds.","crux, jug, roof",good,rest,-,0,1,0,0,0,0,1
109641623,Action over Apathy,Red River Gorge > Pendergrass-Murray Recreational Preserve (PMRP) > Curbside,https://www.mountainproject.com/route/109641623/action-over-apathy,2,5.10c,1,60,-83.71917,37.65051,Pendergrass-Murray Recreational Preserve (PMRP),Curbside,10,action over apathy: climb crimpy pockets to a small roof pull the roof straight over (don't cheat left) and then follow pockets to the top.,"crimp, pocket, roof",-,-,-,0,0,0,0,0,0,1
111234838,Curbside No Traction,Red River Gorge > Pendergrass-Murray Recreational Preserve (PMRP) > Curbside,https://www.mountainproject.com/route/111234838/curbside-no-traction,3.1,5.10c,1,35,-83.71917,37.65051,Pendergrass-Murray Recreational Preserve (PMRP),Curbside,10,curbside no traction: surprisingly fun slab route with a flake thrown in about halfway up for good measure. can be dirty after it rains.,"flake, slab","fun, good",-,dirty,1,1,1,0,0,0,1
106125052,The Second Labor of Hercules,Red River Gorge > Pendergrass-Murray Recreational Preserve (PMRP) > Curbside,https://www.mountainproject.com/route/106125052/the-second-labor-of-hercules,1.9,5.10c/d,1,50,-83.71917,37.65051,Pendergrass-Murray Recreational Preserve (PMRP),Curbside,10,the second labor of hercules: tough face climbing to a good no hands rest then there's a short over-hanging sprint to the last bolt and anchors,face,good,"rest, tough",-,0,1,0,0,0,0,0
106782196,Ghost in the Machine,Red River Gorge > Pendergrass-Murray Recreational Preserve (PMRP) > Curbside,https://www.mountainproject.com/route/106782196/ghost-in-the-machine,2.7,5.10c/d,1,60,-83.71917,37.65051,Pendergrass-Murray Recreational Preserve (PMRP),Curbside,10,"ghost in the machine: this route makes a nice warm up for the other lines on this wall.   start just to the right of the arete and climb straight up using very positive holds to reach a large ledge at mid height.   pulling the moves off this large ledge is the crux.   once established above the ledge, it's jugs to the finish.","arete, crux, jug, ledge","nice, warm-up",-,-,0,1,0,0,0,0,1
109481163,Pottsville Escarpment,Red River Gorge > Pendergrass-Murray Recreational Preserve (PMRP) > Drive-By Crag,https://www.mountainproject.com/route/109481163/pottsville-escarpment,3.1,5.10a,1,80,-83.72495,37.65291,Pendergrass-Murray Recreational Preserve (PMRP),Drive-By Crag,10,"pottsville escarpment: a long, pleasent slab pitch that follows good edges and flaring cracks.  the start and the middle are the steepest and hardest part of the route.  the first 6 feet is a bit grungy, but once on the route the rock is great.  definitely want a stick clip.  this is an excellent option for when the 5.10's at the main drive-by crag are mobbed.","crack, slab","excellent, good, great",stick-clip,-,0,1,1,0,0,0,1
110415771,Layback and Groove,Red River Gorge > Pendergrass-Murray Recreational Preserve (PMRP) > Drive-By Crag,https://www.mountainproject.com/route/110415771/layback-and-groove,2.4,5.10b,1,50,-83.72495,37.65291,Pendergrass-Murray Recreational Preserve (PMRP),Drive-By Crag,10,"layback and groove: lie back the difficult crack\corner, then move left onto the steep face and up into the headwall to stellar finish on giant ""chicken head"" flakes!","crack, face, flake",-,difficult,-,0,0,0,0,1,0,0
111769220,Deeper is Better,Red River Gorge > Pendergrass-Murray Recreational Preserve (PMRP) > Drive-By Crag,https://www.mountainproject.com/route/111769220/deeper-is-better,2.8,5.10b,1,60,-83.72495,37.65291,Pendergrass-Murray Recreational Preserve (PMRP),Drive-By Crag,10,deeper is better: to the right of whip stocking is this fun juggy line. gain the ledge using large jugs then continue up the interesting arete feature before continuing up on sharp edges and jugs to a hole with anchors in it.,"arete, jug, ledge","fun, interesting",-,-,0,1,1,0,0,0,1
106081926,Make  A Wish,Red River Gorge > Pendergrass-Murray Recreational Preserve (PMRP) > Drive-By Crag,https://www.mountainproject.com/route/106081926/make-a-wish,2.6,5.10b,1,75,-83.72495,37.65291,Pendergrass-Murray Recreational Preserve (PMRP),Drive-By Crag,10,make  a wish: this route has good holds but odd sequences. used as the area warmup but nowhere near as fun as the rest.,-,"fun, good",rest,-,0,1,1,0,0,0,0
106577353,Slick and the 9mm,Red River Gorge > Pendergrass-Murray Recreational Preserve (PMRP) > Drive-By Crag,https://www.mountainproject.com/route/106577353/slick-and-the-9mm,2.6,5.10b,1,60,-83.72495,37.65291,Pendergrass-Murray Recreational Preserve (PMRP),Drive-By Crag,10,slick and the 9mm: this route climbs better than you think it will.  make some pretty easy moves to a good rest and climb through the bulge (crux) quickly.,crux,"easy, good","rest, thin",-,0,1,0,0,0,0,0
109522470,Harshin' my Mellow,Red River Gorge > Pendergrass-Murray Recreational Preserve (PMRP) > Drive-By Crag,https://www.mountainproject.com/route/109522470/harshin-my-mellow,1.5,5.10c,1,60,-83.72495,37.65291,Pendergrass-Murray Recreational Preserve (PMRP),Drive-By Crag,10,harshin' my mellow: slightly overhanging with good holds for most of the way.  do some easy climbing to the base of a short corner.  a few stemming moves brings you to the base of the steeper headwall.  a brief crux on slopey edges gain better holds.  look for the cool knob hold and enjoy a quick hand crack just below the anchors.,"crack, crux, sloper","easy, good",-,-,0,1,0,0,0,0,0
109714325,A Wave New World,Red River Gorge > Pendergrass-Murray Recreational Preserve (PMRP) > Drive-By Crag,https://www.mountainproject.com/route/109714325/a-wave-new-world,2.2,5.10c,1,60,-83.72495,37.65291,Pendergrass-Murray Recreational Preserve (PMRP),Drive-By Crag,10,"a wave new world: the route start is 10' left of make a wish. climb interesting move up the corner past two bolts, clip the 3rd bolt, (find the no hands knee bar rest and clipping stance) decipher the tricky technical crux which leads to the horizontal ledge. traverse left past a bolt and then climb straight up to gain the opposing shallow cracks\side pulls, (better on the left). climb up the face past two more bolts to the anchor. you can climb out right to a large pocket for a better stance to clip the anchor.","crack, crux, face, ledge, pocket, technical",interesting,"rest, traverse, tricky",-,0,1,0,0,0,0,0
106081922,Breakfast Burrito,Red River Gorge > Pendergrass-Murray Recreational Preserve (PMRP) > Drive-By Crag,https://www.mountainproject.com/route/106081922/breakfast-burrito,3.7,5.10c/d,1,80,-83.72495,37.65291,Pendergrass-Murray Recreational Preserve (PMRP),Drive-By Crag,10,breakfast burrito: fun plate climbing leads up to a very large ledge. rest and get ready for the steep exciting finish. pull around the arete and follow great holds to the top!,"arete, ledge","fun, great",rest,-,0,1,1,0,0,0,1
106081931,Fire and Brimstone,Red River Gorge > Pendergrass-Murray Recreational Preserve (PMRP) > Drive-By Crag,https://www.mountainproject.com/route/106081931/fire-and-brimstone,3.6,5.10d,1,90,-83.72495,37.65291,Pendergrass-Murray Recreational Preserve (PMRP),Drive-By Crag,10,fire and brimstone: good holds lead to a crimpy crux about mid way up. after this you get a decent rest and power past a big sloper to the top. really fun climbing on great holds!!,"crimp, crux, sloper","fun, good, great",rest,-,0,1,1,0,0,0,0
109481550,Sojourner Truth,Red River Gorge > Pendergrass-Murray Recreational Preserve (PMRP) > Drive-By Crag,https://www.mountainproject.com/route/109481550/sojourner-truth,2,5.10d,1,55,-83.72495,37.65291,Pendergrass-Murray Recreational Preserve (PMRP),Drive-By Crag,10,sojourner truth: easy jugs plates to a scoop below a steeper upper half.  negotiate a wandering sequence of edges and pockets to reach the chains.,"jug, pocket",easy,-,-,0,1,0,0,0,0,0
121715661,The Midnight Gospel,Red River Gorge > Pendergrass-Murray Recreational Preserve (PMRP) > Drive-By Crag,https://www.mountainproject.com/route/121715661/the-midnight-gospel,2.6,5.10d,1,60,-83.72495,37.65291,Pendergrass-Murray Recreational Preserve (PMRP),Drive-By Crag,10,"the midnight gospel: take on the left or right start, then find your way to a cruxy big move through the blank panel at the 4th bolt where you'll be faced with another interesting decision. dont let up after this, as there are still some real moves left to tick this one off!sun until 130ishstays dry in heavy rain",crux,interesting,-,-,0,1,0,0,0,0,0
122546080,On Watch in the Notch,Red River Gorge > Pendergrass-Murray Recreational Preserve (PMRP) > Far Side,https://www.mountainproject.com/route/122546080/on-watch-in-the-notch,2,5.10a,1,40,-83.73587,37.67377,Pendergrass-Murray Recreational Preserve (PMRP),Far Side,10,"on watch in the notch: hard but good start, then pockets and side pulls to the finish. angles slightly right at the finish.",pocket,good,-,-,0,1,0,0,0,0,0
122546027,Sharpshooter,Red River Gorge > Pendergrass-Murray Recreational Preserve (PMRP) > Far Side,https://www.mountainproject.com/route/122546027/sharpshooter,0.8,5.10b,1,45,-83.73587,37.67377,Pendergrass-Murray Recreational Preserve (PMRP),Far Side,10,NA,NA,NA,NA,NA,NA,NA,NA,NA,NA,NA,NA
120395192,Snow Day,Red River Gorge > Pendergrass-Murray Recreational Preserve (PMRP) > Far Side,https://www.mountainproject.com/route/120395192/snow-day,1.4,5.10,1,50,-83.73587,37.67377,Pendergrass-Murray Recreational Preserve (PMRP),Far Side,10,"snow day: start by stemming between the detached boulder and the wall. decide when to leave the comfort of the ledge and commit to the face. climb on pockets and edges to the anchor. as of early 2021, this route has a good bit of lichen / dirt on it - bring a brush.","face, ledge, pocket",good,-,-,0,1,0,0,0,0,0
106971714,Subject to Change,Red River Gorge > Pendergrass-Murray Recreational Preserve (PMRP) > Far Side,https://www.mountainproject.com/route/106971714/subject-to-change,2.2,5.10d,1,40,-83.73587,37.67377,Pendergrass-Murray Recreational Preserve (PMRP),Far Side,10,"subject to change: this route is reached by heading right from the notch and making your way along the base of the cliffline (not up the steep hill, nor down the road).  crimpy moves with a few underclings - finesse your way to the anchors.",crimp,-,-,-,0,0,0,0,0,0,0
112179454,Nameless,Red River Gorge > Pendergrass-Murray Recreational Preserve (PMRP) > Far Side,https://www.mountainproject.com/route/112179454/nameless,2,5.10d,1,40,-83.73587,37.67377,Pendergrass-Murray Recreational Preserve (PMRP),Far Side,10,nameless: climb underclings and slopers past several tough moves that do not really let up.,sloper,-,tough,-,0,0,0,0,0,0,0
107289422,Jet Lag,Red River Gorge > Pendergrass-Murray Recreational Preserve (PMRP) > Left Field,https://www.mountainproject.com/route/107289422/jet-lag,1.7,5.9+,1,60,-83.71543,37.65295,Pendergrass-Murray Recreational Preserve (PMRP),Left Field,9,jet lag: climb a fat flake leading to a small bulge. pull the bulge and continue on big ledges to the anchors.,"flake, ledge",-,-,-,0,0,0,0,1,0,0
106973595,Thru Space and Time,Red River Gorge > Pendergrass-Murray Recreational Preserve (PMRP) > Left Field,https://www.mountainproject.com/route/106973595/thru-space-and-time,2.9,5.10a,1,65,-83.71543,37.65295,Pendergrass-Murray Recreational Preserve (PMRP),Left Field,10,"thru space and time: balance moves start this climb up to a small roof about 10 feet from the ground, then lead to a crimpy, edgy, technical face to the chains.","crimp, face, roof, technical",-,balance,-,0,0,0,0,0,0,1
107289398,Apoplectic Chick from Missouri,Red River Gorge > Pendergrass-Murray Recreational Preserve (PMRP) > Left Field,https://www.mountainproject.com/route/107289398/apoplectic-chick-from-missouri,2.2,5.10b/c,1,45,-83.71543,37.65295,Pendergrass-Murray Recreational Preserve (PMRP),Left Field,10,"apoplectic chick from missouri: climb through and overhanging section to a blank face. negotiate the blank section, then continue on larger holds to the anchors.",face,-,-,-,0,0,0,0,0,0,0
124650484,Ticket Redemption,Red River Gorge > Pendergrass-Murray Recreational Preserve (PMRP) > North 40,https://www.mountainproject.com/route/124650484/ticket-redemption,3.1,5.10a/b,1,55,-83.7082,37.6523,Pendergrass-Murray Recreational Preserve (PMRP),North 40,10,"ticket redemption: past the two cracks is a bolted arête. pull over the undercut start, then follow comfortable slots, sidepulls, & pockets as you move back and forth up the corner.","arete, crack, pocket",-,-,-,0,0,0,0,0,0,1
107903491,The Gimp,Red River Gorge > Pendergrass-Murray Recreational Preserve (PMRP) > Purgatory,https://www.mountainproject.com/route/107903491/the-gimp,2.4,5.10a,1,60,-83.70746,37.65343,Pendergrass-Murray Recreational Preserve (PMRP),Purgatory,10,the gimp: make a few quick pulls to get off the ground and into more interesting balance moves.  then continue up the steepening face on decent holds.  fight the pump (if this isn't just a warm-up for the more difficult popular lines here).,face,"interesting, warm-up","balance, difficult, pumpy",-,0,1,0,0,0,0,0
107903509,Jumbo Shrimp,Red River Gorge > Pendergrass-Murray Recreational Preserve (PMRP) > Purgatory,https://www.mountainproject.com/route/107903509/jumbo-shrimp,1.8,5.10a,1,50,-83.70746,37.65343,Pendergrass-Murray Recreational Preserve (PMRP),Purgatory,10,jumbo shrimp: starts with a bit of slab climbing that quickly gets steeper; then pull a small overhang on holds appropriate for the grade.  slightly harder than that route to it's left.,slab,-,-,-,0,0,0,0,0,0,1
107684861,Rorshach Inkblot Test,Red River Gorge > Pendergrass-Murray Recreational Preserve (PMRP) > Rival Wall,https://www.mountainproject.com/route/107684861/rorshach-inkblot-test,2.2,5.8+,1,50,-83.71274,37.6518,Pendergrass-Murray Recreational Preserve (PMRP),Rival Wall,8,NA,NA,NA,NA,NA,NA,NA,NA,NA,NA,NA,NA
107860025,Days of Thunder,Red River Gorge > Pendergrass-Murray Recreational Preserve (PMRP) > Rival Wall,https://www.mountainproject.com/route/107860025/days-of-thunder,1.4,5.9,1,60,-83.71274,37.6518,Pendergrass-Murray Recreational Preserve (PMRP),Rival Wall,9,days of thunder: sorta fun if the other routes are occupied.  a little dirty with an interesting stem move or supposedly crux sloper sequence higher up,"crux, sloper","fun, interesting",-,dirty,1,1,1,0,0,0,0
107685747,Monobrow,Red River Gorge > Pendergrass-Murray Recreational Preserve (PMRP) > Rival Wall,https://www.mountainproject.com/route/107685747/monobrow,2.7,5.10a,1,50,-83.71274,37.6518,Pendergrass-Murray Recreational Preserve (PMRP),Rival Wall,10,"monobrow: fun route, good variety of moves, interesting arete climb.",arete,"fun, good, interesting",-,-,0,1,1,0,0,0,1
107132538,Delayed Gratification,Red River Gorge > Pendergrass-Murray Recreational Preserve (PMRP) > Rival Wall,https://www.mountainproject.com/route/107132538/delayed-gratification,3.1,5.10c,1,80,-83.71274,37.6518,Pendergrass-Murray Recreational Preserve (PMRP),Rival Wall,10,delayed gratification: this face climbs like something out of the gym.  start at a right facing flake.  make a couple of technical moves to get above onto the big iron horizontals.  make a long move to gain a thin horizontal (crux) near the beginning of the face section.  then follow huge iron ledges to a short section of pockets to the top fighting the pump the whole way.,"crux, face, flake, ledge, pocket, technical",-,"pumpy, thin",-,0,0,0,0,1,0,0
107132554,Hatfield,Red River Gorge > Pendergrass-Murray Recreational Preserve (PMRP) > Rival Wall,https://www.mountainproject.com/route/107132554/hatfield,3.4,5.10d,1,80,-83.71274,37.6518,Pendergrass-Murray Recreational Preserve (PMRP),Rival Wall,10,"hatfield: this route has cleaned up very nicely leaving some beautiful pockets and edges up a slightly overhanging technical face.  definitely an area classic.  begin up the easy slab for a few bolts.  start up the steepening face.  make moves between thin edges, pockets, and an occasional jug.  fight the pump the entire way to the anchors.  this climb has a lot less shake outs than its neighbor so keep moving.","face, jug, pocket, slab, technical","beautiful, classic, easy, nice","pumpy, thin",-,0,1,0,1,0,0,1
110861833,McCoy,Red River Gorge > Pendergrass-Murray Recreational Preserve (PMRP) > Rival Wall,https://www.mountainproject.com/route/110861833/mccoy,2,5.10d,1,70,-83.71274,37.6518,Pendergrass-Murray Recreational Preserve (PMRP),Rival Wall,10,mccoy: start in the awkward layback to good holds. follow the good holds to a dirty ledge. pull the weird roof thing anyway you can and then follow much easier moves up the vertical face to the top.,"face, ledge, roof","easier, good",thin,dirty,1,1,0,0,0,0,1
119328566,Ultimate Rival,Red River Gorge > Pendergrass-Murray Recreational Preserve (PMRP) > Rival Wall,https://www.mountainproject.com/route/119328566/ultimate-rival,0.8,5.10d,1,75,-83.71274,37.6518,Pendergrass-Murray Recreational Preserve (PMRP),Rival Wall,10,"ultimate rival: start left of a small dihedral and climb past 4 bolts to a no-hands rest at a break in the cliff. clip the 5th bolt and pull the roof using crimps, pockets, and a decent right foot hidden in some manky looking rock.  clip the 6th bolt after pulling onto the roof and keep it together on decent edges and pockets to the chains.","crimp, dihedral, pocket, roof",-,rest,-,0,0,0,0,1,0,1
107062156,Listerine Girl,Red River Gorge > Pendergrass-Murray Recreational Preserve (PMRP) > Shady Grove,https://www.mountainproject.com/route/107062156/listerine-girl,1.5,5.10a,1,75,-83.71364,37.65431,Pendergrass-Murray Recreational Preserve (PMRP),Shady Grove,10,listerine girl: climb to a dish then move out onto a tongue feature before hitting the roof. finish on well-featured slab before chains,"roof, slab",-,-,-,0,0,0,0,0,0,1
108997649,Street Fight,Red River Gorge > Pendergrass-Murray Recreational Preserve (PMRP) > Shady Grove,https://www.mountainproject.com/route/108997649/street-fight,2.2,5.10b,1,60,-83.71364,37.65431,Pendergrass-Murray Recreational Preserve (PMRP),Shady Grove,10,street fight: fun slab with a short but very footsy crux at the 3rd bolt.  make a few crimp moves and pull into a large scoop.  move right and engage the techy crux which relies more on footwork than finger strength.  the last 40 feet is much easier.,"crimp, crux, slab","easier, fun",techy,-,0,1,1,0,0,0,1
106702996,Girls Gone Wild..WOO!,Red River Gorge > Pendergrass-Murray Recreational Preserve (PMRP) > Shady Grove,https://www.mountainproject.com/route/106702996/girls-gone-wildwoo,2.9,5.10d,1,60,-83.71364,37.65431,Pendergrass-Murray Recreational Preserve (PMRP),Shady Grove,10,girls gone wild..woo!: 2nd leftmost route on the wall. a classic jug haul up an aesthetic line,jug,classic,-,-,0,1,0,0,0,0,0
111146086,7-11,Red River Gorge > Pendergrass-Murray Recreational Preserve (PMRP) > Solar Collector/Gold Coast,https://www.mountainproject.com/route/111146086/7-11,1.7,5.8,1,45,-83.73409,37.6775,Pendergrass-Murray Recreational Preserve (PMRP),Solar Collector/Gold Coast,8,7-11: this route climbs the face and arete just right of the chimney. climb using cool side pulls and pockets to a crimpy section before finishing on better holds to the top.,"arete, chimney, crimp, face, pocket",-,-,-,0,0,0,0,1,0,1
108165689,Sunny the Boxer,Red River Gorge > Pendergrass-Murray Recreational Preserve (PMRP) > Solar Collector/Gold Coast,https://www.mountainproject.com/route/108165689/sunny-the-boxer,2.8,5.9,1,85,-83.73409,37.6775,Pendergrass-Murray Recreational Preserve (PMRP),Solar Collector/Gold Coast,9,NA,NA,NA,NA,NA,NA,NA,NA,NA,NA,NA,NA
106973588,Norway On My Mind,Red River Gorge > Pendergrass-Murray Recreational Preserve (PMRP) > Solar Collector/Gold Coast,https://www.mountainproject.com/route/106973588/norway-on-my-mind,2.2,5.9,1,45,-83.73409,37.6775,Pendergrass-Murray Recreational Preserve (PMRP),Solar Collector/Gold Coast,9,"norway on my mind: slabby face with a big hueco set on the left side of a right facing dihedral. crimpy, balance moves up to a fun, technical finish.","crimp, dihedral, face, hueco, slab, technical",fun,balance,-,0,1,1,0,0,0,1
107133269,On the Prowl,Red River Gorge > Pendergrass-Murray Recreational Preserve (PMRP) > Solar Collector/Gold Coast,https://www.mountainproject.com/route/107133269/on-the-prowl,2.7,5.9+,1,50,-83.73409,37.6775,Pendergrass-Murray Recreational Preserve (PMRP),Solar Collector/Gold Coast,9,on the prowl: nice slab climb just to the left of an obvious arete. begin from a small ledge 10 feet above the trail. use the arete where possible.,"arete, ledge, slab",nice,-,-,0,1,0,0,0,0,1
107080668,Brambly Downslide,Red River Gorge > Pendergrass-Murray Recreational Preserve (PMRP) > Solar Collector/Gold Coast,https://www.mountainproject.com/route/107080668/brambly-downslide,2.9,5.10a,1,75,-83.73409,37.6775,Pendergrass-Murray Recreational Preserve (PMRP),Solar Collector/Gold Coast,10,brambly downslide: enjoy fun and technical slab climbing.,"slab, technical",fun,-,-,0,1,1,0,0,0,1
107878537,The Decline of Western Civilization,Red River Gorge > Pendergrass-Murray Recreational Preserve (PMRP) > Solar Collector/Gold Coast,https://www.mountainproject.com/route/107878537/the-decline-of-western-civilization,2.4,5.10a,1,50,-83.73409,37.6775,Pendergrass-Murray Recreational Preserve (PMRP),Solar Collector/Gold Coast,10,NA,NA,NA,NA,NA,NA,NA,NA,NA,NA,NA,NA
113237146,Peer Review,Red River Gorge > Pendergrass-Murray Recreational Preserve (PMRP) > Solar Collector/Gold Coast,https://www.mountainproject.com/route/113237146/peer-review,0.9,5.10b,1,35,-83.73409,37.6775,Pendergrass-Murray Recreational Preserve (PMRP),Solar Collector/Gold Coast,10,NA,NA,NA,NA,NA,NA,NA,NA,NA,NA,NA,NA
106588480,Super Pinch,Red River Gorge > Pendergrass-Murray Recreational Preserve (PMRP) > Solar Collector/Gold Coast,https://www.mountainproject.com/route/106588480/super-pinch,2.6,5.10d,1,50,-83.73409,37.6775,Pendergrass-Murray Recreational Preserve (PMRP),Solar Collector/Gold Coast,10,"super pinch: this pockety route has many choices of holds and pretty much all of them are sharp. the iron rock edges are not just at the lips but there are additional edges inside the pockets. that said you don't have to hold on that hard since the holds will grab your skin for you.  long pulls between relatively good hold, though the next ne always seems just a bit further than it should be. quite continuous for the grade and you never really get two good holds side by side or a good hold to match and rest on.",pocket,good,rest,-,0,1,0,0,0,0,0
114435596,Crazy Eyes,Red River Gorge > Pendergrass-Murray Recreational Preserve (PMRP) > The Bright Side,https://www.mountainproject.com/route/114435596/crazy-eyes,1.1,5.9,1,35,-83.73568,37.67859,Pendergrass-Murray Recreational Preserve (PMRP),The Bright Side,9,crazy eyes: short and rather chossy climb with a small roof in the middle.,roof,-,-,choss,1,0,0,0,0,0,1
108121447,Pickpocket,Red River Gorge > Pendergrass-Murray Recreational Preserve (PMRP) > The Bright Side,https://www.mountainproject.com/route/108121447/pickpocket,1.4,5.10d,1,50,-83.73568,37.67859,Pendergrass-Murray Recreational Preserve (PMRP),The Bright Side,10,pickpocket: hard start on painful rock to easier climbing.,pocket,easier,-,-,0,1,0,0,0,0,0
108301541,Deeznuts,Red River Gorge > Pendergrass-Murray Recreational Preserve (PMRP) > The Crossroads,https://www.mountainproject.com/route/108301541/deeznuts,2.6,5.8,1,60,-83.73312,37.67609,Pendergrass-Murray Recreational Preserve (PMRP),The Crossroads,8,deeznuts: climb just right of a crack using face holds and and the crack to make it to a bulging feature just before the anchors.  this route can be climbed on gear.,"crack, face",-,-,-,0,0,0,0,0,0,0
119299656,Spoiler Bait,Red River Gorge > Pendergrass-Murray Recreational Preserve (PMRP) > The Crossroads,https://www.mountainproject.com/route/119299656/spoiler-bait,2.9,5.8,1,45,-83.73312,37.67609,Pendergrass-Murray Recreational Preserve (PMRP),The Crossroads,8,spoiler bait: climb good ledges to fun slab moves. finish on a monster bucket,"ledge, slab","fun, good",-,-,0,1,1,0,0,0,1
106876099,Boilerplate,Red River Gorge > Pendergrass-Murray Recreational Preserve (PMRP) > The Crossroads,https://www.mountainproject.com/route/106876099/boilerplate,3.4,5.8,1,50,-83.73312,37.67609,Pendergrass-Murray Recreational Preserve (PMRP),The Crossroads,8,"boilerplate: super fun climbing for the grade with everything from slab to slightly overhung. heady, exposed feeling at the top (crux section)!","crux, slab",fun,thin,-,0,1,1,0,0,0,1
108725080,Love Potion  9,Red River Gorge > Pendergrass-Murray Recreational Preserve (PMRP) > The Crossroads,https://www.mountainproject.com/route/108725080/love-potion-9,2.7,5.9,1,65,-83.73312,37.67609,Pendergrass-Murray Recreational Preserve (PMRP),The Crossroads,9,"love potion  9: fun face climbing for the first half of the route, and sloping slots with tricky feet for the second half",face,fun,tricky,-,0,1,1,0,0,0,0
125419438,Sitting on Top of the World,Red River Gorge > Pendergrass-Murray Recreational Preserve (PMRP) > The Crossroads,https://www.mountainproject.com/route/125419438/sitting-on-top-of-the-world,2.6,5.9,1,85,-83.73312,37.67609,Pendergrass-Murray Recreational Preserve (PMRP),The Crossroads,9,sitting on top of the world: mostly vertical with a couple of bulges. slab finish,slab,-,-,-,0,0,0,0,0,0,1
125684224,Just Goosin’,Red River Gorge > Pendergrass-Murray Recreational Preserve (PMRP) > The Crossroads,https://www.mountainproject.com/route/125684224/just-goosin,2.1,5.9,1,80,-83.73312,37.67609,Pendergrass-Murray Recreational Preserve (PMRP),The Crossroads,9,"just goosin’: a heavily featured vertical face with a couple of bulges that angles up right through a slab section to a ledge, then up a right side bulge past a roof to the anchors. there is a link with a biner on the second to last bolt to make cleaning and pulling the rope easier. leave it so your rope won’t get stuck on the pine tree to right.","face, ledge, roof, slab",easier,-,-,0,1,0,0,0,0,1
123110897,Lightly Salted,Red River Gorge > Pendergrass-Murray Recreational Preserve (PMRP) > The Crossroads,https://www.mountainproject.com/route/123110897/lightly-salted,2.8,5.10a,1,30,-83.73312,37.67609,Pendergrass-Murray Recreational Preserve (PMRP),The Crossroads,10,lightly salted: slab with some spice in the middle. trust your feet.,slab,-,-,rust,1,0,0,0,0,0,1
123329427,The Pressure Principle,Red River Gorge > Pendergrass-Murray Recreational Preserve (PMRP) > The Crossroads,https://www.mountainproject.com/route/123329427/the-pressure-principle,2.4,5.10a,1,40,-83.73312,37.67609,Pendergrass-Murray Recreational Preserve (PMRP),The Crossroads,10,the pressure principle: solid slab climbing on solid rock.,slab,-,-,-,0,0,0,0,0,0,1
106817338,A1A,Red River Gorge > Pendergrass-Murray Recreational Preserve (PMRP) > The Crossroads,https://www.mountainproject.com/route/106817338/a1a,2.7,5.10b,1,50,-83.73312,37.67609,Pendergrass-Murray Recreational Preserve (PMRP),The Crossroads,10,a1a: left-most bolted route on the face with the wave shaped roof. crux is down low. nice rock with fun moves.,"crux, face, roof","fun, nice",-,-,0,1,1,0,0,0,1
107860456,Banjolero,Red River Gorge > Pendergrass-Murray Recreational Preserve (PMRP) > The Crossroads,https://www.mountainproject.com/route/107860456/banjolero,3.3,5.10c,1,65,-83.73312,37.67609,Pendergrass-Murray Recreational Preserve (PMRP),The Crossroads,10,banjolero: a fun steep and pocketed route that saves the crux for the last move.  start in a dihedral feature where left wall is covered in pockets.  make the easy moves to get to the first bolts.  get into the dihedral feature using and use the steep pockets to get through the next few bolts.  move left at the top onto a flake feature on the left face.  hurry up and make the last few tough moves before your arms give out and clip the anchors.,"crux, dihedral, face, flake, pocket","easy, fun",tough,-,0,1,1,0,1,0,0
111124957,Fairweather Friend,Red River Gorge > Pendergrass-Murray Recreational Preserve (PMRP) > The Crossroads,https://www.mountainproject.com/route/111124957/fairweather-friend,3.6,5.10c,1,80,-83.73312,37.67609,Pendergrass-Murray Recreational Preserve (PMRP),The Crossroads,10,"fairweather friend: a varied line that throws a little slab, stemming and pump at you.  awkward pods and pockets on a slab lead to a mantle off some classically southern slopers.  follow an easy corner with pockets in the crack until the angle steepens.  a brief stemming crux on scoops gains nice pockets to the top.","crack, crux, mantle, pocket, slab, sloper","classic, easy, nice",pumpy,-,0,1,0,0,0,0,1
108725074,N4,Red River Gorge > Pendergrass-Murray Recreational Preserve (PMRP) > The Crossroads,https://www.mountainproject.com/route/108725074/n4,2,5.10c/d,1,40,-83.73312,37.67609,Pendergrass-Murray Recreational Preserve (PMRP),The Crossroads,10,n4: forty feet of fun with a nice solid crux at the third clip,crux,"fun, nice",-,-,0,1,1,0,0,0,0
107860443,Yell Fire!,Red River Gorge > Pendergrass-Murray Recreational Preserve (PMRP) > The Crossroads,https://www.mountainproject.com/route/107860443/yell-fire,3.2,5.10d,1,80,-83.73312,37.67609,Pendergrass-Murray Recreational Preserve (PMRP),The Crossroads,10,yell fire!: a good slab problem that requires good footwork and some confidence.  start at the left end of the wave like roof.  slap and smear your way to the first stance on the short flake feature.  make thin moves up to the next bolt below the roof.  figure out how to make the tough stand up to shoot for the jug at the roof.  make a few more difficult moves to get above the roof and enjoy the easier slab to the last section of pockets.  pull through moderate pockets on some steep terrain to get to the chains.,"flake, jug, pocket, roof, slab","easier, good","difficult, smear, thin, tough",-,0,1,0,0,0,0,1
106962365,Small Fry,Red River Gorge > Pendergrass-Murray Recreational Preserve (PMRP) > The Dark Side,https://www.mountainproject.com/route/106962365/small-fry,2.2,5.9,1,40,-83.73759,37.67874,Pendergrass-Murray Recreational Preserve (PMRP),The Dark Side,9,small fry: a fun little route to pass the time if you're waiting in line on the main wall.,-,fun,-,-,0,1,1,0,0,0,0
106324468,Padawan,Red River Gorge > Pendergrass-Murray Recreational Preserve (PMRP) > The Dark Side,https://www.mountainproject.com/route/106324468/padawan,2.5,5.10a,1,40,-83.73759,37.67874,Pendergrass-Murray Recreational Preserve (PMRP),The Dark Side,10,"padawan: padowan is a good moderate that climbs vertical stone on heavily featured pockets and plates.  begin with some steep moves to gain the wall, heading up and right.  the route eases as you ascend, with a bit of difficulty coming right before the chains.",pocket,good,difficult,-,0,1,0,0,0,0,0
118912562,Younglings,Red River Gorge > Pendergrass-Murray Recreational Preserve (PMRP) > The Dark Side,https://www.mountainproject.com/route/118912562/younglings,2.3,5.10b,1,40,-83.73759,37.67874,Pendergrass-Murray Recreational Preserve (PMRP),The Dark Side,10,younglings: climb the clean face on consistent edges and a variety of pockets to a set of cruxy crimps up top. might serve as a slightly better warm up for the fingers than its juggier neighbors.,"crimp, crux, face, jug, pocket",warm-up,-,-,0,1,0,0,0,0,0
108943392,Barn Dance,Red River Gorge > Pendergrass-Murray Recreational Preserve (PMRP) > The Dark Side,https://www.mountainproject.com/route/108943392/barn-dance,2.3,5.10d,1,60,-83.73759,37.67874,Pendergrass-Murray Recreational Preserve (PMRP),The Dark Side,10,"barn dance: this neglected slab follows some interesting features, and offers some fun knob pulling.  stick clip the first bolt, then do some delicate moves to reach a right-trending crack.  hug past a protruding column, navigate through some large knobs, and then mantle into a large, slopey hueco.","crack, hueco, mantle, slab, sloper","fun, interesting",stick-clip,-,0,1,1,0,0,0,1
106125099,27 Years of Climbing,Red River Gorge > Pendergrass-Murray Recreational Preserve (PMRP) > The Gallery,https://www.mountainproject.com/route/106125099/27-years-of-climbing,3.6,5.8,1,65,-83.71772,37.65292,Pendergrass-Murray Recreational Preserve (PMRP),The Gallery,8,27 years of climbing: great spicy climb for the beginning leader. huge holds with great movements,-,great,-,-,0,1,1,0,0,0,0
111490719,Crimpy and the Brain,Red River Gorge > Pendergrass-Murray Recreational Preserve (PMRP) > The Gallery,https://www.mountainproject.com/route/111490719/crimpy-and-the-brain,1.8,5.9,1,50,-83.71772,37.65292,Pendergrass-Murray Recreational Preserve (PMRP),The Gallery,9,crimpy and the brain: start to the left on dirty rock to gain the face moving out right over the roof. continue up the less than vertical face on good edges and the occasional jug past a hard move here and there.,"crimp, face, jug, roof",good,-,dirty,1,1,0,0,0,0,1
200384754,Jimson Weed,Red River Gorge > Pendergrass-Murray Recreational Preserve (PMRP) > The Gallery,https://www.mountainproject.com/route/200384754/jimson-weed,2.6,5.9,1,30,-83.71772,37.65292,Pendergrass-Murray Recreational Preserve (PMRP),The Gallery,9,"jimson weed: pull through a series of small roofs to gain the slabby headwall. once there, make a series of thoughtful moves, culminating in an awkward lunge for the chains. short but varied!","roof, slab",-,-,-,0,0,0,0,0,0,1
200384653,Mona J,Red River Gorge > Pendergrass-Murray Recreational Preserve (PMRP) > The Gallery,https://www.mountainproject.com/route/200384653/mona-j,2.4,5.9,1,70,-83.71772,37.65292,Pendergrass-Murray Recreational Preserve (PMRP),The Gallery,9,"mona j: head straight up the bolt line to a short slab, reaching slightly left and straight up for the big crack feature. bear crawl to the right across the top of the feature where you’ll begin to enter a chimney-like adventure. finish with good holds to the right of the chains!","chimney, crack, slab",good,-,-,0,1,0,0,0,0,1
106125070,A Brief History of Climb,Red River Gorge > Pendergrass-Murray Recreational Preserve (PMRP) > The Gallery,https://www.mountainproject.com/route/106125070/a-brief-history-of-climb,3.7,5.10b,1,75,-83.71772,37.65292,Pendergrass-Murray Recreational Preserve (PMRP),The Gallery,10,"a brief history of climb: fantastic that goes from easy run-out, to crimpy, to over hanging plates.it stays dry during the rain.",crimp,easy,-,run-out,1,1,0,0,0,0,0
106125110,The King Lives On...,Red River Gorge > Pendergrass-Murray Recreational Preserve (PMRP) > The Gallery,https://www.mountainproject.com/route/106125110/the-king-lives-on,2.7,5.10b,1,80,-83.71772,37.65292,Pendergrass-Murray Recreational Preserve (PMRP),The Gallery,10,the king lives on...: lots of hidden holds and balancy moves,-,-,balance,-,0,0,0,0,0,0,0
110293313,"No Brain, No Pain",Red River Gorge > Pendergrass-Murray Recreational Preserve (PMRP) > The Gallery,https://www.mountainproject.com/route/110293313/no-brain-no-pain,2.6,5.10b,1,40,-83.71772,37.65292,Pendergrass-Murray Recreational Preserve (PMRP),The Gallery,10,"no brain, no pain: start with burly moves on good in cut crimps to a large rail then creep past the second bolt which would be best not to miss the clip on. continue up great in cut crimps and jugs to a ledge that you clip the anchors from.","crimp, jug, ledge","best, good, great",-,-,0,1,1,0,0,0,0
112802270,Frontal Lobotomy,Red River Gorge > Pendergrass-Murray Recreational Preserve (PMRP) > The Gallery,https://www.mountainproject.com/route/112802270/frontal-lobotomy,1.5,5.10b,1,65,-83.71772,37.65292,Pendergrass-Murray Recreational Preserve (PMRP),The Gallery,10,frontal lobotomy: a tough move off the ledge leads to good holds and much easier climbing for the rest of the route.,ledge,"easier, good","rest, tough",-,0,1,0,0,0,0,0
200384670,Closed project,Red River Gorge > Pendergrass-Murray Recreational Preserve (PMRP) > The Gallery,https://www.mountainproject.com/route/200384670/closed-project,3,5.10,1,70,-83.71772,37.65292,Pendergrass-Murray Recreational Preserve (PMRP),The Gallery,10,closed project: closed project. a great slab with many of good holds.,slab,"good, great",-,-,0,1,1,0,0,0,1
200384737,Le Désespéré,Red River Gorge > Pendergrass-Murray Recreational Preserve (PMRP) > The Gallery,https://www.mountainproject.com/route/200384737/le-desespere,2,5.10b/c,1,50,-83.71772,37.65292,Pendergrass-Murray Recreational Preserve (PMRP),The Gallery,10,le désespéré: hard move off the ground leads to a good rest and enjoyable climbing above.,-,good,rest,-,0,1,0,0,0,0,0
106125082,Murano,Red River Gorge > Pendergrass-Murray Recreational Preserve (PMRP) > The Gallery,https://www.mountainproject.com/route/106125082/murano,2.8,5.10b/c,1,75,-83.71772,37.65292,Pendergrass-Murray Recreational Preserve (PMRP),The Gallery,10,murano: follow plates to some balancy movementsthis climb surprisingly stays dry after a light-moderate rain.,-,-,balance,-,0,0,0,0,0,0,0
106937642,DaVinci's Left Ear,Red River Gorge > Pendergrass-Murray Recreational Preserve (PMRP) > The Gallery,https://www.mountainproject.com/route/106937642/davincis-left-ear,2.6,5.10c,1,60,-83.71772,37.65292,Pendergrass-Murray Recreational Preserve (PMRP),The Gallery,10,"davinci's left ear: a devious line that will test your 5.10 climbing skills. start below a ledge, left of a large hueco in the wall. work your way up, thinking before acting to the anchors.","hueco, ledge",-,thin,-,0,0,0,0,1,0,0
111696284,Crude Awakening,Red River Gorge > Pendergrass-Murray Recreational Preserve (PMRP) > The Gallery,https://www.mountainproject.com/route/111696284/crude-awakening,3.1,5.10c,1,60,-83.71772,37.65292,Pendergrass-Murray Recreational Preserve (PMRP),The Gallery,10,crude awakening: work your way up some oily (literally) low quality rock and make a surprising move onto a beautiful face.  tip toe up through a number of thoughtful moves to the anchors. considered stout for the grade.,face,beautiful,-,-,0,1,0,1,0,0,0
111910470,Short By a Foot,Red River Gorge > Pendergrass-Murray Recreational Preserve (PMRP) > The Gallery,https://www.mountainproject.com/route/111910470/short-by-a-foot,2.3,5.10c,1,40,-83.71772,37.65292,Pendergrass-Murray Recreational Preserve (PMRP),The Gallery,10,short by a foot: climb edges and crimpers on a highly featured face to a long move and then a mantle to a ledgeit stays dry during light-moderate rain.,"crimp, face, ledge, mantle",-,-,-,0,0,0,0,1,0,0
200384723,Closed project,Red River Gorge > Pendergrass-Murray Recreational Preserve (PMRP) > The Gallery,https://www.mountainproject.com/route/200384723/closed-project,2,5.10+,1,55,-83.71772,37.65292,Pendergrass-Murray Recreational Preserve (PMRP),The Gallery,10,NA,NA,NA,NA,NA,NA,NA,NA,NA,NA,NA,NA
200384708,Red shoes,Red River Gorge > Pendergrass-Murray Recreational Preserve (PMRP) > The Gallery,https://www.mountainproject.com/route/200384708/red-shoes,2.5,5.10d,1,55,-83.71772,37.65292,Pendergrass-Murray Recreational Preserve (PMRP),The Gallery,10,red shoes: easy climbing with powerful moves. variable pocket holds with big moves. the top crux has several betas to the anchors that depending on your reach.,"crux, pocket",easy,-,-,0,1,0,0,0,0,0
200384697,Artistic fall,Red River Gorge > Pendergrass-Murray Recreational Preserve (PMRP) > The Gallery,https://www.mountainproject.com/route/200384697/artistic-fall,2.3,5.10d,1,55,-83.71772,37.65292,Pendergrass-Murray Recreational Preserve (PMRP),The Gallery,10,artistic fall: tricky start moves and roof climbing. steepest 5.10 route in the red!?,roof,-,tricky,-,0,0,0,0,0,0,1
106125118,Happy Trails,Red River Gorge > Pendergrass-Murray Recreational Preserve (PMRP) > The Gallery,https://www.mountainproject.com/route/106125118/happy-trails,2.6,5.10d,1,80,-83.71772,37.65292,Pendergrass-Murray Recreational Preserve (PMRP),The Gallery,10,happy trails: foot pain.  tricky face climb with a paucity of holds. plan your sequences carefully.,face,-,tricky,careful,1,0,0,0,0,0,0
111490728,All Draws and No Brains,Red River Gorge > Pendergrass-Murray Recreational Preserve (PMRP) > The Gallery,https://www.mountainproject.com/route/111490728/all-draws-and-no-brains,2,5.10d,1,45,-83.71772,37.65292,Pendergrass-Murray Recreational Preserve (PMRP),The Gallery,10,all draws and no brains: this route starts with a hard pull over the roof to a couple bolts of easy climbing followed by a big move to terrible hold. finish on easier moves to the top.,roof,"easier, easy",-,-,0,1,0,0,0,0,1
112289843,Dain Bramage,Red River Gorge > Pendergrass-Murray Recreational Preserve (PMRP) > The Gallery,https://www.mountainproject.com/route/112289843/dain-bramage,3.1,5.10d,1,80,-83.71772,37.65292,Pendergrass-Murray Recreational Preserve (PMRP),The Gallery,10,"dain bramage: climb a steep featured face for several bolts, to a good rest and an interesting corner system.  get thru the corner and climb thru traversing jugs and steep arete to the anchors.","arete, face, jug","good, interesting",rest,-,0,1,0,0,0,0,1
114115539,Brohemian Rhapsody,Red River Gorge > Pendergrass-Murray Recreational Preserve (PMRP) > The Getaway,https://www.mountainproject.com/route/114115539/brohemian-rhapsody,2.6,5.10c,1,70,-83.72186,37.64536,Pendergrass-Murray Recreational Preserve (PMRP),The Getaway,10,"brohemian rhapsody: this route takes on the prominent arete around the left from the main wall. climb on both the left and right side of the arete, using a variety of features to get to the top.   looks like a 4 star climb; climbs like a 2 star climb.",arete,-,-,-,0,0,0,0,0,0,1
119145710,Brohymn,Red River Gorge > Pendergrass-Murray Recreational Preserve (PMRP) > The Getaway,https://www.mountainproject.com/route/119145710/brohymn,2.7,5.10c,1,80,-83.72186,37.64536,Pendergrass-Murray Recreational Preserve (PMRP),The Getaway,10,"brohymn: fun but tough route, especially if you don't stay left at the first few bolts to enjoy some nice rests. crux is sustained vertical moves on thin edges. eases up near the top.",crux,"fun, nice","rest, thin, tough",-,0,1,1,0,0,0,0
119773070,Bridge Suite,Red River Gorge > Pendergrass-Murray Recreational Preserve (PMRP) > The Getaway,https://www.mountainproject.com/route/119773070/bridge-suite,1.9,5.10c,1,50,-83.72186,37.64536,Pendergrass-Murray Recreational Preserve (PMRP),The Getaway,10,bridge suite: climb almost all jugs through decent rock up the slightly overhung face. good warm-up.,"face, jug","good, warm-up",-,-,0,1,0,0,0,0,0
123179772,Chicago Style,Red River Gorge > Pendergrass-Murray Recreational Preserve (PMRP) > The Lumber Yard,https://www.mountainproject.com/route/123179772/chicago-style,2.5,5.10a,1,50,-83.72393,37.64585,Pendergrass-Murray Recreational Preserve (PMRP),The Lumber Yard,10,"chicago style: starts with a right-arching flake feature and climbs some plates and pockets up a mostly clean, vertical wall.","flake, pocket",-,-,-,0,0,0,0,1,0,0
123179649,Harshin' My Willow,Red River Gorge > Pendergrass-Murray Recreational Preserve (PMRP) > The Lumber Yard,https://www.mountainproject.com/route/123179649/harshin-my-willow,3,5.10b,1,65,-83.72393,37.64585,Pendergrass-Murray Recreational Preserve (PMRP),The Lumber Yard,10,"harshin' my willow: starts up the left-facing flake and gains the ledge via an easy mantle. continue up past pockets, plates, and chickenheads to another cruxy section at the crack feature up high.","crack, crux, flake, ledge, mantle, pocket",easy,-,-,0,1,0,0,1,0,0
123179449,Log Skid,Red River Gorge > Pendergrass-Murray Recreational Preserve (PMRP) > The Lumber Yard,https://www.mountainproject.com/route/123179449/log-skid,1.8,5.10c,1,45,-83.72393,37.64585,Pendergrass-Murray Recreational Preserve (PMRP),The Lumber Yard,10,log skid: start just around the left corner of the wall. climb the vertical face to meet the slab halfway up. figure your way around the arête to a solid stance with no hand holds. test your vertical and pop up to the next hold.,"arete, face, slab",-,-,-,0,0,0,0,0,0,1
123179583,Ballhooter,Red River Gorge > Pendergrass-Murray Recreational Preserve (PMRP) > The Lumber Yard,https://www.mountainproject.com/route/123179583/ballhooter,2,5.10c,1,60,-83.72393,37.64585,Pendergrass-Murray Recreational Preserve (PMRP),The Lumber Yard,10,ballhooter: boulder through the steeper bottom section to a decent rest. straddle the arête then head around left and follow a neat runnel feature to the chains.,arete,-,rest,-,0,0,0,0,0,0,1
123179702,Shiver Me TimbHERS,Red River Gorge > Pendergrass-Murray Recreational Preserve (PMRP) > The Lumber Yard,https://www.mountainproject.com/route/123179702/shiver-me-timbhers,1.1,5.10c/d,1,30,-83.72393,37.64585,Pendergrass-Murray Recreational Preserve (PMRP),The Lumber Yard,10,shiver me timbhers: short line up big features at the right end of the timber wall with a micro boulder in the middle. stick clip the high first bolt.,-,-,"high first bolt, stick-clip",-,0,0,0,0,0,0,0
123179689,Milkin' the Stump,Red River Gorge > Pendergrass-Murray Recreational Preserve (PMRP) > The Lumber Yard,https://www.mountainproject.com/route/123179689/milkin-the-stump,1.6,5.10d,1,30,-83.72393,37.64585,Pendergrass-Murray Recreational Preserve (PMRP),The Lumber Yard,10,"milkin' the stump: start in front of a mound of dirt on good pockets to a punchy boulder, finish with a few long reaches on jugs.jimmy hoctor 10c ;)","jug, pocket",good,-,-,0,1,0,0,0,0,0
123179716,Vermont Grade A,Red River Gorge > Pendergrass-Murray Recreational Preserve (PMRP) > The Lumber Yard,https://www.mountainproject.com/route/123179716/vermont-grade-a,3.3,5.10d,1,50,-83.72393,37.64585,Pendergrass-Murray Recreational Preserve (PMRP),The Lumber Yard,10,"vermont grade a: this route follows the obvious line of pockets up the far left side of the steep, mostly featureless wall. a few long pulls set you up for a short boulder revolving around your choice of crimps and underclings. enjoy the ride on jugs the rest of the way.","crimp, jug, pocket",-,rest,-,0,0,0,0,0,0,0
106702543,Slide,Red River Gorge > Pendergrass-Murray Recreational Preserve (PMRP) > The Playground,https://www.mountainproject.com/route/106702543/slide,2.4,5.9,1,60,-83.7146,37.6532,Pendergrass-Murray Recreational Preserve (PMRP),The Playground,9,slide: climb knobs and edges to the anchors.  mangy rock down low leads to plain ol' fun above.,-,fun,-,-,0,1,1,0,0,0,0
106702538,Tire Swing,Red River Gorge > Pendergrass-Murray Recreational Preserve (PMRP) > The Playground,https://www.mountainproject.com/route/106702538/tire-swing,2.5,5.10a,1,60,-83.7146,37.6532,Pendergrass-Murray Recreational Preserve (PMRP),The Playground,10,"tire swing: this is the last route route from the left on the slab wall, just right of slide. begin on the bouldery, somewhat chossy start. climb the slab to the anchors.",slab,-,-,choss,1,0,0,0,0,0,1
106604790,Monkey Bars,Red River Gorge > Pendergrass-Murray Recreational Preserve (PMRP) > The Playground,https://www.mountainproject.com/route/106604790/monkey-bars,2.8,5.10a/b,1,50,-83.7146,37.6532,Pendergrass-Murray Recreational Preserve (PMRP),The Playground,10,"monkey bars: the route begins on a slightly overhanging rock and steepens as you go.  enjoy bigger moves and bigger holds on steeper rock as you near the anchors, great introduction to pulling on steep jug-hauls in the red!",jug,great,-,-,0,1,1,0,0,0,0
106604805,Jungle Gym,Red River Gorge > Pendergrass-Murray Recreational Preserve (PMRP) > The Playground,https://www.mountainproject.com/route/106604805/jungle-gym,2.3,5.10b/c,1,50,-83.7146,37.6532,Pendergrass-Murray Recreational Preserve (PMRP),The Playground,10,jungle gym: a good route to try if monkey bars went well for you.  enjoy fun climbing on jugs up the every steepening wall.  save a little mojo for the crux mantle at the top!,"crux, jug, mantle","fun, good",-,-,0,1,1,0,1,0,0
110334755,Kiss the Manta Ray,Red River Gorge > Pendergrass-Murray Recreational Preserve (PMRP) > The Shipyard,https://www.mountainproject.com/route/110334755/kiss-the-manta-ray,1.6,5.8-,1,60,-83.72205,37.64414,Pendergrass-Murray Recreational Preserve (PMRP),The Shipyard,8,kiss the manta ray: this route climbs the pinnacle on good holds. at the top the route traverses left to anchors directly below the summit.,-,good,traverse,-,0,1,0,0,0,0,0
106885721,Audie,Red River Gorge > Pendergrass-Murray Recreational Preserve (PMRP) > The Shire,https://www.mountainproject.com/route/106885721/audie,2.7,5.8,1,35,-83.70995,37.65214,Pendergrass-Murray Recreational Preserve (PMRP),The Shire,8,"audie: start in the cave or just to the left of it.  climb up and right to the first bolt.  continue up climbing plates, pockets and a bit of a crack to the top.","crack, pocket",-,-,-,0,0,0,0,0,0,0
106885726,Miranda Rayne,Red River Gorge > Pendergrass-Murray Recreational Preserve (PMRP) > The Shire,https://www.mountainproject.com/route/106885726/miranda-rayne,3.1,5.9,1,60,-83.70995,37.65214,Pendergrass-Murray Recreational Preserve (PMRP),The Shire,9,miranda rayne: tackle a longer and slightly harder climb to the right of audie.  climb pockets and flakes past 7 bolts to the anchor.,"flake, pocket",-,-,-,0,0,0,0,1,0,0
106885753,Bulldozer,Red River Gorge > Pendergrass-Murray Recreational Preserve (PMRP) > The Shire,https://www.mountainproject.com/route/106885753/bulldozer,2.3,5.10a,1,40,-83.70995,37.65214,Pendergrass-Murray Recreational Preserve (PMRP),The Shire,10,bulldozer: boulder up the start of the route to the first bolt.  then work up the slabby face past thought provoking moves to the anchors.,"face, slab",-,-,-,0,0,0,0,0,0,1
106885744,Significant Other,Red River Gorge > Pendergrass-Murray Recreational Preserve (PMRP) > The Shire,https://www.mountainproject.com/route/106885744/significant-other,1.7,5.10b,1,40,-83.70995,37.65214,Pendergrass-Murray Recreational Preserve (PMRP),The Shire,10,"significant other: climb past the green start to a ledge.  continue up the face using the occasional horizontal, smear and crimp to the anchors.","crimp, face, ledge",-,smear,-,0,0,0,0,0,0,0
122722454,Haven,Red River Gorge > Pendergrass-Murray Recreational Preserve (PMRP) > The Shire,https://www.mountainproject.com/route/122722454/haven,2.9,5.10b,1,60,-83.70995,37.65214,Pendergrass-Murray Recreational Preserve (PMRP),The Shire,10,"haven: there is a small sign at the base of this climb with it's name and grade, i do not know anything else about it.a fun, but slightly squeezed route that climbs up interesting jugs and pockets.","jug, pocket","fun, interesting",thin,-,0,1,1,0,0,0,0
106885734,The G-Man,Red River Gorge > Pendergrass-Murray Recreational Preserve (PMRP) > The Shire,https://www.mountainproject.com/route/106885734/the-g-man,2.5,5.10c,1,40,-83.70995,37.65214,Pendergrass-Murray Recreational Preserve (PMRP),The Shire,10,"the g-man: the hardest line on the wall, climbs steeper ground past 6 bolts, just to the left of an arete.  fight the pumpy moves in the middle of the route past slopers and small holds to bigger finishing holds and anchors.","arete, sloper",-,pumpy,-,0,0,0,0,0,0,1
106885779,K.S.B.,Red River Gorge > Pendergrass-Murray Recreational Preserve (PMRP) > The Shire,https://www.mountainproject.com/route/106885779/ksb,3.7,5.10d,1,60,-83.70995,37.65214,Pendergrass-Murray Recreational Preserve (PMRP),The Shire,10,"k.s.b.: work fun iron edge pulling past long moves on a steep face to a good rest.  move up and left, then traverse right fighting the pump to eventually reach to the large pockets that lead to the finish of the route.","face, pocket","fun, good","pumpy, rest, traverse",-,0,1,1,0,0,0,0
116710428,Live Music is Better,Red River Gorge > Pendergrass-Murray Recreational Preserve (PMRP) > Throwback Crag,https://www.mountainproject.com/route/116710428/live-music-is-better,2.4,5.9+,1,70,-83.72282,37.64669,Pendergrass-Murray Recreational Preserve (PMRP),Throwback Crag,9,live music is better: a dirty and difficult start lead to better climbing on iron edges and chicken heads.  it is recommended that you stick clip the first bolt.  the view from the route makes up for the dirty start.,-,-,"difficult, stick-clip",dirty,1,0,0,0,0,0,0
109609523,Dura-Ace,Red River Gorge > Pendergrass-Murray Recreational Preserve (PMRP) > Velo Crag,https://www.mountainproject.com/route/109609523/dura-ace,2.8,5.8,1,75,-83.71831,37.64552,Pendergrass-Murray Recreational Preserve (PMRP),Velo Crag,8,dura-ace: this long route climbs iron oxide ledges up a slightly less than vertical face. a fun climb to do real quick at the end of the day! no real defined crux just continuously good climbing.,"crux, face, ledge","fun, good",-,-,0,1,1,0,0,0,0
127202956,Rail Trail,Red River Gorge > Pendergrass-Murray Recreational Preserve (PMRP) > Velo Crag,https://www.mountainproject.com/route/127202956/rail-trail,2.7,5.9-,1,70,-83.71831,37.64552,Pendergrass-Murray Recreational Preserve (PMRP),Velo Crag,9,rail trail: follow a series of ledges and rails up to a bulge around the fourth bolt. slightly slabby,"ledge, slab",-,-,-,0,0,0,0,0,0,1
200958718,Over the Handlebars,Red River Gorge > Pendergrass-Murray Recreational Preserve (PMRP) > Velo Crag,https://www.mountainproject.com/route/200958718/over-the-handlebars,2,5.9,1,50,-83.71831,37.64552,Pendergrass-Murray Recreational Preserve (PMRP),Velo Crag,9,over the handlebars: face climbing to a couple of good stances.  route quality should improve as traffic cleans it up a little.,face,good,-,-,0,1,0,0,0,0,0
127301268,Clips and Straps,Red River Gorge > Pendergrass-Murray Recreational Preserve (PMRP) > Velo Crag,https://www.mountainproject.com/route/127301268/clips-and-straps,2.5,5.9,1,80,-83.71831,37.64552,Pendergrass-Murray Recreational Preserve (PMRP),Velo Crag,9,clips and straps: mostly vertical or slightly slabby with plenty of the typical velo crag ledges and rails until the last two bolts where some technique and style comes in handy.,"ledge, slab",-,-,-,0,0,0,0,0,0,1
109609554,Lanterne Rouge,Red River Gorge > Pendergrass-Murray Recreational Preserve (PMRP) > Velo Crag,https://www.mountainproject.com/route/109609554/lanterne-rouge,3.1,5.9,1,80,-83.71831,37.64552,Pendergrass-Murray Recreational Preserve (PMRP),Velo Crag,9,lanterne rouge: this route climbs interesting iron oxide features on a vertical to slightly less than vertical face.  start in the crack to the left for the first few bolts. move right to pass the roof on its right side and then pull huge holds to the finish.,"crack, face, roof",interesting,-,-,0,1,0,0,0,0,1
127203133,Rolling Hills,Red River Gorge > Pendergrass-Murray Recreational Preserve (PMRP) > Velo Crag,https://www.mountainproject.com/route/127203133/rolling-hills,2.1,5.9+,1,65,-83.71831,37.64552,Pendergrass-Murray Recreational Preserve (PMRP),Velo Crag,9,rolling hills: climb through a somewhat chossy but easy start. figure your way through the third and fourth bolt crux. most people trend right here. fun romp to the anchors after that.,crux,"easy, fun",-,choss,1,1,1,0,0,0,0
110334638,Ultegra,Red River Gorge > Pendergrass-Murray Recreational Preserve (PMRP) > Velo Crag,https://www.mountainproject.com/route/110334638/ultegra,2.6,5.10a,1,75,-83.71831,37.64552,Pendergrass-Murray Recreational Preserve (PMRP),Velo Crag,10,ultegra: a fun route on good crimps up the vertical face to the left of dura-ace.,"crimp, face","fun, good",-,-,0,1,1,0,0,0,0
116846705,Tourist Attractions,Red River Gorge > Pendergrass-Murray Recreational Preserve (PMRP) > Velo Crag,https://www.mountainproject.com/route/116846705/tourist-attractions,2.9,5.10b,1,80,-83.71831,37.64552,Pendergrass-Murray Recreational Preserve (PMRP),Velo Crag,10,"tourist attractions: fingery, sustained climbing, makes for a challenging onsight with several cruxes, and feels longer than it is. thought provoking low 10.be safe, wear your helmet!",crux,-,-,-,0,0,0,0,0,0,0
112273137,Real Girls Don't Pumptrack,Red River Gorge > Pendergrass-Murray Recreational Preserve (PMRP) > Velo Crag,https://www.mountainproject.com/route/112273137/real-girls-dont-pumptrack,3,5.10c,1,70,-83.71831,37.64552,Pendergrass-Murray Recreational Preserve (PMRP),Velo Crag,10,real girls don't pumptrack: starts with some moves on thin holds and heads into an arete. second and third clips are full value.,arete,-,thin,-,0,0,0,0,0,0,1
112273142,The Century,Red River Gorge > Pendergrass-Murray Recreational Preserve (PMRP) > Velo Crag,https://www.mountainproject.com/route/112273142/the-century,3.5,5.10c,1,85,-83.71831,37.64552,Pendergrass-Murray Recreational Preserve (PMRP),Velo Crag,10,"the century: chossy start that will benefit quite a bit once some more traffic happens. crux is around the third bolt with some thin moves and a big reach -- options abound in terms of how to cruise this section and your height will dictate how difficult it feels. once past the crux you can have fun cranking on positive holds to the anchor.  near sunset we encountered a plethora, like dozens if not hundreds, of ladybugs on the wall near the anchor, which added to the glee this route provides.","cruise, crux",fun,"difficult, thin",choss,1,1,1,0,0,0,0
117004160,House of the Flying Squirrel,Red River Gorge > Pendergrass-Murray Recreational Preserve (PMRP) > Velo Crag,https://www.mountainproject.com/route/117004160/house-of-the-flying-squirrel,2.3,5.10c,1,80,-83.71831,37.64552,Pendergrass-Murray Recreational Preserve (PMRP),Velo Crag,10,"house of the flying squirrel: bouldery start to a ledge rest. bring an alpine draw/60cm sling/extendable draw(3) for the second bolt if you want to reduce drag. clip the 3rd bolt permadraw from the roof jug, then find amazing features, with sinker jugs, iron bands, and some balancey crimp moves along the way. respect the flying squirrel, if you're lucky enough to meet 'em.","crimp, jug, ledge, roof",-,"balance, rest",-,0,0,0,0,0,0,1
119969047,Road Rash,Red River Gorge > Pendergrass-Murray Recreational Preserve (PMRP) > Velo Crag,https://www.mountainproject.com/route/119969047/road-rash,3.1,5.10c,1,75,-83.71831,37.64552,Pendergrass-Murray Recreational Preserve (PMRP),Velo Crag,10,"road rash: huge iron jugs lead to a technical vert/slab crux on micro crimps, followed by thought provoking climbing on varied iron features to a slanted ledge. finish up on a fun, but short lived juggy offwidth to the anchor. actually 75ft. and... we don't use the word ""micro"" lightly!drys out quick after a rain. sun after 1pm.","crimp, crux, jug, ledge, slab, technical",fun,-,-,0,1,1,0,0,0,1
112216544,Lightning Rod Arete,Red River Gorge > Pendergrass-Murray Recreational Preserve (PMRP) > Velo Crag,https://www.mountainproject.com/route/112216544/lightning-rod-arete,3.6,5.10c/d,1,70,-83.71831,37.64552,Pendergrass-Murray Recreational Preserve (PMRP),Velo Crag,10,"lightning rod arete: from redriverclimbing: afternoon sun. stick clip the first and brave a bit of choss down low, then enjoy thoughtful and balancey climbing to the top. gets some late-afternoon sun.",arete,-,"balance, stick-clip",choss,1,0,0,0,0,0,1
120069880,Cheater's Trophy Loss Lament,Red River Gorge > Pendergrass-Murray Recreational Preserve (PMRP) > Velo Crag,https://www.mountainproject.com/route/120069880/cheaters-trophy-loss-lament,1.8,5.10d,1,80,-83.71831,37.64552,Pendergrass-Murray Recreational Preserve (PMRP),Velo Crag,10,"cheater's trophy loss lament: aka - neil armstrong (lol)a challenging and thought provoking traverse bulge stands as an early crux, leading to an amazing frumpy flake, followed by giant, glorious jugs to the anchor. use the old chain anchor as the last bolt and continue past to the lower-offs on the upper ledge. very climable, but still a bit dirty. will update this when i (or the faist) clean it up fully.gear beta: alpine sling the 4th bolt, and backclean (or alpine sling) the 5th bolt to minimize rope drag.shares first 2 bolts and anchor with the drafter. carefully swing over to use the cleaning perma on the neighboring route to grab the first draws back.north facing, shade all day.does not stay dry in rain.","crux, flake, jug, ledge",-,traverse,"careful, dirty",1,0,0,0,1,0,0
106849475,First Time,Red River Gorge > Pendergrass-Murray Recreational Preserve (PMRP) > Volunteer Wall,https://www.mountainproject.com/route/106849475/first-time,2.6,5.8,1,50,-83.71673,37.65459,Pendergrass-Murray Recreational Preserve (PMRP),Volunteer Wall,8,"first time: this climb starts on top of a rock and immediately traverses right 10' or so to get to your first bolt.  pretty straightforward climb, nothing too extreme (it is a 5.8 after all).  a great view above the trees awaits you at the top.",-,great,"thin, traverse",-,0,1,1,0,0,0,0
106653826,Darwin Loves You,Red River Gorge > Pendergrass-Murray Recreational Preserve (PMRP) > Volunteer Wall,https://www.mountainproject.com/route/106653826/darwin-loves-you,2.3,5.9+,1,50,-83.71673,37.65459,Pendergrass-Murray Recreational Preserve (PMRP),Volunteer Wall,9,"darwin loves you: beging this fun route... good holds followed by a great jug. careful, don't pump out.",jug,"fun, good, great",pumpy,careful,1,1,1,0,0,0,0
108096318,Farley's Folly,Red River Gorge > Pendergrass-Murray Recreational Preserve (PMRP) > Volunteer Wall,https://www.mountainproject.com/route/108096318/farleys-folly,1.9,5.10a/b,1,40,-83.71673,37.65459,Pendergrass-Murray Recreational Preserve (PMRP),Volunteer Wall,10,farley's folly: boulder moves on the start to gain the face. head left and up on decent holds. balance back right for the finish. in the early spring the starting holds can get iced over.,face,-,balance,-,0,0,0,0,0,0,0
107089996,Nice To Know You,Red River Gorge > Pendergrass-Murray Recreational Preserve (PMRP) > Volunteer Wall,https://www.mountainproject.com/route/107089996/nice-to-know-you,2.5,5.10b PG13,1,50,-83.71673,37.65459,Pendergrass-Murray Recreational Preserve (PMRP),Volunteer Wall,10,nice to know you: easy first clip followed by a tricky bulge and then rewarding slab climbing above.,slab,"easy, nice",tricky,-,0,1,0,0,0,0,1
106309585,Family Tradition,Red River Gorge > Pendergrass-Murray Recreational Preserve (PMRP) > Volunteer Wall,https://www.mountainproject.com/route/106309585/family-tradition,2.6,5.10,1,50,-83.71673,37.65459,Pendergrass-Murray Recreational Preserve (PMRP),Volunteer Wall,10,"family tradition: fun climb that starts in/near a large crack, sort of runs up the right side of 2 cool parallel curving cracks with a few tricky moves up high.  unfortunately it gets a touch sandy near the top but still very much worth the effort.",crack,fun,tricky,sandy,1,1,1,0,0,0,0
106849536,Hurt,Red River Gorge > Pendergrass-Murray Recreational Preserve (PMRP) > Volunteer Wall,https://www.mountainproject.com/route/106849536/hurt,2.1,5.10c,1,65,-83.71673,37.65459,Pendergrass-Murray Recreational Preserve (PMRP),Volunteer Wall,10,NA,NA,NA,NA,NA,NA,NA,NA,NA,NA,NA,NA
108392096,Pinkies Extended,Red River Gorge > Pendergrass-Murray Recreational Preserve (PMRP) > Volunteer Wall,https://www.mountainproject.com/route/108392096/pinkies-extended,2.8,5.10c,1,75,-83.71673,37.65459,Pendergrass-Murray Recreational Preserve (PMRP),Volunteer Wall,10,pinkies extended: a low crux and steep plates lead to a good rest before a cool boulder problem on pockets and big iron features.,"crux, pocket",good,rest,-,0,1,0,0,0,0,0
106538985,Helping Hands,Red River Gorge > Pendergrass-Murray Recreational Preserve (PMRP) > Volunteer Wall,https://www.mountainproject.com/route/106538985/helping-hands,2.5,5.10d,1,40,-83.71673,37.65459,Pendergrass-Murray Recreational Preserve (PMRP),Volunteer Wall,10,helping hands: pull through a small overhang to crimps and slabby moves.,"crimp, slab",-,-,-,0,0,0,0,0,0,1
106653818,Tong Shing,Red River Gorge > Pendergrass-Murray Recreational Preserve (PMRP) > Volunteer Wall,https://www.mountainproject.com/route/106653818/tong-shing,2.6,5.10d PG13,1,55,-83.71673,37.65459,Pendergrass-Murray Recreational Preserve (PMRP),Volunteer Wall,10,"tong shing: crux near the 6th bolt.  trust your body position and statically clip the 6th bolt.  highly technical climb requiring forethought and deliberate maneuvers.  enjoy the crimps and slopers.  bring a squib clip for the first clip, or be sure to spot the climber until clipped.","crimp, crux, sloper, technical",-,-,rust,1,0,0,0,0,0,0
106969872,Generosity,Red River Gorge > Pendergrass-Murray Recreational Preserve (PMRP) > Volunteer Wall,https://www.mountainproject.com/route/106969872/generosity,2.8,5.10d,1,55,-83.71673,37.65459,Pendergrass-Murray Recreational Preserve (PMRP),Volunteer Wall,10,"generosity: bouldery start on some sandy rock, through a small roof to a huge stance. rest here then head up the overhanging wall with the moves getting less and less straightforward. fight the pump until you hit the final holds and clip the chains.",roof,-,"pumpy, rest",sandy,1,0,0,0,0,0,1
107104918,Normalised Bramapithecus,Red River Gorge > Pendergrass-Murray Recreational Preserve (PMRP) > Volunteer Wall,https://www.mountainproject.com/route/107104918/normalised-bramapithecus,2.7,5.10d,1,65,-83.71673,37.65459,Pendergrass-Murray Recreational Preserve (PMRP),Volunteer Wall,10,normalised bramapithecus: reach high for the start holds then surmount a roof to gain the slightly overhanging face.,"face, roof",-,-,-,0,0,0,0,0,0,1
108182026,Threat Level Blue,Red River Gorge > Pendergrass-Murray Recreational Preserve (PMRP) > What About Bob Wall,https://www.mountainproject.com/route/108182026/threat-level-blue,1.2,5.10a PG13,1,35,-83.71482,37.65103,Pendergrass-Murray Recreational Preserve (PMRP),What About Bob Wall,10,"threat level blue: watch out for some soft rock, pg13 for getting to high first bolt. may be slightly harder than 5.9",-,-,high first bolt,-,0,0,0,0,0,0,0
108384240,Weathertop Stings,Red River Gorge > Pendergrass-Murray Recreational Preserve (PMRP) > What About Bob Wall,https://www.mountainproject.com/route/108384240/weathertop-stings,2.5,5.10b,1,45,-83.71482,37.65103,Pendergrass-Murray Recreational Preserve (PMRP),What About Bob Wall,10,weathertop stings: easy climbing to crux at fourth bolt.,crux,easy,-,-,0,1,0,0,0,0,0
126122350,Papa Piment,Red River Gorge > Pendergrass-Murray Recreational Preserve (PMRP) > What About Bob Wall,https://www.mountainproject.com/route/126122350/papa-piment,2.3,5.10b/c,1,55,-83.71482,37.65103,Pendergrass-Murray Recreational Preserve (PMRP),What About Bob Wall,10,"papa piment: get on top of a boulder to start, then find your way through a couple mild bulges. pumpy climbing on pockets and iron fins takes you to the chains.",pocket,-,pumpy,-,0,0,0,0,0,0,0
107132484,No Sleep Til' Campton,Red River Gorge > Pendergrass-Murray Recreational Preserve (PMRP) > What About Bob Wall,https://www.mountainproject.com/route/107132484/no-sleep-til-campton,3.4,5.10b/c,1,80,-83.71482,37.65103,Pendergrass-Murray Recreational Preserve (PMRP),What About Bob Wall,10,no sleep til' campton: great technical line with only a few moves at the grade.  start near a tree at a dip in the trail.  make a long move to get established on the iron horizontals.  clip the first bolt and make the easy moves to the last bolt before the roof.  make a difficult traverse to get established in the groove directly below the roof (crux).  make a tricky reach to pull the roof and enjoy the easy slab to the top.,"crux, roof, slab, technical","easy, great","difficult, traverse, tricky",-,0,1,1,0,0,0,1
107336284,Kentucky Flu,Red River Gorge > Pendergrass-Murray Recreational Preserve (PMRP) > What About Bob Wall,https://www.mountainproject.com/route/107336284/kentucky-flu,3.1,5.10c,1,85,-83.71482,37.65103,Pendergrass-Murray Recreational Preserve (PMRP),What About Bob Wall,10,"kentucky flu: climb the gently sloping face on small holds to a large hueco rest. continue from the hueco out onto a beautiful arete, making use of micro-crimps and knobs as you make your way up this classic route. don't forget to turn around and take in the gorgeous view from the anchors.","arete, crimp, face, hueco","beautiful, classic",rest,-,0,1,0,1,1,0,1
108384248,Stem Cell,Red River Gorge > Pendergrass-Murray Recreational Preserve (PMRP) > What About Bob Wall,https://www.mountainproject.com/route/108384248/stem-cell,1.7,5.10c,1,55,-83.71482,37.65103,Pendergrass-Murray Recreational Preserve (PMRP),What About Bob Wall,10,"stem cell: step off boulder onto black face, traverse right on small crimps to the arete and go up.  definitely stick clip 1st bolt.","arete, crimp, face",-,"stick-clip, traverse",-,0,0,0,0,0,0,1
114317142,The Speed of Enzo,Red River Gorge > Pendergrass-Murray Recreational Preserve (PMRP) > What About Bob Wall,https://www.mountainproject.com/route/114317142/the-speed-of-enzo,2.4,5.10c,1,60,-83.71482,37.65103,Pendergrass-Murray Recreational Preserve (PMRP),What About Bob Wall,10,"the speed of enzo: surmount several bulges using mostly pockets and open hand holds on high friction rock.  enjoy a no-hands rest midway up left of the 4th bolt and find the ""middle-finger"" mono pocket to pull the crux move to the last bolt.  finish right of the last bolt on tufa like formations.","crux, pocket",-,rest,-,0,0,0,0,0,0,0
125377181,Spawn,Red River Gorge > Southern Region Crags (Misc.) > Hellcat Crag,https://www.mountainproject.com/route/125377181/spawn,2.3,5.10b,1,45,-83.66139,37.62463,Southern Region Crags (Misc.),Hellcat Crag,10,spawn: the crag warm-up.,-,warm-up,-,-,0,1,0,0,0,0,0
125377279,Hell Hole,Red River Gorge > Southern Region Crags (Misc.) > Hellcat Crag,https://www.mountainproject.com/route/125377279/hell-hole,2.8,5.10d,1,50,-83.66139,37.62463,Southern Region Crags (Misc.),Hellcat Crag,10,"hell hole: probably the best route on this section of cliff, marked by a unique limonitic (iron banded) hole/tube which goes several feet deep into the rock. this route has also been called ""bigfoot's gloryhole.""",-,best,-,-,0,1,0,0,0,0,0
114524097,Palm Friction,Red River Gorge > Southern Region Crags (Misc.) > Mt. Olive Rock,https://www.mountainproject.com/route/114524097/palm-friction,2.6,5.10a,1,65,-83.7696,37.62897,Southern Region Crags (Misc.),Mt. Olive Rock,10,palm friction: a no-feet start leads to less than vertical climbing on plates and edges.  at the 4th bolt the route turns vertical and finishes in a chimney as the holds get smaller and greasier.  remember this is not a gym climb and stem or chimney your way to a fun no-hands anchor clip.,chimney,"easier, fun",-,-,0,1,1,0,1,0,0
