route,location,url,avg_stars,route_type,rating,pitches,length,y,x
BG,The Stadium > Muir Valley > Red River Gorge > Kentucky,https://www.mountainproject.com/route/118708487/bg,2.5,Sport,5.10a,1,60,37.73169,-83.63221
KS,The Stadium > Muir Valley > Red River Gorge > Kentucky,https://www.mountainproject.com/route/120980955/ks,2.3,Sport,5.10-,1,32,37.73169,-83.63221
Scrumbulglazer,The Stadium > Muir Valley > Red River Gorge > Kentucky,https://www.mountainproject.com/route/106059217/scrumbulglazer,2.6,Sport,5.10c,1,65,37.73169,-83.63221
Augenblick,The Stadium > Muir Valley > Red River Gorge > Kentucky,https://www.mountainproject.com/route/106059358/augenblick,2.8,Sport,5.10c,1,80,37.73169,-83.63221
Melancholy Mechanics,The Stadium > Muir Valley > Red River Gorge > Kentucky,https://www.mountainproject.com/route/106059221/melancholy-mechanics,2.7,Sport,5.10d,1,65,37.73169,-83.63221
Treetop Terror,The Stadium > Muir Valley > Red River Gorge > Kentucky,https://www.mountainproject.com/route/106065250/treetop-terror,2.6,"Trad, Sport",5.10d,1,NA,37.73169,-83.63221
Gnome Wrecker,The Stadium > Muir Valley > Red River Gorge > Kentucky,https://www.mountainproject.com/route/117343981/gnome-wrecker,1.9,Sport,5.10d,1,50,37.73169,-83.63221
Sweet Jane,Bruise Brothers Wall > Muir Valley > Red River Gorge > Kentucky,https://www.mountainproject.com/route/106286280/sweet-jane,2.2,Sport,5.8-,1,50,37.72444,-83.62657
The Bee's Business,Bruise Brothers Wall > Muir Valley > Red River Gorge > Kentucky,https://www.mountainproject.com/route/107116591/the-bees-business,2.5,Sport,5.8-,1,60,37.72444,-83.62657
Put the Best Foot Forward,Bruise Brothers Wall > Muir Valley > Red River Gorge > Kentucky,https://www.mountainproject.com/route/106085039/put-the-best-foot-forward,2.6,"Trad, Sport",5.8,1,55,37.72444,-83.62657
Redeye Brew,Bruise Brothers Wall > Muir Valley > Red River Gorge > Kentucky,https://www.mountainproject.com/route/106432960/redeye-brew,2,Sport,5.8,1,45,37.72444,-83.62657
Trundling Kentucky,Bruise Brothers Wall > Muir Valley > Red River Gorge > Kentucky,https://www.mountainproject.com/route/107537571/trundling-kentucky,2.2,Sport,5.8,1,50,37.72444,-83.62657
Ohio Climbing,Bruise Brothers Wall > Muir Valley > Red River Gorge > Kentucky,https://www.mountainproject.com/route/108524421/ohio-climbing,2.7,Sport,5.8,1,50,37.72444,-83.62657
Blue Ridge Crew,Bruise Brothers Wall > Muir Valley > Red River Gorge > Kentucky,https://www.mountainproject.com/route/123557891/blue-ridge-crew,1.7,Sport,5.8,1,25,37.72444,-83.62657
Send Me on My Way,Bruise Brothers Wall > Muir Valley > Red River Gorge > Kentucky,https://www.mountainproject.com/route/106085043/send-me-on-my-way,3.2,Sport,5.9-,1,75,37.72444,-83.62657
Flutterby Blue,Bruise Brothers Wall > Muir Valley > Red River Gorge > Kentucky,https://www.mountainproject.com/route/106712455/flutterby-blue,2.3,Sport,5.9,1,40,37.72444,-83.62657
Petrichor,Bruise Brothers Wall > Muir Valley > Red River Gorge > Kentucky,https://www.mountainproject.com/route/123557875/petrichor,2.3,Sport,5.9,1,40,37.72444,-83.62657
Gobblers of Geosmin,Bruise Brothers Wall > Muir Valley > Red River Gorge > Kentucky,https://www.mountainproject.com/route/123557915/gobblers-of-geosmin,1.6,Sport,5.9,1,35,37.72444,-83.62657
Overseer,Bruise Brothers Wall > Muir Valley > Red River Gorge > Kentucky,https://www.mountainproject.com/route/124128284/overseer,3,Sport,5.9,1,42,37.72444,-83.62657
Stay Off the Radio Jeff!,Bruise Brothers Wall > Muir Valley > Red River Gorge > Kentucky,https://www.mountainproject.com/route/107596000/stay-off-the-radio-jeff,2.5,Sport,5.9+,1,50,37.72444,-83.62657
Rat Stew,Bruise Brothers Wall > Muir Valley > Red River Gorge > Kentucky,https://www.mountainproject.com/route/106061906/rat-stew,3.2,Sport,5.10a,1,75,37.72444,-83.62657
Redriveroutdoors.com,Bruise Brothers Wall > Muir Valley > Red River Gorge > Kentucky,https://www.mountainproject.com/route/106727830/redriveroutdoorscom,2.1,Sport,5.10a,1,30,37.72444,-83.62657
Little Viper,Bruise Brothers Wall > Muir Valley > Red River Gorge > Kentucky,https://www.mountainproject.com/route/106065268/little-viper,2.7,Sport,5.10b,1,50,37.72444,-83.62657
Guardians of Gaia,Bruise Brothers Wall > Muir Valley > Red River Gorge > Kentucky,https://www.mountainproject.com/route/121105821/guardians-of-gaia,1.9,Sport,5.10b,1,35,37.72444,-83.62657
Beta Bros,Bruise Brothers Wall > Muir Valley > Red River Gorge > Kentucky,https://www.mountainproject.com/route/124481336/beta-bros,1.9,Sport,5.10c,1,25,37.72444,-83.62657
Critters on the Cliff,Bruise Brothers Wall > Muir Valley > Red River Gorge > Kentucky,https://www.mountainproject.com/route/106061920/critters-on-the-cliff,3.1,Sport,5.10c,1,75,37.72444,-83.62657
"Hey There, Fancy Pants",Bruise Brothers Wall > Muir Valley > Red River Gorge > Kentucky,https://www.mountainproject.com/route/106064500/hey-there-fancy-pants,2.7,Sport,5.10c,1,55,37.72444,-83.62657
Workin' For The Weekend,Bruise Brothers Wall > Muir Valley > Red River Gorge > Kentucky,https://www.mountainproject.com/route/106130303/workin-for-the-weekend,3,Sport,5.10c,1,70,37.72444,-83.62657
Don't Take Yer Guns to Town,Bruise Brothers Wall > Muir Valley > Red River Gorge > Kentucky,https://www.mountainproject.com/route/106579371/dont-take-yer-guns-to-town,2.5,Sport,5.10c,1,50,37.72444,-83.62657
Beta Babes,Bruise Brothers Wall > Muir Valley > Red River Gorge > Kentucky,https://www.mountainproject.com/route/124129005/beta-babes,2.8,Sport,5.10c/d,1,30,37.72444,-83.62657
Goblins of Gombe,Bruise Brothers Wall > Muir Valley > Red River Gorge > Kentucky,https://www.mountainproject.com/route/121105873/goblins-of-gombe,2.1,Sport,5.10d,1,35,37.72444,-83.62657
Return of Manimal,Bruise Brothers Wall > Muir Valley > Red River Gorge > Kentucky,https://www.mountainproject.com/route/106061901/return-of-manimal,3.5,Sport,5.10d,1,85,37.72444,-83.62657
Kokopeli's Dream,Sunnyside > Muir Valley > Red River Gorge > Kentucky,https://www.mountainproject.com/route/106574064/kokopelis-dream,2.5,Sport,5.9,1,50,37.72324,-83.62607
Virgin Bolter Tag Team,Sunnyside > Muir Valley > Red River Gorge > Kentucky,https://www.mountainproject.com/route/106599140/virgin-bolter-tag-team,2.1,Sport,5.10b,1,65,37.72324,-83.62607
Machete,Sunnyside > Muir Valley > Red River Gorge > Kentucky,https://www.mountainproject.com/route/106599147/machete,3,Sport,5.10b,1,65,37.72324,-83.62607
Dingo the Gringo,Sunnyside > Muir Valley > Red River Gorge > Kentucky,https://www.mountainproject.com/route/107131436/dingo-the-gringo,1.9,Sport,5.10c,1,45,37.72324,-83.62607
Some Humans Ain't Human,Sunnyside > Muir Valley > Red River Gorge > Kentucky,https://www.mountainproject.com/route/107131450/some-humans-aint-human,2.9,Sport,5.10c,1,50,37.72324,-83.62607
Tall Cool One,Tectonic Wall > Muir Valley > Red River Gorge > Kentucky,https://www.mountainproject.com/route/106189887/tall-cool-one,2.6,Sport,5.9,1,60,37.7301,-83.6318
Plate Tectonics,Tectonic Wall > Muir Valley > Red River Gorge > Kentucky,https://www.mountainproject.com/route/106065471/plate-tectonics,3.3,Sport,5.10a,1,70,37.7301,-83.6318
Gettin' Lucky in Kentucky,Tectonic Wall > Muir Valley > Red River Gorge > Kentucky,https://www.mountainproject.com/route/106065461/gettin-lucky-in-kentucky,3.4,Sport,5.10b,1,60,37.7301,-83.6318
5th Bolt Faith,Tectonic Wall > Muir Valley > Red River Gorge > Kentucky,https://www.mountainproject.com/route/106170048/5th-bolt-faith,2.9,Sport,5.10c,1,55,37.7301,-83.6318
Serpentine,Tectonic Wall > Muir Valley > Red River Gorge > Kentucky,https://www.mountainproject.com/route/110458752/serpentine,2.1,Sport,5.10c,1,50,37.7301,-83.6318
Face Up to That Arete,Indy Wall > Muir Valley > Red River Gorge > Kentucky,https://www.mountainproject.com/route/107807510/face-up-to-that-arete,1.9,Sport,5.8,1,35,37.73041,-83.63511
Tight Lipped,Indy Wall > Muir Valley > Red River Gorge > Kentucky,https://www.mountainproject.com/route/111785521/tight-lipped,1.8,Sport,5.10a,1,NA,37.73041,-83.63511
Peer Pressure,Indy Wall > Muir Valley > Red River Gorge > Kentucky,https://www.mountainproject.com/route/114602469/peer-pressure,1.6,Sport,5.10b,1,30,37.73041,-83.63511
Annie the Annihilator,Indy Wall > Muir Valley > Red River Gorge > Kentucky,https://www.mountainproject.com/route/106128246/annie-the-annihilator,2.9,Sport,5.10c,1,40,37.73041,-83.63511
Makin' Bacon,Indy Wall > Muir Valley > Red River Gorge > Kentucky,https://www.mountainproject.com/route/106128257/makin-bacon,2.7,Sport,5.10d,1,40,37.73041,-83.63511
Hot Gossip,The Sanctuary > Muir Valley > Red River Gorge > Kentucky,https://www.mountainproject.com/route/120738054/hot-gossip,2.9,Sport,5.10b,1,65,37.73135,-83.63397
Netizen Hacktivist,Inner Sanctum > Muir Valley > Red River Gorge > Kentucky,https://www.mountainproject.com/route/106579695/netizen-hacktivist,2.4,Sport,5.9+,1,60,37.73203,-83.63337
Bad Company,Inner Sanctum > Muir Valley > Red River Gorge > Kentucky,https://www.mountainproject.com/route/106128972/bad-company,2.9,Sport,5.10b,1,50,37.73203,-83.63337
Karmic Retribution,Inner Sanctum > Muir Valley > Red River Gorge > Kentucky,https://www.mountainproject.com/route/106286405/karmic-retribution,3,Sport,5.10c,1,45,37.73203,-83.63337
Naughty Neighbors,Inner Sanctum > Muir Valley > Red River Gorge > Kentucky,https://www.mountainproject.com/route/106128957/naughty-neighbors,2.6,Sport,5.10d,1,55,37.73203,-83.63337
Thanks Holly,Johnny's Wall > Muir Valley > Red River Gorge > Kentucky,https://www.mountainproject.com/route/106272484/thanks-holly,2.1,Sport,5.8,1,45,37.72961,-83.63208
Two Chicken Butts,Johnny's Wall > Muir Valley > Red River Gorge > Kentucky,https://www.mountainproject.com/route/106272501/two-chicken-butts,2.1,Sport,5.9,1,45,37.72961,-83.63208
"59"" DrillBitch",Johnny's Wall > Muir Valley > Red River Gorge > Kentucky,https://www.mountainproject.com/route/106614611/59-drillbitch,3,Sport,5.10a,1,45,37.72961,-83.63208
Bethel,Johnny's Wall > Muir Valley > Red River Gorge > Kentucky,https://www.mountainproject.com/route/106614620/bethel,2.9,Sport,5.10a,1,50,37.72961,-83.63208
Mancala,Johnny's Wall > Muir Valley > Red River Gorge > Kentucky,https://www.mountainproject.com/route/106921324/mancala,2.5,Sport,5.10a/b,1,45,37.72961,-83.63208
Spinner,Johnny's Wall > Muir Valley > Red River Gorge > Kentucky,https://www.mountainproject.com/route/106614626/spinner,2.9,Sport,5.10b,1,50,37.72961,-83.63208
Heard It On NPR,Washboard Wall > Muir Valley > Red River Gorge > Kentucky,https://www.mountainproject.com/route/107123636/heard-it-on-npr,3.2,Sport,5.10d,2,100,37.72738,-83.62942
Barenjager,Washboard Wall > Muir Valley > Red River Gorge > Kentucky,https://www.mountainproject.com/route/107841212/barenjager,2.6,Sport,5.10d,1,40,37.72738,-83.62942
Slabracadabra,The Bowling Alley > Muir Valley > Red River Gorge > Kentucky,https://www.mountainproject.com/route/120485432/slabracadabra,2.1,Sport,5.8,1,32,37.7212,-83.62513
Yellow Slabmarine,The Bowling Alley > Muir Valley > Red River Gorge > Kentucky,https://www.mountainproject.com/route/120639240/yellow-slabmarine,1.8,Sport,5.8,1,28,37.7212,-83.62513
Africtionado,The Bowling Alley > Muir Valley > Red River Gorge > Kentucky,https://www.mountainproject.com/route/120485497/africtionado,1.8,Sport,5.9,1,32,37.7212,-83.62513
Slabbatical,The Bowling Alley > Muir Valley > Red River Gorge > Kentucky,https://www.mountainproject.com/route/120639206/slabbatical,1.9,Sport,5.9,1,26,37.7212,-83.62513
King Pin,The Bowling Alley > Muir Valley > Red River Gorge > Kentucky,https://www.mountainproject.com/route/107203385/king-pin,2.1,Sport,5.10a,1,45,37.7212,-83.62513
Imminent Demise,The Bowling Alley > Muir Valley > Red River Gorge > Kentucky,https://www.mountainproject.com/route/106447766/imminent-demise,1.9,Sport,5.10b,1,45,37.7212,-83.62513
Gaian Prophecy,The Bowling Alley > Muir Valley > Red River Gorge > Kentucky,https://www.mountainproject.com/route/120485182/gaian-prophecy,2.1,Sport,5.10b,1,42,37.7212,-83.62513
Steel Reserve,The Bowling Alley > Muir Valley > Red River Gorge > Kentucky,https://www.mountainproject.com/route/107203377/steel-reserve,1.5,Sport,5.10c,1,45,37.7212,-83.62513
Ten Pin,The Bowling Alley > Muir Valley > Red River Gorge > Kentucky,https://www.mountainproject.com/route/120485263/ten-pin,2.1,Sport,5.10d,1,40,37.7212,-83.62513
International Route of Pancakes,The Hideout > Muir Valley > Red River Gorge > Kentucky,https://www.mountainproject.com/route/106580234/international-route-of-pancakes,1.7,Sport,5.8,1,35,37.73189,-83.63725
Dance of the Druids,The Hideout > Muir Valley > Red River Gorge > Kentucky,https://www.mountainproject.com/route/107255588/dance-of-the-druids,2.4,Sport,5.9,1,60,37.73189,-83.63725
Moots Madness,The Hideout > Muir Valley > Red River Gorge > Kentucky,https://www.mountainproject.com/route/106937614/moots-madness,2.3,Sport,5.10a,1,40,37.73189,-83.63725
Boltergeist,The Hideout > Muir Valley > Red River Gorge > Kentucky,https://www.mountainproject.com/route/106580228/boltergeist,3.3,Sport,5.10a/b,1,95,37.73189,-83.63725
Beware the Bear,The Hideout > Muir Valley > Red River Gorge > Kentucky,https://www.mountainproject.com/route/106789884/beware-the-bear,2.4,Sport,5.10b,1,50,37.73189,-83.63725
Pre-emptive Strike,The Hideout > Muir Valley > Red River Gorge > Kentucky,https://www.mountainproject.com/route/106463621/pre-emptive-strike,3.3,Sport,5.10c,1,90,37.73189,-83.63725
Mantle Peace,The Hideout > Muir Valley > Red River Gorge > Kentucky,https://www.mountainproject.com/route/110978947/mantle-peace,1.8,Sport,5.10c/d,1,80,37.73189,-83.63725
Cruisin' for a Bruisin',The Hideout > Muir Valley > Red River Gorge > Kentucky,https://www.mountainproject.com/route/106937607/cruisin-for-a-bruisin,2.9,Sport,5.10d,1,60,37.73189,-83.63725
All Mixed Up,The Hideout > Muir Valley > Red River Gorge > Kentucky,https://www.mountainproject.com/route/107219559/all-mixed-up,2.3,"Trad, Sport",5.10d,1,85,37.73189,-83.63725
Ledgends of Limonite,The Great Wall > Muir Valley > Red River Gorge > Kentucky,https://www.mountainproject.com/route/106580254/ledgends-of-limonite,2.1,Sport,5.8,1,55,37.73288,-83.63751
Dynabolt Gold,The Great Wall > Muir Valley > Red River Gorge > Kentucky,https://www.mountainproject.com/route/106422472/dynabolt-gold,3.1,Sport,5.10a,1,70,37.73288,-83.63751
Bitter Ray of Sunshine,The Great Wall > Muir Valley > Red River Gorge > Kentucky,https://www.mountainproject.com/route/106451181/bitter-ray-of-sunshine,3,Sport,5.10b,1,55,37.73288,-83.63751
Ledgends of Limonite (direct start),The Great Wall > Muir Valley > Red River Gorge > Kentucky,https://www.mountainproject.com/route/106944299/ledgends-of-limonite-direct-start,2.5,Sport,5.10b,1,55,37.73288,-83.63751
Touch of Grey,The Great Wall > Muir Valley > Red River Gorge > Kentucky,https://www.mountainproject.com/route/106451192/touch-of-grey,2.7,Sport,5.10d,1,65,37.73288,-83.63751
Muddy Waters,The Great Wall > Muir Valley > Red River Gorge > Kentucky,https://www.mountainproject.com/route/125947534/muddy-waters,2.3,Sport,5.10d,1,70,37.73288,-83.63751
Mingus,The Great Wall > Muir Valley > Red River Gorge > Kentucky,https://www.mountainproject.com/route/126088729/mingus,3.3,Sport,5.10d,1,70,37.73288,-83.63751
Abby Gabby Goo,The Boneyard > Muir Valley > Red River Gorge > Kentucky,https://www.mountainproject.com/route/107203314/abby-gabby-goo,1.4,Sport,5.8,1,30,37.73135,-83.63968
Hijacked Project,The Boneyard > Muir Valley > Red River Gorge > Kentucky,https://www.mountainproject.com/route/106930963/hijacked-project,2.4,Sport,5.9,1,47,37.73135,-83.63968
One-Armed Bandit,The Boneyard > Muir Valley > Red River Gorge > Kentucky,https://www.mountainproject.com/route/106937674/one-armed-bandit,2.5,Sport,5.9,1,80,37.73135,-83.63968
Stealing Melinda,The Boneyard > Muir Valley > Red River Gorge > Kentucky,https://www.mountainproject.com/route/107203301/stealing-melinda,2.1,Sport,5.9,1,25,37.73135,-83.63968
Cindarella,The Boneyard > Muir Valley > Red River Gorge > Kentucky,https://www.mountainproject.com/route/106937656/cindarella,2.1,Sport,5.9+,1,80,37.73135,-83.63968
Lucy Goosey,The Boneyard > Muir Valley > Red River Gorge > Kentucky,https://www.mountainproject.com/route/107203231/lucy-goosey,2.6,Sport,5.10b,1,80,37.73135,-83.63968
Surfing the Whale's Back,The Boneyard > Muir Valley > Red River Gorge > Kentucky,https://www.mountainproject.com/route/107203293/surfing-the-whales-back,1.4,Sport,5.10b,1,55,37.73135,-83.63968
Armed Insurrection,The Boneyard > Muir Valley > Red River Gorge > Kentucky,https://www.mountainproject.com/route/106937663/armed-insurrection,2.8,Sport,5.10d,1,80,37.73135,-83.63968
Tanduay Time,The Boneyard > Muir Valley > Red River Gorge > Kentucky,https://www.mountainproject.com/route/107203331/tanduay-time,2.7,Sport,5.10d,1,60,37.73135,-83.63968
Shawty,Practice Wall > Muir Valley > Red River Gorge > Kentucky,https://www.mountainproject.com/route/106793348/shawty,1.5,Sport,5.8+,1,20,37.7275,-83.6278
Crescendo,Practice Wall > Muir Valley > Red River Gorge > Kentucky,https://www.mountainproject.com/route/107121352/crescendo,2.3,Sport,5.8+,1,40,37.7275,-83.6278
Low Exposure,Practice Wall > Muir Valley > Red River Gorge > Kentucky,https://www.mountainproject.com/route/106792402/low-exposure,1.8,Sport,5.9,1,25,37.7275,-83.6278
Mercenary of the Mandarin Chicken,Practice Wall > Muir Valley > Red River Gorge > Kentucky,https://www.mountainproject.com/route/106793339/mercenary-of-the-mandarin-chicken,1.9,Sport,5.9,1,25,37.7275,-83.6278
Crescent Moon,Practice Wall > Muir Valley > Red River Gorge > Kentucky,https://www.mountainproject.com/route/106969859/crescent-moon,2,Sport,5.10a,1,35,37.7275,-83.6278
Beta Spewer,Practice Wall > Muir Valley > Red River Gorge > Kentucky,https://www.mountainproject.com/route/106792065/beta-spewer,2.7,Sport,5.10b,1,20,37.7275,-83.6278
Dyn-O-Mite,"Great Arch, The > Muir Valley > Red River Gorge > Kentucky",https://www.mountainproject.com/route/106773955/dyn-o-mite,2.9,Sport,5.9-,1,85,37.73468,-83.63843
Black Powder,"Great Arch, The > Muir Valley > Red River Gorge > Kentucky",https://www.mountainproject.com/route/107143575/black-powder,2.7,Sport,5.10a,1,85,37.73468,-83.63843
Thrillbillies,Slab City > Muir Valley > Red River Gorge > Kentucky,https://www.mountainproject.com/route/107250835/thrillbillies,3.2,Sport,5.10b,1,90,37.734,-83.64101
Backstabber,Sunbeam Buttress > Muir Valley > Red River Gorge > Kentucky,https://www.mountainproject.com/route/107855134/backstabber,2.1,Sport,5.9,1,40,37.7351,-83.6371
Where's My Chisel,Sunbeam Buttress > Muir Valley > Red River Gorge > Kentucky,https://www.mountainproject.com/route/107855115/wheres-my-chisel,0.6,Sport,5.9+,1,35,37.7351,-83.6371
Moonshine,Sunbeam Buttress > Muir Valley > Red River Gorge > Kentucky,https://www.mountainproject.com/route/106915629/moonshine,2.3,Sport,5.10b,1,60,37.7351,-83.6371
Sunbeam,Sunbeam Buttress > Muir Valley > Red River Gorge > Kentucky,https://www.mountainproject.com/route/106915637/sunbeam,2.4,Sport,5.10c,1,65,37.7351,-83.6371
Out of the Dark,Sunbeam Buttress > Muir Valley > Red River Gorge > Kentucky,https://www.mountainproject.com/route/107506355/out-of-the-dark,2.8,Sport,5.10c,1,65,37.7351,-83.6371
Universal Gravitation,Sunbeam Buttress > Muir Valley > Red River Gorge > Kentucky,https://www.mountainproject.com/route/108144702/universal-gravitation,1.5,Sport,5.10d,1,40,37.7351,-83.6371
"The Short, Happy Life of Francis Macomber",Bibliothek > Muir Valley > Red River Gorge > Kentucky,https://www.mountainproject.com/route/106937694/the-short-happy-life-of-francis-macomber,2.1,Sport,5.10b,1,45,37.73034,-83.64058
Prehistoric Extermination,Land Before Time Wall > Muir Valley > Red River Gorge > Kentucky,https://www.mountainproject.com/route/106968591/prehistoric-extermination,3.1,Sport,5.8,1,50,37.72435,-83.63078
Coprolite,Land Before Time Wall > Muir Valley > Red River Gorge > Kentucky,https://www.mountainproject.com/route/106973561/coprolite,1.2,Sport,5.8,1,25,37.72435,-83.63078
Ryanosaurus,Land Before Time Wall > Muir Valley > Red River Gorge > Kentucky,https://www.mountainproject.com/route/106968604/ryanosaurus,2.9,Sport,5.9,1,50,37.72435,-83.63078
Neanderfall,Land Before Time Wall > Muir Valley > Red River Gorge > Kentucky,https://www.mountainproject.com/route/106968665/neanderfall,1.9,Sport,5.9,1,50,37.72435,-83.63078
Watering Hole,Land Before Time Wall > Muir Valley > Red River Gorge > Kentucky,https://www.mountainproject.com/route/107321623/watering-hole,2.3,Sport,5.10a,1,60,37.72435,-83.63078
Sabertooth,Land Before Time Wall > Muir Valley > Red River Gorge > Kentucky,https://www.mountainproject.com/route/107239363/sabertooth,2.4,Sport,5.10c,1,55,37.72435,-83.63078
Rikki Tikki Tavi,Animal Crackers Wall > Muir Valley > Red River Gorge > Kentucky,https://www.mountainproject.com/route/107124313/rikki-tikki-tavi,2.1,Sport,5.8,1,50,37.73064,-83.63911
Casey,Animal Crackers Wall > Muir Valley > Red River Gorge > Kentucky,https://www.mountainproject.com/route/107124345/casey,2.2,Sport,5.8,1,75,37.73064,-83.63911
Panda Bear,Animal Crackers Wall > Muir Valley > Red River Gorge > Kentucky,https://www.mountainproject.com/route/107124319/panda-bear,1.8,Sport,5.8+,1,45,37.73064,-83.63911
Sam,Animal Crackers Wall > Muir Valley > Red River Gorge > Kentucky,https://www.mountainproject.com/route/107124331/sam,2.6,Sport,5.10b,1,45,37.73064,-83.63911
Manteleer,Coyote Cliff > Muir Valley > Red River Gorge > Kentucky,https://www.mountainproject.com/route/107203510/manteleer,2.8,Sport,5.9+,1,70,37.7356,-83.64148
ACME Corporation,Coyote Cliff > Muir Valley > Red River Gorge > Kentucky,https://www.mountainproject.com/route/121719959/acme-corporation,1.4,Sport,5.9+,1,40,37.7356,-83.64148
Wile E. Coyote,Coyote Cliff > Muir Valley > Red River Gorge > Kentucky,https://www.mountainproject.com/route/121719830/wile-e-coyote,1.1,Sport,5.10-,1,40,37.7356,-83.64148
Bombardier,Coyote Cliff > Muir Valley > Red River Gorge > Kentucky,https://www.mountainproject.com/route/107203502/bombardier,2.3,Sport,5.10b,1,50,37.7356,-83.64148
Thunderclinger,Coyote Cliff > Muir Valley > Red River Gorge > Kentucky,https://www.mountainproject.com/route/107131365/thunderclinger,3.3,Sport,5.10c,1,60,37.7356,-83.64148
Retirement Day,Coyote Cliff > Muir Valley > Red River Gorge > Kentucky,https://www.mountainproject.com/route/108885357/retirement-day,1.5,Sport,5.10+,1,35,37.7356,-83.64148
Golden Box,Coyote Cliff > Muir Valley > Red River Gorge > Kentucky,https://www.mountainproject.com/route/107333907/golden-box,1.6,Sport,5.10d,1,40,37.7356,-83.64148
Fire and Rain,Fire Wall > Muir Valley > Red River Gorge > Kentucky,https://www.mountainproject.com/route/113861083/fire-and-rain,2.2,Sport,5.10a,1,70,37.735,-83.64259
Irish Mud,Guide Wall > Muir Valley > Red River Gorge > Kentucky,https://www.mountainproject.com/route/107204420/irish-mud,1.8,Sport,5.8-,1,25,37.7258,-83.6296
Mona Lisa Crack,Guide Wall > Muir Valley > Red River Gorge > Kentucky,https://www.mountainproject.com/route/107205260/mona-lisa-crack,2.6,Sport,5.8-,1,45,37.7258,-83.6296
Parks and Rec,Guide Wall > Muir Valley > Red River Gorge > Kentucky,https://www.mountainproject.com/route/107204414/parks-and-rec,1.4,Sport,5.8,1,25,37.7258,-83.6296
Built for Life,Guide Wall > Muir Valley > Red River Gorge > Kentucky,https://www.mountainproject.com/route/107205256/built-for-life,2.3,Sport,5.8,1,50,37.7258,-83.6296
Waterfall Ballet,Shawnee Shelter > Muir Valley > Red River Gorge > Kentucky,https://www.mountainproject.com/route/107860429/waterfall-ballet,3,Sport,5.10a,1,50,37.73488,-83.63457
Hall Monitor,Recess Rock > Muir Valley > Red River Gorge > Kentucky,https://www.mountainproject.com/route/118704312/hall-monitor,1.8,Sport,5.10+,1,25,37.7248,-83.62899
De’Lilah’s Way,Front Porch Wall > Muir Valley > Red River Gorge > Kentucky,https://www.mountainproject.com/route/117835534/delilahs-way,1,Sport,5.8,1,25,37.72321,-83.63094
Waist of Paper,Front Porch Wall > Muir Valley > Red River Gorge > Kentucky,https://www.mountainproject.com/route/117835408/waist-of-paper,1.7,Sport,5.8+,1,40,37.72321,-83.63094
Lying Under The Porch,Front Porch Wall > Muir Valley > Red River Gorge > Kentucky,https://www.mountainproject.com/route/117835460/lying-under-the-porch,1.3,Sport,5.10-,1,50,37.72321,-83.63094
7-11,Solar Collector/Gold Coast > Pendergrass-Murray Recreational Preserve (PMRP) > Red River Gorge > Kentucky,https://www.mountainproject.com/route/111146086/7-11,1.7,Sport,5.8,1,45,37.6775,-83.73409
Sunny the Boxer,Solar Collector/Gold Coast > Pendergrass-Murray Recreational Preserve (PMRP) > Red River Gorge > Kentucky,https://www.mountainproject.com/route/108165689/sunny-the-boxer,2.8,Sport,5.9,1,85,37.6775,-83.73409
Norway On My Mind,Solar Collector/Gold Coast > Pendergrass-Murray Recreational Preserve (PMRP) > Red River Gorge > Kentucky,https://www.mountainproject.com/route/106973588/norway-on-my-mind,2.2,Sport,5.9,1,45,37.6775,-83.73409
On the Prowl,Solar Collector/Gold Coast > Pendergrass-Murray Recreational Preserve (PMRP) > Red River Gorge > Kentucky,https://www.mountainproject.com/route/107133269/on-the-prowl,2.7,Sport,5.9+,1,50,37.6775,-83.73409
Brambly Downslide,Solar Collector/Gold Coast > Pendergrass-Murray Recreational Preserve (PMRP) > Red River Gorge > Kentucky,https://www.mountainproject.com/route/107080668/brambly-downslide,2.9,Sport,5.10a,1,75,37.6775,-83.73409
The Decline of Western Civilization,Solar Collector/Gold Coast > Pendergrass-Murray Recreational Preserve (PMRP) > Red River Gorge > Kentucky,https://www.mountainproject.com/route/107878537/the-decline-of-western-civilization,2.4,Sport,5.10a,1,50,37.6775,-83.73409
Peer Review,Solar Collector/Gold Coast > Pendergrass-Murray Recreational Preserve (PMRP) > Red River Gorge > Kentucky,https://www.mountainproject.com/route/113237146/peer-review,0.9,Sport,5.10b,1,35,37.6775,-83.73409
Super Pinch,Solar Collector/Gold Coast > Pendergrass-Murray Recreational Preserve (PMRP) > Red River Gorge > Kentucky,https://www.mountainproject.com/route/106588480/super-pinch,2.6,Sport,5.10d,1,50,37.6775,-83.73409
Brolo El Cunado,Chica Bonita Wall > Pendergrass-Murray Recreational Preserve (PMRP) > Red River Gorge > Kentucky,https://www.mountainproject.com/route/112562988/brolo-el-cunado,2,Sport,5.8,1,30,37.65078,-83.72161
Tiger Lily,Chica Bonita Wall > Pendergrass-Murray Recreational Preserve (PMRP) > Red River Gorge > Kentucky,https://www.mountainproject.com/route/115131608/tiger-lily,2.5,Sport,5.9,1,35,37.65078,-83.72161
My Way or The Highway,Chica Bonita Wall > Pendergrass-Murray Recreational Preserve (PMRP) > Red River Gorge > Kentucky,https://www.mountainproject.com/route/116162358/my-way-or-the-highway,3,Sport,5.9,1,80,37.65078,-83.72161
[Redacted],Chica Bonita Wall > Pendergrass-Murray Recreational Preserve (PMRP) > Red River Gorge > Kentucky,https://www.mountainproject.com/route/107334457/redacted,2.5,Sport,5.9,1,35,37.65078,-83.72161
Raindancer,Chica Bonita Wall > Pendergrass-Murray Recreational Preserve (PMRP) > Red River Gorge > Kentucky,https://www.mountainproject.com/route/106065295/raindancer,1.9,Sport,5.10a,1,30,37.65078,-83.72161
Brown Eyed Girl,Chica Bonita Wall > Pendergrass-Murray Recreational Preserve (PMRP) > Red River Gorge > Kentucky,https://www.mountainproject.com/route/106065316/brown-eyed-girl,3.3,Sport,5.10a,1,70,37.65078,-83.72161
Motor Booty Pimp Affair,Chica Bonita Wall > Pendergrass-Murray Recreational Preserve (PMRP) > Red River Gorge > Kentucky,https://www.mountainproject.com/route/117849670/motor-booty-pimp-affair,3.5,Sport,5.10a,1,95,37.65078,-83.72161
Good Gravy,Chica Bonita Wall > Pendergrass-Murray Recreational Preserve (PMRP) > Red River Gorge > Kentucky,https://www.mountainproject.com/route/112219423/good-gravy,2.5,Sport,5.10b,1,55,37.65078,-83.72161
When Rats Attack,Chica Bonita Wall > Pendergrass-Murray Recreational Preserve (PMRP) > Red River Gorge > Kentucky,https://www.mountainproject.com/route/106065310/when-rats-attack,2.5,Sport,5.10b,1,60,37.65078,-83.72161
Baby Blue Eyes,Chica Bonita Wall > Pendergrass-Murray Recreational Preserve (PMRP) > Red River Gorge > Kentucky,https://www.mountainproject.com/route/106065321/baby-blue-eyes,3.1,Sport,5.10c,1,75,37.65078,-83.72161
That's What She Said,Chica Bonita Wall > Pendergrass-Murray Recreational Preserve (PMRP) > Red River Gorge > Kentucky,https://www.mountainproject.com/route/107353405/thats-what-she-said,3.3,Sport,5.10c,1,90,37.65078,-83.72161
Flying The Bird,Chica Bonita Wall > Pendergrass-Murray Recreational Preserve (PMRP) > Red River Gorge > Kentucky,https://www.mountainproject.com/route/107353489/flying-the-bird,2.8,Sport,5.10c,1,50,37.65078,-83.72161
Old English,Chica Bonita Wall > Pendergrass-Murray Recreational Preserve (PMRP) > Red River Gorge > Kentucky,https://www.mountainproject.com/route/108121461/old-english,3.1,Sport,5.10c,1,75,37.65078,-83.72161
Pottsville Escarpment,Drive-By Crag > Pendergrass-Murray Recreational Preserve (PMRP) > Red River Gorge > Kentucky,https://www.mountainproject.com/route/109481163/pottsville-escarpment,3.1,Sport,5.10a,1,80,37.65291,-83.72495
Layback and Groove,Drive-By Crag > Pendergrass-Murray Recreational Preserve (PMRP) > Red River Gorge > Kentucky,https://www.mountainproject.com/route/110415771/layback-and-groove,2.4,Sport,5.10b,1,50,37.65291,-83.72495
Deeper is Better,Drive-By Crag > Pendergrass-Murray Recreational Preserve (PMRP) > Red River Gorge > Kentucky,https://www.mountainproject.com/route/111769220/deeper-is-better,2.8,Sport,5.10b,1,60,37.65291,-83.72495
Make  A Wish,Drive-By Crag > Pendergrass-Murray Recreational Preserve (PMRP) > Red River Gorge > Kentucky,https://www.mountainproject.com/route/106081926/make-a-wish,2.6,Sport,5.10b,1,75,37.65291,-83.72495
Slick and the 9mm,Drive-By Crag > Pendergrass-Murray Recreational Preserve (PMRP) > Red River Gorge > Kentucky,https://www.mountainproject.com/route/106577353/slick-and-the-9mm,2.6,Sport,5.10b,1,60,37.65291,-83.72495
Harshin' my Mellow,Drive-By Crag > Pendergrass-Murray Recreational Preserve (PMRP) > Red River Gorge > Kentucky,https://www.mountainproject.com/route/109522470/harshin-my-mellow,1.5,Sport,5.10c,1,60,37.65291,-83.72495
A Wave New World,Drive-By Crag > Pendergrass-Murray Recreational Preserve (PMRP) > Red River Gorge > Kentucky,https://www.mountainproject.com/route/109714325/a-wave-new-world,2.2,Sport,5.10c,1,60,37.65291,-83.72495
Breakfast Burrito,Drive-By Crag > Pendergrass-Murray Recreational Preserve (PMRP) > Red River Gorge > Kentucky,https://www.mountainproject.com/route/106081922/breakfast-burrito,3.7,Sport,5.10c/d,1,80,37.65291,-83.72495
Fire and Brimstone,Drive-By Crag > Pendergrass-Murray Recreational Preserve (PMRP) > Red River Gorge > Kentucky,https://www.mountainproject.com/route/106081931/fire-and-brimstone,3.6,Sport,5.10d,1,90,37.65291,-83.72495
Sojourner Truth,Drive-By Crag > Pendergrass-Murray Recreational Preserve (PMRP) > Red River Gorge > Kentucky,https://www.mountainproject.com/route/109481550/sojourner-truth,2,Sport,5.10d,1,55,37.65291,-83.72495
The Midnight Gospel,Drive-By Crag > Pendergrass-Murray Recreational Preserve (PMRP) > Red River Gorge > Kentucky,https://www.mountainproject.com/route/121715661/the-midnight-gospel,2.6,Sport,5.10d,1,60,37.65291,-83.72495
Seeds N Stems,Bob Marley > Pendergrass-Murray Recreational Preserve (PMRP) > Red River Gorge > Kentucky,https://www.mountainproject.com/route/127056239/seeds-n-stems,2,Sport,5.8+,1,45,37.65194,-83.72328
Waiting for JJ,Bob Marley > Pendergrass-Murray Recreational Preserve (PMRP) > Red River Gorge > Kentucky,https://www.mountainproject.com/route/111712891/waiting-for-jj,1.3,Sport,5.9,1,30,37.65194,-83.72328
Where's JJ?,Bob Marley > Pendergrass-Murray Recreational Preserve (PMRP) > Red River Gorge > Kentucky,https://www.mountainproject.com/route/111712886/wheres-jj,1.8,Sport,5.10a,1,35,37.65194,-83.72328
The Ultimate Crumbsnatch,Bob Marley > Pendergrass-Murray Recreational Preserve (PMRP) > Red River Gorge > Kentucky,https://www.mountainproject.com/route/119573714/the-ultimate-crumbsnatch,2.3,Sport,5.10c/d PG13,1,50,37.65194,-83.72328
27 Years of Climbing,The Gallery > Pendergrass-Murray Recreational Preserve (PMRP) > Red River Gorge > Kentucky,https://www.mountainproject.com/route/106125099/27-years-of-climbing,3.6,Sport,5.8,1,65,37.65292,-83.71772
Crimpy and the Brain,The Gallery > Pendergrass-Murray Recreational Preserve (PMRP) > Red River Gorge > Kentucky,https://www.mountainproject.com/route/111490719/crimpy-and-the-brain,1.8,Sport,5.9,1,50,37.65292,-83.71772
Jimson Weed,The Gallery > Pendergrass-Murray Recreational Preserve (PMRP) > Red River Gorge > Kentucky,https://www.mountainproject.com/route/200384754/jimson-weed,2.6,Sport,5.9,1,30,37.65292,-83.71772
Mona J,The Gallery > Pendergrass-Murray Recreational Preserve (PMRP) > Red River Gorge > Kentucky,https://www.mountainproject.com/route/200384653/mona-j,2.4,Sport,5.9,1,70,37.65292,-83.71772
A Brief History of Climb,The Gallery > Pendergrass-Murray Recreational Preserve (PMRP) > Red River Gorge > Kentucky,https://www.mountainproject.com/route/106125070/a-brief-history-of-climb,3.7,Sport,5.10b,1,75,37.65292,-83.71772
The King Lives On...,The Gallery > Pendergrass-Murray Recreational Preserve (PMRP) > Red River Gorge > Kentucky,https://www.mountainproject.com/route/106125110/the-king-lives-on,2.7,Sport,5.10b,1,80,37.65292,-83.71772
"No Brain, No Pain",The Gallery > Pendergrass-Murray Recreational Preserve (PMRP) > Red River Gorge > Kentucky,https://www.mountainproject.com/route/110293313/no-brain-no-pain,2.6,Sport,5.10b,1,40,37.65292,-83.71772
Frontal Lobotomy,The Gallery > Pendergrass-Murray Recreational Preserve (PMRP) > Red River Gorge > Kentucky,https://www.mountainproject.com/route/112802270/frontal-lobotomy,1.5,Sport,5.10b,1,65,37.65292,-83.71772
Closed project,The Gallery > Pendergrass-Murray Recreational Preserve (PMRP) > Red River Gorge > Kentucky,https://www.mountainproject.com/route/200384670/closed-project,3,Sport,5.10,1,70,37.65292,-83.71772
Le Désespéré,The Gallery > Pendergrass-Murray Recreational Preserve (PMRP) > Red River Gorge > Kentucky,https://www.mountainproject.com/route/200384737/le-desespere,2,Sport,5.10b/c,1,50,37.65292,-83.71772
Murano,The Gallery > Pendergrass-Murray Recreational Preserve (PMRP) > Red River Gorge > Kentucky,https://www.mountainproject.com/route/106125082/murano,2.8,Sport,5.10b/c,1,75,37.65292,-83.71772
DaVinci's Left Ear,The Gallery > Pendergrass-Murray Recreational Preserve (PMRP) > Red River Gorge > Kentucky,https://www.mountainproject.com/route/106937642/davincis-left-ear,2.6,Sport,5.10c,1,60,37.65292,-83.71772
Crude Awakening,The Gallery > Pendergrass-Murray Recreational Preserve (PMRP) > Red River Gorge > Kentucky,https://www.mountainproject.com/route/111696284/crude-awakening,3.1,Sport,5.10c,1,60,37.65292,-83.71772
Short By a Foot,The Gallery > Pendergrass-Murray Recreational Preserve (PMRP) > Red River Gorge > Kentucky,https://www.mountainproject.com/route/111910470/short-by-a-foot,2.3,Sport,5.10c,1,40,37.65292,-83.71772
Closed project,The Gallery > Pendergrass-Murray Recreational Preserve (PMRP) > Red River Gorge > Kentucky,https://www.mountainproject.com/route/200384723/closed-project,2,Sport,5.10+,1,55,37.65292,-83.71772
Red shoes,The Gallery > Pendergrass-Murray Recreational Preserve (PMRP) > Red River Gorge > Kentucky,https://www.mountainproject.com/route/200384708/red-shoes,2.5,Sport,5.10d,1,55,37.65292,-83.71772
Artistic fall,The Gallery > Pendergrass-Murray Recreational Preserve (PMRP) > Red River Gorge > Kentucky,https://www.mountainproject.com/route/200384697/artistic-fall,2.3,Sport,5.10d,1,55,37.65292,-83.71772
Happy Trails,The Gallery > Pendergrass-Murray Recreational Preserve (PMRP) > Red River Gorge > Kentucky,https://www.mountainproject.com/route/106125118/happy-trails,2.6,Sport,5.10d,1,80,37.65292,-83.71772
All Draws and No Brains,The Gallery > Pendergrass-Murray Recreational Preserve (PMRP) > Red River Gorge > Kentucky,https://www.mountainproject.com/route/111490728/all-draws-and-no-brains,2,Sport,5.10d,1,45,37.65292,-83.71772
Dain Bramage,The Gallery > Pendergrass-Murray Recreational Preserve (PMRP) > Red River Gorge > Kentucky,https://www.mountainproject.com/route/112289843/dain-bramage,3.1,Sport,5.10d,1,80,37.65292,-83.71772
First Time,Volunteer Wall > Pendergrass-Murray Recreational Preserve (PMRP) > Red River Gorge > Kentucky,https://www.mountainproject.com/route/106849475/first-time,2.6,Sport,5.8,1,50,37.65459,-83.71673
Darwin Loves You,Volunteer Wall > Pendergrass-Murray Recreational Preserve (PMRP) > Red River Gorge > Kentucky,https://www.mountainproject.com/route/106653826/darwin-loves-you,2.3,Sport,5.9+,1,50,37.65459,-83.71673
Farley's Folly,Volunteer Wall > Pendergrass-Murray Recreational Preserve (PMRP) > Red River Gorge > Kentucky,https://www.mountainproject.com/route/108096318/farleys-folly,1.9,Sport,5.10a/b,1,40,37.65459,-83.71673
Nice To Know You,Volunteer Wall > Pendergrass-Murray Recreational Preserve (PMRP) > Red River Gorge > Kentucky,https://www.mountainproject.com/route/107089996/nice-to-know-you,2.5,Sport,5.10b PG13,1,50,37.65459,-83.71673
Family Tradition,Volunteer Wall > Pendergrass-Murray Recreational Preserve (PMRP) > Red River Gorge > Kentucky,https://www.mountainproject.com/route/106309585/family-tradition,2.6,Sport,5.10,1,50,37.65459,-83.71673
Hurt,Volunteer Wall > Pendergrass-Murray Recreational Preserve (PMRP) > Red River Gorge > Kentucky,https://www.mountainproject.com/route/106849536/hurt,2.1,Sport,5.10c,1,65,37.65459,-83.71673
Pinkies Extended,Volunteer Wall > Pendergrass-Murray Recreational Preserve (PMRP) > Red River Gorge > Kentucky,https://www.mountainproject.com/route/108392096/pinkies-extended,2.8,Sport,5.10c,1,75,37.65459,-83.71673
Helping Hands,Volunteer Wall > Pendergrass-Murray Recreational Preserve (PMRP) > Red River Gorge > Kentucky,https://www.mountainproject.com/route/106538985/helping-hands,2.5,Sport,5.10d,1,40,37.65459,-83.71673
Tong Shing,Volunteer Wall > Pendergrass-Murray Recreational Preserve (PMRP) > Red River Gorge > Kentucky,https://www.mountainproject.com/route/106653818/tong-shing,2.6,Sport,5.10d PG13,1,55,37.65459,-83.71673
Generosity,Volunteer Wall > Pendergrass-Murray Recreational Preserve (PMRP) > Red River Gorge > Kentucky,https://www.mountainproject.com/route/106969872/generosity,2.8,Sport,5.10d,1,55,37.65459,-83.71673
Normalised Bramapithecus,Volunteer Wall > Pendergrass-Murray Recreational Preserve (PMRP) > Red River Gorge > Kentucky,https://www.mountainproject.com/route/107104918/normalised-bramapithecus,2.7,Sport,5.10d,1,65,37.65459,-83.71673
Ticket Redemption,North 40 > Pendergrass-Murray Recreational Preserve (PMRP) > Red River Gorge > Kentucky,https://www.mountainproject.com/route/124650484/ticket-redemption,3.1,Sport,5.10a/b,1,55,37.6523,-83.7082
Sudoku,Curbside > Pendergrass-Murray Recreational Preserve (PMRP) > Red River Gorge > Kentucky,https://www.mountainproject.com/route/109641602/sudoku,2.3,Sport,5.10a,1,50,37.65051,-83.71917
Waltz the Deal,Curbside > Pendergrass-Murray Recreational Preserve (PMRP) > Red River Gorge > Kentucky,https://www.mountainproject.com/route/111220419/waltz-the-deal,2.2,Sport,5.10a,1,50,37.65051,-83.71917
Single Finger Salute,Curbside > Pendergrass-Murray Recreational Preserve (PMRP) > Red River Gorge > Kentucky,https://www.mountainproject.com/route/108400396/single-finger-salute,2.3,Sport,5.10c,1,55,37.65051,-83.71917
Action over Apathy,Curbside > Pendergrass-Murray Recreational Preserve (PMRP) > Red River Gorge > Kentucky,https://www.mountainproject.com/route/109641623/action-over-apathy,2,Sport,5.10c,1,60,37.65051,-83.71917
Curbside No Traction,Curbside > Pendergrass-Murray Recreational Preserve (PMRP) > Red River Gorge > Kentucky,https://www.mountainproject.com/route/111234838/curbside-no-traction,3.1,Sport,5.10c,1,35,37.65051,-83.71917
The Second Labor of Hercules,Curbside > Pendergrass-Murray Recreational Preserve (PMRP) > Red River Gorge > Kentucky,https://www.mountainproject.com/route/106125052/the-second-labor-of-hercules,1.9,Sport,5.10c/d,1,50,37.65051,-83.71917
Ghost in the Machine,Curbside > Pendergrass-Murray Recreational Preserve (PMRP) > Red River Gorge > Kentucky,https://www.mountainproject.com/route/106782196/ghost-in-the-machine,2.7,Sport,5.10c/d,1,60,37.65051,-83.71917
Slide,The Playground > Pendergrass-Murray Recreational Preserve (PMRP) > Red River Gorge > Kentucky,https://www.mountainproject.com/route/106702543/slide,2.4,Sport,5.9,1,60,37.6532,-83.7146
Tire Swing,The Playground > Pendergrass-Murray Recreational Preserve (PMRP) > Red River Gorge > Kentucky,https://www.mountainproject.com/route/106702538/tire-swing,2.5,Sport,5.10a,1,60,37.6532,-83.7146
Monkey Bars,The Playground > Pendergrass-Murray Recreational Preserve (PMRP) > Red River Gorge > Kentucky,https://www.mountainproject.com/route/106604790/monkey-bars,2.8,Sport,5.10a/b,1,50,37.6532,-83.7146
Jungle Gym,The Playground > Pendergrass-Murray Recreational Preserve (PMRP) > Red River Gorge > Kentucky,https://www.mountainproject.com/route/106604805/jungle-gym,2.3,Sport,5.10b/c,1,50,37.6532,-83.7146
Small Fry,The Dark Side > Pendergrass-Murray Recreational Preserve (PMRP) > Red River Gorge > Kentucky,https://www.mountainproject.com/route/106962365/small-fry,2.2,Sport,5.9,1,40,37.67874,-83.73759
Padawan,The Dark Side > Pendergrass-Murray Recreational Preserve (PMRP) > Red River Gorge > Kentucky,https://www.mountainproject.com/route/106324468/padawan,2.5,Sport,5.10a,1,40,37.67874,-83.73759
Younglings,The Dark Side > Pendergrass-Murray Recreational Preserve (PMRP) > Red River Gorge > Kentucky,https://www.mountainproject.com/route/118912562/younglings,2.3,Sport,5.10b,1,40,37.67874,-83.73759
Barn Dance,The Dark Side > Pendergrass-Murray Recreational Preserve (PMRP) > Red River Gorge > Kentucky,https://www.mountainproject.com/route/108943392/barn-dance,2.3,Sport,5.10d,1,60,37.67874,-83.73759
The Gimp,Purgatory > Pendergrass-Murray Recreational Preserve (PMRP) > Red River Gorge > Kentucky,https://www.mountainproject.com/route/107903491/the-gimp,2.4,Sport,5.10a,1,60,37.65343,-83.70746
Jumbo Shrimp,Purgatory > Pendergrass-Murray Recreational Preserve (PMRP) > Red River Gorge > Kentucky,https://www.mountainproject.com/route/107903509/jumbo-shrimp,1.8,Sport,5.10a,1,50,37.65343,-83.70746
Listerine Girl,Shady Grove > Pendergrass-Murray Recreational Preserve (PMRP) > Red River Gorge > Kentucky,https://www.mountainproject.com/route/107062156/listerine-girl,1.5,Sport,5.10a,1,75,37.65431,-83.71364
Street Fight,Shady Grove > Pendergrass-Murray Recreational Preserve (PMRP) > Red River Gorge > Kentucky,https://www.mountainproject.com/route/108997649/street-fight,2.2,Sport,5.10b,1,60,37.65431,-83.71364
Girls Gone Wild..WOO!,Shady Grove > Pendergrass-Murray Recreational Preserve (PMRP) > Red River Gorge > Kentucky,https://www.mountainproject.com/route/106702996/girls-gone-wildwoo,2.9,Sport,5.10d,1,60,37.65431,-83.71364
5.10 Until Lee and Jeff Do It,Bronaugh Wall > Pendergrass-Murray Recreational Preserve (PMRP) > Red River Gorge > Kentucky,https://www.mountainproject.com/route/116567029/510-until-lee-and-jeff-do-it,2.9,Sport,5.9+,1,55,37.6538,-83.70943
Spyder's Hangout,Bronaugh Wall > Pendergrass-Murray Recreational Preserve (PMRP) > Red River Gorge > Kentucky,https://www.mountainproject.com/route/108446305/spyders-hangout,2.1,Sport,5.10a,1,40,37.6538,-83.70943
My Mind Escapes Me,Bronaugh Wall > Pendergrass-Murray Recreational Preserve (PMRP) > Red River Gorge > Kentucky,https://www.mountainproject.com/route/113809839/my-mind-escapes-me,3,Sport,5.10a,1,55,37.6538,-83.70943
Upworthy,Bronaugh Wall > Pendergrass-Murray Recreational Preserve (PMRP) > Red River Gorge > Kentucky,https://www.mountainproject.com/route/113236994/upworthy,1.7,Sport,5.10c/d,1,70,37.6538,-83.70943
Muffintop,Bronaugh Wall > Pendergrass-Murray Recreational Preserve (PMRP) > Red River Gorge > Kentucky,https://www.mountainproject.com/route/108397003/muffintop,2.9,Sport,5.10d,1,65,37.6538,-83.70943
Fever Pitch,Bronaugh Wall > Pendergrass-Murray Recreational Preserve (PMRP) > Red River Gorge > Kentucky,https://www.mountainproject.com/route/117827476/fever-pitch,3,Sport,5.10d,1,45,37.6538,-83.70943
Deeznuts,The Crossroads > Pendergrass-Murray Recreational Preserve (PMRP) > Red River Gorge > Kentucky,https://www.mountainproject.com/route/108301541/deeznuts,2.6,Sport,5.8,1,60,37.67609,-83.73312
Spoiler Bait,The Crossroads > Pendergrass-Murray Recreational Preserve (PMRP) > Red River Gorge > Kentucky,https://www.mountainproject.com/route/119299656/spoiler-bait,2.9,Sport,5.8,1,45,37.67609,-83.73312
Boilerplate,The Crossroads > Pendergrass-Murray Recreational Preserve (PMRP) > Red River Gorge > Kentucky,https://www.mountainproject.com/route/106876099/boilerplate,3.4,Sport,5.8,1,50,37.67609,-83.73312
Love Potion  9,The Crossroads > Pendergrass-Murray Recreational Preserve (PMRP) > Red River Gorge > Kentucky,https://www.mountainproject.com/route/108725080/love-potion-9,2.7,Sport,5.9,1,65,37.67609,-83.73312
Sitting on Top of the World,The Crossroads > Pendergrass-Murray Recreational Preserve (PMRP) > Red River Gorge > Kentucky,https://www.mountainproject.com/route/125419438/sitting-on-top-of-the-world,2.6,Sport,5.9,1,85,37.67609,-83.73312
Just Goosin’,The Crossroads > Pendergrass-Murray Recreational Preserve (PMRP) > Red River Gorge > Kentucky,https://www.mountainproject.com/route/125684224/just-goosin,2.1,Sport,5.9,1,80,37.67609,-83.73312
Lightly Salted,The Crossroads > Pendergrass-Murray Recreational Preserve (PMRP) > Red River Gorge > Kentucky,https://www.mountainproject.com/route/123110897/lightly-salted,2.8,Sport,5.10a,1,30,37.67609,-83.73312
The Pressure Principle,The Crossroads > Pendergrass-Murray Recreational Preserve (PMRP) > Red River Gorge > Kentucky,https://www.mountainproject.com/route/123329427/the-pressure-principle,2.4,Sport,5.10a,1,40,37.67609,-83.73312
A1A,The Crossroads > Pendergrass-Murray Recreational Preserve (PMRP) > Red River Gorge > Kentucky,https://www.mountainproject.com/route/106817338/a1a,2.7,Sport,5.10b,1,50,37.67609,-83.73312
Banjolero,The Crossroads > Pendergrass-Murray Recreational Preserve (PMRP) > Red River Gorge > Kentucky,https://www.mountainproject.com/route/107860456/banjolero,3.3,Sport,5.10c,1,65,37.67609,-83.73312
Fairweather Friend,The Crossroads > Pendergrass-Murray Recreational Preserve (PMRP) > Red River Gorge > Kentucky,https://www.mountainproject.com/route/111124957/fairweather-friend,3.6,Sport,5.10c,1,80,37.67609,-83.73312
N4,The Crossroads > Pendergrass-Murray Recreational Preserve (PMRP) > Red River Gorge > Kentucky,https://www.mountainproject.com/route/108725074/n4,2,Sport,5.10c/d,1,40,37.67609,-83.73312
Yell Fire!,The Crossroads > Pendergrass-Murray Recreational Preserve (PMRP) > Red River Gorge > Kentucky,https://www.mountainproject.com/route/107860443/yell-fire,3.2,Sport,5.10d,1,80,37.67609,-83.73312
Jet Lag,Left Field > Pendergrass-Murray Recreational Preserve (PMRP) > Red River Gorge > Kentucky,https://www.mountainproject.com/route/107289422/jet-lag,1.7,Sport,5.9+,1,60,37.65295,-83.71543
Thru Space and Time,Left Field > Pendergrass-Murray Recreational Preserve (PMRP) > Red River Gorge > Kentucky,https://www.mountainproject.com/route/106973595/thru-space-and-time,2.9,Sport,5.10a,1,65,37.65295,-83.71543
Apoplectic Chick from Missouri,Left Field > Pendergrass-Murray Recreational Preserve (PMRP) > Red River Gorge > Kentucky,https://www.mountainproject.com/route/107289398/apoplectic-chick-from-missouri,2.2,Sport,5.10b/c,1,45,37.65295,-83.71543
Audie,The Shire > Pendergrass-Murray Recreational Preserve (PMRP) > Red River Gorge > Kentucky,https://www.mountainproject.com/route/106885721/audie,2.7,Sport,5.8,1,35,37.65214,-83.70995
Miranda Rayne,The Shire > Pendergrass-Murray Recreational Preserve (PMRP) > Red River Gorge > Kentucky,https://www.mountainproject.com/route/106885726/miranda-rayne,3.1,Sport,5.9,1,60,37.65214,-83.70995
Bulldozer,The Shire > Pendergrass-Murray Recreational Preserve (PMRP) > Red River Gorge > Kentucky,https://www.mountainproject.com/route/106885753/bulldozer,2.3,Sport,5.10a,1,40,37.65214,-83.70995
Significant Other,The Shire > Pendergrass-Murray Recreational Preserve (PMRP) > Red River Gorge > Kentucky,https://www.mountainproject.com/route/106885744/significant-other,1.7,Sport,5.10b,1,40,37.65214,-83.70995
Haven,The Shire > Pendergrass-Murray Recreational Preserve (PMRP) > Red River Gorge > Kentucky,https://www.mountainproject.com/route/122722454/haven,2.9,Sport,5.10b,1,60,37.65214,-83.70995
The G-Man,The Shire > Pendergrass-Murray Recreational Preserve (PMRP) > Red River Gorge > Kentucky,https://www.mountainproject.com/route/106885734/the-g-man,2.5,Sport,5.10c,1,40,37.65214,-83.70995
K.S.B.,The Shire > Pendergrass-Murray Recreational Preserve (PMRP) > Red River Gorge > Kentucky,https://www.mountainproject.com/route/106885779/ksb,3.7,Sport,5.10d,1,60,37.65214,-83.70995
On Watch in the Notch,Far Side > Pendergrass-Murray Recreational Preserve (PMRP) > Red River Gorge > Kentucky,https://www.mountainproject.com/route/122546080/on-watch-in-the-notch,2,Sport,5.10a,1,40,37.67377,-83.73587
Sharpshooter,Far Side > Pendergrass-Murray Recreational Preserve (PMRP) > Red River Gorge > Kentucky,https://www.mountainproject.com/route/122546027/sharpshooter,0.8,Sport,5.10b,1,45,37.67377,-83.73587
Snow Day,Far Side > Pendergrass-Murray Recreational Preserve (PMRP) > Red River Gorge > Kentucky,https://www.mountainproject.com/route/120395192/snow-day,1.4,Sport,5.10,1,50,37.67377,-83.73587
Subject to Change,Far Side > Pendergrass-Murray Recreational Preserve (PMRP) > Red River Gorge > Kentucky,https://www.mountainproject.com/route/106971714/subject-to-change,2.2,Sport,5.10d,1,40,37.67377,-83.73587
Nameless,Far Side > Pendergrass-Murray Recreational Preserve (PMRP) > Red River Gorge > Kentucky,https://www.mountainproject.com/route/112179454/nameless,2,Sport,5.10d,1,40,37.67377,-83.73587
Threat Level Blue,What About Bob Wall > Pendergrass-Murray Recreational Preserve (PMRP) > Red River Gorge > Kentucky,https://www.mountainproject.com/route/108182026/threat-level-blue,1.2,Sport,5.10a PG13,1,35,37.65103,-83.71482
Weathertop Stings,What About Bob Wall > Pendergrass-Murray Recreational Preserve (PMRP) > Red River Gorge > Kentucky,https://www.mountainproject.com/route/108384240/weathertop-stings,2.5,Sport,5.10b,1,45,37.65103,-83.71482
Papa Piment,What About Bob Wall > Pendergrass-Murray Recreational Preserve (PMRP) > Red River Gorge > Kentucky,https://www.mountainproject.com/route/126122350/papa-piment,2.3,Sport,5.10b/c,1,55,37.65103,-83.71482
No Sleep Til' Campton,What About Bob Wall > Pendergrass-Murray Recreational Preserve (PMRP) > Red River Gorge > Kentucky,https://www.mountainproject.com/route/107132484/no-sleep-til-campton,3.4,Sport,5.10b/c,1,80,37.65103,-83.71482
Kentucky Flu,What About Bob Wall > Pendergrass-Murray Recreational Preserve (PMRP) > Red River Gorge > Kentucky,https://www.mountainproject.com/route/107336284/kentucky-flu,3.1,Sport,5.10c,1,85,37.65103,-83.71482
Stem Cell,What About Bob Wall > Pendergrass-Murray Recreational Preserve (PMRP) > Red River Gorge > Kentucky,https://www.mountainproject.com/route/108384248/stem-cell,1.7,Sport,5.10c,1,55,37.65103,-83.71482
The Speed of Enzo,What About Bob Wall > Pendergrass-Murray Recreational Preserve (PMRP) > Red River Gorge > Kentucky,https://www.mountainproject.com/route/114317142/the-speed-of-enzo,2.4,Sport,5.10c,1,60,37.65103,-83.71482
Rorshach Inkblot Test,Rival Wall > Pendergrass-Murray Recreational Preserve (PMRP) > Red River Gorge > Kentucky,https://www.mountainproject.com/route/107684861/rorshach-inkblot-test,2.2,Sport,5.8+,1,50,37.6518,-83.71274
Days of Thunder,Rival Wall > Pendergrass-Murray Recreational Preserve (PMRP) > Red River Gorge > Kentucky,https://www.mountainproject.com/route/107860025/days-of-thunder,1.4,Sport,5.9,1,60,37.6518,-83.71274
Monobrow,Rival Wall > Pendergrass-Murray Recreational Preserve (PMRP) > Red River Gorge > Kentucky,https://www.mountainproject.com/route/107685747/monobrow,2.7,Sport,5.10a,1,50,37.6518,-83.71274
Delayed Gratification,Rival Wall > Pendergrass-Murray Recreational Preserve (PMRP) > Red River Gorge > Kentucky,https://www.mountainproject.com/route/107132538/delayed-gratification,3.1,Sport,5.10c,1,80,37.6518,-83.71274
Hatfield,Rival Wall > Pendergrass-Murray Recreational Preserve (PMRP) > Red River Gorge > Kentucky,https://www.mountainproject.com/route/107132554/hatfield,3.4,Sport,5.10d,1,80,37.6518,-83.71274
McCoy,Rival Wall > Pendergrass-Murray Recreational Preserve (PMRP) > Red River Gorge > Kentucky,https://www.mountainproject.com/route/110861833/mccoy,2,Sport,5.10d,1,70,37.6518,-83.71274
Ultimate Rival,Rival Wall > Pendergrass-Murray Recreational Preserve (PMRP) > Red River Gorge > Kentucky,https://www.mountainproject.com/route/119328566/ultimate-rival,0.8,Sport,5.10d,1,75,37.6518,-83.71274
STD,Courtesy Wall > Pendergrass-Murray Recreational Preserve (PMRP) > Red River Gorge > Kentucky,https://www.mountainproject.com/route/107551914/std,2.8,Sport,5.10a,1,70,37.65193,-83.71141
Buenos Hermanos,Courtesy Wall > Pendergrass-Murray Recreational Preserve (PMRP) > Red River Gorge > Kentucky,https://www.mountainproject.com/route/121337682/buenos-hermanos,2,Sport,5.10d,1,50,37.65193,-83.71141
Crazy Eyes,The Bright Side > Pendergrass-Murray Recreational Preserve (PMRP) > Red River Gorge > Kentucky,https://www.mountainproject.com/route/114435596/crazy-eyes,1.1,Sport,5.9,1,35,37.67859,-83.73568
Pickpocket,The Bright Side > Pendergrass-Murray Recreational Preserve (PMRP) > Red River Gorge > Kentucky,https://www.mountainproject.com/route/108121447/pickpocket,1.4,Sport,5.10d,1,50,37.67859,-83.73568
Dura-Ace,Velo Crag > Pendergrass-Murray Recreational Preserve (PMRP) > Red River Gorge > Kentucky,https://www.mountainproject.com/route/109609523/dura-ace,2.8,Sport,5.8,1,75,37.64552,-83.71831
Rail Trail,Velo Crag > Pendergrass-Murray Recreational Preserve (PMRP) > Red River Gorge > Kentucky,https://www.mountainproject.com/route/127202956/rail-trail,2.7,Sport,5.9-,1,70,37.64552,-83.71831
Over the Handlebars,Velo Crag > Pendergrass-Murray Recreational Preserve (PMRP) > Red River Gorge > Kentucky,https://www.mountainproject.com/route/200958718/over-the-handlebars,2,Sport,5.9,1,50,37.64552,-83.71831
Clips and Straps,Velo Crag > Pendergrass-Murray Recreational Preserve (PMRP) > Red River Gorge > Kentucky,https://www.mountainproject.com/route/127301268/clips-and-straps,2.5,Sport,5.9,1,80,37.64552,-83.71831
Lanterne Rouge,Velo Crag > Pendergrass-Murray Recreational Preserve (PMRP) > Red River Gorge > Kentucky,https://www.mountainproject.com/route/109609554/lanterne-rouge,3.1,Sport,5.9,1,80,37.64552,-83.71831
Rolling Hills,Velo Crag > Pendergrass-Murray Recreational Preserve (PMRP) > Red River Gorge > Kentucky,https://www.mountainproject.com/route/127203133/rolling-hills,2.1,Sport,5.9+,1,65,37.64552,-83.71831
Ultegra,Velo Crag > Pendergrass-Murray Recreational Preserve (PMRP) > Red River Gorge > Kentucky,https://www.mountainproject.com/route/110334638/ultegra,2.6,Sport,5.10a,1,75,37.64552,-83.71831
Tourist Attractions,Velo Crag > Pendergrass-Murray Recreational Preserve (PMRP) > Red River Gorge > Kentucky,https://www.mountainproject.com/route/116846705/tourist-attractions,2.9,Sport,5.10b,1,80,37.64552,-83.71831
Real Girls Don't Pumptrack,Velo Crag > Pendergrass-Murray Recreational Preserve (PMRP) > Red River Gorge > Kentucky,https://www.mountainproject.com/route/112273137/real-girls-dont-pumptrack,3,Sport,5.10c,1,70,37.64552,-83.71831
The Century,Velo Crag > Pendergrass-Murray Recreational Preserve (PMRP) > Red River Gorge > Kentucky,https://www.mountainproject.com/route/112273142/the-century,3.5,Sport,5.10c,1,85,37.64552,-83.71831
House of the Flying Squirrel,Velo Crag > Pendergrass-Murray Recreational Preserve (PMRP) > Red River Gorge > Kentucky,https://www.mountainproject.com/route/117004160/house-of-the-flying-squirrel,2.3,Sport,5.10c,1,80,37.64552,-83.71831
Road Rash,Velo Crag > Pendergrass-Murray Recreational Preserve (PMRP) > Red River Gorge > Kentucky,https://www.mountainproject.com/route/119969047/road-rash,3.1,Sport,5.10c,1,75,37.64552,-83.71831
Lightning Rod Arete,Velo Crag > Pendergrass-Murray Recreational Preserve (PMRP) > Red River Gorge > Kentucky,https://www.mountainproject.com/route/112216544/lightning-rod-arete,3.6,Sport,5.10c/d,1,70,37.64552,-83.71831
Cheater's Trophy Loss Lament,Velo Crag > Pendergrass-Murray Recreational Preserve (PMRP) > Red River Gorge > Kentucky,https://www.mountainproject.com/route/120069880/cheaters-trophy-loss-lament,1.8,Sport,5.10d,1,80,37.64552,-83.71831
Kiss the Manta Ray,The Shipyard > Pendergrass-Murray Recreational Preserve (PMRP) > Red River Gorge > Kentucky,https://www.mountainproject.com/route/110334755/kiss-the-manta-ray,1.6,Sport,5.8-,1,60,37.64414,-83.72205
Live Music is Better,Throwback Crag > Pendergrass-Murray Recreational Preserve (PMRP) > Red River Gorge > Kentucky,https://www.mountainproject.com/route/116710428/live-music-is-better,2.4,Sport,5.9+,1,70,37.64669,-83.72282
Brohemian Rhapsody,The Getaway > Pendergrass-Murray Recreational Preserve (PMRP) > Red River Gorge > Kentucky,https://www.mountainproject.com/route/114115539/brohemian-rhapsody,2.6,Sport,5.10c,1,70,37.64536,-83.72186
Brohymn,The Getaway > Pendergrass-Murray Recreational Preserve (PMRP) > Red River Gorge > Kentucky,https://www.mountainproject.com/route/119145710/brohymn,2.7,Sport,5.10c,1,80,37.64536,-83.72186
Bridge Suite,The Getaway > Pendergrass-Murray Recreational Preserve (PMRP) > Red River Gorge > Kentucky,https://www.mountainproject.com/route/119773070/bridge-suite,1.9,Sport,5.10c,1,50,37.64536,-83.72186
Chicago Style,The Lumber Yard > Pendergrass-Murray Recreational Preserve (PMRP) > Red River Gorge > Kentucky,https://www.mountainproject.com/route/123179772/chicago-style,2.5,Sport,5.10a,1,50,37.64585,-83.72393
Harshin' My Willow,The Lumber Yard > Pendergrass-Murray Recreational Preserve (PMRP) > Red River Gorge > Kentucky,https://www.mountainproject.com/route/123179649/harshin-my-willow,3,Sport,5.10b,1,65,37.64585,-83.72393
Log Skid,The Lumber Yard > Pendergrass-Murray Recreational Preserve (PMRP) > Red River Gorge > Kentucky,https://www.mountainproject.com/route/123179449/log-skid,1.8,Sport,5.10c,1,45,37.64585,-83.72393
Ballhooter,The Lumber Yard > Pendergrass-Murray Recreational Preserve (PMRP) > Red River Gorge > Kentucky,https://www.mountainproject.com/route/123179583/ballhooter,2,Sport,5.10c,1,60,37.64585,-83.72393
Shiver Me TimbHERS,The Lumber Yard > Pendergrass-Murray Recreational Preserve (PMRP) > Red River Gorge > Kentucky,https://www.mountainproject.com/route/123179702/shiver-me-timbhers,1.1,Sport,5.10c/d,1,30,37.64585,-83.72393
Milkin' the Stump,The Lumber Yard > Pendergrass-Murray Recreational Preserve (PMRP) > Red River Gorge > Kentucky,https://www.mountainproject.com/route/123179689/milkin-the-stump,1.6,Sport,5.10d,1,30,37.64585,-83.72393
Vermont Grade A,The Lumber Yard > Pendergrass-Murray Recreational Preserve (PMRP) > Red River Gorge > Kentucky,https://www.mountainproject.com/route/123179716/vermont-grade-a,3.3,Sport,5.10d,1,50,37.64585,-83.72393
Wheelchair Access,The Infirmary > Miller Fork Recreational Preserve (MFRP) > Red River Gorge > Kentucky,https://www.mountainproject.com/route/112032674/wheelchair-access,2.6,Sport,5.8,1,65,37.64186,-83.68375
Platelet Rich Injection,The Infirmary > Miller Fork Recreational Preserve (MFRP) > Red River Gorge > Kentucky,https://www.mountainproject.com/route/112152645/platelet-rich-injection,2.8,Sport,5.8,1,55,37.64186,-83.68375
Temperature Rising,The Infirmary > Miller Fork Recreational Preserve (MFRP) > Red River Gorge > Kentucky,https://www.mountainproject.com/route/113090203/temperature-rising,2.4,Sport,5.8,1,75,37.64186,-83.68375
ReCooperAte,The Infirmary > Miller Fork Recreational Preserve (MFRP) > Red River Gorge > Kentucky,https://www.mountainproject.com/route/110231574/recooperate,2.3,Sport,5.8+,1,35,37.64186,-83.68375
Calling out Sick,The Infirmary > Miller Fork Recreational Preserve (MFRP) > Red River Gorge > Kentucky,https://www.mountainproject.com/route/123876305/calling-out-sick,2.5,Sport,5.9-,1,70,37.64186,-83.68375
Vitamin C,The Infirmary > Miller Fork Recreational Preserve (MFRP) > Red River Gorge > Kentucky,https://www.mountainproject.com/route/116240518/vitamin-c,2.7,Sport,5.9,1,55,37.64186,-83.68375
Typhoid Mary,The Infirmary > Miller Fork Recreational Preserve (MFRP) > Red River Gorge > Kentucky,https://www.mountainproject.com/route/111229014/typhoid-mary,2.2,Sport,5.10a,1,65,37.64186,-83.68375
Aquagenic Urticaria,The Infirmary > Miller Fork Recreational Preserve (MFRP) > Red River Gorge > Kentucky,https://www.mountainproject.com/route/110400283/aquagenic-urticaria,1.9,Sport,5.10b,1,45,37.64186,-83.68375
Recovery Room,The Infirmary > Miller Fork Recreational Preserve (MFRP) > Red River Gorge > Kentucky,https://www.mountainproject.com/route/110400293/recovery-room,3.1,Sport,5.10b,1,60,37.64186,-83.68375
98.6,The Infirmary > Miller Fork Recreational Preserve (MFRP) > Red River Gorge > Kentucky,https://www.mountainproject.com/route/113916838/986,2.4,Sport,5.10b,1,65,37.64186,-83.68375
Zoonotic,The Infirmary > Miller Fork Recreational Preserve (MFRP) > Red River Gorge > Kentucky,https://www.mountainproject.com/route/111228967/zoonotic,1.7,Sport,5.10d,1,50,37.64186,-83.68375
Pre-Op,The Infirmary > Miller Fork Recreational Preserve (MFRP) > Red River Gorge > Kentucky,https://www.mountainproject.com/route/111229056/pre-op,2.8,Sport,5.10d,1,45,37.64186,-83.68375
Lithuanian Princess,Chaos > Miller Fork Recreational Preserve (MFRP) > Red River Gorge > Kentucky,https://www.mountainproject.com/route/110334995/lithuanian-princess,3,Sport,5.10a,1,40,37.64193,-83.68041
Raise Hell,Chaos > Miller Fork Recreational Preserve (MFRP) > Red River Gorge > Kentucky,https://www.mountainproject.com/route/123039239/raise-hell,0.9,Sport,5.10b,1,75,37.64193,-83.68041
Slabalicious,Chaos > Miller Fork Recreational Preserve (MFRP) > Red River Gorge > Kentucky,https://www.mountainproject.com/route/111734978/slabalicious,2.6,Sport,5.10c,1,25,37.64193,-83.68041
Die with a Blessing,Chaos > Miller Fork Recreational Preserve (MFRP) > Red River Gorge > Kentucky,https://www.mountainproject.com/route/110367208/die-with-a-blessing,2.6,Sport,5.10d,1,50,37.64193,-83.68041
Little Wing,Secret Garden > Miller Fork Recreational Preserve (MFRP) > Red River Gorge > Kentucky,https://www.mountainproject.com/route/110335844/little-wing,3.3,Sport,5.9,1,60,37.64036,-83.67556
Hippie Lip Balm,Secret Garden > Miller Fork Recreational Preserve (MFRP) > Red River Gorge > Kentucky,https://www.mountainproject.com/route/110529330/hippie-lip-balm,2.6,Sport,5.9,1,75,37.64036,-83.67556
Nilbog Night Life,Secret Garden > Miller Fork Recreational Preserve (MFRP) > Red River Gorge > Kentucky,https://www.mountainproject.com/route/111085156/nilbog-night-life,2,Sport,5.9,1,45,37.64036,-83.67556
Going Away Party,Secret Garden > Miller Fork Recreational Preserve (MFRP) > Red River Gorge > Kentucky,https://www.mountainproject.com/route/112222782/going-away-party,2.7,Sport,5.10a PG13,1,60,37.64036,-83.67556
The Net,Secret Garden > Miller Fork Recreational Preserve (MFRP) > Red River Gorge > Kentucky,https://www.mountainproject.com/route/116564593/the-net,2.4,Sport,5.10a,1,55,37.64036,-83.67556
Geezer Pleaser,Secret Garden > Miller Fork Recreational Preserve (MFRP) > Red River Gorge > Kentucky,https://www.mountainproject.com/route/118059801/geezer-pleaser,2.1,Sport,5.10a,1,45,37.64036,-83.67556
Inside Job,Secret Garden > Miller Fork Recreational Preserve (MFRP) > Red River Gorge > Kentucky,https://www.mountainproject.com/route/118661449/inside-job,2.5,Sport,5.10a,1,65,37.64036,-83.67556
ae911truth,Secret Garden > Miller Fork Recreational Preserve (MFRP) > Red River Gorge > Kentucky,https://www.mountainproject.com/route/111042582/ae911truth,2.2,Sport,5.10b,1,60,37.64036,-83.67556
Cock to the Rock,Secret Garden > Miller Fork Recreational Preserve (MFRP) > Red River Gorge > Kentucky,https://www.mountainproject.com/route/111042603/cock-to-the-rock,2.4,Sport,5.10b,1,70,37.64036,-83.67556
Rethink911,Secret Garden > Miller Fork Recreational Preserve (MFRP) > Red River Gorge > Kentucky,https://www.mountainproject.com/route/111085175/rethink911,2.3,Sport,5.10b,1,55,37.64036,-83.67556
Rememberbuilding7,Secret Garden > Miller Fork Recreational Preserve (MFRP) > Red River Gorge > Kentucky,https://www.mountainproject.com/route/111085182/rememberbuilding7,2,Sport,5.10b,1,55,37.64036,-83.67556
Controlled Demolition,Secret Garden > Miller Fork Recreational Preserve (MFRP) > Red River Gorge > Kentucky,https://www.mountainproject.com/route/111839686/controlled-demolition,2.2,Sport,5.10b,1,45,37.64036,-83.67556
At What Cost,Secret Garden > Miller Fork Recreational Preserve (MFRP) > Red River Gorge > Kentucky,https://www.mountainproject.com/route/126381529/at-what-cost,1.3,Sport,5.10c,1,50,37.64036,-83.67556
Los Two Brothers,Secret Garden > Miller Fork Recreational Preserve (MFRP) > Red River Gorge > Kentucky,https://www.mountainproject.com/route/120981285/los-two-brothers,1.8,Sport,5.10c,1,40,37.64036,-83.67556
Salsa Brava,Secret Garden > Miller Fork Recreational Preserve (MFRP) > Red River Gorge > Kentucky,https://www.mountainproject.com/route/121340199/salsa-brava,2.4,Sport,5.10d,1,65,37.64036,-83.67556
Fodiqua,Serenity Point > Miller Fork Recreational Preserve (MFRP) > Red River Gorge > Kentucky,https://www.mountainproject.com/route/111085196/fodiqua,2.9,Sport,5.9,1,80,37.64136,-83.68044
Linny Lu,Serenity Point > Miller Fork Recreational Preserve (MFRP) > Red River Gorge > Kentucky,https://www.mountainproject.com/route/110367190/linny-lu,1.7,Sport,5.10a,1,55,37.64136,-83.68044
Dancing Queen,Serenity Point > Miller Fork Recreational Preserve (MFRP) > Red River Gorge > Kentucky,https://www.mountainproject.com/route/110367173/dancing-queen,2.1,Sport,5.10b,1,60,37.64136,-83.68044
Trigger finger,Serenity Point > Miller Fork Recreational Preserve (MFRP) > Red River Gorge > Kentucky,https://www.mountainproject.com/route/127030560/trigger-finger,2.4,Sport,5.10b,1,80,37.64136,-83.68044
Dirty Habit,Serenity Point > Miller Fork Recreational Preserve (MFRP) > Red River Gorge > Kentucky,https://www.mountainproject.com/route/110356284/dirty-habit,2.8,Sport,5.10d,1,80,37.64136,-83.68044
Poppin Cherries,Fruit Wall > Miller Fork Recreational Preserve (MFRP) > Red River Gorge > Kentucky,https://www.mountainproject.com/route/111089157/poppin-cherries,1.6,Sport,5.8,1,40,37.64504,-83.67849
Banana Split,Fruit Wall > Miller Fork Recreational Preserve (MFRP) > Red River Gorge > Kentucky,https://www.mountainproject.com/route/112065956/banana-split,1.7,Sport,5.8,1,35,37.64504,-83.67849
First Date,Fruit Wall > Miller Fork Recreational Preserve (MFRP) > Red River Gorge > Kentucky,https://www.mountainproject.com/route/113749792/first-date,2.5,Sport,5.9,1,NA,37.64504,-83.67849
Strawberry Fields,Fruit Wall > Miller Fork Recreational Preserve (MFRP) > Red River Gorge > Kentucky,https://www.mountainproject.com/route/112220398/strawberry-fields,3.1,Sport,5.10b,1,50,37.64504,-83.67849
JewJew Fruit,Fruit Wall > Miller Fork Recreational Preserve (MFRP) > Red River Gorge > Kentucky,https://www.mountainproject.com/route/110889566/jewjew-fruit,3.6,Sport,5.10c,1,75,37.64504,-83.67849
Heath Ledger,Fruit Wall > Miller Fork Recreational Preserve (MFRP) > Red River Gorge > Kentucky,https://www.mountainproject.com/route/113749671/heath-ledger,2.7,Sport,5.10c R,1,80,37.64504,-83.67849
Bovine Stimulator,Fruit Wall > Miller Fork Recreational Preserve (MFRP) > Red River Gorge > Kentucky,https://www.mountainproject.com/route/117574756/bovine-stimulator,2.6,Sport,5.10+,1,50,37.64504,-83.67849
Melon Baller,Fruit Wall > Miller Fork Recreational Preserve (MFRP) > Red River Gorge > Kentucky,https://www.mountainproject.com/route/110523573/melon-baller,2.6,Sport,5.10d,1,60,37.64504,-83.67849
Lichen Lessons,Fruit Wall > Miller Fork Recreational Preserve (MFRP) > Red River Gorge > Kentucky,https://www.mountainproject.com/route/111156968/lichen-lessons,2.1,Sport,5.10d,1,60,37.64504,-83.67849
Devotion,Monastery > Miller Fork Recreational Preserve (MFRP) > Red River Gorge > Kentucky,https://www.mountainproject.com/route/200227352/devotion,1.8,Sport,5.8,1,25,37.64121,-83.67611
Confessional,Monastery > Miller Fork Recreational Preserve (MFRP) > Red River Gorge > Kentucky,https://www.mountainproject.com/route/114500410/confessional,2,Sport,5.9+,1,45,37.64121,-83.67611
SLAbsinthe,Monastery > Miller Fork Recreational Preserve (MFRP) > Red River Gorge > Kentucky,https://www.mountainproject.com/route/200749035/slabsinthe,2.8,Sport,5.10a,1,60,37.64121,-83.67611
Twist your Hip and do the Dip,Monastery > Miller Fork Recreational Preserve (MFRP) > Red River Gorge > Kentucky,https://www.mountainproject.com/route/110523611/twist-your-hip-and-do-the-dip,2.1,Sport,5.10b,1,35,37.64121,-83.67611
Pickled Pig's Feet,Monastery > Miller Fork Recreational Preserve (MFRP) > Red River Gorge > Kentucky,https://www.mountainproject.com/route/110523763/pickled-pigs-feet,2.2,Sport,5.10b,1,50,37.64121,-83.67611
Thelonius,Monastery > Miller Fork Recreational Preserve (MFRP) > Red River Gorge > Kentucky,https://www.mountainproject.com/route/113172049/thelonius,2.1,Sport,5.10b,1,55,37.64121,-83.67611
Sugar Pad,Monastery > Miller Fork Recreational Preserve (MFRP) > Red River Gorge > Kentucky,https://www.mountainproject.com/route/113834047/sugar-pad,1.9,Sport,5.10b,1,40,37.64121,-83.67611
Narcissus,Monastery > Miller Fork Recreational Preserve (MFRP) > Red River Gorge > Kentucky,https://www.mountainproject.com/route/116592588/narcissus,2.5,Sport,5.10b,1,40,37.64121,-83.67611
Monks Brew,Monastery > Miller Fork Recreational Preserve (MFRP) > Red River Gorge > Kentucky,https://www.mountainproject.com/route/110521185/monks-brew,2.7,Sport,5.10d,1,50,37.64121,-83.67611
SNUG,Monastery > Miller Fork Recreational Preserve (MFRP) > Red River Gorge > Kentucky,https://www.mountainproject.com/route/112222419/snug,2.5,Sport,5.10d,1,50,37.64121,-83.67611
Goldmund,Monastery > Miller Fork Recreational Preserve (MFRP) > Red River Gorge > Kentucky,https://www.mountainproject.com/route/116564539/goldmund,0,Sport,5.10d,1,70,37.64121,-83.67611
Pixadoodle,The Nursery > Miller Fork Recreational Preserve (MFRP) > Red River Gorge > Kentucky,https://www.mountainproject.com/route/112869735/pixadoodle,2.2,Sport,5.8,1,40,37.64971,-83.67874
End of State Maintenance,The Nursery > Miller Fork Recreational Preserve (MFRP) > Red River Gorge > Kentucky,https://www.mountainproject.com/route/110534032/end-of-state-maintenance,2.8,Sport,5.10a,1,50,37.64971,-83.67874
Southern Satisfaction,The Nursery > Miller Fork Recreational Preserve (MFRP) > Red River Gorge > Kentucky,https://www.mountainproject.com/route/111774361/southern-satisfaction,2.4,Sport,5.10a,1,50,37.64971,-83.67874
The Sierra Alta shuffle,The Nursery > Miller Fork Recreational Preserve (MFRP) > Red River Gorge > Kentucky,https://www.mountainproject.com/route/119280287/the-sierra-alta-shuffle,1.5,Sport,5.10a,1,60,37.64971,-83.67874
Bangerz,The Record Shop > Miller Fork Recreational Preserve (MFRP) > Red River Gorge > Kentucky,https://www.mountainproject.com/route/110620464/bangerz,2.5,Sport,5.9,1,50,37.64753,-83.68238
Call Me Maybe,The Record Shop > Miller Fork Recreational Preserve (MFRP) > Red River Gorge > Kentucky,https://www.mountainproject.com/route/110620474/call-me-maybe,3.4,Sport,5.10a,1,80,37.64753,-83.68238
Pet Sounds,The Record Shop > Miller Fork Recreational Preserve (MFRP) > Red River Gorge > Kentucky,https://www.mountainproject.com/route/110620444/pet-sounds,2.4,Sport,5.10b,1,75,37.64753,-83.68238
The Salty Dawgs,Deep End > Miller Fork Recreational Preserve (MFRP) > Red River Gorge > Kentucky,https://www.mountainproject.com/route/119135455/the-salty-dawgs,2.3,Sport,5.9+,1,55,37.63986,-83.68327
Fluffer,Deep End > Miller Fork Recreational Preserve (MFRP) > Red River Gorge > Kentucky,https://www.mountainproject.com/route/110849897/fluffer,3,Sport,5.10a,1,70,37.63986,-83.68327
Pool Boy,Deep End > Miller Fork Recreational Preserve (MFRP) > Red River Gorge > Kentucky,https://www.mountainproject.com/route/110849887/pool-boy,3.2,Sport,5.10b,1,80,37.63986,-83.68327
The Cough,Deep End > Miller Fork Recreational Preserve (MFRP) > Red River Gorge > Kentucky,https://www.mountainproject.com/route/111170530/the-cough,1.8,Sport,5.10c,1,50,37.63986,-83.68327
Zero Gravity,The Portal > Miller Fork Recreational Preserve (MFRP) > Red River Gorge > Kentucky,https://www.mountainproject.com/route/112065984/zero-gravity,2,Sport,5.9,1,25,37.64698,-83.67826
Circle the Wagons,The Portal > Miller Fork Recreational Preserve (MFRP) > Red River Gorge > Kentucky,https://www.mountainproject.com/route/119359753/circle-the-wagons,1.9,Sport,5.10,1,50,37.64698,-83.67826
State of Affairs,The Portal > Miller Fork Recreational Preserve (MFRP) > Red River Gorge > Kentucky,https://www.mountainproject.com/route/119359726/state-of-affairs,2,Sport,5.10c,1,55,37.64698,-83.67826
Trouble Afoot,The Portal > Miller Fork Recreational Preserve (MFRP) > Red River Gorge > Kentucky,https://www.mountainproject.com/route/119359740/trouble-afoot,2.8,Sport,5.10c,1,50,37.64698,-83.67826
Time Wrinkle,The Portal > Miller Fork Recreational Preserve (MFRP) > Red River Gorge > Kentucky,https://www.mountainproject.com/route/112311069/time-wrinkle,3,Sport,5.10c,1,45,37.64698,-83.67826
Barefoot Barrista,The Portal > Miller Fork Recreational Preserve (MFRP) > Red River Gorge > Kentucky,https://www.mountainproject.com/route/112311088/barefoot-barrista,2.2,Sport,5.10c,1,45,37.64698,-83.67826
Tesseract,The Portal > Miller Fork Recreational Preserve (MFRP) > Red River Gorge > Kentucky,https://www.mountainproject.com/route/110969192/tesseract,3.6,Sport,5.10d,1,55,37.64698,-83.67826
Last Gasp,The Morgue > Miller Fork Recreational Preserve (MFRP) > Red River Gorge > Kentucky,https://www.mountainproject.com/route/116139494/last-gasp,2.1,Sport,5.10c PG13,1,95,37.64723,-83.68076
Sending in the Rain,Coopers Cove > Miller Fork Recreational Preserve (MFRP) > Red River Gorge > Kentucky,https://www.mountainproject.com/route/119389008/sending-in-the-rain,2.5,Sport,5.8,1,60,37.64138,-83.68193
Feets Don't Fail Me Now,Coopers Cove > Miller Fork Recreational Preserve (MFRP) > Red River Gorge > Kentucky,https://www.mountainproject.com/route/121688170/feets-dont-fail-me-now,1.6,Sport,5.8+,1,60,37.64138,-83.68193
Skull Eyeland,Coopers Cove > Miller Fork Recreational Preserve (MFRP) > Red River Gorge > Kentucky,https://www.mountainproject.com/route/121683653/skull-eyeland,1.9,Sport,5.9,1,65,37.64138,-83.68193
Nystagmus,Coopers Cove > Miller Fork Recreational Preserve (MFRP) > Red River Gorge > Kentucky,https://www.mountainproject.com/route/111088777/nystagmus,1.9,Sport,5.9,1,30,37.64138,-83.68193
La NAMBLA,Coopers Cove > Miller Fork Recreational Preserve (MFRP) > Red River Gorge > Kentucky,https://www.mountainproject.com/route/111088794/la-nambla,2.1,Sport,5.9,1,50,37.64138,-83.68193
Grain of Salt,Coopers Cove > Miller Fork Recreational Preserve (MFRP) > Red River Gorge > Kentucky,https://www.mountainproject.com/route/111088853/grain-of-salt,2,Sport,5.10c,1,50,37.64138,-83.68193
Road Kill,Coopers Cove > Miller Fork Recreational Preserve (MFRP) > Red River Gorge > Kentucky,https://www.mountainproject.com/route/111088926/road-kill,3,Sport,5.10d,1,60,37.64138,-83.68193
Grab n' Go,Coopers Cove > Miller Fork Recreational Preserve (MFRP) > Red River Gorge > Kentucky,https://www.mountainproject.com/route/111088964/grab-n-go,3.2,Sport,5.10d,1,60,37.64138,-83.68193
Where the Sidewalk Ends,Coopers Cove > Miller Fork Recreational Preserve (MFRP) > Red River Gorge > Kentucky,https://www.mountainproject.com/route/111220101/where-the-sidewalk-ends,2.7,Sport,5.10d,1,60,37.64138,-83.68193
Lit Mini Kart,Coopers Cove > Miller Fork Recreational Preserve (MFRP) > Red River Gorge > Kentucky,https://www.mountainproject.com/route/118138402/lit-mini-kart,2.7,Sport,5.10d,1,65,37.64138,-83.68193
All Washed Up,Coopers Cove > Miller Fork Recreational Preserve (MFRP) > Red River Gorge > Kentucky,https://www.mountainproject.com/route/119475600/all-washed-up,2.2,Sport,5.10d,1,60,37.64138,-83.68193
Rough Around the Edges,Cloud 9 > Miller Fork Recreational Preserve (MFRP) > Red River Gorge > Kentucky,https://www.mountainproject.com/route/113229685/rough-around-the-edges,1.1,Sport,5.10a/b PG13,1,35,37.64255,-83.68534
Liftoff,Cloud 9 > Miller Fork Recreational Preserve (MFRP) > Red River Gorge > Kentucky,https://www.mountainproject.com/route/113229572/liftoff,1.8,Sport,5.10c,1,80,37.64255,-83.68534
Nobody Cares,Corner Pocket > Miller Fork Recreational Preserve (MFRP) > Red River Gorge > Kentucky,https://www.mountainproject.com/route/114509822/nobody-cares,3.6,Sport,5.8,1,90,37.64509,-83.67551
Elevator Pitch,Corner Pocket > Miller Fork Recreational Preserve (MFRP) > Red River Gorge > Kentucky,https://www.mountainproject.com/route/111842337/elevator-pitch,3.4,Sport,5.10a,1,80,37.64509,-83.67551
Friends Fur Life,Corner Pocket > Miller Fork Recreational Preserve (MFRP) > Red River Gorge > Kentucky,https://www.mountainproject.com/route/115392219/friends-fur-life,2.2,Sport,5.10c,1,80,37.64509,-83.67551
Chasing Butterflies,The Pharmacy > Miller Fork Recreational Preserve (MFRP) > Red River Gorge > Kentucky,https://www.mountainproject.com/route/111842368/chasing-butterflies,1.7,Sport,5.10b,1,70,37.6457,-83.67611
The Hairy Caterpillar,The Pharmacy > Miller Fork Recreational Preserve (MFRP) > Red River Gorge > Kentucky,https://www.mountainproject.com/route/200886506/the-hairy-caterpillar,1,Sport,5.10d,1,70,37.6457,-83.67611
Devil's Glen,The Laboratory > Miller Fork Recreational Preserve (MFRP) > Red River Gorge > Kentucky,https://www.mountainproject.com/route/122364682/devils-glen,1.1,Sport,5.10c,1,60,37.64461,-83.680179999999993
Sterling Moss,Real Deep End > Miller Fork Recreational Preserve (MFRP) > Red River Gorge > Kentucky,https://www.mountainproject.com/route/119895479/sterling-moss,1.8,Sport,5.9,1,55,37.64069,-83.6855
Plate for the Party,Real Deep End > Miller Fork Recreational Preserve (MFRP) > Red River Gorge > Kentucky,https://www.mountainproject.com/route/111998037/plate-for-the-party,2.6,Sport,5.9,1,45,37.64069,-83.6855
Alpha Dog,Real Deep End > Miller Fork Recreational Preserve (MFRP) > Red River Gorge > Kentucky,https://www.mountainproject.com/route/111998031/alpha-dog,2.4,Sport,5.9+,1,65,37.64069,-83.6855
Castaway,Real Deep End > Miller Fork Recreational Preserve (MFRP) > Red River Gorge > Kentucky,https://www.mountainproject.com/route/111998022/castaway,2.8,Sport,5.10a,1,65,37.64069,-83.6855
Poop Chute,Real Deep End > Miller Fork Recreational Preserve (MFRP) > Red River Gorge > Kentucky,https://www.mountainproject.com/route/111998042/poop-chute,2,Sport,5.10a,1,65,37.64069,-83.6855
Reality Check,Real Deep End > Miller Fork Recreational Preserve (MFRP) > Red River Gorge > Kentucky,https://www.mountainproject.com/route/119825713/reality-check,2.5,Sport,5.10a,1,50,37.64069,-83.6855
For Real,Real Deep End > Miller Fork Recreational Preserve (MFRP) > Red River Gorge > Kentucky,https://www.mountainproject.com/route/119825747/for-real,1.9,Sport,5.10a,1,50,37.64069,-83.6855
Deep State,Real Deep End > Miller Fork Recreational Preserve (MFRP) > Red River Gorge > Kentucky,https://www.mountainproject.com/route/119825782/deep-state,1.7,Sport,5.10b,1,55,37.64069,-83.6855
Lichening Bolt,Real Deep End > Miller Fork Recreational Preserve (MFRP) > Red River Gorge > Kentucky,https://www.mountainproject.com/route/120026565/lichening-bolt,1.3,Sport,5.10b,1,50,37.64069,-83.6855
Turd Burglar,Real Deep End > Miller Fork Recreational Preserve (MFRP) > Red River Gorge > Kentucky,https://www.mountainproject.com/route/111998049/turd-burglar,1.7,Sport,5.10b,1,65,37.64069,-83.6855
Surrealistic Pillow,Real Deep End > Miller Fork Recreational Preserve (MFRP) > Red River Gorge > Kentucky,https://www.mountainproject.com/route/119825809/surrealistic-pillow,1.8,Sport,5.10c,1,55,37.64069,-83.6855
Inscrutable,Real Deep End > Miller Fork Recreational Preserve (MFRP) > Red River Gorge > Kentucky,https://www.mountainproject.com/route/119825838/inscrutable,2.3,Sport,5.10c,1,75,37.64069,-83.6855
Hunkered Down,Real Deep End > Miller Fork Recreational Preserve (MFRP) > Red River Gorge > Kentucky,https://www.mountainproject.com/route/120026574/hunkered-down,2.3,Sport,5.10c,1,50,37.64069,-83.6855
The Darkening,Real Deep End > Miller Fork Recreational Preserve (MFRP) > Red River Gorge > Kentucky,https://www.mountainproject.com/route/120026578/the-darkening,1.8,Sport,5.10c,1,50,37.64069,-83.6855
Depth Charge,Real Deep End > Miller Fork Recreational Preserve (MFRP) > Red River Gorge > Kentucky,https://www.mountainproject.com/route/120657714/depth-charge,2.2,Sport,5.10c,1,65,37.64069,-83.6855
Hammer and Butterfly,Real Deep End > Miller Fork Recreational Preserve (MFRP) > Red River Gorge > Kentucky,https://www.mountainproject.com/route/119875356/hammer-and-butterfly,0.7,Sport,5.10d,1,45,37.64069,-83.6855
Frog Life,Real Deep End > Miller Fork Recreational Preserve (MFRP) > Red River Gorge > Kentucky,https://www.mountainproject.com/route/120026582/frog-life,1.7,Sport,5.10d,1,40,37.64069,-83.6855
Traumatized Turtle,Alcatraz > Miller Fork Recreational Preserve (MFRP) > Red River Gorge > Kentucky,https://www.mountainproject.com/route/120828728/traumatized-turtle,1.9,Sport,5.9+,1,55,37.64264,-83.68139
Sweet Petunia,Alcatraz > Miller Fork Recreational Preserve (MFRP) > Red River Gorge > Kentucky,https://www.mountainproject.com/route/119850001/sweet-petunia,2,Sport,5.10d,1,70,37.64264,-83.68139
Man with a Wooden Leg,Alcatraz > Miller Fork Recreational Preserve (MFRP) > Red River Gorge > Kentucky,https://www.mountainproject.com/route/112279264/man-with-a-wooden-leg,2.6,Sport,5.10d,1,80,37.64264,-83.68139
Nursery Time (aka Battery),Sanitarium > Miller Fork Recreational Preserve (MFRP) > Red River Gorge > Kentucky,https://www.mountainproject.com/route/110534062/nursery-time-aka-battery,2.1,Sport,5.9-,1,50,37.64891,-83.67849
Path of Virtue,Sanitarium > Miller Fork Recreational Preserve (MFRP) > Red River Gorge > Kentucky,https://www.mountainproject.com/route/113699302/path-of-virtue,2,Sport,5.9+,1,55,37.64891,-83.67849
Chopped,Sanitarium > Miller Fork Recreational Preserve (MFRP) > Red River Gorge > Kentucky,https://www.mountainproject.com/route/116352746/chopped,1.7,Sport,5.10a,1,70,37.64891,-83.67849
Bailey,Sanitarium > Miller Fork Recreational Preserve (MFRP) > Red River Gorge > Kentucky,https://www.mountainproject.com/route/116353952/bailey,3.2,Sport,5.10b/c,1,90,37.64891,-83.67849
Road to Debauchery,Sanitarium > Miller Fork Recreational Preserve (MFRP) > Red River Gorge > Kentucky,https://www.mountainproject.com/route/114225976/road-to-debauchery,2.9,Sport,5.10c,1,50,37.64891,-83.67849
Short List,Sanitarium > Miller Fork Recreational Preserve (MFRP) > Red River Gorge > Kentucky,https://www.mountainproject.com/route/116352731/short-list,2,Sport,5.10c,1,50,37.64891,-83.67849
Don Quixote,Sanitarium > Miller Fork Recreational Preserve (MFRP) > Red River Gorge > Kentucky,https://www.mountainproject.com/route/125357269/don-quixote,2.3,Sport,5.10c,1,40,37.64891,-83.67849
Sting,Sanitarium > Miller Fork Recreational Preserve (MFRP) > Red River Gorge > Kentucky,https://www.mountainproject.com/route/114225988/sting,2.2,Sport,5.10d,1,65,37.64891,-83.67849
Chossfit,Sanitarium > Miller Fork Recreational Preserve (MFRP) > Red River Gorge > Kentucky,https://www.mountainproject.com/route/116352719/chossfit,1.7,Sport,5.10d,1,50,37.64891,-83.67849
Unknown,The Hal Garner Memorial Crag > Miller Fork Recreational Preserve (MFRP) > Red River Gorge > Kentucky,https://www.mountainproject.com/route/113605800/unknown,0.7,Sport,5.8+,1,65,37.63921,-83.67877
Halphabet Soup for the Soul,The Hal Garner Memorial Crag > Miller Fork Recreational Preserve (MFRP) > Red River Gorge > Kentucky,https://www.mountainproject.com/route/113605680/halphabet-soup-for-the-soul,1.2,Sport,5.10b,1,70,37.63921,-83.67877
Dirty Diaper,The Playpen > Miller Fork Recreational Preserve (MFRP) > Red River Gorge > Kentucky,https://www.mountainproject.com/route/114254800/dirty-diaper,1.2,Sport,5.8,1,45,37.65061,-83.67871
Spank the Baby,The Playpen > Miller Fork Recreational Preserve (MFRP) > Red River Gorge > Kentucky,https://www.mountainproject.com/route/115189117/spank-the-baby,2.4,Sport,5.9+,1,50,37.65061,-83.67871
See You on Thursday,Camelot > Miller Fork Recreational Preserve (MFRP) > Red River Gorge > Kentucky,https://www.mountainproject.com/route/114530347/see-you-on-thursday,2.2,Sport,5.8,1,30,37.64911,-83.67518
Castle Awed,Camelot > Miller Fork Recreational Preserve (MFRP) > Red River Gorge > Kentucky,https://www.mountainproject.com/route/114530356/castle-awed,2.5,Sport,5.8,1,30,37.64911,-83.67518
Ralfe the Wonder Llama,Camelot > Miller Fork Recreational Preserve (MFRP) > Red River Gorge > Kentucky,https://www.mountainproject.com/route/114530360/ralfe-the-wonder-llama,2.2,Sport,5.8,1,35,37.64911,-83.67518
European Swallow,Camelot > Miller Fork Recreational Preserve (MFRP) > Red River Gorge > Kentucky,https://www.mountainproject.com/route/114530433/european-swallow,2,Sport,5.8,1,25,37.64911,-83.67518
The Snows of Winter,Camelot > Miller Fork Recreational Preserve (MFRP) > Red River Gorge > Kentucky,https://www.mountainproject.com/route/114530446/the-snows-of-winter,2.1,Sport,5.8,1,30,37.64911,-83.67518
"Arthur, King of the Britons",Camelot > Miller Fork Recreational Preserve (MFRP) > Red River Gorge > Kentucky,https://www.mountainproject.com/route/120846350/arthur-king-of-the-britons,1.4,Sport,5.8,1,35,37.64911,-83.67518
Trojan Rabbit,Camelot > Miller Fork Recreational Preserve (MFRP) > Red River Gorge > Kentucky,https://www.mountainproject.com/route/114530364/trojan-rabbit,2.3,Sport,5.9,1,35,37.64911,-83.67518
The Keeper,Camelot > Miller Fork Recreational Preserve (MFRP) > Red River Gorge > Kentucky,https://www.mountainproject.com/route/114530381/the-keeper,1.8,Sport,5.9,1,30,37.64911,-83.67518
English Pip Dogs,Camelot > Miller Fork Recreational Preserve (MFRP) > Red River Gorge > Kentucky,https://www.mountainproject.com/route/114530368/english-pip-dogs,2,Sport,5.10a,1,45,37.64911,-83.67518
Ham and Jam and Spam,Camelot > Miller Fork Recreational Preserve (MFRP) > Red River Gorge > Kentucky,https://www.mountainproject.com/route/114530372/ham-and-jam-and-spam,2.8,Sport,5.10a,1,50,37.64911,-83.67518
Lady of the Lake,Camelot > Miller Fork Recreational Preserve (MFRP) > Red River Gorge > Kentucky,https://www.mountainproject.com/route/114530409/lady-of-the-lake,3.1,Sport,5.10a,1,50,37.64911,-83.67518
She's a Witch,Camelot > Miller Fork Recreational Preserve (MFRP) > Red River Gorge > Kentucky,https://www.mountainproject.com/route/114530413/shes-a-witch,3,Sport,5.10a,1,50,37.64911,-83.67518
Roger the Shrubber,Camelot > Miller Fork Recreational Preserve (MFRP) > Red River Gorge > Kentucky,https://www.mountainproject.com/route/114530470/roger-the-shrubber,2.9,Sport,5.10a,1,40,37.64911,-83.67518
Siege Perilous,Camelot > Miller Fork Recreational Preserve (MFRP) > Red River Gorge > Kentucky,https://www.mountainproject.com/route/126348696/siege-perilous,2.4,Sport,5.10a,1,45,37.64911,-83.67518
Brave Sir Robin,Camelot > Miller Fork Recreational Preserve (MFRP) > Red River Gorge > Kentucky,https://www.mountainproject.com/route/114530331/brave-sir-robin,2.7,Sport,5.10b,1,45,37.64911,-83.67518
The Enchanter,Camelot > Miller Fork Recreational Preserve (MFRP) > Red River Gorge > Kentucky,https://www.mountainproject.com/route/114530388/the-enchanter,2.4,Sport,5.10c/d,1,30,37.64911,-83.67518
Holy Grail,Camelot > Miller Fork Recreational Preserve (MFRP) > Red River Gorge > Kentucky,https://www.mountainproject.com/route/114530429/holy-grail,3.5,Sport,5.10d,1,70,37.64911,-83.67518
A Herring,Camelot > Miller Fork Recreational Preserve (MFRP) > Red River Gorge > Kentucky,https://www.mountainproject.com/route/114530466/a-herring,2.6,Sport,5.10d,1,50,37.64911,-83.67518
Your Mother Was A Hamster,Camelot > Miller Fork Recreational Preserve (MFRP) > Red River Gorge > Kentucky,https://www.mountainproject.com/route/118207784/your-mother-was-a-hamster,2.3,Sport,5.10d,1,50,37.64911,-83.67518
Auchentoshan,Scotch Wall > Miller Fork Recreational Preserve (MFRP) > Red River Gorge > Kentucky,https://www.mountainproject.com/route/119359978/auchentoshan,2,Sport,5.10c,1,45,37.64758,-83.67575
Peat Monster,Scotch Wall > Miller Fork Recreational Preserve (MFRP) > Red River Gorge > Kentucky,https://www.mountainproject.com/route/126663728/peat-monster,2.5,Sport,5.10c,1,60,37.64758,-83.67575
Glenmorangie,Scotch Wall > Miller Fork Recreational Preserve (MFRP) > Red River Gorge > Kentucky,https://www.mountainproject.com/route/119359991/glenmorangie,2,Sport,5.10d,1,55,37.64758,-83.67575
Kilt or Be Kilt,Scotch Wall > Miller Fork Recreational Preserve (MFRP) > Red River Gorge > Kentucky,https://www.mountainproject.com/route/116654724/kilt-or-be-kilt,3.2,Sport,5.10d,1,70,37.64758,-83.67575
Goose Bumples,Highlands > Miller Fork Recreational Preserve (MFRP) > Red River Gorge > Kentucky,https://www.mountainproject.com/route/118884125/goose-bumples,2,Sport,5.10c,1,50,37.64802,-83.67525
Grandpa Philly,Vine Wall > Miller Fork Recreational Preserve (MFRP) > Red River Gorge > Kentucky,https://www.mountainproject.com/route/119969879/grandpa-philly,1.3,Sport,5.8,1,35,37.6477,-83.67807
Bangarang,Neverland > Miller Fork Recreational Preserve (MFRP) > Red River Gorge > Kentucky,https://www.mountainproject.com/route/122085655/bangarang,1.9,Sport,5.8,1,40,37.65125,-83.67494
Straight on 'til Morning,Neverland > Miller Fork Recreational Preserve (MFRP) > Red River Gorge > Kentucky,https://www.mountainproject.com/route/122085805/straight-on-til-morning,2.1,Sport,5.8,1,80,37.65125,-83.67494
John,Neverland > Miller Fork Recreational Preserve (MFRP) > Red River Gorge > Kentucky,https://www.mountainproject.com/route/122085850/john,2.3,Sport,5.8,1,50,37.65125,-83.67494
One Feeling,Neverland > Miller Fork Recreational Preserve (MFRP) > Red River Gorge > Kentucky,https://www.mountainproject.com/route/122086060/one-feeling,3.1,Sport,5.8+,1,70,37.65125,-83.67494
Thimble Kisses,Neverland > Miller Fork Recreational Preserve (MFRP) > Red River Gorge > Kentucky,https://www.mountainproject.com/route/122085639/thimble-kisses,1.8,Sport,5.9,1,40,37.65125,-83.67494
Peter,Neverland > Miller Fork Recreational Preserve (MFRP) > Red River Gorge > Kentucky,https://www.mountainproject.com/route/122085768/peter,2.2,Sport,5.9,1,50,37.65125,-83.67494
Second Star on the Right,Neverland > Miller Fork Recreational Preserve (MFRP) > Red River Gorge > Kentucky,https://www.mountainproject.com/route/122085799/second-star-on-the-right,2.2,Sport,5.9,1,60,37.65125,-83.67494
A Tarantella,Neverland > Miller Fork Recreational Preserve (MFRP) > Red River Gorge > Kentucky,https://www.mountainproject.com/route/122085759/a-tarantella,0.3,Sport,5.9+,1,50,37.65125,-83.67494
Lost Marbles,Neverland > Miller Fork Recreational Preserve (MFRP) > Red River Gorge > Kentucky,https://www.mountainproject.com/route/122085619/lost-marbles,1.4,Sport,5.10a,1,35,37.65125,-83.67494
Wendy,Neverland > Miller Fork Recreational Preserve (MFRP) > Red River Gorge > Kentucky,https://www.mountainproject.com/route/122085775/wendy,2,Sport,5.10a,1,50,37.65125,-83.67494
English Gentlemen Don't Beg,Neverland > Miller Fork Recreational Preserve (MFRP) > Red River Gorge > Kentucky,https://www.mountainproject.com/route/122085958/english-gentlemen-dont-beg,1,Sport,5.10a,1,65,37.65125,-83.67494
"If You Were Me, I'd Be Ugly",Neverland > Miller Fork Recreational Preserve (MFRP) > Red River Gorge > Kentucky,https://www.mountainproject.com/route/122086013/if-you-were-me-id-be-ugly,2.2,Sport,5.10a,1,65,37.65125,-83.67494
The Unruly Shadow,Neverland > Miller Fork Recreational Preserve (MFRP) > Red River Gorge > Kentucky,https://www.mountainproject.com/route/122086020/the-unruly-shadow,1.5,Sport,5.10a,1,65,37.65125,-83.67494
To Live Would Be An Awfully Big Adventure,Neverland > Miller Fork Recreational Preserve (MFRP) > Red River Gorge > Kentucky,https://www.mountainproject.com/route/122086034/to-live-would-be-an-awfully-big-adventure,2.6,Sport,5.10a,1,65,37.65125,-83.67494
Something Worser,Neverland > Miller Fork Recreational Preserve (MFRP) > Red River Gorge > Kentucky,https://www.mountainproject.com/route/122086048/something-worser,2.4,Sport,5.10a,1,65,37.65125,-83.67494
Noodler,Neverland > Miller Fork Recreational Preserve (MFRP) > Red River Gorge > Kentucky,https://www.mountainproject.com/route/122086093/noodler,1.4,Sport,5.10a,1,65,37.65125,-83.67494
I Do Believe in Fairies,Neverland > Miller Fork Recreational Preserve (MFRP) > Red River Gorge > Kentucky,https://www.mountainproject.com/route/122085666/i-do-believe-in-fairies,1.3,Sport,5.10b,1,30,37.65125,-83.67494
Many Different Kinds of Brave,Neverland > Miller Fork Recreational Preserve (MFRP) > Red River Gorge > Kentucky,https://www.mountainproject.com/route/122085733/many-different-kinds-of-brave,1.3,Sport,5.10b,1,45,37.65125,-83.67494
"Oh, the Cleverness of Me",Neverland > Miller Fork Recreational Preserve (MFRP) > Red River Gorge > Kentucky,https://www.mountainproject.com/route/122085793/oh-the-cleverness-of-me,1.4,Sport,5.10b,1,80,37.65125,-83.67494
I Won't Grow Up,Neverland > Miller Fork Recreational Preserve (MFRP) > Red River Gorge > Kentucky,https://www.mountainproject.com/route/122085974/i-wont-grow-up,0.5,Sport,5.10b,1,65,37.65125,-83.67494
Never is an Awfully Long Time,Neverland > Miller Fork Recreational Preserve (MFRP) > Red River Gorge > Kentucky,https://www.mountainproject.com/route/122086079/never-is-an-awfully-long-time,1,Sport,5.10b,1,65,37.65125,-83.67494
Bill Jukes,Neverland > Miller Fork Recreational Preserve (MFRP) > Red River Gorge > Kentucky,https://www.mountainproject.com/route/122086110/bill-jukes,0,Sport,5.10b,1,55,37.65125,-83.67494
Tick Tock,Neverland > Miller Fork Recreational Preserve (MFRP) > Red River Gorge > Kentucky,https://www.mountainproject.com/route/122085679/tick-tock,2.3,Sport,5.10c,1,35,37.65125,-83.67494
"Old, Alone, Done For",Neverland > Miller Fork Recreational Preserve (MFRP) > Red River Gorge > Kentucky,https://www.mountainproject.com/route/122085722/old-alone-done-for,0.2,Sport,5.10c,1,40,37.65125,-83.67494
Mr. Smee,Neverland > Miller Fork Recreational Preserve (MFRP) > Red River Gorge > Kentucky,https://www.mountainproject.com/route/122086123/mr-smee,1,Sport,5.10d,1,50,37.65125,-83.67494
The Cream Machine,(1) Buckeye Buttress > The Motherlode > Bald Rock Recreational Preserve (BRRP) > Red River Gorge > Kentucky,https://www.mountainproject.com/route/111312748/the-cream-machine,2.3,Sport,5.10b PG13,1,60,37.64595,-83.71153
Grandpa Joe,Chocolate Factory > Bald Rock Recreational Preserve (BRRP) > Red River Gorge > Kentucky,https://www.mountainproject.com/route/109480361/grandpa-joe,2.6,Sport,5.9,1,50,37.64919,-83.71343
Chocolate River,Chocolate Factory > Bald Rock Recreational Preserve (BRRP) > Red River Gorge > Kentucky,https://www.mountainproject.com/route/106453181/chocolate-river,2.4,Sport,5.9,1,50,37.64919,-83.71343
Augustus Gloop,Chocolate Factory > Bald Rock Recreational Preserve (BRRP) > Red River Gorge > Kentucky,https://www.mountainproject.com/route/107756397/augustus-gloop,2.4,Sport,5.9,1,60,37.64919,-83.71343
Sugar Rush,Chocolate Factory > Bald Rock Recreational Preserve (BRRP) > Red River Gorge > Kentucky,https://www.mountainproject.com/route/107074597/sugar-rush,2.5,Sport,5.9+,1,65,37.64919,-83.71343
Wonkaholic,Chocolate Factory > Bald Rock Recreational Preserve (BRRP) > Red River Gorge > Kentucky,https://www.mountainproject.com/route/107379163/wonkaholic,2.7,Sport,5.10a,1,50,37.64919,-83.71343
Throbbing Emotions,Chocolate Factory > Bald Rock Recreational Preserve (BRRP) > Red River Gorge > Kentucky,https://www.mountainproject.com/route/108064675/throbbing-emotions,2.8,Sport,5.10a,1,55,37.64919,-83.71343
EGBG,Chocolate Factory > Bald Rock Recreational Preserve (BRRP) > Red River Gorge > Kentucky,https://www.mountainproject.com/route/108766319/egbg,3.6,Sport,5.10a,1,90,37.64919,-83.71343
The Juggernaut,Chocolate Factory > Bald Rock Recreational Preserve (BRRP) > Red River Gorge > Kentucky,https://www.mountainproject.com/route/109770822/the-juggernaut,2.7,Sport,5.10b,1,65,37.64919,-83.71343
Breakin the Law,Chocolate Factory > Bald Rock Recreational Preserve (BRRP) > Red River Gorge > Kentucky,https://www.mountainproject.com/route/111855528/breakin-the-law,2.4,Sport,5.10b,1,50,37.64919,-83.71343
Three Stooges,Chocolate Factory > Bald Rock Recreational Preserve (BRRP) > Red River Gorge > Kentucky,https://www.mountainproject.com/route/114290724/three-stooges,2.1,Sport,5.10b,1,90,37.64919,-83.71343
Oompa,Chocolate Factory > Bald Rock Recreational Preserve (BRRP) > Red River Gorge > Kentucky,https://www.mountainproject.com/route/106782060/oompa,3.1,Sport,5.10b,1,60,37.64919,-83.71343
Robotic Thumb,Chocolate Factory > Bald Rock Recreational Preserve (BRRP) > Red River Gorge > Kentucky,https://www.mountainproject.com/route/107892930/robotic-thumb,3.5,Sport,5.10b,1,60,37.64919,-83.71343
Grandma Josephine,Chocolate Factory > Bald Rock Recreational Preserve (BRRP) > Red River Gorge > Kentucky,https://www.mountainproject.com/route/117909365/grandma-josephine,2.5,Sport,5.10b,1,45,37.64919,-83.71343
Snarf Victory,Chocolate Factory > Bald Rock Recreational Preserve (BRRP) > Red River Gorge > Kentucky,https://www.mountainproject.com/route/109480386/snarf-victory,2.2,Sport,5.10c,1,60,37.64919,-83.71343
Loompa,Chocolate Factory > Bald Rock Recreational Preserve (BRRP) > Red River Gorge > Kentucky,https://www.mountainproject.com/route/106927842/loompa,3.5,Sport,5.10+,1,60,37.64919,-83.71343
The Glass Elevator,Chocolate Factory > Bald Rock Recreational Preserve (BRRP) > Red River Gorge > Kentucky,https://www.mountainproject.com/route/106927822/the-glass-elevator,3,Sport,5.10d,1,60,37.64919,-83.71343
Babinski Sign,Chocolate Factory > Bald Rock Recreational Preserve (BRRP) > Red River Gorge > Kentucky,https://www.mountainproject.com/route/107892923/babinski-sign,2.8,Sport,5.10d,1,60,37.64919,-83.71343
Mr. P.,Chocolate Factory > Bald Rock Recreational Preserve (BRRP) > Red River Gorge > Kentucky,https://www.mountainproject.com/route/107921969/mr-p,1.9,Sport,5.10d,1,60,37.64919,-83.71343
Theobroma,Chocolate Factory > Bald Rock Recreational Preserve (BRRP) > Red River Gorge > Kentucky,https://www.mountainproject.com/route/109770874/theobroma,3,Sport,5.10d,1,75,37.64919,-83.71343
Uncharted Moss and Choss,The Unlode > Bald Rock Recreational Preserve (BRRP) > Red River Gorge > Kentucky,https://www.mountainproject.com/route/125759986/uncharted-moss-and-choss,2.6,Sport,5.8,1,50,37.64235,-83.71178
Underclinging Undertaker,The Unlode > Bald Rock Recreational Preserve (BRRP) > Red River Gorge > Kentucky,https://www.mountainproject.com/route/125325125/underclinging-undertaker,2.4,Sport,5.9,1,35,37.64235,-83.71178
Unearthed Mycelia,The Unlode > Bald Rock Recreational Preserve (BRRP) > Red River Gorge > Kentucky,https://www.mountainproject.com/route/125646343/unearthed-mycelia,2.9,Sport,5.9,1,50,37.64235,-83.71178
Unrealistic Dump Truck,The Unlode > Bald Rock Recreational Preserve (BRRP) > Red River Gorge > Kentucky,https://www.mountainproject.com/route/125647022/unrealistic-dump-truck,2.7,Sport,5.9,1,45,37.64235,-83.71178
Undeterred,The Unlode > Bald Rock Recreational Preserve (BRRP) > Red River Gorge > Kentucky,https://www.mountainproject.com/route/125325416/undeterred,2.6,Sport,5.9+,1,45,37.64235,-83.71178
Unconditional,The Unlode > Bald Rock Recreational Preserve (BRRP) > Red River Gorge > Kentucky,https://www.mountainproject.com/route/118947618/unconditional,2,Sport,5.10a,1,55,37.64235,-83.71178
"Undoubtedly, Still Better than Trad",The Unlode > Bald Rock Recreational Preserve (BRRP) > Red River Gorge > Kentucky,https://www.mountainproject.com/route/118947673/undoubtedly-still-better-than-trad,1.8,Sport,5.10a,1,55,37.64235,-83.71178
Underestimated,The Unlode > Bald Rock Recreational Preserve (BRRP) > Red River Gorge > Kentucky,https://www.mountainproject.com/route/125325622/underestimated,2.3,Sport,5.10-,1,40,37.64235,-83.71178
Unfulfilling,The Unlode > Bald Rock Recreational Preserve (BRRP) > Red River Gorge > Kentucky,https://www.mountainproject.com/route/119938634/unfulfilling,2.1,Sport,5.10b,1,35,37.64235,-83.71178
Undecided,The Unlode > Bald Rock Recreational Preserve (BRRP) > Red River Gorge > Kentucky,https://www.mountainproject.com/route/125465599/undecided,2.7,Sport,5.10,1,40,37.64235,-83.71178
Undetermined,The Unlode > Bald Rock Recreational Preserve (BRRP) > Red River Gorge > Kentucky,https://www.mountainproject.com/route/125465692/undetermined,2.7,Sport,5.10,1,50,37.64235,-83.71178
Untoward,The Unlode > Bald Rock Recreational Preserve (BRRP) > Red River Gorge > Kentucky,https://www.mountainproject.com/route/123210320/untoward,2.8,Sport,5.10b/c,1,55,37.64235,-83.71178
Unfamilia,The Unlode > Bald Rock Recreational Preserve (BRRP) > Red River Gorge > Kentucky,https://www.mountainproject.com/route/118947655/unfamilia,1.6,Sport,5.10c,1,55,37.64235,-83.71178
Unbridled,The Unlode > Bald Rock Recreational Preserve (BRRP) > Red River Gorge > Kentucky,https://www.mountainproject.com/route/106927891/unbridled,2.5,Sport,5.10c,1,50,37.64235,-83.71178
Undaunted,The Unlode > Bald Rock Recreational Preserve (BRRP) > Red River Gorge > Kentucky,https://www.mountainproject.com/route/125325275/undaunted,2.6,Sport,5.10c/d,1,40,37.64235,-83.71178
Unsung,The Unlode > Bald Rock Recreational Preserve (BRRP) > Red River Gorge > Kentucky,https://www.mountainproject.com/route/119938718/unsung,2.4,Sport,5.10d,1,45,37.64235,-83.71178
Gandee Candy,Bear's Den > Bald Rock Recreational Preserve (BRRP) > Red River Gorge > Kentucky,https://www.mountainproject.com/route/108389072/gandee-candy,2.9,Sport,5.8,1,65,37.64408,-83.70784
Un-koala-fied,Bear's Den > Bald Rock Recreational Preserve (BRRP) > Red River Gorge > Kentucky,https://www.mountainproject.com/route/109469891/un-koala-fied,2.3,Sport,5.9,1,40,37.64408,-83.70784
Silly Old Bear,Bear's Den > Bald Rock Recreational Preserve (BRRP) > Red River Gorge > Kentucky,https://www.mountainproject.com/route/125537465/silly-old-bear,2.6,Sport,5.10a,1,55,37.64408,-83.70784
Rumspringa,Bear's Den > Bald Rock Recreational Preserve (BRRP) > Red River Gorge > Kentucky,https://www.mountainproject.com/route/118203118/rumspringa,2,Sport,5.10b,1,60,37.64408,-83.70784
C Quest R,Bear's Den > Bald Rock Recreational Preserve (BRRP) > Red River Gorge > Kentucky,https://www.mountainproject.com/route/110330437/c-quest-r,1.8,Sport,5.10b,1,60,37.64408,-83.70784
Closed - Chantal's Starfish,Bear's Den > Bald Rock Recreational Preserve (BRRP) > Red River Gorge > Kentucky,https://www.mountainproject.com/route/115561939/closed-chantals-starfish,1.6,Sport,5.10b,1,60,37.64408,-83.70784
Ticks List,Bear's Den > Bald Rock Recreational Preserve (BRRP) > Red River Gorge > Kentucky,https://www.mountainproject.com/route/127282999/ticks-list,1.5,Sport,5.10b,1,40,37.64408,-83.70784
Golden Snow Cone,Bear's Den > Bald Rock Recreational Preserve (BRRP) > Red River Gorge > Kentucky,https://www.mountainproject.com/route/109469913/golden-snow-cone,2.7,Sport,5.10c,1,55,37.64408,-83.70784
Bear Goggles,Bear's Den > Bald Rock Recreational Preserve (BRRP) > Red River Gorge > Kentucky,https://www.mountainproject.com/route/122808203/bear-goggles,1.8,Sport,5.10c,1,50,37.64408,-83.70784
Low Hanging Fruit,Bear's Den > Bald Rock Recreational Preserve (BRRP) > Red River Gorge > Kentucky,https://www.mountainproject.com/route/110270679/low-hanging-fruit,2.3,Sport,5.10d,1,60,37.64408,-83.70784
Pooh and Piglet Too,Bear's Den > Bald Rock Recreational Preserve (BRRP) > Red River Gorge > Kentucky,https://www.mountainproject.com/route/116533078/pooh-and-piglet-too,2.3,Sport,5.10d,1,50,37.64408,-83.70784
Hoolie Hoggin' in a Booger Hole,A-Hole Wall > Hole in the Wall > Bald Rock Recreational Preserve (BRRP) > Red River Gorge > Kentucky,https://www.mountainproject.com/route/117625147/hoolie-hoggin-in-a-booger-hole,2.6,Sport,5.10c,1,45,37.64283,-83.70867
Holey Cow!,A-Hole Wall > Hole in the Wall > Bald Rock Recreational Preserve (BRRP) > Red River Gorge > Kentucky,https://www.mountainproject.com/route/117625075/holey-cow,2.6,Sport,5.10d,1,45,37.64283,-83.70867
The Hole 9 Yards,The UnHoley Wall > Hole in the Wall > Bald Rock Recreational Preserve (BRRP) > Red River Gorge > Kentucky,https://www.mountainproject.com/route/117632094/the-hole-9-yards,1.5,Sport,5.9+,1,40,37.64284,-83.7084
Twll Mawr,The UnHoley Wall > Hole in the Wall > Bald Rock Recreational Preserve (BRRP) > Red River Gorge > Kentucky,https://www.mountainproject.com/route/117632120/twll-mawr,1.8,Sport,5.10a,1,40,37.64284,-83.7084
Holeshot,B-Hole Wall > Hole in the Wall > Bald Rock Recreational Preserve (BRRP) > Red River Gorge > Kentucky,https://www.mountainproject.com/route/117634431/holeshot,1.3,Sport,5.8+,1,50,37.64212,-83.70876
Hole Lot of Nothing,B-Hole Wall > Hole in the Wall > Bald Rock Recreational Preserve (BRRP) > Red River Gorge > Kentucky,https://www.mountainproject.com/route/117733056/hole-lot-of-nothing,1.8,Sport,5.10b,1,45,37.64212,-83.70876
Surprise B-hole,B-Hole Wall > Hole in the Wall > Bald Rock Recreational Preserve (BRRP) > Red River Gorge > Kentucky,https://www.mountainproject.com/route/117634444/surprise-b-hole,2.3,Sport,5.10c,1,50,37.64212,-83.70876
Boats and Holes,B-Hole Wall > Hole in the Wall > Bald Rock Recreational Preserve (BRRP) > Red River Gorge > Kentucky,https://www.mountainproject.com/route/117634526/boats-and-holes,2.4,Sport,5.10d,1,60,37.64212,-83.70876
Mudhole,Hole New Wall > Hole in the Wall > Bald Rock Recreational Preserve (BRRP) > Red River Gorge > Kentucky,https://www.mountainproject.com/route/118692126/mudhole,1.7,Sport,5.9+,1,60,37.64196,-83.70959
Festively Plump,South Park > Bald Rock Recreational Preserve (BRRP) > Red River Gorge > Kentucky,https://www.mountainproject.com/route/117942639/festively-plump,2.5,Sport,5.8,1,35,37.6406,-83.71132
Quantity Over Quality,South Park > Bald Rock Recreational Preserve (BRRP) > Red River Gorge > Kentucky,https://www.mountainproject.com/route/119093587/quantity-over-quality,2.5,Sport,5.9,1,45,37.6406,-83.71132
Awesom-O 4000,South Park > Bald Rock Recreational Preserve (BRRP) > Red River Gorge > Kentucky,https://www.mountainproject.com/route/125740762/awesom-o-4000,2.1,Sport,5.10-,1,45,37.6406,-83.71132
It's a Jersey Thing,South Park > Bald Rock Recreational Preserve (BRRP) > Red River Gorge > Kentucky,https://www.mountainproject.com/route/117942552/its-a-jersey-thing,1.6,Sport,5.10b,1,45,37.6406,-83.71132
About Tree Fiddy,South Park > Bald Rock Recreational Preserve (BRRP) > Red River Gorge > Kentucky,https://www.mountainproject.com/route/117942595/about-tree-fiddy,2.3,Sport,5.10b,1,45,37.6406,-83.71132
The Dong Wall,South Park > Bald Rock Recreational Preserve (BRRP) > Red River Gorge > Kentucky,https://www.mountainproject.com/route/118035239/the-dong-wall,3,Sport,5.10b,1,50,37.6406,-83.71132
"Drugs are Bad, Mkay?",South Park > Bald Rock Recreational Preserve (BRRP) > Red River Gorge > Kentucky,https://www.mountainproject.com/route/117942524/drugs-are-bad-mkay,2.1,Sport,5.10c,1,50,37.6406,-83.71132
UltraVibe Pleasure 2000,South Park > Bald Rock Recreational Preserve (BRRP) > Red River Gorge > Kentucky,https://www.mountainproject.com/route/124890461/ultravibe-pleasure-2000,2.6,Sport,5.10c,1,45,37.6406,-83.71132
Tears of Unfathomable Sadness,South Park > Bald Rock Recreational Preserve (BRRP) > Red River Gorge > Kentucky,https://www.mountainproject.com/route/117942541/tears-of-unfathomable-sadness,1.9,Sport,5.10+,1,55,37.6406,-83.71132
A Bunch of Tree-Hugging Hippie Crap,South Park > Bald Rock Recreational Preserve (BRRP) > Red River Gorge > Kentucky,https://www.mountainproject.com/route/117942510/a-bunch-of-tree-hugging-hippie-crap,2.6,Sport,5.10d,1,50,37.6406,-83.71132
Black n Tan,Bald Rock Cove > Bald Rock Recreational Preserve (BRRP) > Red River Gorge > Kentucky,https://www.mountainproject.com/route/121775783/black-n-tan,2.2,Sport,5.10b,1,60,37.64704,-83.71286
Bald Rock Boogie,Bald Rock Cove > Bald Rock Recreational Preserve (BRRP) > Red River Gorge > Kentucky,https://www.mountainproject.com/route/121775791/bald-rock-boogie,2.6,Sport,5.10c,1,60,37.64704,-83.71286
Northern Nut Growers Association,Hazel Hollow > Bald Rock Recreational Preserve (BRRP) > Red River Gorge > Kentucky,https://www.mountainproject.com/route/123359554/northern-nut-growers-association,2.9,Sport,5.9,1,70,37.64445,-83.71565
Hazel Dormouse,Hazel Hollow > Bald Rock Recreational Preserve (BRRP) > Red River Gorge > Kentucky,https://www.mountainproject.com/route/122728043/hazel-dormouse,3.7,Sport,5.9+,1,90,37.64445,-83.71565
Hazelnut,Hazel Hollow > Bald Rock Recreational Preserve (BRRP) > Red River Gorge > Kentucky,https://www.mountainproject.com/route/122727902/hazelnut,2.9,Sport,5.10a,1,65,37.64445,-83.71565
Silver Apples of the Moon,Hazel Hollow > Bald Rock Recreational Preserve (BRRP) > Red River Gorge > Kentucky,https://www.mountainproject.com/route/124159210/silver-apples-of-the-moon,2.4,Sport,5.10a,1,70,37.64445,-83.71565
Golden Apples of the Sun,Hazel Hollow > Bald Rock Recreational Preserve (BRRP) > Red River Gorge > Kentucky,https://www.mountainproject.com/route/124159238/golden-apples-of-the-sun,2.1,Sport,5.10a,1,60,37.64445,-83.71565
When in Drought,Hazel Hollow > Bald Rock Recreational Preserve (BRRP) > Red River Gorge > Kentucky,https://www.mountainproject.com/route/122727873/when-in-drought,2.7,Sport,5.10a/b,1,60,37.64445,-83.71565
Witch Hazel,Hazel Hollow > Bald Rock Recreational Preserve (BRRP) > Red River Gorge > Kentucky,https://www.mountainproject.com/route/122727895/witch-hazel,2.8,Sport,5.10b,1,55,37.64445,-83.71565
Hazel Green,Hazel Hollow > Bald Rock Recreational Preserve (BRRP) > Red River Gorge > Kentucky,https://www.mountainproject.com/route/122728100/hazel-green,2.7,Sport,5.10b,1,80,37.64445,-83.71565
Coll,Hazel Hollow > Bald Rock Recreational Preserve (BRRP) > Red River Gorge > Kentucky,https://www.mountainproject.com/route/122727932/coll,2.9,Sport,5.10b/c,1,80,37.64445,-83.71565
"What's New, Pussycat",Leonard's Wall > Bald Rock Recreational Preserve (BRRP) > Red River Gorge > Kentucky,https://www.mountainproject.com/route/126836324/whats-new-pussycat,2,Sport,5.10b,1,90,37.6452,-83.71681
Pstpstpst,Leonard's Wall > Bald Rock Recreational Preserve (BRRP) > Red River Gorge > Kentucky,https://www.mountainproject.com/route/126836288/pstpstpst,1.3,Sport,5.10b,1,90,37.6452,-83.71681
Maine Coons,Leonard's Wall > Bald Rock Recreational Preserve (BRRP) > Red River Gorge > Kentucky,https://www.mountainproject.com/route/126836302/maine-coons,2.3,Sport,5.10c,1,90,37.6452,-83.71681
Ten Cats,Leonard's Wall > Bald Rock Recreational Preserve (BRRP) > Red River Gorge > Kentucky,https://www.mountainproject.com/route/123041009/ten-cats,2.4,Sport,5.10c,1,80,37.6452,-83.71681
Leonard's Excellent Adventure,Leonard's Wall > Bald Rock Recreational Preserve (BRRP) > Red River Gorge > Kentucky,https://www.mountainproject.com/route/123041039/leonards-excellent-adventure,2.3,Sport,5.10d,1,75,37.6452,-83.71681
Alfredo’s Pizza Cafe,Dunder Mifflin > The Office > Bald Rock Recreational Preserve (BRRP) > Red River Gorge > Kentucky,https://www.mountainproject.com/route/124625902/alfredos-pizza-cafe,2.1,Sport,5.8-,1,50,37.64271,-83.71462
Baby Back Ribs,Dunder Mifflin > The Office > Bald Rock Recreational Preserve (BRRP) > Red River Gorge > Kentucky,https://www.mountainproject.com/route/124937688/baby-back-ribs,2.6,Sport,5.8,1,60,37.64271,-83.71462
"Scranton, WHAT?",Dunder Mifflin > The Office > Bald Rock Recreational Preserve (BRRP) > Red River Gorge > Kentucky,https://www.mountainproject.com/route/124828036/scranton-what,2.1,Sport,5.8,1,50,37.64271,-83.71462
Froggy 101,Dunder Mifflin > The Office > Bald Rock Recreational Preserve (BRRP) > Red River Gorge > Kentucky,https://www.mountainproject.com/route/124933791/froggy-101,2.7,Sport,5.10a,1,65,37.64271,-83.71462
Finer Things Club,Dunder Mifflin > The Office > Bald Rock Recreational Preserve (BRRP) > Red River Gorge > Kentucky,https://www.mountainproject.com/route/124962941/finer-things-club,2.3,Sport,5.10a,1,60,37.64271,-83.71462
Rabies Fun Run,Dunder Mifflin > The Office > Bald Rock Recreational Preserve (BRRP) > Red River Gorge > Kentucky,https://www.mountainproject.com/route/125436697/rabies-fun-run,1.9,Sport,5.10b,1,55,37.64271,-83.71462
Pizza By Alfredo (Extension),Dunder Mifflin > The Office > Bald Rock Recreational Preserve (BRRP) > Red River Gorge > Kentucky,https://www.mountainproject.com/route/124638601/pizza-by-alfredo-extension,2.6,Sport,5.10c,1,75,37.64271,-83.71462
The Electric City (Extension),Dunder Mifflin > The Office > Bald Rock Recreational Preserve (BRRP) > Red River Gorge > Kentucky,https://www.mountainproject.com/route/124829045/the-electric-city-extension,2.4,Sport,5.10c,1,25,37.64271,-83.71462
Shove It Up Your Butt,Accounting Dept. > The Office > Bald Rock Recreational Preserve (BRRP) > Red River Gorge > Kentucky,https://www.mountainproject.com/route/125373431/shove-it-up-your-butt,1.9,Sport,5.8,1,30,37.64245,-83.71413
Somehow I Manage,Accounting Dept. > The Office > Bald Rock Recreational Preserve (BRRP) > Red River Gorge > Kentucky,https://www.mountainproject.com/route/125373441/somehow-i-manage,1.6,Sport,5.9,1,30,37.64245,-83.71413
Two Wrongs Make A Dwight,Accounting Dept. > The Office > Bald Rock Recreational Preserve (BRRP) > Red River Gorge > Kentucky,https://www.mountainproject.com/route/125373447/two-wrongs-make-a-dwight,2,Sport,5.9,1,30,37.64245,-83.71413
¯\_(ツ)_/¯ 2,Warehouse Boulder > The Office > Bald Rock Recreational Preserve (BRRP) > Red River Gorge > Kentucky,https://www.mountainproject.com/route/200706193/2,0,Sport,5.8-,31,3100,37.6431,-83.71452
¯\_(ツ)_/¯ 1,Warehouse Boulder > The Office > Bald Rock Recreational Preserve (BRRP) > Red River Gorge > Kentucky,https://www.mountainproject.com/route/200706164/1,0,Sport,5.9-,31,3100,37.6431,-83.71452
Middle Man,[Redacted] > White Pine Trail > Cathedral Domain > Red River Gorge > Kentucky,https://www.mountainproject.com/route/118046289/middle-man,2,Sport,5.10c,1,35,37.66399,-83.79411
Vaya Con Todos,[Redacted] > White Pine Trail > Cathedral Domain > Red River Gorge > Kentucky,https://www.mountainproject.com/route/116637712/vaya-con-todos,2,Sport,5.10d,1,40,37.66399,-83.79411
Milk Money,The Metro > White Pine Trail > Cathedral Domain > Red River Gorge > Kentucky,https://www.mountainproject.com/route/118932265/milk-money,2.4,Sport,5.8+,1,50,37.66317,-83.79358
Rabbit Hole,The Metro > White Pine Trail > Cathedral Domain > Red River Gorge > Kentucky,https://www.mountainproject.com/route/118932167/rabbit-hole,1.7,Sport,5.10-,1,50,37.66317,-83.79358
Shaming,Gypsy Camp > White Pine Trail > Cathedral Domain > Red River Gorge > Kentucky,https://www.mountainproject.com/route/118067716/shaming,2.5,Sport,5.10a,1,35,37.66289,-83.79253
Dope Sick,Gypsy Camp > White Pine Trail > Cathedral Domain > Red River Gorge > Kentucky,https://www.mountainproject.com/route/118067685/dope-sick,2.2,Sport,5.10a/b,1,45,37.66289,-83.79253
System Failure,Gypsy Camp > White Pine Trail > Cathedral Domain > Red River Gorge > Kentucky,https://www.mountainproject.com/route/118067636/system-failure,1,Sport,5.10b,1,35,37.66289,-83.79253
Sunny Side up,Gypsy Camp > White Pine Trail > Cathedral Domain > Red River Gorge > Kentucky,https://www.mountainproject.com/route/118067877/sunny-side-up,2,Sport,5.10b,1,45,37.66289,-83.79253
2 lefts aint Right,Gypsy Camp > White Pine Trail > Cathedral Domain > Red River Gorge > Kentucky,https://www.mountainproject.com/route/118067917/2-lefts-aint-right,2,Sport,5.10c,1,45,37.66289,-83.79253
Temet Nosce,Gypsy Camp > White Pine Trail > Cathedral Domain > Red River Gorge > Kentucky,https://www.mountainproject.com/route/118068026/temet-nosce,3,Sport,5.10c,1,50,37.66289,-83.79253
Grilled Cheese,Gypsy Camp > White Pine Trail > Cathedral Domain > Red River Gorge > Kentucky,https://www.mountainproject.com/route/118067669/grilled-cheese,2,Sport,5.10d,1,40,37.66289,-83.79253
Sunday Funday,Pumpkin Patch > Cathedral Domain > Red River Gorge > Kentucky,https://www.mountainproject.com/route/115788449/sunday-funday,2.1,Sport,5.8,1,45,37.6614,-83.79033
Pumpkin 3.14,Pumpkin Patch > Cathedral Domain > Red River Gorge > Kentucky,https://www.mountainproject.com/route/115788473/pumpkin-314,2.2,Sport,5.8,1,45,37.6614,-83.79033
Flying Nun,Pumpkin Patch > Cathedral Domain > Red River Gorge > Kentucky,https://www.mountainproject.com/route/115788499/flying-nun,2.7,Sport,5.9+,1,40,37.6614,-83.79033
Holly Berry,Pumpkin Patch > Cathedral Domain > Red River Gorge > Kentucky,https://www.mountainproject.com/route/116381929/holly-berry,3,Sport,5.10b,1,40,37.6614,-83.79033
Elevado,Pumpkin Patch > Cathedral Domain > Red River Gorge > Kentucky,https://www.mountainproject.com/route/116386291/elevado,2.5,Sport,5.10d,1,35,37.6614,-83.79033
Higher Ground,Patterson > Inner Loop Trail > Cathedral Domain > Red River Gorge > Kentucky,https://www.mountainproject.com/route/114446396/higher-ground,3,Sport,5.8+,1,50,37.65585,-83.79332
Butterscotch,Patterson > Inner Loop Trail > Cathedral Domain > Red River Gorge > Kentucky,https://www.mountainproject.com/route/116648887/butterscotch,2.5,Sport,5.9+,1,65,37.65585,-83.79332
The Birthing,Patterson > Inner Loop Trail > Cathedral Domain > Red River Gorge > Kentucky,https://www.mountainproject.com/route/114446365/the-birthing,3.5,Sport,5.10-,1,60,37.65585,-83.79332
Rocky Road,Patterson > Inner Loop Trail > Cathedral Domain > Red River Gorge > Kentucky,https://www.mountainproject.com/route/114446375/rocky-road,3.1,Sport,5.10b,1,60,37.65585,-83.79332
Rocky and Bullwinkle,East Coast Crag > Cathedral Domain > Red River Gorge > Kentucky,https://www.mountainproject.com/route/114212165/rocky-and-bullwinkle,2.4,Sport,5.8+,1,30,37.65543,-83.78719
A Day Late,East Coast Crag > Cathedral Domain > Red River Gorge > Kentucky,https://www.mountainproject.com/route/114212143/a-day-late,2.7,Sport,5.9,1,40,37.65543,-83.78719
Pasty White,East Coast Crag > Cathedral Domain > Red River Gorge > Kentucky,https://www.mountainproject.com/route/114212005/pasty-white,2.7,Sport,5.9+,1,35,37.65543,-83.78719
2 Pump Chump,East Coast Crag > Cathedral Domain > Red River Gorge > Kentucky,https://www.mountainproject.com/route/114211996/2-pump-chump,2.7,Sport,5.10a,1,40,37.65543,-83.78719
Never a Duhl Moment,East Coast Crag > Cathedral Domain > Red River Gorge > Kentucky,https://www.mountainproject.com/route/114212084/never-a-duhl-moment,2,Sport,5.10a,1,40,37.65543,-83.78719
6 Shooter,East Coast Crag > Cathedral Domain > Red River Gorge > Kentucky,https://www.mountainproject.com/route/119620191/6-shooter,2,Sport,5.10b,1,30,37.65543,-83.78719
Thumb Meat,East Coast Crag > Cathedral Domain > Red River Gorge > Kentucky,https://www.mountainproject.com/route/116550630/thumb-meat,2.8,Sport,5.10,1,40,37.65543,-83.78719
Crucifix,East Coast Crag > Cathedral Domain > Red River Gorge > Kentucky,https://www.mountainproject.com/route/114212159/crucifix,2,Sport,5.10b/c,1,40,37.65543,-83.78719
Card Tricks,East Coast Crag > Cathedral Domain > Red River Gorge > Kentucky,https://www.mountainproject.com/route/121492396/card-tricks,2,Sport,5.10b/c,1,40,37.65543,-83.78719
Jersey Joyride,East Coast Crag > Cathedral Domain > Red River Gorge > Kentucky,https://www.mountainproject.com/route/121492409/jersey-joyride,2,Sport,5.10+,1,45,37.65543,-83.78719
Tinder Kittens,East Coast Crag > Cathedral Domain > Red River Gorge > Kentucky,https://www.mountainproject.com/route/121492422/tinder-kittens,3,Sport,5.10+,1,45,37.65543,-83.78719
Lost,Knowhere Wall > Cathedral Domain > Red River Gorge > Kentucky,https://www.mountainproject.com/route/114311480/lost,2.2,Sport,5.8+,1,35,37.6615,-83.78843
Tunnel Vision,Knowhere Wall > Cathedral Domain > Red River Gorge > Kentucky,https://www.mountainproject.com/route/114311584/tunnel-vision,2.5,Sport,5.8+,1,45,37.6615,-83.78843
Borrowed Time,Knowhere Wall > Cathedral Domain > Red River Gorge > Kentucky,https://www.mountainproject.com/route/114311660/borrowed-time,2.5,Sport,5.9+,1,35,37.6615,-83.78843
Fudge,K9 Crag > Cathedral Domain > Red River Gorge > Kentucky,https://www.mountainproject.com/route/123224790/fudge,1.5,Sport,5.8+,1,30,37.65901,-83.78578
Stoop Dog,K9 Crag > Cathedral Domain > Red River Gorge > Kentucky,https://www.mountainproject.com/route/114446528/stoop-dog,1.9,Sport,5.9,1,40,37.65901,-83.78578
Flea Bitten Stranger,K9 Crag > Cathedral Domain > Red River Gorge > Kentucky,https://www.mountainproject.com/route/114446609/flea-bitten-stranger,3.4,Sport,5.9+,1,55,37.65901,-83.78578
In Dog Years,K9 Crag > Cathedral Domain > Red River Gorge > Kentucky,https://www.mountainproject.com/route/114446550/in-dog-years,3.1,Sport,5.10a,1,50,37.65901,-83.78578
Dawgillhunt,K9 Crag > Cathedral Domain > Red River Gorge > Kentucky,https://www.mountainproject.com/route/122898106/dawgillhunt,2,Sport,5.10b/c,1,60,37.65901,-83.78578
Adam,Eden (Far Right End) > Buzzards Roost > Cathedral Domain > Red River Gorge > Kentucky,https://www.mountainproject.com/route/114450399/adam,2.7,Sport,5.10a,1,40,37.65742,-83.79035
Eve,Eden (Far Right End) > Buzzards Roost > Cathedral Domain > Red River Gorge > Kentucky,https://www.mountainproject.com/route/114450426/eve,3.5,Sport,5.10b,1,50,37.65742,-83.79035
Deere Crossing,Ott's Wall > Buzzards Roost > Cathedral Domain > Red River Gorge > Kentucky,https://www.mountainproject.com/route/115792166/deere-crossing,1.8,Sport,5.8,1,30,37.6568,-83.7908
Ott 2,Ott's Wall > Buzzards Roost > Cathedral Domain > Red River Gorge > Kentucky,https://www.mountainproject.com/route/116071124/ott-2,1.9,Sport,5.8,1,30,37.6568,-83.7908
Outcast,Ott's Wall > Buzzards Roost > Cathedral Domain > Red River Gorge > Kentucky,https://www.mountainproject.com/route/118046232/outcast,1.7,Sport,5.8,1,30,37.6568,-83.7908
Ott Not,Ott's Wall > Buzzards Roost > Cathedral Domain > Red River Gorge > Kentucky,https://www.mountainproject.com/route/118046203/ott-not,1.8,Sport,5.8+,1,30,37.6568,-83.7908
Home Drone,Ott's Wall > Buzzards Roost > Cathedral Domain > Red River Gorge > Kentucky,https://www.mountainproject.com/route/115792188/home-drone,1.8,Sport,5.8+,1,35,37.6568,-83.7908
Whistling Dixie,Apollo Wall > Cathedral Domain > Red River Gorge > Kentucky,https://www.mountainproject.com/route/116492461/whistling-dixie,2,Sport,5.10b,1,45,37.66069,-83.78912
Disneyland,BackStreet > Cathedral Domain > Red River Gorge > Kentucky,https://www.mountainproject.com/route/121532946/disneyland,2,Sport,5.9,1,70,37.65522,-83.78679
Silver Spoon,BackStreet > Cathedral Domain > Red River Gorge > Kentucky,https://www.mountainproject.com/route/125114363/silver-spoon,3,Sport,5.10-,1,70,37.65522,-83.78679
Mic Check,BackStreet > Cathedral Domain > Red River Gorge > Kentucky,https://www.mountainproject.com/route/125114388/mic-check,3,Sport,5.10b/c,1,70,37.65522,-83.78679
2nd Wind,BackStreet > Cathedral Domain > Red River Gorge > Kentucky,https://www.mountainproject.com/route/116515874/2nd-wind,2,Sport,5.10b/c,1,40,37.65522,-83.78679
Tic Pebble,Backstreet-Left > Cathedral Domain > Red River Gorge > Kentucky,https://www.mountainproject.com/route/125114311/tic-pebble,3,Sport,5.8,1,35,37.65496,-83.78671
Stutter Step,Backstreet-Left > Cathedral Domain > Red River Gorge > Kentucky,https://www.mountainproject.com/route/125114294/stutter-step,3.3,Sport,5.9,1,40,37.65496,-83.78671
Bear Paw,Backstreet-Left > Cathedral Domain > Red River Gorge > Kentucky,https://www.mountainproject.com/route/125114147/bear-paw,3,Sport,5.10b,1,40,37.65496,-83.78671
Cup a Joe,Backstreet-Left > Cathedral Domain > Red River Gorge > Kentucky,https://www.mountainproject.com/route/125114210/cup-a-joe,3,Sport,5.10c,1,40,37.65496,-83.78671
Hope Rising,Backstreet-Right > Cathedral Domain > Red River Gorge > Kentucky,https://www.mountainproject.com/route/121390847/hope-rising,2,Sport,5.9,1,45,37.65509,-83.78747
Richardson's Reach,Backstreet-Right > Cathedral Domain > Red River Gorge > Kentucky,https://www.mountainproject.com/route/121390840/richardsons-reach,2,Sport,5.10b/c,1,50,37.65509,-83.78747
Slow Rider,The Port > Cathedral Domain > Red River Gorge > Kentucky,https://www.mountainproject.com/route/116550839/slow-rider,2,Sport,5.10a,1,45,37.65622,-83.79092
The Beacon,Light House Crag > Cathedral Domain > Red River Gorge > Kentucky,https://www.mountainproject.com/route/121532495/the-beacon,2,Sport,5.10b/c,1,25,37.65724,-83.7903
Fog Horn,Light House Crag > Cathedral Domain > Red River Gorge > Kentucky,https://www.mountainproject.com/route/116551415/fog-horn,2.5,Sport,5.10d,1,35,37.65724,-83.7903
A Shadow in the Wind,Wind Tunnel > Cathedral Domain > Red River Gorge > Kentucky,https://www.mountainproject.com/route/116551345/a-shadow-in-the-wind,1.7,Sport,5.10a,1,40,37.65596,-83.79078
ReCurve,Wind Tunnel > Cathedral Domain > Red River Gorge > Kentucky,https://www.mountainproject.com/route/116551359/recurve,0.7,Sport,5.10a,1,40,37.65596,-83.79078
Ground Zero,Wind Tunnel > Cathedral Domain > Red River Gorge > Kentucky,https://www.mountainproject.com/route/116551332/ground-zero,2,Sport,5.10d,1,35,37.65596,-83.79078
Have Mercy,Hades > Cathedral Domain > Red River Gorge > Kentucky,https://www.mountainproject.com/route/116579149/have-mercy,1.3,Sport,5.10b,1,25,37.65787,-83.79038
Spoiled,Ladder Horn Wall > Cathedral Domain > Red River Gorge > Kentucky,https://www.mountainproject.com/route/118043030/spoiled,2.7,Sport,5.10d,1,30,37.65598,-83.79357
Bull Legged,Ladder Horn Wall > Cathedral Domain > Red River Gorge > Kentucky,https://www.mountainproject.com/route/118043087/bull-legged,2.3,Sport,5.10d,1,30,37.65598,-83.79357
Cub Scout,Blue Sky > Cathedral Domain > Red River Gorge > Kentucky,https://www.mountainproject.com/route/118043929/cub-scout,2.2,Sport,5.8,1,45,37.65559,-83.79413
Bar Code,Blue Sky > Cathedral Domain > Red River Gorge > Kentucky,https://www.mountainproject.com/route/118043954/bar-code,2.2,Sport,5.8,1,40,37.65559,-83.79413
Happy Girl,Blue Sky > Cathedral Domain > Red River Gorge > Kentucky,https://www.mountainproject.com/route/118044007/happy-girl,2.4,Sport,5.8+,1,35,37.65559,-83.79413
Water to Wine,Blue Sky > Cathedral Domain > Red River Gorge > Kentucky,https://www.mountainproject.com/route/118044108/water-to-wine,2.4,Sport,5.9,1,30,37.65559,-83.79413
Paper Plate,Blue Sky > Cathedral Domain > Red River Gorge > Kentucky,https://www.mountainproject.com/route/122898430/paper-plate,2,Sport,5.9,1,25,37.65559,-83.79413
Wine to Shine,Blue Sky > Cathedral Domain > Red River Gorge > Kentucky,https://www.mountainproject.com/route/118044161/wine-to-shine,2.4,Sport,5.9+,1,30,37.65559,-83.79413
A Flower of Youth,Blue Sky > Cathedral Domain > Red River Gorge > Kentucky,https://www.mountainproject.com/route/118043896/a-flower-of-youth,2.6,Sport,5.10a,1,48,37.65559,-83.79413
Two-4-One,Blue Sky > Cathedral Domain > Red River Gorge > Kentucky,https://www.mountainproject.com/route/118044047/two-4-one,2.5,Sport,5.10b,1,35,37.65559,-83.79413
Beans N taters,Blue Sky > Cathedral Domain > Red River Gorge > Kentucky,https://www.mountainproject.com/route/122898308/beans-n-taters,2,Sport,5.10b/c,1,25,37.65559,-83.79413
Tweezer,Blue Sky > Cathedral Domain > Red River Gorge > Kentucky,https://www.mountainproject.com/route/118043864/tweezer,2.8,Sport,5.10c,1,55,37.65559,-83.79413
Better Days,Blue Sky > Cathedral Domain > Red River Gorge > Kentucky,https://www.mountainproject.com/route/118043839/better-days,2.8,Sport,5.10d,1,55,37.65559,-83.79413
Comith Alive,Moon Wall > Cathedral Domain > Red River Gorge > Kentucky,https://www.mountainproject.com/route/118064445/comith-alive,2.5,Sport,5.9,1,40,37.66246,-83.79332
Aunt Betty's Bic ups,Moon Wall > Cathedral Domain > Red River Gorge > Kentucky,https://www.mountainproject.com/route/118064457/aunt-bettys-bic-ups,2.3,Sport,5.9+,1,35,37.66246,-83.79332
Will'd Power,Moon Wall > Cathedral Domain > Red River Gorge > Kentucky,https://www.mountainproject.com/route/118067448/willd-power,3,Sport,5.10c/d,1,40,37.66246,-83.79332
Killing the Blues,Sun Wall > Cathedral Domain > Red River Gorge > Kentucky,https://www.mountainproject.com/route/118068826/killing-the-blues,3.1,Sport,5.10a,1,55,37.66276,-83.79337
Full Mac,Sun Wall > Cathedral Domain > Red River Gorge > Kentucky,https://www.mountainproject.com/route/118068917/full-mac,2.6,Sport,5.10c,1,60,37.66276,-83.79337
Orange Crush,Sun Wall > Cathedral Domain > Red River Gorge > Kentucky,https://www.mountainproject.com/route/118069077/orange-crush,2.8,Sport,5.10+,1,65,37.66276,-83.79337
Bruised Not Broken,Sun Wall > Cathedral Domain > Red River Gorge > Kentucky,https://www.mountainproject.com/route/118068981/bruised-not-broken,3,Sport,5.10d,1,60,37.66276,-83.79337
Special Tea,Sun Wall > Cathedral Domain > Red River Gorge > Kentucky,https://www.mountainproject.com/route/118069016/special-tea,3,Sport,5.10d,1,60,37.66276,-83.79337
First Light,Eastface > Cathedral Domain > Red River Gorge > Kentucky,https://www.mountainproject.com/route/121390741/first-light,0.3,Sport,5.8+,1,40,37.65554,-83.79355
Handsight,Eastface > Cathedral Domain > Red River Gorge > Kentucky,https://www.mountainproject.com/route/121390719/handsight,2.8,Sport,5.10a,1,NA,37.65554,-83.79355
Sink or Swim,Eastface > Cathedral Domain > Red River Gorge > Kentucky,https://www.mountainproject.com/route/121390707/sink-or-swim,3,Sport,5.10c,1,45,37.65554,-83.79355
Everywhere,Somewhere > Cathedral Domain > Red River Gorge > Kentucky,https://www.mountainproject.com/route/122301874/everywhere,2.7,Sport,5.8+,1,45,37.66214,-83.78698
Anywhere,Somewhere > Cathedral Domain > Red River Gorge > Kentucky,https://www.mountainproject.com/route/124736237/anywhere,2,Sport,5.9,1,45,37.66214,-83.78698
There,Somewhere > Cathedral Domain > Red River Gorge > Kentucky,https://www.mountainproject.com/route/121492176/there,2.3,Sport,5.10a,1,45,37.66214,-83.78698
Here,Somewhere > Cathedral Domain > Red River Gorge > Kentucky,https://www.mountainproject.com/route/121492146/here,1.7,Sport,5.10b/c,1,45,37.66214,-83.78698
Pulse,Lower Tier > Litter Box > Cathedral Domain > Red River Gorge > Kentucky,https://www.mountainproject.com/route/125070817/pulse,2.5,Sport,5.8,1,35,37.6561,-83.79155
LockJaw,Lower Tier > Litter Box > Cathedral Domain > Red River Gorge > Kentucky,https://www.mountainproject.com/route/125109412/lockjaw,1.5,Sport,5.10a/b,1,35,37.6561,-83.79155
Evidence of Overeating,Lower Tier > Litter Box > Cathedral Domain > Red River Gorge > Kentucky,https://www.mountainproject.com/route/125109495/evidence-of-overeating,2,Sport,5.10b/c,1,50,37.6561,-83.79155
Peace Time,Left Box > Cathedral Domain > Red River Gorge > Kentucky,https://www.mountainproject.com/route/121534580/peace-time,2,Sport,5.8,1,35,37.65608,-83.7914
Jabba,Left Box > Cathedral Domain > Red River Gorge > Kentucky,https://www.mountainproject.com/route/121536589/jabba,2,Sport,5.8,1,35,37.65608,-83.7914
Beach Front,Westside > Cathedral Domain > Red River Gorge > Kentucky,https://www.mountainproject.com/route/123400063/beach-front,0,Sport,5.8,1,35,37.65663,-83.79089
Sand Castle,Westside > Cathedral Domain > Red River Gorge > Kentucky,https://www.mountainproject.com/route/123400082/sand-castle,0,Sport,5.8,1,35,37.65663,-83.79089
Fly Bry,Westside > Cathedral Domain > Red River Gorge > Kentucky,https://www.mountainproject.com/route/123398444/fly-bry,1,Sport,5.10a,1,35,37.65663,-83.79089
City Folk,Westside > Cathedral Domain > Red River Gorge > Kentucky,https://www.mountainproject.com/route/123399527/city-folk,2,Sport,5.10c,1,40,37.65663,-83.79089
Rock Caddie,Long Wall > Northern Gorge > Red River Gorge > Kentucky,https://www.mountainproject.com/route/107195821/rock-caddie,1.4,Sport,5.10a,1,50,37.8446,-83.6686
Boom! Boom! Out Go the Lights,Long Wall > Northern Gorge > Red River Gorge > Kentucky,https://www.mountainproject.com/route/105885186/boom-boom-out-go-the-lights,2.4,Sport,5.10b,1,60,37.8446,-83.6686
Back Door to Paris,Long Wall > Northern Gorge > Red River Gorge > Kentucky,https://www.mountainproject.com/route/105891912/back-door-to-paris,2.5,Sport,5.10c,1,70,37.8446,-83.6686
Scabies,Pebble Beach > Northern Gorge > Red River Gorge > Kentucky,https://www.mountainproject.com/route/105860576/scabies,2.5,Sport,5.9+,1,40,37.8588,-83.67163
Blood Money,Pebble Beach > Northern Gorge > Red River Gorge > Kentucky,https://www.mountainproject.com/route/111146059/blood-money,1.5,Sport,5.9+,1,50,37.8588,-83.67163
Reserved Seating,Pebble Beach > Northern Gorge > Red River Gorge > Kentucky,https://www.mountainproject.com/route/105885193/reserved-seating,2.6,Sport,5.10b,1,50,37.8588,-83.67163
Ju Ju,Pebble Beach > Northern Gorge > Red River Gorge > Kentucky,https://www.mountainproject.com/route/105885386/ju-ju,2.7,Sport,5.10b,1,60,37.8588,-83.67163
Sundance,Pebble Beach > Northern Gorge > Red River Gorge > Kentucky,https://www.mountainproject.com/route/105885373/sundance,2.6,Sport,5.10,1,60,37.8588,-83.67163
Danger Mouse,Pistol Ridge > Northern Gorge > Red River Gorge > Kentucky,https://www.mountainproject.com/route/106371779/danger-mouse,2.3,Sport,5.8,1,35,37.86342,-83.67403
It's a Wonderful Life,Pistol Ridge > Northern Gorge > Red River Gorge > Kentucky,https://www.mountainproject.com/route/106371748/its-a-wonderful-life,3,Sport,5.9+ PG13,1,80,37.86342,-83.67403
Chem Studs,Pistol Ridge > Northern Gorge > Red River Gorge > Kentucky,https://www.mountainproject.com/route/106837601/chem-studs,2.2,Sport,5.10a,1,35,37.86342,-83.67403
Manic Impression,Funk Rock City > Northern Gorge > Red River Gorge > Kentucky,https://www.mountainproject.com/route/105866451/manic-impression,3.2,Sport,5.10a,1,95,37.8029,-83.5762
Funkadelic,Funk Rock City > Northern Gorge > Red River Gorge > Kentucky,https://www.mountainproject.com/route/105866459/funkadelic,2.9,Sport,5.10b,1,95,37.8029,-83.5762
Red Hot Chilli Pepper,Funk Rock City > Northern Gorge > Red River Gorge > Kentucky,https://www.mountainproject.com/route/105869231/red-hot-chilli-pepper,2.9,"Trad, Sport",5.10d,1,90,37.8029,-83.5762
Drop the Anchor,Eastern Sky Bridge Ridge > Northern Gorge > Red River Gorge > Kentucky,https://www.mountainproject.com/route/105870321/drop-the-anchor,2.1,Sport,5.9-,1,60,37.81596,-83.58104
Jack in the Pulpit,Eastern Sky Bridge Ridge > Northern Gorge > Red River Gorge > Kentucky,https://www.mountainproject.com/route/105917977/jack-in-the-pulpit,3.1,Sport,5.10d,1,70,37.81596,-83.58104
Toxic Avenger,Wall of Denial > Northern Gorge > Red River Gorge > Kentucky,https://www.mountainproject.com/route/105880984/toxic-avenger,3.1,Sport,5.10d,1,60,37.82158,-83.56031
Captain One Eye,Purple Valley > Northern Gorge > Red River Gorge > Kentucky,https://www.mountainproject.com/route/105870336/captain-one-eye,2.5,Sport,5.10a,1,70,37.90083,-83.63815
Come In Your Lycra,Purple Valley > Northern Gorge > Red River Gorge > Kentucky,https://www.mountainproject.com/route/105977711/come-in-your-lycra,3.1,Sport,5.10b,1,45,37.90083,-83.63815
5.11 Jimmy and Spike Go Craggin',Purple Valley > Northern Gorge > Red River Gorge > Kentucky,https://www.mountainproject.com/route/106176804/511-jimmy-and-spike-go-craggin,2.6,Sport,5.10b,1,40,37.90083,-83.63815
A Way of Life,Purple Valley > Northern Gorge > Red River Gorge > Kentucky,https://www.mountainproject.com/route/107717986/a-way-of-life,2.2,Sport,5.10b,1,60,37.90083,-83.63815
Coffee Talk,Purple Valley > Northern Gorge > Red River Gorge > Kentucky,https://www.mountainproject.com/route/106641255/coffee-talk,2,Sport,5.10c,1,60,37.90083,-83.63815
Face Up To That Crack,Left Flank > Northern Gorge > Red River Gorge > Kentucky,https://www.mountainproject.com/route/105860667/face-up-to-that-crack,2.7,"Trad, Sport",5.8,1,70,37.81449,-83.66388
Mr. Bungle,Left Flank > Northern Gorge > Red River Gorge > Kentucky,https://www.mountainproject.com/route/105860693/mr-bungle,2.5,Sport,5.8,1,60,37.81449,-83.66388
Brother Stair,Left Flank > Northern Gorge > Red River Gorge > Kentucky,https://www.mountainproject.com/route/105866353/brother-stair,2.1,Sport,5.9+,1,40,37.81449,-83.66388
Fast Food Christians,Left Flank > Northern Gorge > Red River Gorge > Kentucky,https://www.mountainproject.com/route/105860661/fast-food-christians,1.8,Sport,5.10a,1,NA,37.81449,-83.66388
To Defy the Laws of Tradition,Left Flank > Northern Gorge > Red River Gorge > Kentucky,https://www.mountainproject.com/route/105860648/to-defy-the-laws-of-tradition,3.3,Sport,5.10-,1,60,37.81449,-83.66388
Mercy Miss Percy,Military Wall > Northern Gorge > Red River Gorge > Kentucky,https://www.mountainproject.com/route/105870271/mercy-miss-percy,1.5,Sport,5.9,1,50,37.8159,-83.66918
Sunshine,Military Wall > Northern Gorge > Red River Gorge > Kentucky,https://www.mountainproject.com/route/105891673/sunshine,2.4,Sport,5.9,1,50,37.8159,-83.66918
Moonbeam,Military Wall > Northern Gorge > Red River Gorge > Kentucky,https://www.mountainproject.com/route/105891677/moonbeam,2.3,Sport,5.9,1,50,37.8159,-83.66918
Stay Left,Military Wall > Northern Gorge > Red River Gorge > Kentucky,https://www.mountainproject.com/route/105870266/stay-left,1.7,Sport,5.10a,1,50,37.8159,-83.66918
Danita Dolores,Military Wall > Northern Gorge > Red River Gorge > Kentucky,https://www.mountainproject.com/route/105870198/danita-dolores,2.5,Sport,5.10,1,60,37.8159,-83.66918
In the Light,Military Wall > Northern Gorge > Red River Gorge > Kentucky,https://www.mountainproject.com/route/105891681/in-the-light,2.5,Sport,5.10c,1,50,37.8159,-83.66918
Possum Lips,Military Wall > Northern Gorge > Red River Gorge > Kentucky,https://www.mountainproject.com/route/105870248/possum-lips,2.7,Sport,5.10d,1,50,37.8159,-83.66918
Lord of the Flies,Phantasia > Northern Gorge > Red River Gorge > Kentucky,https://www.mountainproject.com/route/106149032/lord-of-the-flies,2.1,Sport,5.8,1,40,37.84495,-83.64369
Creature Feature,Phantasia > Northern Gorge > Red River Gorge > Kentucky,https://www.mountainproject.com/route/105889536/creature-feature,3.2,Sport,5.9,1,70,37.84495,-83.64369
Pogue Ethics,Phantasia > Northern Gorge > Red River Gorge > Kentucky,https://www.mountainproject.com/route/106149020/pogue-ethics,3.5,Sport,5.9+,1,80,37.84495,-83.64369
Perverse Intentions,Phantasia > Northern Gorge > Red River Gorge > Kentucky,https://www.mountainproject.com/route/106727865/perverse-intentions,2.4,Sport,5.10a/b,1,40,37.84495,-83.64369
Overlord,Phantasia > Northern Gorge > Red River Gorge > Kentucky,https://www.mountainproject.com/route/106149038/overlord,2.8,Sport,5.10b,1,50,37.84495,-83.64369
Creep Show,Phantasia > Northern Gorge > Red River Gorge > Kentucky,https://www.mountainproject.com/route/105889540/creep-show,3.5,Sport,5.10d,1,70,37.84495,-83.64369
Store,Camp Store Crag > Northern Gorge > Red River Gorge > Kentucky,https://www.mountainproject.com/route/107388644/store,3.2,Sport,5.10c,1,70,37.8119,-83.58799
All Cows Eat Grass,Graining Fork Nature Preserve (a.k.a. Roadside Crag) > Natural Bridge Region > Red River Gorge > Kentucky,https://www.mountainproject.com/route/105885030/all-cows-eat-grass,2.4,Sport,5.8,1,80,37.73151,-83.65679
Valor Over Discretion,Graining Fork Nature Preserve (a.k.a. Roadside Crag) > Natural Bridge Region > Red River Gorge > Kentucky,https://www.mountainproject.com/route/106026660/valor-over-discretion,2.2,Sport,5.8,1,50,37.73151,-83.65679
Trouble Clef,Graining Fork Nature Preserve (a.k.a. Roadside Crag) > Natural Bridge Region > Red River Gorge > Kentucky,https://www.mountainproject.com/route/106227805/trouble-clef,2.5,Sport,5.9,1,80,37.73151,-83.65679
Jump For Joy,Graining Fork Nature Preserve (a.k.a. Roadside Crag) > Natural Bridge Region > Red River Gorge > Kentucky,https://www.mountainproject.com/route/105871986/jump-for-joy,2.1,Sport,5.9+,1,50,37.73151,-83.65679
Kampsight,Graining Fork Nature Preserve (a.k.a. Roadside Crag) > Natural Bridge Region > Red River Gorge > Kentucky,https://www.mountainproject.com/route/105882851/kampsight,2.7,Sport,5.9+,1,80,37.73151,-83.65679
Altered Scale,Graining Fork Nature Preserve (a.k.a. Roadside Crag) > Natural Bridge Region > Red River Gorge > Kentucky,https://www.mountainproject.com/route/106286285/altered-scale,2.1,Sport,5.9+,1,80,37.73151,-83.65679
Fadda,Graining Fork Nature Preserve (a.k.a. Roadside Crag) > Natural Bridge Region > Red River Gorge > Kentucky,https://www.mountainproject.com/route/105860751/fadda,2.2,Sport,5.10a,1,50,37.73151,-83.65679
A.W.O.L,Graining Fork Nature Preserve (a.k.a. Roadside Crag) > Natural Bridge Region > Red River Gorge > Kentucky,https://www.mountainproject.com/route/105880940/awol,2.8,Sport,5.10a,1,50,37.73151,-83.65679
Hard Left,Graining Fork Nature Preserve (a.k.a. Roadside Crag) > Natural Bridge Region > Red River Gorge > Kentucky,https://www.mountainproject.com/route/106065335/hard-left,2.7,"Trad, Sport",5.10a,1,70,37.73151,-83.65679
"You Can Tune a Piano, but You Can't Tuna Fish",Graining Fork Nature Preserve (a.k.a. Roadside Crag) > Natural Bridge Region > Red River Gorge > Kentucky,https://www.mountainproject.com/route/106286289/you-can-tune-a-piano-but-you-cant-tuna-fish,2.5,Sport,5.10b,1,60,37.73151,-83.65679
Crazyfingers,Graining Fork Nature Preserve (a.k.a. Roadside Crag) > Natural Bridge Region > Red River Gorge > Kentucky,https://www.mountainproject.com/route/105886641/crazyfingers,3,Sport,5.10c,1,50,37.73151,-83.65679
Dragonslayer,Graining Fork Nature Preserve (a.k.a. Roadside Crag) > Natural Bridge Region > Red River Gorge > Kentucky,https://www.mountainproject.com/route/105886633/dragonslayer,3.1,Sport,5.10d,1,50,37.73151,-83.65679
Pulling Pockets,Graining Fork Nature Preserve (a.k.a. Roadside Crag) > Natural Bridge Region > Red River Gorge > Kentucky,https://www.mountainproject.com/route/105893126/pulling-pockets,3.2,Sport,5.10d,1,50,37.73151,-83.65679
Just Duet,Graining Fork Nature Preserve (a.k.a. Roadside Crag) > Natural Bridge Region > Red River Gorge > Kentucky,https://www.mountainproject.com/route/106124912/just-duet,2.7,Sport,5.10d,1,70,37.73151,-83.65679
Whiteout Direct (aka Nerds),Emerald City > Natural Bridge Region > Red River Gorge > Kentucky,https://www.mountainproject.com/route/105870771/whiteout-direct-aka-nerds,2.7,Sport,5.8,1,50,37.75195,-83.66364
Diamond in the Rough,Emerald City > Natural Bridge Region > Red River Gorge > Kentucky,https://www.mountainproject.com/route/105860768/diamond-in-the-rough,3.4,Sport,5.10c,1,80,37.75195,-83.66364
Ruby Slippers,Emerald City > Natural Bridge Region > Red River Gorge > Kentucky,https://www.mountainproject.com/route/105870235/ruby-slippers,3.1,Sport,5.10d,1,70,37.75195,-83.66364
Kentucky Pinstripe,Global Village > Natural Bridge Region > Red River Gorge > Kentucky,https://www.mountainproject.com/route/105880920/kentucky-pinstripe,2.8,Sport,5.10a,1,80,37.75161,-83.65731
Loosen Up,Global Village > Natural Bridge Region > Red River Gorge > Kentucky,https://www.mountainproject.com/route/106109316/loosen-up,2.8,Sport,5.10b,1,50,37.75161,-83.65731
Dog Fight (a.k.a. Circa Man),Global Village > Natural Bridge Region > Red River Gorge > Kentucky,https://www.mountainproject.com/route/107622069/dog-fight-aka-circa-man,2.8,Sport,5.10d,1,60,37.75161,-83.65731
Dream of a Bee,Torrent Falls (Limited Access) > Natural Bridge Region > Red River Gorge > Kentucky,https://www.mountainproject.com/route/107321345/dream-of-a-bee,2.3,Sport,5.8,1,50,37.71998,-83.66294
Cordelia,Torrent Falls (Limited Access) > Natural Bridge Region > Red River Gorge > Kentucky,https://www.mountainproject.com/route/107639451/cordelia,2.3,Sport,5.8,1,50,37.71998,-83.66294
Tourist Trap,Torrent Falls (Limited Access) > Natural Bridge Region > Red River Gorge > Kentucky,https://www.mountainproject.com/route/106937723/tourist-trap,2.8,Sport,5.9,1,80,37.71998,-83.66294
"Wadcutter AKA ""Gumby Killer""",Torrent Falls (Limited Access) > Natural Bridge Region > Red River Gorge > Kentucky,https://www.mountainproject.com/route/105870283/wadcutter-aka-gumby-killer,2.6,Sport,5.9+,1,50,37.71998,-83.66294
Rest Assured,Torrent Falls (Limited Access) > Natural Bridge Region > Red River Gorge > Kentucky,https://www.mountainproject.com/route/105893133/rest-assured,2.6,Sport,5.10a,1,60,37.71998,-83.66294
Reanimator,Torrent Falls (Limited Access) > Natural Bridge Region > Red River Gorge > Kentucky,https://www.mountainproject.com/route/106937715/reanimator,2.7,Sport,5.10b,1,70,37.71998,-83.66294
Family Values,Torrent Falls (Limited Access) > Natural Bridge Region > Red River Gorge > Kentucky,https://www.mountainproject.com/route/105893136/family-values,2.3,Sport,5.10c,1,70,37.71998,-83.66294
Poopie Head,Torrent Falls (Limited Access) > Natural Bridge Region > Red River Gorge > Kentucky,https://www.mountainproject.com/route/107387489/poopie-head,2.5,Sport,5.10c,1,42,37.71998,-83.66294
Stool Sample,Torrent Falls (Limited Access) > Natural Bridge Region > Red River Gorge > Kentucky,https://www.mountainproject.com/route/108060970/stool-sample,2.2,Sport,5.10c,1,45,37.71998,-83.66294
Last Resort,Torrent Falls (Limited Access) > Natural Bridge Region > Red River Gorge > Kentucky,https://www.mountainproject.com/route/126141278/last-resort,1,Sport,5.10c,1,60,37.71998,-83.66294
Spock's Pockets,Torrent Falls (Limited Access) > Natural Bridge Region > Red River Gorge > Kentucky,https://www.mountainproject.com/route/126777412/spocks-pockets,2,Sport,5.10+,1,30,37.71998,-83.66294
Pork and Bondage,Torrent Falls (Limited Access) > Natural Bridge Region > Red River Gorge > Kentucky,https://www.mountainproject.com/route/122542030/pork-and-bondage,2.8,Sport,5.10d,1,75,37.71998,-83.66294
It's Alive,Torrent Falls (Limited Access) > Natural Bridge Region > Red River Gorge > Kentucky,https://www.mountainproject.com/route/123441051/its-alive,2,Sport,5.10d,1,55,37.71998,-83.66294
Pocket Pussy,Torrent Falls (Limited Access) > Natural Bridge Region > Red River Gorge > Kentucky,https://www.mountainproject.com/route/106290243/pocket-pussy,2.8,Sport,5.10d,1,50,37.71998,-83.66294
Put Me In The Zoo,The Old Zoo (CLOSED) > The Zoo (CLOSED) > Natural Bridge Region > Red River Gorge > Kentucky,https://www.mountainproject.com/route/105918073/put-me-in-the-zoo,2.4,Sport,5.9+,1,70,37.73201,-83.66185
Chimp,The Old Zoo (CLOSED) > The Zoo (CLOSED) > Natural Bridge Region > Red River Gorge > Kentucky,https://www.mountainproject.com/route/105918086/chimp,2.5,Sport,5.10b,1,60,37.73201,-83.66185
One Brick Shy,The Old Zoo (CLOSED) > The Zoo (CLOSED) > Natural Bridge Region > Red River Gorge > Kentucky,https://www.mountainproject.com/route/105918096/one-brick-shy,2.7,Sport,5.10c,1,80,37.73201,-83.66185
Armadillo,The Old Zoo (CLOSED) > The Zoo (CLOSED) > Natural Bridge Region > Red River Gorge > Kentucky,https://www.mountainproject.com/route/105918082/armadillo,2.7,Sport,5.10d,1,70,37.73201,-83.66185
Jailbird,The Old Zoo (CLOSED) > The Zoo (CLOSED) > Natural Bridge Region > Red River Gorge > Kentucky,https://www.mountainproject.com/route/106129055/jailbird,2.4,Sport,5.10d,1,90,37.73201,-83.66185
Gunner,Bird Cage Sector (CLOSED) > The Zoo (CLOSED) > Natural Bridge Region > Red River Gorge > Kentucky,https://www.mountainproject.com/route/111219150/gunner,2.4,Sport,5.9+,1,75,37.73375,-83.66273
Botanical Gardens,Bird Cage Sector (CLOSED) > The Zoo (CLOSED) > Natural Bridge Region > Red River Gorge > Kentucky,https://www.mountainproject.com/route/111219181/botanical-gardens,3.5,Sport,5.10a,1,95,37.73375,-83.66273
Dirty Bird,Bird Cage Sector (CLOSED) > The Zoo (CLOSED) > Natural Bridge Region > Red River Gorge > Kentucky,https://www.mountainproject.com/route/111219168/dirty-bird,3,Sport,5.10b,1,60,37.73375,-83.66273
Here Comes the Beep Beep,Bird Cage Sector (CLOSED) > The Zoo (CLOSED) > Natural Bridge Region > Red River Gorge > Kentucky,https://www.mountainproject.com/route/112798255/here-comes-the-beep-beep,2.6,Sport,5.10b,1,70,37.73375,-83.66273
Lone Coyote,Bird Cage Sector (CLOSED) > The Zoo (CLOSED) > Natural Bridge Region > Red River Gorge > Kentucky,https://www.mountainproject.com/route/111785547/lone-coyote,2,Sport,5.10c,1,75,37.73375,-83.66273
Palm Friction,Mt. Olive Rock > Southern Region Crags (Misc.) > Red River Gorge > Kentucky,https://www.mountainproject.com/route/114524097/palm-friction,2.6,Sport,5.10a,1,65,37.62897,-83.7696
Spawn,Hellcat Crag > Southern Region Crags (Misc.) > Red River Gorge > Kentucky,https://www.mountainproject.com/route/125377181/spawn,2.3,Sport,5.10b,1,45,37.62463,-83.66139
Hell Hole,Hellcat Crag > Southern Region Crags (Misc.) > Red River Gorge > Kentucky,https://www.mountainproject.com/route/125377279/hell-hole,2.8,Sport,5.10d,1,50,37.62463,-83.66139
Wampa,Ash Branch > Red River Gorge > Kentucky,https://www.mountainproject.com/route/126064665/wampa,2.4,Sport,5.8,1,42,37.71743,-83.63194
Pebble Wrestler,Ash Branch > Red River Gorge > Kentucky,https://www.mountainproject.com/route/126064970/pebble-wrestler,2.4,Sport,5.9-,1,30,37.71743,-83.63194
Harry,Ash Branch > Red River Gorge > Kentucky,https://www.mountainproject.com/route/126064577/harry,2.4,Sport,5.9,1,40,37.71743,-83.63194
The Hendersons,Ash Branch > Red River Gorge > Kentucky,https://www.mountainproject.com/route/126064610/the-hendersons,2.6,Sport,5.9,1,40,37.71743,-83.63194
Festina Lente,Ash Branch > Red River Gorge > Kentucky,https://www.mountainproject.com/route/126064987/festina-lente,2.2,Sport,5.9+,1,25,37.71743,-83.63194
Mellow Marmelade,Ash Branch > Red River Gorge > Kentucky,https://www.mountainproject.com/route/126632375/mellow-marmelade,1.2,Sport,5.9+,1,25,37.71743,-83.63194
Camp 4,Ash Branch > Red River Gorge > Kentucky,https://www.mountainproject.com/route/126502921/camp-4,2,Sport,5.9+,1,23,37.71743,-83.63194
Pepe,Ash Branch > Red River Gorge > Kentucky,https://www.mountainproject.com/route/200262327/pepe,3,Sport,5.10a,1,40,37.71743,-83.63194
They're Out There,Ash Branch > Red River Gorge > Kentucky,https://www.mountainproject.com/route/126067917/theyre-out-there,2.5,Sport,5.10a,1,40,37.71743,-83.63194
Charred Oak,Ash Branch > Red River Gorge > Kentucky,https://www.mountainproject.com/route/126068515/charred-oak,2.4,Sport,5.10a,1,40,37.71743,-83.63194
C'MON KEENAN,Ash Branch > Red River Gorge > Kentucky,https://www.mountainproject.com/route/126064953/cmon-keenan,1.8,Sport,5.10b/c,1,40,37.71743,-83.63194
Go To Bed Jared,Ash Branch > Red River Gorge > Kentucky,https://www.mountainproject.com/route/126073959/go-to-bed-jared,3,Sport,5.10c,1,45,37.71743,-83.63194
Send Pickles!!,Ash Branch > Red River Gorge > Kentucky,https://www.mountainproject.com/route/126074672/send-pickles,2.6,Sport,5.10c,1,60,37.71743,-83.63194
Brain Fart,Ash Branch > Red River Gorge > Kentucky,https://www.mountainproject.com/route/126209373/brain-fart,2,Sport,5.10d,1,NA,37.71743,-83.63194
Minnesota  Bratwurst,Ash Branch > Red River Gorge > Kentucky,https://www.mountainproject.com/route/127383164/minnesota-bratwurst,3,Sport,5.10d,1,45,37.71743,-83.63194
JR's Route,Ash Branch > Red River Gorge > Kentucky,https://www.mountainproject.com/route/126228815/jrs-route,2.2,Sport,5.10d,1,40,37.71743,-83.63194
Human Action,Ash Branch > Red River Gorge > Kentucky,https://www.mountainproject.com/route/126209394/human-action,2.3,Sport,5.10d,1,NA,37.71743,-83.63194
